gene_set,ontology,n_input_genes,n_mapped_genes,ID,Description,GeneRatio,BgRatio,pvalue,p.adjust,qvalue,geneID,Count
GWAS_Protein_Goodman,BP,550,405,GO:0009101,glycoprotein biosynthetic process,12/405,118/27694,1.7210952833864873e-7,1.2254198417711789e-4,1.1449812832634314e-4,Zm00001eb000640/Zm00001eb002220/Zm00001eb003600/Zm00001eb003610/Zm00001eb003620/Zm00001eb003630/Zm00001eb003650/Zm00001eb041280/Zm00001eb046620/Zm00001eb046630/Zm00001eb061350/Zm00001eb061380,12
GWAS_Protein_Goodman,BP,550,405,GO:0006749,glutathione metabolic process,8/405,62/27694,3.3119443951761932e-6,0.0011790522046827249,0.0011016572935533442,Zm00001eb004790/Zm00001eb021610/Zm00001eb021620/Zm00001eb021630/Zm00001eb021640/Zm00001eb021650/Zm00001eb021690/Zm00001eb021710,8
GWAS_Protein_Goodman,BP,550,405,GO:0051453,regulation of intracellular pH,5/405,26/27694,3.33222069957099e-5,0.00790847046031515,0.007389345551329353,Zm00001eb000210/Zm00001eb000570/Zm00001eb000720/Zm00001eb000750/Zm00001eb033240,5
GWAS_Protein_Goodman,MF,550,405,GO:0015386,potassium:proton antiporter activity,4/405,17/27694,9.223348007899351e-5,0.016417559454060846,0.015339884055243131,Zm00001eb000720/Zm00001eb000750/Zm00001eb002040/Zm00001eb033240,4
GWAS_Protein_Goodman,MF,550,405,GO:0004364,glutathione transferase activity,7/405,84/27694,2.3381819423527666e-4,0.0332957108591034,0.031110126054041013,Zm00001eb021610/Zm00001eb021620/Zm00001eb021630/Zm00001eb021640/Zm00001eb021650/Zm00001eb021690/Zm00001eb021710,7
GWAS_Protein_Goodman,BP,550,405,GO:0006271,DNA strand elongation involved in DNA replication,3/405,16/27694,0.0015089539122309355,0.1680695156237234,0.15703715830010823,Zm00001eb002150/Zm00001eb002170/Zm00001eb028400,3
GWAS_Protein_Goodman,CC,550,405,GO:0005829,cytosol,27/405,994/27694,0.0016523688333793033,0.1680695156237234,0.15703715830010823,Zm00001eb000700/Zm00001eb000710/Zm00001eb000760/Zm00001eb002180/Zm00001eb005630/Zm00001eb007750/Zm00001eb008970/Zm00001eb017590/Zm00001eb018110/Zm00001eb018130/Zm00001eb021610/Zm00001eb021620/Zm00001eb021640/Zm00001eb021690/Zm00001eb021710/Zm00001eb025130/Zm00001eb026350/Zm00001eb028810/Zm00001eb031340/Zm00001eb037680/Zm00001eb037690/Zm00001eb039560/Zm00001eb039590/Zm00001eb045690/Zm00001eb056500/Zm00001eb056510/Zm00001eb063690,27
GWAS_Protein_Goodman,CC,550,405,GO:0000139,Golgi membrane,18/405,568/27694,0.0019439564233530407,0.17301212167842062,0.16165532362620022,Zm00001eb000640/Zm00001eb003600/Zm00001eb003610/Zm00001eb003620/Zm00001eb003630/Zm00001eb003650/Zm00001eb005370/Zm00001eb015760/Zm00001eb022820/Zm00001eb028390/Zm00001eb029710/Zm00001eb030720/Zm00001eb041280/Zm00001eb046620/Zm00001eb046630/Zm00001eb047650/Zm00001eb061350/Zm00001eb061380,18
GWAS_Protein_Goodman,MF,550,405,GO:0044183,protein folding chaperone,5/405,65/27694,0.0026257655927465723,0.20772723355950662,0.19409167890243667,Zm00001eb012470/Zm00001eb012510/Zm00001eb017830/Zm00001eb029200/Zm00001eb029690,5
GWAS_Protein_Goodman,MF,550,405,GO:0015145,monosaccharide transmembrane transporter activity,3/405,21/27694,0.003394880502784788,0.20999004819792227,0.19620595869468785,Zm00001eb000240/Zm00001eb008810/Zm00001eb047630,3
GWAS_Protein_Goodman,BP,550,405,GO:0042026,protein refolding,5/405,70/27694,0.0036261263425363638,0.20999004819792227,0.19620595869468785,Zm00001eb009060/Zm00001eb012470/Zm00001eb012510/Zm00001eb018130/Zm00001eb029200,5
GWAS_Protein_Goodman,BP,550,405,GO:0006538,L-glutamate catabolic process,2/405,7/27694,0.00426756999253926,0.20999004819792227,0.19620595869468785,Zm00001eb037690/Zm00001eb060520,2
GWAS_Protein_Goodman,CC,550,405,GO:0031012,extracellular matrix,2/405,7/27694,0.00426756999253926,0.20999004819792227,0.19620595869468785,Zm00001eb040290/Zm00001eb040300,2
GWAS_Protein_Goodman,BP,550,405,GO:0009637,response to blue light,3/405,23/27694,0.004423947644619149,0.20999004819792227,0.19620595869468785,Zm00001eb001860/Zm00001eb015770/Zm00001eb031340,3
GWAS_Protein_Goodman,BP,550,405,GO:0015749,monosaccharide transmembrane transport,3/405,23/27694,0.004423947644619149,0.20999004819792227,0.19620595869468785,Zm00001eb000240/Zm00001eb008810/Zm00001eb047630,3
GWAS_Protein_Goodman,BP,550,405,GO:0030488,tRNA methylation,3/405,24/27694,0.005001687080012313,0.22257507506054794,0.20796488385314355,Zm00001eb000190/Zm00001eb004570/Zm00001eb007700,3
GWAS_Protein_Goodman,BP,550,405,GO:0009615,response to virus,2/405,8/27694,0.00563522024685713,0.22484057509490707,0.21008167276756542,Zm00001eb012470/Zm00001eb029200,2
GWAS_Protein_Goodman,MF,550,405,GO:0031072,heat shock protein binding,4/405,49/27694,0.005684171842286976,0.22484057509490707,0.21008167276756542,Zm00001eb009060/Zm00001eb012470/Zm00001eb012510/Zm00001eb029200,4
GWAS_Protein_Goodman,MF,550,405,GO:0003700,DNA-binding transcription factor activity,34/405,1476/27694,0.006232098915908508,0.23353970674351882,0.2182097792162979,Zm00001eb000690/Zm00001eb002010/Zm00001eb002310/Zm00001eb002350/Zm00001eb004590/Zm00001eb004670/Zm00001eb005020/Zm00001eb005380/Zm00001eb005650/Zm00001eb005690/Zm00001eb007330/Zm00001eb007340/Zm00001eb007350/Zm00001eb007360/Zm00001eb007370/Zm00001eb007390/Zm00001eb007400/Zm00001eb007410/Zm00001eb007420/Zm00001eb007430/Zm00001eb015750/Zm00001eb020850/Zm00001eb023780/Zm00001eb028530/Zm00001eb028820/Zm00001eb029390/Zm00001eb030990/Zm00001eb031690/Zm00001eb037730/Zm00001eb038660/Zm00001eb039810/Zm00001eb040530/Zm00001eb041290/Zm00001eb041310,34
GWAS_Protein_Goodman,BP,550,405,GO:0016973,poly(A)+ mRNA export from nucleus,2/405,9/27694,0.007175497514937121,0.25544771153176155,0.23867970681264525,Zm00001eb004400/Zm00001eb016760,2
GWAS_Protein_Goodman,MF,550,405,GO:0030145,manganese ion binding,5/405,84/27694,0.00784029452984704,0.2658233192976711,0.24837424275004158,Zm00001eb015770/Zm00001eb028570/Zm00001eb030970/Zm00001eb040290/Zm00001eb040300,5
GWAS_Protein_Goodman,BP,550,405,GO:0010305,leaf vascular tissue pattern formation,2/405,10/27694,0.008883085558326245,0.2874889507967403,0.26861770683551134,Zm00001eb028720/Zm00001eb061370,2
GWAS_Protein_Goodman,BP,550,405,GO:0010087,phloem or xylem histogenesis,2/405,11/27694,0.01075278604363258,0.31899931929443326,0.29805968331472765,Zm00001eb003660/Zm00001eb028720,2
GWAS_Protein_Goodman,MF,550,405,GO:0031176,"endo-1,4-beta-xylanase activity",2/405,11/27694,0.01075278604363258,0.31899931929443326,0.29805968331472765,Zm00001eb007740/Zm00001eb027580,2
GWAS_Protein_Goodman,CC,550,405,GO:0005905,clathrin-coated pit,3/405,32/27694,0.01124690489481009,0.32031185140419133,0.2992860586745253,Zm00001eb000860/Zm00001eb012390/Zm00001eb037740,3
GWAS_Protein_Goodman,CC,550,405,GO:0009941,chloroplast envelope,4/405,61/27694,0.012215767948213952,0.3249648416573023,0.30363361905294944,Zm00001eb002040/Zm00001eb014810/Zm00001eb025140/Zm00001eb025160,4
GWAS_Protein_Goodman,MF,550,405,GO:0016405,CoA-ligase activity,2/405,12/27694,0.012779516244950091,0.3249648416573023,0.30363361905294944,Zm00001eb002570/Zm00001eb040790,2
GWAS_Protein_Goodman,MF,550,405,GO:0043023,ribosomal large subunit binding,2/405,12/27694,0.012779516244950091,0.3249648416573023,0.30363361905294944,Zm00001eb024450/Zm00001eb037680,2
GWAS_Protein_Goodman,BP,550,405,GO:0015937,coenzyme A biosynthetic process,2/405,13/27694,0.014958306788003618,0.3309857163112335,0.3092592736675038,Zm00001eb005060/Zm00001eb041190,2
GWAS_Protein_Goodman,MF,550,405,GO:0008553,P-type proton-exporting transporter activity,2/405,14/27694,0.01728429943528992,0.3309857163112335,0.3092592736675038,Zm00001eb000210/Zm00001eb000570,2
GWAS_Protein_Goodman,MF,550,405,GO:0015144,carbohydrate transmembrane transporter activity,3/405,39/27694,0.019228914386144404,0.3309857163112335,0.3092592736675038,Zm00001eb000240/Zm00001eb008810/Zm00001eb047630,3
GWAS_Protein_Goodman,BP,550,405,GO:0010114,response to red light,2/405,16/27694,0.022359000768541498,0.3309857163112335,0.3092592736675038,Zm00001eb014810/Zm00001eb031340,2
GWAS_Protein_Goodman,BP,550,405,GO:0072583,clathrin-dependent endocytosis,3/405,43/27694,0.02488391035382721,0.3309857163112335,0.3092592736675038,Zm00001eb000860/Zm00001eb012390/Zm00001eb037740,3
GWAS_Protein_Goodman,BP,550,405,GO:0009793,embryo development ending in seed dormancy,2/405,17/27694,0.025098529289416634,0.3309857163112335,0.3092592736675038,Zm00001eb037700/Zm00001eb061370,2
GWAS_Protein_Goodman,BP,550,405,GO:0006396,RNA processing,6/405,154/27694,0.02607010551113479,0.3309857163112335,0.3092592736675038,Zm00001eb000190/Zm00001eb014810/Zm00001eb014820/Zm00001eb030980/Zm00001eb045730/Zm00001eb062000,6
GWAS_Protein_Goodman,MF,550,405,GO:0003727,single-stranded RNA binding,2/405,18/27694,0.027966895430372896,0.3309857163112335,0.3092592736675038,Zm00001eb004370/Zm00001eb014810,2
GWAS_Protein_Goodman,CC,550,405,GO:0005765,lysosomal membrane,2/405,18/27694,0.027966895430372896,0.3309857163112335,0.3092592736675038,Zm00001eb007810/Zm00001eb029720,2
GWAS_Protein_Goodman,MF,550,405,GO:0101005,deubiquitinase activity,2/405,18/27694,0.027966895430372896,0.3309857163112335,0.3092592736675038,Zm00001eb000220/Zm00001eb021890,2
GWAS_Protein_Goodman,MF,550,405,GO:0030246,carbohydrate binding,7/405,202/27694,0.029647174962802728,0.3309857163112335,0.3092592736675038,Zm00001eb004410/Zm00001eb005030/Zm00001eb008780/Zm00001eb028010/Zm00001eb039820/Zm00001eb061350/Zm00001eb061380,7
GWAS_Protein_Goodman,BP,550,405,GO:0070475,rRNA base methylation,2/405,19/27694,0.030959764800567082,0.3309857163112335,0.3092592736675038,Zm00001eb007700/Zm00001eb017470,2
GWAS_Protein_Goodman,MF,550,405,GO:0005385,zinc ion transmembrane transporter activity,2/405,20/27694,0.034072901678645504,0.3309857163112335,0.3092592736675038,Zm00001eb019840/Zm00001eb041980,2
GWAS_Protein_Goodman,CC,550,405,GO:0043625,delta DNA polymerase complex,2/405,20/27694,0.034072901678645504,0.3309857163112335,0.3092592736675038,Zm00001eb002150/Zm00001eb002170,2
GWAS_Protein_Goodman,BP,550,405,GO:0042545,cell wall modification,3/405,49/27694,0.03486039769899632,0.3309857163112335,0.3092592736675038,Zm00001eb011270/Zm00001eb028580/Zm00001eb040760,3
GWAS_Protein_Goodman,BP,550,405,GO:0006665,sphingolipid metabolic process,3/405,50/27694,0.036695629157913516,0.3309857163112335,0.3092592736675038,Zm00001eb001870/Zm00001eb023770/Zm00001eb028390,3
GWAS_Protein_Goodman,BP,550,405,GO:0071805,potassium ion transmembrane transport,4/405,86/27694,0.03752682937881359,0.3309857163112335,0.3092592736675038,Zm00001eb000720/Zm00001eb000750/Zm00001eb002040/Zm00001eb033240,4
GWAS_Protein_Goodman,BP,550,405,GO:0016114,terpenoid biosynthetic process,3/405,52/27694,0.040511806932082894,0.3309857163112335,0.3092592736675038,Zm00001eb016730/Zm00001eb017640/Zm00001eb020070,3
GWAS_Protein_Goodman,MF,550,405,GO:0010333,terpene synthase activity,3/405,53/27694,0.042492151059542065,0.3309857163112335,0.3092592736675038,Zm00001eb016730/Zm00001eb017640/Zm00001eb020070,3
GWAS_Protein_Goodman,MF,550,405,GO:0000064,L-ornithine transmembrane transporter activity,1/405,3/27694,0.043235391312909655,0.3309857163112335,0.3092592736675038,Zm00001eb024460,1
GWAS_Protein_Goodman,BP,550,405,GO:0000256,allantoin catabolic process,1/405,3/27694,0.043235391312909655,0.3309857163112335,0.3092592736675038,Zm00001eb030970,1
GWAS_Protein_Goodman,MF,550,405,GO:0004150,dihydroneopterin aldolase activity,1/405,3/27694,0.043235391312909655,0.3309857163112335,0.3092592736675038,Zm00001eb039830,1
GWAS_Protein_Goodman,MF,550,405,GO:0004353,glutamate dehydrogenase [NAD(P)+] activity,1/405,3/27694,0.043235391312909655,0.3309857163112335,0.3092592736675038,Zm00001eb060520,1
GWAS_Protein_Goodman,MF,550,405,GO:0004633,phosphopantothenoylcysteine decarboxylase activity,1/405,3/27694,0.043235391312909655,0.3309857163112335,0.3092592736675038,Zm00001eb005060,1
GWAS_Protein_Goodman,MF,550,405,GO:0004760,L-serine-pyruvate transaminase activity,1/405,3/27694,0.043235391312909655,0.3309857163112335,0.3092592736675038,Zm00001eb034320,1
GWAS_Protein_Goodman,BP,550,405,GO:0006784,heme A biosynthetic process,1/405,3/27694,0.043235391312909655,0.3309857163112335,0.3092592736675038,Zm00001eb005400,1
GWAS_Protein_Goodman,MF,550,405,GO:0008179,adenylate cyclase binding,1/405,3/27694,0.043235391312909655,0.3309857163112335,0.3092592736675038,Zm00001eb040800,1
GWAS_Protein_Goodman,MF,550,405,GO:0008428,ribonuclease inhibitor activity,1/405,3/27694,0.043235391312909655,0.3309857163112335,0.3092592736675038,Zm00001eb014810,1
GWAS_Protein_Goodman,BP,550,405,GO:0010265,SCF complex assembly,1/405,3/27694,0.043235391312909655,0.3309857163112335,0.3092592736675038,Zm00001eb006600,1
GWAS_Protein_Goodman,CC,550,405,GO:0010319,stromule,1/405,3/27694,0.043235391312909655,0.3309857163112335,0.3092592736675038,Zm00001eb042530,1
GWAS_Protein_Goodman,BP,550,405,GO:0010406,classical arabinogalactan protein metabolic process,1/405,3/27694,0.043235391312909655,0.3309857163112335,0.3092592736675038,Zm00001eb007800,1
GWAS_Protein_Goodman,MF,550,405,GO:0016813,"hydrolase activity, acting on carbon-nitrogen (but not peptide) bonds, in linear amidines",1/405,3/27694,0.043235391312909655,0.3309857163112335,0.3092592736675038,Zm00001eb030970,1
GWAS_Protein_Goodman,BP,550,405,GO:0019265,"glycine biosynthetic process, by transamination of glyoxylate",1/405,3/27694,0.043235391312909655,0.3309857163112335,0.3092592736675038,Zm00001eb034320,1
GWAS_Protein_Goodman,BP,550,405,GO:0031348,negative regulation of defense response,1/405,3/27694,0.043235391312909655,0.3309857163112335,0.3092592736675038,Zm00001eb045680,1
GWAS_Protein_Goodman,BP,550,405,GO:0034059,response to anoxia,1/405,3/27694,0.043235391312909655,0.3309857163112335,0.3092592736675038,Zm00001eb056510,1
GWAS_Protein_Goodman,BP,550,405,GO:0042127,regulation of cell population proliferation,1/405,3/27694,0.043235391312909655,0.3309857163112335,0.3092592736675038,Zm00001eb001860,1
GWAS_Protein_Goodman,BP,550,405,GO:0045930,negative regulation of mitotic cell cycle,1/405,3/27694,0.043235391312909655,0.3309857163112335,0.3092592736675038,Zm00001eb020850,1
GWAS_Protein_Goodman,CC,550,405,GO:0055087,Ski complex,1/405,3/27694,0.043235391312909655,0.3309857163112335,0.3092592736675038,Zm00001eb022830,1
GWAS_Protein_Goodman,MF,550,405,GO:0061522,"1,4-dihydroxy-2-naphthoyl-CoA thioesterase activity",1/405,3/27694,0.043235391312909655,0.3309857163112335,0.3092592736675038,Zm00001eb033120,1
GWAS_Protein_Goodman,CC,550,405,GO:0070985,transcription factor TFIIK complex,1/405,3/27694,0.043235391312909655,0.3309857163112335,0.3092592736675038,Zm00001eb056480,1
GWAS_Protein_Goodman,BP,550,405,GO:0071470,cellular response to osmotic stress,1/405,3/27694,0.043235391312909655,0.3309857163112335,0.3092592736675038,Zm00001eb020860,1
GWAS_Protein_Goodman,CC,550,405,GO:0071513,phosphopantothenoylcysteine decarboxylase complex,1/405,3/27694,0.043235391312909655,0.3309857163112335,0.3092592736675038,Zm00001eb005060,1
GWAS_Protein_Goodman,MF,550,405,GO:0090599,alpha-glucosidase activity,1/405,3/27694,0.043235391312909655,0.3309857163112335,0.3092592736675038,Zm00001eb008780,1
GWAS_Protein_Goodman,MF,550,405,GO:0140327,flippase activity,1/405,3/27694,0.043235391312909655,0.3309857163112335,0.3092592736675038,Zm00001eb042570,1
GWAS_Protein_Goodman,MF,550,405,GO:0000175,3'-5'-RNA exonuclease activity,2/405,23/27694,0.044092999547260266,0.3309857163112335,0.3092592736675038,Zm00001eb002260/Zm00001eb004370,2
GWAS_Protein_Goodman,MF,550,405,GO:0005545,1-phosphatidylinositol binding,2/405,23/27694,0.044092999547260266,0.3309857163112335,0.3092592736675038,Zm00001eb012390/Zm00001eb037740,2
GWAS_Protein_Goodman,MF,550,405,GO:0032050,clathrin heavy chain binding,2/405,23/27694,0.044092999547260266,0.3309857163112335,0.3092592736675038,Zm00001eb012390/Zm00001eb037740,2
GWAS_Protein_Goodman,BP,550,405,GO:0045493,xylan catabolic process,2/405,23/27694,0.044092999547260266,0.3309857163112335,0.3092592736675038,Zm00001eb007740/Zm00001eb027580,2
GWAS_Protein_Goodman,BP,550,405,GO:0048268,clathrin coat assembly,2/405,23/27694,0.044092999547260266,0.3309857163112335,0.3092592736675038,Zm00001eb012390/Zm00001eb037740,2
GWAS_Protein_Goodman,MF,550,405,GO:0000049,tRNA binding,3/405,55/27694,0.046595670544849005,0.3309857163112335,0.3092592736675038,Zm00001eb005670/Zm00001eb007750/Zm00001eb007760,3
GWAS_Protein_Goodman,BP,550,405,GO:0045489,pectin biosynthetic process,2/405,24/27694,0.047646755226101026,0.3309857163112335,0.3092592736675038,Zm00001eb015760/Zm00001eb029710,2
GWAS_Protein_Goodman,MF,550,405,GO:0070006,metalloaminopeptidase activity,2/405,24/27694,0.047646755226101026,0.3309857163112335,0.3092592736675038,Zm00001eb028570/Zm00001eb042130,2
GWAS_Protein_Goodman,BP,550,405,GO:0015711,organic anion transport,2/405,25/27694,0.051301012931477756,0.3309857163112335,0.3092592736675038,Zm00001eb006900/Zm00001eb006910,2
GWAS_Protein_Goodman,BP,550,405,GO:0046246,terpene biosynthetic process,2/405,25/27694,0.051301012931477756,0.3309857163112335,0.3092592736675038,Zm00001eb016730/Zm00001eb020070,2
GWAS_Protein_Goodman,BP,550,405,GO:0071577,zinc ion transmembrane transport,2/405,25/27694,0.051301012931477756,0.3309857163112335,0.3092592736675038,Zm00001eb019840/Zm00001eb041980,2
GWAS_Protein_Goodman,CC,550,405,GO:0005802,trans-Golgi network,3/405,59/27694,0.055363301103978295,0.3309857163112335,0.3092592736675038,Zm00001eb028390/Zm00001eb030710/Zm00001eb063700,3
GWAS_Protein_Goodman,BP,550,405,GO:0000719,photoreactive repair,1/405,4/27694,0.057228734511720614,0.3309857163112335,0.3092592736675038,Zm00001eb026960,1
GWAS_Protein_Goodman,MF,550,405,GO:0004140,dephospho-CoA kinase activity,1/405,4/27694,0.057228734511720614,0.3309857163112335,0.3092592736675038,Zm00001eb041190,1
GWAS_Protein_Goodman,MF,550,405,GO:0004318,enoyl-[acyl-carrier-protein] reductase (NADH) activity,1/405,4/27694,0.057228734511720614,0.3309857163112335,0.3092592736675038,Zm00001eb028240,1
GWAS_Protein_Goodman,CC,550,405,GO:0005846,nuclear cap binding complex,1/405,4/27694,0.057228734511720614,0.3309857163112335,0.3092592736675038,Zm00001eb016670,1
GWAS_Protein_Goodman,BP,550,405,GO:0007346,regulation of mitotic cell cycle,1/405,4/27694,0.057228734511720614,0.3309857163112335,0.3092592736675038,Zm00001eb012500,1
GWAS_Protein_Goodman,CC,550,405,GO:0009526,plastid envelope,1/405,4/27694,0.057228734511720614,0.3309857163112335,0.3092592736675038,Zm00001eb020860,1
GWAS_Protein_Goodman,BP,550,405,GO:0010118,stomatal movement,1/405,4/27694,0.057228734511720614,0.3309857163112335,0.3092592736675038,Zm00001eb015770,1
GWAS_Protein_Goodman,MF,550,405,GO:0016285,alanyl aminopeptidase activity,1/405,4/27694,0.057228734511720614,0.3309857163112335,0.3092592736675038,Zm00001eb042130,1
GWAS_Protein_Goodman,MF,550,405,GO:0016432,tRNA-uridine aminocarboxypropyltransferase activity,1/405,4/27694,0.057228734511720614,0.3309857163112335,0.3092592736675038,Zm00001eb026290,1
GWAS_Protein_Goodman,MF,550,405,GO:0016972,thiol oxidase activity,1/405,4/27694,0.057228734511720614,0.3309857163112335,0.3092592736675038,Zm00001eb007440,1
GWAS_Protein_Goodman,CC,550,405,GO:0030122,AP-2 adaptor complex,1/405,4/27694,0.057228734511720614,0.3309857163112335,0.3092592736675038,Zm00001eb000860,1
GWAS_Protein_Goodman,BP,550,405,GO:0033539,fatty acid beta-oxidation using acyl-CoA dehydrogenase,1/405,4/27694,0.057228734511720614,0.3309857163112335,0.3092592736675038,Zm00001eb063680,1
GWAS_Protein_Goodman,BP,550,405,GO:0042256,cytosolic ribosome assembly,1/405,4/27694,0.057228734511720614,0.3309857163112335,0.3092592736675038,Zm00001eb037680,1
GWAS_Protein_Goodman,BP,550,405,GO:0044208,'de novo' AMP biosynthetic process,1/405,4/27694,0.057228734511720614,0.3309857163112335,0.3092592736675038,Zm00001eb005660,1
GWAS_Protein_Goodman,BP,550,405,GO:0071365,cellular response to auxin stimulus,1/405,4/27694,0.057228734511720614,0.3309857163112335,0.3092592736675038,Zm00001eb030680,1
GWAS_Protein_Goodman,BP,550,405,GO:0090615,mitochondrial mRNA processing,1/405,4/27694,0.057228734511720614,0.3309857163112335,0.3092592736675038,Zm00001eb004560,1
GWAS_Protein_Goodman,CC,550,405,GO:0101031,protein folding chaperone complex,1/405,4/27694,0.057228734511720614,0.3309857163112335,0.3092592736675038,Zm00001eb029690,1
GWAS_Protein_Goodman,MF,550,405,GO:0140101,"catalytic activity, acting on a tRNA",1/405,4/27694,0.057228734511720614,0.3309857163112335,0.3092592736675038,Zm00001eb016720,1
GWAS_Protein_Goodman,MF,550,405,GO:0141052,histone H3 demethylase activity,1/405,4/27694,0.057228734511720614,0.3309857163112335,0.3092592736675038,Zm00001eb025020,1
GWAS_Protein_Goodman,BP,550,405,GO:0008033,tRNA processing,4/405,99/27694,0.05756937065214292,0.3309857163112335,0.3092592736675038,Zm00001eb004570/Zm00001eb005670/Zm00001eb007750/Zm00001eb026290,4
GWAS_Protein_Goodman,MF,550,405,GO:0008173,RNA methyltransferase activity,2/405,27/27694,0.05889638670960375,0.3309857163112335,0.3092592736675038,Zm00001eb000190/Zm00001eb007700,2
GWAS_Protein_Goodman,MF,550,405,GO:0016627,"oxidoreductase activity, acting on the CH-CH group of donors",2/405,27/27694,0.05889638670960375,0.3309857163112335,0.3092592736675038,Zm00001eb020570/Zm00001eb020590,2
GWAS_Protein_Goodman,BP,550,405,GO:0032968,positive regulation of transcription elongation by RNA polymerase II,2/405,28/27694,0.06283039163088983,0.3309857163112335,0.3092592736675038,Zm00001eb016770/Zm00001eb040540,2
GWAS_Protein_Goodman,CC,550,405,GO:0019005,SCF ubiquitin ligase complex,3/405,64/27694,0.06733776638613607,0.3309857163112335,0.3092592736675038,Zm00001eb006610/Zm00001eb008130/Zm00001eb012500,3
GWAS_Protein_Goodman,CC,550,405,GO:0000176,nuclear exosome (RNase complex),2/405,30/27694,0.07095388003299478,0.3309857163112335,0.3092592736675038,Zm00001eb002260/Zm00001eb004370,2
GWAS_Protein_Goodman,MF,550,405,GO:0047262,polygalacturonate 4-alpha-galacturonosyltransferase activity,2/405,30/27694,0.07095388003299478,0.3309857163112335,0.3092592736675038,Zm00001eb015760/Zm00001eb029710,2
GWAS_Protein_Goodman,MF,550,405,GO:0000339,RNA cap binding,1/405,5/27694,0.0710179133677249,0.3309857163112335,0.3092592736675038,Zm00001eb016670,1
GWAS_Protein_Goodman,BP,550,405,GO:0001659,temperature homeostasis,1/405,5/27694,0.0710179133677249,0.3309857163112335,0.3092592736675038,Zm00001eb031340,1
GWAS_Protein_Goodman,MF,550,405,GO:0004134,4-alpha-glucanotransferase activity,1/405,5/27694,0.0710179133677249,0.3309857163112335,0.3092592736675038,Zm00001eb002650,1
GWAS_Protein_Goodman,MF,550,405,GO:0004351,glutamate decarboxylase activity,1/405,5/27694,0.0710179133677249,0.3309857163112335,0.3092592736675038,Zm00001eb037690,1
GWAS_Protein_Goodman,BP,550,405,GO:0006536,glutamate metabolic process,1/405,5/27694,0.0710179133677249,0.3309857163112335,0.3092592736675038,Zm00001eb037690,1
GWAS_Protein_Goodman,BP,550,405,GO:0006545,glycine biosynthetic process,1/405,5/27694,0.0710179133677249,0.3309857163112335,0.3092592736675038,Zm00001eb017590,1
GWAS_Protein_Goodman,BP,550,405,GO:0006567,L-threonine catabolic process,1/405,5/27694,0.0710179133677249,0.3309857163112335,0.3092592736675038,Zm00001eb017590,1
GWAS_Protein_Goodman,MF,550,405,GO:0008477,purine nucleosidase activity,1/405,5/27694,0.0710179133677249,0.3309857163112335,0.3092592736675038,Zm00001eb039560,1
GWAS_Protein_Goodman,MF,550,405,GO:0008732,L-allo-threonine aldolase activity,1/405,5/27694,0.0710179133677249,0.3309857163112335,0.3092592736675038,Zm00001eb017590,1
GWAS_Protein_Goodman,BP,550,405,GO:0009249,protein lipoylation,1/405,5/27694,0.0710179133677249,0.3309857163112335,0.3092592736675038,Zm00001eb030760,1
GWAS_Protein_Goodman,BP,550,405,GO:0009937,regulation of gibberellic acid mediated signaling pathway,1/405,5/27694,0.0710179133677249,0.3309857163112335,0.3092592736675038,Zm00001eb008130,1
GWAS_Protein_Goodman,BP,550,405,GO:0009956,radial pattern formation,1/405,5/27694,0.0710179133677249,0.3309857163112335,0.3092592736675038,Zm00001eb020850,1
GWAS_Protein_Goodman,BP,550,405,GO:0010037,response to carbon dioxide,1/405,5/27694,0.0710179133677249,0.3309857163112335,0.3092592736675038,Zm00001eb015770,1
GWAS_Protein_Goodman,BP,550,405,GO:0010928,regulation of auxin mediated signaling pathway,1/405,5/27694,0.0710179133677249,0.3309857163112335,0.3092592736675038,Zm00001eb030680,1
GWAS_Protein_Goodman,BP,550,405,GO:0030091,protein repair,1/405,5/27694,0.0710179133677249,0.3309857163112335,0.3092592736675038,Zm00001eb017600,1
GWAS_Protein_Goodman,BP,550,405,GO:0032434,regulation of proteasomal ubiquitin-dependent protein catabolic process,1/405,5/27694,0.0710179133677249,0.3309857163112335,0.3092592736675038,Zm00001eb001890,1
GWAS_Protein_Goodman,BP,550,405,GO:0032436,positive regulation of proteasomal ubiquitin-dependent protein catabolic process,1/405,5/27694,0.0710179133677249,0.3309857163112335,0.3092592736675038,Zm00001eb001890,1
GWAS_Protein_Goodman,CC,550,405,GO:0034399,nuclear periphery,1/405,5/27694,0.0710179133677249,0.3309857163112335,0.3092592736675038,Zm00001eb000170,1
GWAS_Protein_Goodman,BP,550,405,GO:0035336,long-chain fatty-acyl-CoA metabolic process,1/405,5/27694,0.0710179133677249,0.3309857163112335,0.3092592736675038,Zm00001eb039570,1
GWAS_Protein_Goodman,BP,550,405,GO:0036265,RNA (guanine-N7)-methylation,1/405,5/27694,0.0710179133677249,0.3309857163112335,0.3092592736675038,Zm00001eb004570,1
GWAS_Protein_Goodman,BP,550,405,GO:0042454,ribonucleoside catabolic process,1/405,5/27694,0.0710179133677249,0.3309857163112335,0.3092592736675038,Zm00001eb039560,1
GWAS_Protein_Goodman,BP,550,405,GO:0043171,peptide catabolic process,1/405,5/27694,0.0710179133677249,0.3309857163112335,0.3092592736675038,Zm00001eb042130,1
GWAS_Protein_Goodman,MF,550,405,GO:0045437,uridine nucleosidase activity,1/405,5/27694,0.0710179133677249,0.3309857163112335,0.3092592736675038,Zm00001eb039560,1
GWAS_Protein_Goodman,MF,550,405,GO:0047724,inosine nucleosidase activity,1/405,5/27694,0.0710179133677249,0.3309857163112335,0.3092592736675038,Zm00001eb039560,1
GWAS_Protein_Goodman,BP,550,405,GO:0051781,positive regulation of cell division,1/405,5/27694,0.0710179133677249,0.3309857163112335,0.3092592736675038,Zm00001eb037700,1
GWAS_Protein_Goodman,BP,550,405,GO:0071244,cellular response to carbon dioxide,1/405,5/27694,0.0710179133677249,0.3309857163112335,0.3092592736675038,Zm00001eb031340,1
GWAS_Protein_Goodman,MF,550,405,GO:0080019,alcohol-forming very long-chain fatty acyl-CoA reductase activity,1/405,5/27694,0.0710179133677249,0.3309857163112335,0.3092592736675038,Zm00001eb039570,1
GWAS_Protein_Goodman,BP,550,405,GO:0080027,response to herbivore,1/405,5/27694,0.0710179133677249,0.3309857163112335,0.3092592736675038,Zm00001eb017640,1
GWAS_Protein_Goodman,MF,550,405,GO:0102965,alcohol-forming long-chain fatty acyl-CoA reductase activity,1/405,5/27694,0.0710179133677249,0.3309857163112335,0.3092592736675038,Zm00001eb039570,1
GWAS_Protein_Goodman,BP,550,405,GO:0055085,transmembrane transport,21/405,1017/27694,0.0724517459722942,0.3309857163112335,0.3092592736675038,Zm00001eb000240/Zm00001eb000580/Zm00001eb001900/Zm00001eb002040/Zm00001eb002060/Zm00001eb004340/Zm00001eb006900/Zm00001eb006910/Zm00001eb007730/Zm00001eb008790/Zm00001eb008810/Zm00001eb017730/Zm00001eb017760/Zm00001eb019840/Zm00001eb020860/Zm00001eb023600/Zm00001eb033240/Zm00001eb033760/Zm00001eb041980/Zm00001eb045670/Zm00001eb047630,21
GWAS_Protein_Goodman,MF,550,405,GO:0016757,glycosyltransferase activity,17/405,791/27694,0.0750256558727431,0.3309857163112335,0.3092592736675038,Zm00001eb000640/Zm00001eb002650/Zm00001eb003600/Zm00001eb003610/Zm00001eb003620/Zm00001eb003630/Zm00001eb003650/Zm00001eb012530/Zm00001eb015760/Zm00001eb017570/Zm00001eb029710/Zm00001eb041280/Zm00001eb046620/Zm00001eb046630/Zm00001eb047650/Zm00001eb061350/Zm00001eb061380,17
GWAS_Protein_Goodman,BP,550,405,GO:0006900,vesicle budding from membrane,2/405,31/27694,0.07513674173895556,0.3309857163112335,0.3092592736675038,Zm00001eb012390/Zm00001eb037740,2
GWAS_Protein_Goodman,BP,550,405,GO:0015748,organophosphate ester transport,2/405,31/27694,0.07513674173895556,0.3309857163112335,0.3092592736675038,Zm00001eb006900/Zm00001eb006910,2
GWAS_Protein_Goodman,CC,550,405,GO:0030136,clathrin-coated vesicle,2/405,31/27694,0.07513674173895556,0.3309857163112335,0.3092592736675038,Zm00001eb012390/Zm00001eb037740,2
GWAS_Protein_Goodman,BP,550,405,GO:0046513,ceramide biosynthetic process,2/405,31/27694,0.07513674173895556,0.3309857163112335,0.3092592736675038,Zm00001eb023770/Zm00001eb028390,2
GWAS_Protein_Goodman,MF,550,405,GO:0051119,sugar transmembrane transporter activity,2/405,31/27694,0.07513674173895556,0.3309857163112335,0.3092592736675038,Zm00001eb017730/Zm00001eb017760,2
GWAS_Protein_Goodman,MF,550,405,GO:0003724,RNA helicase activity,4/405,109/27694,0.07618649369581525,0.3309857163112335,0.3092592736675038,Zm00001eb004400/Zm00001eb014780/Zm00001eb029750/Zm00001eb042430,4
GWAS_Protein_Goodman,MF,550,405,GO:0005215,transporter activity,3/405,68/27694,0.07769050924689253,0.3309857163112335,0.3092592736675038,Zm00001eb000210/Zm00001eb000570/Zm00001eb042570,3
GWAS_Protein_Goodman,BP,550,405,GO:0005975,carbohydrate metabolic process,12/405,517/27694,0.07937604289229008,0.3309857163112335,0.3092592736675038,Zm00001eb000660/Zm00001eb001830/Zm00001eb002620/Zm00001eb002650/Zm00001eb004410/Zm00001eb005030/Zm00001eb007740/Zm00001eb007800/Zm00001eb008780/Zm00001eb015770/Zm00001eb027580/Zm00001eb039820,12
GWAS_Protein_Goodman,BP,550,405,GO:0006400,tRNA modification,2/405,32/27694,0.07939606419523179,0.3309857163112335,0.3092592736675038,Zm00001eb004570/Zm00001eb007750,2
GWAS_Protein_Goodman,CC,550,405,GO:0016602,CCAAT-binding factor complex,2/405,32/27694,0.07939606419523179,0.3309857163112335,0.3092592736675038,Zm00001eb005690/Zm00001eb031690,2
GWAS_Protein_Goodman,BP,550,405,GO:0046854,phosphatidylinositol phosphate biosynthetic process,2/405,32/27694,0.07939606419523179,0.3309857163112335,0.3092592736675038,Zm00001eb019420/Zm00001eb054420,2
GWAS_Protein_Goodman,MF,550,405,GO:0052742,phosphatidylinositol kinase activity,2/405,32/27694,0.07939606419523179,0.3309857163112335,0.3092592736675038,Zm00001eb019420/Zm00001eb054420,2
GWAS_Protein_Goodman,BP,550,405,GO:0007166,cell surface receptor signaling pathway,3/405,69/27694,0.08038155798856575,0.3309857163112335,0.3092592736675038,Zm00001eb004320/Zm00001eb012430/Zm00001eb034290,3
GWAS_Protein_Goodman,CC,550,405,GO:0005777,peroxisome,4/405,112/27694,0.08229490087249573,0.3309857163112335,0.3092592736675038,Zm00001eb002570/Zm00001eb033120/Zm00001eb034320/Zm00001eb040310,4
GWAS_Protein_Goodman,CC,550,405,GO:0031966,mitochondrial membrane,2/405,33/27694,0.08372872955745043,0.3309857163112335,0.3092592736675038,Zm00001eb005400/Zm00001eb024460,2
GWAS_Protein_Goodman,BP,550,405,GO:0046488,phosphatidylinositol metabolic process,2/405,33/27694,0.08372872955745043,0.3309857163112335,0.3092592736675038,Zm00001eb019420/Zm00001eb054420,2
GWAS_Protein_Goodman,BP,550,405,GO:0000054,ribosomal subunit export from nucleus,1/405,6/27694,0.08460589939416363,0.3309857163112335,0.3092592736675038,Zm00001eb037680,1
GWAS_Protein_Goodman,CC,550,405,GO:0000325,plant-type vacuole,1/405,6/27694,0.08460589939416363,0.3309857163112335,0.3092592736675038,Zm00001eb063700,1
GWAS_Protein_Goodman,CC,550,405,GO:0005637,nuclear inner membrane,1/405,6/27694,0.08460589939416363,0.3309857163112335,0.3092592736675038,Zm00001eb000170,1
GWAS_Protein_Goodman,CC,550,405,GO:0005757,mitochondrial permeability transition pore complex,1/405,6/27694,0.08460589939416363,0.3309857163112335,0.3092592736675038,Zm00001eb002060,1
GWAS_Protein_Goodman,BP,550,405,GO:0006564,L-serine biosynthetic process,1/405,6/27694,0.08460589939416363,0.3309857163112335,0.3092592736675038,Zm00001eb004390,1
GWAS_Protein_Goodman,BP,550,405,GO:0006760,folic acid-containing compound metabolic process,1/405,6/27694,0.08460589939416363,0.3309857163112335,0.3092592736675038,Zm00001eb039830,1
GWAS_Protein_Goodman,BP,550,405,GO:0006882,intracellular zinc ion homeostasis,1/405,6/27694,0.08460589939416363,0.3309857163112335,0.3092592736675038,Zm00001eb041980,1
GWAS_Protein_Goodman,MF,550,405,GO:0008176,tRNA (guanine(46)-N7)-methyltransferase activity,1/405,6/27694,0.08460589939416363,0.3309857163112335,0.3092592736675038,Zm00001eb004570,1
GWAS_Protein_Goodman,CC,550,405,GO:0008622,epsilon DNA polymerase complex,1/405,6/27694,0.08460589939416363,0.3309857163112335,0.3092592736675038,Zm00001eb037700,1
GWAS_Protein_Goodman,MF,550,405,GO:0016423,tRNA (guanine) methyltransferase activity,1/405,6/27694,0.08460589939416363,0.3309857163112335,0.3092592736675038,Zm00001eb000190,1
GWAS_Protein_Goodman,MF,550,405,GO:0016639,"oxidoreductase activity, acting on the CH-NH2 group of donors, NAD or NADP as acceptor",1/405,6/27694,0.08460589939416363,0.3309857163112335,0.3092592736675038,Zm00001eb060520,1
GWAS_Protein_Goodman,MF,550,405,GO:0019783,ubiquitin-like protein peptidase activity,1/405,6/27694,0.08460589939416363,0.3309857163112335,0.3092592736675038,Zm00001eb016540,1
GWAS_Protein_Goodman,BP,550,405,GO:0019878,lysine biosynthetic process via aminoadipic acid,1/405,6/27694,0.08460589939416363,0.3309857163112335,0.3092592736675038,Zm00001eb000710,1
GWAS_Protein_Goodman,MF,550,405,GO:0043424,protein histidine kinase binding,1/405,6/27694,0.08460589939416363,0.3309857163112335,0.3092592736675038,Zm00001eb039590,1
GWAS_Protein_Goodman,CC,550,405,GO:0043527,tRNA methyltransferase complex,1/405,6/27694,0.08460589939416363,0.3309857163112335,0.3092592736675038,Zm00001eb004570,1
GWAS_Protein_Goodman,MF,550,405,GO:0045140,inositol phosphoceramide synthase activity,1/405,6/27694,0.08460589939416363,0.3309857163112335,0.3092592736675038,Zm00001eb028390,1
GWAS_Protein_Goodman,BP,550,405,GO:0046656,folic acid biosynthetic process,1/405,6/27694,0.08460589939416363,0.3309857163112335,0.3092592736675038,Zm00001eb039830,1
GWAS_Protein_Goodman,BP,550,405,GO:0046902,regulation of mitochondrial membrane permeability,1/405,6/27694,0.08460589939416363,0.3309857163112335,0.3092592736675038,Zm00001eb002060,1
GWAS_Protein_Goodman,MF,550,405,GO:0070042,rRNA (uridine-N3-)-methyltransferase activity,1/405,6/27694,0.08460589939416363,0.3309857163112335,0.3092592736675038,Zm00001eb017470,1
GWAS_Protein_Goodman,BP,550,405,GO:0071036,nuclear polyadenylation-dependent snoRNA catabolic process,1/405,6/27694,0.08460589939416363,0.3309857163112335,0.3092592736675038,Zm00001eb004370,1
GWAS_Protein_Goodman,BP,550,405,GO:0071037,nuclear polyadenylation-dependent snRNA catabolic process,1/405,6/27694,0.08460589939416363,0.3309857163112335,0.3092592736675038,Zm00001eb004370,1
GWAS_Protein_Goodman,BP,550,405,GO:0071039,nuclear polyadenylation-dependent CUT catabolic process,1/405,6/27694,0.08460589939416363,0.3309857163112335,0.3092592736675038,Zm00001eb004370,1
GWAS_Protein_Goodman,BP,550,405,GO:0071040,nuclear polyadenylation-dependent antisense transcript catabolic process,1/405,6/27694,0.08460589939416363,0.3309857163112335,0.3092592736675038,Zm00001eb004370,1
GWAS_Protein_Goodman,BP,550,405,GO:0071044,histone mRNA catabolic process,1/405,6/27694,0.08460589939416363,0.3309857163112335,0.3092592736675038,Zm00001eb004370,1
GWAS_Protein_Goodman,BP,550,405,GO:0080038,positive regulation of cytokinin-activated signaling pathway,1/405,6/27694,0.08460589939416363,0.3309857163112335,0.3092592736675038,Zm00001eb039590,1
GWAS_Protein_Goodman,CC,550,405,GO:0000307,cyclin-dependent protein kinase holoenzyme complex,3/405,73/27694,0.09153983561312698,0.3442054535271243,0.32161124575568084,Zm00001eb012500/Zm00001eb016770/Zm00001eb040540,3
GWAS_Protein_Goodman,BP,550,405,GO:0051301,cell division,6/405,213/27694,0.09364507238811152,0.3442054535271243,0.32161124575568084,Zm00001eb012500/Zm00001eb024130/Zm00001eb033140/Zm00001eb040330/Zm00001eb040540/Zm00001eb056480,6
GWAS_Protein_Goodman,BP,550,405,GO:0006869,lipid transport,3/405,74/27694,0.09442492561482556,0.3442054535271243,0.32161124575568084,Zm00001eb000850/Zm00001eb056500/Zm00001eb063690,3
GWAS_Protein_Goodman,MF,550,405,GO:0004177,aminopeptidase activity,2/405,36/27694,0.09713671217994804,0.3442054535271243,0.32161124575568084,Zm00001eb028570/Zm00001eb042130,2
GWAS_Protein_Goodman,MF,550,405,GO:0004565,beta-galactosidase activity,2/405,36/27694,0.09713671217994804,0.3442054535271243,0.32161124575568084,Zm00001eb005030/Zm00001eb007800,2
GWAS_Protein_Goodman,BP,550,405,GO:0008643,carbohydrate transport,2/405,36/27694,0.09713671217994804,0.3442054535271243,0.32161124575568084,Zm00001eb017730/Zm00001eb017760,2
GWAS_Protein_Goodman,BP,550,405,GO:0000055,ribosomal large subunit export from nucleus,1/405,7/27694,0.09799562096110148,0.3442054535271243,0.32161124575568084,Zm00001eb024450,1
GWAS_Protein_Goodman,MF,550,405,GO:0004566,beta-glucuronidase activity,1/405,7/27694,0.09799562096110148,0.3442054535271243,0.32161124575568084,Zm00001eb029720,1
GWAS_Protein_Goodman,BP,550,405,GO:0006007,glucose catabolic process,1/405,7/27694,0.09799562096110148,0.3442054535271243,0.32161124575568084,Zm00001eb015770,1
GWAS_Protein_Goodman,BP,550,405,GO:0006144,purine nucleobase metabolic process,1/405,7/27694,0.09799562096110148,0.3442054535271243,0.32161124575568084,Zm00001eb030970,1
GWAS_Protein_Goodman,BP,550,405,GO:0006370,7-methylguanosine mRNA capping,1/405,7/27694,0.09799562096110148,0.3442054535271243,0.32161124575568084,Zm00001eb016670,1
GWAS_Protein_Goodman,MF,550,405,GO:0008296,3'-5'-DNA exonuclease activity,1/405,7/27694,0.09799562096110148,0.3442054535271243,0.32161124575568084,Zm00001eb002330,1
GWAS_Protein_Goodman,BP,550,405,GO:0010345,suberin biosynthetic process,1/405,7/27694,0.09799562096110148,0.3442054535271243,0.32161124575568084,Zm00001eb039570,1
GWAS_Protein_Goodman,CC,550,405,GO:0012511,monolayer-surrounded lipid storage body,1/405,7/27694,0.09799562096110148,0.3442054535271243,0.32161124575568084,Zm00001eb000200,1
GWAS_Protein_Goodman,MF,550,405,GO:0016668,"oxidoreductase activity, acting on a sulfur group of donors, NAD(P) as acceptor",1/405,7/27694,0.09799562096110148,0.3442054535271243,0.32161124575568084,Zm00001eb004790,1
GWAS_Protein_Goodman,MF,550,405,GO:0032452,histone demethylase activity,1/405,7/27694,0.09799562096110148,0.3442054535271243,0.32161124575568084,Zm00001eb025020,1
GWAS_Protein_Goodman,BP,550,405,GO:0071763,nuclear membrane organization,1/405,7/27694,0.09799562096110148,0.3442054535271243,0.32161124575568084,Zm00001eb000170,1
GWAS_Protein_Goodman,BP,550,405,GO:0106004,tRNA (guanine-N7)-methylation,1/405,7/27694,0.09799562096110148,0.3442054535271243,0.32161124575568084,Zm00001eb004570,1
GWAS_Protein_Goodman,MF,550,405,GO:0016829,lyase activity,10/405,428/27694,0.09968235413017475,0.3442054535271243,0.32161124575568084,Zm00001eb001830/Zm00001eb016730/Zm00001eb017500/Zm00001eb017590/Zm00001eb020070/Zm00001eb026960/Zm00001eb037690/Zm00001eb039820/Zm00001eb039830/Zm00001eb045690,10
GWAS_Protein_Goodman,BP,550,405,GO:0006897,endocytosis,3/405,76/27694,0.10030543267192982,0.3442054535271243,0.32161124575568084,Zm00001eb000860/Zm00001eb012390/Zm00001eb037740,3
GWAS_Protein_Goodman,MF,550,405,GO:0003993,acid phosphatase activity,2/405,37/27694,0.10173303706746263,0.3442054535271243,0.32161124575568084,Zm00001eb036930/Zm00001eb039610,2
GWAS_Protein_Goodman,MF,550,405,GO:0008483,transaminase activity,3/405,77/27694,0.10329959798332926,0.3442054535271243,0.32161124575568084,Zm00001eb004390/Zm00001eb017520/Zm00001eb034320,3
GWAS_Protein_Goodman,CC,550,405,GO:0005759,mitochondrial matrix,3/405,78/27694,0.10632886164418072,0.3442054535271243,0.32161124575568084,Zm00001eb031330/Zm00001eb036940/Zm00001eb063680,3
GWAS_Protein_Goodman,BP,550,405,GO:0048364,root development,2/405,38/27694,0.10638820255090452,0.3442054535271243,0.32161124575568084,Zm00001eb002600/Zm00001eb061370,2
GWAS_Protein_Goodman,MF,550,405,GO:0000287,magnesium ion binding,5/405,172/27694,0.10877322991025105,0.3442054535271243,0.32161124575568084,Zm00001eb000710/Zm00001eb005660/Zm00001eb016730/Zm00001eb020070/Zm00001eb042570,5
GWAS_Protein_Goodman,CC,550,405,GO:0031969,chloroplast membrane,3/405,79/27694,0.10939258601962835,0.3442054535271243,0.32161124575568084,Zm00001eb000720/Zm00001eb000750/Zm00001eb014810,3
GWAS_Protein_Goodman,BP,550,405,GO:0000056,ribosomal small subunit export from nucleus,1/405,8/27694,0.11118996392027891,0.3442054535271243,0.32161124575568084,Zm00001eb018110,1
GWAS_Protein_Goodman,MF,550,405,GO:0000062,fatty-acyl-CoA binding,1/405,8/27694,0.11118996392027891,0.3442054535271243,0.32161124575568084,Zm00001eb063690,1
GWAS_Protein_Goodman,CC,550,405,GO:0000938,GARP complex,1/405,8/27694,0.11118996392027891,0.3442054535271243,0.32161124575568084,Zm00001eb056500,1
GWAS_Protein_Goodman,MF,550,405,GO:0003904,deoxyribodipyrimidine photo-lyase activity,1/405,8/27694,0.11118996392027891,0.3442054535271243,0.32161124575568084,Zm00001eb026960,1
GWAS_Protein_Goodman,MF,550,405,GO:0004022,alcohol dehydrogenase (NAD+) activity,1/405,8/27694,0.11118996392027891,0.3442054535271243,0.32161124575568084,Zm00001eb056510,1
GWAS_Protein_Goodman,MF,550,405,GO:0004045,peptidyl-tRNA hydrolase activity,1/405,8/27694,0.11118996392027891,0.3442054535271243,0.32161124575568084,Zm00001eb016720,1
GWAS_Protein_Goodman,BP,550,405,GO:0007143,female meiotic nuclear division,1/405,8/27694,0.11118996392027891,0.3442054535271243,0.32161124575568084,Zm00001eb037710,1
GWAS_Protein_Goodman,MF,550,405,GO:0009927,histidine phosphotransfer kinase activity,1/405,8/27694,0.11118996392027891,0.3442054535271243,0.32161124575568084,Zm00001eb039590,1
GWAS_Protein_Goodman,BP,550,405,GO:0010019,chloroplast-nucleus signaling pathway,1/405,8/27694,0.11118996392027891,0.3442054535271243,0.32161124575568084,Zm00001eb007770,1
GWAS_Protein_Goodman,BP,550,405,GO:0010119,regulation of stomatal movement,1/405,8/27694,0.11118996392027891,0.3442054535271243,0.32161124575568084,Zm00001eb017810,1
GWAS_Protein_Goodman,BP,550,405,GO:0010405,arabinogalactan protein metabolic process,1/405,8/27694,0.11118996392027891,0.3442054535271243,0.32161124575568084,Zm00001eb061380,1
GWAS_Protein_Goodman,BP,550,405,GO:0015833,peptide transport,1/405,8/27694,0.11118996392027891,0.3442054535271243,0.32161124575568084,Zm00001eb033760,1
GWAS_Protein_Goodman,MF,550,405,GO:0016041,glutamate synthase (ferredoxin) activity,1/405,8/27694,0.11118996392027891,0.3442054535271243,0.32161124575568084,Zm00001eb021930,1
GWAS_Protein_Goodman,BP,550,405,GO:0031930,mitochondria-nucleus signaling pathway,1/405,8/27694,0.11118996392027891,0.3442054535271243,0.32161124575568084,Zm00001eb007770,1
GWAS_Protein_Goodman,MF,550,405,GO:0033188,sphingomyelin synthase activity,1/405,8/27694,0.11118996392027891,0.3442054535271243,0.32161124575568084,Zm00001eb028390,1
GWAS_Protein_Goodman,BP,550,405,GO:0034244,negative regulation of transcription elongation by RNA polymerase II,1/405,8/27694,0.11118996392027891,0.3442054535271243,0.32161124575568084,Zm00001eb024600,1
GWAS_Protein_Goodman,CC,550,405,GO:0034657,GID complex,1/405,8/27694,0.11118996392027891,0.3442054535271243,0.32161124575568084,Zm00001eb044600,1
GWAS_Protein_Goodman,MF,550,405,GO:0038198,auxin receptor activity,1/405,8/27694,0.11118996392027891,0.3442054535271243,0.32161124575568084,Zm00001eb006610,1
GWAS_Protein_Goodman,BP,550,405,GO:0042372,phylloquinone biosynthetic process,1/405,8/27694,0.11118996392027891,0.3442054535271243,0.32161124575568084,Zm00001eb033120,1
GWAS_Protein_Goodman,MF,550,405,GO:0047493,ceramide cholinephosphotransferase activity,1/405,8/27694,0.11118996392027891,0.3442054535271243,0.32161124575568084,Zm00001eb028390,1
GWAS_Protein_Goodman,MF,550,405,GO:0051903,S-(hydroxymethyl)glutathione dehydrogenase [NAD(P)+] activity,1/405,8/27694,0.11118996392027891,0.3442054535271243,0.32161124575568084,Zm00001eb056510,1
GWAS_Protein_Goodman,MF,550,405,GO:0070182,DNA polymerase binding,1/405,8/27694,0.11118996392027891,0.3442054535271243,0.32161124575568084,Zm00001eb037700,1
GWAS_Protein_Goodman,BP,550,405,GO:0006260,DNA replication,4/405,126/27694,0.11379907649496497,0.35075732668577947,0.32773304326642905,Zm00001eb002150/Zm00001eb002170/Zm00001eb028400/Zm00001eb037700,4
GWAS_Protein_Goodman,CC,550,405,GO:0005794,Golgi apparatus,11/405,500/27694,0.11857093487461397,0.3631537564148089,0.3393157511149604,Zm00001eb007800/Zm00001eb012390/Zm00001eb017570/Zm00001eb022820/Zm00001eb030720/Zm00001eb037740/Zm00001eb041980/Zm00001eb045670/Zm00001eb056500/Zm00001eb061350/Zm00001eb061380,11
GWAS_Protein_Goodman,CC,550,405,GO:0048046,apoplast,5/405,177/27694,0.11884104669192483,0.3631537564148089,0.3393157511149604,Zm00001eb000660/Zm00001eb005030/Zm00001eb026860/Zm00001eb040290/Zm00001eb040300,5
GWAS_Protein_Goodman,MF,550,405,GO:0030276,clathrin binding,2/405,41/27694,0.12068013835208348,0.3653906686831162,0.3414058288109542,Zm00001eb012390/Zm00001eb037740,2
GWAS_Protein_Goodman,CC,550,405,GO:0005854,nascent polypeptide-associated complex,1/405,9/27694,0.1241917722209468,0.3653906686831162,0.3414058288109542,Zm00001eb000700,1
GWAS_Protein_Goodman,BP,550,405,GO:0006450,regulation of translational fidelity,1/405,9/27694,0.1241917722209468,0.3653906686831162,0.3414058288109542,Zm00001eb007760,1
GWAS_Protein_Goodman,MF,550,405,GO:0008453,alanine-glyoxylate transaminase activity,1/405,9/27694,0.1241917722209468,0.3653906686831162,0.3414058288109542,Zm00001eb034320,1
GWAS_Protein_Goodman,MF,550,405,GO:0010308,acireductone dioxygenase (Ni2+-requiring) activity,1/405,9/27694,0.1241917722209468,0.3653906686831162,0.3414058288109542,Zm00001eb004660,1
GWAS_Protein_Goodman,MF,550,405,GO:0010309,acireductone dioxygenase [iron(II)-requiring] activity,1/405,9/27694,0.1241917722209468,0.3653906686831162,0.3414058288109542,Zm00001eb004660,1
GWAS_Protein_Goodman,MF,550,405,GO:0016783,sulfurtransferase activity,1/405,9/27694,0.1241917722209468,0.3653906686831162,0.3414058288109542,Zm00001eb005670,1
GWAS_Protein_Goodman,BP,550,405,GO:0046654,tetrahydrofolate biosynthetic process,1/405,9/27694,0.1241917722209468,0.3653906686831162,0.3414058288109542,Zm00001eb039830,1
GWAS_Protein_Goodman,BP,550,405,GO:0098719,sodium ion import across plasma membrane,1/405,9/27694,0.1241917722209468,0.3653906686831162,0.3414058288109542,Zm00001eb033240,1
GWAS_Protein_Goodman,MF,550,405,GO:0008353,RNA polymerase II CTD heptapeptide repeat kinase activity,3/405,84/27694,0.12520555903037944,0.36634263404966444,0.3422953056170726,Zm00001eb016770/Zm00001eb017510/Zm00001eb040540,3
GWAS_Protein_Goodman,MF,550,405,GO:0010181,FMN binding,2/405,42/27694,0.1255443858260086,0.36634263404966444,0.3422953056170726,Zm00001eb005060/Zm00001eb040310,2
GWAS_Protein_Goodman,MF,550,405,GO:0015297,antiporter activity,5/405,181/27694,0.12720007550423404,0.3696589949347536,0.3453939751607987,Zm00001eb002040/Zm00001eb002060/Zm00001eb008790/Zm00001eb033240/Zm00001eb045670,5
GWAS_Protein_Goodman,BP,550,405,GO:1902600,proton transmembrane transport,6/405,233/27694,0.12804208491521407,0.3703047851141119,0.3459973746187444,Zm00001eb000210/Zm00001eb000570/Zm00001eb000720/Zm00001eb000750/Zm00001eb002040/Zm00001eb033240,6
GWAS_Protein_Goodman,MF,550,405,GO:0015293,symporter activity,3/405,85/27694,0.1284624746112158,0.3703047851141119,0.3459973746187444,Zm00001eb000240/Zm00001eb008810/Zm00001eb047630,3
GWAS_Protein_Goodman,BP,550,405,GO:0006812,monoatomic cation transport,3/405,86/27694,0.13174930516178462,0.37374229940213394,0.3492092448582919,Zm00001eb002040/Zm00001eb033240/Zm00001eb041980,3
GWAS_Protein_Goodman,BP,550,405,GO:0009408,response to heat,3/405,87/27694,0.13506539454083566,0.37374229940213394,0.3492092448582919,Zm00001eb009060/Zm00001eb012470/Zm00001eb029200,3
GWAS_Protein_Goodman,MF,550,405,GO:0003887,DNA-directed DNA polymerase activity,2/405,44/27694,0.13540856243982827,0.37374229940213394,0.3492092448582919,Zm00001eb002150/Zm00001eb002170,2
GWAS_Protein_Goodman,MF,550,405,GO:0000285,1-phosphatidylinositol-3-phosphate 5-kinase activity,1/405,10/27694,0.13700384851679348,0.37374229940213394,0.3492092448582919,Zm00001eb019420,1
GWAS_Protein_Goodman,MF,550,405,GO:0004714,transmembrane receptor protein tyrosine kinase activity,1/405,10/27694,0.13700384851679348,0.37374229940213394,0.3492092448582919,Zm00001eb001810,1
GWAS_Protein_Goodman,MF,550,405,GO:0005464,UDP-xylose transmembrane transporter activity,1/405,10/27694,0.13700384851679348,0.37374229940213394,0.3492092448582919,Zm00001eb045670,1
GWAS_Protein_Goodman,MF,550,405,GO:0005471,ATP:ADP antiporter activity,1/405,10/27694,0.13700384851679348,0.37374229940213394,0.3492092448582919,Zm00001eb002060,1
GWAS_Protein_Goodman,BP,550,405,GO:0006297,"nucleotide-excision repair, DNA gap filling",1/405,10/27694,0.13700384851679348,0.37374229940213394,0.3492092448582919,Zm00001eb002150,1
GWAS_Protein_Goodman,BP,550,405,GO:0009695,jasmonic acid biosynthetic process,1/405,10/27694,0.13700384851679348,0.37374229940213394,0.3492092448582919,Zm00001eb040310,1
GWAS_Protein_Goodman,BP,550,405,GO:0010167,response to nitrate,1/405,10/27694,0.13700384851679348,0.37374229940213394,0.3492092448582919,Zm00001eb023600,1
GWAS_Protein_Goodman,BP,550,405,GO:0015790,UDP-xylose transmembrane transport,1/405,10/27694,0.13700384851679348,0.37374229940213394,0.3492092448582919,Zm00001eb045670,1
GWAS_Protein_Goodman,BP,550,405,GO:0019915,lipid storage,1/405,10/27694,0.13700384851679348,0.37374229940213394,0.3492092448582919,Zm00001eb000200,1
GWAS_Protein_Goodman,BP,550,405,GO:0034204,lipid translocation,1/405,10/27694,0.13700384851679348,0.37374229940213394,0.3492092448582919,Zm00001eb042570,1
GWAS_Protein_Goodman,MF,550,405,GO:0047938,glucose-6-phosphate 1-epimerase activity,1/405,10/27694,0.13700384851679348,0.37374229940213394,0.3492092448582919,Zm00001eb004410,1
GWAS_Protein_Goodman,BP,550,405,GO:0030001,metal ion transport,2/405,45/27694,0.14040379655023222,0.38155535551055475,0.35650943921151773,Zm00001eb019840/Zm00001eb041980,2
GWAS_Protein_Goodman,MF,550,405,GO:0005509,calcium ion binding,8/405,349/27694,0.14159376569220491,0.38332608810969543,0.3581639380327136,Zm00001eb002180/Zm00001eb008980/Zm00001eb009010/Zm00001eb015740/Zm00001eb019830/Zm00001eb034290/Zm00001eb034330/Zm00001eb040550,8
GWAS_Protein_Goodman,BP,550,405,GO:0009827,plant-type cell wall modification,2/405,46/27694,0.14543809557612414,0.388270256655632,0.36278356328556977,Zm00001eb005030/Zm00001eb028480,2
GWAS_Protein_Goodman,MF,550,405,GO:0016207,4-coumarate-CoA ligase activity,2/405,46/27694,0.14543809557612414,0.388270256655632,0.36278356328556977,Zm00001eb002570/Zm00001eb040790,2
GWAS_Protein_Goodman,MF,550,405,GO:0004739,pyruvate dehydrogenase (acetyl-transferring) activity,1/405,11/27694,0.1496289547641093,0.388270256655632,0.36278356328556977,Zm00001eb036940,1
GWAS_Protein_Goodman,MF,550,405,GO:0005347,ATP transmembrane transporter activity,1/405,11/27694,0.1496289547641093,0.388270256655632,0.36278356328556977,Zm00001eb002060,1
GWAS_Protein_Goodman,BP,550,405,GO:0008356,asymmetric cell division,1/405,11/27694,0.1496289547641093,0.388270256655632,0.36278356328556977,Zm00001eb020850,1
GWAS_Protein_Goodman,MF,550,405,GO:0008878,glucose-1-phosphate adenylyltransferase activity,1/405,11/27694,0.1496289547641093,0.388270256655632,0.36278356328556977,Zm00001eb017580,1
GWAS_Protein_Goodman,BP,550,405,GO:0010960,magnesium ion homeostasis,1/405,11/27694,0.1496289547641093,0.388270256655632,0.36278356328556977,Zm00001eb001900,1
GWAS_Protein_Goodman,MF,550,405,GO:0017116,single-stranded DNA helicase activity,1/405,11/27694,0.1496289547641093,0.388270256655632,0.36278356328556977,Zm00001eb028400,1
GWAS_Protein_Goodman,BP,550,405,GO:0045332,phospholipid translocation,1/405,11/27694,0.1496289547641093,0.388270256655632,0.36278356328556977,Zm00001eb042570,1
GWAS_Protein_Goodman,BP,550,405,GO:0046294,formaldehyde catabolic process,1/405,11/27694,0.1496289547641093,0.388270256655632,0.36278356328556977,Zm00001eb056510,1
GWAS_Protein_Goodman,MF,550,405,GO:0102682,cytokinin riboside 5'-monophosphate phosphoribohydrolase activity,1/405,11/27694,0.1496289547641093,0.388270256655632,0.36278356328556977,Zm00001eb045690,1
GWAS_Protein_Goodman,BP,550,405,GO:0009755,hormone-mediated signaling pathway,2/405,47/27694,0.15050925679347532,0.388270256655632,0.36278356328556977,Zm00001eb026870/Zm00001eb029740,2
GWAS_Protein_Goodman,MF,550,405,GO:0030599,pectinesterase activity,2/405,47/27694,0.15050925679347532,0.388270256655632,0.36278356328556977,Zm00001eb028580/Zm00001eb040760,2
GWAS_Protein_Goodman,CC,550,405,GO:0005739,mitochondrion,14/405,711/27694,0.16188299806421086,0.39654194749707905,0.370512286839376,Zm00001eb001870/Zm00001eb002320/Zm00001eb004560/Zm00001eb005400/Zm00001eb007440/Zm00001eb007730/Zm00001eb007760/Zm00001eb017830/Zm00001eb028570/Zm00001eb030760/Zm00001eb031330/Zm00001eb045730/Zm00001eb060520/Zm00001eb063680,14
GWAS_Protein_Goodman,MF,550,405,GO:0004791,thioredoxin-disulfide reductase (NADPH) activity,1/405,12/27694,0.16206981281130617,0.39654194749707905,0.370512286839376,Zm00001eb004790,1
GWAS_Protein_Goodman,BP,550,405,GO:0006152,purine nucleoside catabolic process,1/405,12/27694,0.16206981281130617,0.39654194749707905,0.370512286839376,Zm00001eb039560,1
GWAS_Protein_Goodman,BP,550,405,GO:0006555,methionine metabolic process,1/405,12/27694,0.16206981281130617,0.39654194749707905,0.370512286839376,Zm00001eb004660,1
GWAS_Protein_Goodman,BP,550,405,GO:0006829,zinc ion transport,1/405,12/27694,0.16206981281130617,0.39654194749707905,0.370512286839376,Zm00001eb041980,1
GWAS_Protein_Goodman,BP,550,405,GO:0006995,cellular response to nitrogen starvation,1/405,12/27694,0.16206981281130617,0.39654194749707905,0.370512286839376,Zm00001eb060520,1
GWAS_Protein_Goodman,BP,550,405,GO:0007140,male meiotic nuclear division,1/405,12/27694,0.16206981281130617,0.39654194749707905,0.370512286839376,Zm00001eb037710,1
GWAS_Protein_Goodman,MF,550,405,GO:0016151,nickel cation binding,1/405,12/27694,0.16206981281130617,0.39654194749707905,0.370512286839376,Zm00001eb004660,1
GWAS_Protein_Goodman,MF,550,405,GO:0016671,"oxidoreductase activity, acting on a sulfur group of donors, disulfide as acceptor",1/405,12/27694,0.16206981281130617,0.39654194749707905,0.370512286839376,Zm00001eb017600,1
GWAS_Protein_Goodman,BP,550,405,GO:0019509,L-methionine salvage from methylthioadenosine,1/405,12/27694,0.16206981281130617,0.39654194749707905,0.370512286839376,Zm00001eb004660,1
GWAS_Protein_Goodman,MF,550,405,GO:0032454,histone H3K9 demethylase activity,1/405,12/27694,0.16206981281130617,0.39654194749707905,0.370512286839376,Zm00001eb028840,1
GWAS_Protein_Goodman,BP,550,405,GO:0032509,endosome transport via multivesicular body sorting pathway,1/405,12/27694,0.16206981281130617,0.39654194749707905,0.370512286839376,Zm00001eb000670,1
GWAS_Protein_Goodman,BP,550,405,GO:0051607,defense response to virus,1/405,12/27694,0.16206981281130617,0.39654194749707905,0.370512286839376,Zm00001eb007810,1
GWAS_Protein_Goodman,MF,550,405,GO:0061575,cyclin-dependent protein serine/threonine kinase activator activity,1/405,12/27694,0.16206981281130617,0.39654194749707905,0.370512286839376,Zm00001eb012500,1
GWAS_Protein_Goodman,BP,550,405,GO:2000024,regulation of leaf development,1/405,12/27694,0.16206981281130617,0.39654194749707905,0.370512286839376,Zm00001eb004710,1
GWAS_Protein_Goodman,BP,550,405,GO:0000413,protein peptidyl-prolyl isomerization,2/405,50/27694,0.16592271611981987,0.40169036487281273,0.37532275369547247,Zm00001eb000740/Zm00001eb007780,2
GWAS_Protein_Goodman,MF,550,405,GO:0016798,"hydrolase activity, acting on glycosyl bonds",9/405,422/27694,0.16793016523625184,0.40169036487281273,0.37532275369547247,Zm00001eb000660/Zm00001eb001830/Zm00001eb002620/Zm00001eb005030/Zm00001eb007740/Zm00001eb007800/Zm00001eb008780/Zm00001eb029720/Zm00001eb039560,9
GWAS_Protein_Goodman,BP,550,405,GO:0000272,polysaccharide catabolic process,3/405,97/27694,0.16969121079291852,0.40169036487281273,0.37532275369547247,Zm00001eb002620/Zm00001eb007740/Zm00001eb027580,3
GWAS_Protein_Goodman,MF,550,405,GO:0004713,protein tyrosine kinase activity,2/405,51/27694,0.17112039724327177,0.40169036487281273,0.37532275369547247,Zm00001eb017800/Zm00001eb031340,2
GWAS_Protein_Goodman,BP,550,405,GO:0030244,cellulose biosynthetic process,2/405,51/27694,0.17112039724327177,0.40169036487281273,0.37532275369547247,Zm00001eb025500/Zm00001eb047650,2
GWAS_Protein_Goodman,MF,550,405,GO:0046873,metal ion transmembrane transporter activity,2/405,51/27694,0.17112039724327177,0.40169036487281273,0.37532275369547247,Zm00001eb019840/Zm00001eb041980,2
GWAS_Protein_Goodman,MF,550,405,GO:0008289,lipid binding,4/405,148/27694,0.172040265042201,0.40169036487281273,0.37532275369547247,Zm00001eb000690/Zm00001eb000850/Zm00001eb024680/Zm00001eb063690,4
GWAS_Protein_Goodman,BP,550,405,GO:0000086,G2/M transition of mitotic cell cycle,1/405,13/27694,0.1743291049799145,0.40169036487281273,0.37532275369547247,Zm00001eb017510,1
GWAS_Protein_Goodman,BP,550,405,GO:0000460,maturation of 5.8S rRNA,1/405,13/27694,0.1743291049799145,0.40169036487281273,0.37532275369547247,Zm00001eb037680,1
GWAS_Protein_Goodman,BP,550,405,GO:0002098,tRNA wobble uridine modification,1/405,13/27694,0.1743291049799145,0.40169036487281273,0.37532275369547247,Zm00001eb007750,1
GWAS_Protein_Goodman,MF,550,405,GO:0004725,protein tyrosine phosphatase activity,1/405,13/27694,0.1743291049799145,0.40169036487281273,0.37532275369547247,Zm00001eb039610,1
GWAS_Protein_Goodman,BP,550,405,GO:0006491,N-glycan processing,1/405,13/27694,0.1743291049799145,0.40169036487281273,0.37532275369547247,Zm00001eb008780,1
GWAS_Protein_Goodman,CC,550,405,GO:0008250,oligosaccharyltransferase complex,1/405,13/27694,0.1743291049799145,0.40169036487281273,0.37532275369547247,Zm00001eb002220,1
GWAS_Protein_Goodman,BP,550,405,GO:0009085,lysine biosynthetic process,1/405,13/27694,0.1743291049799145,0.40169036487281273,0.37532275369547247,Zm00001eb028810,1
GWAS_Protein_Goodman,MF,550,405,GO:0016174,NAD(P)H oxidase H2O2-forming activity,1/405,13/27694,0.1743291049799145,0.40169036487281273,0.37532275369547247,Zm00001eb040550,1
GWAS_Protein_Goodman,MF,550,405,GO:0016799,"hydrolase activity, hydrolyzing N-glycosyl compounds",1/405,13/27694,0.1743291049799145,0.40169036487281273,0.37532275369547247,Zm00001eb039560,1
GWAS_Protein_Goodman,CC,550,405,GO:0042555,MCM complex,1/405,13/27694,0.1743291049799145,0.40169036487281273,0.37532275369547247,Zm00001eb028400,1
GWAS_Protein_Goodman,BP,550,405,GO:0046394,carboxylic acid biosynthetic process,1/405,13/27694,0.1743291049799145,0.40169036487281273,0.37532275369547247,Zm00001eb017520,1
GWAS_Protein_Goodman,BP,550,405,GO:0019752,carboxylic acid metabolic process,2/405,52/27694,0.1763447408557194,0.40502404996539426,0.37843761025743516,Zm00001eb017520/Zm00001eb037690,2
GWAS_Protein_Goodman,BP,550,405,GO:0006357,regulation of transcription by RNA polymerase II,12/405,605/27694,0.1787136904092569,0.40914516903984216,0.3822882123494681,Zm00001eb002350/Zm00001eb004590/Zm00001eb005020/Zm00001eb005690/Zm00001eb006890/Zm00001eb016770/Zm00001eb017510/Zm00001eb024680/Zm00001eb031690/Zm00001eb037670/Zm00001eb040540/Zm00001eb056480,12
GWAS_Protein_Goodman,MF,550,405,GO:0004619,phosphoglycerate mutase activity,1/405,14/27694,0.18640947463719337,0.41191498016332656,0.38487620855000343,Zm00001eb015770,1
GWAS_Protein_Goodman,MF,550,405,GO:0004805,trehalose-phosphatase activity,1/405,14/27694,0.18640947463719337,0.41191498016332656,0.38487620855000343,Zm00001eb018720,1
GWAS_Protein_Goodman,CC,550,405,GO:0009524,phragmoplast,1/405,14/27694,0.18640947463719337,0.41191498016332656,0.38487620855000343,Zm00001eb024130,1
GWAS_Protein_Goodman,BP,550,405,GO:0010256,endomembrane system organization,1/405,14/27694,0.18640947463719337,0.41191498016332656,0.38487620855000343,Zm00001eb019420,1
GWAS_Protein_Goodman,MF,550,405,GO:0016810,"hydrolase activity, acting on carbon-nitrogen (but not peptide) bonds",1/405,14/27694,0.18640947463719337,0.41191498016332656,0.38487620855000343,Zm00001eb030970,1
GWAS_Protein_Goodman,CC,550,405,GO:0030131,clathrin adaptor complex,1/405,14/27694,0.18640947463719337,0.41191498016332656,0.38487620855000343,Zm00001eb000860,1
GWAS_Protein_Goodman,CC,550,405,GO:0035145,exon-exon junction complex,1/405,14/27694,0.18640947463719337,0.41191498016332656,0.38487620855000343,Zm00001eb062000,1
GWAS_Protein_Goodman,BP,550,405,GO:0071051,poly(A)-dependent snoRNA 3'-end processing,1/405,14/27694,0.18640947463719337,0.41191498016332656,0.38487620855000343,Zm00001eb004370,1
GWAS_Protein_Goodman,MF,550,405,GO:0090447,glycerol-3-phosphate 2-O-acyltransferase activity,1/405,14/27694,0.18640947463719337,0.41191498016332656,0.38487620855000343,Zm00001eb005110,1
GWAS_Protein_Goodman,MF,550,405,GO:0140326,ATPase-coupled intramembrane lipid transporter activity,1/405,14/27694,0.18640947463719337,0.41191498016332656,0.38487620855000343,Zm00001eb042570,1
GWAS_Protein_Goodman,CC,550,405,GO:0016607,nuclear speck,2/405,54/27694,0.18686592498982368,0.41191498016332656,0.38487620855000343,Zm00001eb014820/Zm00001eb017780,2
GWAS_Protein_Goodman,BP,550,405,GO:0034219,carbohydrate transmembrane transport,2/405,54/27694,0.18686592498982368,0.41191498016332656,0.38487620855000343,Zm00001eb017730/Zm00001eb017760,2
GWAS_Protein_Goodman,MF,550,405,GO:0005543,phospholipid binding,2/405,55/27694,0.1921591421386909,0.4200876569865024,0.3925124175273056,Zm00001eb012390/Zm00001eb037740,2
GWAS_Protein_Goodman,MF,550,405,GO:0004185,serine-type carboxypeptidase activity,2/405,56/27694,0.19747177299220817,0.4200876569865024,0.3925124175273056,Zm00001eb018730/Zm00001eb018750,2
GWAS_Protein_Goodman,BP,550,405,GO:0034605,cellular response to heat,2/405,56/27694,0.19747177299220817,0.4200876569865024,0.3925124175273056,Zm00001eb004670/Zm00001eb018130,2
GWAS_Protein_Goodman,BP,550,405,GO:0005978,glycogen biosynthetic process,1/405,15/27694,0.19831352676045677,0.4200876569865024,0.3925124175273056,Zm00001eb017580,1
GWAS_Protein_Goodman,BP,550,405,GO:0006796,phosphate-containing compound metabolic process,1/405,15/27694,0.19831352676045677,0.4200876569865024,0.3925124175273056,Zm00001eb047640,1
GWAS_Protein_Goodman,BP,550,405,GO:0007033,vacuole organization,1/405,15/27694,0.19831352676045677,0.4200876569865024,0.3925124175273056,Zm00001eb019420,1
GWAS_Protein_Goodman,MF,550,405,GO:0008097,5S rRNA binding,1/405,15/27694,0.19831352676045677,0.4200876569865024,0.3925124175273056,Zm00001eb005360,1
GWAS_Protein_Goodman,MF,550,405,GO:0015385,sodium:proton antiporter activity,1/405,15/27694,0.19831352676045677,0.4200876569865024,0.3925124175273056,Zm00001eb033240,1
GWAS_Protein_Goodman,MF,550,405,GO:0016308,1-phosphatidylinositol-4-phosphate 5-kinase activity,1/405,15/27694,0.19831352676045677,0.4200876569865024,0.3925124175273056,Zm00001eb054420,1
GWAS_Protein_Goodman,CC,550,405,GO:0017059,serine palmitoyltransferase complex,1/405,15/27694,0.19831352676045677,0.4200876569865024,0.3925124175273056,Zm00001eb023770,1
GWAS_Protein_Goodman,BP,550,405,GO:0035725,sodium ion transmembrane transport,1/405,15/27694,0.19831352676045677,0.4200876569865024,0.3925124175273056,Zm00001eb033240,1
GWAS_Protein_Goodman,BP,550,405,GO:0036211,protein modification process,1/405,15/27694,0.19831352676045677,0.4200876569865024,0.3925124175273056,Zm00001eb030760,1
GWAS_Protein_Goodman,BP,550,405,GO:0042276,error-prone translesion synthesis,1/405,15/27694,0.19831352676045677,0.4200876569865024,0.3925124175273056,Zm00001eb037700,1
GWAS_Protein_Goodman,BP,550,405,GO:0045892,negative regulation of DNA-templated transcription,3/405,105/27694,0.19901343271773564,0.4200876569865024,0.3925124175273056,Zm00001eb004460/Zm00001eb008970/Zm00001eb056470,3
GWAS_Protein_Goodman,MF,550,405,GO:0004553,"hydrolase activity, hydrolyzing O-glycosyl compounds",7/405,326/27694,0.2023681951532807,0.4200876569865024,0.3925124175273056,Zm00001eb000660/Zm00001eb001830/Zm00001eb005030/Zm00001eb007740/Zm00001eb007800/Zm00001eb008780/Zm00001eb027580,7
GWAS_Protein_Goodman,MF,550,405,GO:0004180,carboxypeptidase activity,2/405,57/27694,0.20280212321657015,0.4200876569865024,0.3925124175273056,Zm00001eb018730/Zm00001eb018750,2
GWAS_Protein_Goodman,MF,550,405,GO:0005546,"phosphatidylinositol-4,5-bisphosphate binding",2/405,57/27694,0.20280212321657015,0.4200876569865024,0.3925124175273056,Zm00001eb012390/Zm00001eb037740,2
GWAS_Protein_Goodman,BP,550,405,GO:0009698,phenylpropanoid metabolic process,2/405,57/27694,0.20280212321657015,0.4200876569865024,0.3925124175273056,Zm00001eb002570/Zm00001eb040790,2
GWAS_Protein_Goodman,BP,550,405,GO:0000470,maturation of LSU-rRNA,1/405,16/27694,0.2100438284932512,0.4200876569865024,0.3925124175273056,Zm00001eb037680,1
GWAS_Protein_Goodman,BP,550,405,GO:0000727,double-strand break repair via break-induced replication,1/405,16/27694,0.2100438284932512,0.4200876569865024,0.3925124175273056,Zm00001eb028400,1
GWAS_Protein_Goodman,CC,550,405,GO:0005744,TIM23 mitochondrial import inner membrane translocase complex,1/405,16/27694,0.2100438284932512,0.4200876569865024,0.3925124175273056,Zm00001eb045680,1
GWAS_Protein_Goodman,BP,550,405,GO:0006401,RNA catabolic process,1/405,16/27694,0.2100438284932512,0.4200876569865024,0.3925124175273056,Zm00001eb022830,1
GWAS_Protein_Goodman,BP,550,405,GO:0006783,heme biosynthetic process,1/405,16/27694,0.2100438284932512,0.4200876569865024,0.3925124175273056,Zm00001eb005400,1
GWAS_Protein_Goodman,CC,550,405,GO:0008541,"proteasome regulatory particle, lid subcomplex",1/405,16/27694,0.2100438284932512,0.4200876569865024,0.3925124175273056,Zm00001eb025130,1
GWAS_Protein_Goodman,BP,550,405,GO:0009089,lysine biosynthetic process via diaminopimelate,1/405,16/27694,0.2100438284932512,0.4200876569865024,0.3925124175273056,Zm00001eb028810,1
GWAS_Protein_Goodman,BP,550,405,GO:0009740,gibberellic acid mediated signaling pathway,1/405,16/27694,0.2100438284932512,0.4200876569865024,0.3925124175273056,Zm00001eb008130,1
GWAS_Protein_Goodman,MF,550,405,GO:0015020,glucuronosyltransferase activity,1/405,16/27694,0.2100438284932512,0.4200876569865024,0.3925124175273056,Zm00001eb012530,1
GWAS_Protein_Goodman,BP,550,405,GO:0016132,brassinosteroid biosynthetic process,1/405,16/27694,0.2100438284932512,0.4200876569865024,0.3925124175273056,Zm00001eb002360,1
GWAS_Protein_Goodman,BP,550,405,GO:0019388,galactose catabolic process,1/405,16/27694,0.2100438284932512,0.4200876569865024,0.3925124175273056,Zm00001eb005030,1
GWAS_Protein_Goodman,CC,550,405,GO:0030688,"preribosome, small subunit precursor",1/405,16/27694,0.2100438284932512,0.4200876569865024,0.3925124175273056,Zm00001eb018110,1
GWAS_Protein_Goodman,BP,550,405,GO:0045324,late endosome to vacuole transport,1/405,16/27694,0.2100438284932512,0.4200876569865024,0.3925124175273056,Zm00001eb000670,1
GWAS_Protein_Goodman,BP,550,405,GO:0048024,"regulation of mRNA splicing, via spliceosome",1/405,16/27694,0.2100438284932512,0.4200876569865024,0.3925124175273056,Zm00001eb042420,1
GWAS_Protein_Goodman,BP,550,405,GO:1901135,carbohydrate derivative metabolic process,1/405,16/27694,0.2100438284932512,0.4200876569865024,0.3925124175273056,Zm00001eb061350,1
GWAS_Protein_Goodman,MF,550,405,GO:0043022,ribosome binding,2/405,60/27694,0.21888321867019025,0.42992172125821654,0.40170095776935666,Zm00001eb008970/Zm00001eb037680,2
GWAS_Protein_Goodman,BP,550,405,GO:0009851,auxin biosynthetic process,1/405,17/27694,0.22160290969349083,0.42992172125821654,0.40170095776935666,Zm00001eb004710,1
GWAS_Protein_Goodman,BP,550,405,GO:0010374,stomatal complex development,1/405,17/27694,0.22160290969349083,0.42992172125821654,0.40170095776935666,Zm00001eb004650,1
GWAS_Protein_Goodman,CC,550,405,GO:0010494,cytoplasmic stress granule,1/405,17/27694,0.22160290969349083,0.42992172125821654,0.40170095776935666,Zm00001eb004400,1
GWAS_Protein_Goodman,MF,550,405,GO:0015288,porin activity,1/405,17/27694,0.22160290969349083,0.42992172125821654,0.40170095776935666,Zm00001eb007730,1
GWAS_Protein_Goodman,MF,550,405,GO:0016830,carbon-carbon lyase activity,1/405,17/27694,0.22160290969349083,0.42992172125821654,0.40170095776935666,Zm00001eb037690,1
GWAS_Protein_Goodman,CC,550,405,GO:0031981,nuclear lumen,1/405,17/27694,0.22160290969349083,0.42992172125821654,0.40170095776935666,Zm00001eb037700,1
GWAS_Protein_Goodman,MF,550,405,GO:0035615,clathrin adaptor activity,1/405,17/27694,0.22160290969349083,0.42992172125821654,0.40170095776935666,Zm00001eb000860,1
GWAS_Protein_Goodman,CC,550,405,GO:0045254,pyruvate dehydrogenase complex,1/405,17/27694,0.22160290969349083,0.42992172125821654,0.40170095776935666,Zm00001eb036940,1
GWAS_Protein_Goodman,CC,550,405,GO:0046930,pore complex,1/405,17/27694,0.22160290969349083,0.42992172125821654,0.40170095776935666,Zm00001eb007730,1
GWAS_Protein_Goodman,MF,550,405,GO:0140566,histone reader activity,1/405,17/27694,0.22160290969349083,0.42992172125821654,0.40170095776935666,Zm00001eb024600,1
GWAS_Protein_Goodman,BP,550,405,GO:0045490,pectin catabolic process,2/405,62/27694,0.22966347244793306,0.4423765429153492,0.41333822460452496,Zm00001eb028580/Zm00001eb040760,2
GWAS_Protein_Goodman,BP,550,405,GO:0009734,auxin-activated signaling pathway,4/405,168/27694,0.23202335531475313,0.4423765429153492,0.41333822460452496,Zm00001eb006610/Zm00001eb028720/Zm00001eb030680/Zm00001eb031700,4
GWAS_Protein_Goodman,MF,550,405,GO:0003725,double-stranded RNA binding,1/405,18/27694,0.2329932634736741,0.4423765429153492,0.41333822460452496,Zm00001eb007760,1
GWAS_Protein_Goodman,BP,550,405,GO:0006086,pyruvate decarboxylation to acetyl-CoA,1/405,18/27694,0.2329932634736741,0.4423765429153492,0.41333822460452496,Zm00001eb036940,1
GWAS_Protein_Goodman,CC,550,405,GO:0031902,late endosome membrane,1/405,18/27694,0.2329932634736741,0.4423765429153492,0.41333822460452496,Zm00001eb007810,1
GWAS_Protein_Goodman,BP,550,405,GO:0042908,xenobiotic transport,1/405,18/27694,0.2329932634736741,0.4423765429153492,0.41333822460452496,Zm00001eb008790,1
GWAS_Protein_Goodman,BP,550,405,GO:0045036,protein targeting to chloroplast,1/405,18/27694,0.2329932634736741,0.4423765429153492,0.41333822460452496,Zm00001eb063660,1
GWAS_Protein_Goodman,BP,550,405,GO:0046512,sphingosine biosynthetic process,1/405,18/27694,0.2329932634736741,0.4423765429153492,0.41333822460452496,Zm00001eb023770,1
GWAS_Protein_Goodman,MF,550,405,GO:0016538,cyclin-dependent protein serine/threonine kinase regulator activity,2/405,63/27694,0.23506702184934752,0.4451269137147219,0.41590805657555324,Zm00001eb012500/Zm00001eb056480,2
GWAS_Protein_Goodman,MF,550,405,GO:0008970,phospholipase A1 activity,1/405,19/27694,0.24421734673329154,0.45235114693657436,0.42265807933754435,Zm00001eb017530,1
GWAS_Protein_Goodman,BP,550,405,GO:0016075,rRNA catabolic process,1/405,19/27694,0.24421734673329154,0.45235114693657436,0.42265807933754435,Zm00001eb002260,1
GWAS_Protein_Goodman,MF,550,405,GO:0016628,"oxidoreductase activity, acting on the CH-CH group of donors, NAD or NADP as acceptor",1/405,19/27694,0.24421734673329154,0.45235114693657436,0.42265807933754435,Zm00001eb042530,1
GWAS_Protein_Goodman,BP,550,405,GO:0016926,protein desumoylation,1/405,19/27694,0.24421734673329154,0.45235114693657436,0.42265807933754435,Zm00001eb016540,1
GWAS_Protein_Goodman,MF,550,405,GO:0016929,deSUMOylase activity,1/405,19/27694,0.24421734673329154,0.45235114693657436,0.42265807933754435,Zm00001eb016540,1
GWAS_Protein_Goodman,BP,550,405,GO:0016998,cell wall macromolecule catabolic process,1/405,19/27694,0.24421734673329154,0.45235114693657436,0.42265807933754435,Zm00001eb002620,1
GWAS_Protein_Goodman,MF,550,405,GO:0030515,snoRNA binding,1/405,19/27694,0.24421734673329154,0.45235114693657436,0.42265807933754435,Zm00001eb016780,1
GWAS_Protein_Goodman,CC,550,405,GO:0031428,box C/D methylation guide snoRNP complex,1/405,19/27694,0.24421734673329154,0.45235114693657436,0.42265807933754435,Zm00001eb016780,1
GWAS_Protein_Goodman,MF,550,405,GO:0016788,"hydrolase activity, acting on ester bonds",4/405,172/27694,0.24459998816092857,0.45235114693657436,0.42265807933754435,Zm00001eb002330/Zm00001eb016720/Zm00001eb029180/Zm00001eb047640,4
GWAS_Protein_Goodman,MF,550,405,GO:0000149,SNARE binding,2/405,65/27694,0.24589397722903758,0.4535660927126289,0.42379327408986023,Zm00001eb012390/Zm00001eb037740,2
GWAS_Protein_Goodman,MF,550,405,GO:0016887,ATP hydrolysis activity,10/405,530/27694,0.2503872772072851,0.4555329259315223,0.4256310011660586,Zm00001eb000210/Zm00001eb000570/Zm00001eb004340/Zm00001eb012470/Zm00001eb012510/Zm00001eb025010/Zm00001eb029200/Zm00001eb033130/Zm00001eb033140/Zm00001eb042570,10
GWAS_Protein_Goodman,CC,550,405,GO:0005635,nuclear envelope,2/405,66/27694,0.25131470394146127,0.4555329259315223,0.4256310011660586,Zm00001eb000170/Zm00001eb016760,2
GWAS_Protein_Goodman,CC,550,405,GO:0000178,exosome (RNase complex),1/405,20/27694,0.2552775806835357,0.4555329259315223,0.4256310011660586,Zm00001eb002260,1
GWAS_Protein_Goodman,BP,550,405,GO:0000184,"nuclear-transcribed mRNA catabolic process, nonsense-mediated decay",1/405,20/27694,0.2552775806835357,0.4555329259315223,0.4256310011660586,Zm00001eb016670,1
GWAS_Protein_Goodman,CC,550,405,GO:0000815,ESCRT III complex,1/405,20/27694,0.2552775806835357,0.4555329259315223,0.4256310011660586,Zm00001eb000670,1
GWAS_Protein_Goodman,MF,550,405,GO:0004630,phospholipase D activity,1/405,20/27694,0.2552775806835357,0.4555329259315223,0.4256310011660586,Zm00001eb039780,1
GWAS_Protein_Goodman,CC,550,405,GO:0005880,nuclear microtubule,1/405,20/27694,0.2552775806835357,0.4555329259315223,0.4256310011660586,Zm00001eb007470,1
GWAS_Protein_Goodman,BP,550,405,GO:0009903,chloroplast avoidance movement,1/405,20/27694,0.2552775806835357,0.4555329259315223,0.4256310011660586,Zm00001eb000760,1
GWAS_Protein_Goodman,BP,550,405,GO:0009904,chloroplast accumulation movement,1/405,20/27694,0.2552775806835357,0.4555329259315223,0.4256310011660586,Zm00001eb000760,1
GWAS_Protein_Goodman,BP,550,405,GO:0010143,cutin biosynthetic process,1/405,20/27694,0.2552775806835357,0.4555329259315223,0.4256310011660586,Zm00001eb005110,1
GWAS_Protein_Goodman,MF,550,405,GO:0015112,nitrate transmembrane transporter activity,1/405,20/27694,0.2552775806835357,0.4555329259315223,0.4256310011660586,Zm00001eb023600,1
GWAS_Protein_Goodman,MF,550,405,GO:0050664,"oxidoreductase activity, acting on NAD(P)H, oxygen as acceptor",1/405,20/27694,0.2552775806835357,0.4555329259315223,0.4256310011660586,Zm00001eb040550,1
GWAS_Protein_Goodman,MF,550,405,GO:0103075,indole-3-pyruvate monooxygenase activity,1/405,20/27694,0.2552775806835357,0.4555329259315223,0.4256310011660586,Zm00001eb004710,1
GWAS_Protein_Goodman,BP,550,405,GO:0007015,actin filament organization,2/405,67/27694,0.2567385397341458,0.4569946007267795,0.42699672924205295,Zm00001eb017810/Zm00001eb040800,2
GWAS_Protein_Goodman,MF,550,405,GO:0004386,helicase activity,5/405,234/27694,0.2586473450486552,0.45924416377716337,0.4290986273021396,Zm00001eb004400/Zm00001eb014780/Zm00001eb028400/Zm00001eb029750/Zm00001eb042430,5
GWAS_Protein_Goodman,BP,550,405,GO:0006139,nucleobase-containing compound metabolic process,2/405,68/27694,0.2621642376276989,0.46203202274980604,0.43170348666155733,Zm00001eb004370/Zm00001eb026960,2
GWAS_Protein_Goodman,BP,550,405,GO:0006520,amino acid metabolic process,2/405,68/27694,0.2621642376276989,0.46203202274980604,0.43170348666155733,Zm00001eb017590/Zm00001eb060520,2
GWAS_Protein_Goodman,BP,550,405,GO:0031507,heterochromatin formation,2/405,68/27694,0.2621642376276989,0.46203202274980604,0.43170348666155733,Zm00001eb004820/Zm00001eb017490,2
GWAS_Protein_Goodman,BP,550,405,GO:0000028,ribosomal small subunit assembly,1/405,21/27694,0.26617635136443396,0.46450382885165925,0.4340130393764764,Zm00001eb002640,1
GWAS_Protein_Goodman,MF,550,405,GO:0004568,chitinase activity,1/405,21/27694,0.26617635136443396,0.46450382885165925,0.4340130393764764,Zm00001eb002620,1
GWAS_Protein_Goodman,BP,550,405,GO:0006857,oligopeptide transport,1/405,21/27694,0.26617635136443396,0.46450382885165925,0.4340130393764764,Zm00001eb023600,1
GWAS_Protein_Goodman,BP,550,405,GO:0061157,mRNA destabilization,1/405,21/27694,0.26617635136443396,0.46450382885165925,0.4340130393764764,Zm00001eb004420,1
GWAS_Protein_Goodman,MF,550,405,GO:0003676,nucleic acid binding,17/405,978/27694,0.26684731518194704,0.46453615748055327,0.43404324590140403,Zm00001eb001860/Zm00001eb004370/Zm00001eb004400/Zm00001eb005390/Zm00001eb005630/Zm00001eb012660/Zm00001eb014780/Zm00001eb017630/Zm00001eb017780/Zm00001eb021940/Zm00001eb028170/Zm00001eb029750/Zm00001eb030980/Zm00001eb042420/Zm00001eb042430/Zm00001eb060550/Zm00001eb062000,17
GWAS_Protein_Goodman,MF,550,405,GO:0016413,O-acetyltransferase activity,2/405,69/27694,0.26759058627364374,0.4646938961630106,0.43419063035928834,Zm00001eb022820/Zm00001eb030720,2
GWAS_Protein_Goodman,MF,550,405,GO:0016831,carboxy-lyase activity,2/405,70/27694,0.27301640918338677,0.472962733183872,0.4419166874219501,Zm00001eb005060/Zm00001eb037690,2
GWAS_Protein_Goodman,BP,550,405,GO:0000373,Group II intron splicing,1/405,22/27694,0.2769160101544962,0.4739524019951954,0.4428413927571902,Zm00001eb004560,1
GWAS_Protein_Goodman,CC,550,405,GO:0005758,mitochondrial intermembrane space,1/405,22/27694,0.2769160101544962,0.4739524019951954,0.4428413927571902,Zm00001eb002320,1
GWAS_Protein_Goodman,CC,550,405,GO:0005771,multivesicular body,1/405,22/27694,0.2769160101544962,0.4739524019951954,0.4428413927571902,Zm00001eb000670,1
GWAS_Protein_Goodman,BP,550,405,GO:0009691,cytokinin biosynthetic process,1/405,22/27694,0.2769160101544962,0.4739524019951954,0.4428413927571902,Zm00001eb045690,1
GWAS_Protein_Goodman,MF,550,405,GO:0043539,protein serine/threonine kinase activator activity,1/405,22/27694,0.2769160101544962,0.4739524019951954,0.4428413927571902,Zm00001eb017560,1
GWAS_Protein_Goodman,MF,550,405,GO:0050660,flavin adenine dinucleotide binding,4/405,185/27694,0.28639576376582776,0.4807999476068694,0.4492394542985533,Zm00001eb004710/Zm00001eb004790/Zm00001eb007440/Zm00001eb063680,4
GWAS_Protein_Goodman,CC,550,405,GO:0000177,cytoplasmic exosome (RNase complex),1/405,23/27694,0.28749887427300724,0.4807999476068694,0.4492394542985533,Zm00001eb002260,1
GWAS_Protein_Goodman,MF,550,405,GO:0001671,ATPase activator activity,1/405,23/27694,0.28749887427300724,0.4807999476068694,0.4492394542985533,Zm00001eb018130,1
GWAS_Protein_Goodman,MF,550,405,GO:0008378,galactosyltransferase activity,1/405,23/27694,0.28749887427300724,0.4807999476068694,0.4492394542985533,Zm00001eb061350,1
GWAS_Protein_Goodman,CC,550,405,GO:0008540,"proteasome regulatory particle, base subcomplex",1/405,23/27694,0.28749887427300724,0.4807999476068694,0.4492394542985533,Zm00001eb026350,1
GWAS_Protein_Goodman,BP,550,405,GO:0010052,guard cell differentiation,1/405,23/27694,0.28749887427300724,0.4807999476068694,0.4492394542985533,Zm00001eb004650,1
GWAS_Protein_Goodman,MF,550,405,GO:0016780,"phosphotransferase activity, for other substituted phosphate groups",1/405,23/27694,0.28749887427300724,0.4807999476068694,0.4492394542985533,Zm00001eb028390,1
GWAS_Protein_Goodman,BP,550,405,GO:0048366,leaf development,1/405,23/27694,0.28749887427300724,0.4807999476068694,0.4492394542985533,Zm00001eb020850,1
GWAS_Protein_Goodman,MF,550,405,GO:1990247,N6-methyladenosine-containing RNA reader activity,1/405,23/27694,0.28749887427300724,0.4807999476068694,0.4492394542985533,Zm00001eb004420,1
GWAS_Protein_Goodman,MF,550,405,GO:0016791,phosphatase activity,3/405,128/27694,0.2883449123990635,0.4807999476068694,0.4492394542985533,Zm00001eb005110/Zm00001eb039610/Zm00001eb041910,3
GWAS_Protein_Goodman,MF,550,405,GO:0030170,pyridoxal phosphate binding,3/405,128/27694,0.2883449123990635,0.4807999476068694,0.4492394542985533,Zm00001eb004390/Zm00001eb023770/Zm00001eb037690,3
GWAS_Protein_Goodman,BP,550,405,GO:0006950,response to stress,5/405,246/27694,0.2921565643255713,0.4834170823104493,0.4516847960085806,Zm00001eb005650/Zm00001eb028530/Zm00001eb033130/Zm00001eb033140/Zm00001eb038660,5
GWAS_Protein_Goodman,MF,550,405,GO:0003690,double-stranded DNA binding,2/405,74/27694,0.2946920918438436,0.4834170823104493,0.4516847960085806,Zm00001eb006890/Zm00001eb038640,2
GWAS_Protein_Goodman,MF,550,405,GO:0004758,serine C-palmitoyltransferase activity,1/405,24/27694,0.2979272272750467,0.4834170823104493,0.4516847960085806,Zm00001eb023770,1
GWAS_Protein_Goodman,MF,550,405,GO:0005262,calcium channel activity,1/405,24/27694,0.2979272272750467,0.4834170823104493,0.4516847960085806,Zm00001eb004320,1
GWAS_Protein_Goodman,BP,550,405,GO:0006406,mRNA export from nucleus,1/405,24/27694,0.2979272272750467,0.4834170823104493,0.4516847960085806,Zm00001eb016670,1
GWAS_Protein_Goodman,MF,550,405,GO:0008308,voltage-gated monoatomic anion channel activity,1/405,24/27694,0.2979272272750467,0.4834170823104493,0.4516847960085806,Zm00001eb007730,1
GWAS_Protein_Goodman,BP,550,405,GO:0071035,nuclear polyadenylation-dependent rRNA catabolic process,1/405,24/27694,0.2979272272750467,0.4834170823104493,0.4516847960085806,Zm00001eb004370,1
GWAS_Protein_Goodman,BP,550,405,GO:0071038,TRAMP-dependent tRNA surveillance pathway,1/405,24/27694,0.2979272272750467,0.4834170823104493,0.4516847960085806,Zm00001eb004370,1
GWAS_Protein_Goodman,BP,550,405,GO:0071669,plant-type cell wall organization or biogenesis,1/405,24/27694,0.2979272272750467,0.4834170823104493,0.4516847960085806,Zm00001eb047650,1
GWAS_Protein_Goodman,CC,550,405,GO:0080008,Cul4-RING E3 ubiquitin ligase complex,1/405,24/27694,0.2979272272750467,0.4834170823104493,0.4516847960085806,Zm00001eb001890,1
GWAS_Protein_Goodman,BP,550,405,GO:0098656,monoatomic anion transmembrane transport,1/405,24/27694,0.2979272272750467,0.4834170823104493,0.4516847960085806,Zm00001eb007730,1
GWAS_Protein_Goodman,BP,550,405,GO:0008652,amino acid biosynthetic process,4/405,189/27694,0.29946990863006445,0.4834170823104493,0.4516847960085806,Zm00001eb004390/Zm00001eb004660/Zm00001eb021930/Zm00001eb028810,4
GWAS_Protein_Goodman,BP,550,405,GO:0015031,protein transport,11/405,620/27694,0.2998516967863672,0.4834170823104493,0.4516847960085806,Zm00001eb000670/Zm00001eb000860/Zm00001eb002050/Zm00001eb005370/Zm00001eb007810/Zm00001eb016760/Zm00001eb024450/Zm00001eb033760/Zm00001eb045680/Zm00001eb056500/Zm00001eb063660,11
GWAS_Protein_Goodman,MF,550,405,GO:0004857,enzyme inhibitor activity,2/405,75/27694,0.3000988067151946,0.4834170823104493,0.4516847960085806,Zm00001eb028480/Zm00001eb040760,2
GWAS_Protein_Goodman,MF,550,405,GO:0050661,NADP binding,2/405,75/27694,0.3000988067151946,0.4834170823104493,0.4516847960085806,Zm00001eb004710/Zm00001eb004790,2
GWAS_Protein_Goodman,MF,550,405,GO:0000981,"DNA-binding transcription factor activity, RNA polymerase II-specific",6/405,310/27694,0.3017328885045923,0.48495218197577816,0.45311912922633313,Zm00001eb002350/Zm00001eb004590/Zm00001eb005690/Zm00001eb024680/Zm00001eb031690/Zm00001eb037670,6
GWAS_Protein_Goodman,BP,550,405,GO:0000956,nuclear-transcribed mRNA catabolic process,1/405,25/27694,0.30820331953936164,0.49214356547740495,0.45983845857735056,Zm00001eb022830,1
GWAS_Protein_Goodman,BP,550,405,GO:0009555,pollen development,1/405,25/27694,0.30820331953936164,0.49214356547740495,0.45983845857735056,Zm00001eb019420,1
GWAS_Protein_Goodman,BP,550,405,GO:0006633,fatty acid biosynthetic process,3/405,133/27694,0.3082809412962396,0.49214356547740495,0.45983845857735056,Zm00001eb000710/Zm00001eb028240/Zm00001eb040310,3
GWAS_Protein_Goodman,CC,550,405,GO:0005743,mitochondrial inner membrane,5/405,252/27694,0.30919269118555953,0.49249484591525367,0.46016668039390934,Zm00001eb002060/Zm00001eb002320/Zm00001eb006910/Zm00001eb012490/Zm00001eb045680,5
GWAS_Protein_Goodman,MF,550,405,GO:0004519,endonuclease activity,2/405,77/27694,0.31089060175933514,0.4929935600281662,0.46063265809846393,Zm00001eb002260/Zm00001eb005390,2
GWAS_Protein_Goodman,BP,550,405,GO:0031146,SCF-dependent proteasomal ubiquitin-dependent protein catabolic process,2/405,77/27694,0.31089060175933514,0.4929935600281662,0.46063265809846393,Zm00001eb000550/Zm00001eb006610,2
GWAS_Protein_Goodman,BP,550,405,GO:0016042,lipid catabolic process,3/405,134/27694,0.3122755114882623,0.4940892537325395,0.4616564286797235,Zm00001eb017530/Zm00001eb023740/Zm00001eb039780,3
GWAS_Protein_Goodman,MF,550,405,GO:0016758,hexosyltransferase activity,2/405,78/27694,0.31627380544657624,0.4970405933101288,0.46441403751035093,Zm00001eb061350/Zm00001eb061380,2
GWAS_Protein_Goodman,MF,550,405,GO:0004445,inositol-polyphosphate 5-phosphatase activity,1/405,26/27694,0.3183293687491836,0.4970405933101288,0.46441403751035093,Zm00001eb041910,1
GWAS_Protein_Goodman,MF,550,405,GO:0004693,cyclin-dependent protein serine/threonine kinase activity,1/405,26/27694,0.3183293687491836,0.4970405933101288,0.46441403751035093,Zm00001eb017510,1
GWAS_Protein_Goodman,BP,550,405,GO:0007034,vacuolar transport,1/405,26/27694,0.3183293687491836,0.4970405933101288,0.46441403751035093,Zm00001eb000670,1
GWAS_Protein_Goodman,BP,550,405,GO:0015706,nitrate transmembrane transport,1/405,26/27694,0.3183293687491836,0.4970405933101288,0.46441403751035093,Zm00001eb023600,1
GWAS_Protein_Goodman,BP,550,405,GO:0016070,RNA metabolic process,1/405,26/27694,0.3183293687491836,0.4970405933101288,0.46441403751035093,Zm00001eb016670,1
GWAS_Protein_Goodman,BP,550,405,GO:0006417,regulation of translation,2/405,79/27694,0.32164734361350966,0.5000281848314823,0.4672055186479846,Zm00001eb008970/Zm00001eb014810,2
GWAS_Protein_Goodman,BP,550,405,GO:0009409,response to cold,2/405,79/27694,0.32164734361350966,0.5000281848314823,0.4672055186479846,Zm00001eb002180/Zm00001eb006890,2
GWAS_Protein_Goodman,CC,550,405,GO:0005811,lipid droplet,1/405,27/27694,0.32830756036609066,0.5037822909065874,0.47071319907297926,Zm00001eb000200,1
GWAS_Protein_Goodman,BP,550,405,GO:0010268,brassinosteroid homeostasis,1/405,27/27694,0.32830756036609066,0.5037822909065874,0.47071319907297926,Zm00001eb002360,1
GWAS_Protein_Goodman,BP,550,405,GO:0016310,phosphorylation,1/405,27/27694,0.32830756036609066,0.5037822909065874,0.47071319907297926,Zm00001eb001870,1
GWAS_Protein_Goodman,MF,550,405,GO:0017056,structural constituent of nuclear pore,1/405,27/27694,0.32830756036609066,0.5037822909065874,0.47071319907297926,Zm00001eb016760,1
GWAS_Protein_Goodman,BP,550,405,GO:0031408,oxylipin biosynthetic process,1/405,27/27694,0.32830756036609066,0.5037822909065874,0.47071319907297926,Zm00001eb040310,1
GWAS_Protein_Goodman,MF,550,405,GO:0034485,"phosphatidylinositol-3,4,5-trisphosphate 5-phosphatase activity",1/405,27/27694,0.32830756036609066,0.5037822909065874,0.47071319907297926,Zm00001eb041910,1
GWAS_Protein_Goodman,BP,550,405,GO:0006457,protein folding,6/405,322/27694,0.3324263116040717,0.5090054491658045,0.47559350069897754,Zm00001eb007780/Zm00001eb009060/Zm00001eb017830/Zm00001eb018130/Zm00001eb025010/Zm00001eb029690,6
GWAS_Protein_Goodman,MF,550,405,GO:0003729,mRNA binding,12/405,703/27694,0.3338197310125506,0.5100421641221803,0.47656216399352147,Zm00001eb004400/Zm00001eb004420/Zm00001eb004480/Zm00001eb005630/Zm00001eb008750/Zm00001eb014810/Zm00001eb016670/Zm00001eb017780/Zm00001eb030980/Zm00001eb045730/Zm00001eb061360/Zm00001eb062000,12
GWAS_Protein_Goodman,MF,550,405,GO:0003755,peptidyl-prolyl cis-trans isomerase activity,2/405,82/27694,0.33770142928636526,0.5122462005214489,0.4786215238461793,Zm00001eb000740/Zm00001eb007780,2
GWAS_Protein_Goodman,BP,550,405,GO:0006814,sodium ion transport,1/405,28/27694,0.3381400480970238,0.5122462005214489,0.4786215238461793,Zm00001eb033240,1
GWAS_Protein_Goodman,MF,550,405,GO:0008843,endochitinase activity,1/405,28/27694,0.3381400480970238,0.5122462005214489,0.4786215238461793,Zm00001eb002620,1
GWAS_Protein_Goodman,MF,550,405,GO:0016765,"transferase activity, transferring alkyl or aryl (other than methyl) groups",1/405,28/27694,0.3381400480970238,0.5122462005214489,0.4786215238461793,Zm00001eb005400,1
GWAS_Protein_Goodman,MF,550,405,GO:0004499,"N,N-dimethylaniline monooxygenase activity",1/405,29/27694,0.34782895435454986,0.5221442914301034,0.48786988791221964,Zm00001eb004710,1
GWAS_Protein_Goodman,MF,550,405,GO:0019901,protein kinase binding,1/405,29/27694,0.34782895435454986,0.5221442914301034,0.48786988791221964,Zm00001eb012500,1
GWAS_Protein_Goodman,BP,550,405,GO:0040029,epigenetic regulation of gene expression,1/405,29/27694,0.34782895435454986,0.5221442914301034,0.48786988791221964,Zm00001eb025020,1
GWAS_Protein_Goodman,MF,550,405,GO:0016746,acyltransferase activity,6/405,328/27694,0.3479210263562565,0.5221442914301034,0.48786988791221964,Zm00001eb005110/Zm00001eb012650/Zm00001eb023770/Zm00001eb030760/Zm00001eb060510/Zm00001eb060530,6
GWAS_Protein_Goodman,CC,550,405,GO:0005773,vacuole,2/405,84/27694,0.3483406438613752,0.5221442914301034,0.48786988791221964,Zm00001eb005030/Zm00001eb016530,2
GWAS_Protein_Goodman,MF,550,405,GO:0004722,protein serine/threonine phosphatase activity,5/405,267/27694,0.35229162254101504,0.5235637365140974,0.48919615830412405,Zm00001eb008960/Zm00001eb023750/Zm00001eb028320/Zm00001eb039580/Zm00001eb040520,5
GWAS_Protein_Goodman,MF,550,405,GO:0003824,catalytic activity,11/405,650/27694,0.3541558278581993,0.5235637365140974,0.48919615830412405,Zm00001eb004410/Zm00001eb005060/Zm00001eb007700/Zm00001eb008780/Zm00001eb015770/Zm00001eb017520/Zm00001eb017580/Zm00001eb038650/Zm00001eb039780/Zm00001eb039820/Zm00001eb044590,11
GWAS_Protein_Goodman,MF,550,405,GO:0004497,monooxygenase activity,7/405,394/27694,0.3549341863155174,0.5235637365140974,0.48919615830412405,Zm00001eb002360/Zm00001eb004710/Zm00001eb008980/Zm00001eb009010/Zm00001eb009080/Zm00001eb010640/Zm00001eb017640,7
GWAS_Protein_Goodman,BP,550,405,GO:0000381,"regulation of alternative mRNA splicing, via spliceosome",1/405,30/27694,0.35737637071046535,0.5235637365140974,0.48919615830412405,Zm00001eb017780,1
GWAS_Protein_Goodman,MF,550,405,GO:0004540,RNA nuclease activity,1/405,30/27694,0.35737637071046535,0.5235637365140974,0.48919615830412405,Zm00001eb002260,1
GWAS_Protein_Goodman,BP,550,405,GO:0006032,chitin catabolic process,1/405,30/27694,0.35737637071046535,0.5235637365140974,0.48919615830412405,Zm00001eb002620,1
GWAS_Protein_Goodman,BP,550,405,GO:0006259,DNA metabolic process,1/405,30/27694,0.35737637071046535,0.5235637365140974,0.48919615830412405,Zm00001eb002330,1
GWAS_Protein_Goodman,BP,550,405,GO:0006353,DNA-templated transcription termination,1/405,30/27694,0.35737637071046535,0.5235637365140974,0.48919615830412405,Zm00001eb017630,1
GWAS_Protein_Goodman,BP,550,405,GO:0016102,diterpenoid biosynthetic process,1/405,30/27694,0.35737637071046535,0.5235637365140974,0.48919615830412405,Zm00001eb016730,1
GWAS_Protein_Goodman,BP,550,405,GO:0042147,"retrograde transport, endosome to Golgi",1/405,30/27694,0.35737637071046535,0.5235637365140974,0.48919615830412405,Zm00001eb056500,1
GWAS_Protein_Goodman,MF,550,405,GO:0097602,cullin family protein binding,1/405,30/27694,0.35737637071046535,0.5235637365140974,0.48919615830412405,Zm00001eb000550,1
GWAS_Protein_Goodman,MF,550,405,GO:0004721,phosphoprotein phosphatase activity,4/405,208/27694,0.36222270912966337,0.5284994246546955,0.49380785981928965,Zm00001eb039610/Zm00001eb040520/Zm00001eb040770/Zm00001eb042540,4
GWAS_Protein_Goodman,BP,550,405,GO:0006811,monoatomic ion transport,8/405,461/27694,0.3622299427408587,0.5284994246546955,0.49380785981928965,Zm00001eb000210/Zm00001eb000720/Zm00001eb000750/Zm00001eb002040/Zm00001eb004780/Zm00001eb007730/Zm00001eb033240/Zm00001eb041980,8
GWAS_Protein_Goodman,BP,550,405,GO:0000467,"exonucleolytic trimming to generate mature 3'-end of 5.8S rRNA from tricistronic rRNA transcript (SSU-rRNA, 5.8S rRNA, LSU-rRNA)",1/405,31/27694,0.36678435834284895,0.5297169637730395,0.49494547768267433,Zm00001eb004370,1
GWAS_Protein_Goodman,BP,550,405,GO:0006164,purine nucleotide biosynthetic process,1/405,31/27694,0.36678435834284895,0.5297169637730395,0.49494547768267433,Zm00001eb005660,1
GWAS_Protein_Goodman,BP,550,405,GO:0030150,protein import into mitochondrial matrix,1/405,31/27694,0.36678435834284895,0.5297169637730395,0.49494547768267433,Zm00001eb045680,1
GWAS_Protein_Goodman,CC,550,405,GO:0043231,intracellular membrane-bounded organelle,1/405,31/27694,0.36678435834284895,0.5297169637730395,0.49494547768267433,Zm00001eb017630,1
GWAS_Protein_Goodman,BP,550,405,GO:0045037,protein import into chloroplast stroma,1/405,31/27694,0.36678435834284895,0.5297169637730395,0.49494547768267433,Zm00001eb063660,1
GWAS_Protein_Goodman,MF,550,405,GO:0004439,"phosphatidylinositol-4,5-bisphosphate 5-phosphatase activity",1/405,32/27694,0.3760549484766429,0.5376528580629915,0.5023604469187029,Zm00001eb041910,1
GWAS_Protein_Goodman,CC,550,405,GO:0005618,cell wall,1/405,32/27694,0.3760549484766429,0.5376528580629915,0.5023604469187029,Zm00001eb000660,1
GWAS_Protein_Goodman,BP,550,405,GO:0006270,DNA replication initiation,1/405,32/27694,0.3760549484766429,0.5376528580629915,0.5023604469187029,Zm00001eb028400,1
GWAS_Protein_Goodman,MF,550,405,GO:0016762,xyloglucan:xyloglucosyl transferase activity,1/405,32/27694,0.3760549484766429,0.5376528580629915,0.5023604469187029,Zm00001eb000660,1
GWAS_Protein_Goodman,MF,550,405,GO:0030544,Hsp70 protein binding,1/405,32/27694,0.3760549484766429,0.5376528580629915,0.5023604469187029,Zm00001eb018130,1
GWAS_Protein_Goodman,MF,550,405,GO:0004620,phospholipase activity,1/405,33/27694,0.3851901428178677,0.5409376364621732,0.5054296071024444,Zm00001eb023740,1
GWAS_Protein_Goodman,MF,550,405,GO:0005216,monoatomic ion channel activity,1/405,33/27694,0.3851901428178677,0.5409376364621732,0.5054296071024444,Zm00001eb020860,1
GWAS_Protein_Goodman,MF,550,405,GO:0005315,phosphate transmembrane transporter activity,1/405,33/27694,0.3851901428178677,0.5409376364621732,0.5054296071024444,Zm00001eb012490,1
GWAS_Protein_Goodman,BP,550,405,GO:0006261,DNA-templated DNA replication,1/405,33/27694,0.3851901428178677,0.5409376364621732,0.5054296071024444,Zm00001eb037700,1
GWAS_Protein_Goodman,BP,550,405,GO:0007059,chromosome segregation,1/405,33/27694,0.3851901428178677,0.5409376364621732,0.5054296071024444,Zm00001eb007810,1
GWAS_Protein_Goodman,BP,550,405,GO:0009867,jasmonic acid mediated signaling pathway,1/405,33/27694,0.3851901428178677,0.5409376364621732,0.5054296071024444,Zm00001eb000550,1
GWAS_Protein_Goodman,BP,550,405,GO:0010411,xyloglucan metabolic process,1/405,33/27694,0.3851901428178677,0.5409376364621732,0.5054296071024444,Zm00001eb000660,1
GWAS_Protein_Goodman,BP,550,405,GO:0010417,glucuronoxylan biosynthetic process,1/405,33/27694,0.3851901428178677,0.5409376364621732,0.5054296071024444,Zm00001eb000640,1
GWAS_Protein_Goodman,MF,550,405,GO:0031593,polyubiquitin modification-dependent protein binding,1/405,33/27694,0.3851901428178677,0.5409376364621732,0.5054296071024444,Zm00001eb026350,1
GWAS_Protein_Goodman,BP,550,405,GO:0007030,Golgi organization,1/405,34/27694,0.3941919139815554,0.5514040132708594,0.515208953854499,Zm00001eb056500,1
GWAS_Protein_Goodman,BP,550,405,GO:0045454,cell redox homeostasis,1/405,34/27694,0.3941919139815554,0.5514040132708594,0.515208953854499,Zm00001eb004790,1
GWAS_Protein_Goodman,BP,550,405,GO:0006913,nucleocytoplasmic transport,1/405,35/27694,0.40306220591349595,0.5594157711703881,0.5226948068889492,Zm00001eb016760,1
GWAS_Protein_Goodman,BP,550,405,GO:0009744,response to sucrose,1/405,35/27694,0.40306220591349595,0.5594157711703881,0.5226948068889492,Zm00001eb023780,1
GWAS_Protein_Goodman,BP,550,405,GO:0009833,plant-type primary cell wall biogenesis,1/405,35/27694,0.40306220591349595,0.5594157711703881,0.5226948068889492,Zm00001eb047650,1
GWAS_Protein_Goodman,BP,550,405,GO:0019252,starch biosynthetic process,1/405,35/27694,0.40306220591349595,0.5594157711703881,0.5226948068889492,Zm00001eb017580,1
GWAS_Protein_Goodman,MF,550,405,GO:0004842,ubiquitin-protein transferase activity,5/405,286/27694,0.407196878212838,0.5640548196255655,0.5270293406318116,Zm00001eb000650/Zm00001eb007780/Zm00001eb012430/Zm00001eb044600/Zm00001eb056470,5
GWAS_Protein_Goodman,BP,550,405,GO:0006506,GPI anchor biosynthetic process,1/405,36/27694,0.41180293430588266,0.5671251242278307,0.5298981054287241,Zm00001eb002240,1
GWAS_Protein_Goodman,MF,550,405,GO:0008408,3'-5' exonuclease activity,1/405,36/27694,0.41180293430588266,0.5671251242278307,0.5298981054287241,Zm00001eb004370,1
GWAS_Protein_Goodman,BP,550,405,GO:0048608,reproductive structure development,1/405,36/27694,0.41180293430588266,0.5671251242278307,0.5298981054287241,Zm00001eb000200,1
GWAS_Protein_Goodman,MF,550,405,GO:0003735,structural constituent of ribosome,10/405,616/27694,0.4136961739241185,0.5686325788300625,0.5313066082504427,Zm00001eb000270/Zm00001eb001840/Zm00001eb002640/Zm00001eb005360/Zm00001eb012410/Zm00001eb024470/Zm00001eb037660/Zm00001eb039550/Zm00001eb060550/Zm00001eb061360,10
GWAS_Protein_Goodman,BP,550,405,GO:0006833,water transport,1/405,37/27694,0.42041598700695015,0.5697440413830036,0.5323451125873127,Zm00001eb005410,1
GWAS_Protein_Goodman,BP,550,405,GO:0007005,mitochondrion organization,1/405,37/27694,0.42041598700695015,0.5697440413830036,0.5323451125873127,Zm00001eb045730,1
GWAS_Protein_Goodman,MF,550,405,GO:0008324,monoatomic cation transmembrane transporter activity,1/405,37/27694,0.42041598700695015,0.5697440413830036,0.5323451125873127,Zm00001eb041980,1
GWAS_Protein_Goodman,CC,550,405,GO:0009579,thylakoid,1/405,37/27694,0.42041598700695015,0.5697440413830036,0.5323451125873127,Zm00001eb001950,1
GWAS_Protein_Goodman,CC,550,405,GO:0030117,membrane coat,1/405,37/27694,0.42041598700695015,0.5697440413830036,0.5323451125873127,Zm00001eb000860,1
GWAS_Protein_Goodman,BP,550,405,GO:0035672,oligopeptide transmembrane transport,1/405,37/27694,0.42041598700695015,0.5697440413830036,0.5323451125873127,Zm00001eb033760,1
GWAS_Protein_Goodman,MF,550,405,GO:0035673,oligopeptide transmembrane transporter activity,1/405,37/27694,0.42041598700695015,0.5697440413830036,0.5323451125873127,Zm00001eb033760,1
GWAS_Protein_Goodman,MF,550,405,GO:0003712,transcription coregulator activity,2/405,98/27694,0.42090641259474704,0.5697440413830036,0.5323451125873127,Zm00001eb006890/Zm00001eb044560,2
GWAS_Protein_Goodman,MF,550,405,GO:0042393,histone binding,2/405,99/27694,0.42593743014157304,0.5740208567488212,0.5363411908120268,Zm00001eb012500/Zm00001eb012650,2
GWAS_Protein_Goodman,CC,550,405,GO:0005788,endoplasmic reticulum lumen,1/405,38/27694,0.428903224424681,0.5740208567488212,0.5363411908120268,Zm00001eb012510,1
GWAS_Protein_Goodman,CC,550,405,GO:0015630,microtubule cytoskeleton,1/405,38/27694,0.428903224424681,0.5740208567488212,0.5363411908120268,Zm00001eb000890,1
GWAS_Protein_Goodman,MF,550,405,GO:0042054,histone methyltransferase activity,1/405,38/27694,0.428903224424681,0.5740208567488212,0.5363411908120268,Zm00001eb038640,1
GWAS_Protein_Goodman,BP,550,405,GO:0044042,glucan metabolic process,1/405,38/27694,0.428903224424681,0.5740208567488212,0.5363411908120268,Zm00001eb000660,1
GWAS_Protein_Goodman,BP,550,405,GO:0051225,spindle assembly,1/405,38/27694,0.428903224424681,0.5740208567488212,0.5363411908120268,Zm00001eb007470,1
GWAS_Protein_Goodman,MF,550,405,GO:0005516,calmodulin binding,4/405,229/27694,0.43131419766185153,0.5761645567265259,0.5383441748243115,Zm00001eb002180/Zm00001eb002250/Zm00001eb006890/Zm00001eb029730,4
GWAS_Protein_Goodman,BP,550,405,GO:0005992,trehalose biosynthetic process,1/405,39/27694,0.43726647992468126,0.5819322125352767,0.5437332322919793,Zm00001eb018720,1
GWAS_Protein_Goodman,BP,550,405,GO:0009739,response to gibberellin,1/405,39/27694,0.43726647992468126,0.5819322125352767,0.5437332322919793,Zm00001eb023780,1
GWAS_Protein_Goodman,BP,550,405,GO:0006813,potassium ion transport,2/405,103/27694,0.44582864863073657,0.592220145196053,0.5533458482612441,Zm00001eb004780/Zm00001eb033240,2
GWAS_Protein_Goodman,BP,550,405,GO:0071897,DNA biosynthetic process,1/405,41/27694,0.45362824576905003,0.6014586796788894,0.5619779502617653,Zm00001eb002170,1
GWAS_Protein_Goodman,BP,550,405,GO:0006338,chromatin remodeling,3/405,173/27694,0.46526091220222177,0.6157356310185538,0.575317739213078,Zm00001eb025020/Zm00001eb028840/Zm00001eb038640,3
GWAS_Protein_Goodman,BP,550,405,GO:0042273,ribosomal large subunit biogenesis,1/405,43/27694,0.4695154253766408,0.6202133262860264,0.5795015112548325,Zm00001eb037680,1
GWAS_Protein_Goodman,BP,550,405,GO:0006397,mRNA processing,6/405,376/27694,0.4720522461907867,0.6224096283108149,0.5815536444299749,Zm00001eb004560/Zm00001eb005630/Zm00001eb014810/Zm00001eb014820/Zm00001eb016670/Zm00001eb042420,6
GWAS_Protein_Goodman,MF,550,405,GO:0003678,DNA helicase activity,1/405,44/27694,0.4772853524216829,0.6258327273006229,0.5847520456150113,Zm00001eb028400,1
GWAS_Protein_Goodman,MF,550,405,GO:0016760,cellulose synthase (UDP-forming) activity,1/405,44/27694,0.4772853524216829,0.6258327273006229,0.5847520456150113,Zm00001eb047650,1
GWAS_Protein_Goodman,BP,550,405,GO:0048367,shoot system development,1/405,44/27694,0.4772853524216829,0.6258327273006229,0.5847520456150113,Zm00001eb002600,1
GWAS_Protein_Goodman,MF,550,405,GO:0022857,transmembrane transporter activity,8/405,515/27694,0.48124365230277366,0.6298630155139243,0.5885177791318749,Zm00001eb000240/Zm00001eb001900/Zm00001eb008790/Zm00001eb008810/Zm00001eb017730/Zm00001eb017760/Zm00001eb023600/Zm00001eb047630,8
GWAS_Protein_Goodman,BP,550,405,GO:0034599,cellular response to oxidative stress,1/405,45/27694,0.4849417514187613,0.6323782545973591,0.5908679138165743,Zm00001eb017600,1
GWAS_Protein_Goodman,BP,550,405,GO:0051028,mRNA transport,1/405,45/27694,0.4849417514187613,0.6323782545973591,0.5908679138165743,Zm00001eb016760,1
GWAS_Protein_Goodman,BP,550,405,GO:0009699,phenylpropanoid biosynthetic process,1/405,46/27694,0.49248627710415305,0.6398726812010164,0.597870394025787,Zm00001eb026860,1
GWAS_Protein_Goodman,MF,550,405,GO:0016298,lipase activity,1/405,46/27694,0.49248627710415305,0.6398726812010164,0.597870394025787,Zm00001eb026120,1
GWAS_Protein_Goodman,CC,550,405,GO:0005840,ribosome,10/405,657/27694,0.49368193191249965,0.6402578060504549,0.598230238651519,Zm00001eb000270/Zm00001eb001840/Zm00001eb002640/Zm00001eb005360/Zm00001eb012410/Zm00001eb024470/Zm00001eb037660/Zm00001eb039550/Zm00001eb060550/Zm00001eb061360,10
GWAS_Protein_Goodman,BP,550,405,GO:0006629,lipid metabolic process,9/405,590/27694,0.49599330888760085,0.6420858835054032,0.5999383181185909,Zm00001eb009080/Zm00001eb016740/Zm00001eb017530/Zm00001eb023740/Zm00001eb028240/Zm00001eb028390/Zm00001eb039570/Zm00001eb039780/Zm00001eb040310,9
GWAS_Protein_Goodman,CC,550,405,GO:0000785,chromatin,2/405,114/27694,0.49845706805565704,0.6436590213922648,0.6014081926669298,Zm00001eb025020/Zm00001eb028170,2
GWAS_Protein_Goodman,MF,550,405,GO:0004867,serine-type endopeptidase inhibitor activity,1/405,47/27694,0.49992056015438546,0.6436590213922648,0.6014081926669298,Zm00001eb030610,1
GWAS_Protein_Goodman,BP,550,405,GO:0006367,transcription initiation at RNA polymerase II promoter,1/405,47/27694,0.49992056015438546,0.6436590213922648,0.6014081926669298,Zm00001eb056480,1
GWAS_Protein_Goodman,MF,550,405,GO:0005198,structural molecule activity,1/405,48/27694,0.5072462075352033,0.6453306078233212,0.602970053436338,Zm00001eb025130,1
GWAS_Protein_Goodman,CC,550,405,GO:0005741,mitochondrial outer membrane,1/405,48/27694,0.5072462075352033,0.6453306078233212,0.602970053436338,Zm00001eb007730,1
GWAS_Protein_Goodman,CC,550,405,GO:0005762,mitochondrial large ribosomal subunit,1/405,48/27694,0.5072462075352033,0.6453306078233212,0.602970053436338,Zm00001eb001840,1
GWAS_Protein_Goodman,CC,550,405,GO:0009707,chloroplast outer membrane,1/405,48/27694,0.5072462075352033,0.6453306078233212,0.602970053436338,Zm00001eb063660,1
GWAS_Protein_Goodman,CC,550,405,GO:0032991,protein-containing complex,1/405,48/27694,0.5072462075352033,0.6453306078233212,0.602970053436338,Zm00001eb028400,1
GWAS_Protein_Goodman,BP,550,405,GO:0046856,phosphatidylinositol dephosphorylation,1/405,48/27694,0.5072462075352033,0.6453306078233212,0.602970053436338,Zm00001eb041910,1
GWAS_Protein_Goodman,MF,550,405,GO:0016747,"acyltransferase activity, transferring groups other than amino-acyl groups",4/405,253/27694,0.507563399411601,0.6453306078233212,0.602970053436338,Zm00001eb007490/Zm00001eb012650/Zm00001eb060510/Zm00001eb060530,4
GWAS_Protein_Goodman,BP,550,405,GO:0042274,ribosomal small subunit biogenesis,1/405,49/27694,0.514464802845492,0.6529392863208383,0.6100792858586189,Zm00001eb018110,1
GWAS_Protein_Goodman,BP,550,405,GO:0045893,positive regulation of DNA-templated transcription,4/405,257/27694,0.5198407056803865,0.6585882249900982,0.6153574189735985,Zm00001eb005650/Zm00001eb026870/Zm00001eb028530/Zm00001eb038660,4
GWAS_Protein_Goodman,CC,550,405,GO:0005643,nuclear pore,1/405,51/27694,0.528587056844479,0.6661132468553436,0.6223884861214918,Zm00001eb016760,1
GWAS_Protein_Goodman,BP,550,405,GO:0051726,regulation of cell cycle,1/405,51/27694,0.528587056844479,0.6661132468553436,0.6223884861214918,Zm00001eb017510,1
GWAS_Protein_Goodman,BP,550,405,GO:0098655,monoatomic cation transmembrane transport,1/405,51/27694,0.528587056844479,0.6661132468553436,0.6223884861214918,Zm00001eb041980,1
GWAS_Protein_Goodman,BP,550,405,GO:0016579,protein deubiquitination,1/405,52/27694,0.53549376892269,0.6724366198817553,0.6282967826216282,Zm00001eb005070,1
GWAS_Protein_Goodman,MF,550,405,GO:0016620,"oxidoreductase activity, acting on the aldehyde or oxo group of donors, NAD or NADP as acceptor",1/405,52/27694,0.53549376892269,0.6724366198817553,0.6282967826216282,Zm00001eb039570,1
GWAS_Protein_Goodman,BP,550,405,GO:0016567,protein ubiquitination,7/405,472/27694,0.5378409880671373,0.6741950413799328,0.6299397784626218,Zm00001eb000550/Zm00001eb000650/Zm00001eb006600/Zm00001eb007780/Zm00001eb012430/Zm00001eb047620/Zm00001eb056470,7
GWAS_Protein_Goodman,BP,550,405,GO:0015914,phospholipid transport,1/405,53/27694,0.5422995363630458,0.6785892265210697,0.634045522119036,Zm00001eb042570,1
GWAS_Protein_Goodman,CC,550,405,GO:0031410,cytoplasmic vesicle,2/405,124/27694,0.5434416783931304,0.6788253947647525,0.6342661878937366,Zm00001eb012390/Zm00001eb037740,2
GWAS_Protein_Goodman,CC,550,405,GO:0005694,chromosome,3/405,196/27694,0.5484097751899049,0.683831453476729,0.6389436407411188,Zm00001eb004820/Zm00001eb037700/Zm00001eb038640,3
GWAS_Protein_Goodman,BP,550,405,GO:0006606,protein import into nucleus,1/405,55/27694,0.5556141029316752,0.6889431657705888,0.6437198118968246,Zm00001eb016760,1
GWAS_Protein_Goodman,BP,550,405,GO:0009658,chloroplast organization,1/405,55/27694,0.5556141029316752,0.6889431657705888,0.6437198118968246,Zm00001eb017630,1
GWAS_Protein_Goodman,MF,550,405,GO:0042910,xenobiotic transmembrane transporter activity,1/405,55/27694,0.5556141029316752,0.6889431657705888,0.6437198118968246,Zm00001eb008790,1
GWAS_Protein_Goodman,BP,550,405,GO:0042254,ribosome biogenesis,2/405,127/27694,0.556379663368102,0.6889431657705888,0.6437198118968246,Zm00001eb016780/Zm00001eb037680,2
GWAS_Protein_Goodman,CC,550,405,GO:0016592,mediator complex,1/405,56/27694,0.5621257816578473,0.6948499245492835,0.6492388413884492,Zm00001eb044560,1
GWAS_Protein_Goodman,MF,550,405,GO:0030414,peptidase inhibitor activity,1/405,57/27694,0.5685422755585845,0.7015634318851164,0.6555116631451708,Zm00001eb030610,1
GWAS_Protein_Goodman,CC,550,405,GO:0009505,plant-type cell wall,3/405,203/27694,0.5721759653725169,0.7044816876041852,0.6582383597957495,Zm00001eb005030/Zm00001eb011270/Zm00001eb028480,3
GWAS_Protein_Goodman,MF,550,405,GO:0003723,RNA binding,24/405,1677/27694,0.5738547489924002,0.7044816876041852,0.6582383597957495,Zm00001eb000190/Zm00001eb000910/Zm00001eb001840/Zm00001eb002260/Zm00001eb004400/Zm00001eb004420/Zm00001eb004480/Zm00001eb005350/Zm00001eb005630/Zm00001eb005670/Zm00001eb012410/Zm00001eb012660/Zm00001eb014780/Zm00001eb014820/Zm00001eb016670/Zm00001eb017780/Zm00001eb021940/Zm00001eb028170/Zm00001eb030980/Zm00001eb037450/Zm00001eb039550/Zm00001eb042420/Zm00001eb060550/Zm00001eb062000,24
GWAS_Protein_Goodman,BP,550,405,GO:0009791,post-embryonic development,1/405,58/27694,0.5748649726095949,0.7044816876041852,0.6582383597957495,Zm00001eb000200,1
GWAS_Protein_Goodman,MF,550,405,GO:0042802,identical protein binding,1/405,58/27694,0.5748649726095949,0.7044816876041852,0.6582383597957495,Zm00001eb007440,1
GWAS_Protein_Goodman,MF,550,405,GO:0003682,chromatin binding,2/405,132/27694,0.5773598369317293,0.7063233743907067,0.6599591552556573,Zm00001eb000170/Zm00001eb012650,2
GWAS_Protein_Goodman,MF,550,405,GO:0000978,RNA polymerase II cis-regulatory region sequence-specific DNA binding,4/405,277/27694,0.5789119177101859,0.7064934353448298,0.6601180531311833,Zm00001eb002350/Zm00001eb004590/Zm00001eb004670/Zm00001eb005020,4
GWAS_Protein_Goodman,BP,550,405,GO:0006412,translation,11/405,774/27694,0.5808809078864583,0.7064934353448298,0.6601180531311833,Zm00001eb000270/Zm00001eb001840/Zm00001eb002640/Zm00001eb005360/Zm00001eb012410/Zm00001eb024470/Zm00001eb037660/Zm00001eb037680/Zm00001eb039550/Zm00001eb060550/Zm00001eb061360,11
GWAS_Protein_Goodman,BP,550,405,GO:0009058,biosynthetic process,2/405,133/27694,0.5814679116742559,0.7064934353448298,0.6601180531311833,Zm00001eb017580/Zm00001eb023770,2
GWAS_Protein_Goodman,BP,550,405,GO:0010468,regulation of gene expression,2/405,133/27694,0.5814679116742559,0.7064934353448298,0.6601180531311833,Zm00001eb025020/Zm00001eb028170,2
GWAS_Protein_Goodman,MF,550,405,GO:0003779,actin binding,2/405,135/27694,0.5895958344491878,0.7151486100985038,0.6682050880873069,Zm00001eb017810/Zm00001eb040800,2
GWAS_Protein_Goodman,CC,550,405,GO:0005819,spindle,1/405,61/27694,0.5932838613274052,0.7183981450086947,0.6712413182221985,Zm00001eb007810,1
GWAS_Protein_Goodman,BP,550,405,GO:0009736,cytokinin-activated signaling pathway,1/405,62/27694,0.5992448513090359,0.7207134022500566,0.6734045981993434,Zm00001eb039590,1
GWAS_Protein_Goodman,CC,550,405,GO:0015934,large ribosomal subunit,1/405,62/27694,0.5992448513090359,0.7207134022500566,0.6734045981993434,Zm00001eb039550,1
GWAS_Protein_Goodman,MF,550,405,GO:0016709,"oxidoreductase activity, acting on paired donors, with incorporation or reduction of molecular oxygen, NAD(P)H as one donor, and incorporation of one atom of oxygen",1/405,62/27694,0.5992448513090359,0.7207134022500566,0.6734045981993434,Zm00001eb010640,1
GWAS_Protein_Goodman,MF,550,405,GO:0030247,polysaccharide binding,1/405,62/27694,0.5992448513090359,0.7207134022500566,0.6734045981993434,Zm00001eb034290,1
GWAS_Protein_Goodman,BP,550,405,GO:0006631,fatty acid metabolic process,2/405,139/27694,0.6054984308482352,0.7270065476626365,0.6792846512755563,Zm00001eb028240/Zm00001eb040310,2
GWAS_Protein_Goodman,BP,550,405,GO:0006468,protein phosphorylation,21/405,1495/27694,0.6073277499341795,0.7279753500894542,0.6801898599298271,Zm00001eb001810/Zm00001eb001880/Zm00001eb001940/Zm00001eb002030/Zm00001eb002180/Zm00001eb002610/Zm00001eb003660/Zm00001eb004440/Zm00001eb016770/Zm00001eb017510/Zm00001eb017800/Zm00001eb023800/Zm00001eb025520/Zm00001eb028010/Zm00001eb029700/Zm00001eb029740/Zm00001eb030680/Zm00001eb030730/Zm00001eb031340/Zm00001eb034290/Zm00001eb040540,21
GWAS_Protein_Goodman,BP,550,405,GO:0007010,cytoskeleton organization,1/405,64/27694,0.6109066403517892,0.7298079327692516,0.6819021488914354,Zm00001eb040800,1
GWAS_Protein_Goodman,BP,550,405,GO:0009908,flower development,1/405,64/27694,0.6109066403517892,0.7298079327692516,0.6819021488914354,Zm00001eb031700,1
GWAS_Protein_Goodman,CC,550,405,GO:0032040,small-subunit processome,1/405,65/27694,0.6166099632130821,0.7317104896795242,0.6836798188608209,Zm00001eb016780,1
GWAS_Protein_Goodman,BP,550,405,GO:0036503,ERAD pathway,1/405,65/27694,0.6166099632130821,0.7317104896795242,0.6836798188608209,Zm00001eb011300,1
GWAS_Protein_Goodman,MF,550,405,GO:0042626,ATPase-coupled transmembrane transporter activity,1/405,65/27694,0.6166099632130821,0.7317104896795242,0.6836798188608209,Zm00001eb004340,1
GWAS_Protein_Goodman,BP,550,405,GO:0070588,calcium ion transmembrane transport,1/405,65/27694,0.6166099632130821,0.7317104896795242,0.6836798188608209,Zm00001eb004320,1
GWAS_Protein_Goodman,BP,550,405,GO:0042546,cell wall biogenesis,1/405,66/27694,0.6222298902787995,0.7371508849891935,0.6887630977427117,Zm00001eb000660,1
GWAS_Protein_Goodman,CC,550,405,GO:0009570,chloroplast stroma,2/405,144/27694,0.6247149047568368,0.7387943111838,0.6902986467595529,Zm00001eb014810/Zm00001eb029690,2
GWAS_Protein_Goodman,MF,550,405,GO:0004683,calcium/calmodulin-dependent protein kinase activity,1/405,67/27694,0.6277676380143244,0.7387943111838,0.6902986467595529,Zm00001eb002180,1
GWAS_Protein_Goodman,MF,550,405,GO:0009931,calcium-dependent protein serine/threonine kinase activity,1/405,67/27694,0.6277676380143244,0.7387943111838,0.6902986467595529,Zm00001eb002180,1
GWAS_Protein_Goodman,CC,550,405,GO:0045271,respiratory chain complex I,1/405,67/27694,0.6277676380143244,0.7387943111838,0.6902986467595529,Zm00001eb002320,1
GWAS_Protein_Goodman,MF,550,405,GO:0003743,translation initiation factor activity,2/405,146/27694,0.6321962773641718,0.7427607520448157,0.6940047239685446,Zm00001eb000910/Zm00001eb037680,2
GWAS_Protein_Goodman,CC,550,405,GO:0071013,catalytic step 2 spliceosome,1/405,68/27694,0.6332244051842741,0.7427607520448157,0.6940047239685446,Zm00001eb007780,1
GWAS_Protein_Goodman,MF,550,405,GO:0004650,polygalacturonase activity,1/405,69/27694,0.6386013731094304,0.7465038753055604,0.6975021425090393,Zm00001eb001830,1
GWAS_Protein_Goodman,BP,550,405,GO:0009737,response to abscisic acid,1/405,69/27694,0.6386013731094304,0.7465038753055604,0.6975021425090393,Zm00001eb025500,1
GWAS_Protein_Goodman,BP,550,405,GO:0006413,translational initiation,2/405,148/27694,0.6395609044050448,0.7465038753055604,0.6975021425090393,Zm00001eb000910/Zm00001eb037680,2
GWAS_Protein_Goodman,BP,550,405,GO:0043161,proteasome-mediated ubiquitin-dependent protein catabolic process,2/405,149/27694,0.6431995776464232,0.7495222574210365,0.7003223930959418,Zm00001eb026350/Zm00001eb044600,2
GWAS_Protein_Goodman,MF,550,405,GO:0003697,single-stranded DNA binding,1/405,71/27694,0.6491205508049231,0.7527261110311161,0.703315940525821,Zm00001eb028400,1
GWAS_Protein_Goodman,BP,550,405,GO:0008654,phospholipid biosynthetic process,1/405,71/27694,0.6491205508049231,0.7527261110311161,0.703315940525821,Zm00001eb001870,1
GWAS_Protein_Goodman,BP,550,405,GO:0009725,response to hormone,1/405,71/27694,0.6491205508049231,0.7527261110311161,0.703315940525821,Zm00001eb031700,1
GWAS_Protein_Goodman,MF,550,405,GO:0016301,kinase activity,24/405,1751/27694,0.6588342886334209,0.7620876769686327,0.7120629979955289,Zm00001eb001870/Zm00001eb001880/Zm00001eb001940/Zm00001eb002030/Zm00001eb002180/Zm00001eb002610/Zm00001eb003660/Zm00001eb004440/Zm00001eb016770/Zm00001eb017510/Zm00001eb017800/Zm00001eb019420/Zm00001eb028010/Zm00001eb029740/Zm00001eb030680/Zm00001eb030730/Zm00001eb031340/Zm00001eb034180/Zm00001eb034290/Zm00001eb040540/Zm00001eb041190/Zm00001eb054420/Zm00001eb056490/Zm00001eb061370,24
GWAS_Protein_Goodman,CC,550,405,GO:0010008,endosome membrane,1/405,73/27694,0.6593342823211765,0.7620876769686327,0.7120629979955289,Zm00001eb019420,1
GWAS_Protein_Goodman,BP,550,405,GO:0007017,microtubule-based process,1/405,74/27694,0.6643293808208659,0.765376244570318,0.7151356986523374,Zm00001eb000890,1
GWAS_Protein_Goodman,BP,550,405,GO:0050832,defense response to fungus,1/405,74/27694,0.6643293808208659,0.765376244570318,0.7151356986523374,Zm00001eb002620,1
GWAS_Protein_Goodman,MF,550,405,GO:0008017,microtubule binding,3/405,234/27694,0.667642967424743,0.7679512000103668,0.7175416298145354,Zm00001eb000890/Zm00001eb007470/Zm00001eb024130,3
GWAS_Protein_Goodman,MF,550,405,GO:0051087,protein-folding chaperone binding,1/405,76/27694,0.6741014527790217,0.7722695426930415,0.7215765094352485,Zm00001eb017830,1
GWAS_Protein_Goodman,MF,550,405,GO:0051287,NAD binding,1/405,76/27694,0.6741014527790217,0.7722695426930415,0.7215765094352485,Zm00001eb001910,1
GWAS_Protein_Goodman,MF,550,405,GO:0004518,nuclease activity,2/405,158/27694,0.6746512016222918,0.7722695426930415,0.7215765094352485,Zm00001eb002260/Zm00001eb002330,2
GWAS_Protein_Goodman,BP,550,405,GO:0035556,intracellular signal transduction,2/405,159/27694,0.6780033141262746,0.7746201066697125,0.7237727785559702,Zm00001eb002180/Zm00001eb017560,2
GWAS_Protein_Goodman,BP,550,405,GO:0002181,cytoplasmic translation,1/405,77/27694,0.6788805429240177,0.7746201066697125,0.7237727785559702,Zm00001eb002640,1
GWAS_Protein_Goodman,CC,550,405,GO:1990904,ribonucleoprotein complex,10/405,763/27694,0.6812627238140571,0.7755707331271052,0.7246610043411155,Zm00001eb000270/Zm00001eb001840/Zm00001eb002640/Zm00001eb005360/Zm00001eb012410/Zm00001eb016780/Zm00001eb028170/Zm00001eb039550/Zm00001eb060550/Zm00001eb061360,10
GWAS_Protein_Goodman,MF,550,405,GO:0004527,exonuclease activity,1/405,78/27694,0.6835897213328155,0.7755707331271052,0.7246610043411155,Zm00001eb002260,1
GWAS_Protein_Goodman,BP,550,405,GO:0006364,rRNA processing,2/405,161/27694,0.6846231759062533,0.7755707331271052,0.7246610043411155,Zm00001eb002260/Zm00001eb007700,2
GWAS_Protein_Goodman,CC,550,405,GO:0022625,cytosolic large ribosomal subunit,2/405,161/27694,0.6846231759062533,0.7755707331271052,0.7246610043411155,Zm00001eb012410/Zm00001eb039550,2
GWAS_Protein_Goodman,BP,550,405,GO:0009611,response to wounding,1/405,79/27694,0.6882300082266528,0.7755707331271052,0.7246610043411155,Zm00001eb030610,1
GWAS_Protein_Goodman,BP,550,405,GO:0031047,regulatory ncRNA-mediated gene silencing,1/405,79/27694,0.6882300082266528,0.7755707331271052,0.7246610043411155,Zm00001eb016670,1
GWAS_Protein_Goodman,MF,550,405,GO:0038023,signaling receptor activity,1/405,79/27694,0.6882300082266528,0.7755707331271052,0.7246610043411155,Zm00001eb029740,1
GWAS_Protein_Goodman,BP,550,405,GO:0006508,proteolysis,9/405,694/27694,0.6884279541240597,0.7755707331271052,0.7246610043411155,Zm00001eb000220/Zm00001eb002340/Zm00001eb004430/Zm00001eb016540/Zm00001eb018730/Zm00001eb018750/Zm00001eb021890/Zm00001eb028570/Zm00001eb042130,9
GWAS_Protein_Goodman,MF,550,405,GO:0008234,cysteine-type peptidase activity,2/405,163/27694,0.6911312637192231,0.7768105470490233,0.7258194348536114,Zm00001eb002340/Zm00001eb016540,2
GWAS_Protein_Goodman,MF,550,405,GO:0004674,protein serine/threonine kinase activity,16/405,1207/27694,0.6917105152093832,0.7768105470490233,0.7258194348536114,Zm00001eb001880/Zm00001eb001940/Zm00001eb002180/Zm00001eb002610/Zm00001eb004440/Zm00001eb016770/Zm00001eb017510/Zm00001eb017800/Zm00001eb023800/Zm00001eb028010/Zm00001eb029740/Zm00001eb030680/Zm00001eb030730/Zm00001eb031340/Zm00001eb034290/Zm00001eb040540,16
GWAS_Protein_Goodman,BP,550,405,GO:0000160,phosphorelay signal transduction system,1/405,80/27694,0.692802408975094,0.7768115199846725,0.7258203439241764,Zm00001eb039590,1
GWAS_Protein_Goodman,BP,550,405,GO:0009742,brassinosteroid mediated signaling pathway,1/405,81/27694,0.6973079143117018,0.7806340172797668,0.7293919262578542,Zm00001eb002610,1
GWAS_Protein_Goodman,BP,550,405,GO:0009416,response to light stimulus,1/405,82/27694,0.7017475005465825,0.7811280549734892,0.7298535345110071,Zm00001eb063690,1
GWAS_Protein_Goodman,MF,550,405,GO:0043130,ubiquitin binding,1/405,82/27694,0.7017475005465825,0.7811280549734892,0.7298535345110071,Zm00001eb012500,1
GWAS_Protein_Goodman,CC,550,405,GO:0005730,nucleolus,4/405,325/27694,0.70213757750426,0.7811280549734892,0.7298535345110071,Zm00001eb001860/Zm00001eb004370/Zm00001eb016780/Zm00001eb037680,4
GWAS_Protein_Goodman,MF,550,405,GO:0016705,"oxidoreductase activity, acting on paired donors, with incorporation or reduction of molecular oxygen",4/405,325/27694,0.70213757750426,0.7811280549734892,0.7298535345110071,Zm00001eb002360/Zm00001eb009080/Zm00001eb010640/Zm00001eb017640,4
GWAS_Protein_Goodman,MF,550,405,GO:0009055,electron transfer activity,2/405,167/27694,0.7038157285974631,0.7817734770068545,0.7304565899886636,Zm00001eb011280/Zm00001eb063680,2
GWAS_Protein_Goodman,BP,550,405,GO:0000226,microtubule cytoskeleton organization,1/405,83/27694,0.7061221297758535,0.7818957331266061,0.7305708210171719,Zm00001eb001910,1
GWAS_Protein_Goodman,BP,550,405,GO:0022904,respiratory electron transport chain,1/405,83/27694,0.7061221297758535,0.7818957331266061,0.7305708210171719,Zm00001eb002320,1
GWAS_Protein_Goodman,CC,550,405,GO:0005576,extracellular region,7/405,557/27694,0.7085088563636249,0.7830156626357745,0.7316172365254427,Zm00001eb004430/Zm00001eb004650/Zm00001eb018730/Zm00001eb018750/Zm00001eb029720/Zm00001eb036930/Zm00001eb039820,7
GWAS_Protein_Goodman,MF,550,405,GO:0000977,RNA polymerase II transcription regulatory region sequence-specific DNA binding,1/405,84/27694,0.7104327500880763,0.7830156626357745,0.7316172365254427,Zm00001eb012650,1
GWAS_Protein_Goodman,MF,550,405,GO:0004843,cysteine-type deubiquitinase activity,1/405,84/27694,0.7104327500880763,0.7830156626357745,0.7316172365254427,Zm00001eb005070,1
GWAS_Protein_Goodman,MF,550,405,GO:0003777,microtubule motor activity,1/405,85/27694,0.714680295767697,0.785266003991667,0.7337198618017942,Zm00001eb000890,1
GWAS_Protein_Goodman,BP,550,405,GO:0007018,microtubule-based movement,1/405,85/27694,0.714680295767697,0.785266003991667,0.7337198618017942,Zm00001eb000890,1
GWAS_Protein_Goodman,BP,550,405,GO:0007165,signal transduction,6/405,487/27694,0.7188360531926224,0.786224837936753,0.7346157563217443,Zm00001eb001940/Zm00001eb004590/Zm00001eb017510/Zm00001eb030680/Zm00001eb031340/Zm00001eb063700,6
GWAS_Protein_Goodman,CC,550,405,GO:0015935,small ribosomal subunit,1/405,86/27694,0.7188656874955424,0.786224837936753,0.7346157563217443,Zm00001eb002640,1
GWAS_Protein_Goodman,MF,550,405,GO:0071949,FAD binding,1/405,86/27694,0.7188656874955424,0.786224837936753,0.7346157563217443,Zm00001eb026960,1
GWAS_Protein_Goodman,MF,550,405,GO:0016779,nucleotidyltransferase activity,2/405,173/27694,0.7220277387976353,0.7884720092391354,0.7367154196320721,Zm00001eb007760/Zm00001eb017580,2
GWAS_Protein_Goodman,MF,550,405,GO:0046982,protein heterodimerization activity,2/405,174/27694,0.7249696794567406,0.7904722998058182,0.738584407861143,Zm00001eb004820/Zm00001eb039560,2
GWAS_Protein_Goodman,BP,550,405,GO:0006325,chromatin organization,2/405,176/27694,0.730774724157878,0.7955834917437449,0.7433600928179284,Zm00001eb024600/Zm00001eb038640,2
GWAS_Protein_Goodman,MF,550,405,GO:0016853,isomerase activity,4/405,340/27694,0.7348337534120949,0.7958239401822454,0.7435847578284729,Zm00001eb000740/Zm00001eb007780/Zm00001eb015770/Zm00001eb028810,4
GWAS_Protein_Goodman,CC,550,405,GO:0005654,nucleoplasm,1/405,90/27694,0.7350036633641791,0.7958239401822454,0.7435847578284729,Zm00001eb028170,1
GWAS_Protein_Goodman,MF,550,405,GO:0000976,transcription cis-regulatory region binding,7/405,573/27694,0.7354394445016845,0.7958239401822454,0.7435847578284729,Zm00001eb005650/Zm00001eb028530/Zm00001eb030990/Zm00001eb031700/Zm00001eb038660/Zm00001eb041290/Zm00001eb041310,7
GWAS_Protein_Goodman,MF,550,405,GO:0004672,protein kinase activity,20/405,1536/27694,0.7354665065167381,0.7958239401822454,0.7435847578284729,Zm00001eb001880/Zm00001eb001940/Zm00001eb002030/Zm00001eb002180/Zm00001eb002610/Zm00001eb003660/Zm00001eb004440/Zm00001eb016770/Zm00001eb017510/Zm00001eb017800/Zm00001eb023800/Zm00001eb025520/Zm00001eb028010/Zm00001eb029700/Zm00001eb029740/Zm00001eb030680/Zm00001eb030730/Zm00001eb031340/Zm00001eb034290/Zm00001eb040540,20
GWAS_Protein_Goodman,MF,550,405,GO:0003774,cytoskeletal motor activity,1/405,91/27694,0.7388916330909397,0.7975341796862117,0.7451827344199967,Zm00001eb000890,1
GWAS_Protein_Goodman,BP,550,405,GO:0009733,response to auxin,2/405,179/27694,0.739287301394522,0.7975341796862117,0.7451827344199967,Zm00001eb004600/Zm00001eb031700,2
GWAS_Protein_Goodman,MF,550,405,GO:0008237,metallopeptidase activity,1/405,93/27694,0.7464976893472148,0.8030028402858428,0.7502924232120826,Zm00001eb042130,1
GWAS_Protein_Goodman,BP,550,405,GO:0006886,intracellular protein transport,3/405,265/27694,0.7466121913893651,0.8030028402858428,0.7502924232120826,Zm00001eb000860/Zm00001eb002050/Zm00001eb063700,3
GWAS_Protein_Goodman,MF,550,405,GO:0030527,structural constituent of chromatin,1/405,94/27694,0.7502174254370079,0.8056633588403462,0.7527783009862491,Zm00001eb004820,1
GWAS_Protein_Goodman,CC,550,405,GO:0005886,plasma membrane,24/405,1844/27694,0.7522200291150004,0.8065973806172896,0.7536510120492711,Zm00001eb000210/Zm00001eb000570/Zm00001eb000580/Zm00001eb001900/Zm00001eb002180/Zm00001eb002610/Zm00001eb003660/Zm00001eb004660/Zm00001eb007760/Zm00001eb008140/Zm00001eb008960/Zm00001eb011280/Zm00001eb017800/Zm00001eb019840/Zm00001eb028390/Zm00001eb029740/Zm00001eb030730/Zm00001eb033240/Zm00001eb033760/Zm00001eb034290/Zm00001eb040550/Zm00001eb042570/Zm00001eb047650/Zm00001eb054420,24
GWAS_Protein_Goodman,CC,550,405,GO:0000502,proteasome complex,1/405,97/27694,0.7610531124723726,0.8148418286922245,0.7613542810962239,Zm00001eb025130,1
GWAS_Protein_Goodman,BP,550,405,GO:0032259,methylation,5/405,434/27694,0.7629317866548306,0.8156267749222815,0.762087702174574,Zm00001eb000190/Zm00001eb004570/Zm00001eb007700/Zm00001eb025020/Zm00001eb038640,5
GWAS_Protein_Goodman,MF,550,405,GO:0016874,ligase activity,4/405,356/27694,0.7666591750290547,0.8183828075272667,0.7646628243010534,Zm00001eb002570/Zm00001eb005660/Zm00001eb031330/Zm00001eb040790,4
GWAS_Protein_Goodman,CC,550,405,GO:0005768,endosome,1/405,100/27694,0.7714198524874488,0.8222319385794364,0.7682592921085213,Zm00001eb019420,1
GWAS_Protein_Goodman,MF,550,405,GO:0005506,iron ion binding,5/405,442/27694,0.7765531583681973,0.8264661416414895,0.7722155551706406,Zm00001eb002360/Zm00001eb004660/Zm00001eb009080/Zm00001eb010640/Zm00001eb017640,5
GWAS_Protein_Goodman,BP,550,405,GO:0006096,glycolytic process,1/405,103/27694,0.7813378925187053,0.8303172827959974,0.7758139011340484,Zm00001eb015770,1
GWAS_Protein_Goodman,MF,550,405,GO:0008233,peptidase activity,7/405,605/27694,0.7839897773778921,0.8314696212042303,0.7768905981683524,Zm00001eb000220/Zm00001eb004430/Zm00001eb016540/Zm00001eb018730/Zm00001eb018750/Zm00001eb021890/Zm00001eb042130,7
GWAS_Protein_Goodman,MF,550,405,GO:0008168,methyltransferase activity,5/405,447/27694,0.7847578447320825,0.8314696212042303,0.7768905981683524,Zm00001eb000190/Zm00001eb004570/Zm00001eb007700/Zm00001eb025020/Zm00001eb038640,5
GWAS_Protein_Goodman,MF,550,405,GO:0003924,GTPase activity,3/405,285/27694,0.7891212505264752,0.8348504166045324,0.7800494726405447,Zm00001eb007810/Zm00001eb024130/Zm00001eb063660,3
GWAS_Protein_Goodman,MF,550,405,GO:0043565,sequence-specific DNA binding,6/405,531/27694,0.791009407893464,0.835606377477962,0.7807558110083854,Zm00001eb004670/Zm00001eb020850/Zm00001eb028820/Zm00001eb029390/Zm00001eb030990/Zm00001eb037670,6
GWAS_Protein_Goodman,CC,550,405,GO:0000786,nucleosome,1/405,109/27694,0.7999045377447236,0.84164076199079485,0.7863940886726527,Zm00001eb004820,1
GWAS_Protein_Goodman,CC,550,405,GO:0009507,chloroplast,10/405,852/27694,0.8016094798920703,0.84164076199079485,0.7863940886726527,Zm00001eb005660/Zm00001eb007770/Zm00001eb014810/Zm00001eb017630/Zm00001eb023740/Zm00001eb028810/Zm00001eb030760/Zm00001eb030960/Zm00001eb038650/Zm00001eb042540,10
GWAS_Protein_Goodman,MF,550,405,GO:0016491,oxidoreductase activity,21/405,1681/27694,0.8019195664432601,0.84164076199079485,0.7863940886726527,Zm00001eb004660/Zm00001eb004710/Zm00001eb004790/Zm00001eb007440/Zm00001eb009080/Zm00001eb010640/Zm00001eb017600/Zm00001eb017640/Zm00001eb020570/Zm00001eb020590/Zm00001eb021930/Zm00001eb025020/Zm00001eb028240/Zm00001eb036940/Zm00001eb038650/Zm00001eb039570/Zm00001eb040310/Zm00001eb040550/Zm00001eb042530/Zm00001eb056510/Zm00001eb060520,21
GWAS_Protein_Goodman,BP,550,405,GO:0034220,monoatomic ion transmembrane transport,1/405,110/27694,0.8028423177778353,0.84164076199079485,0.7863940886726527,Zm00001eb020860,1
GWAS_Protein_Goodman,MF,550,405,GO:0051213,dioxygenase activity,1/405,110/27694,0.8028423177778353,0.84164076199079485,0.7863940886726527,Zm00001eb004660,1
GWAS_Protein_Goodman,MF,550,405,GO:0005525,GTP binding,4/405,377/27694,0.803814210890085,0.84164076199079485,0.7863940886726527,Zm00001eb005660/Zm00001eb007810/Zm00001eb024130/Zm00001eb063660,4
GWAS_Protein_Goodman,MF,550,405,GO:0051536,iron-sulfur cluster binding,2/405,208/27694,0.8103002754037038,0.8471861910241366,0.7915755066931613,Zm00001eb007700/Zm00001eb021930,2
GWAS_Protein_Goodman,BP,550,405,GO:0071555,cell wall organization,4/405,386/27694,0.8182043732286997,0.8541957679455046,0.7981249635445874,Zm00001eb000660/Zm00001eb015760/Zm00001eb029710/Zm00001eb047650,4
GWAS_Protein_Goodman,MF,550,405,GO:0140359,ABC-type transporter activity,1/405,119/27694,0.8274196594197998,0.8625516800979465,0.8059323799850712,Zm00001eb004340,1
GWAS_Protein_Goodman,MF,550,405,GO:0005096,GTPase activator activity,1/405,123/27694,0.8373378972291758,0.8716148871742299,0.8144006633561698,Zm00001eb012610,1
GWAS_Protein_Goodman,BP,550,405,GO:0098869,cellular oxidant detoxification,2/405,231/27694,0.8538108434187257,0.8874647014804856,0.8292100699817666,Zm00001eb004790/Zm00001eb040550,2
GWAS_Protein_Goodman,CC,550,405,GO:0005789,endoplasmic reticulum membrane,5/405,498/27694,0.8556028522370409,0.8880309486775118,0.829739147788568,Zm00001eb002220/Zm00001eb002240/Zm00001eb011300/Zm00001eb023770/Zm00001eb028390,5
GWAS_Protein_Goodman,MF,550,405,GO:0008236,serine-type peptidase activity,1/405,135/27694,0.8638088095376719,0.8946147174424889,0.8358907472259801,Zm00001eb004430,1
GWAS_Protein_Goodman,CC,550,405,GO:0005783,endoplasmic reticulum,6/405,590/27694,0.8644591651691466,0.8946147174424889,0.8358907472259801,Zm00001eb002220/Zm00001eb004710/Zm00001eb008780/Zm00001eb009060/Zm00001eb030970/Zm00001eb042570,6
GWAS_Protein_Goodman,BP,550,405,GO:0008380,RNA splicing,2/405,240/27694,0.8682109802869382,0.897193349730479,0.8383001138818194,Zm00001eb016670/Zm00001eb062000,2
GWAS_Protein_Goodman,BP,550,405,GO:0051707,response to other organism,1/405,138/27694,0.8697255082383093,0.8974558867618495,0.8385454175539457,Zm00001eb028010,1
GWAS_Protein_Goodman,BP,550,405,GO:0006470,protein dephosphorylation,1/405,140/27694,0.8735268137947069,0.9000739383818108,0.8409916159924666,Zm00001eb039610,1
GWAS_Protein_Goodman,BP,550,405,GO:0045944,positive regulation of transcription by RNA polymerase II,1/405,144/27694,0.8808006786854314,0.9062573456994613,0.8467691343614125,Zm00001eb012650,1
GWAS_Protein_Goodman,CC,550,405,GO:0022627,cytosolic small ribosomal subunit,1/405,147/27694,0.8859808483227964,0.9102718095322236,0.8505200822359038,Zm00001eb002640,1
GWAS_Protein_Goodman,MF,550,405,GO:0020037,heme binding,5/405,539/27694,0.8974480666899342,0.9207248176991831,0.8602869378856944,Zm00001eb002360/Zm00001eb009080/Zm00001eb010640/Zm00001eb014830/Zm00001eb017640,5
GWAS_Protein_Goodman,CC,550,405,GO:0005681,spliceosomal complex,1/405,156/27694,0.9002122640682693,0.9222318446282124,0.8616950411073778,Zm00001eb018120,1
GWAS_Protein_Goodman,CC,550,405,GO:0005874,microtubule,2/405,271/27694,0.9084017286372486,0.9288187728060973,0.8678495925686774,Zm00001eb000890/Zm00001eb024130,2
GWAS_Protein_Goodman,MF,550,405,GO:0004252,serine-type endopeptidase activity,1/405,163/27694,0.9100439950925614,0.9288187728060973,0.8678495925686774,Zm00001eb004430,1
GWAS_Protein_Goodman,BP,550,405,GO:0009451,RNA modification,2/405,273/27694,0.910555482329573,0.9288187728060973,0.8678495925686774,Zm00001eb005350/Zm00001eb037450,2
GWAS_Protein_Goodman,MF,550,405,GO:0008270,zinc ion binding,22/405,1943/27694,0.9165683252760568,0.9336146603670279,0.8723306702424032,Zm00001eb000650/Zm00001eb000870/Zm00001eb005380/Zm00001eb005390/Zm00001eb006590/Zm00001eb009020/Zm00001eb009060/Zm00001eb012610/Zm00001eb016680/Zm00001eb016800/Zm00001eb019420/Zm00001eb024600/Zm00001eb029690/Zm00001eb037730/Zm00001eb038640/Zm00001eb039810/Zm00001eb041290/Zm00001eb041310/Zm00001eb042130/Zm00001eb042530/Zm00001eb044600/Zm00001eb056510,22
GWAS_Protein_Goodman,MF,550,405,GO:0061630,ubiquitin protein ligase activity,4/405,491/27694,0.9303325417518955,0.9462810996104994,0.8841656637401473,Zm00001eb007780/Zm00001eb009020/Zm00001eb012430/Zm00001eb044600,4
GWAS_Protein_Goodman,BP,550,405,GO:0006511,ubiquitin-dependent protein catabolic process,2/405,298/27694,0.9337639491875669,0.9484002012316592,0.8861456640721592,Zm00001eb000550/Zm00001eb025130,2
GWAS_Protein_Goodman,BP,550,405,GO:0000398,"mRNA splicing, via spliceosome",1/405,185/27694,0.9350799736862707,0.9484002012316592,0.8861456640721592,Zm00001eb018120,1
GWAS_Protein_Goodman,BP,550,405,GO:0006979,response to oxidative stress,1/405,196/27694,0.9448544912203561,0.9569507791591658,0.8941349681085049,Zm00001eb017600,1
GWAS_Protein_Goodman,CC,550,405,GO:0005856,cytoskeleton,1/405,206/27694,0.9524599739880166,0.962624418679585,0.8994361806704578,Zm00001eb060540,1
GWAS_Protein_Goodman,MF,550,405,GO:0004601,peroxidase activity,1/405,207/27694,0.9531604145633532,0.962624418679585,0.8994361806704578,Zm00001eb040550,1
GWAS_Protein_Goodman,BP,550,405,GO:0006974,DNA damage response,1/405,226/27694,0.9646746027037215,0.9708773435380306,0.907147370071016,Zm00001eb026960,1
GWAS_Protein_Goodman,CC,550,405,GO:0009535,chloroplast thylakoid membrane,1/405,226/27694,0.9646746027037215,0.9708773435380306,0.907147370071016,Zm00001eb001950,1
GWAS_Protein_Goodman,BP,550,405,GO:0006952,defense response,3/405,461/27694,0.9659980896626037,0.9708773435380306,0.907147370071016,Zm00001eb002250/Zm00001eb004440/Zm00001eb010640,3
GWAS_Protein_Goodman,BP,550,405,GO:0016192,vesicle-mediated transport,2/405,354/27694,0.9667865682141343,0.9708773435380306,0.907147370071016,Zm00001eb000860/Zm00001eb012610,2
GWAS_Protein_Goodman,MF,550,405,GO:0046983,protein dimerization activity,2/405,386/27694,0.977814021794323,0.9805684274895182,0.9162023154544285,Zm00001eb002350/Zm00001eb002370,2
GWAS_Protein_Goodman,BP,550,405,GO:0006281,DNA repair,1/405,289/27694,0.9861578079570963,0.9875448090934635,0.9227207559832479,Zm00001eb026960,1
GWAS_Protein_Goodman,CC,550,405,GO:0012505,endomembrane system,1/405,474/27694,0.9991271836815598,0.9991271836815598,0.9335428445989736,Zm00001eb017570,1
