gene_set,ontology,n_input_genes,n_mapped_genes,ID,Description,GeneRatio,BgRatio,pvalue,p.adjust,qvalue,geneID,Count
GWAS_Gln_Goodman,BP,471,345,GO:0009101,glycoprotein biosynthetic process,10/345,118/27694,2.3423952933076152e-6,0.0015272417312365652,0.0013783147041673233,Zm00001eb000640/Zm00001eb002220/Zm00001eb003600/Zm00001eb003610/Zm00001eb003620/Zm00001eb003630/Zm00001eb003650/Zm00001eb041280/Zm00001eb046620/Zm00001eb046630,10
GWAS_Gln_Goodman,BP,471,345,GO:0051453,regulation of intracellular pH,5/345,26/27694,1.5460474732659882e-5,0.0050401147628471215,0.004548634408187829,Zm00001eb000210/Zm00001eb000570/Zm00001eb000720/Zm00001eb000750/Zm00001eb033240,5
GWAS_Gln_Goodman,MF,471,345,GO:0015386,potassium:proton antiporter activity,4/345,17/27694,4.9551719194004976e-5,0.010769240304830415,0.0097190915892802765,Zm00001eb000720/Zm00001eb000750/Zm00001eb002040/Zm00001eb033240,4
GWAS_Gln_Goodman,BP,471,345,GO:0006271,DNA strand elongation involved in DNA replication,3/345,16/27694,9.514782821653624e-4,0.15509095999295408,0.1399674630869573,Zm00001eb002150/Zm00001eb002170/Zm00001eb028400,3
GWAS_Gln_Goodman,MF,471,345,GO:0044183,protein folding chaperone,5/345,65/27694,0.0013057075524283773,0.16942493765958277,0.1529036812265205,Zm00001eb012470/Zm00001eb012510/Zm00001eb017830/Zm00001eb029200/Zm00001eb029690,5
GWAS_Gln_Goodman,MF,471,345,GO:0003700,DNA-binding transcription factor activity,32/345,1476/27694,0.001746554790252488,0.16942493765958277,0.1529036812265205,Zm00001eb000690/Zm00001eb002010/Zm00001eb002310/Zm00001eb002350/Zm00001eb005020/Zm00001eb005380/Zm00001eb005650/Zm00001eb005690/Zm00001eb007330/Zm00001eb007340/Zm00001eb007350/Zm00001eb007360/Zm00001eb007370/Zm00001eb007390/Zm00001eb007400/Zm00001eb007410/Zm00001eb007420/Zm00001eb007430/Zm00001eb015750/Zm00001eb020850/Zm00001eb023780/Zm00001eb028530/Zm00001eb028820/Zm00001eb029390/Zm00001eb030990/Zm00001eb031690/Zm00001eb037730/Zm00001eb038660/Zm00001eb039810/Zm00001eb040530/Zm00001eb041290/Zm00001eb041310,32
GWAS_Gln_Goodman,BP,471,345,GO:0042026,protein refolding,5/345,70/27694,0.0018189793920507355,0.16942493765958277,0.1529036812265205,Zm00001eb009060/Zm00001eb012470/Zm00001eb012510/Zm00001eb018130/Zm00001eb029200,5
GWAS_Gln_Goodman,MF,471,345,GO:0015145,monosaccharide transmembrane transporter activity,3/345,21/27694,0.002157935940218709,0.17522959814636963,0.15814230765873527,Zm00001eb000240/Zm00001eb008810/Zm00001eb047630,3
GWAS_Gln_Goodman,BP,471,345,GO:0009637,response to blue light,3/345,23/27694,0.002821067084911883,0.17522959814636963,0.15814230765873527,Zm00001eb001860/Zm00001eb015770/Zm00001eb031340,3
GWAS_Gln_Goodman,BP,471,345,GO:0015749,monosaccharide transmembrane transport,3/345,23/27694,0.002821067084911883,0.17522959814636963,0.15814230765873527,Zm00001eb000240/Zm00001eb008810/Zm00001eb047630,3
GWAS_Gln_Goodman,CC,471,345,GO:0031012,extracellular matrix,2/345,7/27694,0.0031179740111732467,0.17522959814636963,0.15814230765873527,Zm00001eb040290/Zm00001eb040300,2
GWAS_Gln_Goodman,MF,471,345,GO:0031072,heat shock protein binding,4/345,49/27694,0.0032250846284607904,0.17522959814636963,0.15814230765873527,Zm00001eb009060/Zm00001eb012470/Zm00001eb012510/Zm00001eb029200,4
GWAS_Gln_Goodman,MF,471,345,GO:0030145,manganese ion binding,5/345,84/27694,0.0040295814278471865,0.19202072673243817,0.1732960707837148,Zm00001eb015770/Zm00001eb028570/Zm00001eb030970/Zm00001eb040290/Zm00001eb040300,5
GWAS_Gln_Goodman,BP,471,345,GO:0009615,response to virus,2/345,8/27694,0.004123144439040083,0.19202072673243817,0.1732960707837148,Zm00001eb012470/Zm00001eb029200,2
GWAS_Gln_Goodman,BP,471,345,GO:0016973,poly(A)+ mRNA export from nucleus,2/345,9/27694,0.005257678654751504,0.2216006915786744,0.19999158313283663,Zm00001eb004400/Zm00001eb016760,2
GWAS_Gln_Goodman,CC,471,345,GO:0000139,Golgi membrane,15/345,568/27694,0.0054380537810717645,0.2216006915786744,0.19999158313283663,Zm00001eb000640/Zm00001eb003600/Zm00001eb003610/Zm00001eb003620/Zm00001eb003630/Zm00001eb003650/Zm00001eb005370/Zm00001eb015760/Zm00001eb028390/Zm00001eb029710/Zm00001eb030720/Zm00001eb041280/Zm00001eb046620/Zm00001eb046630/Zm00001eb047650,15
GWAS_Gln_Goodman,CC,471,345,GO:0005905,clathrin-coated pit,3/345,32/27694,0.007275078414878971,0.271144866581132,0.24470452117993668,Zm00001eb000860/Zm00001eb012390/Zm00001eb037740,3
GWAS_Gln_Goodman,BP,471,345,GO:0010087,phloem or xylem histogenesis,2/345,11/27694,0.007901460835953233,0.271144866581132,0.24470452117993668,Zm00001eb003660/Zm00001eb028720,2
GWAS_Gln_Goodman,MF,471,345,GO:0031176,"endo-1,4-beta-xylanase activity",2/345,11/27694,0.007901460835953233,0.271144866581132,0.24470452117993668,Zm00001eb007740/Zm00001eb027580,2
GWAS_Gln_Goodman,MF,471,345,GO:0016405,CoA-ligase activity,2/345,12/27694,0.009404177004164243,0.2885044091785073,0.26037127014979916,Zm00001eb002570/Zm00001eb040790,2
GWAS_Gln_Goodman,BP,471,345,GO:0015937,coenzyme A biosynthetic process,2/345,13/27694,0.011023191289366473,0.2885044091785073,0.26037127014979916,Zm00001eb005060/Zm00001eb041190,2
GWAS_Gln_Goodman,MF,471,345,GO:0015144,carbohydrate transmembrane transporter activity,3/345,39/27694,0.0125754565911458,0.2885044091785073,0.26037127014979916,Zm00001eb000240/Zm00001eb008810/Zm00001eb047630,3
GWAS_Gln_Goodman,MF,471,345,GO:0008553,P-type proton-exporting transporter activity,2/345,14/27694,0.012755390158853254,0.2885044091785073,0.26037127014979916,Zm00001eb000210/Zm00001eb000570,2
GWAS_Gln_Goodman,BP,471,345,GO:0072583,clathrin-dependent endocytosis,3/345,43/27694,0.016375195416765683,0.2885044091785073,0.26037127014979916,Zm00001eb000860/Zm00001eb012390/Zm00001eb037740,3
GWAS_Gln_Goodman,BP,471,345,GO:0010114,response to red light,2/345,16/27694,0.016547182203398954,0.2885044091785073,0.26037127014979916,Zm00001eb014810/Zm00001eb031340,2
GWAS_Gln_Goodman,MF,471,345,GO:0003727,single-stranded RNA binding,2/345,18/27694,0.02075580995328272,0.2885044091785073,0.26037127014979916,Zm00001eb004370/Zm00001eb014810,2
GWAS_Gln_Goodman,CC,471,345,GO:0005765,lysosomal membrane,2/345,18/27694,0.02075580995328272,0.2885044091785073,0.26037127014979916,Zm00001eb007810/Zm00001eb029720,2
GWAS_Gln_Goodman,MF,471,345,GO:0101005,deubiquitinase activity,2/345,18/27694,0.02075580995328272,0.2885044091785073,0.26037127014979916,Zm00001eb000220/Zm00001eb021890,2
GWAS_Gln_Goodman,BP,471,345,GO:0071805,potassium ion transmembrane transport,4/345,86/27694,0.022626283006816215,0.2885044091785073,0.26037127014979916,Zm00001eb000720/Zm00001eb000750/Zm00001eb002040/Zm00001eb033240,4
GWAS_Gln_Goodman,BP,471,345,GO:0070475,rRNA base methylation,2/345,19/27694,0.023009264329622567,0.2885044091785073,0.26037127014979916,Zm00001eb007700/Zm00001eb017470,2
GWAS_Gln_Goodman,BP,471,345,GO:0042545,cell wall modification,3/345,49/27694,0.023153450510719913,0.2885044091785073,0.26037127014979916,Zm00001eb011270/Zm00001eb028580/Zm00001eb040760,3
GWAS_Gln_Goodman,BP,471,345,GO:0006665,sphingolipid metabolic process,3/345,50/27694,0.02440973749351467,0.2885044091785073,0.26037127014979916,Zm00001eb001870/Zm00001eb023770/Zm00001eb028390,3
GWAS_Gln_Goodman,MF,471,345,GO:0005385,zinc ion transmembrane transporter activity,2/345,20/27694,0.025358430013188323,0.2885044091785073,0.26037127014979916,Zm00001eb019840/Zm00001eb041980,2
GWAS_Gln_Goodman,CC,471,345,GO:0043625,delta DNA polymerase complex,2/345,20/27694,0.025358430013188323,0.2885044091785073,0.26037127014979916,Zm00001eb002150/Zm00001eb002170,2
GWAS_Gln_Goodman,BP,471,345,GO:0016114,terpenoid biosynthetic process,3/345,52/27694,0.02703073229737714,0.2885044091785073,0.26037127014979916,Zm00001eb016730/Zm00001eb017640/Zm00001eb020070,3
GWAS_Gln_Goodman,MF,471,345,GO:0010333,terpene synthase activity,3/345,53/27694,0.02839533179094434,0.2885044091785073,0.26037127014979916,Zm00001eb016730/Zm00001eb017640/Zm00001eb020070,3
GWAS_Gln_Goodman,BP,471,345,GO:0005975,carbohydrate metabolic process,12/345,517/27694,0.029736843218686623,0.2885044091785073,0.26037127014979916,Zm00001eb000660/Zm00001eb001830/Zm00001eb002620/Zm00001eb002650/Zm00001eb004410/Zm00001eb005030/Zm00001eb007740/Zm00001eb007800/Zm00001eb008780/Zm00001eb015770/Zm00001eb027580/Zm00001eb039820,12
GWAS_Gln_Goodman,BP,471,345,GO:0055085,transmembrane transport,20/345,1017/27694,0.030785861313218865,0.2885044091785073,0.26037127014979916,Zm00001eb000240/Zm00001eb000580/Zm00001eb001900/Zm00001eb002040/Zm00001eb002060/Zm00001eb004340/Zm00001eb006900/Zm00001eb006910/Zm00001eb007730/Zm00001eb008790/Zm00001eb008810/Zm00001eb017730/Zm00001eb017760/Zm00001eb019840/Zm00001eb020860/Zm00001eb023600/Zm00001eb033240/Zm00001eb033760/Zm00001eb041980/Zm00001eb047630,20
GWAS_Gln_Goodman,MF,471,345,GO:0000049,tRNA binding,3/345,55/27694,0.031232337471486297,0.2885044091785073,0.26037127014979916,Zm00001eb005670/Zm00001eb007750/Zm00001eb007760,3
GWAS_Gln_Goodman,MF,471,345,GO:0000175,3'-5'-RNA exonuclease activity,2/345,23/27694,0.03295325964261071,0.2885044091785073,0.26037127014979916,Zm00001eb002260/Zm00001eb004370,2
GWAS_Gln_Goodman,MF,471,345,GO:0005545,1-phosphatidylinositol binding,2/345,23/27694,0.03295325964261071,0.2885044091785073,0.26037127014979916,Zm00001eb012390/Zm00001eb037740,2
GWAS_Gln_Goodman,MF,471,345,GO:0032050,clathrin heavy chain binding,2/345,23/27694,0.03295325964261071,0.2885044091785073,0.26037127014979916,Zm00001eb012390/Zm00001eb037740,2
GWAS_Gln_Goodman,BP,471,345,GO:0045493,xylan catabolic process,2/345,23/27694,0.03295325964261071,0.2885044091785073,0.26037127014979916,Zm00001eb007740/Zm00001eb027580,2
GWAS_Gln_Goodman,BP,471,345,GO:0048268,clathrin coat assembly,2/345,23/27694,0.03295325964261071,0.2885044091785073,0.26037127014979916,Zm00001eb012390/Zm00001eb037740,2
GWAS_Gln_Goodman,BP,471,345,GO:0030488,tRNA methylation,2/345,24/27694,0.03565859459524181,0.2885044091785073,0.26037127014979916,Zm00001eb000190/Zm00001eb007700,2
GWAS_Gln_Goodman,BP,471,345,GO:0045489,pectin biosynthetic process,2/345,24/27694,0.03565859459524181,0.2885044091785073,0.26037127014979916,Zm00001eb015760/Zm00001eb029710,2
GWAS_Gln_Goodman,MF,471,345,GO:0070006,metalloaminopeptidase activity,2/345,24/27694,0.03565859459524181,0.2885044091785073,0.26037127014979916,Zm00001eb028570/Zm00001eb042130,2
GWAS_Gln_Goodman,BP,471,345,GO:0000256,allantoin catabolic process,1/345,3/27694,0.03691039226631254,0.2885044091785073,0.26037127014979916,Zm00001eb030970,1
GWAS_Gln_Goodman,MF,471,345,GO:0004150,dihydroneopterin aldolase activity,1/345,3/27694,0.03691039226631254,0.2885044091785073,0.26037127014979916,Zm00001eb039830,1
GWAS_Gln_Goodman,MF,471,345,GO:0004633,phosphopantothenoylcysteine decarboxylase activity,1/345,3/27694,0.03691039226631254,0.2885044091785073,0.26037127014979916,Zm00001eb005060,1
GWAS_Gln_Goodman,MF,471,345,GO:0004760,L-serine-pyruvate transaminase activity,1/345,3/27694,0.03691039226631254,0.2885044091785073,0.26037127014979916,Zm00001eb034320,1
GWAS_Gln_Goodman,BP,471,345,GO:0006784,heme A biosynthetic process,1/345,3/27694,0.03691039226631254,0.2885044091785073,0.26037127014979916,Zm00001eb005400,1
GWAS_Gln_Goodman,MF,471,345,GO:0008179,adenylate cyclase binding,1/345,3/27694,0.03691039226631254,0.2885044091785073,0.26037127014979916,Zm00001eb040800,1
GWAS_Gln_Goodman,MF,471,345,GO:0008428,ribonuclease inhibitor activity,1/345,3/27694,0.03691039226631254,0.2885044091785073,0.26037127014979916,Zm00001eb014810,1
GWAS_Gln_Goodman,BP,471,345,GO:0010406,classical arabinogalactan protein metabolic process,1/345,3/27694,0.03691039226631254,0.2885044091785073,0.26037127014979916,Zm00001eb007800,1
GWAS_Gln_Goodman,MF,471,345,GO:0016813,"hydrolase activity, acting on carbon-nitrogen (but not peptide) bonds, in linear amidines",1/345,3/27694,0.03691039226631254,0.2885044091785073,0.26037127014979916,Zm00001eb030970,1
GWAS_Gln_Goodman,BP,471,345,GO:0019265,"glycine biosynthetic process, by transamination of glyoxylate",1/345,3/27694,0.03691039226631254,0.2885044091785073,0.26037127014979916,Zm00001eb034320,1
GWAS_Gln_Goodman,BP,471,345,GO:0034059,response to anoxia,1/345,3/27694,0.03691039226631254,0.2885044091785073,0.26037127014979916,Zm00001eb056510,1
GWAS_Gln_Goodman,BP,471,345,GO:0042127,regulation of cell population proliferation,1/345,3/27694,0.03691039226631254,0.2885044091785073,0.26037127014979916,Zm00001eb001860,1
GWAS_Gln_Goodman,BP,471,345,GO:0045930,negative regulation of mitotic cell cycle,1/345,3/27694,0.03691039226631254,0.2885044091785073,0.26037127014979916,Zm00001eb020850,1
GWAS_Gln_Goodman,MF,471,345,GO:0061522,"1,4-dihydroxy-2-naphthoyl-CoA thioesterase activity",1/345,3/27694,0.03691039226631254,0.2885044091785073,0.26037127014979916,Zm00001eb033120,1
GWAS_Gln_Goodman,CC,471,345,GO:0070985,transcription factor TFIIK complex,1/345,3/27694,0.03691039226631254,0.2885044091785073,0.26037127014979916,Zm00001eb056480,1
GWAS_Gln_Goodman,BP,471,345,GO:0071470,cellular response to osmotic stress,1/345,3/27694,0.03691039226631254,0.2885044091785073,0.26037127014979916,Zm00001eb020860,1
GWAS_Gln_Goodman,CC,471,345,GO:0071513,phosphopantothenoylcysteine decarboxylase complex,1/345,3/27694,0.03691039226631254,0.2885044091785073,0.26037127014979916,Zm00001eb005060,1
GWAS_Gln_Goodman,MF,471,345,GO:0090599,alpha-glucosidase activity,1/345,3/27694,0.03691039226631254,0.2885044091785073,0.26037127014979916,Zm00001eb008780,1
GWAS_Gln_Goodman,CC,471,345,GO:0005802,trans-Golgi network,3/345,59/27694,0.03733435798666724,0.2885044091785073,0.26037127014979916,Zm00001eb028390/Zm00001eb030710/Zm00001eb063700,3
GWAS_Gln_Goodman,BP,471,345,GO:0015711,organic anion transport,2/345,25/27694,0.038446559143273995,0.2885044091785073,0.26037127014979916,Zm00001eb006900/Zm00001eb006910,2
GWAS_Gln_Goodman,BP,471,345,GO:0046246,terpene biosynthetic process,2/345,25/27694,0.038446559143273995,0.2885044091785073,0.26037127014979916,Zm00001eb016730/Zm00001eb020070,2
GWAS_Gln_Goodman,BP,471,345,GO:0071577,zinc ion transmembrane transport,2/345,25/27694,0.038446559143273995,0.2885044091785073,0.26037127014979916,Zm00001eb019840/Zm00001eb041980,2
GWAS_Gln_Goodman,CC,471,345,GO:0009941,chloroplast envelope,3/345,61/27694,0.04059701087364197,0.2885044091785073,0.26037127014979916,Zm00001eb002040/Zm00001eb014810/Zm00001eb025160,3
GWAS_Gln_Goodman,CC,471,345,GO:0005829,cytosol,19/345,994/27694,0.04400927767404882,0.2885044091785073,0.26037127014979916,Zm00001eb000700/Zm00001eb000710/Zm00001eb000760/Zm00001eb002180/Zm00001eb005630/Zm00001eb007750/Zm00001eb008970/Zm00001eb017590/Zm00001eb018110/Zm00001eb018130/Zm00001eb028810/Zm00001eb031340/Zm00001eb037680/Zm00001eb037690/Zm00001eb039560/Zm00001eb039590/Zm00001eb056500/Zm00001eb056510/Zm00001eb063690,19
GWAS_Gln_Goodman,BP,471,345,GO:0006396,RNA processing,5/345,154/27694,0.044039564773818554,0.2885044091785073,0.26037127014979916,Zm00001eb000190/Zm00001eb014810/Zm00001eb014820/Zm00001eb030980/Zm00001eb062000,5
GWAS_Gln_Goodman,MF,471,345,GO:0008173,RNA methyltransferase activity,2/345,27/27694,0.04426056299540492,0.2885044091785073,0.26037127014979916,Zm00001eb000190/Zm00001eb007700,2
GWAS_Gln_Goodman,MF,471,345,GO:0016627,"oxidoreductase activity, acting on the CH-CH group of donors",2/345,27/27694,0.04426056299540492,0.2885044091785073,0.26037127014979916,Zm00001eb020570/Zm00001eb020590,2
GWAS_Gln_Goodman,BP,471,345,GO:0032968,positive regulation of transcription elongation by RNA polymerase II,2/345,28/27694,0.04728181519929947,0.2885044091785073,0.26037127014979916,Zm00001eb016770/Zm00001eb040540,2
GWAS_Gln_Goodman,BP,471,345,GO:0000719,photoreactive repair,1/345,4/27694,0.04890945025151072,0.2885044091785073,0.26037127014979916,Zm00001eb026960,1
GWAS_Gln_Goodman,MF,471,345,GO:0004140,dephospho-CoA kinase activity,1/345,4/27694,0.04890945025151072,0.2885044091785073,0.26037127014979916,Zm00001eb041190,1
GWAS_Gln_Goodman,MF,471,345,GO:0004318,enoyl-[acyl-carrier-protein] reductase (NADH) activity,1/345,4/27694,0.04890945025151072,0.2885044091785073,0.26037127014979916,Zm00001eb028240,1
GWAS_Gln_Goodman,CC,471,345,GO:0005846,nuclear cap binding complex,1/345,4/27694,0.04890945025151072,0.2885044091785073,0.26037127014979916,Zm00001eb016670,1
GWAS_Gln_Goodman,BP,471,345,GO:0007346,regulation of mitotic cell cycle,1/345,4/27694,0.04890945025151072,0.2885044091785073,0.26037127014979916,Zm00001eb012500,1
GWAS_Gln_Goodman,CC,471,345,GO:0009526,plastid envelope,1/345,4/27694,0.04890945025151072,0.2885044091785073,0.26037127014979916,Zm00001eb020860,1
GWAS_Gln_Goodman,BP,471,345,GO:0010118,stomatal movement,1/345,4/27694,0.04890945025151072,0.2885044091785073,0.26037127014979916,Zm00001eb015770,1
GWAS_Gln_Goodman,MF,471,345,GO:0016285,alanyl aminopeptidase activity,1/345,4/27694,0.04890945025151072,0.2885044091785073,0.26037127014979916,Zm00001eb042130,1
GWAS_Gln_Goodman,MF,471,345,GO:0016432,tRNA-uridine aminocarboxypropyltransferase activity,1/345,4/27694,0.04890945025151072,0.2885044091785073,0.26037127014979916,Zm00001eb026290,1
GWAS_Gln_Goodman,MF,471,345,GO:0016972,thiol oxidase activity,1/345,4/27694,0.04890945025151072,0.2885044091785073,0.26037127014979916,Zm00001eb007440,1
GWAS_Gln_Goodman,CC,471,345,GO:0030122,AP-2 adaptor complex,1/345,4/27694,0.04890945025151072,0.2885044091785073,0.26037127014979916,Zm00001eb000860,1
GWAS_Gln_Goodman,BP,471,345,GO:0033539,fatty acid beta-oxidation using acyl-CoA dehydrogenase,1/345,4/27694,0.04890945025151072,0.2885044091785073,0.26037127014979916,Zm00001eb063680,1
GWAS_Gln_Goodman,BP,471,345,GO:0042256,cytosolic ribosome assembly,1/345,4/27694,0.04890945025151072,0.2885044091785073,0.26037127014979916,Zm00001eb037680,1
GWAS_Gln_Goodman,BP,471,345,GO:0044208,'de novo' AMP biosynthetic process,1/345,4/27694,0.04890945025151072,0.2885044091785073,0.26037127014979916,Zm00001eb005660,1
GWAS_Gln_Goodman,BP,471,345,GO:0071365,cellular response to auxin stimulus,1/345,4/27694,0.04890945025151072,0.2885044091785073,0.26037127014979916,Zm00001eb030680,1
GWAS_Gln_Goodman,CC,471,345,GO:0101031,protein folding chaperone complex,1/345,4/27694,0.04890945025151072,0.2885044091785073,0.26037127014979916,Zm00001eb029690,1
GWAS_Gln_Goodman,MF,471,345,GO:0140101,"catalytic activity, acting on a tRNA",1/345,4/27694,0.04890945025151072,0.2885044091785073,0.26037127014979916,Zm00001eb016720,1
GWAS_Gln_Goodman,MF,471,345,GO:0141052,histone H3 demethylase activity,1/345,4/27694,0.04890945025151072,0.2885044091785073,0.26037127014979916,Zm00001eb025020,1
GWAS_Gln_Goodman,CC,471,345,GO:0005777,peroxisome,4/345,112/27694,0.05169811694174085,0.2885044091785073,0.26037127014979916,Zm00001eb002570/Zm00001eb033120/Zm00001eb034320/Zm00001eb040310,4
GWAS_Gln_Goodman,CC,471,345,GO:0000176,nuclear exosome (RNase complex),2/345,30/27694,0.05354120369043782,0.2885044091785073,0.26037127014979916,Zm00001eb002260/Zm00001eb004370,2
GWAS_Gln_Goodman,MF,471,345,GO:0047262,polygalacturonate 4-alpha-galacturonosyltransferase activity,2/345,30/27694,0.05354120369043782,0.2885044091785073,0.26037127014979916,Zm00001eb015760/Zm00001eb029710,2
GWAS_Gln_Goodman,BP,471,345,GO:0007166,cell surface receptor signaling pathway,3/345,69/27694,0.055021451810993494,0.2885044091785073,0.26037127014979916,Zm00001eb004320/Zm00001eb012430/Zm00001eb034290,3
GWAS_Gln_Goodman,BP,471,345,GO:0006900,vesicle budding from membrane,2/345,31/27694,0.05677483058376392,0.2885044091785073,0.26037127014979916,Zm00001eb012390/Zm00001eb037740,2
GWAS_Gln_Goodman,BP,471,345,GO:0015748,organophosphate ester transport,2/345,31/27694,0.05677483058376392,0.2885044091785073,0.26037127014979916,Zm00001eb006900/Zm00001eb006910,2
GWAS_Gln_Goodman,CC,471,345,GO:0030136,clathrin-coated vesicle,2/345,31/27694,0.05677483058376392,0.2885044091785073,0.26037127014979916,Zm00001eb012390/Zm00001eb037740,2
GWAS_Gln_Goodman,BP,471,345,GO:0046513,ceramide biosynthetic process,2/345,31/27694,0.05677483058376392,0.2885044091785073,0.26037127014979916,Zm00001eb023770/Zm00001eb028390,2
GWAS_Gln_Goodman,MF,471,345,GO:0051119,sugar transmembrane transporter activity,2/345,31/27694,0.05677483058376392,0.2885044091785073,0.26037127014979916,Zm00001eb017730/Zm00001eb017760,2
GWAS_Gln_Goodman,CC,471,345,GO:0016602,CCAAT-binding factor complex,2/345,32/27694,0.06007481406168961,0.2885044091785073,0.26037127014979916,Zm00001eb005690/Zm00001eb031690,2
GWAS_Gln_Goodman,BP,471,345,GO:0046854,phosphatidylinositol phosphate biosynthetic process,2/345,32/27694,0.06007481406168961,0.2885044091785073,0.26037127014979916,Zm00001eb019420/Zm00001eb054420,2
GWAS_Gln_Goodman,MF,471,345,GO:0052742,phosphatidylinositol kinase activity,2/345,32/27694,0.06007481406168961,0.2885044091785073,0.26037127014979916,Zm00001eb019420/Zm00001eb054420,2
GWAS_Gln_Goodman,MF,471,345,GO:0000339,RNA cap binding,1/345,5/27694,0.06075944084967688,0.2885044091785073,0.26037127014979916,Zm00001eb016670,1
GWAS_Gln_Goodman,BP,471,345,GO:0001659,temperature homeostasis,1/345,5/27694,0.06075944084967688,0.2885044091785073,0.26037127014979916,Zm00001eb031340,1
GWAS_Gln_Goodman,MF,471,345,GO:0004134,4-alpha-glucanotransferase activity,1/345,5/27694,0.06075944084967688,0.2885044091785073,0.26037127014979916,Zm00001eb002650,1
GWAS_Gln_Goodman,MF,471,345,GO:0004351,glutamate decarboxylase activity,1/345,5/27694,0.06075944084967688,0.2885044091785073,0.26037127014979916,Zm00001eb037690,1
GWAS_Gln_Goodman,BP,471,345,GO:0006536,glutamate metabolic process,1/345,5/27694,0.06075944084967688,0.2885044091785073,0.26037127014979916,Zm00001eb037690,1
GWAS_Gln_Goodman,BP,471,345,GO:0006545,glycine biosynthetic process,1/345,5/27694,0.06075944084967688,0.2885044091785073,0.26037127014979916,Zm00001eb017590,1
GWAS_Gln_Goodman,BP,471,345,GO:0006567,L-threonine catabolic process,1/345,5/27694,0.06075944084967688,0.2885044091785073,0.26037127014979916,Zm00001eb017590,1
GWAS_Gln_Goodman,MF,471,345,GO:0008477,purine nucleosidase activity,1/345,5/27694,0.06075944084967688,0.2885044091785073,0.26037127014979916,Zm00001eb039560,1
GWAS_Gln_Goodman,MF,471,345,GO:0008732,L-allo-threonine aldolase activity,1/345,5/27694,0.06075944084967688,0.2885044091785073,0.26037127014979916,Zm00001eb017590,1
GWAS_Gln_Goodman,BP,471,345,GO:0009249,protein lipoylation,1/345,5/27694,0.06075944084967688,0.2885044091785073,0.26037127014979916,Zm00001eb030760,1
GWAS_Gln_Goodman,BP,471,345,GO:0009956,radial pattern formation,1/345,5/27694,0.06075944084967688,0.2885044091785073,0.26037127014979916,Zm00001eb020850,1
GWAS_Gln_Goodman,BP,471,345,GO:0010037,response to carbon dioxide,1/345,5/27694,0.06075944084967688,0.2885044091785073,0.26037127014979916,Zm00001eb015770,1
GWAS_Gln_Goodman,BP,471,345,GO:0010928,regulation of auxin mediated signaling pathway,1/345,5/27694,0.06075944084967688,0.2885044091785073,0.26037127014979916,Zm00001eb030680,1
GWAS_Gln_Goodman,BP,471,345,GO:0030091,protein repair,1/345,5/27694,0.06075944084967688,0.2885044091785073,0.26037127014979916,Zm00001eb017600,1
GWAS_Gln_Goodman,BP,471,345,GO:0032434,regulation of proteasomal ubiquitin-dependent protein catabolic process,1/345,5/27694,0.06075944084967688,0.2885044091785073,0.26037127014979916,Zm00001eb001890,1
GWAS_Gln_Goodman,BP,471,345,GO:0032436,positive regulation of proteasomal ubiquitin-dependent protein catabolic process,1/345,5/27694,0.06075944084967688,0.2885044091785073,0.26037127014979916,Zm00001eb001890,1
GWAS_Gln_Goodman,CC,471,345,GO:0034399,nuclear periphery,1/345,5/27694,0.06075944084967688,0.2885044091785073,0.26037127014979916,Zm00001eb000170,1
GWAS_Gln_Goodman,BP,471,345,GO:0035336,long-chain fatty-acyl-CoA metabolic process,1/345,5/27694,0.06075944084967688,0.2885044091785073,0.26037127014979916,Zm00001eb039570,1
GWAS_Gln_Goodman,BP,471,345,GO:0042454,ribonucleoside catabolic process,1/345,5/27694,0.06075944084967688,0.2885044091785073,0.26037127014979916,Zm00001eb039560,1
GWAS_Gln_Goodman,BP,471,345,GO:0043171,peptide catabolic process,1/345,5/27694,0.06075944084967688,0.2885044091785073,0.26037127014979916,Zm00001eb042130,1
GWAS_Gln_Goodman,MF,471,345,GO:0045437,uridine nucleosidase activity,1/345,5/27694,0.06075944084967688,0.2885044091785073,0.26037127014979916,Zm00001eb039560,1
GWAS_Gln_Goodman,MF,471,345,GO:0047724,inosine nucleosidase activity,1/345,5/27694,0.06075944084967688,0.2885044091785073,0.26037127014979916,Zm00001eb039560,1
GWAS_Gln_Goodman,BP,471,345,GO:0051781,positive regulation of cell division,1/345,5/27694,0.06075944084967688,0.2885044091785073,0.26037127014979916,Zm00001eb037700,1
GWAS_Gln_Goodman,BP,471,345,GO:0071244,cellular response to carbon dioxide,1/345,5/27694,0.06075944084967688,0.2885044091785073,0.26037127014979916,Zm00001eb031340,1
GWAS_Gln_Goodman,MF,471,345,GO:0080019,alcohol-forming very long-chain fatty acyl-CoA reductase activity,1/345,5/27694,0.06075944084967688,0.2885044091785073,0.26037127014979916,Zm00001eb039570,1
GWAS_Gln_Goodman,BP,471,345,GO:0080027,response to herbivore,1/345,5/27694,0.06075944084967688,0.2885044091785073,0.26037127014979916,Zm00001eb017640,1
GWAS_Gln_Goodman,MF,471,345,GO:0102965,alcohol-forming long-chain fatty acyl-CoA reductase activity,1/345,5/27694,0.06075944084967688,0.2885044091785073,0.26037127014979916,Zm00001eb039570,1
GWAS_Gln_Goodman,CC,471,345,GO:0000307,cyclin-dependent protein kinase holoenzyme complex,3/345,73/27694,0.06303018001777314,0.2885044091785073,0.26037127014979916,Zm00001eb012500/Zm00001eb016770/Zm00001eb040540,3
GWAS_Gln_Goodman,BP,471,345,GO:0046488,phosphatidylinositol metabolic process,2/345,33/27694,0.06343900991470612,0.2885044091785073,0.26037127014979916,Zm00001eb019420/Zm00001eb054420,2
GWAS_Gln_Goodman,BP,471,345,GO:0006869,lipid transport,3/345,74/27694,0.06511226487201426,0.2885044091785073,0.26037127014979916,Zm00001eb000850/Zm00001eb056500/Zm00001eb063690,3
GWAS_Gln_Goodman,BP,471,345,GO:0006897,endocytosis,3/345,76/27694,0.06937012651479023,0.2885044091785073,0.26037127014979916,Zm00001eb000860/Zm00001eb012390/Zm00001eb037740,3
GWAS_Gln_Goodman,CC,471,345,GO:0048046,apoplast,5/345,177/27694,0.07118897713540664,0.2885044091785073,0.26037127014979916,Zm00001eb000660/Zm00001eb005030/Zm00001eb026860/Zm00001eb040290/Zm00001eb040300,5
GWAS_Gln_Goodman,MF,471,345,GO:0008483,transaminase activity,3/345,77/27694,0.07154524983707614,0.2885044091785073,0.26037127014979916,Zm00001eb004390/Zm00001eb017520/Zm00001eb034320,3
GWAS_Gln_Goodman,MF,471,345,GO:0016757,glycosyltransferase activity,15/345,791/27694,0.07187649055139228,0.2885044091785073,0.26037127014979916,Zm00001eb000640/Zm00001eb002650/Zm00001eb003600/Zm00001eb003610/Zm00001eb003620/Zm00001eb003630/Zm00001eb003650/Zm00001eb012530/Zm00001eb015760/Zm00001eb017570/Zm00001eb029710/Zm00001eb041280/Zm00001eb046620/Zm00001eb046630/Zm00001eb047650,15
GWAS_Gln_Goodman,MF,471,345,GO:0005509,calcium ion binding,8/345,349/27694,0.0720577902749238,0.2885044091785073,0.26037127014979916,Zm00001eb002180/Zm00001eb008980/Zm00001eb009010/Zm00001eb015740/Zm00001eb019830/Zm00001eb034290/Zm00001eb034330/Zm00001eb040550,8
GWAS_Gln_Goodman,BP,471,345,GO:1902600,proton transmembrane transport,6/345,233/27694,0.07234655942319689,0.2885044091785073,0.26037127014979916,Zm00001eb000210/Zm00001eb000570/Zm00001eb000720/Zm00001eb000750/Zm00001eb002040/Zm00001eb033240,6
GWAS_Gln_Goodman,BP,471,345,GO:0000054,ribosomal subunit export from nucleus,1/345,6/27694,0.07246221064659497,0.2885044091785073,0.26037127014979916,Zm00001eb037680,1
GWAS_Gln_Goodman,CC,471,345,GO:0000325,plant-type vacuole,1/345,6/27694,0.07246221064659497,0.2885044091785073,0.26037127014979916,Zm00001eb063700,1
GWAS_Gln_Goodman,CC,471,345,GO:0005637,nuclear inner membrane,1/345,6/27694,0.07246221064659497,0.2885044091785073,0.26037127014979916,Zm00001eb000170,1
GWAS_Gln_Goodman,CC,471,345,GO:0005757,mitochondrial permeability transition pore complex,1/345,6/27694,0.07246221064659497,0.2885044091785073,0.26037127014979916,Zm00001eb002060,1
GWAS_Gln_Goodman,BP,471,345,GO:0006564,L-serine biosynthetic process,1/345,6/27694,0.07246221064659497,0.2885044091785073,0.26037127014979916,Zm00001eb004390,1
GWAS_Gln_Goodman,BP,471,345,GO:0006760,folic acid-containing compound metabolic process,1/345,6/27694,0.07246221064659497,0.2885044091785073,0.26037127014979916,Zm00001eb039830,1
GWAS_Gln_Goodman,BP,471,345,GO:0006882,intracellular zinc ion homeostasis,1/345,6/27694,0.07246221064659497,0.2885044091785073,0.26037127014979916,Zm00001eb041980,1
GWAS_Gln_Goodman,CC,471,345,GO:0008622,epsilon DNA polymerase complex,1/345,6/27694,0.07246221064659497,0.2885044091785073,0.26037127014979916,Zm00001eb037700,1
GWAS_Gln_Goodman,MF,471,345,GO:0016423,tRNA (guanine) methyltransferase activity,1/345,6/27694,0.07246221064659497,0.2885044091785073,0.26037127014979916,Zm00001eb000190,1
GWAS_Gln_Goodman,MF,471,345,GO:0019783,ubiquitin-like protein peptidase activity,1/345,6/27694,0.07246221064659497,0.2885044091785073,0.26037127014979916,Zm00001eb016540,1
GWAS_Gln_Goodman,BP,471,345,GO:0019878,lysine biosynthetic process via aminoadipic acid,1/345,6/27694,0.07246221064659497,0.2885044091785073,0.26037127014979916,Zm00001eb000710,1
GWAS_Gln_Goodman,MF,471,345,GO:0043424,protein histidine kinase binding,1/345,6/27694,0.07246221064659497,0.2885044091785073,0.26037127014979916,Zm00001eb039590,1
GWAS_Gln_Goodman,MF,471,345,GO:0045140,inositol phosphoceramide synthase activity,1/345,6/27694,0.07246221064659497,0.2885044091785073,0.26037127014979916,Zm00001eb028390,1
GWAS_Gln_Goodman,BP,471,345,GO:0046656,folic acid biosynthetic process,1/345,6/27694,0.07246221064659497,0.2885044091785073,0.26037127014979916,Zm00001eb039830,1
GWAS_Gln_Goodman,BP,471,345,GO:0046902,regulation of mitochondrial membrane permeability,1/345,6/27694,0.07246221064659497,0.2885044091785073,0.26037127014979916,Zm00001eb002060,1
GWAS_Gln_Goodman,MF,471,345,GO:0070042,rRNA (uridine-N3-)-methyltransferase activity,1/345,6/27694,0.07246221064659497,0.2885044091785073,0.26037127014979916,Zm00001eb017470,1
GWAS_Gln_Goodman,BP,471,345,GO:0071036,nuclear polyadenylation-dependent snoRNA catabolic process,1/345,6/27694,0.07246221064659497,0.2885044091785073,0.26037127014979916,Zm00001eb004370,1
GWAS_Gln_Goodman,BP,471,345,GO:0071037,nuclear polyadenylation-dependent snRNA catabolic process,1/345,6/27694,0.07246221064659497,0.2885044091785073,0.26037127014979916,Zm00001eb004370,1
GWAS_Gln_Goodman,BP,471,345,GO:0071039,nuclear polyadenylation-dependent CUT catabolic process,1/345,6/27694,0.07246221064659497,0.2885044091785073,0.26037127014979916,Zm00001eb004370,1
GWAS_Gln_Goodman,BP,471,345,GO:0071040,nuclear polyadenylation-dependent antisense transcript catabolic process,1/345,6/27694,0.07246221064659497,0.2885044091785073,0.26037127014979916,Zm00001eb004370,1
GWAS_Gln_Goodman,BP,471,345,GO:0071044,histone mRNA catabolic process,1/345,6/27694,0.07246221064659497,0.2885044091785073,0.26037127014979916,Zm00001eb004370,1
GWAS_Gln_Goodman,BP,471,345,GO:0080038,positive regulation of cytokinin-activated signaling pathway,1/345,6/27694,0.07246221064659497,0.2885044091785073,0.26037127014979916,Zm00001eb039590,1
GWAS_Gln_Goodman,BP,471,345,GO:0006260,DNA replication,4/345,126/27694,0.07304252255450927,0.2885044091785073,0.26037127014979916,Zm00001eb002150/Zm00001eb002170/Zm00001eb028400/Zm00001eb037700,4
GWAS_Gln_Goodman,MF,471,345,GO:0004177,aminopeptidase activity,2/345,36/27694,0.07389606799510846,0.2885044091785073,0.26037127014979916,Zm00001eb028570/Zm00001eb042130,2
GWAS_Gln_Goodman,MF,471,345,GO:0004565,beta-galactosidase activity,2/345,36/27694,0.07389606799510846,0.2885044091785073,0.26037127014979916,Zm00001eb005030/Zm00001eb007800,2
GWAS_Gln_Goodman,BP,471,345,GO:0008643,carbohydrate transport,2/345,36/27694,0.07389606799510846,0.2885044091785073,0.26037127014979916,Zm00001eb017730/Zm00001eb017760,2
GWAS_Gln_Goodman,CC,471,345,GO:0031969,chloroplast membrane,3/345,79/27694,0.07598620156337971,0.294898829876926,0.26614214707975725,Zm00001eb000720/Zm00001eb000750/Zm00001eb014810,3
GWAS_Gln_Goodman,MF,471,345,GO:0016798,"hydrolase activity, acting on glycosyl bonds",9/345,422/27694,0.08329327839230556,0.30205121840506954,0.2725970795744816,Zm00001eb000660/Zm00001eb001830/Zm00001eb002620/Zm00001eb005030/Zm00001eb007740/Zm00001eb007800/Zm00001eb008780/Zm00001eb029720/Zm00001eb039560,9
GWAS_Gln_Goodman,MF,471,345,GO:0004566,beta-glucuronidase activity,1/345,7/27694,0.08401958341916516,0.30205121840506954,0.2725970795744816,Zm00001eb029720,1
GWAS_Gln_Goodman,BP,471,345,GO:0006007,glucose catabolic process,1/345,7/27694,0.08401958341916516,0.30205121840506954,0.2725970795744816,Zm00001eb015770,1
GWAS_Gln_Goodman,BP,471,345,GO:0006144,purine nucleobase metabolic process,1/345,7/27694,0.08401958341916516,0.30205121840506954,0.2725970795744816,Zm00001eb030970,1
GWAS_Gln_Goodman,BP,471,345,GO:0006370,7-methylguanosine mRNA capping,1/345,7/27694,0.08401958341916516,0.30205121840506954,0.2725970795744816,Zm00001eb016670,1
GWAS_Gln_Goodman,BP,471,345,GO:0006538,L-glutamate catabolic process,1/345,7/27694,0.08401958341916516,0.30205121840506954,0.2725970795744816,Zm00001eb037690,1
GWAS_Gln_Goodman,MF,471,345,GO:0008296,3'-5'-DNA exonuclease activity,1/345,7/27694,0.08401958341916516,0.30205121840506954,0.2725970795744816,Zm00001eb002330,1
GWAS_Gln_Goodman,BP,471,345,GO:0010345,suberin biosynthetic process,1/345,7/27694,0.08401958341916516,0.30205121840506954,0.2725970795744816,Zm00001eb039570,1
GWAS_Gln_Goodman,CC,471,345,GO:0012511,monolayer-surrounded lipid storage body,1/345,7/27694,0.08401958341916516,0.30205121840506954,0.2725970795744816,Zm00001eb000200,1
GWAS_Gln_Goodman,MF,471,345,GO:0016668,"oxidoreductase activity, acting on a sulfur group of donors, NAD(P) as acceptor",1/345,7/27694,0.08401958341916516,0.30205121840506954,0.2725970795744816,Zm00001eb004790,1
GWAS_Gln_Goodman,MF,471,345,GO:0032452,histone demethylase activity,1/345,7/27694,0.08401958341916516,0.30205121840506954,0.2725970795744816,Zm00001eb025020,1
GWAS_Gln_Goodman,BP,471,345,GO:0071763,nuclear membrane organization,1/345,7/27694,0.08401958341916516,0.30205121840506954,0.2725970795744816,Zm00001eb000170,1
GWAS_Gln_Goodman,MF,471,345,GO:0008353,RNA polymerase II CTD heptapeptide repeat kinase activity,3/345,84/27694,0.08760137542206366,0.30205121840506954,0.2725970795744816,Zm00001eb016770/Zm00001eb017510/Zm00001eb040540,3
GWAS_Gln_Goodman,MF,471,345,GO:0016829,lyase activity,9/345,428/27694,0.08898217547126468,0.30205121840506954,0.2725970795744816,Zm00001eb001830/Zm00001eb016730/Zm00001eb017500/Zm00001eb017590/Zm00001eb020070/Zm00001eb026960/Zm00001eb037690/Zm00001eb039820/Zm00001eb039830,9
GWAS_Gln_Goodman,MF,471,345,GO:0015293,symporter activity,3/345,85/27694,0.0900094335174311,0.30205121840506954,0.2725970795744816,Zm00001eb000240/Zm00001eb008810/Zm00001eb047630,3
GWAS_Gln_Goodman,MF,471,345,GO:0030276,clathrin binding,2/345,41/27694,0.09242072533981865,0.30205121840506954,0.2725970795744816,Zm00001eb012390/Zm00001eb037740,2
GWAS_Gln_Goodman,BP,471,345,GO:0006812,monoatomic cation transport,3/345,86/27694,0.09244496907805567,0.30205121840506954,0.2725970795744816,Zm00001eb002040/Zm00001eb033240/Zm00001eb041980,3
GWAS_Gln_Goodman,BP,471,345,GO:0009408,response to heat,3/345,87/27694,0.09490760451294313,0.30205121840506954,0.2725970795744816,Zm00001eb009060/Zm00001eb012470/Zm00001eb029200,3
GWAS_Gln_Goodman,BP,471,345,GO:0000056,ribosomal small subunit export from nucleus,1/345,8/27694,0.09543336041632566,0.30205121840506954,0.2725970795744816,Zm00001eb018110,1
GWAS_Gln_Goodman,MF,471,345,GO:0000062,fatty-acyl-CoA binding,1/345,8/27694,0.09543336041632566,0.30205121840506954,0.2725970795744816,Zm00001eb063690,1
GWAS_Gln_Goodman,CC,471,345,GO:0000938,GARP complex,1/345,8/27694,0.09543336041632566,0.30205121840506954,0.2725970795744816,Zm00001eb056500,1
GWAS_Gln_Goodman,MF,471,345,GO:0003904,deoxyribodipyrimidine photo-lyase activity,1/345,8/27694,0.09543336041632566,0.30205121840506954,0.2725970795744816,Zm00001eb026960,1
GWAS_Gln_Goodman,MF,471,345,GO:0004022,alcohol dehydrogenase (NAD+) activity,1/345,8/27694,0.09543336041632566,0.30205121840506954,0.2725970795744816,Zm00001eb056510,1
GWAS_Gln_Goodman,MF,471,345,GO:0004045,peptidyl-tRNA hydrolase activity,1/345,8/27694,0.09543336041632566,0.30205121840506954,0.2725970795744816,Zm00001eb016720,1
GWAS_Gln_Goodman,BP,471,345,GO:0007143,female meiotic nuclear division,1/345,8/27694,0.09543336041632566,0.30205121840506954,0.2725970795744816,Zm00001eb037710,1
GWAS_Gln_Goodman,MF,471,345,GO:0009927,histidine phosphotransfer kinase activity,1/345,8/27694,0.09543336041632566,0.30205121840506954,0.2725970795744816,Zm00001eb039590,1
GWAS_Gln_Goodman,BP,471,345,GO:0010019,chloroplast-nucleus signaling pathway,1/345,8/27694,0.09543336041632566,0.30205121840506954,0.2725970795744816,Zm00001eb007770,1
GWAS_Gln_Goodman,BP,471,345,GO:0010119,regulation of stomatal movement,1/345,8/27694,0.09543336041632566,0.30205121840506954,0.2725970795744816,Zm00001eb017810,1
GWAS_Gln_Goodman,BP,471,345,GO:0015833,peptide transport,1/345,8/27694,0.09543336041632566,0.30205121840506954,0.2725970795744816,Zm00001eb033760,1
GWAS_Gln_Goodman,MF,471,345,GO:0016041,glutamate synthase (ferredoxin) activity,1/345,8/27694,0.09543336041632566,0.30205121840506954,0.2725970795744816,Zm00001eb021930,1
GWAS_Gln_Goodman,BP,471,345,GO:0031930,mitochondria-nucleus signaling pathway,1/345,8/27694,0.09543336041632566,0.30205121840506954,0.2725970795744816,Zm00001eb007770,1
GWAS_Gln_Goodman,MF,471,345,GO:0033188,sphingomyelin synthase activity,1/345,8/27694,0.09543336041632566,0.30205121840506954,0.2725970795744816,Zm00001eb028390,1
GWAS_Gln_Goodman,BP,471,345,GO:0034244,negative regulation of transcription elongation by RNA polymerase II,1/345,8/27694,0.09543336041632566,0.30205121840506954,0.2725970795744816,Zm00001eb024600,1
GWAS_Gln_Goodman,CC,471,345,GO:0034657,GID complex,1/345,8/27694,0.09543336041632566,0.30205121840506954,0.2725970795744816,Zm00001eb044600,1
GWAS_Gln_Goodman,BP,471,345,GO:0042372,phylloquinone biosynthetic process,1/345,8/27694,0.09543336041632566,0.30205121840506954,0.2725970795744816,Zm00001eb033120,1
GWAS_Gln_Goodman,MF,471,345,GO:0047493,ceramide cholinephosphotransferase activity,1/345,8/27694,0.09543336041632566,0.30205121840506954,0.2725970795744816,Zm00001eb028390,1
GWAS_Gln_Goodman,MF,471,345,GO:0051903,S-(hydroxymethyl)glutathione dehydrogenase [NAD(P)+] activity,1/345,8/27694,0.09543336041632566,0.30205121840506954,0.2725970795744816,Zm00001eb056510,1
GWAS_Gln_Goodman,MF,471,345,GO:0070182,DNA polymerase binding,1/345,8/27694,0.09543336041632566,0.30205121840506954,0.2725970795744816,Zm00001eb037700,1
GWAS_Gln_Goodman,MF,471,345,GO:0010181,FMN binding,2/345,42/27694,0.09627317761665637,0.30323725510173893,0.27366746141729426,Zm00001eb005060/Zm00001eb040310,2
GWAS_Gln_Goodman,MF,471,345,GO:0003887,DNA-directed DNA polymerase activity,2/345,44/27694,0.1041114018079343,0.3251021918458539,0.293400266777256,Zm00001eb002150/Zm00001eb002170,2
GWAS_Gln_Goodman,CC,471,345,GO:0005854,nascent polypeptide-associated complex,1/345,9/27694,0.1067053206365226,0.3251021918458539,0.293400266777256,Zm00001eb000700,1
GWAS_Gln_Goodman,BP,471,345,GO:0006450,regulation of translational fidelity,1/345,9/27694,0.1067053206365226,0.3251021918458539,0.293400266777256,Zm00001eb007760,1
GWAS_Gln_Goodman,MF,471,345,GO:0008453,alanine-glyoxylate transaminase activity,1/345,9/27694,0.1067053206365226,0.3251021918458539,0.293400266777256,Zm00001eb034320,1
GWAS_Gln_Goodman,MF,471,345,GO:0016783,sulfurtransferase activity,1/345,9/27694,0.1067053206365226,0.3251021918458539,0.293400266777256,Zm00001eb005670,1
GWAS_Gln_Goodman,BP,471,345,GO:0046654,tetrahydrofolate biosynthetic process,1/345,9/27694,0.1067053206365226,0.3251021918458539,0.293400266777256,Zm00001eb039830,1
GWAS_Gln_Goodman,BP,471,345,GO:0098719,sodium ion import across plasma membrane,1/345,9/27694,0.1067053206365226,0.3251021918458539,0.293400266777256,Zm00001eb033240,1
GWAS_Gln_Goodman,BP,471,345,GO:0030001,metal ion transport,2/345,45/27694,0.10809378680519283,0.3278006930092359,0.2958356270457909,Zm00001eb019840/Zm00001eb041980,2
GWAS_Gln_Goodman,MF,471,345,GO:0030246,carbohydrate binding,5/345,202/27694,0.10903129652332785,0.3291129876537489,0.2970199549539,Zm00001eb004410/Zm00001eb005030/Zm00001eb008780/Zm00001eb028010/Zm00001eb039820,5
GWAS_Gln_Goodman,BP,471,345,GO:0009827,plant-type cell wall modification,2/345,46/27694,0.11211615422032335,0.3325968318543489,0.3001640765362949,Zm00001eb005030/Zm00001eb028480,2
GWAS_Gln_Goodman,MF,471,345,GO:0016207,4-coumarate-CoA ligase activity,2/345,46/27694,0.11211615422032335,0.3325968318543489,0.3001640765362949,Zm00001eb002570/Zm00001eb040790,2
GWAS_Gln_Goodman,MF,471,345,GO:0008289,lipid binding,4/345,148/27694,0.1141138369270305,0.3325968318543489,0.3001640765362949,Zm00001eb000690/Zm00001eb000850/Zm00001eb024680/Zm00001eb063690,4
GWAS_Gln_Goodman,MF,471,345,GO:0004553,"hydrolase activity, hydrolyzing O-glycosyl compounds",7/345,326/27694,0.11459716839784113,0.3325968318543489,0.3001640765362949,Zm00001eb000660/Zm00001eb001830/Zm00001eb005030/Zm00001eb007740/Zm00001eb007800/Zm00001eb008780/Zm00001eb027580,7
GWAS_Gln_Goodman,BP,471,345,GO:0009755,hormone-mediated signaling pathway,2/345,47/27694,0.11617689732766194,0.3325968318543489,0.3001640765362949,Zm00001eb026870/Zm00001eb029740,2
GWAS_Gln_Goodman,MF,471,345,GO:0030599,pectinesterase activity,2/345,47/27694,0.11617689732766194,0.3325968318543489,0.3001640765362949,Zm00001eb028580/Zm00001eb040760,2
GWAS_Gln_Goodman,MF,471,345,GO:0000285,1-phosphatidylinositol-3-phosphate 5-kinase activity,1/345,10/27694,0.11783722110177086,0.3325968318543489,0.3001640765362949,Zm00001eb019420,1
GWAS_Gln_Goodman,MF,471,345,GO:0004714,transmembrane receptor protein tyrosine kinase activity,1/345,10/27694,0.11783722110177086,0.3325968318543489,0.3001640765362949,Zm00001eb001810,1
GWAS_Gln_Goodman,MF,471,345,GO:0005471,ATP:ADP antiporter activity,1/345,10/27694,0.11783722110177086,0.3325968318543489,0.3001640765362949,Zm00001eb002060,1
GWAS_Gln_Goodman,BP,471,345,GO:0006297,"nucleotide-excision repair, DNA gap filling",1/345,10/27694,0.11783722110177086,0.3325968318543489,0.3001640765362949,Zm00001eb002150,1
GWAS_Gln_Goodman,BP,471,345,GO:0009695,jasmonic acid biosynthetic process,1/345,10/27694,0.11783722110177086,0.3325968318543489,0.3001640765362949,Zm00001eb040310,1
GWAS_Gln_Goodman,BP,471,345,GO:0010167,response to nitrate,1/345,10/27694,0.11783722110177086,0.3325968318543489,0.3001640765362949,Zm00001eb023600,1
GWAS_Gln_Goodman,BP,471,345,GO:0010305,leaf vascular tissue pattern formation,1/345,10/27694,0.11783722110177086,0.3325968318543489,0.3001640765362949,Zm00001eb028720,1
GWAS_Gln_Goodman,BP,471,345,GO:0019915,lipid storage,1/345,10/27694,0.11783722110177086,0.3325968318543489,0.3001640765362949,Zm00001eb000200,1
GWAS_Gln_Goodman,MF,471,345,GO:0047938,glucose-6-phosphate 1-epimerase activity,1/345,10/27694,0.11783722110177086,0.3325968318543489,0.3001640765362949,Zm00001eb004410,1
GWAS_Gln_Goodman,BP,471,345,GO:0000272,polysaccharide catabolic process,3/345,97/27694,0.12093934299661664,0.3398812570422157,0.30673817030448597,Zm00001eb002620/Zm00001eb007740/Zm00001eb027580,3
GWAS_Gln_Goodman,BP,471,345,GO:0008033,tRNA processing,3/345,99/27694,0.1264318053993555,0.34853809015637227,0.3145508433926576,Zm00001eb005670/Zm00001eb007750/Zm00001eb026290,3
GWAS_Gln_Goodman,BP,471,345,GO:0051301,cell division,5/345,213/27694,0.12824914585965683,0.34853809015637227,0.3145508433926576,Zm00001eb012500/Zm00001eb033140/Zm00001eb040330/Zm00001eb040540/Zm00001eb056480,5
GWAS_Gln_Goodman,BP,471,345,GO:0000413,protein peptidyl-prolyl isomerization,2/345,50/27694,0.12857381428002554,0.34853809015637227,0.3145508433926576,Zm00001eb000740/Zm00001eb007780,2
GWAS_Gln_Goodman,MF,471,345,GO:0005347,ATP transmembrane transporter activity,1/345,11/27694,0.12883079712835233,0.34853809015637227,0.3145508433926576,Zm00001eb002060,1
GWAS_Gln_Goodman,BP,471,345,GO:0008356,asymmetric cell division,1/345,11/27694,0.12883079712835233,0.34853809015637227,0.3145508433926576,Zm00001eb020850,1
GWAS_Gln_Goodman,MF,471,345,GO:0008878,glucose-1-phosphate adenylyltransferase activity,1/345,11/27694,0.12883079712835233,0.34853809015637227,0.3145508433926576,Zm00001eb017580,1
GWAS_Gln_Goodman,BP,471,345,GO:0010960,magnesium ion homeostasis,1/345,11/27694,0.12883079712835233,0.34853809015637227,0.3145508433926576,Zm00001eb001900,1
GWAS_Gln_Goodman,MF,471,345,GO:0017116,single-stranded DNA helicase activity,1/345,11/27694,0.12883079712835233,0.34853809015637227,0.3145508433926576,Zm00001eb028400,1
GWAS_Gln_Goodman,BP,471,345,GO:0046294,formaldehyde catabolic process,1/345,11/27694,0.12883079712835233,0.34853809015637227,0.3145508433926576,Zm00001eb056510,1
GWAS_Gln_Goodman,MF,471,345,GO:0004713,protein tyrosine kinase activity,2/345,51/27694,0.13277265649894976,0.3543829619121026,0.3198257599432764,Zm00001eb017800/Zm00001eb031340,2
GWAS_Gln_Goodman,BP,471,345,GO:0030244,cellulose biosynthetic process,2/345,51/27694,0.13277265649894976,0.3543829619121026,0.3198257599432764,Zm00001eb025500/Zm00001eb047650,2
GWAS_Gln_Goodman,MF,471,345,GO:0046873,metal ion transmembrane transporter activity,2/345,51/27694,0.13277265649894976,0.3543829619121026,0.3198257599432764,Zm00001eb019840/Zm00001eb041980,2
GWAS_Gln_Goodman,BP,471,345,GO:0019752,carboxylic acid metabolic process,2/345,52/27694,0.13700233346701263,0.3543829619121026,0.3198257599432764,Zm00001eb017520/Zm00001eb037690,2
GWAS_Gln_Goodman,BP,471,345,GO:0006357,regulation of transcription by RNA polymerase II,11/345,605/27694,0.13721704547230526,0.3543829619121026,0.3198257599432764,Zm00001eb002350/Zm00001eb005020/Zm00001eb005690/Zm00001eb006890/Zm00001eb016770/Zm00001eb017510/Zm00001eb024680/Zm00001eb031690/Zm00001eb037670/Zm00001eb040540/Zm00001eb056480,11
GWAS_Gln_Goodman,MF,471,345,GO:0004791,thioredoxin-disulfide reductase (NADPH) activity,1/345,12/27694,0.1396877625941877,0.3543829619121026,0.3198257599432764,Zm00001eb004790,1
GWAS_Gln_Goodman,BP,471,345,GO:0006152,purine nucleoside catabolic process,1/345,12/27694,0.1396877625941877,0.3543829619121026,0.3198257599432764,Zm00001eb039560,1
GWAS_Gln_Goodman,BP,471,345,GO:0006829,zinc ion transport,1/345,12/27694,0.1396877625941877,0.3543829619121026,0.3198257599432764,Zm00001eb041980,1
GWAS_Gln_Goodman,BP,471,345,GO:0007140,male meiotic nuclear division,1/345,12/27694,0.1396877625941877,0.3543829619121026,0.3198257599432764,Zm00001eb037710,1
GWAS_Gln_Goodman,MF,471,345,GO:0016671,"oxidoreductase activity, acting on a sulfur group of donors, disulfide as acceptor",1/345,12/27694,0.1396877625941877,0.3543829619121026,0.3198257599432764,Zm00001eb017600,1
GWAS_Gln_Goodman,MF,471,345,GO:0032454,histone H3K9 demethylase activity,1/345,12/27694,0.1396877625941877,0.3543829619121026,0.3198257599432764,Zm00001eb028840,1
GWAS_Gln_Goodman,BP,471,345,GO:0032509,endosome transport via multivesicular body sorting pathway,1/345,12/27694,0.1396877625941877,0.3543829619121026,0.3198257599432764,Zm00001eb000670,1
GWAS_Gln_Goodman,MF,471,345,GO:0043023,ribosomal large subunit binding,1/345,12/27694,0.1396877625941877,0.3543829619121026,0.3198257599432764,Zm00001eb037680,1
GWAS_Gln_Goodman,BP,471,345,GO:0051607,defense response to virus,1/345,12/27694,0.1396877625941877,0.3543829619121026,0.3198257599432764,Zm00001eb007810,1
GWAS_Gln_Goodman,MF,471,345,GO:0061575,cyclin-dependent protein serine/threonine kinase activator activity,1/345,12/27694,0.1396877625941877,0.3543829619121026,0.3198257599432764,Zm00001eb012500,1
GWAS_Gln_Goodman,BP,471,345,GO:2000024,regulation of leaf development,1/345,12/27694,0.1396877625941877,0.3543829619121026,0.3198257599432764,Zm00001eb004710,1
GWAS_Gln_Goodman,BP,471,345,GO:0045892,negative regulation of DNA-templated transcription,3/345,105/27694,0.14342366568268292,0.3605411626923004,0.3253834516386761,Zm00001eb004460/Zm00001eb008970/Zm00001eb056470,3
GWAS_Gln_Goodman,CC,471,345,GO:0016607,nuclear speck,2/345,54/27694,0.14554856744845815,0.3605411626923004,0.3253834516386761,Zm00001eb014820/Zm00001eb017780,2
GWAS_Gln_Goodman,BP,471,345,GO:0034219,carbohydrate transmembrane transport,2/345,54/27694,0.14554856744845815,0.3605411626923004,0.3253834516386761,Zm00001eb017730/Zm00001eb017760,2
GWAS_Gln_Goodman,MF,471,345,GO:0005543,phospholipid binding,2/345,55/27694,0.14986238744758926,0.3605411626923004,0.3253834516386761,Zm00001eb012390/Zm00001eb037740,2
GWAS_Gln_Goodman,BP,471,345,GO:0000086,G2/M transition of mitotic cell cycle,1/345,13/27694,0.15040981020292288,0.3605411626923004,0.3253834516386761,Zm00001eb017510,1
GWAS_Gln_Goodman,BP,471,345,GO:0000460,maturation of 5.8S rRNA,1/345,13/27694,0.15040981020292288,0.3605411626923004,0.3253834516386761,Zm00001eb037680,1
GWAS_Gln_Goodman,BP,471,345,GO:0002098,tRNA wobble uridine modification,1/345,13/27694,0.15040981020292288,0.3605411626923004,0.3253834516386761,Zm00001eb007750,1
GWAS_Gln_Goodman,MF,471,345,GO:0004725,protein tyrosine phosphatase activity,1/345,13/27694,0.15040981020292288,0.3605411626923004,0.3253834516386761,Zm00001eb039610,1
GWAS_Gln_Goodman,BP,471,345,GO:0006491,N-glycan processing,1/345,13/27694,0.15040981020292288,0.3605411626923004,0.3253834516386761,Zm00001eb008780,1
GWAS_Gln_Goodman,CC,471,345,GO:0008250,oligosaccharyltransferase complex,1/345,13/27694,0.15040981020292288,0.3605411626923004,0.3253834516386761,Zm00001eb002220,1
GWAS_Gln_Goodman,BP,471,345,GO:0009085,lysine biosynthetic process,1/345,13/27694,0.15040981020292288,0.3605411626923004,0.3253834516386761,Zm00001eb028810,1
GWAS_Gln_Goodman,MF,471,345,GO:0016174,NAD(P)H oxidase H2O2-forming activity,1/345,13/27694,0.15040981020292288,0.3605411626923004,0.3253834516386761,Zm00001eb040550,1
GWAS_Gln_Goodman,MF,471,345,GO:0016799,"hydrolase activity, hydrolyzing N-glycosyl compounds",1/345,13/27694,0.15040981020292288,0.3605411626923004,0.3253834516386761,Zm00001eb039560,1
GWAS_Gln_Goodman,CC,471,345,GO:0042555,MCM complex,1/345,13/27694,0.15040981020292288,0.3605411626923004,0.3253834516386761,Zm00001eb028400,1
GWAS_Gln_Goodman,BP,471,345,GO:0046394,carboxylic acid biosynthetic process,1/345,13/27694,0.15040981020292288,0.3605411626923004,0.3253834516386761,Zm00001eb017520,1
GWAS_Gln_Goodman,MF,471,345,GO:0004185,serine-type carboxypeptidase activity,2/345,56/27694,0.15420156711473654,0.36827627017878467,0.3323642799966753,Zm00001eb018730/Zm00001eb018750,2
GWAS_Gln_Goodman,MF,471,345,GO:0003724,RNA helicase activity,3/345,109/27694,0.15514796452694365,0.36831963107927357,0.3324034126143267,Zm00001eb004400/Zm00001eb014780/Zm00001eb029750,3
GWAS_Gln_Goodman,MF,471,345,GO:0004180,carboxypeptidase activity,2/345,57/27694,0.15856481067585992,0.36831963107927357,0.3324034126143267,Zm00001eb018730/Zm00001eb018750,2
GWAS_Gln_Goodman,MF,471,345,GO:0005546,"phosphatidylinositol-4,5-bisphosphate binding",2/345,57/27694,0.15856481067585992,0.36831963107927357,0.3324034126143267,Zm00001eb012390/Zm00001eb037740,2
GWAS_Gln_Goodman,BP,471,345,GO:0009698,phenylpropanoid metabolic process,2/345,57/27694,0.15856481067585992,0.36831963107927357,0.3324034126143267,Zm00001eb002570/Zm00001eb040790,2
GWAS_Gln_Goodman,MF,471,345,GO:0004619,phosphoglycerate mutase activity,1/345,14/27694,0.16099861174477448,0.36831963107927357,0.3324034126143267,Zm00001eb015770,1
GWAS_Gln_Goodman,MF,471,345,GO:0004805,trehalose-phosphatase activity,1/345,14/27694,0.16099861174477448,0.36831963107927357,0.3324034126143267,Zm00001eb018720,1
GWAS_Gln_Goodman,BP,471,345,GO:0010256,endomembrane system organization,1/345,14/27694,0.16099861174477448,0.36831963107927357,0.3324034126143267,Zm00001eb019420,1
GWAS_Gln_Goodman,MF,471,345,GO:0016810,"hydrolase activity, acting on carbon-nitrogen (but not peptide) bonds",1/345,14/27694,0.16099861174477448,0.36831963107927357,0.3324034126143267,Zm00001eb030970,1
GWAS_Gln_Goodman,CC,471,345,GO:0030131,clathrin adaptor complex,1/345,14/27694,0.16099861174477448,0.36831963107927357,0.3324034126143267,Zm00001eb000860,1
GWAS_Gln_Goodman,CC,471,345,GO:0035145,exon-exon junction complex,1/345,14/27694,0.16099861174477448,0.36831963107927357,0.3324034126143267,Zm00001eb062000,1
GWAS_Gln_Goodman,BP,471,345,GO:0071051,poly(A)-dependent snoRNA 3'-end processing,1/345,14/27694,0.16099861174477448,0.36831963107927357,0.3324034126143267,Zm00001eb004370,1
GWAS_Gln_Goodman,MF,471,345,GO:0090447,glycerol-3-phosphate 2-O-acyltransferase activity,1/345,14/27694,0.16099861174477448,0.36831963107927357,0.3324034126143267,Zm00001eb005110,1
GWAS_Gln_Goodman,MF,471,345,GO:0000287,magnesium ion binding,4/345,172/27694,0.16793764075445453,0.37585477880455415,0.33920378003187884,Zm00001eb000710/Zm00001eb005660/Zm00001eb016730/Zm00001eb020070,4
GWAS_Gln_Goodman,MF,471,345,GO:0016788,"hydrolase activity, acting on ester bonds",4/345,172/27694,0.16793764075445453,0.37585477880455415,0.33920378003187884,Zm00001eb002330/Zm00001eb016720/Zm00001eb029180/Zm00001eb047640,4
GWAS_Gln_Goodman,BP,471,345,GO:0005978,glycogen biosynthetic process,1/345,15/27694,0.17145581835416934,0.37585477880455415,0.33920378003187884,Zm00001eb017580,1
GWAS_Gln_Goodman,BP,471,345,GO:0006796,phosphate-containing compound metabolic process,1/345,15/27694,0.17145581835416934,0.37585477880455415,0.33920378003187884,Zm00001eb047640,1
GWAS_Gln_Goodman,BP,471,345,GO:0007033,vacuole organization,1/345,15/27694,0.17145581835416934,0.37585477880455415,0.33920378003187884,Zm00001eb019420,1
GWAS_Gln_Goodman,MF,471,345,GO:0008097,5S rRNA binding,1/345,15/27694,0.17145581835416934,0.37585477880455415,0.33920378003187884,Zm00001eb005360,1
GWAS_Gln_Goodman,MF,471,345,GO:0015385,sodium:proton antiporter activity,1/345,15/27694,0.17145581835416934,0.37585477880455415,0.33920378003187884,Zm00001eb033240,1
GWAS_Gln_Goodman,MF,471,345,GO:0016308,1-phosphatidylinositol-4-phosphate 5-kinase activity,1/345,15/27694,0.17145581835416934,0.37585477880455415,0.33920378003187884,Zm00001eb054420,1
GWAS_Gln_Goodman,CC,471,345,GO:0017059,serine palmitoyltransferase complex,1/345,15/27694,0.17145581835416934,0.37585477880455415,0.33920378003187884,Zm00001eb023770,1
GWAS_Gln_Goodman,BP,471,345,GO:0035725,sodium ion transmembrane transport,1/345,15/27694,0.17145581835416934,0.37585477880455415,0.33920378003187884,Zm00001eb033240,1
GWAS_Gln_Goodman,BP,471,345,GO:0036211,protein modification process,1/345,15/27694,0.17145581835416934,0.37585477880455415,0.33920378003187884,Zm00001eb030760,1
GWAS_Gln_Goodman,BP,471,345,GO:0042276,error-prone translesion synthesis,1/345,15/27694,0.17145581835416934,0.37585477880455415,0.33920378003187884,Zm00001eb037700,1
GWAS_Gln_Goodman,MF,471,345,GO:0043022,ribosome binding,2/345,60/27694,0.17178638663152934,0.37585477880455415,0.33920378003187884,Zm00001eb008970/Zm00001eb037680,2
GWAS_Gln_Goodman,BP,471,345,GO:0045490,pectin catabolic process,2/345,62/27694,0.18069857941726672,0.38481349226711675,0.34728889599179574,Zm00001eb028580/Zm00001eb040760,2
GWAS_Gln_Goodman,BP,471,345,GO:0000470,maturation of LSU-rRNA,1/345,16/27694,0.1817830607642208,0.38481349226711675,0.34728889599179574,Zm00001eb037680,1
GWAS_Gln_Goodman,BP,471,345,GO:0000727,double-strand break repair via break-induced replication,1/345,16/27694,0.1817830607642208,0.38481349226711675,0.34728889599179574,Zm00001eb028400,1
GWAS_Gln_Goodman,BP,471,345,GO:0006783,heme biosynthetic process,1/345,16/27694,0.1817830607642208,0.38481349226711675,0.34728889599179574,Zm00001eb005400,1
GWAS_Gln_Goodman,BP,471,345,GO:0009089,lysine biosynthetic process via diaminopimelate,1/345,16/27694,0.1817830607642208,0.38481349226711675,0.34728889599179574,Zm00001eb028810,1
GWAS_Gln_Goodman,MF,471,345,GO:0015020,glucuronosyltransferase activity,1/345,16/27694,0.1817830607642208,0.38481349226711675,0.34728889599179574,Zm00001eb012530,1
GWAS_Gln_Goodman,BP,471,345,GO:0016132,brassinosteroid biosynthetic process,1/345,16/27694,0.1817830607642208,0.38481349226711675,0.34728889599179574,Zm00001eb002360,1
GWAS_Gln_Goodman,BP,471,345,GO:0019388,galactose catabolic process,1/345,16/27694,0.1817830607642208,0.38481349226711675,0.34728889599179574,Zm00001eb005030,1
GWAS_Gln_Goodman,CC,471,345,GO:0030688,"preribosome, small subunit precursor",1/345,16/27694,0.1817830607642208,0.38481349226711675,0.34728889599179574,Zm00001eb018110,1
GWAS_Gln_Goodman,BP,471,345,GO:0045324,late endosome to vacuole transport,1/345,16/27694,0.1817830607642208,0.38481349226711675,0.34728889599179574,Zm00001eb000670,1
GWAS_Gln_Goodman,MF,471,345,GO:0016538,cyclin-dependent protein serine/threonine kinase regulator activity,2/345,63/27694,0.18518053851071423,0.3907369291552934,0.35263471649630135,Zm00001eb012500/Zm00001eb056480,2
GWAS_Gln_Goodman,MF,471,345,GO:0015297,antiporter activity,4/345,181/27694,0.19008936243069038,0.3911632222245815,0.353019440141332,Zm00001eb002040/Zm00001eb002060/Zm00001eb008790/Zm00001eb033240,4
GWAS_Gln_Goodman,MF,471,345,GO:0003824,catalytic activity,11/345,650/27694,0.19035464279965048,0.3911632222245815,0.353019440141332,Zm00001eb004410/Zm00001eb005060/Zm00001eb007700/Zm00001eb008780/Zm00001eb015770/Zm00001eb017520/Zm00001eb017580/Zm00001eb038650/Zm00001eb039780/Zm00001eb039820/Zm00001eb044590,11
GWAS_Gln_Goodman,BP,471,345,GO:0009793,embryo development ending in seed dormancy,1/345,17/27694,0.1919819495580768,0.3911632222245815,0.353019440141332,Zm00001eb037700,1
GWAS_Gln_Goodman,BP,471,345,GO:0009851,auxin biosynthetic process,1/345,17/27694,0.1919819495580768,0.3911632222245815,0.353019440141332,Zm00001eb004710,1
GWAS_Gln_Goodman,CC,471,345,GO:0010494,cytoplasmic stress granule,1/345,17/27694,0.1919819495580768,0.3911632222245815,0.353019440141332,Zm00001eb004400,1
GWAS_Gln_Goodman,MF,471,345,GO:0015288,porin activity,1/345,17/27694,0.1919819495580768,0.3911632222245815,0.353019440141332,Zm00001eb007730,1
GWAS_Gln_Goodman,MF,471,345,GO:0016830,carbon-carbon lyase activity,1/345,17/27694,0.1919819495580768,0.3911632222245815,0.353019440141332,Zm00001eb037690,1
GWAS_Gln_Goodman,CC,471,345,GO:0031981,nuclear lumen,1/345,17/27694,0.1919819495580768,0.3911632222245815,0.353019440141332,Zm00001eb037700,1
GWAS_Gln_Goodman,MF,471,345,GO:0035615,clathrin adaptor activity,1/345,17/27694,0.1919819495580768,0.3911632222245815,0.353019440141332,Zm00001eb000860,1
GWAS_Gln_Goodman,CC,471,345,GO:0046930,pore complex,1/345,17/27694,0.1919819495580768,0.3911632222245815,0.353019440141332,Zm00001eb007730,1
GWAS_Gln_Goodman,MF,471,345,GO:0140566,histone reader activity,1/345,17/27694,0.1919819495580768,0.3911632222245815,0.353019440141332,Zm00001eb024600,1
GWAS_Gln_Goodman,BP,471,345,GO:0006950,response to stress,5/345,246/27694,0.19395834952998162,0.3932058882133799,0.35486291816480364,Zm00001eb005650/Zm00001eb028530/Zm00001eb033130/Zm00001eb033140/Zm00001eb038660,5
GWAS_Gln_Goodman,MF,471,345,GO:0000149,SNARE binding,2/345,65/27694,0.19419063804403117,0.3932058882133799,0.35486291816480364,Zm00001eb012390/Zm00001eb037740,2
GWAS_Gln_Goodman,CC,471,345,GO:0005635,nuclear envelope,2/345,66/27694,0.19871663516633276,0.40042327407903633,0.3613765098646777,Zm00001eb000170/Zm00001eb016760,2
GWAS_Gln_Goodman,MF,471,345,GO:0050660,flavin adenine dinucleotide binding,4/345,185/27694,0.20021978500120938,0.40042327407903633,0.3613765098646777,Zm00001eb004710/Zm00001eb004790/Zm00001eb007440/Zm00001eb063680,4
GWAS_Gln_Goodman,MF,471,345,GO:0003725,double-stranded RNA binding,1/345,18/27694,0.20205407541718245,0.40042327407903633,0.3613765098646777,Zm00001eb007760,1
GWAS_Gln_Goodman,CC,471,345,GO:0031902,late endosome membrane,1/345,18/27694,0.20205407541718245,0.40042327407903633,0.3613765098646777,Zm00001eb007810,1
GWAS_Gln_Goodman,BP,471,345,GO:0042908,xenobiotic transport,1/345,18/27694,0.20205407541718245,0.40042327407903633,0.3613765098646777,Zm00001eb008790,1
GWAS_Gln_Goodman,BP,471,345,GO:0045036,protein targeting to chloroplast,1/345,18/27694,0.20205407541718245,0.40042327407903633,0.3613765098646777,Zm00001eb063660,1
GWAS_Gln_Goodman,BP,471,345,GO:0046512,sphingosine biosynthetic process,1/345,18/27694,0.20205407541718245,0.40042327407903633,0.3613765098646777,Zm00001eb023770,1
GWAS_Gln_Goodman,BP,471,345,GO:0007015,actin filament organization,2/345,67/27694,0.20325520856333895,0.401583018131203,0.36242316295663957,Zm00001eb017810/Zm00001eb040800,2
GWAS_Gln_Goodman,MF,471,345,GO:0005215,transporter activity,2/345,68/27694,0.20780534630177364,0.40504381529115063,0.36554648490111924,Zm00001eb000210/Zm00001eb000570,2
GWAS_Gln_Goodman,BP,471,345,GO:0006139,nucleobase-containing compound metabolic process,2/345,68/27694,0.20780534630177364,0.40504381529115063,0.36554648490111924,Zm00001eb004370/Zm00001eb026960,2
GWAS_Gln_Goodman,BP,471,345,GO:0031507,heterochromatin formation,2/345,68/27694,0.20780534630177364,0.40504381529115063,0.36554648490111924,Zm00001eb004820/Zm00001eb017490,2
GWAS_Gln_Goodman,MF,471,345,GO:0008970,phospholipase A1 activity,1/345,19/27694,0.21200100936649113,0.40504381529115063,0.36554648490111924,Zm00001eb017530,1
GWAS_Gln_Goodman,BP,471,345,GO:0016075,rRNA catabolic process,1/345,19/27694,0.21200100936649113,0.40504381529115063,0.36554648490111924,Zm00001eb002260,1
GWAS_Gln_Goodman,BP,471,345,GO:0016926,protein desumoylation,1/345,19/27694,0.21200100936649113,0.40504381529115063,0.36554648490111924,Zm00001eb016540,1
GWAS_Gln_Goodman,MF,471,345,GO:0016929,deSUMOylase activity,1/345,19/27694,0.21200100936649113,0.40504381529115063,0.36554648490111924,Zm00001eb016540,1
GWAS_Gln_Goodman,BP,471,345,GO:0016998,cell wall macromolecule catabolic process,1/345,19/27694,0.21200100936649113,0.40504381529115063,0.36554648490111924,Zm00001eb002620,1
GWAS_Gln_Goodman,MF,471,345,GO:0030515,snoRNA binding,1/345,19/27694,0.21200100936649113,0.40504381529115063,0.36554648490111924,Zm00001eb016780,1
GWAS_Gln_Goodman,CC,471,345,GO:0031428,box C/D methylation guide snoRNP complex,1/345,19/27694,0.21200100936649113,0.40504381529115063,0.36554648490111924,Zm00001eb016780,1
GWAS_Gln_Goodman,MF,471,345,GO:0016791,phosphatase activity,3/345,128/27694,0.2143252663559224,0.40504381529115063,0.36554648490111924,Zm00001eb005110/Zm00001eb039610/Zm00001eb041910,3
GWAS_Gln_Goodman,MF,471,345,GO:0030170,pyridoxal phosphate binding,3/345,128/27694,0.2143252663559224,0.40504381529115063,0.36554648490111924,Zm00001eb004390/Zm00001eb023770/Zm00001eb037690,3
GWAS_Gln_Goodman,BP,471,345,GO:0006457,protein folding,6/345,322/27694,0.21474297876257858,0.40504381529115063,0.36554648490111924,Zm00001eb007780/Zm00001eb009060/Zm00001eb017830/Zm00001eb018130/Zm00001eb025010/Zm00001eb029690,6
GWAS_Gln_Goodman,MF,471,345,GO:0016831,carboxy-lyase activity,2/345,70/27694,0.21693638226260714,0.40504381529115063,0.36554648490111924,Zm00001eb005060/Zm00001eb037690,2
GWAS_Gln_Goodman,MF,471,345,GO:0016887,ATP hydrolysis activity,9/345,530/27694,0.21800778160846576,0.40504381529115063,0.36554648490111924,Zm00001eb000210/Zm00001eb000570/Zm00001eb004340/Zm00001eb012470/Zm00001eb012510/Zm00001eb025010/Zm00001eb029200/Zm00001eb033130/Zm00001eb033140,9
GWAS_Gln_Goodman,BP,471,345,GO:0006811,monoatomic ion transport,8/345,461/27694,0.21900539028829208,0.40504381529115063,0.36554648490111924,Zm00001eb000210/Zm00001eb000720/Zm00001eb000750/Zm00001eb002040/Zm00001eb004780/Zm00001eb007730/Zm00001eb033240/Zm00001eb041980,8
GWAS_Gln_Goodman,CC,471,345,GO:0000178,exosome (RNase complex),1/345,20/27694,0.22182430301666523,0.40504381529115063,0.36554648490111924,Zm00001eb002260,1
GWAS_Gln_Goodman,BP,471,345,GO:0000184,"nuclear-transcribed mRNA catabolic process, nonsense-mediated decay",1/345,20/27694,0.22182430301666523,0.40504381529115063,0.36554648490111924,Zm00001eb016670,1
GWAS_Gln_Goodman,CC,471,345,GO:0000815,ESCRT III complex,1/345,20/27694,0.22182430301666523,0.40504381529115063,0.36554648490111924,Zm00001eb000670,1
GWAS_Gln_Goodman,MF,471,345,GO:0004630,phospholipase D activity,1/345,20/27694,0.22182430301666523,0.40504381529115063,0.36554648490111924,Zm00001eb039780,1
GWAS_Gln_Goodman,CC,471,345,GO:0005880,nuclear microtubule,1/345,20/27694,0.22182430301666523,0.40504381529115063,0.36554648490111924,Zm00001eb007470,1
GWAS_Gln_Goodman,BP,471,345,GO:0009903,chloroplast avoidance movement,1/345,20/27694,0.22182430301666523,0.40504381529115063,0.36554648490111924,Zm00001eb000760,1
GWAS_Gln_Goodman,BP,471,345,GO:0009904,chloroplast accumulation movement,1/345,20/27694,0.22182430301666523,0.40504381529115063,0.36554648490111924,Zm00001eb000760,1
GWAS_Gln_Goodman,BP,471,345,GO:0010143,cutin biosynthetic process,1/345,20/27694,0.22182430301666523,0.40504381529115063,0.36554648490111924,Zm00001eb005110,1
GWAS_Gln_Goodman,MF,471,345,GO:0015112,nitrate transmembrane transporter activity,1/345,20/27694,0.22182430301666523,0.40504381529115063,0.36554648490111924,Zm00001eb023600,1
GWAS_Gln_Goodman,MF,471,345,GO:0050664,"oxidoreductase activity, acting on NAD(P)H, oxygen as acceptor",1/345,20/27694,0.22182430301666523,0.40504381529115063,0.36554648490111924,Zm00001eb040550,1
GWAS_Gln_Goodman,MF,471,345,GO:0103075,indole-3-pyruvate monooxygenase activity,1/345,20/27694,0.22182430301666523,0.40504381529115063,0.36554648490111924,Zm00001eb004710,1
GWAS_Gln_Goodman,MF,471,345,GO:0004497,monooxygenase activity,7/345,394/27694,0.22240135870280972,0.40504381529115063,0.36554648490111924,Zm00001eb002360/Zm00001eb004710/Zm00001eb008980/Zm00001eb009010/Zm00001eb009080/Zm00001eb010640/Zm00001eb017640,7
GWAS_Gln_Goodman,BP,471,345,GO:0006633,fatty acid biosynthetic process,3/345,133/27694,0.23063877478009318,0.41585294407644435,0.3753015752966297,Zm00001eb000710/Zm00001eb028240/Zm00001eb040310,3
GWAS_Gln_Goodman,BP,471,345,GO:0000028,ribosomal small subunit assembly,1/345,21/27694,0.2315254888032965,0.41585294407644435,0.3753015752966297,Zm00001eb002640,1
GWAS_Gln_Goodman,MF,471,345,GO:0004568,chitinase activity,1/345,21/27694,0.2315254888032965,0.41585294407644435,0.3753015752966297,Zm00001eb002620,1
GWAS_Gln_Goodman,BP,471,345,GO:0006857,oligopeptide transport,1/345,21/27694,0.2315254888032965,0.41585294407644435,0.3753015752966297,Zm00001eb023600,1
GWAS_Gln_Goodman,BP,471,345,GO:0061157,mRNA destabilization,1/345,21/27694,0.2315254888032965,0.41585294407644435,0.3753015752966297,Zm00001eb004420,1
GWAS_Gln_Goodman,MF,471,345,GO:0003690,double-stranded DNA binding,2/345,74/27694,0.23529521710700166,0.42146286141144257,0.38036444870680725,Zm00001eb006890/Zm00001eb038640,2
GWAS_Gln_Goodman,MF,471,345,GO:0004857,enzyme inhibitor activity,2/345,75/27694,0.23989986173429556,0.4260194154621236,0.38447667620814835,Zm00001eb028480/Zm00001eb040760,2
GWAS_Gln_Goodman,MF,471,345,GO:0050661,NADP binding,2/345,75/27694,0.23989986173429556,0.4260194154621236,0.38447667620814835,Zm00001eb004710/Zm00001eb004790,2
GWAS_Gln_Goodman,CC,471,345,GO:0005758,mitochondrial intermembrane space,1/345,22/27694,0.24110608022319568,0.4260194154621236,0.38447667620814835,Zm00001eb002320,1
GWAS_Gln_Goodman,CC,471,345,GO:0005771,multivesicular body,1/345,22/27694,0.24110608022319568,0.4260194154621236,0.38447667620814835,Zm00001eb000670,1
GWAS_Gln_Goodman,MF,471,345,GO:0043539,protein serine/threonine kinase activator activity,1/345,22/27694,0.24110608022319568,0.4260194154621236,0.38447667620814835,Zm00001eb017560,1
GWAS_Gln_Goodman,MF,471,345,GO:0004519,endonuclease activity,2/345,77/27694,0.24912113412791578,0.4356534853018258,0.39317129203054674,Zm00001eb002260/Zm00001eb005390,2
GWAS_Gln_Goodman,CC,471,345,GO:0000177,cytoplasmic exosome (RNase complex),1/345,23/27694,0.2505675720677679,0.4356534853018258,0.39317129203054674,Zm00001eb002260,1
GWAS_Gln_Goodman,MF,471,345,GO:0001671,ATPase activator activity,1/345,23/27694,0.2505675720677679,0.4356534853018258,0.39317129203054674,Zm00001eb018130,1
GWAS_Gln_Goodman,MF,471,345,GO:0016780,"phosphotransferase activity, for other substituted phosphate groups",1/345,23/27694,0.2505675720677679,0.4356534853018258,0.39317129203054674,Zm00001eb028390,1
GWAS_Gln_Goodman,BP,471,345,GO:0048366,leaf development,1/345,23/27694,0.2505675720677679,0.4356534853018258,0.39317129203054674,Zm00001eb020850,1
GWAS_Gln_Goodman,MF,471,345,GO:1990247,N6-methyladenosine-containing RNA reader activity,1/345,23/27694,0.2505675720677679,0.4356534853018258,0.39317129203054674,Zm00001eb004420,1
GWAS_Gln_Goodman,CC,471,345,GO:0005759,mitochondrial matrix,2/345,78/27694,0.25373614496996777,0.43788697495116624,0.39518698578899253,Zm00001eb031330/Zm00001eb063680,2
GWAS_Gln_Goodman,BP,471,345,GO:0006417,regulation of translation,2/345,79/27694,0.2583530266168922,0.43788697495116624,0.39518698578899253,Zm00001eb008970/Zm00001eb014810,2
GWAS_Gln_Goodman,BP,471,345,GO:0009409,response to cold,2/345,79/27694,0.2583530266168922,0.43788697495116624,0.39518698578899253,Zm00001eb002180/Zm00001eb006890,2
GWAS_Gln_Goodman,MF,471,345,GO:0004758,serine C-palmitoyltransferase activity,1/345,24/27694,0.25991144065352967,0.43788697495116624,0.39518698578899253,Zm00001eb023770,1
GWAS_Gln_Goodman,MF,471,345,GO:0005262,calcium channel activity,1/345,24/27694,0.25991144065352967,0.43788697495116624,0.39518698578899253,Zm00001eb004320,1
GWAS_Gln_Goodman,BP,471,345,GO:0006406,mRNA export from nucleus,1/345,24/27694,0.25991144065352967,0.43788697495116624,0.39518698578899253,Zm00001eb016670,1
GWAS_Gln_Goodman,MF,471,345,GO:0008308,voltage-gated monoatomic anion channel activity,1/345,24/27694,0.25991144065352967,0.43788697495116624,0.39518698578899253,Zm00001eb007730,1
GWAS_Gln_Goodman,BP,471,345,GO:0071035,nuclear polyadenylation-dependent rRNA catabolic process,1/345,24/27694,0.25991144065352967,0.43788697495116624,0.39518698578899253,Zm00001eb004370,1
GWAS_Gln_Goodman,BP,471,345,GO:0071038,TRAMP-dependent tRNA surveillance pathway,1/345,24/27694,0.25991144065352967,0.43788697495116624,0.39518698578899253,Zm00001eb004370,1
GWAS_Gln_Goodman,BP,471,345,GO:0071669,plant-type cell wall organization or biogenesis,1/345,24/27694,0.25991144065352967,0.43788697495116624,0.39518698578899253,Zm00001eb047650,1
GWAS_Gln_Goodman,CC,471,345,GO:0080008,Cul4-RING E3 ubiquitin ligase complex,1/345,24/27694,0.25991144065352967,0.43788697495116624,0.39518698578899253,Zm00001eb001890,1
GWAS_Gln_Goodman,BP,471,345,GO:0098656,monoatomic anion transmembrane transport,1/345,24/27694,0.25991144065352967,0.43788697495116624,0.39518698578899253,Zm00001eb007730,1
GWAS_Gln_Goodman,BP,471,345,GO:0009555,pollen development,1/345,25/27694,0.26913914404979034,0.45226474721768894,0.40816272795396863,Zm00001eb019420,1
GWAS_Gln_Goodman,MF,471,345,GO:0003755,peptidyl-prolyl cis-trans isomerase activity,2/345,82/27694,0.2722073837084974,0.4562447665242681,0.4117546407605197,Zm00001eb000740/Zm00001eb007780,2
GWAS_Gln_Goodman,CC,471,345,GO:0005739,mitochondrion,11/345,711/27694,0.27461937768421074,0.4591072673079626,0.4143380084358268,Zm00001eb001870/Zm00001eb002320/Zm00001eb005400/Zm00001eb007440/Zm00001eb007730/Zm00001eb007760/Zm00001eb017830/Zm00001eb028570/Zm00001eb030760/Zm00001eb031330/Zm00001eb063680,11
GWAS_Gln_Goodman,MF,471,345,GO:0004445,inositol-polyphosphate 5-phosphatase activity,1/345,26/27694,0.2782521223035338,0.45929211073899756,0.41450482709573727,Zm00001eb041910,1
GWAS_Gln_Goodman,MF,471,345,GO:0004693,cyclin-dependent protein serine/threonine kinase activity,1/345,26/27694,0.2782521223035338,0.45929211073899756,0.41450482709573727,Zm00001eb017510,1
GWAS_Gln_Goodman,BP,471,345,GO:0007034,vacuolar transport,1/345,26/27694,0.2782521223035338,0.45929211073899756,0.41450482709573727,Zm00001eb000670,1
GWAS_Gln_Goodman,BP,471,345,GO:0015706,nitrate transmembrane transport,1/345,26/27694,0.2782521223035338,0.45929211073899756,0.41450482709573727,Zm00001eb023600,1
GWAS_Gln_Goodman,BP,471,345,GO:0016070,RNA metabolic process,1/345,26/27694,0.2782521223035338,0.45929211073899756,0.41450482709573727,Zm00001eb016670,1
GWAS_Gln_Goodman,CC,471,345,GO:0005773,vacuole,2/345,84/27694,0.2814395212328378,0.4633802218278036,0.4181942912524092,Zm00001eb005030/Zm00001eb016530,2
GWAS_Gln_Goodman,MF,471,345,GO:0004842,ubiquitin-protein transferase activity,5/345,286/27694,0.285500064704504,0.4647349183010499,0.4194168862290716,Zm00001eb000650/Zm00001eb007780/Zm00001eb012430/Zm00001eb044600/Zm00001eb056470,5
GWAS_Gln_Goodman,CC,471,345,GO:0005811,lipid droplet,1/345,27/27694,0.2872517976615385,0.4647349183010499,0.4194168862290716,Zm00001eb000200,1
GWAS_Gln_Goodman,BP,471,345,GO:0010268,brassinosteroid homeostasis,1/345,27/27694,0.2872517976615385,0.4647349183010499,0.4194168862290716,Zm00001eb002360,1
GWAS_Gln_Goodman,BP,471,345,GO:0016310,phosphorylation,1/345,27/27694,0.2872517976615385,0.4647349183010499,0.4194168862290716,Zm00001eb001870,1
GWAS_Gln_Goodman,MF,471,345,GO:0017056,structural constituent of nuclear pore,1/345,27/27694,0.2872517976615385,0.4647349183010499,0.4194168862290716,Zm00001eb016760,1
GWAS_Gln_Goodman,BP,471,345,GO:0031408,oxylipin biosynthetic process,1/345,27/27694,0.2872517976615385,0.4647349183010499,0.4194168862290716,Zm00001eb040310,1
GWAS_Gln_Goodman,MF,471,345,GO:0034485,"phosphatidylinositol-3,4,5-trisphosphate 5-phosphatase activity",1/345,27/27694,0.2872517976615385,0.4647349183010499,0.4194168862290716,Zm00001eb041910,1
GWAS_Gln_Goodman,BP,471,345,GO:0006814,sodium ion transport,1/345,28/27694,0.2961395747897696,0.4755738984308615,0.4291989170533607,Zm00001eb033240,1
GWAS_Gln_Goodman,MF,471,345,GO:0008843,endochitinase activity,1/345,28/27694,0.2961395747897696,0.4755738984308615,0.4291989170533607,Zm00001eb002620,1
GWAS_Gln_Goodman,MF,471,345,GO:0016765,"transferase activity, transferring alkyl or aryl (other than methyl) groups",1/345,28/27694,0.2961395747897696,0.4755738984308615,0.4291989170533607,Zm00001eb005400,1
GWAS_Gln_Goodman,MF,471,345,GO:0004499,"N,N-dimethylaniline monooxygenase activity",1/345,29/27694,0.30491684099007066,0.48607770250739873,0.43867845608917644,Zm00001eb004710,1
GWAS_Gln_Goodman,MF,471,345,GO:0019901,protein kinase binding,1/345,29/27694,0.30491684099007066,0.48607770250739873,0.43867845608917644,Zm00001eb012500,1
GWAS_Gln_Goodman,BP,471,345,GO:0040029,epigenetic regulation of gene expression,1/345,29/27694,0.30491684099007066,0.48607770250739873,0.43867845608917644,Zm00001eb025020,1
GWAS_Gln_Goodman,BP,471,345,GO:0000381,"regulation of alternative mRNA splicing, via spliceosome",1/345,30/27694,0.313584966414196,0.4891374745110967,0.4414398583333921,Zm00001eb017780,1
GWAS_Gln_Goodman,MF,471,345,GO:0004540,RNA nuclease activity,1/345,30/27694,0.313584966414196,0.4891374745110967,0.4414398583333921,Zm00001eb002260,1
GWAS_Gln_Goodman,BP,471,345,GO:0006032,chitin catabolic process,1/345,30/27694,0.313584966414196,0.4891374745110967,0.4414398583333921,Zm00001eb002620,1
GWAS_Gln_Goodman,BP,471,345,GO:0006259,DNA metabolic process,1/345,30/27694,0.313584966414196,0.4891374745110967,0.4414398583333921,Zm00001eb002330,1
GWAS_Gln_Goodman,BP,471,345,GO:0006353,DNA-templated transcription termination,1/345,30/27694,0.313584966414196,0.4891374745110967,0.4414398583333921,Zm00001eb017630,1
GWAS_Gln_Goodman,BP,471,345,GO:0016102,diterpenoid biosynthetic process,1/345,30/27694,0.313584966414196,0.4891374745110967,0.4414398583333921,Zm00001eb016730,1
GWAS_Gln_Goodman,BP,471,345,GO:0042147,"retrograde transport, endosome to Golgi",1/345,30/27694,0.313584966414196,0.4891374745110967,0.4414398583333921,Zm00001eb056500,1
GWAS_Gln_Goodman,MF,471,345,GO:0097602,cullin family protein binding,1/345,30/27694,0.313584966414196,0.4891374745110967,0.4414398583333921,Zm00001eb000550,1
GWAS_Gln_Goodman,MF,471,345,GO:0022857,transmembrane transporter activity,8/345,515/27694,0.3135881354994454,0.4891374745110967,0.4414398583333921,Zm00001eb000240/Zm00001eb001900/Zm00001eb008790/Zm00001eb008810/Zm00001eb017730/Zm00001eb017760/Zm00001eb023600/Zm00001eb047630,8
GWAS_Gln_Goodman,MF,471,345,GO:0005516,calmodulin binding,4/345,229/27694,0.3194660805182074,0.4965454808213643,0.4481254823686514,Zm00001eb002180/Zm00001eb002250/Zm00001eb006890/Zm00001eb029730,4
GWAS_Gln_Goodman,BP,471,345,GO:0000467,"exonucleolytic trimming to generate mature 3'-end of 5.8S rRNA from tricistronic rRNA transcript (SSU-rRNA, 5.8S rRNA, LSU-rRNA)",1/345,31/27694,0.32214530427521026,0.4965454808213643,0.4481254823686514,Zm00001eb004370,1
GWAS_Gln_Goodman,BP,471,345,GO:0006164,purine nucleotide biosynthetic process,1/345,31/27694,0.32214530427521026,0.4965454808213643,0.4481254823686514,Zm00001eb005660,1
GWAS_Gln_Goodman,CC,471,345,GO:0043231,intracellular membrane-bounded organelle,1/345,31/27694,0.32214530427521026,0.4965454808213643,0.4481254823686514,Zm00001eb017630,1
GWAS_Gln_Goodman,BP,471,345,GO:0045037,protein import into chloroplast stroma,1/345,31/27694,0.32214530427521026,0.4965454808213643,0.4481254823686514,Zm00001eb063660,1
GWAS_Gln_Goodman,MF,471,345,GO:0004439,"phosphatidylinositol-4,5-bisphosphate 5-phosphatase activity",1/345,32/27694,0.33059919105629176,0.5024491202067651,0.4534534358985821,Zm00001eb041910,1
GWAS_Gln_Goodman,CC,471,345,GO:0005618,cell wall,1/345,32/27694,0.33059919105629176,0.5024491202067651,0.4534534358985821,Zm00001eb000660,1
GWAS_Gln_Goodman,BP,471,345,GO:0006270,DNA replication initiation,1/345,32/27694,0.33059919105629176,0.5024491202067651,0.4534534358985821,Zm00001eb028400,1
GWAS_Gln_Goodman,BP,471,345,GO:0006400,tRNA modification,1/345,32/27694,0.33059919105629176,0.5024491202067651,0.4534534358985821,Zm00001eb007750,1
GWAS_Gln_Goodman,MF,471,345,GO:0016762,xyloglucan:xyloglucosyl transferase activity,1/345,32/27694,0.33059919105629176,0.5024491202067651,0.4534534358985821,Zm00001eb000660,1
GWAS_Gln_Goodman,MF,471,345,GO:0030544,Hsp70 protein binding,1/345,32/27694,0.33059919105629176,0.5024491202067651,0.4534534358985821,Zm00001eb018130,1
GWAS_Gln_Goodman,MF,471,345,GO:0004386,helicase activity,4/345,234/27694,0.3335313071345849,0.5034033286092529,0.4543145958872657,Zm00001eb004400/Zm00001eb014780/Zm00001eb028400/Zm00001eb029750,4
GWAS_Gln_Goodman,MF,471,345,GO:0003676,nucleic acid binding,14/345,978/27694,0.3357953546831013,0.5034033286092529,0.4543145958872657,Zm00001eb001860/Zm00001eb004370/Zm00001eb004400/Zm00001eb005390/Zm00001eb005630/Zm00001eb012660/Zm00001eb014780/Zm00001eb017630/Zm00001eb017780/Zm00001eb021940/Zm00001eb028170/Zm00001eb029750/Zm00001eb030980/Zm00001eb062000,14
GWAS_Gln_Goodman,MF,471,345,GO:0005216,monoatomic ion channel activity,1/345,33/27694,0.33894794671696626,0.5034033286092529,0.4543145958872657,Zm00001eb020860,1
GWAS_Gln_Goodman,MF,471,345,GO:0005315,phosphate transmembrane transporter activity,1/345,33/27694,0.33894794671696626,0.5034033286092529,0.4543145958872657,Zm00001eb012490,1
GWAS_Gln_Goodman,BP,471,345,GO:0006261,DNA-templated DNA replication,1/345,33/27694,0.33894794671696626,0.5034033286092529,0.4543145958872657,Zm00001eb037700,1
GWAS_Gln_Goodman,BP,471,345,GO:0007059,chromosome segregation,1/345,33/27694,0.33894794671696626,0.5034033286092529,0.4543145958872657,Zm00001eb007810,1
GWAS_Gln_Goodman,BP,471,345,GO:0009867,jasmonic acid mediated signaling pathway,1/345,33/27694,0.33894794671696626,0.5034033286092529,0.4543145958872657,Zm00001eb000550,1
GWAS_Gln_Goodman,BP,471,345,GO:0010411,xyloglucan metabolic process,1/345,33/27694,0.33894794671696626,0.5034033286092529,0.4543145958872657,Zm00001eb000660,1
GWAS_Gln_Goodman,BP,471,345,GO:0010417,glucuronoxylan biosynthetic process,1/345,33/27694,0.33894794671696626,0.5034033286092529,0.4543145958872657,Zm00001eb000640,1
GWAS_Gln_Goodman,CC,471,345,GO:0031966,mitochondrial membrane,1/345,33/27694,0.33894794671696626,0.5034033286092529,0.4543145958872657,Zm00001eb005400,1
GWAS_Gln_Goodman,MF,471,345,GO:0000981,"DNA-binding transcription factor activity, RNA polymerase II-specific",5/345,310/27694,0.3438537412791699,0.509528725713679,0.459842682715445,Zm00001eb002350/Zm00001eb005690/Zm00001eb024680/Zm00001eb031690/Zm00001eb037670,5
GWAS_Gln_Goodman,MF,471,345,GO:0003712,transcription coregulator activity,2/345,98/27694,0.34552211420224677,0.5108399511561562,0.46102604568338934,Zm00001eb006890/Zm00001eb044560,2
GWAS_Gln_Goodman,BP,471,345,GO:0007030,Golgi organization,1/345,34/27694,0.3471928748968096,0.5109926736630246,0.46116387565003353,Zm00001eb056500,1
GWAS_Gln_Goodman,BP,471,345,GO:0045454,cell redox homeostasis,1/345,34/27694,0.3471928748968096,0.5109926736630246,0.46116387565003353,Zm00001eb004790,1
GWAS_Gln_Goodman,BP,471,345,GO:0009734,auxin-activated signaling pathway,3/345,168/27694,0.34866384730138544,0.5120018658569895,0.46207465775598505,Zm00001eb028720/Zm00001eb030680/Zm00001eb031700,3
GWAS_Gln_Goodman,MF,471,345,GO:0042393,histone binding,2/345,99/27694,0.35003944015694566,0.5128667752411878,0.4628552266061092,Zm00001eb012500/Zm00001eb012650,2
GWAS_Gln_Goodman,BP,471,345,GO:0006913,nucleocytoplasmic transport,1/345,35/27694,0.3553352631166433,0.5159879544589119,0.46567204801829476,Zm00001eb016760,1
GWAS_Gln_Goodman,BP,471,345,GO:0009744,response to sucrose,1/345,35/27694,0.3553352631166433,0.5159879544589119,0.46567204801829476,Zm00001eb023780,1
GWAS_Gln_Goodman,BP,471,345,GO:0009833,plant-type primary cell wall biogenesis,1/345,35/27694,0.3553352631166433,0.5159879544589119,0.46567204801829476,Zm00001eb047650,1
GWAS_Gln_Goodman,BP,471,345,GO:0019252,starch biosynthetic process,1/345,35/27694,0.3553352631166433,0.5159879544589119,0.46567204801829476,Zm00001eb017580,1
GWAS_Gln_Goodman,BP,471,345,GO:0006506,GPI anchor biosynthetic process,1/345,36/27694,0.3633763829772586,0.5241623931441872,0.47304936675427944,Zm00001eb002240,1
GWAS_Gln_Goodman,MF,471,345,GO:0008408,3'-5' exonuclease activity,1/345,36/27694,0.3633763829772586,0.5241623931441872,0.47304936675427944,Zm00001eb004370,1
GWAS_Gln_Goodman,BP,471,345,GO:0048608,reproductive structure development,1/345,36/27694,0.3633763829772586,0.5241623931441872,0.47304936675427944,Zm00001eb000200,1
GWAS_Gln_Goodman,BP,471,345,GO:0006338,chromatin remodeling,3/345,173/27694,0.36561959591063586,0.52516052865925,0.4739501703592522,Zm00001eb025020/Zm00001eb028840/Zm00001eb038640,3
GWAS_Gln_Goodman,BP,471,345,GO:0006813,potassium ion transport,2/345,103/27694,0.3679981761103033,0.52516052865925,0.4739501703592522,Zm00001eb004780/Zm00001eb033240,2
GWAS_Gln_Goodman,BP,471,345,GO:0015031,protein transport,9/345,620/27694,0.3682378400476032,0.52516052865925,0.4739501703592522,Zm00001eb000670/Zm00001eb000860/Zm00001eb002050/Zm00001eb005370/Zm00001eb007810/Zm00001eb016760/Zm00001eb033760/Zm00001eb056500/Zm00001eb063660,9
GWAS_Gln_Goodman,MF,471,345,GO:0003993,acid phosphatase activity,1/345,37/27694,0.3713174903556967,0.52516052865925,0.4739501703592522,Zm00001eb039610,1
GWAS_Gln_Goodman,BP,471,345,GO:0006833,water transport,1/345,37/27694,0.3713174903556967,0.52516052865925,0.4739501703592522,Zm00001eb005410,1
GWAS_Gln_Goodman,MF,471,345,GO:0008324,monoatomic cation transmembrane transporter activity,1/345,37/27694,0.3713174903556967,0.52516052865925,0.4739501703592522,Zm00001eb041980,1
GWAS_Gln_Goodman,CC,471,345,GO:0030117,membrane coat,1/345,37/27694,0.3713174903556967,0.52516052865925,0.4739501703592522,Zm00001eb000860,1
GWAS_Gln_Goodman,BP,471,345,GO:0035672,oligopeptide transmembrane transport,1/345,37/27694,0.3713174903556967,0.52516052865925,0.4739501703592522,Zm00001eb033760,1
GWAS_Gln_Goodman,MF,471,345,GO:0035673,oligopeptide transmembrane transporter activity,1/345,37/27694,0.3713174903556967,0.52516052865925,0.4739501703592522,Zm00001eb033760,1
GWAS_Gln_Goodman,CC,471,345,GO:0005788,endoplasmic reticulum lumen,1/345,38/27694,0.37915982559911765,0.5293623261041215,0.47774223489216006,Zm00001eb012510,1
GWAS_Gln_Goodman,CC,471,345,GO:0015630,microtubule cytoskeleton,1/345,38/27694,0.37915982559911765,0.5293623261041215,0.47774223489216006,Zm00001eb000890,1
GWAS_Gln_Goodman,MF,471,345,GO:0042054,histone methyltransferase activity,1/345,38/27694,0.37915982559911765,0.5293623261041215,0.47774223489216006,Zm00001eb038640,1
GWAS_Gln_Goodman,BP,471,345,GO:0044042,glucan metabolic process,1/345,38/27694,0.37915982559911765,0.5293623261041215,0.47774223489216006,Zm00001eb000660,1
GWAS_Gln_Goodman,BP,471,345,GO:0048364,root development,1/345,38/27694,0.37915982559911765,0.5293623261041215,0.47774223489216006,Zm00001eb002600,1
GWAS_Gln_Goodman,BP,471,345,GO:0051225,spindle assembly,1/345,38/27694,0.37915982559911765,0.5293623261041215,0.47774223489216006,Zm00001eb007470,1
GWAS_Gln_Goodman,MF,471,345,GO:0003729,mRNA binding,10/345,703/27694,0.3800542930588951,0.5294773484495717,0.4778460409804822,Zm00001eb004400/Zm00001eb004420/Zm00001eb004480/Zm00001eb005630/Zm00001eb008750/Zm00001eb014810/Zm00001eb016670/Zm00001eb017780/Zm00001eb030980/Zm00001eb062000,10
GWAS_Gln_Goodman,CC,471,345,GO:0005743,mitochondrial inner membrane,4/345,252/27694,0.38426808699541415,0.5342063810682516,0.4821139280225261,Zm00001eb002060/Zm00001eb002320/Zm00001eb006910/Zm00001eb012490,4
GWAS_Gln_Goodman,BP,471,345,GO:0005992,trehalose biosynthetic process,1/345,39/27694,0.38690461371628204,0.5355877030637279,0.4833605521676202,Zm00001eb018720,1
GWAS_Gln_Goodman,BP,471,345,GO:0009739,response to gibberellin,1/345,39/27694,0.38690461371628204,0.5355877030637279,0.4833605521676202,Zm00001eb023780,1
GWAS_Gln_Goodman,BP,471,345,GO:0045893,positive regulation of DNA-templated transcription,4/345,257/27694,0.3983114632370359,0.550209902607092,0.4965568865956805,Zm00001eb005650/Zm00001eb026870/Zm00001eb028530/Zm00001eb038660,4
GWAS_Gln_Goodman,BP,471,345,GO:0071897,DNA biosynthetic process,1/345,41/27694,0.4021063730473563,0.5542777066107322,0.5002280238866634,Zm00001eb002170,1
GWAS_Gln_Goodman,BP,471,345,GO:0006468,protein phosphorylation,20/345,1495/27694,0.40394239674321597,0.5556338453092338,0.5014519204518271,Zm00001eb001810/Zm00001eb001880/Zm00001eb002030/Zm00001eb002180/Zm00001eb002610/Zm00001eb003660/Zm00001eb004440/Zm00001eb016770/Zm00001eb017510/Zm00001eb017800/Zm00001eb023800/Zm00001eb025520/Zm00001eb028010/Zm00001eb029700/Zm00001eb029740/Zm00001eb030680/Zm00001eb030730/Zm00001eb031340/Zm00001eb034290/Zm00001eb040540,20
GWAS_Gln_Goodman,CC,471,345,GO:0000785,chromatin,2/345,114/27694,0.4163016456915045,0.57109209925341,0.5154027825034811,Zm00001eb025020/Zm00001eb028170,2
GWAS_Gln_Goodman,BP,471,345,GO:0042273,ribosomal large subunit biogenesis,1/345,43/27694,0.4169322687800968,0.57109209925341,0.5154027825034811,Zm00001eb037680,1
GWAS_Gln_Goodman,BP,471,345,GO:0008652,amino acid biosynthetic process,3/345,189/27694,0.41924821661528877,0.5730604554154471,0.5171791969280514,Zm00001eb004390/Zm00001eb021930/Zm00001eb028810,3
GWAS_Gln_Goodman,MF,471,345,GO:0003678,DNA helicase activity,1/345,44/27694,0.4242071726631703,0.5762147428674731,0.5200258980673513,Zm00001eb028400,1
GWAS_Gln_Goodman,MF,471,345,GO:0016760,cellulose synthase (UDP-forming) activity,1/345,44/27694,0.4242071726631703,0.5762147428674731,0.5200258980673513,Zm00001eb047650,1
GWAS_Gln_Goodman,BP,471,345,GO:0048367,shoot system development,1/345,44/27694,0.4242071726631703,0.5762147428674731,0.5200258980673513,Zm00001eb002600,1
GWAS_Gln_Goodman,MF,471,345,GO:0004722,protein serine/threonine phosphatase activity,4/345,267/27694,0.426221986235061,0.577747889865405,0.5214095421936735,Zm00001eb008960/Zm00001eb028320/Zm00001eb039580/Zm00001eb040520,4
GWAS_Gln_Goodman,CC,471,345,GO:0005794,Golgi apparatus,7/345,500/27694,0.4309356923416976,0.5811307896760158,0.524462562849359,Zm00001eb007800/Zm00001eb012390/Zm00001eb017570/Zm00001eb030720/Zm00001eb037740/Zm00001eb041980/Zm00001eb056500,7
GWAS_Gln_Goodman,BP,471,345,GO:0034599,cellular response to oxidative stress,1/345,45/27694,0.4313915677963063,0.5811307896760158,0.524462562849359,Zm00001eb017600,1
GWAS_Gln_Goodman,BP,471,345,GO:0051028,mRNA transport,1/345,45/27694,0.4313915677963063,0.5811307896760158,0.524462562849359,Zm00001eb016760,1
GWAS_Gln_Goodman,MF,471,345,GO:0003723,RNA binding,22/345,1677/27694,0.43247024044025184,0.5813826737464829,0.5246898847663609,Zm00001eb000190/Zm00001eb000910/Zm00001eb001840/Zm00001eb002260/Zm00001eb004400/Zm00001eb004420/Zm00001eb004480/Zm00001eb005350/Zm00001eb005630/Zm00001eb005670/Zm00001eb012410/Zm00001eb012660/Zm00001eb014780/Zm00001eb014820/Zm00001eb016670/Zm00001eb017780/Zm00001eb021940/Zm00001eb028170/Zm00001eb030980/Zm00001eb037450/Zm00001eb039550/Zm00001eb062000,22
GWAS_Gln_Goodman,BP,471,345,GO:0009699,phenylpropanoid biosynthetic process,1/345,46/27694,0.4384865769868833,0.5870497909557453,0.5298043802781105,Zm00001eb026860,1
GWAS_Gln_Goodman,MF,471,345,GO:0016298,lipase activity,1/345,46/27694,0.4384865769868833,0.5870497909557453,0.5298043802781105,Zm00001eb026120,1
GWAS_Gln_Goodman,CC,471,345,GO:0005694,chromosome,3/345,196/27694,0.44225822524602687,0.5908859894680523,0.5332664967914776,Zm00001eb004820/Zm00001eb037700/Zm00001eb038640,3
GWAS_Gln_Goodman,MF,471,345,GO:0004867,serine-type endopeptidase inhibitor activity,1/345,47/27694,0.44549330915338836,0.5927788521796106,0.5349747794129842,Zm00001eb030610,1
GWAS_Gln_Goodman,BP,471,345,GO:0006367,transcription initiation at RNA polymerase II promoter,1/345,47/27694,0.44549330915338836,0.5927788521796106,0.5349747794129842,Zm00001eb056480,1
GWAS_Gln_Goodman,CC,471,345,GO:0005741,mitochondrial outer membrane,1/345,48/27694,0.45241285949671983,0.5959054230138613,0.537796466685096,Zm00001eb007730,1
GWAS_Gln_Goodman,CC,471,345,GO:0005762,mitochondrial large ribosomal subunit,1/345,48/27694,0.45241285949671983,0.5959054230138613,0.537796466685096,Zm00001eb001840,1
GWAS_Gln_Goodman,CC,471,345,GO:0009707,chloroplast outer membrane,1/345,48/27694,0.45241285949671983,0.5959054230138613,0.537796466685096,Zm00001eb063660,1
GWAS_Gln_Goodman,CC,471,345,GO:0032991,protein-containing complex,1/345,48/27694,0.45241285949671983,0.5959054230138613,0.537796466685096,Zm00001eb028400,1
GWAS_Gln_Goodman,BP,471,345,GO:0046856,phosphatidylinositol dephosphorylation,1/345,48/27694,0.45241285949671983,0.5959054230138613,0.537796466685096,Zm00001eb041910,1
GWAS_Gln_Goodman,BP,471,345,GO:0006629,lipid metabolic process,8/345,590/27694,0.45414541789287743,0.5969814767462824,0.5387675904119663,Zm00001eb009080/Zm00001eb016740/Zm00001eb017530/Zm00001eb028240/Zm00001eb028390/Zm00001eb039570/Zm00001eb039780/Zm00001eb040310,8
GWAS_Gln_Goodman,CC,471,345,GO:0031410,cytoplasmic vesicle,2/345,124/27694,0.45855673418361853,0.6012622367559077,0.5426309175759646,Zm00001eb012390/Zm00001eb037740,2
GWAS_Gln_Goodman,BP,471,345,GO:0042274,ribosomal small subunit biogenesis,1/345,49/27694,0.4592463096693896,0.6012622367559077,0.5426309175759646,Zm00001eb018110,1
GWAS_Gln_Goodman,CC,471,345,GO:0009505,plant-type cell wall,3/345,203/27694,0.4649076948555968,0.6074545431780544,0.5482193891451929,Zm00001eb005030/Zm00001eb011270/Zm00001eb028480,3
GWAS_Gln_Goodman,BP,471,345,GO:0042254,ribosome biogenesis,2/345,127/27694,0.470886254616249,0.6126715276942908,0.5529276460786383,Zm00001eb016780/Zm00001eb037680,2
GWAS_Gln_Goodman,CC,471,345,GO:0005643,nuclear pore,1/345,51/27694,0.47265916937151575,0.6126715276942908,0.5529276460786383,Zm00001eb016760,1
GWAS_Gln_Goodman,BP,471,345,GO:0051726,regulation of cell cycle,1/345,51/27694,0.47265916937151575,0.6126715276942908,0.5529276460786383,Zm00001eb017510,1
GWAS_Gln_Goodman,BP,471,345,GO:0098655,monoatomic cation transmembrane transport,1/345,51/27694,0.47265916937151575,0.6126715276942908,0.5529276460786383,Zm00001eb041980,1
GWAS_Gln_Goodman,BP,471,345,GO:0016579,protein deubiquitination,1/345,52/27694,0.47924067595787856,0.6187424172763105,0.5584065406158503,Zm00001eb005070,1
GWAS_Gln_Goodman,MF,471,345,GO:0016620,"oxidoreductase activity, acting on the aldehyde or oxo group of donors, NAD or NADP as acceptor",1/345,52/27694,0.47924067595787856,0.6187424172763105,0.5584065406158503,Zm00001eb039570,1
GWAS_Gln_Goodman,MF,471,345,GO:0004721,phosphoprotein phosphatase activity,3/345,208/27694,0.4808370341441164,0.6195765736402449,0.5591593552872085,Zm00001eb039610/Zm00001eb040520/Zm00001eb040770,3
GWAS_Gln_Goodman,MF,471,345,GO:0003682,chromatin binding,2/345,132/27694,0.49105662658053983,0.631496884675566,0.5699172724146616,Zm00001eb000170/Zm00001eb012650,2
GWAS_Gln_Goodman,BP,471,345,GO:0009058,biosynthetic process,2/345,133/27694,0.4950324716461957,0.6329582791469142,0.5712361608703989,Zm00001eb017580/Zm00001eb023770,2
GWAS_Gln_Goodman,BP,471,345,GO:0010468,regulation of gene expression,2/345,133/27694,0.4950324716461957,0.6329582791469142,0.5712361608703989,Zm00001eb025020/Zm00001eb028170,2
GWAS_Gln_Goodman,BP,471,345,GO:0006508,proteolysis,9/345,694/27694,0.49846867376302606,0.6329582791469142,0.5712361608703989,Zm00001eb000220/Zm00001eb002340/Zm00001eb004430/Zm00001eb016540/Zm00001eb018730/Zm00001eb018750/Zm00001eb021890/Zm00001eb028570/Zm00001eb042130,9
GWAS_Gln_Goodman,BP,471,345,GO:0006606,protein import into nucleus,1/345,55/27694,0.49849781425074446,0.6329582791469142,0.5712361608703989,Zm00001eb016760,1
GWAS_Gln_Goodman,BP,471,345,GO:0009658,chloroplast organization,1/345,55/27694,0.49849781425074446,0.6329582791469142,0.5712361608703989,Zm00001eb017630,1
GWAS_Gln_Goodman,MF,471,345,GO:0042910,xenobiotic transmembrane transporter activity,1/345,55/27694,0.49849781425074446,0.6329582791469142,0.5712361608703989,Zm00001eb008790,1
GWAS_Gln_Goodman,BP,471,345,GO:0016042,lipid catabolic process,2/345,134/27694,0.4989885820268618,0.6329582791469142,0.5712361608703989,Zm00001eb017530/Zm00001eb039780,2
GWAS_Gln_Goodman,MF,471,345,GO:0003779,actin binding,2/345,135/27694,0.5029248313407033,0.6365610259245428,0.5744875903968671,Zm00001eb017810/Zm00001eb040800,2
GWAS_Gln_Goodman,CC,471,345,GO:0016592,mediator complex,1/345,56/27694,0.5047577460168537,0.6365610259245428,0.5744875903968671,Zm00001eb044560,1
GWAS_Gln_Goodman,BP,471,345,GO:0034605,cellular response to heat,1/345,56/27694,0.5047577460168537,0.6365610259245428,0.5744875903968671,Zm00001eb018130,1
GWAS_Gln_Goodman,MF,471,345,GO:0030414,peptidase inhibitor activity,1/345,57/27694,0.5109397627193715,0.643113369291564,0.580400990368073,Zm00001eb030610,1
GWAS_Gln_Goodman,MF,471,345,GO:0016301,kinase activity,22/345,1751/27694,0.5151566630413819,0.6470503455719067,0.5839540574341231,Zm00001eb001870/Zm00001eb001880/Zm00001eb002030/Zm00001eb002180/Zm00001eb002610/Zm00001eb003660/Zm00001eb004440/Zm00001eb016770/Zm00001eb017510/Zm00001eb017800/Zm00001eb019420/Zm00001eb028010/Zm00001eb029740/Zm00001eb030680/Zm00001eb030730/Zm00001eb031340/Zm00001eb034180/Zm00001eb034290/Zm00001eb040540/Zm00001eb041190/Zm00001eb054420/Zm00001eb056490,22
GWAS_Gln_Goodman,BP,471,345,GO:0009791,post-embryonic development,1/345,58/27694,0.5170448313542383,0.6470503455719067,0.5839540574341231,Zm00001eb000200,1
GWAS_Gln_Goodman,MF,471,345,GO:0042802,identical protein binding,1/345,58/27694,0.5170448313542383,0.6470503455719067,0.5839540574341231,Zm00001eb007440,1
GWAS_Gln_Goodman,BP,471,345,GO:0006631,fatty acid metabolic process,2/345,139/27694,0.5184689039647162,0.6475895122317912,0.5844406479457076,Zm00001eb028240/Zm00001eb040310,2
GWAS_Gln_Goodman,CC,471,345,GO:0005819,spindle,1/345,61/27694,0.5349078401955161,0.6643738352433247,0.5995882691330621,Zm00001eb007810,1
GWAS_Gln_Goodman,BP,471,345,GO:0016567,protein ubiquitination,6/345,472/27694,0.5369867057475741,0.6643738352433247,0.5995882691330621,Zm00001eb000550/Zm00001eb000650/Zm00001eb007780/Zm00001eb012430/Zm00001eb047620/Zm00001eb056470,6
GWAS_Gln_Goodman,CC,471,345,GO:0009570,chloroplast stroma,2/345,144/27694,0.5374394318664384,0.6643738352433247,0.5995882691330621,Zm00001eb014810/Zm00001eb029690,2
GWAS_Gln_Goodman,BP,471,345,GO:0006749,glutathione metabolic process,1/345,62/27694,0.5407145493886021,0.6643738352433247,0.5995882691330621,Zm00001eb004790,1
GWAS_Gln_Goodman,BP,471,345,GO:0009736,cytokinin-activated signaling pathway,1/345,62/27694,0.5407145493886021,0.6643738352433247,0.5995882691330621,Zm00001eb039590,1
GWAS_Gln_Goodman,CC,471,345,GO:0015934,large ribosomal subunit,1/345,62/27694,0.5407145493886021,0.6643738352433247,0.5995882691330621,Zm00001eb039550,1
GWAS_Gln_Goodman,MF,471,345,GO:0016709,"oxidoreductase activity, acting on paired donors, with incorporation or reduction of molecular oxygen, NAD(P)H as one donor, and incorporation of one atom of oxygen",1/345,62/27694,0.5407145493886021,0.6643738352433247,0.5995882691330621,Zm00001eb010640,1
GWAS_Gln_Goodman,MF,471,345,GO:0030247,polysaccharide binding,1/345,62/27694,0.5407145493886021,0.6643738352433247,0.5995882691330621,Zm00001eb034290,1
GWAS_Gln_Goodman,MF,471,345,GO:0004674,protein serine/threonine kinase activity,15/345,1207/27694,0.5410774639788427,0.6643738352433247,0.5995882691330621,Zm00001eb001880/Zm00001eb002180/Zm00001eb002610/Zm00001eb004440/Zm00001eb016770/Zm00001eb017510/Zm00001eb017800/Zm00001eb023800/Zm00001eb028010/Zm00001eb029740/Zm00001eb030680/Zm00001eb030730/Zm00001eb031340/Zm00001eb034290/Zm00001eb040540,15
GWAS_Gln_Goodman,MF,471,345,GO:0003743,translation initiation factor activity,2/345,146/27694,0.5448825284156136,0.6677883618928196,0.6026698325768264,Zm00001eb000910/Zm00001eb037680,2
GWAS_Gln_Goodman,MF,471,345,GO:0004672,protein kinase activity,19/345,1536/27694,0.5463302918203521,0.6683064732961906,0.6031374210083478,Zm00001eb001880/Zm00001eb002030/Zm00001eb002180/Zm00001eb002610/Zm00001eb003660/Zm00001eb004440/Zm00001eb016770/Zm00001eb017510/Zm00001eb017800/Zm00001eb023800/Zm00001eb025520/Zm00001eb028010/Zm00001eb029700/Zm00001eb029740/Zm00001eb030680/Zm00001eb030730/Zm00001eb031340/Zm00001eb034290/Zm00001eb040540,19
GWAS_Gln_Goodman,BP,471,345,GO:0007010,cytoskeleton organization,1/345,64/27694,0.5521119961608645,0.6705059969109061,0.6051224608866589,Zm00001eb040800,1
GWAS_Gln_Goodman,BP,471,345,GO:0009908,flower development,1/345,64/27694,0.5521119961608645,0.6705059969109061,0.6051224608866589,Zm00001eb031700,1
GWAS_Gln_Goodman,CC,471,345,GO:0019005,SCF ubiquitin ligase complex,1/345,64/27694,0.5521119961608645,0.6705059969109061,0.6051224608866589,Zm00001eb012500,1
GWAS_Gln_Goodman,BP,471,345,GO:0006413,translational initiation,2/345,148/27694,0.552241902363737,0.6705059969109061,0.6051224608866589,Zm00001eb000910/Zm00001eb037680,2
GWAS_Gln_Goodman,CC,471,345,GO:0032040,small-subunit processome,1/345,65/27694,0.5577045173814401,0.6721318767702383,0.6065897951478257,Zm00001eb016780,1
GWAS_Gln_Goodman,BP,471,345,GO:0036503,ERAD pathway,1/345,65/27694,0.5577045173814401,0.6721318767702383,0.6065897951478257,Zm00001eb011300,1
GWAS_Gln_Goodman,MF,471,345,GO:0042626,ATPase-coupled transmembrane transporter activity,1/345,65/27694,0.5577045173814401,0.6721318767702383,0.6065897951478257,Zm00001eb004340,1
GWAS_Gln_Goodman,BP,471,345,GO:0070588,calcium ion transmembrane transport,1/345,65/27694,0.5577045173814401,0.6721318767702383,0.6065897951478257,Zm00001eb004320,1
GWAS_Gln_Goodman,BP,471,345,GO:0042546,cell wall biogenesis,1/345,66/27694,0.5632274078770574,0.6775355533871612,0.611466539140173,Zm00001eb000660,1
GWAS_Gln_Goodman,MF,471,345,GO:0004683,calcium/calmodulin-dependent protein kinase activity,1/345,67/27694,0.5686815321090835,0.6803309338259127,0.6139893316252587,Zm00001eb002180,1
GWAS_Gln_Goodman,MF,471,345,GO:0009931,calcium-dependent protein serine/threonine kinase activity,1/345,67/27694,0.5686815321090835,0.6803309338259127,0.6139893316252587,Zm00001eb002180,1
GWAS_Gln_Goodman,CC,471,345,GO:0045271,respiratory chain complex I,1/345,67/27694,0.5686815321090835,0.6803309338259127,0.6139893316252587,Zm00001eb002320,1
GWAS_Gln_Goodman,MF,471,345,GO:0000976,transcription cis-regulatory region binding,7/345,573/27694,0.5734419466844907,0.6830149069016109,0.6164115804940273,Zm00001eb005650/Zm00001eb028530/Zm00001eb030990/Zm00001eb031700/Zm00001eb038660/Zm00001eb041290/Zm00001eb041310,7
GWAS_Gln_Goodman,BP,471,345,GO:0006520,amino acid metabolic process,1/345,68/27694,0.5740677438375503,0.6830149069016109,0.6164115804940273,Zm00001eb017590,1
GWAS_Gln_Goodman,CC,471,345,GO:0071013,catalytic step 2 spliceosome,1/345,68/27694,0.5740677438375503,0.6830149069016109,0.6164115804940273,Zm00001eb007780,1
GWAS_Gln_Goodman,CC,471,345,GO:0005730,nucleolus,4/345,325/27694,0.5784451802953126,0.6831107591991272,0.6164980858771588,Zm00001eb001860/Zm00001eb004370/Zm00001eb016780/Zm00001eb037680,4
GWAS_Gln_Goodman,MF,471,345,GO:0016705,"oxidoreductase activity, acting on paired donors, with incorporation or reduction of molecular oxygen",4/345,325/27694,0.5784451802953126,0.6831107591991272,0.6164980858771588,Zm00001eb002360/Zm00001eb009080/Zm00001eb010640/Zm00001eb017640,4
GWAS_Gln_Goodman,MF,471,345,GO:0004650,polygalacturonase activity,1/345,69/27694,0.5793868862532474,0.6831107591991272,0.6164980858771588,Zm00001eb001830,1
GWAS_Gln_Goodman,BP,471,345,GO:0009737,response to abscisic acid,1/345,69/27694,0.5793868862532474,0.6831107591991272,0.6164980858771588,Zm00001eb025500,1
GWAS_Gln_Goodman,MF,471,345,GO:0016413,O-acetyltransferase activity,1/345,69/27694,0.5793868862532474,0.6831107591991272,0.6164980858771588,Zm00001eb030720,1
GWAS_Gln_Goodman,MF,471,345,GO:0016746,acyltransferase activity,4/345,328/27694,0.5856959949079033,0.6891888692949518,0.6219834968289929,Zm00001eb005110/Zm00001eb012650/Zm00001eb023770/Zm00001eb030760,4
GWAS_Gln_Goodman,MF,471,345,GO:0004518,nuclease activity,2/345,158/27694,0.5877704203596266,0.6891888692949518,0.6219834968289929,Zm00001eb002260/Zm00001eb002330,2
GWAS_Gln_Goodman,MF,471,345,GO:0003697,single-stranded DNA binding,1/345,71/27694,0.5898272838444527,0.6891888692949518,0.6219834968289929,Zm00001eb028400,1
GWAS_Gln_Goodman,BP,471,345,GO:0008654,phospholipid biosynthetic process,1/345,71/27694,0.5898272838444527,0.6891888692949518,0.6219834968289929,Zm00001eb001870,1
GWAS_Gln_Goodman,BP,471,345,GO:0009725,response to hormone,1/345,71/27694,0.5898272838444527,0.6891888692949518,0.6219834968289929,Zm00001eb031700,1
GWAS_Gln_Goodman,BP,471,345,GO:0035556,intracellular signal transduction,2/345,159/27694,0.5912063181428819,0.6895644354725564,0.6223224401504022,Zm00001eb002180/Zm00001eb017560,2
GWAS_Gln_Goodman,BP,471,345,GO:0006364,rRNA processing,2/345,161/27694,0.5980141345549078,0.6950182098570408,0.6272443966904842,Zm00001eb002260/Zm00001eb007700,2
GWAS_Gln_Goodman,CC,471,345,GO:0022625,cytosolic large ribosomal subunit,2/345,161/27694,0.5980141345549078,0.6950182098570408,0.6272443966904842,Zm00001eb012410/Zm00001eb039550,2
GWAS_Gln_Goodman,CC,471,345,GO:0010008,endosome membrane,1/345,73/27694,0.6000092639418342,0.6960961567439073,0.6282172289632615,Zm00001eb019420,1
GWAS_Gln_Goodman,MF,471,345,GO:0008234,cysteine-type peptidase activity,2/345,163/27694,0.6047366394437188,0.698165462119332,0.6300847486675923,Zm00001eb002340/Zm00001eb016540,2
GWAS_Gln_Goodman,BP,471,345,GO:0007017,microtubule-based process,1/345,74/27694,0.605005346775188,0.698165462119332,0.6300847486675923,Zm00001eb000890,1
GWAS_Gln_Goodman,BP,471,345,GO:0050832,defense response to fungus,1/345,74/27694,0.605005346775188,0.698165462119332,0.6300847486675923,Zm00001eb002620,1
GWAS_Gln_Goodman,MF,471,345,GO:0016853,isomerase activity,4/345,340/27694,0.6139636331163862,0.7057344542262937,0.6369156601751667,Zm00001eb000740/Zm00001eb007780/Zm00001eb015770/Zm00001eb028810,4
GWAS_Gln_Goodman,MF,471,345,GO:0051087,protein-folding chaperone binding,1/345,76/27694,0.6148116104302681,0.7057344542262937,0.6369156601751667,Zm00001eb017830,1
GWAS_Gln_Goodman,MF,471,345,GO:0051287,NAD binding,1/345,76/27694,0.6148116104302681,0.7057344542262937,0.6369156601751667,Zm00001eb001910,1
GWAS_Gln_Goodman,MF,471,345,GO:0009055,electron transfer activity,2/345,167/27694,0.6179259201705667,0.7075208570050185,0.6385278641682361,Zm00001eb011280/Zm00001eb063680,2
GWAS_Gln_Goodman,BP,471,345,GO:0002181,cytoplasmic translation,1/345,77/27694,0.6196233272237203,0.7075208570050185,0.6385278641682361,Zm00001eb002640,1
GWAS_Gln_Goodman,BP,471,345,GO:0031146,SCF-dependent proteasomal ubiquitin-dependent protein catabolic process,1/345,77/27694,0.6196233272237203,0.7075208570050185,0.6385278641682361,Zm00001eb000550,1
GWAS_Gln_Goodman,MF,471,345,GO:0004527,exonuclease activity,1/345,78/27694,0.6243751088114313,0.7117002988549881,0.6422997530835299,Zm00001eb002260,1
GWAS_Gln_Goodman,BP,471,345,GO:0009611,response to wounding,1/345,79/27694,0.6290676996087969,0.7133080698172793,0.6437507443136248,Zm00001eb030610,1
GWAS_Gln_Goodman,BP,471,345,GO:0031047,regulatory ncRNA-mediated gene silencing,1/345,79/27694,0.6290676996087969,0.7133080698172793,0.6437507443136248,Zm00001eb016670,1
GWAS_Gln_Goodman,MF,471,345,GO:0038023,signaling receptor activity,1/345,79/27694,0.6290676996087969,0.7133080698172793,0.6437507443136248,Zm00001eb029740,1
GWAS_Gln_Goodman,MF,471,345,GO:0008233,peptidase activity,7/345,605/27694,0.6304714390465713,0.7136586428096606,0.6440671316283506,Zm00001eb000220/Zm00001eb004430/Zm00001eb016540/Zm00001eb018730/Zm00001eb018750/Zm00001eb021890/Zm00001eb042130,7
GWAS_Gln_Goodman,BP,471,345,GO:0000160,phosphorelay signal transduction system,1/345,80/27694,0.6337018348119462,0.7160720906367226,0.6462452351726315,Zm00001eb039590,1
GWAS_Gln_Goodman,MF,471,345,GO:0016779,nucleotidyltransferase activity,2/345,173/27694,0.6370725564299493,0.7186354788794583,0.6485586578844321,Zm00001eb007760/Zm00001eb017580,2
GWAS_Gln_Goodman,BP,471,345,GO:0009742,brassinosteroid mediated signaling pathway,1/345,81/27694,0.638278240511587,0.718752008313566,0.6486638240995858,Zm00001eb002610,1
GWAS_Gln_Goodman,MF,471,345,GO:0046982,protein heterodimerization activity,2/345,174/27694,0.6401896469565889,0.7196614651994758,0.649484596458681,Zm00001eb004820/Zm00001eb039560,2
GWAS_Gln_Goodman,BP,471,345,GO:0009416,response to light stimulus,1/345,82/27694,0.6427976338054522,0.7198996629436418,0.6496995666540133,Zm00001eb063690,1
GWAS_Gln_Goodman,MF,471,345,GO:0043130,ubiquitin binding,1/345,82/27694,0.6427976338054522,0.7198996629436418,0.6496995666540133,Zm00001eb012500,1
GWAS_Gln_Goodman,BP,471,345,GO:0006886,intracellular protein transport,3/345,265/27694,0.6437139624173975,0.7198996629436418,0.6496995666540133,Zm00001eb000860/Zm00001eb002050/Zm00001eb063700,3
GWAS_Gln_Goodman,BP,471,345,GO:0006325,chromatin organization,2/345,176/27694,0.6463606960697126,0.7201485951491944,0.6499242245534385,Zm00001eb024600/Zm00001eb038640,2
GWAS_Gln_Goodman,BP,471,345,GO:0000226,microtubule cytoskeleton organization,1/345,83/27694,0.6472607229093607,0.7201485951491944,0.6499242245534385,Zm00001eb001910,1
GWAS_Gln_Goodman,BP,471,345,GO:0022904,respiratory electron transport chain,1/345,83/27694,0.6472607229093607,0.7201485951491944,0.6499242245534385,Zm00001eb002320,1
GWAS_Gln_Goodman,MF,471,345,GO:0003735,structural constituent of ribosome,7/345,616/27694,0.6490594183816787,0.7201485951491944,0.6499242245534385,Zm00001eb000270/Zm00001eb001840/Zm00001eb002640/Zm00001eb005360/Zm00001eb012410/Zm00001eb037660/Zm00001eb039550,7
GWAS_Gln_Goodman,MF,471,345,GO:0016874,ligase activity,4/345,356/27694,0.6497468946465554,0.7201485951491944,0.6499242245534385,Zm00001eb002570/Zm00001eb005660/Zm00001eb031330/Zm00001eb040790,4
GWAS_Gln_Goodman,MF,471,345,GO:0000977,RNA polymerase II transcription regulatory region sequence-specific DNA binding,1/345,84/27694,0.6516682072669091,0.7201485951491944,0.6499242245534385,Zm00001eb012650,1
GWAS_Gln_Goodman,MF,471,345,GO:0004843,cysteine-type deubiquitinase activity,1/345,84/27694,0.6516682072669091,0.7201485951491944,0.6499242245534385,Zm00001eb005070,1
GWAS_Gln_Goodman,MF,471,345,GO:0003777,microtubule motor activity,1/345,85/27694,0.6560207776578153,0.7225093699879993,0.6520547914486465,Zm00001eb000890,1
GWAS_Gln_Goodman,BP,471,345,GO:0007018,microtubule-based movement,1/345,85/27694,0.6560207776578153,0.7225093699879993,0.6520547914486465,Zm00001eb000890,1
GWAS_Gln_Goodman,CC,471,345,GO:0015935,small ribosomal subunit,1/345,86/27694,0.660319116304925,0.7247947202538908,0.6541172887018486,Zm00001eb002640,1
GWAS_Gln_Goodman,MF,471,345,GO:0071949,FAD binding,1/345,86/27694,0.660319116304925,0.7247947202538908,0.6541172887018486,Zm00001eb026960,1
GWAS_Gln_Goodman,CC,471,345,GO:0005654,nucleoplasm,1/345,90/27694,0.676983504304152,0.7418373862290877,0.6694980608686794,Zm00001eb028170,1
GWAS_Gln_Goodman,MF,471,345,GO:0003774,cytoskeletal motor activity,1/345,91/27694,0.6810206254103348,0.7450091405495609,0.6723605256170562,Zm00001eb000890,1
GWAS_Gln_Goodman,MF,471,345,GO:0008237,metallopeptidase activity,1/345,93/27694,0.6889445560171911,0.7524151600053745,0.6790443565434363,Zm00001eb042130,1
GWAS_Gln_Goodman,BP,471,345,GO:0006397,mRNA processing,4/345,376/27694,0.6912866210279753,0.7537104965054179,0.6802133799588774,Zm00001eb005630/Zm00001eb014810/Zm00001eb014820/Zm00001eb016670,4
GWAS_Gln_Goodman,MF,471,345,GO:0030527,structural constituent of chromatin,1/345,94/27694,0.6928326081955206,0.7541349925600659,0.6805964818228558,Zm00001eb004820,1
GWAS_Gln_Goodman,CC,471,345,GO:0005886,plasma membrane,21/345,1844/27694,0.6966968900160215,0.7570772871507434,0.6832518623139581,Zm00001eb000210/Zm00001eb000570/Zm00001eb000580/Zm00001eb001900/Zm00001eb002180/Zm00001eb002610/Zm00001eb003660/Zm00001eb007760/Zm00001eb008960/Zm00001eb011280/Zm00001eb017800/Zm00001eb019840/Zm00001eb028390/Zm00001eb029740/Zm00001eb030730/Zm00001eb033240/Zm00001eb033760/Zm00001eb034290/Zm00001eb040550/Zm00001eb047650/Zm00001eb054420,21
GWAS_Gln_Goodman,BP,471,345,GO:0071555,cell wall organization,4/345,386/27694,0.7107038628860716,0.7710131757100144,0.695828810497091,Zm00001eb000660/Zm00001eb015760/Zm00001eb029710/Zm00001eb047650,4
GWAS_Gln_Goodman,CC,471,345,GO:0005840,ribosome,7/345,657/27694,0.7132979100236145,0.7725419224840476,0.6972084834817286,Zm00001eb000270/Zm00001eb001840/Zm00001eb002640/Zm00001eb005360/Zm00001eb012410/Zm00001eb037660/Zm00001eb039550,7
GWAS_Gln_Goodman,CC,471,345,GO:0005768,endosome,1/345,100/27694,0.7151640855951187,0.7732785801127983,0.6978733068825547,Zm00001eb019420,1
GWAS_Gln_Goodman,BP,471,345,GO:0006096,glycolytic process,1/345,103/27694,0.7257151142760254,0.7833878385893519,0.7069967739287177,Zm00001eb015770,1
GWAS_Gln_Goodman,MF,471,345,GO:0051536,iron-sulfur cluster binding,2/345,208/27694,0.7339999293499042,0.7910214114646902,0.7138859686935128,Zm00001eb007700/Zm00001eb021930,2
GWAS_Gln_Goodman,CC,471,345,GO:1990904,ribonucleoprotein complex,8/345,763/27694,0.737116230430688,0.7930689475920932,0.7157338419502426,Zm00001eb000270/Zm00001eb001840/Zm00001eb002640/Zm00001eb005360/Zm00001eb012410/Zm00001eb016780/Zm00001eb028170/Zm00001eb039550,8
GWAS_Gln_Goodman,CC,471,345,GO:0005789,endoplasmic reticulum membrane,5/345,498/27694,0.745517700565779,0.7996246947670355,0.7216503138113867,Zm00001eb002220/Zm00001eb002240/Zm00001eb011300/Zm00001eb023770/Zm00001eb028390,5
GWAS_Gln_Goodman,CC,471,345,GO:0000786,nucleosome,1/345,109/27694,0.7456622920526956,0.7996246947670355,0.7216503138113867,Zm00001eb004820,1
GWAS_Gln_Goodman,BP,471,345,GO:0034220,monoatomic ion transmembrane transport,1/345,110/27694,0.7488432421792797,0.801717231364352,0.7235387993746736,Zm00001eb020860,1
GWAS_Gln_Goodman,BP,471,345,GO:0006412,translation,8/345,774/27694,0.7511914451605788,0.8029128233519629,0.7246178047364341,Zm00001eb000270/Zm00001eb001840/Zm00001eb002640/Zm00001eb005360/Zm00001eb012410/Zm00001eb037660/Zm00001eb037680/Zm00001eb039550,8
GWAS_Gln_Goodman,MF,471,345,GO:0140359,ABC-type transporter activity,1/345,119/27694,0.7757445906587168,0.8277994649909711,0.7470776572973086,Zm00001eb004340,1
GWAS_Gln_Goodman,BP,471,345,GO:0098869,cellular oxidant detoxification,2/345,231/27694,0.7849937147066132,0.8363004934456075,0.7547497188183641,Zm00001eb004790/Zm00001eb040550,2
GWAS_Gln_Goodman,MF,471,345,GO:0005096,GTPase activator activity,1/345,123/27694,0.7867592451815065,0.8368140748096936,0.7552132189515964,Zm00001eb012610,1
GWAS_Gln_Goodman,MF,471,345,GO:0008017,microtubule binding,2/345,234/27694,0.790972464825778,0.839124767113925,0.7572985870466324,Zm00001eb000890/Zm00001eb007470,2
GWAS_Gln_Goodman,BP,471,345,GO:0032259,methylation,4/345,434/27694,0.7915057235813864,0.839124767113925,0.7572985870466324,Zm00001eb000190/Zm00001eb007700/Zm00001eb025020/Zm00001eb038640,4
GWAS_Gln_Goodman,MF,471,345,GO:0043565,sequence-specific DNA binding,5/345,531/27694,0.7933478241049969,0.8397123073319124,0.7578288340305764,Zm00001eb020850/Zm00001eb028820/Zm00001eb029390/Zm00001eb030990/Zm00001eb037670,5
GWAS_Gln_Goodman,BP,471,345,GO:0008380,RNA splicing,2/345,240/27694,0.8024922190834399,0.8466763763702462,0.7641138107700477,Zm00001eb016670/Zm00001eb062000,2
GWAS_Gln_Goodman,MF,471,345,GO:0005506,iron ion binding,4/345,442/27694,0.803047701416291,0.8466763763702462,0.7641138107700477,Zm00001eb002360/Zm00001eb009080/Zm00001eb010640/Zm00001eb017640,4
GWAS_Gln_Goodman,MF,471,345,GO:0020037,heme binding,5/345,539/27694,0.8038231241919974,0.8466763763702462,0.7641138107700477,Zm00001eb002360/Zm00001eb009080/Zm00001eb010640/Zm00001eb014830/Zm00001eb017640,5
GWAS_Gln_Goodman,MF,471,345,GO:0008168,methyltransferase activity,4/345,447/27694,0.8099957572294569,0.8518019898606547,0.7687396066065646,Zm00001eb000190/Zm00001eb007700/Zm00001eb025020/Zm00001eb038640,4
GWAS_Gln_Goodman,MF,471,345,GO:0008236,serine-type peptidase activity,1/345,135/27694,0.8166702708353061,0.8574380299269236,0.7738260554232328,Zm00001eb004430,1
GWAS_Gln_Goodman,BP,471,345,GO:0051707,response to other organism,1/345,138/27694,0.8234697751330617,0.8629171221360241,0.7787708609525953,Zm00001eb028010,1
GWAS_Gln_Goodman,MF,471,345,GO:0016747,"acyltransferase activity, transferring groups other than amino-acyl groups",2/345,253/27694,0.8255385116363492,0.8629171221360241,0.7787708609525953,Zm00001eb007490/Zm00001eb012650,2
GWAS_Gln_Goodman,CC,471,345,GO:0005576,extracellular region,5/345,557/27694,0.8258593316148451,0.8629171221360241,0.7787708609525953,Zm00001eb004430/Zm00001eb018730/Zm00001eb018750/Zm00001eb029720/Zm00001eb039820,5
GWAS_Gln_Goodman,BP,471,345,GO:0006470,protein dephosphorylation,1/345,140/27694,0.8278624858145724,0.863626145201762,0.7794107445395302,Zm00001eb039610,1
GWAS_Gln_Goodman,CC,471,345,GO:0009507,chloroplast,8/345,852/27694,0.8359005052832089,0.8696698478621164,0.7848651032530242,Zm00001eb005660/Zm00001eb007770/Zm00001eb014810/Zm00001eb017630/Zm00001eb028810/Zm00001eb030760/Zm00001eb030960/Zm00001eb038650,8
GWAS_Gln_Goodman,BP,471,345,GO:0045944,positive regulation of transcription by RNA polymerase II,1/345,144/27694,0.8363236113643359,0.8696698478621164,0.7848651032530242,Zm00001eb012650,1
GWAS_Gln_Goodman,MF,471,345,GO:0008270,zinc ion binding,20/345,1943/27694,0.8411455483996918,0.8731677251549069,0.7880218895085452,Zm00001eb000650/Zm00001eb000870/Zm00001eb005380/Zm00001eb005390/Zm00001eb009020/Zm00001eb009060/Zm00001eb012610/Zm00001eb016680/Zm00001eb016800/Zm00001eb019420/Zm00001eb024600/Zm00001eb029690/Zm00001eb037730/Zm00001eb038640/Zm00001eb039810/Zm00001eb041290/Zm00001eb041310/Zm00001eb042130/Zm00001eb044600/Zm00001eb056510,20
GWAS_Gln_Goodman,CC,471,345,GO:0022627,cytosolic small ribosomal subunit,1/345,147/27694,0.8423961524675303,0.8731677251549069,0.7880218895085452,Zm00001eb002640,1
GWAS_Gln_Goodman,MF,471,345,GO:0016491,oxidoreductase activity,17/345,1681/27694,0.8437050105024406,0.8731677251549069,0.7880218895085452,Zm00001eb004710/Zm00001eb004790/Zm00001eb007440/Zm00001eb009080/Zm00001eb010640/Zm00001eb017600/Zm00001eb017640/Zm00001eb020570/Zm00001eb020590/Zm00001eb021930/Zm00001eb025020/Zm00001eb028240/Zm00001eb038650/Zm00001eb039570/Zm00001eb040310/Zm00001eb040550/Zm00001eb056510,17
GWAS_Gln_Goodman,BP,471,345,GO:0043161,proteasome-mediated ubiquitin-dependent protein catabolic process,1/345,149/27694,0.8463191796474665,0.8744851111412807,0.7892108122828156,Zm00001eb044600,1
GWAS_Gln_Goodman,MF,471,345,GO:0005525,GTP binding,3/345,377/27694,0.850891290045257,0.8778182296036512,0.7922189059548613,Zm00001eb005660/Zm00001eb007810/Zm00001eb063660,3
GWAS_Gln_Goodman,BP,471,345,GO:0009451,RNA modification,2/345,273/27694,0.8563009252728445,0.8818063914028806,0.7958181672492902,Zm00001eb005350/Zm00001eb037450,2
GWAS_Gln_Goodman,BP,471,345,GO:0007165,signal transduction,4/345,487/27694,0.8586443033024734,0.8818063914028806,0.7958181672492902,Zm00001eb017510/Zm00001eb030680/Zm00001eb031340/Zm00001eb063700,4
GWAS_Gln_Goodman,CC,471,345,GO:0005681,spliceosomal complex,1/345,156/27694,0.859298618672832,0.8818063914028806,0.7958181672492902,Zm00001eb018120,1
GWAS_Gln_Goodman,CC,471,345,GO:0005783,endoplasmic reticulum,5/345,590/27694,0.8610406981436737,0.8818063914028806,0.7958181672492902,Zm00001eb002220/Zm00001eb004710/Zm00001eb008780/Zm00001eb009060/Zm00001eb030970,5
GWAS_Gln_Goodman,MF,471,345,GO:0000978,RNA polymerase II cis-regulatory region sequence-specific DNA binding,2/345,277/27694,0.861827338975926,0.8818063914028806,0.7958181672492902,Zm00001eb002350/Zm00001eb005020,2
GWAS_Gln_Goodman,MF,471,345,GO:0061630,ubiquitin protein ligase activity,4/345,491/27694,0.8628718983359476,0.8818063914028806,0.7958181672492902,Zm00001eb007780/Zm00001eb009020/Zm00001eb012430/Zm00001eb044600,4
GWAS_Gln_Goodman,MF,471,345,GO:0004252,serine-type endopeptidase activity,1/345,163/27694,0.8711847596144469,0.888657110649762,0.8020008473574701,Zm00001eb004430,1
GWAS_Gln_Goodman,MF,471,345,GO:0003924,GTPase activity,2/345,285/27694,0.8723014583065148,0.888657110649762,0.8020008473574701,Zm00001eb007810/Zm00001eb063660,2
GWAS_Gln_Goodman,BP,471,345,GO:0009733,response to auxin,1/345,179/27694,0.8947271367995067,0.9100812686322596,0.8213358559338605,Zm00001eb031700,1
GWAS_Gln_Goodman,BP,471,345,GO:0000398,"mRNA splicing, via spliceosome",1/345,185/27694,0.9024035196434299,0.9164596492328914,0.8270922568956836,Zm00001eb018120,1
GWAS_Gln_Goodman,BP,471,345,GO:0006979,response to oxidative stress,1/345,196/27694,0.9150562894140518,0.9278642312565502,0.8373847356674388,Zm00001eb017600,1
GWAS_Gln_Goodman,MF,471,345,GO:0004601,peroxidase activity,1/345,207/27694,0.9260728403676448,0.9375768508069945,0.8461502415258476,Zm00001eb040550,1
GWAS_Gln_Goodman,BP,471,345,GO:0006952,defense response,3/345,461/27694,0.9283968139449525,0.9384724382823396,0.8469584969322375,Zm00001eb002250/Zm00001eb004440/Zm00001eb010640,3
GWAS_Gln_Goodman,BP,471,345,GO:0016192,vesicle-mediated transport,2/345,354/27694,0.9365360434182558,0.9452345206017072,0.8530611834296972,Zm00001eb000860/Zm00001eb012610,2
GWAS_Gln_Goodman,BP,471,345,GO:0006974,DNA damage response,1/345,226/27694,0.9418506006408367,0.9491291987910749,0.8565760770490976,Zm00001eb026960,1
GWAS_Gln_Goodman,MF,471,345,GO:0046983,protein dimerization activity,2/345,386/27694,0.954565479725991,0.9604578592304724,0.8668000376329257,Zm00001eb002350/Zm00001eb002370,2
GWAS_Gln_Goodman,CC,471,345,GO:0005874,microtubule,1/345,271/27694,0.9670900857173594,0.9715604559132796,0.8768199787786943,Zm00001eb000890,1
GWAS_Gln_Goodman,BP,471,345,GO:0006281,DNA repair,1/345,289/27694,0.9737985678382788,0.9767948711239349,0.8815439666746525,Zm00001eb026960,1
GWAS_Gln_Goodman,BP,471,345,GO:0006511,ubiquitin-dependent protein catabolic process,1/345,298/27694,0.9766224159043992,0.9781226039472631,0.8827422273272847,Zm00001eb000550,1
GWAS_Gln_Goodman,CC,471,345,GO:0012505,endomembrane system,1/345,474/27694,0.9975054166822244,0.9975054166822244,0.900234949831068,Zm00001eb017570,1
