"pathway_id","pathway_name","n_genes","acat_p","fisher_p","tfisher_p_analytic","tau_hat","tfisher_stat_hat","minp_p_analytic","stouffer_p_analytic","magma_pvalue","omni_p_analytic","omni_p_analytic_BH","omni_p_global","omni_p_global_BH","omni_p_mvn","omni_p_mvn_BH","acat_p_mvn_cal","fisher_p_mvn_cal","tfisher_p_mvn_cal","minp_p_mvn_cal","stouffer_p_mvn_cal","omni_p_mvn_compcal","omni_p_final","omni_p_final_BH","omni_p_final_q_storey","omni_p_final_q_bky10","omni_p_final_q_ihw10","genes_used","gene_pvals_used","dominant_component","agreement_score","agreement_k","agreement_m","calibration_impact"
"PWY-5884","wax esters biosynthesis I",30,0.00181998352985926,9.35099697931754e-08,1e-15,0.05,64.7539886525078,0.00590685247805566,2.54122249416507e-07,NA,4.9960036108132e-15,1.60371715907104e-12,NA,NA,0.0003999600039996,0.0802419758024198,0.0020997900209979,0.0021997800219978,9.99900009999e-05,0.0038996100389961,0.0016998300169983,0.000424573170578924,0.0003999600039996,0.0802419758024198,0.0533907312491377,0.0807450602902092,0.0802419758024198,"AT5G22500;AT3G56700;AT3G44560;AT3G11980;AT3G60060;AT3G44550;AT3G44540;AT1G72110;AT2G38995;AT2G43255;AT3G49190;AT3G49200;AT3G49210;AT5G12420;AT5G16350;AT5G22490;AT5G53380;AT5G53390;AT5G55380;AT5G55360;AT3G51970;AT1G34490;AT5G55320;AT5G55370;AT5G55340;AT5G55330;AT5G55350;AT1G34500;AT1G34520;AT5G51420","1.457e-01;6.377e-01;3.337e-01;4.312e-01;6.244e-01;3.742e-01;2.709e-01;5.003e-01;9.322e-01;4.977e-01;9.896e-01;9.147e-01;7.619e-01;3.481e-01;8.742e-01;7.453e-01;6.892e-01;9.009e-01;1.975e-04;5.697e-04;3.710e-01;4.374e-01;9.795e-04;9.663e-04;3.121e-04;5.670e-04;3.602e-04;4.980e-01;6.112e-01;6.123e-01","tfisher_p_analytic",1,5,5,"Remains_significant"
"PWY-5064","chlorophyll <i>a</i> biosynthesis II",2,0.00416919239776084,0.0135168764521105,2.57622145838354e-10,0.01,3.18013417217718,0.00407408062484297,0.0118594929403311,NA,1.28811072919177e-09,2.06741772035279e-07,NA,NA,0.0004999500049995,0.0802419758024198,0.0041995800419958,0.0115988401159884,9.99900009999e-05,0.0041995800419958,0.0117988201179882,0.000469566871871441,0.0004999500049995,0.0802419758024198,0.0533907312491377,0.0807450602902092,0.0802419758024198,"AT1G74470;AT3G51820","2.039e-03;9.093e-01","tfisher_p_analytic",1,5,5,"Remains_significant"
"PWY-5936","xyloglucan biosynthesis",27,0.00547123721533784,0.749809580220067,0.000123402475962098,0.01,8.72262076169368,0.00343993629158868,0.250002139994878,NA,0.000582952661080993,0.0623759347356663,NA,NA,0.0016998300169983,0.181881811818818,0.0061993800619938,0.748925107489251,0.0003999600039996,0.0042995700429957,0.247375262473753,0.00172759085108748,0.0016998300169983,0.181881811818818,0.121018990831379,0.183022136657808,0.181881811818818,"AT3G28180;AT4G31590;AT4G07960;AT3G07330;AT2G24630;AT1G18690;AT4G02500;AT3G62720;AT1G74380;AT2G22900;AT4G38310;AT4G37690;AT5G07720;AT1G63450;AT1G68470;AT2G29040;AT2G31990;AT2G32740;AT2G32750;AT4G13990;AT4G22580;AT5G41250;AT5G62220;AT2G20370;AT1G74420;AT2G03210;AT2G03220","2.791e-01;9.317e-01;8.593e-01;3.976e-01;9.996e-01;4.332e-01;7.152e-01;7.613e-01;7.613e-02;3.407e-01;3.526e-01;7.483e-01;8.168e-01;5.759e-01;7.558e-01;4.278e-01;8.157e-01;8.882e-01;8.478e-01;7.977e-01;4.808e-01;9.225e-01;9.282e-01;8.944e-01;1.276e-04;4.271e-01;3.405e-01","tfisher_p_analytic",0.6,3,5,"Remains_significant"
"PWY-5084","2-oxoglutarate decarboxylation to succinyl-CoA",7,0.0171384739845771,0.0811108037620284,0.000752266333025942,0.01,2.79258309001495,0.0171977984870572,0.143964566540728,NA,0.00341464951299891,0.21922049873453,NA,NA,0.0037996200379962,0.304919508049195,0.01999800019998,0.0778922107789221,0.0007999200079992,0.0196980301969803,0.145685431456854,0.00365021523291703,0.0037996200379962,0.304919508049195,0.202884778746723,0.306831229102795,0.304919508049195,"AT3G17240;AT3G16950;AT4G16155;AT4G26910;AT5G55070;AT5G65750;AT3G55410","5.532e-01;6.150e-01;4.622e-01;1.311e-01;2.475e-03;5.954e-01;5.836e-01","tfisher_p_analytic",0.6,3,5,"Remains_significant"
"PWY-622","starch biosynthesis",23,0.00877520988926049,0.555732562324431,0.000758859878281726,0.01,6.55997592340155,0.00861887466102679,0.102811072894348,NA,0.00321218784424182,0.21922049873453,NA,NA,0.005999400059994,0.385161483851615,0.0077992200779922,0.555144485551445,0.0015998400159984,0.0076992300769923,0.118288171182882,0.00561349281984014,0.005999400059994,0.385161483851615,0.256275509995861,0.387576289393004,0.385161483851615,"AT5G51820;AT1G70820;AT5G17530;AT1G70730;AT1G23190;AT5G42740;AT4G24620;AT2G39930;AT1G03310;AT1G32900;AT5G03650;AT2G36390;AT5G24300;AT3G01180;AT4G18240;AT1G11720;AT5G65685;AT1G05610;AT5G48300;AT5G19220;AT4G39210;AT2G21590;AT1G27680","5.595e-01;8.897e-01;7.456e-01;9.001e-01;5.200e-01;9.116e-01;4.955e-01;2.655e-01;7.946e-01;4.163e-01;3.589e-01;7.155e-01;3.763e-04;6.367e-01;4.887e-01;2.554e-01;4.103e-01;4.705e-01;8.420e-01;8.151e-01;3.259e-01;2.517e-01;4.812e-01","tfisher_p_analytic",0.6,3,5,"Remains_significant"
"PWY-7193","pyrimidine ribonucleosides salvage I",18,0.0133423668432244,0.469953885185807,0.00133013393902781,0.01,5.22410445908341,0.0131270102985136,0.607202249713666,NA,0.0055424433654343,0.296520720050735,NA,NA,0.0080991900809919,0.433306669333067,0.0137986201379862,0.461453854614539,0.0018998100189981,0.0133986601339866,0.608439156084392,0.00743197236807369,0.0080991900809919,0.433306669333067,0.288309948745344,0.43602332556713,0.433306669333067,"AT4G26510;AT3G27440;AT3G27190;AT1G03030;AT1G55810;AT5G40870;AT1G26190;AT1G73980;AT2G01460;AT4G29600;AT4G29620;AT4G29640;AT4G29570;AT4G29630;AT4G29650;AT4G29610;AT4G29580;AT2G19570","1.157e-01;7.196e-01;7.312e-01;4.470e-01;5.888e-01;6.073e-01;4.145e-01;7.338e-04;6.582e-01;6.693e-01;5.788e-01;8.450e-01;3.238e-01;6.960e-01;8.369e-01;3.615e-01;5.717e-01;6.211e-01","tfisher_p_analytic",0.6,3,5,"Remains_significant"
"PWY-7343","UDP-&alpha;-D-glucose biosynthesis I",10,0.0348612864403876,0.225772218070314,0.0202356115210472,0.1,8.69489283833771,0.0341427057685569,0.056482142477785,NA,0.0387851164056404,0.999999464264005,NA,NA,0.0457954204579542,0.803825456870371,0.0351964803519648,0.228477152284772,0.0285971402859714,0.0335966403359664,0.0644935506449355,0.0444650956046969,0.0457954204579542,0.803825456870371,0.534842624571654,0.808865114907176,0.803825456870371,"AT5G51820;AT1G70820;AT5G17530;AT1G70730;AT1G23190;AT3G56040;AT5G17310;AT3G03250;AT2G35020;AT5G52560","5.595e-01;8.897e-01;7.456e-01;9.001e-01;5.200e-01;7.443e-01;3.618e-01;8.353e-01;3.468e-03;3.731e-02","tfisher_p_analytic",0.6,3,5,"Remains_significant"
"PWY-4","UDP-&alpha;-D-galacturonate biosynthesis II (from D-galacturonate)",2,0.0710448989534825,0.0779099761059759,0.566781488783598,0.05,0.585351562782084,0.0732341303208497,0.0194283167781017,NA,0.0546618729452992,0.999999464264005,NA,NA,0.0468953104689531,0.803825456870371,0.074992500749925,0.0778922107789221,0.187281271872813,0.0752924707529247,0.018998100189981,0.0516343243905081,0.0468953104689531,0.803825456870371,0.534842624571654,0.808865114907176,0.803825456870371,"AT3G10700;AT5G52560","4.015e-01;3.731e-02","stouffer_p_analytic",0.2,1,5,"Nonsig_to_significant"
"PWY-5863","superpathway of phylloquinol biosynthesis",15,0.0370707597898505,0.629056026708911,0.0113130434874686,0.01,3.18013417217718,0.0301540332491802,0.57763776997905,NA,0.0340821670345609,0.999999464264005,NA,NA,0.0511948805119488,0.803825456870371,0.0391960803919608,0.624337566243376,0.0196980301969803,0.0331966803319668,0.572742725727427,0.0476822935210031,0.0511948805119488,0.803825456870371,0.534842624571654,0.808865114907176,0.803825456870371,"AT4G38460;AT3G14530;AT3G14510;AT1G17050;AT1G78510;AT3G59380;AT4G36810;AT2G23800;AT3G14550;AT2G18640;AT3G20160;AT3G29430;AT2G18620;AT1G49530;AT1G74470","5.395e-01;8.108e-01;9.014e-01;7.680e-01;9.543e-01;3.507e-01;3.835e-01;3.248e-01;8.308e-01;8.504e-01;2.517e-01;8.496e-01;9.743e-01;3.823e-01;2.039e-03","tfisher_p_analytic",0.6,3,5,"Significant_to_nonsig"
"PWY-6122","5-aminoimidazole ribonucleotide biosynthesis II",7,0.044397509544976,0.158415293971153,0.119882470147204,0.01,1.02595670657808,0.0411643970630272,0.0357422411777067,NA,0.0561503535176109,0.999999464264005,NA,NA,0.0570942905709429,0.803825456870371,0.0451954804519548,0.161483851614839,0.135986401359864,0.040995900409959,0.0360963903609639,0.057263057309419,0.0570942905709429,0.803825456870371,0.534842624571654,0.808865114907176,0.803825456870371,"AT1G31220;AT3G55010;AT1G74260;AT1G09830;AT4G38880;AT4G34740;AT2G16570","5.361e-01;7.002e-01;5.987e-03;8.897e-01;9.063e-01;9.367e-02;4.043e-01","stouffer_p_analytic",0.6,3,5,"Remains_nonsignificant"
"PWY-6121","5-aminoimidazole ribonucleotide biosynthesis I",7,0.044397509544976,0.158415293971153,0.11985896120398,0.01,1.02595670657808,0.0411643970630272,0.0357422411777067,NA,0.0561492828559819,0.999999464264005,NA,NA,0.0574942505749425,0.803825456870371,0.043995600439956,0.154884511548845,0.140685931406859,0.0411958804119588,0.0353964603539646,0.0565812693340454,0.0574942505749425,0.803825456870371,0.534842624571654,0.808865114907176,0.803825456870371,"AT3G55010;AT1G74260;AT1G31220;AT1G09830;AT4G38880;AT4G34740;AT2G16570","7.002e-01;5.987e-03;5.361e-01;8.897e-01;9.063e-01;9.367e-02;4.043e-01","stouffer_p_analytic",0.6,3,5,"Remains_nonsignificant"
"PWY-6287","neurosporene biosynthesis",3,0.0486554251373092,0.162368576978793,0.548885679187174,0.05,2.7353685814491,0.0377199514610605,0.0781741047549084,NA,0.0761051369794926,0.999999464264005,NA,NA,0.0642935706429357,0.803825456870371,0.0474952504749525,0.161683831616838,0.264973502649735,0.0363963603639636,0.0777922207779222,0.0708975492090641,0.0642935706429357,0.803825456870371,0.534842624571654,0.808865114907176,0.803825456870371,"AT5G17230;AT4G14210;AT3G04870","1.273e-02;8.732e-01;9.016e-01","minp_p_analytic",0.4,2,5,"Remains_nonsignificant"
"PWY-6623","salicylate glucosides biosynthesis II",2,0.0941412192576089,0.11679048839528,0.642699428568677,0.05,0.0977545217302627,0.0929626219417214,0.0319610118305443,NA,0.0833552702330947,0.999999464264005,NA,NA,0.0666933306669333,0.803825456870371,0.0974902509749025,0.118488151184882,0.18958104189581,0.0965903409659034,0.0330966903309669,0.0780702302362066,0.0666933306669333,0.803825456870371,0.534842624571654,0.808865114907176,0.803825456870371,"AT3G21750;AT1G73880","5.226e-01;4.761e-02","stouffer_p_analytic",0.2,1,5,"Remains_nonsignificant"
"UDPNACETYLGALSYN-PWY","UDP-<i>N</i>-acetyl-D-glucosamine biosynthesis II",13,0.0485769874812602,0.554401070047411,0.0443413534590298,0.01,2.11807672844765,0.0441563635317955,0.555926297889242,NA,0.0763427507186777,0.999999464264005,NA,NA,0.0868913108689131,0.803825456870371,0.0498950104989501,0.559444055594441,0.0628937106289371,0.0455954404559544,0.553544645535446,0.0867177685061348,0.0868913108689131,0.803825456870371,0.534842624571654,0.808865114907176,0.803825456870371,"AT4G37840;AT3G20040;AT1G50460;AT1G47840;AT2G19860;AT4G29130;AT5G42740;AT4G24620;AT2G35020;AT1G31070;AT5G18070;AT5G15770;AT3G24090","7.997e-01;5.419e-01;3.910e-01;5.748e-01;7.022e-01;5.836e-01;9.116e-01;4.955e-01;3.468e-03;8.287e-01;5.554e-01;3.314e-01;5.335e-01","minp_p_analytic",0.6,3,5,"Remains_nonsignificant"
"PYRIDNUCSYN-PWY","NAD <i>de novo</i> biosynthesis I (from aspartate)",5,0.0590917219163946,0.0913645682038902,0.563538577426974,0.05,2.75083182101146,0.0616067990842307,0.114440244400915,NA,0.0948897270179601,0.999999464264005,NA,NA,0.0876912308769123,0.803825456870371,0.0583941605839416,0.0920907909209079,0.407559244075592,0.061993800619938,0.12028797120288,0.0929316794096951,0.0876912308769123,0.803825456870371,0.534842624571654,0.808865114907176,0.803825456870371,"AT5G14760;AT5G50210;AT2G01350;AT1G55090;AT5G55810","2.271e-01;3.830e-01;5.592e-01;4.698e-01;1.264e-02","acat_p",0,0,5,"Remains_nonsignificant"
"PWY-6066","IAA biosynthesis VII",2,0.14472959785899,0.18870462634783,0.665970419825476,0.1,0.995911535418919,0.117860497668677,0.0618369907133292,NA,0.140128223437704,0.999999464264005,NA,NA,0.0940905909409059,0.803825456870371,0.152284771522848,0.195880411958804,0.198180181981802,0.118088191180882,0.0584941505849415,0.119498563153531,0.0940905909409059,0.803825456870371,0.534842624571654,0.808865114907176,0.803825456870371,"AT3G06810;AT4G05530","7.626e-01;6.078e-02","stouffer_p_analytic",0,0,5,"Remains_nonsignificant"
"PWY-82","UDP-&beta;-L-arabinose biosynthesis II (from &beta;-L-arabinose)",3,0.640836539736888,0.193898862124348,0.590312213576383,0.05,0.585351562782084,0.107814733079611,0.0402706772995572,NA,0.131889918696596,0.999999464264005,NA,NA,0.1004899510049,0.803825456870371,0.64973502649735,0.18978102189781,0.272272772722728,0.106189381061894,0.0371962803719628,0.114950958152864,0.1004899510049,0.803825456870371,0.534842624571654,0.808865114907176,0.803825456870371,"AT3G42850;AT4G16130;AT5G52560","3.649e-01;9.694e-01;3.731e-02","stouffer_p_analytic",0.2,1,5,"Remains_nonsignificant"
"PWYQT-4466","superpathway of sucrose and starch metabolism I (non-photosynthetic tissue)",17,0.0650697533946557,0.627686865294907,0.0811111918538007,0.01,2.11807672844765,0.0573465989568668,0.237750544428856,NA,0.103646759187013,0.999999464264005,NA,NA,0.107789221077892,0.803825456870371,0.0627937206279372,0.633036696330367,0.10998900109989,0.0522947705229477,0.250774922507749,0.106624826520296,0.107789221077892,0.803825456870371,0.534842624571654,0.808865114907176,0.803825456870371,"AT3G56040;AT5G17310;AT3G03250;AT2G35020;AT5G52560;AT5G51820;AT1G70820;AT5G17530;AT1G70730;AT1G23190;AT3G01590;AT3G61610;AT4G23730;AT4G25900;AT5G14500;AT5G57330;AT5G66530","7.443e-01;3.618e-01;8.353e-01;3.468e-03;3.731e-02;5.595e-01;8.897e-01;7.456e-01;9.001e-01;5.200e-01;9.345e-01;5.068e-01;9.025e-01;6.304e-01;6.395e-01;6.403e-01;3.767e-01","minp_p_analytic",0,0,5,"Remains_nonsignificant"
"PWY-5530","sorbitol biosynthesis II",2,0.261611090010968,0.275791588818229,0.717107188234379,0.1,0.0321401650157529,0.187127962063752,0.0871009978105278,NA,0.220348305618524,0.999999464264005,NA,NA,0.126987301269873,0.803825456870371,0.264173582641736,0.278072192780722,0.191380861913809,0.188281171882812,0.0868913108689131,0.173084417011966,0.126987301269873,0.803825456870371,0.534842624571654,0.808865114907176,0.803825456870371,"AT2G16790;AT3G20790","7.879e-01;9.841e-02","stouffer_p_analytic",0,0,5,"Remains_nonsignificant"
"PWY-6477","gibberellin inactivation II (methylation)",3,0.166235364690581,0.122823044196354,0.739652302628011,0.01,0,0.301541470846751,0.0841790589661946,NA,0.18381041087654,0.999999464264005,NA,NA,0.133486651334867,0.803825456870371,0.171082891710829,0.128287171282872,0.277872212778722,0.307769223077692,0.0902909709029097,0.16168414348722,0.133486651334867,0.803825456870371,0.534842624571654,0.808865114907176,0.803825456870371,"AT5G56300;AT4G26460;AT4G26420","4.648e-01;1.258e-01;1.127e-01","stouffer_p_analytic",0,0,5,"Remains_nonsignificant"
"PWY-6235","hydroxyjasmonate sulfate biosynthesis",2,0.37103032117577,0.41063481223728,0.721595963608101,0.01,0,0.564250460159551,0.896823915264454,NA,0.685667866953321,0.999999464264005,NA,NA,0.133786621337866,0.803825456870371,0.374062593740626,0.375262473752625,0.133786621337866,0.417958204179582,0.813018698130187,0.388314302727751,0.133786621337866,0.803825456870371,0.534842624571654,0.808865114907176,0.803825456870371,"AT5G07000;AT5G07010","4.050e-01;3.399e-01","acat_p",0,0,5,"Remains_nonsignificant"
"CAROTENOID-PWY","superpathway of carotenoid biosynthesis in plants",3,0.292733687077824,0.206316846104747,0.563697231922497,0.05,0.960702421822944,0.0899448205440888,0.206480548324789,NA,0.205377439366309,0.999999464264005,NA,NA,0.143985601439856,0.803825456870371,0.286371362863714,0.200979902009799,0.265573442655734,0.0838916108389161,0.206279372062794,0.176121881462874,0.143985601439856,0.803825456870371,0.534842624571654,0.808865114907176,0.803825456870371,"AT4G25700;AT5G52570;AT5G57030","9.604e-01;3.093e-02;4.900e-01","minp_p_analytic",0,0,5,"Remains_nonsignificant"
"PWY-7177","UTP and CTP dephosphorylation II",10,0.240297763183503,0.531665971289285,0.382963996902653,0.01,0.475216275154146,0.0761113110185126,0.0834738707821013,NA,0.15881221916475,0.999999464264005,NA,NA,0.15008499150085,0.803825456870371,0.235476452354765,0.528047195280472,0.399460053994601,0.0731926807319268,0.0826917308269173,0.156049640914136,0.15008499150085,0.803825456870371,0.534842624571654,0.808865114907176,0.803825456870371,"AT1G14240;AT1G14230;AT4G19180;AT1G14250;AT2G02970;AT4G20320;AT2G34890;AT1G30820;AT3G12670;AT4G02120","7.735e-01;9.876e-01;2.343e-01;6.414e-01;3.530e-01;7.372e-01;7.885e-03;5.261e-01;7.740e-01;8.416e-01","minp_p_analytic",0,0,5,"Remains_nonsignificant"
"PWY-6799","fatty acid biosynthesis (plant mitochondria)",2,0.263526116666346,0.275321079393449,0.7215957404941,0.01,0,0.309409204949301,0.327244086505586,NA,0.366967835065323,0.999999464264005,NA,NA,0.152484751524848,0.803825456870371,0.269073092690731,0.28047195280472,0.192780721927807,0.311368863113689,0.324867513248675,0.268773709760675,0.152484751524848,0.803825456870371,0.534842624571654,0.808865114907176,0.803825456870371,"AT2G30200;AT2G04540","4.577e-01;1.690e-01","acat_p",0,0,5,"Remains_nonsignificant"
"PWY-5036","gibberellin biosynthesis II (early C-3 hydroxylation)",2,0.446312272661907,0.447492344546208,0.721595832542999,0.01,0,0.3800131344361,0.259532920388547,NA,0.447098604605055,0.999999464264005,NA,NA,0.154384561543846,0.803825456870371,0.45035496450355,0.449455054494551,0.191780821917808,0.384361563843616,0.256374362563744,0.322780557262413,0.154384561543846,0.803825456870371,0.534842624571654,0.808865114907176,0.803825456870371,"AT4G25420;AT1G15550","7.380e-01;2.126e-01","stouffer_p_analytic",0,0,5,"Remains_nonsignificant"
"PWY-6233","jasmonoyl-amino acid conjugates biosynthesis II",2,0.592901597186758,0.551531854859975,0.721596119150947,0.01,0,0.467016865691869,0.171298530194528,NA,0.469551314635602,0.999999464264005,NA,NA,0.155284471552845,0.803825456870371,0.598140185981402,0.551544845515448,0.18998100189981,0.463753624637536,0.165083491650835,0.334791430286078,0.155284471552845,0.803825456870371,0.534842624571654,0.808865114907176,0.803825456870371,"AT4G03400;AT2G46370","8.111e-01;2.699e-01","stouffer_p_analytic",0,0,5,"Remains_nonsignificant"
"PWY-6220","jasmonoyl-amino acid conjugates biosynthesis I",2,0.592901597186758,0.551531854859975,0.721595917024919,0.01,0,0.467016865691869,0.171298530194528,NA,0.469551246600455,0.999999464264005,NA,NA,0.160983901609839,0.803825456870371,0.593240675932407,0.552844715528447,0.195480451954805,0.46945305469453,0.175682431756824,0.343904837160285,0.160983901609839,0.803825456870371,0.534842624571654,0.808865114907176,0.803825456870371,"AT4G03400;AT2G46370","8.111e-01;2.699e-01","stouffer_p_analytic",0,0,5,"Remains_nonsignificant"
"ARGDEG-V-PWY","L-arginine degradation X (arginine monooxygenase pathway)",2,0.597411325400138,0.697275009067837,0.721595882681528,0.01,0,0.725398498621921,0.21760654076325,NA,0.592424595902184,0.999999464264005,NA,NA,0.164183581641836,0.803825456870371,0.598040195980402,0.699130086991301,0.187581241875812,0.727727227277272,0.215578442155784,0.447648215687972,0.164183581641836,0.803825456870371,0.534842624571654,0.808865114907176,0.803825456870371,"AT2G16500;AT4G34710","6.960e-01;4.760e-01","stouffer_p_analytic",0,0,5,"Remains_nonsignificant"
"PWY-4381","fatty acid biosynthesis initiation I",2,0.40480025631871,0.459222450695705,0.721596120171525,0.01,0,0.586224609293898,0.880349184427506,NA,0.681676087230931,0.999999464264005,NA,NA,0.168183181681832,0.803825456870371,0.399060093990601,0.453454654534547,0.187881211878812,0.582241775822418,0.883511648835116,0.557030096086891,0.168183181681832,0.803825456870371,0.534842624571654,0.808865114907176,0.803825456870371,"AT1G62640;AT2G30200","3.567e-01;4.577e-01","acat_p",0,0,5,"Remains_nonsignificant"
"PWY-5079","L-phenylalanine degradation III",8,0.191992843734407,0.250284239598332,0.609658978455068,0.05,1.4619756679711,0.177106861487247,0.0543420416186934,NA,0.15421968899686,0.999999464264005,NA,NA,0.168683131686831,0.803825456870371,0.194780521947805,0.260773922607739,0.517848215178482,0.159484051594841,0.0876912308769123,0.183947382633927,0.168683131686831,0.803825456870371,0.534842624571654,0.808865114907176,0.803825456870371,"AT5G53970;AT1G62960;AT1G70560;AT5G51690;AT4G33070;AT5G01330;AT5G54960;AT5G01320","3.223e-01;6.905e-01;1.948e-01;9.186e-01;5.939e-01;3.008e-01;2.407e-02;3.644e-01","stouffer_p_analytic",0,0,5,"Remains_nonsignificant"
"PWY-5034","GA<sub>12</sub> biosynthesis",3,0.420381965228526,0.373170565301847,0.681246196550763,0.1,1.08736245524176,0.164264681817413,0.110566398456282,NA,0.264600754099432,0.999999464264005,NA,NA,0.171282871712829,0.803825456870371,0.411958804119588,0.368663133686631,0.269473052694731,0.161283871612839,0.115188481151885,0.219854316357025,0.171282871712829,0.803825456870371,0.534842624571654,0.808865114907176,0.803825456870371,"AT2G32440;AT1G05160;AT5G25900","5.806e-02;7.419e-01;9.161e-01","stouffer_p_analytic",0,0,5,"Remains_nonsignificant"
"PWY-6619","adenine and adenosine salvage VI",2,0.668760561905439,0.798427997262015,0.721596486652865,0.01,0,0.845712061315945,0.54344598600197,NA,0.744178218249625,0.999999464264005,NA,NA,0.171682831716828,0.803825456870371,0.66993300669933,0.800819918008199,0.188381161883812,0.846915308469153,0.545145485451455,0.649946053259119,0.171682831716828,0.803825456870371,0.534842624571654,0.808865114907176,0.803825456870371,"AT3G09820;AT5G03300","7.190e-01;6.072e-01","stouffer_p_analytic",0,0,5,"Remains_nonsignificant"
"PWY-6890","4-amino-2-methyl-5-diphosphomethylpyrimidine biosynthesis",2,0.501077092513645,0.594820786074461,0.721595981555224,0.01,0,0.700713760727068,0.830025450560663,NA,0.69725957593843,0.999999464264005,NA,NA,0.171982801719828,0.803825456870371,0.505249475052495,0.598440155984402,0.19028097190281,0.705229477052295,0.825217478252175,0.578197489610413,0.171982801719828,0.803825456870371,0.534842624571654,0.808865114907176,0.803825456870371,"AT2G29630;AT1G22940","4.529e-01;5.492e-01","acat_p",0,0,5,"Remains_nonsignificant"
"PWY4FS-12","VTC2 cycle",2,0.807147908529387,0.843784974026815,0.721596031750387,0.01,0,0.805656150448617,0.696182653847327,NA,0.786165461868326,0.999999464264005,NA,NA,0.173582641735826,0.803825456870371,0.808219178082192,0.842615738426157,0.186881311868813,0.802819718028197,0.693330666933307,0.710985593944112,0.173582641735826,0.803825456870371,0.534842624571654,0.808865114907176,0.803825456870371,"AT5G28840;AT4G26850","8.871e-01;5.592e-01","stouffer_p_analytic",0,0,5,"Remains_nonsignificant"
"PWY-7856","heme <i>a</i> biosynthesis",2,0.679943204018142,0.774311386249914,0.721596117321214,0.01,0,0.775043036252352,0.741750149331039,NA,0.742056994659096,0.999999464264005,NA,NA,0.174982501749825,0.803825456870371,0.678832116788321,0.778422157784222,0.191980801919808,0.777922207779222,0.737526247375263,0.64715593371442,0.174982501749825,0.803825456870371,0.534842624571654,0.808865114907176,0.803825456870371,"AT5G56090;AT2G44520","5.257e-01;7.773e-01","acat_p",0,0,5,"Remains_nonsignificant"
"PWY-6938","NADH repair",2,0.633666483058067,0.765409740511692,0.721595935663416,0.01,0,0.84065592137092,0.750918275386115,NA,0.756782737205349,0.999999464264005,NA,NA,0.175682431756824,0.803825456870371,0.636836316368363,0.767923207679232,0.191580841915808,0.842615738426157,0.756324367563244,0.672842786839847,0.175682431756824,0.803825456870371,0.534842624571654,0.808865114907176,0.803825456870371,"AT5G49970;AT5G19150","6.008e-01;6.637e-01","acat_p",0,0,5,"Remains_nonsignificant"
"XYLCAT-PWY","D-xylose degradation I",2,0.676659865242519,0.815526645427931,0.72159522525184,0.01,0,0.893877507410889,0.501861266253278,NA,0.775608054577376,0.999999464264005,NA,NA,0.175882411758824,0.803825456870371,0.67033296670333,0.814818518148185,0.186881311868813,0.894910508949105,0.509149085091491,0.696830461708414,0.175882411758824,0.803825456870371,0.534842624571654,0.808865114907176,0.803825456870371,"AT5G57655;AT5G49650","6.742e-01;6.791e-01","stouffer_p_analytic",0,0,5,"Remains_nonsignificant"
"PWY-5995","linoleate biosynthesis I (plants)",2,0.41677171734343,0.477112798355246,0.721595993997351,0.01,0,0.619491417256885,0.874517229381836,NA,0.685431905440991,0.999999464264005,NA,NA,0.176082391760824,0.803825456870371,0.424857514248575,0.486151384861514,0.194380561943806,0.626537346265373,0.864213578642136,0.557137741627067,0.176082391760824,0.803825456870371,0.534842624571654,0.808865114907176,0.803825456870371,"AT4G30950;AT3G12120","4.524e-01;3.831e-01","acat_p",0,0,5,"Remains_nonsignificant"
"PWY-6668","(<i>E,E</i>)-4,8,12-trimethyltrideca-1,3,7,11-tetraene biosynthesis",2,0.724767496962574,0.76963458838126,0.721596465090693,0.01,0,0.732554810135106,0.739898181856385,NA,0.738619655829541,0.999999464264005,NA,NA,0.176682331766823,0.803825456870371,0.727827217278272,0.77042295770423,0.192380761923808,0.734526547345265,0.742325767423258,0.643429746901324,0.176682331766823,0.803825456870371,0.534842624571654,0.808865114907176,0.803825456870371,"AT3G25180;AT1G61120","8.355e-01;4.828e-01","tfisher_p_analytic",0,0,5,"Remains_nonsignificant"
"PWY4FS-13","extended VTC2 cycle",2,0.807147908529387,0.843784974026815,0.721596314740782,0.01,0,0.805656150448617,0.696182653847327,NA,0.786165499105417,0.999999464264005,NA,NA,0.176682331766823,0.803825456870371,0.816118388161184,0.845015498450155,0.191380861913809,0.807819218078192,0.694530546945305,0.719219577806847,0.176682331766823,0.803825456870371,0.534842624571654,0.808865114907176,0.803825456870371,"AT5G28840;AT4G26850","8.871e-01;5.592e-01","stouffer_p_analytic",0,0,5,"Remains_nonsignificant"
"PWY0-1535","D-serine degradation",2,0.95139492698827,0.873021133749192,0.721596052024815,0.01,0,0.80124774486739,0.329891716127624,NA,0.858560487666949,0.999999464264005,NA,NA,0.178082191780822,0.803825456870371,0.954104589541046,0.873912608739126,0.18988101189881,0.806119388061194,0.33026697330267,0.833156250900305,0.178082191780822,0.803825456870371,0.534842624571654,0.808865114907176,0.803825456870371,"AT3G20390;AT4G11640","5.542e-01;9.752e-01","stouffer_p_analytic",0,0,5,"Remains_nonsignificant"
"PWY-6064","methylquercetin biosynthesis",2,0.92437262219665,0.808353049001196,0.721595878092412,0.01,0,0.715321107595775,0.708340855467437,NA,0.822023268777999,0.999999464264005,NA,NA,0.178482151784822,0.803825456870371,0.926007399260074,0.804819518048195,0.191780821917808,0.713828617138286,0.71012898710129,0.772523687427693,0.178482151784822,0.803825456870371,0.534842624571654,0.808865114907176,0.803825456870371,"AT4G26220;AT5G54160","4.664e-01;9.621e-01","stouffer_p_analytic",0,0,5,"Remains_nonsignificant"
"HEXPPSYN-PWY","hexaprenyl diphosphate biosynthesis",2,0.922388749917175,0.960653665081768,0.721595988908361,0.01,0,0.946182132127772,0.598354131556062,NA,0.918426093328401,0.999999464264005,NA,NA,0.178982101789821,0.803825456870371,0.915108489151085,0.956804319568043,0.185781421857814,0.942605739426057,0.598540145985402,0.899308487217964,0.178982101789821,0.803825456870371,0.534842624571654,0.808865114907176,0.803825456870371,"AT1G17050;AT1G78510","7.680e-01;9.543e-01","stouffer_p_analytic",0,0,5,"Remains_nonsignificant"
"PWY-5032","<i>ent</i>-kaurene biosynthesis I",2,0.728701014064334,0.861012016135519,0.721596372077146,0.01,0,0.897245181600754,0.533135003117233,NA,0.801418203882821,0.999999464264005,NA,NA,0.17988201179882,0.803825456870371,0.734626537346265,0.863313668633137,0.193480651934807,0.8999100089991,0.537446255374463,0.745059218867971,0.17988201179882,0.803825456870371,0.534842624571654,0.808865114907176,0.803825456870371,"AT1G79460;AT4G02780","6.794e-01;7.675e-01","stouffer_p_analytic",0,0,5,"Remains_nonsignificant"
"PWY-2901","cytokinins 9-<i>N</i>-glucoside biosynthesis",3,0.72627185955258,0.921762979251765,0.739651502198543,0.01,0,0.967800393252627,0.381663100437846,NA,0.899127975980027,0.999999464264005,NA,NA,0.181081891810819,0.803825456870371,0.726827317268273,0.848115188481152,0.193080691930807,0.904109589041096,0.413458654134587,0.72596641591648,0.181081891810819,0.803825456870371,0.534842624571654,0.808865114907176,0.803825456870371,"AT3G55700;AT5G05860;AT5G05870","7.820e-01;6.978e-01;6.819e-01","stouffer_p_analytic",0,0,5,"Remains_nonsignificant"
"PWY-7618","ricinoleate biosynthesis",2,0.813209680263957,0.904756997884505,0.72159647683002,0.01,0,0.900173221330843,0.65598007842537,NA,0.84151158427258,0.999999464264005,NA,NA,0.182181781821818,0.803825456870371,0.813818618138186,0.904809519048095,0.195180481951805,0.9003099690031,0.661733826617338,0.802081181782659,0.182181781821818,0.803825456870371,0.534842624571654,0.808865114907176,0.803825456870371,"AT1G13560;AT3G25585","6.840e-01;8.722e-01","stouffer_p_analytic",0,0,5,"Remains_nonsignificant"
"PWY-5783","octaprenyl diphosphate biosynthesis",2,0.922388749917175,0.960653665081768,0.72159604173804,0.01,0,0.946182132127772,0.598354131556062,NA,0.918426094481437,0.999999464264005,NA,NA,0.183581641835816,0.803825456870371,0.923807619238076,0.962503749625037,0.190980901909809,0.946705329467053,0.586341365863414,0.910347528710748,0.183581641835816,0.803825456870371,0.534842624571654,0.808865114907176,0.803825456870371,"AT1G17050;AT1G78510","7.680e-01;9.543e-01","stouffer_p_analytic",0,0,5,"Remains_nonsignificant"
"PWY-1801","formaldehyde oxidation II (glutathione-dependent)",2,0.973874145436176,0.99674472051423,0.721595921570251,0.01,0,0.995868320098374,0.471486013634726,NA,0.991523619406274,0.999999464264005,NA,NA,0.183781621837816,0.803825456870371,0.974902509749025,0.996700329967003,0.184481551844816,0.995500449955005,0.467353264673533,0.991072469440483,0.183781621837816,0.803825456870371,0.534842624571654,0.808865114907176,0.803825456870371,"AT5G43940;AT2G41530","9.357e-01;9.836e-01","stouffer_p_analytic",0,0,5,"Remains_nonsignificant"
"PWY-7468","benzoyl-&beta;-<i>D</i>-glucopyranose biosynthesis",2,0.813400962754474,0.933730432565594,0.721595810576859,0.01,0,0.957436266471928,0.631838195168525,NA,0.897255656650933,0.999999464264005,NA,NA,0.185481451854815,0.803825456870371,0.816518348165183,0.935606439356064,0.192880711928807,0.96010398960104,0.627037296270373,0.885766391678847,0.185481451854815,0.803825456870371,0.534842624571654,0.808865114907176,0.803825456870371,"AT2G43820;AT2G43840","8.300e-01;7.937e-01","stouffer_p_analytic",0,0,5,"Remains_nonsignificant"
"PWY-6475","<i>trans</i>-lycopene biosynthesis II (oxygenic phototrophs and green sulfur bacteria)",7,0.135747529462107,0.534117839579179,0.576884545341656,0.05,2.7353685814491,0.0858093187836967,0.194708183284629,NA,0.199781580231573,0.999999464264005,NA,NA,0.186181381861814,0.803825456870371,0.143785621437856,0.536346365363464,0.531846815318468,0.0894910508949105,0.19028097190281,0.202321816942464,0.186181381861814,0.803825456870371,0.534842624571654,0.808865114907176,0.803825456870371,"AT3G09580;AT4G14210;AT3G04870;AT1G57770;AT1G06820;AT5G17230;AT1G10830","8.869e-01;8.732e-01;9.016e-01;8.198e-01;4.101e-01;1.273e-02;5.276e-01","minp_p_analytic",0,0,5,"Remains_nonsignificant"
"PWY-7238","sucrose biosynthesis II",28,0.169553116636158,0.668626068672726,0.184612767797182,0.01,2.11807672844765,0.0926887430712792,0.154397326520442,NA,0.180140408513921,0.999999464264005,NA,NA,0.188181181881812,0.803825456870371,0.162983701629837,0.670832916708329,0.242075792420758,0.0900909909009099,0.166983301669833,0.189107211829925,0.188181181881812,0.803825456870371,0.534842624571654,0.808865114907176,0.803825456870371,"AT4G37840;AT3G20040;AT1G50460;AT1G47840;AT2G19860;AT4G29130;AT5G51820;AT1G70820;AT5G17530;AT1G70730;AT1G23190;AT5G42740;AT4G24620;AT3G56040;AT5G17310;AT3G03250;AT2G35020;AT5G52560;AT3G46970;AT2G40840;AT1G51420;AT3G52340;AT3G54270;AT2G35840;AT5G11110;AT1G04920;AT5G20280;AT4G10120","7.997e-01;5.419e-01;3.910e-01;5.748e-01;7.022e-01;5.836e-01;5.595e-01;8.897e-01;7.456e-01;9.001e-01;5.200e-01;9.116e-01;4.955e-01;7.443e-01;3.618e-01;8.353e-01;3.468e-03;3.731e-02;8.189e-01;2.718e-01;7.650e-01;9.930e-01;3.471e-01;8.857e-01;1.260e-01;2.726e-02;7.351e-01;7.487e-01","minp_p_analytic",0,0,5,"Remains_nonsignificant"
"HOMOCYSDEGR-PWY","L-cysteine biosynthesis III (from L-homocysteine)",3,0.281334790439893,0.331712045640768,0.739652305341156,0.01,0,0.30876757781443,0.192541781198212,NA,0.347407695960527,0.999999464264005,NA,NA,0.188481151884812,0.803825456870371,0.274672532746725,0.324167583241676,0.267273272672733,0.305169483051695,0.192580741925807,0.266129003408215,0.188481151884812,0.803825456870371,0.534842624571654,0.808865114907176,0.803825456870371,"AT3G62130;AT5G26600;AT5G28030","5.484e-01;5.039e-01;1.158e-01","stouffer_p_analytic",0,0,5,"Remains_nonsignificant"
"PWY-7625","phosphatidylinositol biosynthesis II (eukaryotes)",2,0.947617440106187,0.96261208277398,0.721595764723339,0.01,0,0.943046135006814,0.425006000034871,NA,0.924280464106599,0.999999464264005,NA,NA,0.188581141885811,0.803825456870371,0.949005099490051,0.966103389661034,0.195680431956804,0.944305569443056,0.428157184281572,0.92031650777269,0.188581141885811,0.803825456870371,0.534842624571654,0.808865114907176,0.803825456870371,"AT4G38570;AT1G68000","7.613e-01;9.711e-01","stouffer_p_analytic",0,0,5,"Remains_nonsignificant"
"PWY-3462","L-phenylalanine biosynthesis II",10,0.142499743811342,0.317333020336521,0.597720010540462,0.05,2.65114115333074,0.12516124850202,0.141296621431524,NA,0.199045073180467,0.999999464264005,NA,NA,0.188781121887811,0.803825456870371,0.144585541445855,0.324467553244676,0.605639436056394,0.125787421257874,0.141885811418858,0.201620667483562,0.188781121887811,0.803825456870371,0.534842624571654,0.808865114907176,0.803825456870371,"AT1G08250;AT3G44720;AT2G27820;AT3G07630;AT1G11790;AT5G22630;AT2G22250;AT3G29200;AT5G10870;AT1G69370","1.405e-01;9.327e-01;7.487e-01;6.061e-01;2.854e-01;1.328e-02;4.212e-01;3.998e-01;6.247e-01;5.661e-01","minp_p_analytic",0,0,5,"Remains_nonsignificant"
"PWY-2","putrescine degradation IV",2,0.986685631951925,0.997956622847268,0.721596229543403,0.01,0,0.996850522940151,0.522513937331153,NA,0.994349554671571,0.999999464264005,NA,NA,0.19038096190381,0.803825456870371,0.988501149885011,0.997500249975003,0.191180881911809,0.996000399960004,0.525147485251475,0.993176352501265,0.19038096190381,0.803825456870371,0.534842624571654,0.808865114907176,0.803825456870371,"AT3G48170;AT4G14940","9.439e-01;9.925e-01","stouffer_p_analytic",0,0,5,"Remains_nonsignificant"
"GLUTATHIONESYN-PWY","glutathione biosynthesis",2,0.944457490980937,0.984063962736544,0.721595607307023,0.01,0,0.979292960506884,0.46098367762302,NA,0.962008464942202,0.999999464264005,NA,NA,0.192680731926807,0.803825456870371,0.947305269473053,0.987001299870013,0.195580441955804,0.981301869813019,0.463853614638536,0.965485927263132,0.192680731926807,0.803825456870371,0.534842624571654,0.808865114907176,0.803825456870371,"AT5G27380;AT4G23100","8.561e-01;9.659e-01","stouffer_p_analytic",0,0,5,"Remains_nonsignificant"
"PROSYN-PWY","L-proline biosynthesis I",3,0.647379620491218,0.482276334739796,0.739651340317109,0.01,0,0.503349886412708,0.0893056879886797,NA,0.374554589546654,0.999999464264005,NA,NA,0.198680131986801,0.803825456870371,0.642435756424358,0.48035196480352,0.268873112688731,0.504249575042496,0.0878912108789121,0.285784493672677,0.198680131986801,0.803825456870371,0.534842624571654,0.808865114907176,0.803825456870371,"AT3G55610;AT2G39800;AT5G14800","2.081e-01;9.078e-01;3.396e-01","stouffer_p_analytic",0,0,5,"Remains_nonsignificant"
"PWY-2781","<i>cis</i>-zeatin biosynthesis",3,0.311564250872813,0.38110424820854,0.715200384834065,0.1,0.232724225023253,0.243980019273342,0.305366397410546,NA,0.378780821956947,0.999999464264005,NA,NA,0.199180081991801,0.803825456870371,0.310968903109689,0.376362363763624,0.267773222677732,0.241475852414759,0.306669333066693,0.296043090485572,0.199180081991801,0.803825456870371,0.534842624571654,0.808865114907176,0.803825456870371,"AT1G25410;AT5G20040;AT2G27760","8.902e-02;5.961e-01;7.727e-01","minp_p_analytic",0,0,5,"Remains_nonsignificant"
"PWY4FS-4","phosphatidylcholine biosynthesis IV",7,0.912410634495609,0.394500813304391,0.161226812802948,0.01,0.884837785641474,0.0441160137644265,0.402976370355544,NA,0.218856754825264,0.999999464264005,NA,NA,0.2003799620038,0.803825456870371,0.909209079092091,0.3999600039996,0.176682331766823,0.0445955404459554,0.407159284071593,0.223285071377364,0.2003799620038,0.803825456870371,0.534842624571654,0.808865114907176,0.803825456870371,"AT3G18000;AT1G73600;AT1G48600;AT1G04430;AT5G06050;AT5G14430;AT1G80860","9.954e-01;6.425e-03;5.772e-01;9.020e-01;3.957e-01;6.131e-01;7.705e-01","minp_p_analytic",0.2,1,5,"Remains_nonsignificant"
"PWY-7432","L-phenylalanine biosynthesis III (cytosolic, plants)",4,0.380476719830189,0.432264771381805,0.754651278830894,0.01,0,0.454349296208734,0.0855598448704578,NA,0.311866885354728,0.999999464264005,NA,NA,0.202779722027797,0.803825456870371,0.38046195380462,0.433056694330567,0.346865313468653,0.453354664533547,0.0827917208279172,0.248892307643786,0.202779722027797,0.803825456870371,0.534842624571654,0.808865114907176,0.803825456870371,"AT1G08250;AT2G27820;AT1G11790;AT3G07630","1.405e-01;7.487e-01;2.854e-01;6.061e-01","stouffer_p_analytic",0,0,5,"Remains_nonsignificant"
"PWY-6930","phenolic malonylglucosides biosynthesis",4,0.552638093367562,0.639349568080636,0.754652124196576,0.01,0,0.563220213055894,0.29510055609523,NA,0.569874720192977,0.999999464264005,NA,NA,0.206679332066793,0.803825456870371,0.523347665233477,0.536946305369463,0.245175482451755,0.417458254174583,0.36996300369963,0.40496111567871,0.206679332066793,0.803825456870371,0.534842624571654,0.808865114907176,0.803825456870371,"AT5G39080;AT5G39090;AT3G29670;AT5G39050","7.722e-01;4.227e-01;7.873e-01;1.870e-01","stouffer_p_analytic",0,0,5,"Remains_nonsignificant"
"PWY-5409","divinyl ether biosynthesis II",4,0.247299780474213,0.258318147632083,0.751066502853886,0.1,0.0351885284621797,0.338799580958205,0.247235609454682,NA,0.350809008334654,0.999999464264005,NA,NA,0.22047795220478,0.803825456870371,0.252474752524748,0.263073692630737,0.344765523447655,0.339266073392661,0.242175782421758,0.283706975470591,0.22047795220478,0.803825456870371,0.534842624571654,0.808865114907176,0.803825456870371,"AT1G67560;AT3G45140;AT1G72520;AT1G17420","4.954e-01;9.826e-02;2.730e-01;4.831e-01","stouffer_p_analytic",0,0,5,"Remains_nonsignificant"
"P401-PWY","cyanide degradation",3,0.432285192470957,0.480677702769211,0.739652211929344,0.01,0,0.408372347154511,0.395328374455205,NA,0.50145949727502,0.999999464264005,NA,NA,0.221477852214779,0.803825456870371,0.436956304369563,0.482651734826517,0.27027297270273,0.413158684131587,0.392460753924608,0.391901109134345,0.221477852214779,0.803825456870371,0.534842624571654,0.808865114907176,0.803825456870371,"AT3G04940;AT5G28020;AT3G61440","7.661e-01;1.605e-01;5.182e-01","stouffer_p_analytic",0,0,5,"Remains_nonsignificant"
"PWY0-1021","L-alanine biosynthesis III",3,0.322703696841207,0.341884424651916,0.739651629709226,0.01,0,0.629611533117657,0.26587693948078,NA,0.455633894116919,0.999999464264005,NA,NA,0.223277672232777,0.803825456870371,0.32966703329667,0.35026497350265,0.277572242775722,0.641935806419358,0.272672732726727,0.361176906755276,0.223277672232777,0.803825456870371,0.534842624571654,0.808865114907176,0.803825456870371,"AT5G65720;AT1G08490;AT1G51310","3.478e-01;2.818e-01;3.443e-01","stouffer_p_analytic",0,0,5,"Remains_nonsignificant"
"PWY-5686","UMP biosynthesis I",5,0.391680883314557,0.529736996645925,0.767657463637045,0.01,0,0.414265463013804,0.0885821291533387,NA,0.331798920099754,0.999999464264005,NA,NA,0.228677132286771,0.803825456870371,0.392160783921608,0.535746425357464,0.410658934106589,0.414758524147585,0.0878912108789121,0.272768547558757,0.228677132286771,0.803825456870371,0.534842624571654,0.808865114907176,0.803825456870371,"AT3G54470;AT4G22930;AT3G20330;AT1G29900;AT3G27740","4.053e-01;7.074e-01;1.015e-01;6.777e-01;5.565e-01","stouffer_p_analytic",0,0,5,"Remains_nonsignificant"
"PWY-5947","lutein biosynthesis",5,0.71628472827222,0.530676707510607,0.596425686399424,0.05,0.960702421822944,0.145367227002043,0.113925675942309,NA,0.305943473541586,0.999999464264005,NA,NA,0.232276772322768,0.803825456870371,0.719028097190281,0.538946105389461,0.410658934106589,0.143885611438856,0.10958904109589,0.277925473399527,0.232276772322768,0.803825456870371,0.534842624571654,0.808865114907176,0.803825456870371,"AT1G31800;AT4G15110;AT3G53130;AT5G52570;AT4G25700","4.770e-01;8.350e-01;9.321e-01;3.093e-02;9.604e-01","stouffer_p_analytic",0,0,5,"Remains_nonsignificant"
"PWYQT-4432","glutathione degradation",3,0.459416643061403,0.582376305395772,0.739651461214335,0.01,0,0.749236078912294,0.686432823598616,NA,0.659183419807423,0.999999464264005,NA,NA,0.235076492350765,0.803825456870371,0.451054894510549,0.576942305769423,0.264073592640736,0.746425357464254,0.698030196980302,0.55491147418123,0.235076492350765,0.803825456870371,0.534842624571654,0.808865114907176,0.803825456870371,"AT4G29210;AT4G39650;AT4G39640","3.694e-01;5.260e-01;4.900e-01","acat_p",0,0,5,"Remains_nonsignificant"
"PWY-6520","nonaprenyl diphosphate biosynthesis II",3,0.86361166836902,0.684364488467754,0.739651910168915,0.01,0,0.468502230927568,0.290018068584106,NA,0.667556053014799,0.999999464264005,NA,NA,0.235876412358764,0.803825456870371,0.858814118588141,0.684131586841316,0.266673332666733,0.467553244675532,0.287771222877712,0.56087707405994,0.235876412358764,0.803825456870371,0.534842624571654,0.808865114907176,0.803825456870371,"AT2G34630;AT1G78510;AT1G17050","1.900e-01;9.543e-01;7.680e-01","stouffer_p_analytic",0,0,5,"Remains_nonsignificant"
"PWY-5698","allantoin degradation to ureidoglycolate II (ammonia producing)",3,0.447371405271247,0.563618193661688,0.739651455752068,0.01,0,0.77332367845967,0.667040017188014,NA,0.658101508761304,0.999999464264005,NA,NA,0.236176382361764,0.803825456870371,0.456454354564544,0.567343265673433,0.268073192680732,0.776622337766223,0.66983301669833,0.560281136603263,0.236176382361764,0.803825456870371,0.534842624571654,0.808865114907176,0.803825456870371,"AT4G17050;AT4G20070;AT4G04955","5.123e-01;4.433e-01;3.903e-01","acat_p",0,0,5,"Remains_nonsignificant"
"PWY-882","L-ascorbate biosynthesis I (L-galactose pathway)",19,0.125583098421775,0.876071818532417,0.181203085772852,0.01,1.61083489558705,0.0815809899883352,0.501844394417103,NA,0.239620704695133,0.999999464264005,NA,NA,0.236576342365763,0.803825456870371,0.123387661233877,0.876012398760124,0.220577942205779,0.0796920307969203,0.502149785021498,0.246189838309607,0.236576342365763,0.803825456870371,0.534842624571654,0.808865114907176,0.803825456870371,"AT5G28840;AT4G30570;AT2G04650;AT3G55590;AT1G74910;AT2G39770;AT5G17530;AT1G70820;AT2G45790;AT3G02570;AT1G67070;AT5G55120;AT4G26850;AT4G39120;AT3G02870;AT2G38740;AT2G25870;AT4G33670;AT3G47930","8.871e-01;6.521e-01;1.480e-01;5.415e-01;9.700e-01;8.527e-01;7.456e-01;8.897e-01;9.023e-01;4.312e-01;4.562e-01;4.469e-03;5.592e-01;5.255e-01;8.787e-01;4.575e-01;6.360e-01;8.353e-01;5.847e-01","minp_p_analytic",0,0,5,"Remains_nonsignificant"
"PWY-801","homocysteine and cysteine interconversion",7,0.327071851732696,0.391603992532677,0.789666671232462,0.01,0,0.57753613514889,0.0851145018733785,NA,0.32456004543277,0.999999464264005,NA,NA,0.242575742425757,0.803825456870371,0.32996700329967,0.396560343965603,0.528347165283472,0.580641935806419,0.0884911508849115,0.281982232417969,0.242575742425757,0.803825456870371,0.534842624571654,0.808865114907176,0.803825456870371,"AT3G57050;AT4G23600;AT1G33320;AT3G01120;AT3G62130;AT5G26600;AT5G28030","2.102e-01;4.847e-01;4.402e-01;4.248e-01;5.484e-01;5.039e-01;1.158e-01","stouffer_p_analytic",0,0,5,"Remains_nonsignificant"
"PWY-6902","chitin degradation II (Vibrio)",22,0.635381234361489,0.611551372321342,0.825570219699833,0.1,1.85518039326724,0.72295703549626,0.0405621058662838,NA,0.26656278856707,0.999999464264005,NA,NA,0.243375662433757,0.803825456870371,0.640735926407359,0.607439256074393,0.824517548245176,0.721227877212279,0.0383961603839616,0.251103707359874,0.243375662433757,0.803825456870371,0.534842624571654,0.808865114907176,0.803825456870371,"AT4G19820;AT4G19800;AT4G19760;AT4G19750;AT4G19730;AT4G19720;AT1G02360;AT1G56680;AT2G43600;AT4G19740;AT5G24090;AT4G19770;AT3G54420;AT2G43570;AT3G47540;AT4G01700;AT2G43620;AT2G43580;AT2G43590;AT4G19810;AT2G43610;AT3G12500","9.828e-01;7.521e-01;7.112e-01;6.865e-01;5.286e-01;6.358e-01;7.349e-01;7.862e-01;2.612e-01;6.339e-01;3.251e-01;8.353e-01;8.897e-01;1.164e-01;6.013e-01;4.592e-01;6.978e-02;1.247e-01;1.218e-01;6.785e-01;5.668e-02;3.849e-01","stouffer_p_analytic",0.2,1,5,"Remains_nonsignificant"
"PWY-6498","eumelanin biosynthesis",3,0.532241481618241,0.698526348603158,0.739651805158947,0.01,0,0.825563146466555,0.676085477272119,NA,0.715318980947466,0.999999464264005,NA,NA,0.244875512448755,0.803825456870371,0.533946605339466,0.7005299470053,0.272972702729727,0.831816818318168,0.665333466653335,0.634911582554237,0.244875512448755,0.803825456870371,0.534842624571654,0.808865114907176,0.803825456870371,"AT3G51660;AT5G01650;AT5G57170","4.413e-01;5.839e-01;5.695e-01","acat_p",0,0,5,"Remains_nonsignificant"
"PWY-283","benzoate degradation II (aerobic and anaerobic)",3,0.687800381312901,0.858289857210994,0.739651875302604,0.01,0,0.895773005330213,0.311752286517686,NA,0.778200067932953,0.999999464264005,NA,NA,0.245675432456754,0.803825456870371,0.68973102689731,0.86011398860114,0.268373162683732,0.895210478952105,0.308269173082692,0.720673262255216,0.245675432456754,0.803825456870371,0.534842624571654,0.808865114907176,0.803825456870371,"AT1G68270;AT1G65890;AT1G65880","8.068e-01;5.294e-01;6.413e-01","stouffer_p_analytic",0,0,5,"Remains_nonsignificant"
"PWY-7985","oxalate degradation VI",3,0.867237797337299,0.485218925880026,0.739651481979568,0.01,0,0.494198144224631,0.441319144446309,NA,0.669328074763757,0.999999464264005,NA,NA,0.25047495250475,0.803825456870371,0.874012598740126,0.495450454954505,0.280671932806719,0.503249675032497,0.441255874412559,0.585643040750121,0.25047495250475,0.803825456870371,0.534842624571654,0.808865114907176,0.803825456870371,"AT3G48990;AT5G17380;AT5G14780","9.636e-01;3.315e-01;2.032e-01","stouffer_p_analytic",0,0,5,"Remains_nonsignificant"
"PWY-6898","thiamine salvage III",4,0.584565846975402,0.735567252642017,0.754651125181911,0.01,0,0.839873253878076,0.8914582407577,NA,0.799302263030583,0.999999464264005,NA,NA,0.252074792520748,0.803825456870371,0.58044195580442,0.671232876712329,0.276272372762724,0.74952504749525,0.842515748425158,0.66530241434704,0.252074792520748,0.803825456870371,0.534842624571654,0.808865114907176,0.803825456870371,"AT5G19470;AT5G19460;AT1G02880;AT2G44750","7.985e-01;6.619e-01;3.817e-01;3.674e-01","acat_p",0,0,5,"Remains_nonsignificant"
"PWY-5997","&alpha;-linolenate biosynthesis I (plants and red algae)",3,0.940369273287322,0.94131544653529,0.7396518223662,0.01,0,0.897139566281375,0.420333220582997,NA,0.892969594850384,0.999999464264005,NA,NA,0.252174782521748,0.803825456870371,0.938406159384062,0.941605839416058,0.263773622637736,0.896010398960104,0.422357764223578,0.876905165242038,0.252174782521748,0.803825456870371,0.534842624571654,0.808865114907176,0.803825456870371,"AT2G29980;AT3G11170;AT5G05580","5.315e-01;8.028e-01;9.778e-01","stouffer_p_analytic",0,0,5,"Remains_nonsignificant"
"PWY-5670","epoxysqualene biosynthesis",9,0.766302290327942,0.142064223293177,0.589809597236652,0.1,4.8158504571862,0.291291015684474,0.105576787824532,NA,0.271562132638162,0.999999464264005,NA,NA,0.254674532546745,0.803825456870371,0.73012698730127,0.178782121787821,0.489151084891511,0.229177082291771,0.194980501949805,0.314121725907507,0.254674532546745,0.803825456870371,0.534842624571654,0.808865114907176,0.803825456870371,"AT4G34640;AT4G34650;AT5G24140;AT5G24155;AT5G24160;AT4G37760;AT2G22830;AT1G58440;AT5G24150","3.206e-01;3.934e-01;5.278e-01;6.211e-02;3.861e-02;9.575e-01;3.753e-02;9.858e-01;8.851e-01","stouffer_p_analytic",0,0,5,"Remains_nonsignificant"
"PWY-5111","CMP-KDO biosynthesis II (from D-arabinose 5-phosphate)",3,0.789758168913872,0.944353310648149,0.73965171631546,0.01,0,0.953803776042035,0.499994040083691,NA,0.895822668828371,0.999999464264005,NA,NA,0.255274472552745,0.803825456870371,0.795120487951205,0.948805119488051,0.266873312668733,0.955504449555045,0.496550344965503,0.888563803620539,0.255274472552745,0.803825456870371,0.534842624571654,0.808865114907176,0.803825456870371,"AT1G53000;AT1G16340;AT1G79500","7.628e-01;6.412e-01;8.696e-01","stouffer_p_analytic",0,0,5,"Remains_nonsignificant"
"PWY3O-4107","NAD salvage pathway V (PNC V cycle)",12,0.306027846263746,0.500568924878502,0.609736648111892,0.05,2.75083182101146,0.141532919687552,0.163077787770436,NA,0.277088345211357,0.999999464264005,NA,NA,0.255974402559744,0.803825456870371,0.306569343065693,0.495150484951505,0.576142385761424,0.132886711328867,0.200579942005799,0.281664982845604,0.255974402559744,0.803825456870371,0.534842624571654,0.808865114907176,0.803825456870371,"AT5G55760;AT5G09230;AT1G55090;AT3G17970;AT5G09420;AT5G23230;AT1G08980;AT5G23220;AT2G22570;AT2G23420;AT4G36940;AT5G55810","1.069e-01;6.536e-01;4.698e-01;9.381e-01;9.472e-01;7.801e-01;1.025e-01;7.580e-01;9.133e-01;9.429e-01;4.473e-01;1.264e-02","minp_p_analytic",0,0,5,"Remains_nonsignificant"
"PWY-6543","4-aminobenzoate biosynthesis",3,0.960519427974447,0.948629562885735,0.739651594859298,0.01,0,0.882903046598053,0.607930446298639,NA,0.913972529820338,0.999999464264005,NA,NA,0.256374362563744,0.803825456870371,0.962403759624038,0.948305169483052,0.265373462653735,0.883011698830117,0.611938806119388,0.906804481902342,0.256374362563744,0.803825456870371,0.534842624571654,0.808865114907176,0.803825456870371,"AT3G54970;AT5G57850;AT2G28880","8.691e-01;9.854e-01;5.108e-01","stouffer_p_analytic",0,0,5,"Remains_nonsignificant"
"ALANINE-SYN2-PWY","L-alanine biosynthesis II",6,0.32027506770457,0.287958719467407,0.779219245697903,0.01,0,0.565965443082711,0.132793371245756,NA,0.364729093468748,0.999999464264005,NA,NA,0.257874212578742,0.803825456870371,0.321767823217678,0.286271372862714,0.47975202479752,0.571942805719428,0.134886511348865,0.306795725070762,0.257874212578742,0.803825456870371,0.534842624571654,0.808865114907176,0.803825456870371,"AT1G17300;AT1G72330;AT1G70560;AT1G23310;AT1G17290;AT1G70580","7.932e-01;1.299e-01;1.948e-01;3.530e-01;7.519e-01;1.547e-01","stouffer_p_analytic",0,0,5,"Remains_nonsignificant"
"CITRULLINE-DEG-PWY","L-citrulline degradation",3,0.603997681506247,0.797970756401778,0.739651647220967,0.01,0,0.912787363990027,0.59144330732916,NA,0.790987814297831,0.999999464264005,NA,NA,0.257974202579742,0.803825456870371,0.6000399960004,0.794320567943206,0.278972102789721,0.911208879112089,0.594540545945406,0.737289559981574,0.257974202579742,0.803825456870371,0.534842624571654,0.808865114907176,0.803825456870371,"AT1G29900;AT3G27740;AT1G75330","6.777e-01;5.565e-01;5.667e-01","stouffer_p_analytic",0,0,5,"Remains_nonsignificant"
"PHOSLIPSYN2-PWY","superpathway of phospholipid biosynthesis II (plants)",3,0.92234993687666,0.921692885798264,0.73965170261418,0.01,0,0.877271567258362,0.591828474853954,NA,0.871425541385347,0.999999464264005,NA,NA,0.257974202579742,0.803825456870371,0.924807519248075,0.924207579242076,0.272672732726727,0.877412258774123,0.591740825917408,0.854563069889075,0.257974202579742,0.803825456870371,0.534842624571654,0.808865114907176,0.803825456870371,"AT1G15110;AT4G38570;AT1G68000","5.030e-01;7.613e-01;9.711e-01","stouffer_p_analytic",0,0,5,"Remains_nonsignificant"
"PWY-5168","ferulate and sinapate biosynthesis",3,0.921685377578348,0.95778269157216,0.739651767212788,0.01,0,0.897582515632037,0.345365744180732,NA,0.896857135991852,0.999999464264005,NA,NA,0.259274072592741,0.803825456870371,0.924707529247075,0.961103889611039,0.271072892710729,0.901509849015098,0.338866113388661,0.89073546369314,0.259274072592741,0.803825456870371,0.534842624571654,0.808865114907176,0.803825456870371,"AT3G24503;AT5G54160;AT4G36220","9.109e-01;9.621e-01;5.321e-01","stouffer_p_analytic",0,0,5,"Remains_nonsignificant"
"DTDPRHAMSYN-PWY","dTDP-L-rhamnose biosynthesis",3,0.871491475136746,0.908150304847241,0.73965175432319,0.01,0,0.918287525877459,0.73715377039601,NA,0.868213180216643,0.999999464264005,NA,NA,0.259374062593741,0.803825456870371,0.871112888711129,0.908809119088091,0.273372662733727,0.916208379162084,0.743325667433257,0.846259714932019,0.259374062593741,0.803825456870371,0.534842624571654,0.808865114907176,0.803825456870371,"AT1G19690;AT4G00560;AT1G63000","5.661e-01;6.436e-01;9.501e-01","stouffer_p_analytic",0,0,5,"Remains_nonsignificant"
"PWY4FS-7","phosphatidylglycerol biosynthesis I (plastidic)",3,0.847008341471158,0.97297732225999,0.73965169920898,0.01,0,0.968564848812033,0.340632466610706,NA,0.935019929159686,0.999999464264005,NA,NA,0.259374062593741,0.803825456870371,0.847615238476152,0.97000299970003,0.269173082691731,0.963703629637036,0.344465553444656,0.921343242840022,0.259374062593741,0.803825456870371,0.534842624571654,0.808865114907176,0.803825456870371,"AT3G58830;AT3G55030;AT2G39290","8.955e-01;8.622e-01;6.844e-01","stouffer_p_analytic",0,0,5,"Remains_nonsignificant"
"PLPSAL-PWY","pyridoxal 5'-phosphate salvage I",3,0.891845189634081,0.875926681808829,0.739651866064089,0.01,0,0.884646719142668,0.742586198644634,NA,0.849726329722269,0.999999464264005,NA,NA,0.25997400259974,0.803825456870371,0.89011098890111,0.872012798720128,0.275572442755724,0.883611638836116,0.748825117488251,0.820128618913247,0.25997400259974,0.803825456870371,0.534842624571654,0.808865114907176,0.803825456870371,"AT5G37850;AT2G46580;AT5G49970","9.610e-01;5.132e-01;6.008e-01","tfisher_p_analytic",0,0,5,"Remains_nonsignificant"
"PWY-6730","methylhalides biosynthesis (plants)",3,0.924665123692716,0.917087444239558,0.739651845729156,0.01,0,0.857605599026407,0.393675669536331,NA,0.859381887299534,0.999999464264005,NA,NA,0.25997400259974,0.803825456870371,0.926807319268073,0.918008199180082,0.274972502749725,0.857414258574143,0.384461553844616,0.837300167142236,0.25997400259974,0.803825456870371,0.534842624571654,0.808865114907176,0.803825456870371,"AT2G43910;AT2G43920;AT2G43940","4.778e-01;9.719e-01;7.811e-01","stouffer_p_analytic",0,0,5,"Remains_nonsignificant"
"PWY1F-353","glycine betaine biosynthesis III (plants)",3,0.909562521318599,0.99326773594792,0.739651755392607,0.01,0,0.992373092269223,0.600010161173018,NA,0.983028292360215,0.999999464264005,NA,NA,0.261773822617738,0.803825456870371,0.906909309069093,0.993300669933007,0.264573542645735,0.991600839916008,0.602839716028397,0.981962155698089,0.261773822617738,0.803825456870371,0.534842624571654,0.808865114907176,0.803825456870371,"AT1G74920;AT3G48170;AT4G29890","9.051e-01;9.439e-01;8.032e-01","stouffer_p_analytic",0,0,5,"Remains_nonsignificant"
"GLUTAMATE-SYN2-PWY","L-glutamate biosynthesis II",3,0.802296311710652,0.967464447462356,0.739651743681434,0.01,0,0.983416005464277,0.471317281996799,NA,0.949370871034914,0.999999464264005,NA,NA,0.263073692630737,0.803825456870371,0.800619938006199,0.965003499650035,0.27047295270473,0.982801719828017,0.469153084691531,0.943662892137589,0.263073692630737,0.803825456870371,0.534842624571654,0.808865114907176,0.803825456870371,"AT5G18170;AT5G07440;AT3G03910","8.374e-01;8.067e-01;7.450e-01","stouffer_p_analytic",0,0,5,"Remains_nonsignificant"
"ALANINE-DEG3-PWY","L-alanine degradation III",6,0.32027506770457,0.287958719467407,0.779218980882252,0.01,0,0.565965443082711,0.132793371245756,NA,0.364728985912795,0.999999464264005,NA,NA,0.264873512648735,0.803825456870371,0.322967703229677,0.293170682931707,0.474952504749525,0.574542545745425,0.135086491350865,0.308398056809526,0.264873512648735,0.803825456870371,0.534842624571654,0.808865114907176,0.803825456870371,"AT1G17300;AT1G72330;AT1G70560;AT1G23310;AT1G17290;AT1G70580","7.932e-01;1.299e-01;1.948e-01;3.530e-01;7.519e-01;1.547e-01","stouffer_p_analytic",0,0,5,"Remains_nonsignificant"
"PWY-3261","UDP-&beta;-L-rhamnose biosynthesis",4,0.775606562322588,0.61087823397403,0.754651210827623,0.01,0,0.479703993468983,0.0983970937491744,NA,0.460296396161695,0.999999464264005,NA,NA,0.266273372662734,0.803825456870371,0.782121787821218,0.619338066193381,0.351864813518648,0.486151384861514,0.1002899710029,0.379154656446727,0.266273372662734,0.803825456870371,0.534842624571654,0.808865114907176,0.803825456870371,"AT3G14790;AT1G53500;AT1G78570;AT1G63000","6.225e-01;4.748e-01;1.507e-01;9.501e-01","stouffer_p_analytic",0,0,5,"Remains_nonsignificant"
"PWY-84","resveratrol biosynthesis",3,0.956179593880581,0.97702662807424,0.739652335032886,0.01,0,0.947061353841997,0.635243793026733,NA,0.944520859308687,0.999999464264005,NA,NA,0.269373062693731,0.803825456870371,0.957104289571043,0.976302369763024,0.277572242775722,0.946005399460054,0.626337366263374,0.939976484647686,0.269373062693731,0.803825456870371,0.534842624571654,0.808865114907176,0.803825456870371,"AT4G00040;AT1G02050;AT4G34850","9.826e-01;6.245e-01;8.956e-01","stouffer_p_analytic",0,0,5,"Remains_nonsignificant"
"PWYQT-4470","&gamma;-glutamyl cycle (plant pathway)",3,0.945065601305884,0.997949448839444,0.739651687246066,0.01,0,0.997020269284835,0.483626989655026,NA,0.994076951095044,0.999999464264005,NA,NA,0.26987301269873,0.803825456870371,0.94960503949605,0.998200179982002,0.270772922707729,0.997400259974003,0.473452654734527,0.994775311389612,0.26987301269873,0.803825456870371,0.534842624571654,0.808865114907176,0.803825456870371,"AT5G27380;AT4G23100;AT5G37830","8.561e-01;9.659e-01;9.462e-01","stouffer_p_analytic",0,0,5,"Remains_nonsignificant"
"PWY-6213","cadmium transport I",3,0.900790129111067,0.988586567027646,0.73965168521838,0.01,0,0.993768688897493,0.380162643945803,NA,0.980754970451051,0.999999464264005,NA,NA,0.27027297270273,0.803825456870371,0.9004099590041,0.988301169883012,0.272672732726727,0.994800519948005,0.369163083691631,0.982373194219227,0.27027297270273,0.803825456870371,0.534842624571654,0.808865114907176,0.803825456870371,"AT4G30120;AT4G30110;AT2G19110","8.160e-01;8.164e-01;9.494e-01","stouffer_p_analytic",0,0,5,"Remains_nonsignificant"
"PWY-5989","stearate biosynthesis II (bacteria and plants)",30,0.216742568048069,0.731442710439054,0.231216141447365,0.05,7.2813874233749,0.116248739587473,0.385602976221299,NA,0.26810694211976,0.999999464264005,NA,NA,0.271272872712729,0.803825456870371,0.216878312168783,0.732626737326267,0.304369563043696,0.115488451154885,0.385761423857614,0.283217621298311,0.271272872712729,0.803825456870371,0.534842624571654,0.808865114907176,0.803825456870371,"AT3G05970;AT1G77590;AT1G49430;AT1G64400;AT2G04350;AT2G47240;AT4G11030;AT4G23850;AT5G27600;AT1G62940;AT3G16170;AT3G25110;AT1G08510;AT1G35290;AT1G35250;AT1G68260;AT1G68280;AT1G66550;AT2G05990;AT5G64250;AT2G22230;AT5G10160;AT1G24360;AT1G62610;AT2G17845;AT1G10310;AT3G55290;AT3G46170;AT3G55310;AT1G63380","5.174e-01;1.595e-02;8.419e-01;2.187e-01;3.536e-01;3.719e-01;9.069e-01;4.610e-01;4.111e-03;3.330e-01;4.863e-01;5.188e-01;3.439e-01;9.019e-01;6.735e-01;6.894e-01;9.633e-01;9.147e-01;4.562e-01;7.231e-01;5.529e-01;8.556e-01;4.476e-01;9.916e-01;5.359e-01;8.227e-01;7.433e-01;4.121e-01;6.851e-01;1.410e-01","minp_p_analytic",0,0,5,"Remains_nonsignificant"
"PWY-6773","1,3-&beta;-D-glucan biosynthesis",14,0.164533948906327,0.888886767519326,0.323045664262666,0.01,0.798024638213809,0.0899485203545428,0.3456976001569,NA,0.301208209382402,0.999999464264005,NA,NA,0.272172782721728,0.803825456870371,0.16028397160284,0.888111188881112,0.348365163483652,0.086991300869913,0.349265073492651,0.297856055633056,0.272172782721728,0.803825456870371,0.534842624571654,0.808865114907176,0.803825456870371,"AT2G30680;AT3G07160;AT3G14780;AT5G36870;AT4G03550;AT5G13000;AT2G36850;AT2G13680;AT3G14570;AT3G59100;AT2G31960;AT4G04970;AT1G06490;AT1G05570","8.930e-01;9.499e-01;8.128e-01;6.644e-01;8.907e-01;6.883e-01;5.975e-01;8.450e-01;4.860e-01;8.074e-01;9.362e-01;3.642e-01;5.082e-01;6.710e-03","minp_p_analytic",0,0,5,"Remains_nonsignificant"
"PWY-5905","hypusine biosynthesis",4,0.616034462306326,0.608749220391798,0.75465058140691,0.01,0,0.454447953647696,0.405539204615899,NA,0.581978053252031,0.999999464264005,NA,NA,0.285371462853715,0.803825456870371,0.622337766223378,0.612338766123388,0.342265773422658,0.456554344565543,0.405259474052595,0.486523236874511,0.285371462853715,0.803825456870371,0.534842624571654,0.808865114907176,0.803825456870371,"AT5G05920;AT3G43260;AT3G62530;AT3G58180","9.019e-01;6.198e-01;1.406e-01;5.334e-01","stouffer_p_analytic",0,0,5,"Remains_nonsignificant"
"ASPSYNII-PWY","cyanide detoxification I",4,0.450289168644912,0.550752080565317,0.754651362259427,0.01,0,0.503333783799486,0.540943607159922,NA,0.573338857140713,0.999999464264005,NA,NA,0.287571242875712,0.803825456870371,0.448955104489551,0.549245075492451,0.348265173482652,0.508649135086491,0.539346065393461,0.476438208333462,0.287571242875712,0.803825456870371,0.534842624571654,0.808865114907176,0.803825456870371,"AT5G22300;AT3G04940;AT5G28020;AT3G61440","5.058e-01;7.661e-01;1.605e-01;5.182e-01","acat_p",0,0,5,"Remains_nonsignificant"
"PWY-6724","starch degradation II",8,0.542170669855282,0.290285094589877,0.631869958463125,0.05,1.05028379435329,0.213496020500662,0.222051161409607,NA,0.344637015781645,0.999999464264005,NA,NA,0.288071192880712,0.803825456870371,0.541145885411459,0.290770922907709,0.565843415658434,0.213878612138786,0.218578142185781,0.332269950675341,0.288071192880712,0.803825456870371,0.534842624571654,0.808865114907176,0.803825456870371,"AT5G64860;AT4G17090;AT4G09020;AT3G01510;AT3G52180;AT5G01260;AT5G26570;AT1G10760","9.763e-01;4.263e-01;1.366e-01;4.936e-01;2.957e-02;3.244e-01;8.362e-01;4.076e-01","minp_p_analytic",0,0,5,"Remains_nonsignificant"
"PWY-5350","thiosulfate disproportionation IV (rhodanese)",5,0.403894058367252,0.46164829052589,0.767657428440601,0.01,0,0.430898021942018,0.288552237117638,NA,0.479751822547202,0.999999464264005,NA,NA,0.289471052894711,0.803825456870371,0.3998600139986,0.44975502449755,0.398160183981602,0.422957704229577,0.307869213078692,0.392707953913012,0.289471052894711,0.803825456870371,0.534842624571654,0.808865114907176,0.803825456870371,"AT4G35770;AT5G66170;AT5G66040;AT1G16460;AT1G79230","5.981e-01;4.881e-01;2.906e-01;1.066e-01;8.391e-01","stouffer_p_analytic",0,0,5,"Remains_nonsignificant"
"PWY-5807","heptaprenyl diphosphate biosynthesis",6,0.948336693897872,0.999975079703019,0.779219482726487,0.01,0,0.999844123924013,0.575160908939648,NA,0.999892627842498,0.999999464264005,NA,NA,0.2998700129987,0.803825456870371,0.935106489351065,0.998600139986001,0.3003699630037,0.994100589941006,0.544845515448455,0.994427713187797,0.2998700129987,0.803825456870371,0.534842624571654,0.808865114907176,0.803825456870371,"AT5G58770;AT5G58782;AT5G58784;AT5G58780;AT1G17050;AT1G78510","9.662e-01;8.992e-01;9.277e-01;9.732e-01;7.680e-01;9.543e-01","stouffer_p_analytic",0,0,5,"Remains_nonsignificant"
"PWY0-1507","biotin biosynthesis from 8-amino-7-oxononanoate I",6,0.296477253317211,0.350894356256556,0.754410743938909,0.1,0.320819515747258,0.413841027561766,0.40085406202491,NA,0.448200863553281,0.999999464264005,NA,NA,0.301869813018698,0.803825456870371,0.286171382861714,0.336166383361664,0.463553644635536,0.405859414058594,0.407059294070593,0.374464335670289,0.301869813018698,0.803825456870371,0.534842624571654,0.808865114907176,0.803825456870371,"AT5G57590;AT4G05450;AT4G32360;AT2G43360;AT4G21090;AT5G65720","6.539e-01;3.314e-01;3.591e-01;8.518e-02;5.744e-01;3.478e-01","acat_p",0,0,5,"Remains_nonsignificant"
"ARG-PRO-PWY","L-arginine degradation VI (arginase 2 pathway)",4,0.720121348891313,0.694115244446094,0.75465158588748,0.01,0,0.776716510740911,0.588405380339622,NA,0.715747214260905,0.999999464264005,NA,NA,0.303069693030697,0.803825456870371,0.717628237176282,0.693830616938306,0.34026597340266,0.779222077792221,0.59024097590241,0.645417489288741,0.303069693030697,0.803825456870371,0.534842624571654,0.808865114907176,0.803825456870371,"AT4G08870;AT4G08900;AT5G46180;AT5G14800","6.260e-01;9.241e-01;3.126e-01;3.396e-01","stouffer_p_analytic",0,0,5,"Remains_nonsignificant"
"PWY0-501","lipoate biosynthesis and incorporation I",5,0.664033375843296,0.537540240868064,0.767657383743291,0.01,0,0.447496294577907,0.157818928026065,NA,0.486454464963278,0.999999464264005,NA,NA,0.303369663033697,0.803825456870371,0.67023297670233,0.541745825417458,0.415158484151585,0.454354564543546,0.156484351564844,0.403693622933295,0.303369663033697,0.803825456870371,0.534842624571654,0.808865114907176,0.803825456870371,"AT1G04640;AT1G47578;AT4G31050;AT5G08415;AT2G20860","2.608e-01;1.119e-01;4.783e-01;8.962e-01;9.139e-01","stouffer_p_analytic",0,0,5,"Remains_nonsignificant"
"PWY-7185","UTP and CTP dephosphorylation I",16,0.341198373739865,0.714132012127188,0.457012476899359,0.01,0.475216275154146,0.118968491935666,0.350819618317103,NA,0.330794907056982,0.999999464264005,NA,NA,0.307869213078692,0.803825456870371,0.34046595340466,0.723027697230277,0.495050494950505,0.117388261173883,0.356764323567643,0.337964336096948,0.307869213078692,0.803825456870371,0.534842624571654,0.808865114907176,0.803825456870371,"AT1G14240;AT1G14230;AT4G19180;AT1G14250;AT2G02970;AT5G48960;AT1G75210;AT4G14930;AT2G38680;AT2G23890;AT1G72880;AT4G20320;AT2G34890;AT1G30820;AT3G12670;AT4G02120","7.735e-01;9.876e-01;2.343e-01;6.414e-01;3.530e-01;3.286e-01;7.352e-01;8.675e-01;3.478e-01;5.420e-01;4.136e-01;7.372e-01;7.885e-03;5.261e-01;7.740e-01;8.416e-01","minp_p_analytic",0,0,5,"Remains_nonsignificant"
"GLUTAMINDEG-PWY","L-glutamine degradation I",27,0.200647428710387,0.84050270236163,0.247513843066514,0.05,6.749159151893,0.192443242865174,0.218976579566348,NA,0.317673200915518,0.999999464264005,NA,NA,0.308269173082692,0.803825456870371,0.202079792020798,0.839216078392161,0.308269173082692,0.194480551944806,0.220677932206779,0.334222705252993,0.308269173082692,0.803825456870371,0.534842624571654,0.808865114907176,0.803825456870371,"AT5G60540;AT5G53460;AT4G32915;AT4G34880;AT4G05400;AT1G48520;AT3G25660;AT5G07360;AT4G26900;AT1G63660;AT4G02120;AT4G20320;AT2G34890;AT1G30820;AT3G12670;AT2G03667;AT5G10240;AT5G65010;AT3G47340;AT1G29900;AT3G27740;AT2G38210;AT3G16050;AT5G01410;AT2G38230;AT2G41220;AT5G04140","6.923e-01;7.268e-01;9.474e-01;9.516e-01;4.095e-01;3.728e-01;4.482e-01;6.750e-01;1.126e-01;6.752e-01;8.416e-01;7.372e-01;7.885e-03;5.261e-01;7.740e-01;5.940e-01;7.882e-01;8.114e-01;5.947e-01;6.777e-01;5.565e-01;5.460e-01;8.849e-01;1.085e-02;4.242e-01;5.557e-01;9.685e-01","minp_p_analytic",0,0,5,"Remains_nonsignificant"
"GLYCOLYSIS","glycolysis I (from glucose 6-phosphate)",62,0.401652618949227,0.940682005484662,0.673608248973007,0.01,0.59768655287313,0.369695744636636,0.0267275690019805,NA,0.203530937497935,0.999999464264005,NA,NA,0.309369063093691,0.803825456870371,0.397260273972603,0.939406059394061,0.715028497150285,0.371662833716628,0.0382961703829617,0.326029188236677,0.309369063093691,0.803825456870371,0.534842624571654,0.808865114907176,0.803825456870371,"AT5G42740;AT4G24620;AT1G22170;AT3G26780;AT5G62840;AT1G08940;AT3G05170;AT5G64380;AT3G54050;AT1G43670;AT1G06730;AT1G19600;AT4G27600;AT5G47810;AT2G22480;AT5G56630;AT5G61580;AT4G29220;AT4G32840;AT4G26270;AT2G01140;AT2G36460;AT4G38970;AT2G21330;AT3G52930;AT5G03690;AT4G26530;AT4G26520;AT3G55440;AT2G21170;AT1G13440;AT3G62410;AT1G12900;AT3G26650;AT1G42970;AT3G04120;AT1G79530;AT1G16300;AT3G12780;AT1G56190;AT1G79550;AT3G08590;AT1G09780;AT3G30841;AT4G09520;AT2G29560;AT2G36530;AT1G74030;AT3G55650;AT3G55810;AT5G56350;AT5G63680;AT3G25960;AT4G26390;AT2G36580;AT3G04050;AT3G49160;AT5G08570;AT3G52990;AT3G22960;AT1G32440;AT5G52920","9.116e-01;4.955e-01;8.180e-01;1.859e-02;3.413e-01;1.291e-01;8.169e-01;7.726e-01;4.565e-01;6.417e-02;1.766e-01;8.843e-01;7.787e-01;8.824e-01;5.151e-01;6.351e-01;5.572e-01;4.151e-01;8.525e-01;7.018e-01;5.237e-01;6.145e-01;6.637e-01;8.252e-01;3.835e-01;8.188e-01;1.131e-01;1.126e-01;5.858e-01;1.748e-01;4.525e-01;9.234e-01;5.998e-01;2.105e-01;2.308e-01;7.063e-01;2.051e-01;5.414e-01;8.981e-01;7.801e-01;6.595e-01;4.695e-01;2.809e-01;5.940e-01;5.985e-01;3.610e-01;6.461e-01;7.417e-03;1.607e-01;7.812e-01;8.750e-01;4.086e-01;6.005e-01;3.693e-01;7.438e-01;7.626e-01;9.694e-01;6.986e-01;9.639e-01;8.993e-01;8.218e-01;8.124e-01","stouffer_p_analytic",0.2,1,5,"Remains_nonsignificant"
"PWY-6577","farnesylcysteine salvage pathway",4,0.6178297438819,0.824277302540465,0.754651232330458,0.01,0,0.911268543527844,0.208039495515249,NA,0.757140256770412,0.999999464264005,NA,NA,0.30966903309669,0.803825456870371,0.612938706129387,0.822517748225178,0.342665733426657,0.910608939106089,0.222877712228777,0.70341074167742,0.30966903309669,0.803825456870371,0.534842624571654,0.808865114907176,0.803825456870371,"AT3G03350;AT5G58560;AT5G63910;AT2G22650","6.220e-01;7.862e-01;5.116e-01;4.542e-01","stouffer_p_analytic",0,0,5,"Remains_nonsignificant"
"PWY-5060","luteolin biosynthesis",4,0.684399066563344,0.784305163464253,0.754651356385145,0.01,0,0.805154757033184,0.746266781253551,NA,0.760094150981028,0.999999464264005,NA,NA,0.30986901309869,0.803825456870371,0.687731226877312,0.787021297870213,0.340965903409659,0.805919408059194,0.743625637436256,0.706065978105293,0.30986901309869,0.803825456870371,0.534842624571654,0.808865114907176,0.803825456870371,"AT5G07990;AT2G46660;AT1G01190;AT3G61880","4.887e-01;8.891e-01;6.390e-01;3.356e-01","acat_p",0,0,5,"Remains_nonsignificant"
"PWY-1581","plastoquinol-9 biosynthesis I",4,0.740999418012055,0.83004495187597,0.754651396708346,0.01,0,0.760418686550403,0.40799641061901,NA,0.731012551234524,0.999999464264005,NA,NA,0.31046895310469,0.803825456870371,0.737326267373263,0.834516548345166,0.345565443455654,0.768223177682232,0.409159084091591,0.670678439187862,0.31046895310469,0.803825456870371,0.534842624571654,0.808865114907176,0.803825456870371,"AT3G63410;AT3G11950;AT3G11945;AT1G06570","3.004e-01;8.359e-01;8.854e-01;5.266e-01","stouffer_p_analytic",0,0,5,"Remains_nonsignificant"
"PWY490-4","L-asparagine biosynthesis III (tRNA-dependent)",27,0.200647428710387,0.84050270236163,0.247511604507439,0.05,6.749159151893,0.192443242865174,0.218976579566348,NA,0.317672558481171,0.999999464264005,NA,NA,0.312768723127687,0.803825456870371,0.1995800419958,0.833916608339166,0.312468753124688,0.191280871912809,0.224377562243776,0.330641147855491,0.312768723127687,0.803825456870371,0.534842624571654,0.808865114907176,0.803825456870371,"AT4G32915;AT4G34880;AT1G48520;AT5G60540;AT5G53460;AT4G05400;AT3G25660;AT5G07360;AT4G26900;AT1G63660;AT4G02120;AT4G20320;AT2G34890;AT1G30820;AT3G12670;AT2G03667;AT5G10240;AT5G65010;AT3G47340;AT1G29900;AT3G27740;AT2G38210;AT3G16050;AT5G01410;AT2G38230;AT2G41220;AT5G04140","9.474e-01;9.516e-01;3.728e-01;6.923e-01;7.268e-01;4.095e-01;4.482e-01;6.750e-01;1.126e-01;6.752e-01;8.416e-01;7.372e-01;7.885e-03;5.261e-01;7.740e-01;5.940e-01;7.882e-01;8.114e-01;5.947e-01;6.777e-01;5.565e-01;5.460e-01;8.849e-01;1.085e-02;4.242e-01;5.557e-01;9.685e-01","minp_p_analytic",0,0,5,"Remains_nonsignificant"
"PWY-5971","palmitate biosynthesis II (bacteria and plants)",35,0.250793892549256,0.785563703226817,0.304885313388603,0.01,1.77791131516692,0.134264843840929,0.347590139687411,NA,0.319089641392341,0.999999464264005,NA,NA,0.313068693130687,0.803825456870371,0.244175582441756,0.787021297870213,0.386661333866613,0.131986801319868,0.346165383461654,0.330742675227333,0.313068693130687,0.803825456870371,0.534842624571654,0.808865114907176,0.803825456870371,"AT3G05970;AT5G27600;AT3G06460;AT1G66120;AT3G16910;AT1G77590;AT1G49430;AT1G64400;AT2G04350;AT2G47240;AT4G11030;AT4G23850;AT1G62940;AT3G16170;AT2G22230;AT5G10160;AT3G25110;AT1G08510;AT1G35290;AT1G35250;AT1G68260;AT1G68280;AT1G66550;AT2G05990;AT5G64250;AT1G24360;AT1G62610;AT2G17845;AT1G10310;AT3G55290;AT3G46170;AT3G55310;AT1G63380;AT1G74960;AT5G46290","5.174e-01;4.111e-03;5.588e-01;4.311e-01;4.390e-01;1.595e-02;8.419e-01;2.187e-01;3.536e-01;3.719e-01;9.069e-01;4.610e-01;3.330e-01;4.863e-01;5.529e-01;8.556e-01;5.188e-01;3.439e-01;9.019e-01;6.735e-01;6.894e-01;9.633e-01;9.147e-01;4.562e-01;7.231e-01;4.476e-01;9.916e-01;5.359e-01;8.227e-01;7.433e-01;4.121e-01;6.851e-01;1.410e-01;9.120e-01;2.356e-01","minp_p_analytic",0,0,5,"Remains_nonsignificant"
"ASPARAGINE-DEG1-PWY","L-asparagine degradation I",4,0.712264173017614,0.846418396840466,0.754651318283734,0.01,0,0.84209799070651,0.84125495251723,NA,0.811051923223353,0.999999464264005,NA,NA,0.314768523147685,0.803825456870371,0.71042895710429,0.843415658434157,0.33986601339866,0.837216278372163,0.835416458354165,0.76895853119692,0.314768523147685,0.803825456870371,0.534842624571654,0.808865114907176,0.803825456870371,"AT4G00590;AT5G08100;AT3G16150;AT5G22300","3.696e-01;7.843e-01;8.706e-01;5.058e-01","acat_p",0,0,5,"Remains_nonsignificant"
"HOMOSER-THRESYN-PWY","L-threonine biosynthesis",4,0.549714613327113,0.769973854368464,0.754651438510488,0.01,0,0.909740654729286,0.886744987698697,NA,0.82982180042474,0.999999464264005,NA,NA,0.314868513148685,0.803825456870371,0.547645235476452,0.768423157684232,0.336666333366663,0.91040895910409,0.887711228877112,0.800070608580882,0.314868513148685,0.803825456870371,0.534842624571654,0.808865114907176,0.803825456870371,"AT1G72810;AT4G29840;AT4G35295;AT2G17265","5.977e-01;5.138e-01;6.271e-01;4.519e-01","acat_p",0,0,5,"Remains_nonsignificant"
"PWY-66","GDP-L-fucose biosynthesis I (from GDP-D-mannose)",4,0.566846131554703,0.724428678335223,0.754651516560344,0.01,0,0.870277815738847,0.667555288906657,NA,0.749722065037023,0.999999464264005,NA,NA,0.314968503149685,0.803825456870371,0.567843215678432,0.721627837216278,0.346865313468653,0.87051294870513,0.671632836716328,0.692245750888548,0.314968503149685,0.803825456870371,0.534842624571654,0.808865114907176,0.803825456870371,"AT1G17890;AT1G73250;AT5G66280;AT3G51160","7.955e-01;4.038e-01;5.484e-01;3.999e-01","acat_p",0,0,5,"Remains_nonsignificant"
"GLUTSYNIII-PWY","L-glutamate biosynthesis III",4,0.739834991792163,0.908864597597769,0.754651235940783,0.01,0,0.840501322036781,0.650901945656817,NA,0.816743549184941,0.999999464264005,NA,NA,0.315768423157684,0.803825456870371,0.731726827317268,0.904109589041096,0.33996600339966,0.833516648335166,0.644035596440356,0.773002571373509,0.315768423157684,0.803825456870371,0.534842624571654,0.808865114907176,0.803825456870371,"AT1G51720;AT3G03910;AT5G07440;AT5G18170","3.680e-01;7.450e-01;8.067e-01;8.374e-01","stouffer_p_analytic",0,0,5,"Remains_nonsignificant"
"PWY4FS-2","phosphatidylcholine biosynthesis II",10,0.885845959762913,0.582113501230221,0.227073745891063,0.01,0.884837785641474,0.0624219991772948,0.621520958152155,NA,0.33479833086947,0.999999464264005,NA,NA,0.316368363163684,0.803825456870371,0.886411358864114,0.584041595840416,0.250874912508749,0.0644935506449355,0.629337066293371,0.353467783580416,0.316368363163684,0.803825456870371,0.534842624571654,0.808865114907176,0.803825456870371,"AT3G25585;AT1G13560;AT4G15130;AT2G32260;AT3G18000;AT1G73600;AT1G48600;AT1G04430;AT5G06050;AT5G14430","8.722e-01;6.840e-01;4.230e-01;5.814e-01;9.954e-01;6.425e-03;5.772e-01;9.020e-01;3.957e-01;6.131e-01","minp_p_analytic",0,0,5,"Remains_nonsignificant"
"PWY-43","putrescine biosynthesis II",4,0.725884104013736,0.92284323419595,0.754651261922585,0.01,0,0.924594015440905,0.205582382398179,NA,0.83472154001347,0.999999464264005,NA,NA,0.317168283171683,0.803825456870371,0.71952804719528,0.915008499150085,0.340765923407659,0.917208279172083,0.202679732026797,0.787421184273961,0.317168283171683,0.803825456870371,0.534842624571654,0.808865114907176,0.803825456870371,"AT2G27450;AT5G08170;AT2G16500;AT4G34710","8.484e-01;7.271e-01;6.960e-01;4.760e-01","stouffer_p_analytic",0,0,5,"Remains_nonsignificant"
"PWY-1269","CMP-3-deoxy-D-<I>manno</I>-octulosonate biosynthesis",4,0.733695220830805,0.90397308873697,0.754651342266992,0.01,0,0.888020441069383,0.65611248226762,NA,0.829163149919125,0.999999464264005,NA,NA,0.319068093190681,0.803825456870371,0.728227177282272,0.899210078992101,0.344265573442656,0.886311368863114,0.665533446655334,0.794637498566167,0.319068093190681,0.803825456870371,0.534842624571654,0.808865114907176,0.803825456870371,"AT3G54690;AT1G16340;AT1G79500;AT1G53000","4.215e-01;6.412e-01;8.696e-01;7.628e-01","stouffer_p_analytic",0,0,5,"Remains_nonsignificant"
"PWY-1822","indole-3-acetate activation I",4,0.847279859929437,0.749840564232658,0.754651188744449,0.01,0,0.855360766296939,0.717878801160038,NA,0.798490465405946,0.999999464264005,NA,NA,0.321467853214679,0.803825456870371,0.847515248475152,0.751324867513249,0.348865113488651,0.856214378562144,0.72032796720328,0.759561178759254,0.321467853214679,0.803825456870371,0.534842624571654,0.808865114907176,0.803825456870371,"AT3G02875;AT1G51780;AT1G44350;AT5G56650","3.976e-01;5.402e-01;9.617e-01;3.833e-01","stouffer_p_analytic",0,0,5,"Remains_nonsignificant"
"PWY3O-450","phosphatidylcholine biosynthesis I",4,0.705975208616979,0.871410112729835,0.754650882695344,0.01,0,0.889154751742918,0.831518842624656,NA,0.83218625493145,0.999999464264005,NA,NA,0.322967703229677,0.803825456870371,0.704429557044296,0.866413358664134,0.344865513448655,0.884611538846115,0.832216778322168,0.798497443895521,0.322967703229677,0.803825456870371,0.534842624571654,0.808865114907176,0.803825456870371,"AT3G25585;AT1G13560;AT4G15130;AT2G32260","8.722e-01;6.840e-01;4.230e-01;5.814e-01","acat_p",0,0,5,"Remains_nonsignificant"
"PWY-4702","phytate degradation I",4,0.694446828614519,0.848649903199065,0.754651413221828,0.01,0,0.916044925724146,0.807040811455444,NA,0.835804024425029,0.999999464264005,NA,NA,0.323367663233677,0.803825456870371,0.693630636936306,0.845215478452155,0.345365463453655,0.913608639136086,0.812618738126187,0.805782293201519,0.323367663233677,0.803825456870371,0.534842624571654,0.808865114907176,0.803825456870371,"AT3G02870;AT4G39120;AT1G31190;AT1G09870","8.787e-01;5.255e-01;4.617e-01;6.060e-01","acat_p",0,0,5,"Remains_nonsignificant"
"SAM-PWY","S-adenosyl-L-methionine biosynthesis",4,0.843925299270595,0.895643000481582,0.754651424344867,0.01,0,0.882006799728189,0.792026440804703,NA,0.84880182930511,0.999999464264005,NA,NA,0.323867613238676,0.803825456870371,0.84011598840116,0.894210578942106,0.345065493450655,0.88001199880012,0.803419658034197,0.824360510763804,0.323867613238676,0.803825456870371,0.534842624571654,0.808865114907176,0.803825456870371,"AT2G36880;AT4G01850;AT3G17390;AT1G02500","7.798e-01;9.506e-01;4.139e-01;5.537e-01","tfisher_p_analytic",0,0,5,"Remains_nonsignificant"
"PWY-7528","L-methionine salvage cycle I (bacteria and plants)",4,0.843925299270595,0.895643000481582,0.754651132888954,0.01,0,0.882006799728189,0.792026440804703,NA,0.848801804186649,0.999999464264005,NA,NA,0.324867513248675,0.803825456870371,0.837716228377162,0.895510448955104,0.345265473452655,0.882611738826117,0.798720127987201,0.824813491944437,0.324867513248675,0.803825456870371,0.534842624571654,0.808865114907176,0.803825456870371,"AT2G36880;AT4G01850;AT3G17390;AT1G02500","7.798e-01;9.506e-01;4.139e-01;5.537e-01","tfisher_p_analytic",0,0,5,"Remains_nonsignificant"
"PWY-5441","S-methyl-L-methionine cycle",4,0.642903334350359,0.866887694355106,0.754651315592712,0.01,0,0.949840863543262,0.640995343079048,NA,0.85888250303109,0.999999464264005,NA,NA,0.326667333266673,0.803825456870371,0.638636136386361,0.866213378662134,0.344765523447655,0.94950504949505,0.636336366363364,0.836762061349037,0.326667333266673,0.803825456870371,0.534842624571654,0.808865114907176,0.803825456870371,"AT3G22740;AT3G63250;AT3G25900;AT5G49810","5.268e-01;5.827e-01;5.898e-01;7.898e-01","stouffer_p_analytic",0,0,5,"Remains_nonsignificant"
"PWY-5313","superpathway of anthocyanin biosynthesis (from cyanidin and cyanidin 3-<i>O</i>-glucoside)",5,0.659721362487891,0.927304175657491,0.767657250657894,0.01,0,0.975445437239455,0.324970097084712,NA,0.915072010071703,0.999999464264005,NA,NA,0.328667133286671,0.803825456870371,0.654434556544346,0.888311168883112,0.347965203479652,0.95050494950505,0.34016598340166,0.831914534394562,0.328667133286671,0.803825456870371,0.534842624571654,0.808865114907176,0.803825456870371,"AT5G17050;AT2G18570;AT4G36770;AT2G18560;AT5G17030","7.596e-01;6.778e-01;5.235e-01;5.970e-01;6.873e-01","stouffer_p_analytic",0,0,5,"Remains_nonsignificant"
"PWY-6164","3-dehydroquinate biosynthesis I",4,0.944798288282856,0.82415824107143,0.754650840959416,0.01,0,0.813566129976721,0.734330345501265,NA,0.861692293059482,0.999999464264005,NA,NA,0.328867113288671,0.803825456870371,0.939406059394061,0.825017498250175,0.34976502349765,0.816418358164184,0.727227277272273,0.834194958556415,0.328867113288671,0.803825456870371,0.534842624571654,0.808865114907176,0.803825456870371,"AT1G22410;AT4G33510;AT4G39980;AT5G66120","4.898e-01;6.857e-01;9.860e-01;3.429e-01","stouffer_p_analytic",0,0,5,"Remains_nonsignificant"
"PWY-6137","copper transport II",5,0.446407314219287,0.528603272529524,0.767656991826107,0.01,0,0.47018984614342,0.563893845207227,NA,0.571793792831292,0.999999464264005,NA,NA,0.32956704329567,0.803825456870371,0.445555444455554,0.530646935306469,0.411758824117588,0.475052494750525,0.55964403559644,0.484121221382341,0.32956704329567,0.803825456870371,0.534842624571654,0.808865114907176,0.803825456870371,"AT1G63440;AT5G21930;AT5G44790;AT4G37270;AT4G33520","5.795e-01;3.724e-01;1.193e-01;5.028e-01;8.424e-01","acat_p",0,0,5,"Remains_nonsignificant"
"PWY-5269","cardiolipin biosynthesis II",4,0.814387832755563,0.969946695819283,0.754651135246284,0.01,0,0.973313402414368,0.463945070776208,NA,0.93690066247578,0.999999464264005,NA,NA,0.333366663333667,0.803825456870371,0.821317868213179,0.971302869713029,0.341565843415658,0.974402559744026,0.464353564643536,0.9356756008762,0.333366663333667,0.803825456870371,0.534842624571654,0.808865114907176,0.803825456870371,"AT4G04870;AT3G58830;AT3G55030;AT2G39290","5.958e-01;8.955e-01;8.622e-01;6.844e-01","stouffer_p_analytic",0,0,5,"Remains_nonsignificant"
"PWY-4841","UDP-&alpha;-D-glucuronate biosynthesis (from <i>myo</i>-inositol)",7,0.302894904102784,0.361651953677968,0.656523864665352,0.05,0.585351562782084,0.233706555508317,0.649610661073522,NA,0.422538021474304,0.999999464264005,NA,NA,0.333666633336666,0.803825456870371,0.311068893110689,0.368263173682632,0.525347465253475,0.24047595240476,0.635336466353365,0.398938712488267,0.333666633336666,0.803825456870371,0.534842624571654,0.808865114907176,0.803825456870371,"AT5G52560;AT5G14470;AT3G01640;AT5G56640;AT2G19800;AT1G14520;AT4G26260","3.731e-02;3.480e-01;9.273e-01;5.071e-01;3.262e-01;3.386e-01;7.260e-01","minp_p_analytic",0,0,5,"Remains_nonsignificant"
"ASPARAGINESYN-PWY","L-asparagine biosynthesis II",4,0.722866161143673,0.935909934859061,0.75465156451431,0.01,0,0.972831762436261,0.390184813305356,NA,0.914208362479653,0.999999464264005,NA,NA,0.335166483351665,0.803825456870371,0.728527147285271,0.936506349365063,0.347265273472653,0.973102689731027,0.383461653834617,0.907517985167801,0.335166483351665,0.803825456870371,0.534842624571654,0.808865114907176,0.803825456870371,"AT2G03667;AT5G10240;AT5G65010;AT3G47340","5.940e-01;7.882e-01;8.114e-01;5.947e-01","stouffer_p_analytic",0,0,5,"Remains_nonsignificant"
"NAGLIPASYN-PWY","lipid IV<sub>A</sub> biosynthesis",7,0.80015942749368,0.37841846460394,0.732724337404869,0.1,1.03949921314207,0.366085201753857,0.125277940416803,NA,0.438233386901832,0.999999464264005,NA,NA,0.336266373362664,0.803825456870371,0.800719928007199,0.385761423857614,0.535046495350465,0.378862113788621,0.12968703129687,0.401486621762408,0.336266373362664,0.803825456870371,0.534842624571654,0.808865114907176,0.803825456870371,"AT4G29540;AT1G24793;AT1G25210;AT4G21220;AT4G05210;AT3G20480;AT2G04560","3.463e-01;8.094e-01;5.225e-01;9.806e-01;6.490e-01;9.432e-02;6.305e-02","stouffer_p_analytic",0,0,5,"Remains_nonsignificant"
"PROUT-PWY","L-proline degradation",5,0.633378115705243,0.694656618667635,0.767657383196699,0.01,0,0.688529037279328,0.327110984807183,NA,0.638982902378315,0.999999464264005,NA,NA,0.341465853414659,0.803825456870371,0.62963703629637,0.691330866913309,0.401259874012599,0.682131786821318,0.323167683231677,0.551734275621937,0.341465853414659,0.803825456870371,0.534842624571654,0.808865114907176,0.803825456870371,"AT3G30775;AT5G38710;AT5G62530;AT2G39800;AT3G55610","5.849e-01;4.313e-01;5.393e-01;9.078e-01;2.081e-01","stouffer_p_analytic",0,0,5,"Remains_nonsignificant"
"SUCSYN-PWY","sucrose biosynthesis I (from photosynthesis)",34,0.77688276833297,0.771284416173557,0.810229440480322,0.05,1.21321172098294,0.609256553667124,0.046057042710416,NA,0.342233116186648,0.999999464264005,NA,NA,0.342465753424658,0.803825456870371,0.779022097790221,0.774822517748225,0.84041595840416,0.608539146085392,0.0465953404659534,0.366343341106807,0.342465753424658,0.803825456870371,0.534842624571654,0.808865114907176,0.803825456870371,"AT5G42740;AT4G24620;AT1G08940;AT3G05170;AT5G64380;AT3G54050;AT1G43670;AT2G01140;AT2G36460;AT4G38970;AT2G21330;AT3G52930;AT5G03690;AT4G26530;AT4G26520;AT1G13440;AT3G62410;AT1G12900;AT3G26650;AT1G42970;AT3G04120;AT1G79530;AT1G16300;AT3G12780;AT1G56190;AT1G79550;AT1G51420;AT3G52340;AT3G54270;AT2G35840;AT5G11110;AT1G04920;AT5G20280;AT4G10120","9.116e-01;4.955e-01;1.291e-01;8.169e-01;7.726e-01;4.565e-01;6.417e-02;5.237e-01;6.145e-01;6.637e-01;8.252e-01;3.835e-01;8.188e-01;1.131e-01;1.126e-01;4.525e-01;9.234e-01;5.998e-01;2.105e-01;2.308e-01;7.063e-01;2.051e-01;5.414e-01;8.981e-01;7.801e-01;6.595e-01;7.650e-01;9.930e-01;3.471e-01;8.857e-01;1.260e-01;2.726e-02;7.351e-01;7.487e-01","stouffer_p_analytic",0.2,1,5,"Remains_nonsignificant"
"PWY-3801","sucrose degradation II (sucrose synthase)",33,0.129154420380812,0.927952547402028,0.227196112303165,0.01,2.11807672844765,0.108312289404454,0.433324154537847,NA,0.369277864333363,0.999999464264005,NA,NA,0.343065693430657,0.803825456870371,0.128087191280872,0.92050794920508,0.302269773022698,0.105589441055894,0.447655234476552,0.367331125828525,0.343065693430657,0.803825456870371,0.534842624571654,0.808865114907176,0.803825456870371,"AT5G51820;AT1G70820;AT5G17530;AT1G70730;AT1G23190;AT5G42740;AT4G24620;AT3G56040;AT5G17310;AT3G03250;AT2G35020;AT5G52560;AT1G06020;AT1G50390;AT5G51830;AT2G31390;AT3G59480;AT1G06030;AT4G10260;AT1G69200;AT1G66430;AT3G54090;AT4G37840;AT3G20040;AT1G50460;AT1G47840;AT4G29130;AT5G49190;AT5G37180;AT5G20830;AT4G02280;AT3G43190;AT1G73370","5.595e-01;8.897e-01;7.456e-01;9.001e-01;5.200e-01;9.116e-01;4.955e-01;7.443e-01;3.618e-01;8.353e-01;3.468e-03;3.731e-02;4.755e-01;7.250e-01;5.009e-01;5.775e-01;7.660e-01;4.850e-01;9.408e-01;6.100e-01;3.310e-01;6.072e-01;7.997e-01;5.419e-01;3.910e-01;5.748e-01;5.836e-01;5.077e-01;7.097e-01;6.254e-01;7.283e-01;2.338e-01;6.394e-01","minp_p_analytic",0,0,5,"Remains_nonsignificant"
"PWY-6733","sporopollenin precursors biosynthesis",45,0.189043297441013,0.812544252483651,0.377101642481096,0.01,1.77791131516692,0.169202713691053,0.468909703803348,NA,0.368642672385402,0.999999464264005,NA,NA,0.357164283571643,0.825630996222412,0.18948105189481,0.811118888111189,0.474552544745525,0.168883111688831,0.471452854714529,0.386159364755071,0.357164283571643,0.825630996222412,0.549351411022201,0.830807366104684,0.825630996222412,"AT1G02050;AT4G34850;AT4G00040;AT4G35420;AT1G68540;AT3G44540;AT3G44550;AT3G60060;AT3G11980;AT3G44560;AT3G56700;AT5G22500;AT5G48370;AT2G30720;AT3G61200;AT3G16175;AT2G29590;AT1G52191;AT1G04290;AT4G00520;AT1G01710;AT3G52570;AT4G10030;AT1G01600;AT1G63710;AT4G00360;AT5G58860;AT1G69500;AT2G27690;AT2G45970;AT3G05970;AT1G77590;AT1G49430;AT1G64400;AT2G04350;AT2G47240;AT4G11030;AT4G23850;AT5G27600;AT1G62940;AT3G16170;AT1G01280;AT3G06460;AT1G66120;AT3G16910","6.245e-01;8.956e-01;9.826e-01;3.982e-01;5.296e-01;2.709e-01;3.742e-01;6.244e-01;4.312e-01;3.337e-01;6.377e-01;1.457e-01;5.235e-01;4.551e-01;5.748e-01;4.295e-01;3.431e-01;8.600e-01;7.772e-01;3.240e-01;4.710e-01;7.452e-01;3.510e-01;8.176e-01;6.234e-01;4.902e-01;9.116e-01;7.774e-01;4.810e-01;5.601e-01;5.174e-01;1.595e-02;8.419e-01;2.187e-01;3.536e-01;3.719e-01;9.069e-01;4.610e-01;4.111e-03;3.330e-01;4.863e-01;7.795e-01;5.588e-01;4.311e-01;4.390e-01","minp_p_analytic",0,0,5,"Remains_nonsignificant"
"PWY-7546","diphthamide biosynthesis II (eukaryotes)",5,0.684400012719962,0.76710677205015,0.767657027135215,0.01,0,0.755694438728559,0.587243024901706,NA,0.722504734288852,0.999999464264005,NA,NA,0.371962803719628,0.825630996222412,0.685031496850315,0.766823317668233,0.415358464153585,0.756424357564244,0.592140785921408,0.66420435868081,0.371962803719628,0.825630996222412,0.549351411022201,0.830807366104684,0.825630996222412,"AT4G31790;AT5G63010;AT3G59630;AT5G62030;AT3G04480","5.210e-01;4.589e-01;7.044e-01;2.456e-01;9.141e-01","stouffer_p_analytic",0,0,5,"Remains_nonsignificant"
"PWY-8001","felinine and 3-methyl-3-sulfanylbutan-1-ol biosynthesis",5,0.498465500100151,0.721099940724445,0.767657555895309,0.01,0,0.900281649303248,0.645366984274298,NA,0.765840975801138,0.999999464264005,NA,NA,0.373962603739626,0.825630996222412,0.499250074992501,0.716728327167283,0.410858914108589,0.901609839016098,0.653934606539346,0.721523324331669,0.373962603739626,0.825630996222412,0.549351411022201,0.830807366104684,0.825630996222412,"AT4G29210;AT1G69820;AT4G39640;AT4G39650;AT3G20390","3.694e-01;5.593e-01;4.900e-01;5.260e-01;5.542e-01","acat_p",0,0,5,"Remains_nonsignificant"
"PWY-5068","chlorophyll cycle",5,0.830185396640203,0.925319838873409,0.767656633203069,0.01,0,0.702321804501385,0.238160677945887,NA,0.794899618823253,0.999999464264005,NA,NA,0.375462453754625,0.825630996222412,0.83021697830217,0.923307669233077,0.406459354064594,0.702029797020298,0.238976102389761,0.753939422546161,0.375462453754625,0.825630996222412,0.549351411022201,0.830807366104684,0.825630996222412,"AT1G04620;AT4G13250;AT5G04900;AT1G44446;AT3G51820","2.152e-01;9.164e-01;8.314e-01;7.284e-01;9.093e-01","stouffer_p_analytic",0,0,5,"Remains_nonsignificant"
"GLNSYN-PWY","L-glutamine biosynthesis I",7,0.383742799241681,0.537016705653926,0.760415813574928,0.1,0.415557055426075,0.447389826945673,0.564048404796318,NA,0.552937096594572,0.999999464264005,NA,NA,0.385261473852615,0.825630996222412,0.381861813818618,0.538746125387461,0.522247775222478,0.445555444455554,0.562243775622438,0.489086538095149,0.385261473852615,0.825630996222412,0.549351411022201,0.830807366104684,0.825630996222412,"AT5G35630;AT3G53180;AT5G37600;AT1G66200;AT3G17820;AT5G16570;AT1G48470","4.236e-01;4.297e-01;7.747e-01;3.264e-01;8.124e-02;6.594e-01;6.517e-01","acat_p",0,0,5,"Remains_nonsignificant"
"PWY-5172","acetyl-CoA biosynthesis III (from citrate)",5,0.878380106409141,0.8532969930843,0.76765721351718,0.01,0,0.908992182257404,0.526833929809949,NA,0.840169016536559,0.999999464264005,NA,NA,0.389261073892611,0.825630996222412,0.883311668833117,0.853314668533147,0.413758624137586,0.905709429057094,0.527247275272473,0.816741905668116,0.389261073892611,0.825630996222412,0.549351411022201,0.830807366104684,0.825630996222412,"AT5G49460;AT1G60810;AT1G09430;AT3G06650;AT1G10670","4.319e-01;9.739e-01;6.612e-01;3.808e-01;5.954e-01","stouffer_p_analytic",0,0,5,"Remains_nonsignificant"
"PWY-3181","L-tryptophan degradation VI (via tryptamine)",5,0.901547139009573,0.895649156075768,0.767657425045213,0.01,0,0.876211957639999,0.798525649398613,NA,0.864099606190271,0.999999464264005,NA,NA,0.38966103389661,0.825630996222412,0.8999100089991,0.894910508949105,0.411458854114589,0.876012398760124,0.798020197980202,0.845811807662106,0.38966103389661,0.825630996222412,0.549351411022201,0.830807366104684,0.825630996222412,"AT1G02590;AT1G50780;AT3G43600;AT2G27150;AT5G20960","4.076e-01;9.771e-01;7.666e-01;3.415e-01;8.144e-01","tfisher_p_analytic",0,0,5,"Remains_nonsignificant"
"PWY-5027","phylloquinol biosynthesis",5,0.692705181802503,0.935281139611849,0.767657420101241,0.01,0,0.930167507494613,0.835043743170188,NA,0.882287753452901,0.999999464264005,NA,NA,0.390760923907609,0.825630996222412,0.68963103689631,0.935506449355064,0.409059094090591,0.93040695930407,0.82961703829617,0.868832430075277,0.390760923907609,0.825630996222412,0.549351411022201,0.830807366104684,0.825630996222412,"AT5G08740;AT3G44190;AT5G22140;AT1G23360;AT1G60600","7.053e-01;4.128e-01;7.996e-01;7.267e-01;7.055e-01","acat_p",0,0,5,"Remains_nonsignificant"
"PWY-5957","L-nicotianamine biosynthesis",5,0.97533304334013,0.627971209097216,0.767656824801047,0.01,0,0.578096804510608,0.278786624071519,NA,0.88963273641984,0.999999464264005,NA,NA,0.393660633936606,0.825630996222412,0.976202379762024,0.629137086291371,0.411158884111589,0.58034196580342,0.273072692730727,0.882190900035084,0.393660633936606,0.825630996222412,0.549351411022201,0.830807366104684,0.825630996222412,"AT4G26483;AT1G56430;AT5G56080;AT5G04950;AT1G09240","1.585e-01;3.324e-01;5.347e-01;6.503e-01;9.952e-01","stouffer_p_analytic",0,0,5,"Remains_nonsignificant"
"PANTO-PWY","phosphopantothenate biosynthesis I",6,0.803957807058028,0.727563590004756,0.779219371444489,0.01,0,0.496867257550387,0.373077365211482,NA,0.674477680588578,0.999999464264005,NA,NA,0.394960503949605,0.825630996222412,0.804619538046195,0.728927107289271,0.464053594640536,0.492250774922508,0.368063193680632,0.605300049015858,0.394960503949605,0.825630996222412,0.549351411022201,0.830807366104684,0.825630996222412,"AT1G60440;AT4G32180;AT2G46110;AT3G61530;AT5G34780;AT5G48840","9.604e-01;1.082e-01;6.119e-01;4.348e-01;5.161e-01;9.006e-01","stouffer_p_analytic",0,0,5,"Remains_nonsignificant"
"PWY-6762","salicylate glucosides biosynthesis IV",5,0.806113337360735,0.958971161761443,0.767657460930469,0.01,0,0.879238828309862,0.671499984979024,NA,0.886104109076749,0.999999464264005,NA,NA,0.396260373962604,0.825630996222412,0.808219178082192,0.961303869613039,0.413658634136586,0.882211778822118,0.666933306669333,0.879034369149448,0.396260373962604,0.825630996222412,0.549351411022201,0.830807366104684,0.825630996222412,"AT2G43820;AT2G43840;AT4G01070;AT1G01390;AT1G01420","8.300e-01;7.937e-01;3.448e-01;9.161e-01;7.470e-01","stouffer_p_analytic",0,0,5,"Remains_nonsignificant"
"PWY-7208","superpathway of pyrimidine nucleobases salvage",6,0.532266680171456,0.762858661848607,0.77921917914583,0.01,0,0.521962281623253,0.585311563098176,NA,0.659201406308939,0.999999464264005,NA,NA,0.400759924007599,0.825630996222412,0.533146685331467,0.762823717628237,0.473652634736526,0.526747325267473,0.584041595840416,0.590439030337483,0.400759924007599,0.825630996222412,0.549351411022201,0.830807366104684,0.825630996222412,"AT4G26510;AT3G27440;AT3G27190;AT1G55810;AT5G40870;AT3G53900","1.157e-01;7.196e-01;7.312e-01;5.888e-01;6.073e-01;7.311e-01","minp_p_analytic",0,0,5,"Remains_nonsignificant"
"PWY-7120","esterified suberin biosynthesis",5,0.651472408029607,0.917392521535653,0.767657262803815,0.01,0,0.973978286689217,0.64984629037475,NA,0.914269364753044,0.999999464264005,NA,NA,0.405559444055594,0.825630996222412,0.654634536546345,0.91960803919608,0.42035796420358,0.972702729727027,0.655734426557344,0.905325417394209,0.405559444055594,0.825630996222412,0.549351411022201,0.830807366104684,0.825630996222412,"AT5G41040;AT4G31910;AT1G03390;AT5G63560;AT3G48720","6.093e-01;6.477e-01;6.347e-01;7.804e-01;5.180e-01","stouffer_p_analytic",0,0,5,"Remains_nonsignificant"
"PWY-5486","pyruvate fermentation to ethanol II",13,0.358925797117259,0.674760804041478,0.660524292948821,0.05,1.4619756679711,0.271494069149542,0.411135763284872,NA,0.470103671706655,0.999999464264005,NA,NA,0.407459254074593,0.825630996222412,0.365963403659634,0.665233476652335,0.643835616438356,0.258374162583742,0.419158084191581,0.462019268073739,0.407459254074593,0.825630996222412,0.549351411022201,0.830807366104684,0.825630996222412,"AT4G33070;AT5G01330;AT5G54960;AT5G01320;AT1G77120;AT2G29350;AT1G22440;AT1G32780;AT1G22430;AT1G64710;AT4G22110;AT5G42250;AT5G24760","5.939e-01;3.008e-01;2.407e-02;3.644e-01;5.769e-01;7.740e-01;7.574e-01;8.667e-01;7.293e-01;9.158e-01;4.251e-01;3.202e-01;3.523e-01","minp_p_analytic",0,0,5,"Remains_nonsignificant"
"PWY-7417","phospholipid remodeling (phosphatidate, yeast)",7,0.413716737472629,0.573615955904344,0.789666583591024,0.01,0,0.613298851732269,0.477453008947331,NA,0.595384032328646,0.999999464264005,NA,NA,0.407659234076592,0.825630996222412,0.421757824217578,0.577642235776422,0.528747125287471,0.621037896210379,0.478552144785521,0.526724572708258,0.407659234076592,0.825630996222412,0.549351411022201,0.830807366104684,0.825630996222412,"AT4G30580;AT3G57650;AT1G51260;AT4G24160;AT3G18850;AT1G75020;AT1G64670","6.192e-01;4.011e-01;4.796e-01;7.297e-01;4.227e-01;1.269e-01;4.336e-01","acat_p",0,0,5,"Remains_nonsignificant"
"PWY-112","lupeol biosynthesis",5,0.967780675966582,0.998799563262794,0.767657214915066,0.01,0,0.979504397127251,0.404472787494785,NA,0.994537367456607,0.999999464264005,NA,NA,0.408059194080592,0.825630996222412,0.965403459654035,0.998600139986001,0.409459054094591,0.978902109789021,0.404559544045595,0.993660345110863,0.408059194080592,0.825630996222412,0.549351411022201,0.830807366104684,0.825630996222412,"AT1G78960;AT1G66960;AT1G78480;AT1G78500;AT1G78970","9.635e-01;5.405e-01;9.525e-01;9.434e-01;9.887e-01","stouffer_p_analytic",0,0,5,"Remains_nonsignificant"
"PWY-5377","&alpha;-amyrin biosynthesis",5,0.947927800256445,0.998631975902555,0.767657404828324,0.01,0,0.979504397127251,0.409458948869806,NA,0.99376113554865,0.999999464264005,NA,NA,0.411258874112589,0.825630996222412,0.947505249475053,0.998600139986001,0.412258774122588,0.980901909809019,0.403359664033597,0.993620492633283,0.411258874112589,0.825630996222412,0.549351411022201,0.830807366104684,0.825630996222412,"AT1G78500;AT1G66960;AT1G78480;AT1G78955;AT1G78960","9.434e-01;5.405e-01;9.525e-01;9.658e-01;9.635e-01","stouffer_p_analytic",0,0,5,"Remains_nonsignificant"
"PWY-3781","aerobic respiration I (cytochrome c)",261,0.74535162252293,0.9999998928529,0.313282522058276,0.01,8.70931656702727,0.13681556918657,0.270303552073274,NA,0.999999464264005,0.999999464264005,NA,NA,0.414358564143586,0.825630996222412,0.74032596740326,1,0.435256474352565,0.127887211278872,0.315168483151685,0.443397677009726,0.414358564143586,0.825630996222412,0.549351411022201,0.830807366104684,0.825630996222412,"AT1G03510;AT1G03540;AT1G04840;AT1G05750;AT1G06140;AT1G08070;AT1G09190;AT1G09220;AT1G09410;AT1G10330;AT1G11290;AT1G13410;AT1G15510;AT1G16480;AT1G17630;AT1G18485;AT1G19720;AT1G20230;AT1G23450;AT1G25360;AT1G26900;AT1G28690;AT1G29710;AT1G31430;AT1G31790;AT1G31920;AT1G32415;AT1G33350;AT1G34160;AT1G43980;AT1G50270;AT1G52710;AT1G53600;AT1G56570;AT1G56690;AT1G59720;AT1G62260;AT1G64310;AT1G68930;AT1G69350;AT1G71420;AT1G71490;AT1G74400;AT1G74600;AT1G74630;AT1G77010;AT1G77150;AT1G77170;AT2G01510;AT2G02750;AT2G02980;AT2G03380;AT2G03880;AT2G04860;AT2G13600;AT2G15690;AT2G17210;AT2G20540;AT2G21090;AT2G22070;AT2G22410;AT2G25580;AT2G27229;AT2G27610;AT2G29760;AT2G33680;AT2G33760;AT2G34370;AT2G34400;AT2G35030;AT2G36730;AT2G36980;AT2G37310;AT2G37320;AT2G39620;AT2G40720;AT2G41080;AT2G42920;AT2G44880;AT2G45350;AT2G46050;AT3G01580;AT3G02010;AT3G02330;AT3G03580;AT3G04750;AT3G05240;AT3G05340;AT3G08820;AT3G09040;AT3G11460;AT3G12770;AT3G13770;AT3G13880;AT3G14330;AT3G14730;AT3G15130;AT3G15930;AT3G16610;AT3G18840;AT3G18970;AT3G20730;AT3G21470;AT3G22150;AT3G22690;AT3G23330;AT3G24000;AT3G25060;AT3G25970;AT3G26630;AT3G26782;AT3G28640;AT3G28660;AT3G29230;AT3G46790;AT3G47530;AT3G47840;AT3G49142;AT3G49170;AT3G49710;AT3G49740;AT3G50420;AT3G51320;AT3G53360;AT3G56550;AT3G57430;AT3G58590;AT3G61170;AT3G62400;AT3G62890;AT3G63370;AT4G01030;AT4G02750;AT4G04370;AT4G08210;AT4G13650;AT4G14050;AT4G14170;AT4G14820;AT4G14850;AT4G15720;AT4G16470;AT4G16835;AT4G18750;AT4G18840;AT4G19191;AT4G19220;AT4G20770;AT4G21065;AT4G21300;AT4G22760;AT4G25270;AT4G30700;AT4G31070;AT4G32430;AT4G32450;AT4G33170;AT4G33990;AT4G35130;AT4G37170;AT4G37380;AT4G38010;AT4G39530;AT4G39952;AT5G03800;AT5G04780;AT5G06540;AT5G08305;AT5G08490;AT5G08510;AT5G09950;AT5G13230;AT5G13270;AT5G15300;AT5G15340;AT5G16860;AT5G19020;AT5G27110;AT5G37570;AT5G39350;AT5G39680;AT5G40405;AT5G40410;AT5G42450;AT5G43790;AT5G44230;AT5G46460;AT5G47460;AT5G48910;AT5G50390;AT5G50990;AT5G52630;AT5G52850;AT5G55740;AT5G56310;AT5G59200;AT5G59600;AT5G61310;AT5G61800;AT5G65570;AT5G66500;AT5G66520;AT2G47380;AT1G80230;AT3G15640;AT4G37830;AT1G67350;AT1G70760;AT3G18410;AT3G62790;AT4G26965;AT4G28005;AT5G04750;AT2G33220;AT3G27890;AT5G08530;AT2G02050;AT5G67590;AT1G49140;AT5G37510;AT4G02580;AT5G11770;AT1G79010;AT3G03100;AT5G52840;AT3G08610;AT3G48680;AT3G12260;AT4G16450;AT5G66510;AT1G47260;AT3G57785;AT5G63510;AT2G31490;AT2G47690;AT2G42310;AT2G27730;AT4G20150;AT1G19580;AT2G20360;AT1G16700;AT2G46505;AT4G32210;AT2G18450;AT5G65165;AT3G27380;AT5G62575;AT1G47420;AT2G46390;AT1G08480;AT3G47833;AT5G09600;AT5G66760;AT5G40650;AT3G27240;AT3G16480;AT3G02090;AT1G51980;AT5G40810;AT5G13440;AT5G13430","9.528e-01;9.523e-01;1.890e-02;4.146e-01;7.860e-01;6.275e-01;9.532e-01;9.466e-01;3.498e-01;9.797e-01;5.815e-01;4.072e-01;3.029e-01;1.306e-01;9.367e-01;6.382e-01;8.207e-01;5.626e-01;4.571e-01;7.951e-02;7.392e-01;6.951e-01;4.728e-01;6.359e-01;6.410e-01;6.279e-01;6.773e-01;5.351e-01;7.118e-01;4.819e-01;6.652e-01;7.304e-01;9.532e-01;4.444e-01;8.470e-01;4.767e-01;4.368e-01;6.003e-01;6.077e-01;5.642e-01;8.098e-01;4.067e-01;7.128e-03;1.730e-02;1.962e-02;7.450e-01;4.067e-01;3.823e-01;4.587e-01;9.111e-01;4.168e-01;4.855e-01;8.011e-01;8.818e-01;2.043e-01;5.926e-01;4.049e-01;7.387e-01;5.157e-01;8.627e-01;9.911e-01;3.346e-01;9.965e-01;4.283e-01;9.666e-01;5.108e-01;6.406e-01;2.158e-01;2.126e-01;3.198e-03;5.182e-01;5.386e-01;9.990e-01;4.226e-01;7.886e-01;6.012e-01;4.887e-01;7.182e-01;4.657e-01;4.369e-01;5.658e-01;9.867e-01;9.927e-01;5.628e-01;7.524e-01;3.561e-01;5.120e-01;7.549e-01;7.698e-01;6.914e-01;3.611e-01;8.183e-01;9.150e-02;5.881e-01;8.214e-01;6.082e-01;5.008e-01;9.602e-01;8.437e-01;3.317e-01;7.079e-02;5.635e-04;5.713e-02;4.141e-01;6.266e-01;4.435e-01;1.713e-01;3.492e-01;5.704e-01;8.070e-01;4.610e-01;5.517e-01;6.520e-01;4.720e-01;5.891e-01;5.863e-01;4.444e-01;8.502e-01;5.948e-01;9.334e-01;1.476e-01;5.923e-01;6.331e-01;1.555e-01;9.646e-01;8.893e-01;9.136e-01;8.727e-01;5.430e-01;9.369e-01;2.453e-01;3.364e-01;8.269e-01;5.304e-01;5.932e-01;9.967e-01;8.035e-01;9.321e-01;7.182e-01;7.389e-01;6.953e-01;9.150e-01;9.905e-01;6.631e-01;8.815e-01;1.441e-01;8.809e-01;5.158e-01;4.295e-01;8.863e-01;7.634e-01;9.863e-01;9.918e-01;4.325e-01;5.274e-01;4.596e-01;8.440e-01;8.641e-01;7.535e-01;8.987e-01;7.007e-01;3.894e-01;2.482e-01;7.694e-01;9.617e-01;6.022e-01;7.809e-01;6.970e-01;9.295e-01;5.482e-01;4.260e-01;6.977e-01;4.420e-01;8.364e-01;4.450e-01;8.302e-01;6.452e-01;5.937e-01;6.642e-01;4.543e-02;1.504e-01;7.165e-01;7.487e-01;3.365e-01;7.282e-01;2.978e-01;5.517e-01;7.673e-01;2.200e-01;6.777e-01;3.574e-01;3.279e-01;6.341e-01;1.142e-01;3.575e-01;4.613e-01;3.301e-01;5.745e-01;8.070e-01;6.632e-01;4.603e-01;3.240e-01;3.478e-01;4.057e-01;7.663e-01;4.678e-01;8.645e-01;9.458e-01;9.377e-01;4.125e-01;6.563e-01;9.437e-01;9.085e-01;8.687e-01;4.024e-01;4.722e-01;7.294e-01;4.864e-01;9.659e-01;8.300e-01;6.911e-01;9.546e-01;3.514e-01;3.529e-01;7.289e-01;5.963e-01;3.969e-01;5.540e-01;5.494e-01;4.767e-01;9.198e-01;3.430e-01;4.298e-01;6.377e-01;4.580e-01;8.742e-01;8.048e-01;5.861e-01;9.477e-01;9.968e-01;9.632e-01;3.779e-01;1.888e-01;4.754e-01;4.660e-01;4.339e-01;8.917e-01;6.697e-01;5.013e-01;3.238e-01;1.468e-01;3.942e-01;8.817e-01;6.138e-01;3.452e-01;5.426e-01;4.151e-01;6.071e-01;3.938e-01;4.150e-01;3.955e-01","minp_p_analytic",0,0,5,"Remains_nonsignificant"
"ARGININE-SYN4-PWY","L-ornithine biosynthesis II",6,0.738280013560473,0.855478920253098,0.779219092900823,0.01,0,0.753338664673731,0.420794908036971,NA,0.748332082880845,0.999999464264005,NA,NA,0.414658534146585,0.825630996222412,0.744325567443256,0.856914308569143,0.460553944605539,0.752124787521248,0.432356764323568,0.703229336111715,0.414658534146585,0.825630996222412,0.549351411022201,0.830807366104684,0.825630996222412,"AT2G39800;AT3G55610;AT5G46180;AT5G18170;AT5G07440;AT3G03910","9.078e-01;2.081e-01;3.126e-01;8.374e-01;8.067e-01;7.450e-01","stouffer_p_analytic",0,0,5,"Remains_nonsignificant"
"PWY-6163","chorismate biosynthesis from 3-dehydroquinate",6,0.788084059981442,0.827245578555787,0.779219007369998,0.01,0,0.874828295326728,0.149533161635843,NA,0.735875296939765,0.999999464264005,NA,NA,0.422157784221578,0.825630996222412,0.792320767923208,0.83031696830317,0.471152884711529,0.876112388761124,0.150984901509849,0.690229046440287,0.422157784221578,0.825630996222412,0.549351411022201,0.830807366104684,0.825630996222412,"AT3G06350;AT2G21940;AT4G39540;AT1G48860;AT2G45300;AT1G48850","3.855e-01;8.888e-01;3.029e-01;8.547e-01;2.927e-01;9.334e-01","stouffer_p_analytic",0,0,5,"Remains_nonsignificant"
"ARGASEDEG-PWY","L-arginine degradation I (arginase pathway)",6,0.750957543685656,0.786023756869535,0.779218907781806,0.01,0,0.753338664673731,0.603218535390641,NA,0.744252024343846,0.999999464264005,NA,NA,0.424857514248575,0.825630996222412,0.755224477552245,0.792820717928207,0.47005299470053,0.757324267573243,0.595240475952405,0.698953291701635,0.424857514248575,0.825630996222412,0.549351411022201,0.830807366104684,0.825630996222412,"AT5G62530;AT2G39800;AT3G55610;AT5G46180;AT4G08870;AT4G08900","5.393e-01;9.078e-01;2.081e-01;3.126e-01;6.260e-01;9.241e-01","stouffer_p_analytic",0,0,5,"Remains_nonsignificant"
"ALACAT2-PWY","L-alanine degradation II (to D-lactate)",9,0.51385435699936,0.622121500040354,0.808020721737969,0.01,0,0.714052395423562,0.170919578851449,NA,0.563788817701212,0.999999464264005,NA,NA,0.425757424257574,0.825630996222412,0.520947905209479,0.624637536246375,0.613138686131387,0.713328667133287,0.181081891810819,0.505002112731914,0.425757424257574,0.825630996222412,0.549351411022201,0.830807366104684,0.825630996222412,"AT5G07440;AT5G18170;AT3G03910;AT1G17300;AT1G72330;AT1G70560;AT1G23310;AT1G17290;AT1G70580","8.067e-01;8.374e-01;7.450e-01;7.932e-01;1.299e-01;1.948e-01;3.530e-01;7.519e-01;1.547e-01","stouffer_p_analytic",0,0,5,"Remains_nonsignificant"
"PWY-5138","unsaturated, even numbered fatty acid &beta;-oxidation",8,0.380556290860912,0.506822841871162,0.799216414745521,0.01,0,0.717179322477433,0.40833405639184,NA,0.5935354539814,0.999999464264005,NA,NA,0.427057294270573,0.825630996222412,0.383461653834617,0.506449355064494,0.56994300569943,0.713828617138286,0.407359264073593,0.522611711542935,0.427057294270573,0.825630996222412,0.549351411022201,0.830807366104684,0.825630996222412,"AT5G42890;AT5G60335;AT1G76150;AT4G29010;AT3G06860;AT4G14440;AT4G14430;AT1G65520","3.864e-01;3.613e-01;3.827e-01;6.332e-01;4.231e-01;4.732e-01;4.948e-01;1.460e-01","acat_p",0,0,5,"Remains_nonsignificant"
"PWY-6963","ammonia assimilation cycle I",8,0.429061777611427,0.635510565292857,0.771583962190647,0.1,0.415557055426075,0.492283155584242,0.608099406557296,NA,0.604413168258833,0.999999464264005,NA,NA,0.43035696430357,0.825630996222412,0.425757424257574,0.631336866313369,0.561443855614439,0.48985101489851,0.602539746025398,0.54411983177791,0.43035696430357,0.825630996222412,0.549351411022201,0.830807366104684,0.825630996222412,"AT5G35630;AT3G53180;AT5G37600;AT1G66200;AT3G17820;AT5G16570;AT1G48470;AT5G53460","4.236e-01;4.297e-01;7.747e-01;3.264e-01;8.124e-02;6.594e-01;6.517e-01;7.268e-01","acat_p",0,0,5,"Remains_nonsignificant"
"PWY-6936","seleno-amino acid biosynthesis (plants)",7,0.500278228454834,0.673522513894518,0.789666637536839,0.01,0,0.80830486092343,0.345144258071556,NA,0.663439555719561,0.999999464264005,NA,NA,0.437356264373563,0.825630996222412,0.501249875012499,0.677232276772323,0.524747525247475,0.808819118088191,0.344065593440656,0.600360358728482,0.437356264373563,0.825630996222412,0.549351411022201,0.830807366104684,0.825630996222412,"AT3G13110;AT1G55920;AT5G56760;AT4G35640;AT2G17640;AT3G57050;AT3G01120","3.340e-01;8.295e-01;6.381e-01;4.235e-01;5.646e-01;2.102e-01;4.248e-01","stouffer_p_analytic",0,0,5,"Remains_nonsignificant"
"PWY-6199","quercetin sulfate biosynthesis",10,0.607826029870396,0.625821505239085,0.718979964828698,0.1,1.94907688378311,0.421092467954656,0.23707619549743,NA,0.516135053481716,0.999999464264005,NA,NA,0.437656234376562,0.825630996222412,0.613838616138386,0.631636836316368,0.663933606639336,0.433956604339566,0.23987601239876,0.506510831496954,0.437656234376562,0.825630996222412,0.549351411022201,0.830807366104684,0.825630996222412,"AT4G26220;AT5G54160;AT3G51210;AT2G03750;AT2G27570;AT4G26280;AT3G45080;AT5G43690;AT1G28170;AT3G45070","4.664e-01;9.621e-01;7.109e-01;8.594e-01;7.549e-01;6.336e-01;5.319e-02;8.151e-01;4.097e-01;7.094e-02","stouffer_p_analytic",0,0,5,"Remains_nonsignificant"
"COA-PWY","coenzyme A biosynthesis I (prokaryotic)",6,0.902323530859136,0.873606538581065,0.779219408104166,0.01,0,0.903597255561496,0.670377937585738,NA,0.858966373859537,0.999999464264005,NA,NA,0.439456054394561,0.825630996222412,0.902109789021098,0.879012098790121,0.463953604639536,0.905209479052095,0.658834116588341,0.84356064281537,0.439456054394561,0.825630996222412,0.549351411022201,0.830807366104684,0.825630996222412,"AT5G02080;AT1G12350;AT1G48605;AT3G18030;AT2G27490;AT2G18250","3.876e-01;8.852e-01;4.171e-01;9.807e-01;7.546e-01;3.229e-01","stouffer_p_analytic",0,0,5,"Remains_nonsignificant"
"PWY-8011","L-serine biosynthesis II",7,0.723864972533587,0.839747180644589,0.78966681331192,0.01,0,0.575921419955345,0.222322254239182,NA,0.672117617990876,0.999999464264005,NA,NA,0.43965603439656,0.825630996222412,0.722827717228277,0.845615438456154,0.522047795220478,0.578742125787421,0.225577442255774,0.615328805783043,0.43965603439656,0.825630996222412,0.549351411022201,0.830807366104684,0.825630996222412,"AT3G25530;AT5G28310;AT1G72190;AT1G79870;AT1G12550;AT2G45630;AT5G34850","7.386e-01;1.153e-01;4.668e-01;5.094e-01;7.793e-01;8.032e-01;9.385e-01","stouffer_p_analytic",0,0,5,"Remains_nonsignificant"
"GLYSYN-PWY","glycine biosynthesis I",7,0.465598662510319,0.603804954964603,0.789666856116039,0.01,0,0.796276113965016,0.614724869490369,NA,0.682840194764912,0.999999464264005,NA,NA,0.440555944405559,0.825630996222412,0.463253674632537,0.599040095990401,0.521247875212479,0.798720127987201,0.614938506149385,0.621937937854104,0.440555944405559,0.825630996222412,0.549351411022201,0.830807366104684,0.825630996222412,"AT5G26780;AT4G13890;AT1G36370;AT4G32520;AT1G22020;AT4G13930;AT4G37930","8.255e-01;5.126e-01;2.033e-01;5.833e-01;4.299e-01;2.964e-01;3.817e-01","acat_p",0,0,5,"Remains_nonsignificant"
"PWY-4861","UDP-&alpha;-D-galacturonate biosynthesis I (from UDP-D-glucuronate)",6,0.556561610584372,0.780156993248129,0.779218992204338,0.01,0,0.901588979413888,0.774640095263595,NA,0.800206667643137,0.999999464264005,NA,NA,0.440755924407559,0.825630996222412,0.568443155684432,0.789221077892211,0.478352164783522,0.904309569043096,0.777922207779222,0.774925468788398,0.440755924407559,0.825630996222412,0.549351411022201,0.830807366104684,0.825630996222412,"AT3G23820;AT4G12250;AT4G00110;AT1G02000;AT4G30440;AT2G45310","3.881e-01;6.759e-01;7.996e-01;5.011e-01;5.267e-01;3.205e-01","acat_p",0,0,5,"Remains_nonsignificant"
"METHIONINE-DEG1-PWY","L-methionine degradation I (to L-homocysteine)",6,0.767065509825763,0.826394224125748,0.779219632663314,0.01,0,0.886216569828932,0.705946572720436,NA,0.81079621633949,0.999999464264005,NA,NA,0.442055794420558,0.825630996222412,0.772622737726227,0.828617138286171,0.475252474752525,0.881611838816118,0.704629537046295,0.780471478797547,0.442055794420558,0.825630996222412,0.549351411022201,0.830807366104684,0.825630996222412,"AT3G23810;AT4G13940;AT2G36880;AT4G01850;AT3G17390;AT1G02500","4.667e-01;3.039e-01;7.798e-01;9.506e-01;4.139e-01;5.537e-01","stouffer_p_analytic",0,0,5,"Remains_nonsignificant"
"PWY-7909","formaldehyde oxidation VII (THF pathway)",6,0.647136988306818,0.828740531895723,0.779219201438997,0.01,0,0.939500917639316,0.926836184107416,NA,0.881868563181807,0.999999464264005,NA,NA,0.445255474452555,0.825630996222412,0.649235076492351,0.828617138286171,0.467153284671533,0.938906109389061,0.928907109289071,0.870715337832282,0.445255474452555,0.825630996222412,0.549351411022201,0.830807366104684,0.825630996222412,"AT5G47435;AT4G17360;AT2G38660;AT3G12290;AT4G00600;AT4G00620","6.794e-01;5.995e-01;8.957e-01;4.090e-01;3.734e-01;4.396e-01","acat_p",0,0,5,"Remains_nonsignificant"
"PWY-381","nitrate reduction II (assimilatory)",10,0.386399123955509,0.542770085743925,0.791310012247672,0.1,0.415557055426075,0.571424870364779,0.431050301381253,NA,0.567148747520834,0.999999464264005,NA,NA,0.44975502449755,0.825630996222412,0.39026097390261,0.546045395460454,0.65963403659634,0.576542345765423,0.441355864413559,0.525011848284128,0.44975502449755,0.825630996222412,0.549351411022201,0.830807366104684,0.825630996222412,"AT2G15620;AT5G35630;AT3G53180;AT5G37600;AT1G66200;AT3G17820;AT5G16570;AT1G48470;AT1G77760;AT1G37130","6.803e-01;4.236e-01;4.297e-01;7.747e-01;3.264e-01;8.124e-02;6.594e-01;6.517e-01;7.994e-01;1.006e-01","acat_p",0,0,5,"Remains_nonsignificant"
"PWY-6014","vernolate biosynthesis I",7,0.68101883163328,0.822588121375665,0.789666615247085,0.01,0,0.915833146661885,0.403056572324048,NA,0.800593523744995,0.999999464264005,NA,NA,0.45035496450355,0.825630996222412,0.66053394660534,0.800819918008199,0.495450454954505,0.901209879012099,0.406459354064594,0.741399109517485,0.45035496450355,0.825630996222412,0.549351411022201,0.830807366104684,0.825630996222412,"AT1G11600;AT3G03470;AT3G10560;AT5G04630;AT1G64900;AT1G64930;AT5G04660","7.189e-01;9.091e-01;3.832e-01;8.511e-01;2.978e-01;4.594e-01;3.569e-01","stouffer_p_analytic",0,0,5,"Remains_nonsignificant"
"PWY-3461","L-tyrosine biosynthesis II",6,0.592418681257453,0.830323430469941,0.779219366632308,0.01,0,0.953253858262842,0.857321579433933,NA,0.874674206315296,0.999999464264005,NA,NA,0.45045495450455,0.825630996222412,0.598440155984402,0.834716528347165,0.473952604739526,0.955504449555045,0.858114188581142,0.866210245188008,0.45045495450455,0.825630996222412,0.549351411022201,0.830807366104684,0.825630996222412,"AT1G15710;AT5G34930;AT2G22250;AT3G29200;AT5G10870;AT1G69370","8.350e-01;4.979e-01;4.212e-01;3.998e-01;6.247e-01;5.661e-01","acat_p",0,0,5,"Remains_nonsignificant"
"PWY-321","cutin biosynthesis",40,0.156439783732268,0.88147893824687,0.34285469454289,0.01,1.77791131516692,0.151913672790789,0.828189619754071,NA,0.492964573704778,0.999999464264005,NA,NA,0.450554944505549,0.825630996222412,0.155384461553845,0.875512448755124,0.428357164283572,0.146185381461854,0.82051794820518,0.491878606047318,0.450554944505549,0.825630996222412,0.549351411022201,0.830807366104684,0.825630996222412,"AT3G05970;AT1G77590;AT1G49430;AT1G64400;AT2G04350;AT2G47240;AT4G11030;AT4G23850;AT5G27600;AT1G62940;AT3G16170;AT1G01600;AT1G63710;AT4G00360;AT5G58860;AT1G69500;AT2G27690;AT2G45970;AT3G52570;AT4G10030;AT5G48370;AT2G30720;AT3G61200;AT3G16175;AT2G29590;AT1G52191;AT1G04290;AT4G00520;AT1G01710;AT5G51950;AT5G51930;AT3G56060;AT1G72970;AT1G14185;AT1G12570;AT2G12190;AT5G61320;AT1G64950;AT1G64940;AT3G10570","5.174e-01;1.595e-02;8.419e-01;2.187e-01;3.536e-01;3.719e-01;9.069e-01;4.610e-01;4.111e-03;3.330e-01;4.863e-01;8.176e-01;6.234e-01;4.902e-01;9.116e-01;7.774e-01;4.810e-01;5.601e-01;7.452e-01;3.510e-01;5.235e-01;4.551e-01;5.748e-01;4.295e-01;3.431e-01;8.600e-01;7.772e-01;3.240e-01;4.710e-01;8.651e-01;8.330e-01;6.973e-01;1.936e-01;8.057e-01;6.596e-01;9.389e-01;5.301e-01;6.193e-01;6.052e-01;4.640e-01","minp_p_analytic",0,0,5,"Remains_nonsignificant"
"PWY0-1264","biotin-carboxyl carrier protein assembly",6,0.789455499144491,0.971532039054527,0.779219260151002,0.01,0,0.973664390894538,0.42576887246452,NA,0.938274938077903,0.999999464264005,NA,NA,0.451354864513549,0.825630996222412,0.786821317868213,0.970702929707029,0.463053694630537,0.972902709729027,0.428857114288571,0.933191716188089,0.451354864513549,0.825630996222412,0.549351411022201,0.830807366104684,0.825630996222412,"AT1G80040;AT1G36180;AT1G36160;AT5G35360;AT1G37150;AT2G25710","7.388e-01;8.725e-01;9.152e-01;4.545e-01;7.039e-01;5.465e-01","stouffer_p_analytic",0,0,5,"Remains_nonsignificant"
"PWY-6754","<i>S</i>-methyl-5'-thioadenosine degradation I",6,0.869680233322507,0.90800408279779,0.779219230161881,0.01,0,0.905443558659184,0.883197865722211,NA,0.880945374227705,0.999999464264005,NA,NA,0.451654834516548,0.825630996222412,0.871112888711129,0.904809519048095,0.473752624737526,0.905109489051095,0.881311868813119,0.867452197246626,0.451654834516548,0.825630996222412,0.549351411022201,0.830807366104684,0.825630996222412,"AT1G49820;AT4G24350;AT4G24340;AT4G28940;AT4G34840;AT4G38800","3.250e-01;9.709e-01;4.634e-01;4.454e-01;8.104e-01;8.722e-01","tfisher_p_analytic",0,0,5,"Remains_nonsignificant"
"PWY-2301","<i>myo</i>-inositol biosynthesis",6,0.759784788292071,0.923122719548291,0.779219372651583,0.01,0,0.975674015522544,0.676823354635021,NA,0.922044460405042,0.999999464264005,NA,NA,0.454254574542546,0.825630996222412,0.761023897610239,0.922107789221078,0.46965303469653,0.975802419758024,0.68043195680432,0.917033270861786,0.454254574542546,0.825630996222412,0.549351411022201,0.830807366104684,0.825630996222412,"AT4G39120;AT3G02870;AT1G31190;AT5G10170;AT2G22240;AT4G39800","5.255e-01;8.787e-01;4.617e-01;9.170e-01;5.917e-01;4.623e-01","stouffer_p_analytic",0,0,5,"Remains_nonsignificant"
"PWY-6710","poly-hydroxy fatty acids biosynthesis",7,0.68101883163328,0.822588121375665,0.789666878958057,0.01,0,0.915833146661885,0.403056572324048,NA,0.800593571873417,0.999999464264005,NA,NA,0.455254474552545,0.825630996222412,0.667933206679332,0.798520147985201,0.501449855014499,0.897310268973103,0.412958704129587,0.738841844162414,0.455254474552545,0.825630996222412,0.549351411022201,0.830807366104684,0.825630996222412,"AT1G11600;AT3G03470;AT3G10560;AT5G04630;AT1G64900;AT1G64930;AT5G04660","7.189e-01;9.091e-01;3.832e-01;8.511e-01;2.978e-01;4.594e-01;3.569e-01","stouffer_p_analytic",0,0,5,"Remains_nonsignificant"
"PWY-401","galactolipid biosynthesis I",6,0.655897384375002,0.878449388035018,0.779219461870991,0.01,0,0.959855406226053,0.877718599649184,NA,0.894886479212579,0.999999464264005,NA,NA,0.458154184581542,0.826221872194803,0.664133586641336,0.886211378862114,0.475352464753525,0.962703729627037,0.88001199880012,0.892149483966251,0.458154184581542,0.826221872194803,0.549744563109099,0.831401946628626,0.826221872194803,"AT3G06510;AT3G11670;AT4G00550;AT2G11810;AT5G20410;AT4G31780","8.367e-01;4.441e-01;5.803e-01;4.794e-01;8.293e-01;4.148e-01","acat_p",0,0,5,"Remains_nonsignificant"
"PWY-6051","2,4,6-trinitrotoluene degradation",6,0.936889074728364,0.974739394244032,0.77921912004665,0.01,0,0.990087912037705,0.384521184029528,NA,0.968572995636063,0.999999464264005,NA,NA,0.463753624637536,0.828988767789888,0.931706829317068,0.973202679732027,0.47025297470253,0.991700829917008,0.379462053794621,0.970768727274026,0.463753624637536,0.828988767789888,0.551585576838314,0.834186189531517,0.828988767789888,"AT1G05680;AT2G36790;AT2G36750;AT2G15480;AT2G15490;AT4G34135","7.815e-01;8.341e-01;5.704e-01;5.365e-01;5.582e-01;9.879e-01","stouffer_p_analytic",0,0,5,"Remains_nonsignificant"
"PWY-2582","brassinosteroid biosynthesis II",6,0.975508531132309,0.942079656768893,0.779218971018343,0.01,0,0.962534176162945,0.646774194046228,NA,0.9448369214401,0.999999464264005,NA,NA,0.464853514648535,0.828988767789888,0.975202479752025,0.942405759424058,0.476252374762524,0.961503849615039,0.64993500649935,0.94158601479586,0.464853514648535,0.828988767789888,0.551585576838314,0.834186189531517,0.828988767789888,"AT3G13730;AT4G36380;AT5G14400;AT3G50660;AT5G05690;AT2G38050","4.215e-01;5.811e-01;7.472e-01;9.958e-01;8.102e-01;4.485e-01","stouffer_p_analytic",0,0,5,"Remains_nonsignificant"
"PWY-5391","syringetin biosynthesis",9,0.884355204388084,0.993567418149839,0.808020532104233,0.01,0,0.984771898291757,0.686878563211889,NA,0.978842118003499,0.999999464264005,NA,NA,0.476152384761524,0.844447047008006,0.866713328667133,0.964103589641036,0.49045095490451,0.945405459454055,0.621237876212379,0.910050619366733,0.476152384761524,0.844447047008006,0.561871076703633,0.849741385860721,0.844447047008006,"AT5G07990;AT5G54160;AT5G63600;AT5G63595;AT5G63590;AT5G63580;AT5G48020;AT5G43935;AT3G55970","4.887e-01;9.621e-01;7.691e-01;8.894e-01;9.237e-01;9.456e-01;3.718e-01;8.663e-01;4.235e-01","stouffer_p_analytic",0,0,5,"Remains_nonsignificant"
"PWY-762","phospholipid desaturation",8,0.821138950572366,0.682878019060417,0.799216577095837,0.01,0,0.801034253066781,0.410004617522236,NA,0.740167179787936,0.999999464264005,NA,NA,0.492850714928507,0.856248750124988,0.818418158184182,0.679232076792321,0.564243575642436,0.797320267973203,0.41015898410159,0.692544035956124,0.492850714928507,0.856248750124988,0.56972359470434,0.861617080846774,0.856248750124988,"AT2G29980;AT3G12120;AT1G62190;AT2G22890;AT4G27030;AT5G05580;AT3G11170;AT4G30950","5.315e-01;3.831e-01;1.828e-01;2.277e-01;5.355e-01;9.778e-01;8.028e-01;4.524e-01","stouffer_p_analytic",0,0,5,"Remains_nonsignificant"
"PWY-7344","UDP-&alpha;-D-galactose biosynthesis",7,0.674334918515669,0.922284638088015,0.789666853010574,0.01,0,0.959391961568617,0.598036701861042,NA,0.890989048050971,0.999999464264005,NA,NA,0.497450254974503,0.856248750124988,0.674732526747325,0.921707829217078,0.520847915208479,0.957604239576042,0.594940505949405,0.878277838959754,0.497450254974503,0.856248750124988,0.56972359470434,0.861617080846774,0.856248750124988,"AT3G28530;AT1G12780;AT3G06580;AT1G63180;AT4G23920;AT4G10960;AT1G64440","6.776e-01;6.587e-01;4.546e-01;6.243e-01;6.237e-01;8.931e-01;3.673e-01","stouffer_p_analytic",0,0,5,"Remains_nonsignificant"
"PWY-6684","aromatic  glucosinolate activation",7,0.625644127309678,0.912149914846837,0.789666548531423,0.01,0,0.985514907622394,0.849108705965963,NA,0.945914456607138,0.999999464264005,NA,NA,0.5002499750025,0.856248750124988,0.621237876212379,0.91040895910409,0.510848915108489,0.986701329867013,0.849315068493151,0.947027392649158,0.5002499750025,0.856248750124988,0.56972359470434,0.861617080846774,0.856248750124988,"AT5G48180;AT3G16410;AT3G16400;AT3G16390;AT2G33070;AT3G07720;AT3G59610","8.175e-01;4.832e-01;4.539e-01;7.361e-01;4.577e-01;6.087e-01;6.289e-01","acat_p",0,0,5,"Remains_nonsignificant"
"PWY-6446","benzoate biosynthesis III (CoA-dependent, non-&beta;-oxidative)",7,0.7502454450622,0.938051587822444,0.789666880707312,0.01,0,0.975284131871971,0.891744928024997,NA,0.931977712200592,0.999999464264005,NA,NA,0.501549845015498,0.856248750124988,0.751924807519248,0.937706229377062,0.516548345165483,0.977502249775023,0.893210678932107,0.932153089797507,0.501549845015498,0.856248750124988,0.56972359470434,0.861617080846774,0.856248750124988,"AT1G04580;AT1G44170;AT1G54100;AT4G34240;AT3G66658;AT4G36250;AT1G23800","4.106e-01;9.370e-01;5.053e-01;7.673e-01;4.508e-01;7.180e-01;6.537e-01","acat_p",0,0,5,"Remains_nonsignificant"
"PWY0-1182","trehalose degradation II (cytosolic)",7,0.610578543596945,0.906307412013619,0.789666554918538,0.01,0,0.968936236015396,0.925584327359831,NA,0.919553238204909,0.999999464264005,NA,NA,0.501549845015498,0.856248750124988,0.608839116088391,0.906609339066093,0.519148085191481,0.967703229677032,0.920607939206079,0.911289051192015,0.501549845015498,0.856248750124988,0.56972359470434,0.861617080846774,0.856248750124988,"AT4G37840;AT3G20040;AT1G50460;AT1G47840;AT2G19860;AT4G29130;AT4G24040","7.997e-01;5.419e-01;3.910e-01;5.748e-01;7.022e-01;5.836e-01;5.441e-01","acat_p",0,0,5,"Remains_nonsignificant"
"CITRULBIO-PWY","L-citrulline biosynthesis",35,0.270161245419938,0.916084285674418,0.387775164289566,0.05,6.749159151893,0.242000750719825,0.267456491378353,NA,0.532278732733972,0.999999464264005,NA,NA,0.502949705029497,0.856248750124988,0.27027297270273,0.913908609139086,0.448855114488551,0.242975702429757,0.279472052794721,0.543611961521185,0.502949705029497,0.856248750124988,0.56972359470434,0.861617080846774,0.856248750124988,"AT3G30775;AT5G38710;AT2G39800;AT3G55610;AT1G75330;AT5G46180;AT4G08870;AT4G08900;AT5G60540;AT5G53460;AT4G32915;AT4G34880;AT4G05400;AT1G48520;AT3G25660;AT5G07360;AT4G26900;AT1G63660;AT4G02120;AT4G20320;AT2G34890;AT1G30820;AT3G12670;AT2G03667;AT5G10240;AT5G65010;AT3G47340;AT1G29900;AT3G27740;AT2G38210;AT3G16050;AT5G01410;AT2G38230;AT2G41220;AT5G04140","5.849e-01;4.313e-01;9.078e-01;2.081e-01;5.667e-01;3.126e-01;6.260e-01;9.241e-01;6.923e-01;7.268e-01;9.474e-01;9.516e-01;4.095e-01;3.728e-01;4.482e-01;6.750e-01;1.126e-01;6.752e-01;8.416e-01;7.372e-01;7.885e-03;5.261e-01;7.740e-01;5.940e-01;7.882e-01;8.114e-01;5.947e-01;6.777e-01;5.565e-01;5.460e-01;8.849e-01;1.085e-02;4.242e-01;5.557e-01;9.685e-01","minp_p_analytic",0,0,5,"Remains_nonsignificant"
"ASPARTATE-DEG1-PWY","L-aspartate degradation I",7,0.767661596357647,0.983631248760946,0.789666658171178,0.01,0,0.98855682267669,0.845597613454654,NA,0.969213433364294,0.999999464264005,NA,NA,0.506349365063494,0.856248750124988,0.762623737626237,0.982901709829017,0.513148685131487,0.989101089891011,0.838816118388161,0.968721844136797,0.506349365063494,0.856248750124988,0.56972359470434,0.861617080846774,0.856248750124988,"AT1G62800;AT5G11520;AT5G51690;AT1G62960;AT5G19550;AT4G31990;AT2G30970","5.951e-01;7.500e-01;9.186e-01;6.905e-01;7.807e-01;4.720e-01;7.305e-01","acat_p",0,0,5,"Remains_nonsignificant"
"PWY-6837","fatty acid beta-oxidation V (unsaturated, odd number, di-isomerase-dependent)",8,0.819210084434117,0.930480402344846,0.799216966120436,0.01,0,0.717179322477433,0.13441197609881,NA,0.779608374717496,0.999999464264005,NA,NA,0.507349265073493,0.856248750124988,0.817518248175182,0.932506749325067,0.561043895610439,0.714028597140286,0.135286471352865,0.749204367296637,0.507349265073493,0.856248750124988,0.56972359470434,0.861617080846774,0.856248750124988,"AT4G14440;AT4G14430;AT1G65520;AT5G43280;AT5G65110;AT4G16760;AT3G51840;AT1G06290","4.732e-01;4.948e-01;1.460e-01;8.495e-01;8.934e-01;9.598e-01;7.323e-01;7.594e-01","stouffer_p_analytic",0,0,5,"Remains_nonsignificant"
"PWY-2161","folate polyglutamylation",13,0.342861567356967,0.422055492782579,0.803040301274045,0.1,0.69493819613358,0.614213672616982,0.64310174660327,NA,0.591251532236506,0.999999464264005,NA,NA,0.51034896510349,0.856248750124988,0.348265173482652,0.423457654234577,0.751724827517248,0.615938406159384,0.643035696430357,0.569706001154848,0.51034896510349,0.856248750124988,0.56972359470434,0.861617080846774,0.856248750124988,"AT2G12200;AT2G12280;AT1G50480;AT3G10160;AT5G05980;AT3G55630;AT5G26780;AT4G13890;AT1G36370;AT4G32520;AT1G22020;AT4G13930;AT4G37930","3.329e-01;4.407e-01;4.274e-01;3.917e-01;3.652e-01;7.065e-02;8.255e-01;5.126e-01;2.033e-01;5.833e-01;4.299e-01;2.964e-01;3.817e-01","acat_p",0,0,5,"Remains_nonsignificant"
"PWY-5366","palmitoleate biosynthesis II (plants and bacteria)",7,0.870424707560756,0.978679340218452,0.789666953604534,0.01,0,0.947681179906121,0.376471080923933,NA,0.934972054552899,0.999999464264005,NA,NA,0.510548945105489,0.856248750124988,0.859114088591141,0.978302169783022,0.525547445255474,0.945705429457054,0.372462753724628,0.929545903639987,0.510548945105489,0.856248750124988,0.56972359470434,0.861617080846774,0.856248750124988,"AT3G25110;AT1G08510;AT1G35290;AT1G35250;AT1G68260;AT1G68280;AT1G66550","5.188e-01;3.439e-01;9.019e-01;6.735e-01;6.894e-01;9.633e-01;9.147e-01","stouffer_p_analytic",0,0,5,"Remains_nonsignificant"
"ASPARTATESYN-PWY","L-aspartate biosynthesis",7,0.767661596357647,0.983631248760946,0.78966660754895,0.01,0,0.98855682267669,0.845597613454654,NA,0.969213433113638,0.999999464264005,NA,NA,0.512148785121488,0.856248750124988,0.761223877612239,0.982101789821018,0.518948105189481,0.987201279872013,0.845015498450155,0.965270002148508,0.512148785121488,0.856248750124988,0.56972359470434,0.861617080846774,0.856248750124988,"AT1G62800;AT5G11520;AT5G51690;AT1G62960;AT5G19550;AT4G31990;AT2G30970","5.951e-01;7.500e-01;9.186e-01;6.905e-01;7.807e-01;4.720e-01;7.305e-01","acat_p",0,0,5,"Remains_nonsignificant"
"PWY-3001","superpathway of L-isoleucine biosynthesis I",7,0.767661596357647,0.983631248760946,0.789666748665783,0.01,0,0.98855682267669,0.845597613454654,NA,0.969213433812378,0.999999464264005,NA,NA,0.517748225177482,0.856674738617509,0.769023097690231,0.983501649835017,0.525447455254475,0.98980101989801,0.847315268473153,0.970395451776655,0.517748225177482,0.856674738617509,0.570007035346124,0.862045740113543,0.856674738617509,"AT1G62800;AT5G11520;AT5G51690;AT1G62960;AT5G19550;AT4G31990;AT2G30970","5.951e-01;7.500e-01;9.186e-01;6.905e-01;7.807e-01;4.720e-01;7.305e-01","acat_p",0,0,5,"Remains_nonsignificant"
"HOMOSERSYN-PWY","L-homoserine biosynthesis",7,0.91654120081487,0.988809427558899,0.789666429784245,0.01,0,0.992933896822813,0.516031498892343,NA,0.979762035987305,0.999999464264005,NA,NA,0.52044795520448,0.856674738617509,0.92000799920008,0.989001099890011,0.524347565243476,0.993500649935007,0.515848415158484,0.980595764786928,0.52044795520448,0.856674738617509,0.570007035346124,0.862045740113543,0.856674738617509,"AT1G14810;AT5G21060;AT4G19710;AT1G31230;AT5G14060;AT5G13280;AT3G02020","9.019e-01;6.080e-01;9.032e-01;6.136e-01;5.071e-01;6.091e-01;9.830e-01","stouffer_p_analytic",0,0,5,"Remains_nonsignificant"
"PWY-702","L-methionine biosynthesis II (plants)",9,0.602255899030036,0.766585970551567,0.808020935193049,0.01,0,0.880424324394652,0.223762202901109,NA,0.724256458138402,0.999999464264005,NA,NA,0.524147585241476,0.856674738617509,0.599140085991401,0.764923507649235,0.613538646135386,0.875712428757124,0.223277672232777,0.673832827784243,0.524147585241476,0.856674738617509,0.570007035346124,0.862045740113543,0.856674738617509,"AT3G20390;AT3G57050;AT4G23600;AT3G03780;AT5G17920;AT5G20980;AT3G01120;AT4G35295;AT2G17265","5.542e-01;2.102e-01;4.847e-01;9.273e-01;2.868e-01;6.770e-01;4.248e-01;6.271e-01;4.519e-01","stouffer_p_analytic",0,0,5,"Remains_nonsignificant"
"PWY-4984","urea cycle",7,0.790330560297793,0.986782537072263,0.789666596347728,0.01,0,0.996626982215981,0.677954224040165,NA,0.986923117904195,0.999999464264005,NA,NA,0.524447555244476,0.856674738617509,0.79012098790121,0.987001299870013,0.527347265273473,0.996400359964004,0.684131586841316,0.986160497233497,0.524447555244476,0.856674738617509,0.570007035346124,0.862045740113543,0.856674738617509,"AT1G29900;AT3G27740;AT4G08870;AT4G08900;AT5G10920;AT4G24830;AT1G75330","6.777e-01;5.565e-01;6.260e-01;9.241e-01;8.593e-01;8.007e-01;5.667e-01","stouffer_p_analytic",0,0,5,"Remains_nonsignificant"
"PWY18C3-22","methylsalicylate biosynthesis",8,0.959839688015587,0.962593281481042,0.799216495357074,0.01,0,0.973243834895374,0.739798199805853,NA,0.948327906001409,0.999999464264005,NA,NA,0.525747425257474,0.856674738617509,0.956604339566043,0.948405159484052,0.539146085391461,0.963603639636036,0.718128187181282,0.932015364954382,0.525747425257474,0.856674738617509,0.570007035346124,0.862045740113543,0.856674738617509,"AT3G21950;AT5G04380;AT4G36470;AT5G38020;AT2G14060;AT5G66430;AT5G04370;AT3G11480","3.640e-01;9.118e-01;9.942e-01;6.010e-01;6.550e-01;4.055e-01;9.357e-01;4.793e-01","stouffer_p_analytic",0,0,5,"Remains_nonsignificant"
"PWY-695","abscisic acid biosynthesis",13,0.697157290384244,0.420312777228659,0.807718238851336,0.1,0.59076351211931,0.673061003196278,0.366763826080755,NA,0.624717370948512,0.999999464264005,NA,NA,0.52954704529547,0.858508088585081,0.702529747025297,0.418258174182582,0.741425857414259,0.669333066693331,0.364363563643636,0.596169541509318,0.52954704529547,0.858508088585081,0.571226894334209,0.863890584438279,0.858508088585081,"AT1G67080;AT4G19170;AT4G18350;AT3G24220;AT1G78390;AT3G14440;AT1G30100;AT2G27150;AT3G26760;AT3G26770;AT3G51680;AT3G42960;AT1G52340","4.277e-01;2.130e-01;4.748e-01;6.138e-01;5.429e-01;4.720e-01;9.821e-01;3.415e-01;9.032e-02;8.240e-02;1.546e-01;7.058e-01;8.212e-01","stouffer_p_analytic",0,0,5,"Remains_nonsignificant"
"PWY-7450","anthocyanidin modification (<i>Arabidopsis</i>)",19,0.441835957400252,0.772276038933435,0.850132885256404,0.1,0.519604912254224,0.818236005512086,0.103467501525646,NA,0.593935794547271,0.999999464264005,NA,NA,0.533546645335466,0.860645593732084,0.435556444355564,0.737026297370263,0.814818518148185,0.781121887811219,0.141185881411859,0.583919325130677,0.533546645335466,0.860645593732084,0.57264912953849,0.86604149087147,0.860645593732084,"AT3G12230;AT1G64910;AT2G22930;AT5G53990;AT4G09500;AT1G64920;AT5G54010;AT1G03940;AT1G03495;AT4G27560;AT5G54060;AT4G27570;AT3G29630;AT1G50580;AT5G17050;AT2G18570;AT4G36770;AT2G18560;AT5G17030","6.539e-01;3.119e-01;8.015e-01;4.160e-01;5.972e-01;3.840e-01;3.357e-01;5.470e-01;5.943e-01;8.583e-02;3.331e-01;8.985e-02;5.040e-01;6.682e-01;7.596e-01;6.778e-01;5.235e-01;5.970e-01;6.873e-01","stouffer_p_analytic",0,0,5,"Remains_nonsignificant"
"PWY-7060","ornithine-citrulline shuttle",11,0.468491452600797,0.775870718788757,0.800121926758446,0.1,0.415557055426075,0.606241754090769,0.648111073134452,NA,0.685886186269553,0.999999464264005,NA,NA,0.542545745425457,0.86773954183529,0.463753624637536,0.771922807719228,0.676032396760324,0.593940605939406,0.647435256474353,0.645258333645814,0.542545745425457,0.86773954183529,0.577369241087166,0.873179915138333,0.86773954183529,"AT1G79900;AT1G75330;AT5G35630;AT3G53180;AT5G37600;AT1G66200;AT3G17820;AT5G16570;AT1G48470;AT1G29900;AT3G27740","6.644e-01;5.667e-01;4.236e-01;4.297e-01;7.747e-01;3.264e-01;8.124e-02;6.594e-01;6.517e-01;6.777e-01;5.565e-01","acat_p",0,0,5,"Remains_nonsignificant"
"PWY-63","UDP-&beta;-L-arabinose biosynthesis I (from UDP-&alpha;-D-xylose)",10,0.684251585759614,0.900390412558414,0.783937508568674,0.1,0.554610221139854,0.545281417825451,0.195798665090942,NA,0.70326748201362,0.999999464264005,NA,NA,0.55014498550145,0.86773954183529,0.680731926807319,0.898210178982102,0.658634136586341,0.552344765523448,0.197680231976802,0.670616839532486,0.55014498550145,0.86773954183529,0.577369241087166,0.873179915138333,0.86773954183529,"AT3G28530;AT4G20460;AT2G34850;AT5G44480;AT1G63180;AT4G10960;AT1G12780;AT1G64440;AT4G23920;AT1G30620","6.776e-01;7.432e-01;7.578e-02;6.662e-01;6.243e-01;8.931e-01;6.587e-01;3.673e-01;6.237e-01;9.334e-01","stouffer_p_analytic",0,0,5,"Remains_nonsignificant"
"LYSINE-DEG2-PWY","lysine degradation II",8,0.875015131239223,0.853051429784447,0.799216563833841,0.01,0,0.972299960016098,0.720595982655578,NA,0.914147920916629,0.999999464264005,NA,NA,0.551544845515448,0.86773954183529,0.877912208779122,0.855014498550145,0.570542945705429,0.972402759724028,0.704229577042296,0.908932581777009,0.551544845515448,0.86773954183529,0.577369241087166,0.873179915138333,0.86773954183529,"AT5G47720;AT5G48230;AT3G06860;AT1G76150;AT5G60335;AT5G42890;AT5G35930;AT4G33150","9.803e-01;9.283e-01;4.231e-01;3.827e-01;3.613e-01;3.864e-01;6.005e-01;4.805e-01","stouffer_p_analytic",0,0,5,"Remains_nonsignificant"
"HEME-BIOSYNTHESIS-II","heme <i>b</i> biosynthesis I (aerobic)",8,0.783548079372349,0.963734764834133,0.79921589383633,0.01,0,0.970691512622985,0.350871639744994,NA,0.927815272426353,0.999999464264005,NA,NA,0.554344565543446,0.86773954183529,0.786521347865213,0.962903709629037,0.572242775722428,0.968603139686031,0.346365363463654,0.920550867424506,0.554344565543446,0.86773954183529,0.577369241087166,0.873179915138333,0.86773954183529,"AT4G03205;AT1G03475;AT3G14930;AT2G40490;AT5G26030;AT2G30390;AT5G14220;AT4G01690","6.227e-01;6.175e-01;8.262e-01;5.787e-01;6.215e-01;9.541e-01;6.220e-01;3.568e-01","stouffer_p_analytic",0,0,5,"Remains_nonsignificant"
"PWY-6614","tetrahydrofolate biosynthesis",8,0.894294551423531,0.992773345054,0.799216707773422,0.01,0,0.98029967073396,0.20888149549158,NA,0.974848396188001,0.999999464264005,NA,NA,0.556944305569443,0.86773954183529,0.895210478952105,0.992400759924008,0.563043695630437,0.978902109789021,0.203579642035796,0.97296472189083,0.556944305569443,0.86773954183529,0.577369241087166,0.873179915138333,0.86773954183529,"AT4G24380;AT2G16370;AT4G34570;AT2G21550;AT5G41480;AT2G19180;AT4G30000;AT1G69190","5.233e-01;8.288e-01;9.774e-01;3.879e-01;9.067e-01;8.995e-01;6.866e-01;6.998e-01","stouffer_p_analytic",0,0,5,"Remains_nonsignificant"
"PWY-5129","sphingolipid biosynthesis (plants)",20,0.644520405942958,0.839580416798978,0.680395681221309,0.05,2.21243017873621,0.283641889550604,0.37921751144008,NA,0.606074712912793,0.999999464264005,NA,NA,0.560643935606439,0.86773954183529,0.647635236476352,0.841715828417158,0.683331666833317,0.282971702829717,0.377162283771623,0.60853214501081,0.560643935606439,0.86773954183529,0.577369241087166,0.873179915138333,0.86773954183529,"AT4G04930;AT4G21540;AT4G21534;AT5G51290;AT2G46210;AT3G61580;AT4G20870;AT2G34770;AT2G29525;AT3G54020;AT2G37940;AT1G69640;AT1G14290;AT1G06515;AT3G48790;AT4G36480;AT5G23670;AT3G48780;AT3G06060;AT5G19200","7.042e-01;1.654e-02;1.390e-01;8.091e-01;5.563e-01;3.594e-01;8.983e-01;6.460e-01;3.541e-01;8.832e-01;4.159e-01;1.181e-01;6.433e-01;8.357e-01;9.826e-01;7.947e-01;4.501e-01;9.099e-01;7.748e-01;5.439e-01","minp_p_analytic",0,0,5,"Remains_nonsignificant"
"PWY-2501","fatty acid &alpha;-oxidation I",8,0.905773476364802,0.982180032845628,0.799216378521218,0.01,0,0.991725826102982,0.864229359302443,NA,0.974851448747724,0.999999464264005,NA,NA,0.561043895610439,0.86773954183529,0.9001099890011,0.981601839816018,0.568043195680432,0.99040095990401,0.862013798620138,0.971599812443249,0.561043895610439,0.86773954183529,0.577369241087166,0.873179915138333,0.86773954183529,"AT1G44170;AT1G54100;AT4G34240;AT3G66658;AT4G36250;AT1G23800;AT3G01420;AT1G73680","9.370e-01;5.053e-01;7.673e-01;4.508e-01;7.180e-01;6.537e-01;5.210e-01;9.831e-01","tfisher_p_analytic",0,0,5,"Remains_nonsignificant"
"PWY-7227","adenosine deoxyribonucleotides <i>de novo</i> biosynthesis",8,0.753976097800377,0.978852225116386,0.799216579470957,0.01,0,0.974484136538001,0.611032358016516,NA,0.947834628208811,0.999999464264005,NA,NA,0.561943805619438,0.86773954183529,0.763223677632237,0.978002199780022,0.573042695730427,0.972702729727027,0.596740325967403,0.94318207327361,0.561943805619438,0.86773954183529,0.577369241087166,0.873179915138333,0.86773954183529,"AT5G63310;AT4G11010;AT1G17410;AT4G23900;AT4G09320;AT4G23895;AT2G21790;AT3G23580","7.224e-01;9.251e-01;6.266e-01;6.817e-01;3.678e-01;7.603e-01;7.932e-01;5.581e-01","stouffer_p_analytic",0,0,5,"Remains_nonsignificant"
"PWY-6147","6-hydroxymethyl-dihydropterin diphosphate biosynthesis I",8,0.797671424746015,0.979700191573433,0.799216234305737,0.01,0,0.972781906239467,0.32500016847196,NA,0.946445451368645,0.999999464264005,NA,NA,0.562943705629437,0.86773954183529,0.803219678032197,0.97980201979802,0.575142485751425,0.975702429757024,0.323967603239676,0.947159534494027,0.562943705629437,0.86773954183529,0.577369241087166,0.873179915138333,0.86773954183529,"AT3G07270;AT1G68760;AT5G62980;AT3G21730;AT3G11750;AT2G19180;AT4G30000;AT1G69190","6.242e-01;6.701e-01;3.627e-01;5.864e-01;9.435e-01;8.995e-01;6.866e-01;6.998e-01","stouffer_p_analytic",0,0,5,"Remains_nonsignificant"
"PWY-6959","L-ascorbate degradation V",8,0.93500135968482,0.993497988740045,0.79921640699601,0.01,0,0.95096630477719,0.510756530063494,NA,0.974228435654312,0.999999464264005,NA,NA,0.568643135686431,0.86773954183529,0.932706729327067,0.993800619938006,0.574642535746425,0.953404659534047,0.513748625137486,0.974815259658799,0.568643135686431,0.86773954183529,0.577369241087166,0.873179915138333,0.86773954183529,"AT4G09010;AT1G77490;AT4G35970;AT4G32320;AT4G08390;AT3G09640;AT1G07890;AT4G35000","9.853e-01;7.512e-01;6.634e-01;8.558e-01;3.140e-01;6.550e-01;8.055e-01;9.736e-01","stouffer_p_analytic",0,0,5,"Remains_nonsignificant"
"TYRFUMCAT-PWY","L-tyrosine degradation I",10,0.591072330121293,0.776685862119729,0.816190492481024,0.01,0,0.885467013553567,0.623115635619335,NA,0.780877728640851,0.999999464264005,NA,NA,0.570942905709429,0.86773954183529,0.588041195880412,0.772622737726227,0.642935706429357,0.878712128787121,0.619338066193381,0.743793492271633,0.570942905709429,0.86773954183529,0.577369241087166,0.873179915138333,0.86773954183529,"AT1G12050;AT2G02380;AT2G02390;AT5G54080;AT1G06570;AT1G80360;AT5G36160;AT1G70560;AT5G53970;AT5G51690","3.349e-01;3.358e-01;7.872e-01;5.113e-01;5.266e-01;6.037e-01;6.679e-01;1.948e-01;3.223e-01;9.186e-01","acat_p",0,0,5,"Remains_nonsignificant"
"PWY-6115","avenacin biosynthesis, initial reactions",8,0.961218017681415,0.999989521188249,0.799216587814884,0.01,0,0.998010897716349,0.423967498255136,NA,0.999947896365406,0.999999464264005,NA,NA,0.574742525747425,0.86773954183529,0.958004199580042,1,0.576642335766423,0.998100189981002,0.415358464153585,0.990981629654625,0.574742525747425,0.86773954183529,0.577369241087166,0.873179915138333,0.86773954183529,"AT2G07050;AT1G66960;AT1G78480;AT1G78950;AT1G78500;AT1G78955;AT1G78960;AT1G78970","8.885e-01;5.405e-01;9.525e-01;9.238e-01;9.434e-01;9.658e-01;9.635e-01;9.887e-01","stouffer_p_analytic",0,0,5,"Remains_nonsignificant"
"PWY-6441","spermine and spermidine degradation III",9,0.624757510456444,0.9002382252677,0.808021032230372,0.01,0,0.959267228248199,0.706450324984817,NA,0.886945083317003,0.999999464264005,NA,NA,0.578242175782422,0.86773954183529,0.617038296170383,0.8994100589941,0.605039496050395,0.958804119588041,0.706629337066293,0.876451702812682,0.578242175782422,0.86773954183529,0.577369241087166,0.873179915138333,0.86773954183529,"AT3G10390;AT4G29720;AT4G16310;AT1G62830;AT3G13682;AT2G43020;AT5G13700;AT1G65840;AT3G59050","6.794e-01;6.014e-01;4.989e-01;6.425e-01;8.589e-01;2.993e-01;3.923e-01;4.054e-01;8.188e-01","acat_p",0,0,5,"Remains_nonsignificant"
"PWY-5041","<i>S</i>-adenosyl-L-methionine cycle II",9,0.779005304677866,0.899369667517534,0.808020728645279,0.01,0,0.952282579877966,0.46728630407535,NA,0.876444289838904,0.999999464264005,NA,NA,0.57964203579642,0.86773954183529,0.778222177782222,0.896710328967103,0.607839216078392,0.952304769523048,0.469253074692531,0.864713095968109,0.57964203579642,0.86773954183529,0.577369241087166,0.873179915138333,0.86773954183529,"AT3G03780;AT5G17920;AT5G20980;AT3G23810;AT4G13940;AT2G36880;AT4G01850;AT3G17390;AT1G02500","9.273e-01;2.868e-01;6.770e-01;4.667e-01;3.039e-01;7.798e-01;9.506e-01;4.139e-01;5.537e-01","stouffer_p_analytic",0,0,5,"Remains_nonsignificant"
"PWY-5348","kaempferol triglucoside biosynthesis",13,0.849890366321121,0.817397037457545,0.764273311653008,0.05,0.0977545217302627,0.469648626873459,0.180875053119497,NA,0.669229088138818,0.999999464264005,NA,NA,0.586541345865414,0.86773954183529,0.857014298570143,0.80961903809619,0.737626237376262,0.463653634636536,0.186781321867813,0.664836559471829,0.586541345865414,0.86773954183529,0.577369241087166,0.873179915138333,0.86773954183529,"AT4G34135;AT3G46660;AT5G38010;AT5G38040;AT2G29710;AT1G07250;AT2G29730;AT1G51210;AT2G29750;AT5G03490;AT1G73880;AT3G21750;AT5G17050","9.879e-01;4.187e-01;3.825e-01;2.279e-01;8.891e-01;7.972e-01;7.888e-01;6.209e-01;7.852e-01;3.236e-01;4.761e-02;5.226e-01;7.596e-01","stouffer_p_analytic",0,0,5,"Remains_nonsignificant"
"PWY-5800","xylan biosynthesis",9,0.54604605489209,0.823260286074764,0.808020786547958,0.01,0,0.967620225308201,0.923327956195722,NA,0.90933664345739,0.999999464264005,NA,NA,0.58994100589941,0.86773954183529,0.532746725327467,0.82021797820218,0.612538746125388,0.966203379662034,0.923507649235076,0.900759802258291,0.58994100589941,0.86773954183529,0.577369241087166,0.873179915138333,0.86773954183529,"AT5G67230;AT3G03050;AT1G32180;AT4G38190;AT1G27600;AT2G33100;AT5G16910;AT2G37090;AT4G36890","3.475e-01;4.719e-01;3.169e-01;5.939e-01;4.384e-01;4.055e-01;7.740e-01;7.934e-01;5.881e-01","acat_p",0,0,5,"Remains_nonsignificant"
"PWY-6792","scopoletin biosynthesis",11,0.608458343525978,0.628033449988914,0.823813797964006,0.01,0,0.867828006558794,0.578904656436644,NA,0.747421140595977,0.999999464264005,NA,NA,0.594040595940406,0.86773954183529,0.618438156184382,0.638136186381362,0.68953104689531,0.87001299870013,0.584241575842416,0.719125525697582,0.594040595940406,0.86773954183529,0.577369241087166,0.873179915138333,0.86773954183529,"AT1G55290;AT3G12900;AT5G12270;AT3G13610;AT1G67980;AT1G24735;AT4G26220;AT3G62000;AT3G61990;AT1G67990;AT4G34050","2.471e-01;3.495e-01;1.938e-01;1.680e-01;9.208e-01;8.821e-01;4.664e-01;3.366e-01;3.569e-01;8.979e-01;5.662e-01","stouffer_p_analytic",0,0,5,"Remains_nonsignificant"
"PWY-6333","acetaldehyde biosynthesis I",9,0.72930289903274,0.951432473048145,0.808020793376736,0.01,0,0.96901490515608,0.904388341635617,NA,0.929796430240175,0.999999464264005,NA,NA,0.5997400259974,0.86773954183529,0.73052694730527,0.950704929507049,0.616138386161384,0.97000299970003,0.904509549045096,0.927217693186103,0.5997400259974,0.86773954183529,0.577369241087166,0.873179915138333,0.86773954183529,"AT1G77120;AT2G29350;AT1G22440;AT1G32780;AT1G22430;AT1G64710;AT4G22110;AT5G42250;AT5G24760","5.769e-01;7.740e-01;7.574e-01;8.667e-01;7.293e-01;9.158e-01;4.251e-01;3.202e-01;3.523e-01","acat_p",0,0,5,"Remains_nonsignificant"
"PWY-7186","superpathway of scopolin and esculin biosynthesis",9,0.837683348572132,0.97929685038225,0.808020768204048,0.01,0,0.968233655361747,0.709399333574958,NA,0.94629443317955,0.999999464264005,NA,NA,0.602039796020398,0.86773954183529,0.842615738426157,0.98050194980502,0.614238576142386,0.968503149685031,0.708229177082292,0.946333492612789,0.602039796020398,0.86773954183529,0.577369241087166,0.873179915138333,0.86773954183529,"AT5G48175;AT1G66280;AT3G09260;AT1G66270;AT1G33030;AT1G51990;AT4G26220;AT5G54160;AT2G40890","9.271e-01;6.106e-01;6.830e-01;3.184e-01;7.360e-01;8.616e-01;4.664e-01;9.621e-01;5.347e-01","stouffer_p_analytic",0,0,5,"Remains_nonsignificant"
"PWY-5188","tetrapyrrole biosynthesis I (from glutamate)",9,0.752740150637863,0.977681453041995,0.808020838660971,0.01,0,0.992413475442431,0.814258103675264,NA,0.973610644487891,0.999999464264005,NA,NA,0.602539746025398,0.86773954183529,0.754624537546245,0.976802319768023,0.608739126087391,0.992700729927007,0.811818818118188,0.973611006003459,0.602539746025398,0.86773954183529,0.577369241087166,0.873179915138333,0.86773954183529,"AT2G31250;AT1G09940;AT1G58290;AT3G48730;AT5G63570;AT1G69740;AT1G44318;AT5G08280;AT2G26540","4.186e-01;9.309e-01;6.950e-01;4.643e-01;8.319e-01;5.525e-01;5.633e-01;6.581e-01;8.282e-01","acat_p",0,0,5,"Remains_nonsignificant"
"GLYCLEAV-PWY","glycine cleavage",10,0.623752731138176,0.890314386551289,0.816191316255143,0.01,0,0.925473380522514,0.64354382262541,NA,0.844501564493035,0.999999464264005,NA,NA,0.606339366063394,0.86773954183529,0.61993800619938,0.886211378862114,0.65003499650035,0.926307369263074,0.646135386461354,0.827734965400848,0.606339366063394,0.86773954183529,0.577369241087166,0.873179915138333,0.86773954183529,"AT1G48030;AT2G35370;AT2G35120;AT3G17240;AT3G16950;AT4G16155;AT1G11860;AT1G60990;AT2G26080;AT4G33010","9.021e-01;4.314e-01;7.797e-01;5.532e-01;6.150e-01;4.622e-01;7.261e-01;2.287e-01;4.669e-01;4.747e-01","acat_p",0,0,5,"Remains_nonsignificant"
"PWY-5788","indole-3-acetate inactivation V",12,0.749997694242801,0.867205488739142,0.830954181059156,0.01,0,0.995303553290062,0.957371030314823,NA,0.9801692910818,0.999999464264005,NA,NA,0.608539146085392,0.86773954183529,0.733526647335267,0.776222377762224,0.622237776222378,0.983001699830017,0.888611138886111,0.934444838716426,0.608539146085392,0.86773954183529,0.577369241087166,0.873179915138333,0.86773954183529,"AT2G14960;AT1G59500;AT4G27260;AT2G23170;AT5G54510;AT2G47750;AT5G13350;AT5G13360;AT5G13370;AT5G13380;AT1G28130;AT4G37390","8.227e-01;4.690e-01;3.699e-01;3.603e-01;7.458e-01;4.030e-01;4.648e-01;4.590e-01;4.363e-01;3.886e-01;9.727e-01;4.685e-01","acat_p",0,0,5,"Remains_nonsignificant"
"PWY-6842","glutathione-mediated detoxification II",68,0.327335072730523,0.893668746248224,0.641428527646846,0.01,0.920047881039645,0.349896196458788,0.6775830258031,NA,0.665806611546821,0.999999464264005,NA,NA,0.609139086091391,0.86773954183529,0.324167583241676,0.87971202879712,0.688331166883312,0.340565943405659,0.66953304669533,0.653465853000238,0.609139086091391,0.86773954183529,0.577369241087166,0.873179915138333,0.86773954183529,"AT2G43910;AT3G57050;AT4G39650;AT4G39640;AT1G69820;AT4G29210;AT5G44070;AT2G30870;AT2G02930;AT1G02930;AT1G02940;AT1G02950;AT1G09640;AT1G24380;AT1G57720;AT1G65820;AT1G66235;AT1G77290;AT3G47680;AT3G55040;AT4G10230;AT5G02780;AT5G02790;AT5G52547;AT1G19550;AT5G16710;AT2G02390;AT1G75270;AT2G02380;AT1G19570;AT1G27130;AT5G17220;AT1G27140;AT2G29480;AT1G69920;AT3G43800;AT1G59700;AT1G74590;AT5G41210;AT1G78320;AT1G10360;AT1G59670;AT5G41220;AT1G78370;AT3G09270;AT2G29490;AT1G78340;AT1G10370;AT2G29440;AT5G41240;AT3G62760;AT1G78360;AT2G29470;AT5G62480;AT3G03190;AT1G17180;AT2G29460;AT1G69930;AT1G49860;AT1G02920;AT1G53680;AT1G78380;AT1G17170;AT4G02520;AT2G47730;AT2G29450;AT2G29420;AT1G17190","4.778e-01;2.102e-01;5.260e-01;4.900e-01;5.593e-01;3.694e-01;7.912e-01;3.360e-01;5.396e-01;9.750e-01;9.585e-01;9.081e-01;1.649e-01;1.303e-01;7.195e-01;5.987e-01;8.521e-01;7.362e-01;6.036e-01;9.301e-01;4.388e-01;7.162e-01;6.221e-01;4.085e-02;3.487e-01;3.885e-01;7.872e-01;9.462e-01;3.358e-01;3.957e-01;4.694e-01;1.131e-02;6.010e-01;3.143e-01;7.755e-01;5.670e-01;3.883e-01;6.313e-03;4.949e-01;4.583e-01;4.768e-01;4.830e-01;4.719e-01;3.387e-01;2.868e-01;4.111e-01;5.559e-01;3.888e-01;3.171e-01;6.250e-01;3.129e-01;3.574e-01;3.287e-01;8.400e-01;9.080e-01;5.623e-01;6.951e-01;4.752e-01;6.182e-01;9.515e-01;3.468e-01;3.894e-01;4.490e-01;9.114e-01;4.635e-01;5.253e-01;3.282e-01;4.949e-01","acat_p",0,0,5,"Remains_nonsignificant"
"PWY-7859","jasmonoyl-L-isoleucine inactivation",10,0.764386994741537,0.959524270693253,0.816191465333051,0.01,0,0.984289692493926,0.819176797164326,NA,0.951058713949251,0.999999464264005,NA,NA,0.612438756124388,0.86773954183529,0.755024497550245,0.948805119488051,0.627937206279372,0.978202179782022,0.791020897910209,0.933266298551967,0.612438756124388,0.86773954183529,0.577369241087166,0.873179915138333,0.86773954183529,"AT5G07000;AT5G07010;AT5G54140;AT1G51780;AT1G44350;AT5G63450;AT3G01900;AT1G34540;AT3G48520;AT3G56630","4.050e-01;3.399e-01;7.022e-01;5.402e-01;9.617e-01;7.717e-01;5.604e-01;6.819e-01;6.038e-01;6.055e-01","acat_p",0,0,5,"Remains_nonsignificant"
"PWY-2021","indole-3-acetate inactivation IV",12,0.749997694242801,0.867205488739142,0.830954825405127,0.01,0,0.995303553290062,0.957371030314823,NA,0.980169293029295,0.999999464264005,NA,NA,0.613138686131387,0.86773954183529,0.728927107289271,0.774322567743226,0.626737326267373,0.984801519848015,0.891310868913109,0.939983668431088,0.613138686131387,0.86773954183529,0.577369241087166,0.873179915138333,0.86773954183529,"AT2G14960;AT2G47750;AT5G13350;AT5G13360;AT5G13370;AT5G13380;AT1G28130;AT4G27260;AT1G59500;AT2G23170;AT4G37390;AT5G54510","8.227e-01;4.030e-01;4.648e-01;4.590e-01;4.363e-01;3.886e-01;9.727e-01;3.699e-01;4.690e-01;3.603e-01;4.685e-01;7.458e-01","acat_p",0,0,5,"Remains_nonsignificant"
"PWY-3101","flavonol biosynthesis",12,0.816652437099355,0.99149283510821,0.830954010615389,0.01,0,0.992602764901669,0.677440269394167,NA,0.981141742918318,0.999999464264005,NA,NA,0.614038596140386,0.86773954183529,0.797720227977202,0.965903409659034,0.626637336266373,0.977902209779022,0.625837416258374,0.939238951488908,0.614038596140386,0.86773954183529,0.577369241087166,0.873179915138333,0.86773954183529,"AT5G63600;AT5G63595;AT5G63590;AT5G63580;AT5G48020;AT5G43935;AT3G55970;AT5G07990;AT2G46660;AT1G01190;AT3G61880;AT5G08640","7.691e-01;8.894e-01;9.237e-01;9.456e-01;3.718e-01;8.663e-01;4.235e-01;4.887e-01;8.891e-01;6.390e-01;3.356e-01;6.517e-01","stouffer_p_analytic",0,0,5,"Remains_nonsignificant"
"PWY-5859","eugenol and isoeugenol biosynthesis",9,0.859704990360441,0.964244826977803,0.808020328267778,0.01,0,0.987130530517759,0.559423410034578,NA,0.95763569875541,0.999999464264005,NA,NA,0.614138586141386,0.86773954183529,0.861113888611139,0.966403359664034,0.624337566243376,0.988701129887011,0.563243675632437,0.960763107067025,0.614138586141386,0.86773954183529,0.577369241087166,0.873179915138333,0.86773954183529,"AT1G19540;AT4G39230;AT1G75290;AT1G75280;AT1G75300;AT5G16410;AT1G78990;AT1G32910;AT1G31490","3.835e-01;4.450e-01;9.598e-01;9.397e-01;9.474e-01;5.688e-01;5.941e-01;4.277e-01;5.831e-01","stouffer_p_analytic",0,0,5,"Remains_nonsignificant"
"NONMEVIPP-PWY","methylerythritol phosphate pathway I",11,0.840363323025043,0.88540131747644,0.786026665016082,0.1,0.701115246731852,0.55217788782194,0.589672968735238,NA,0.783768535937347,0.999999464264005,NA,NA,0.615038496150385,0.86773954183529,0.838616138386161,0.88941105889411,0.687231276872313,0.550944905509449,0.584741525847415,0.769767860176425,0.615038496150385,0.86773954183529,0.577369241087166,0.873179915138333,0.86773954183529,"AT1G79690;AT5G16440;AT3G02780;AT2G02500;AT2G26930;AT4G34350;AT1G63970;AT5G62790;AT3G21500;AT4G15560;AT5G11380","9.795e-01;4.664e-01;6.939e-01;9.414e-01;4.804e-01;8.116e-01;8.350e-01;6.366e-01;7.043e-02;4.010e-01;4.204e-01","minp_p_analytic",0,0,5,"Remains_nonsignificant"
"PWY-6219","indole-3-acetate inactivation VIII",12,0.749997694242801,0.867205488739142,0.830954292824992,0.01,0,0.995303553290062,0.957371030314823,NA,0.980169291419605,0.999999464264005,NA,NA,0.616338366163384,0.86773954183529,0.733926607339266,0.778322167783222,0.62993700629937,0.984801519848015,0.885211478852115,0.939777081269811,0.616338366163384,0.86773954183529,0.577369241087166,0.873179915138333,0.86773954183529,"AT2G14960;AT1G59500;AT4G27260;AT2G23170;AT5G54510;AT2G47750;AT5G13350;AT5G13360;AT5G13370;AT5G13380;AT1G28130;AT4G37390","8.227e-01;4.690e-01;3.699e-01;3.603e-01;7.458e-01;4.030e-01;4.648e-01;4.590e-01;4.363e-01;3.886e-01;9.727e-01;4.685e-01","acat_p",0,0,5,"Remains_nonsignificant"
"PWY-7224","purine deoxyribonucleosides salvage",10,0.703408736671512,0.943977287467323,0.816191076948088,0.01,0,0.967060400067639,0.665546960476265,NA,0.914219808243363,0.999999464264005,NA,NA,0.61973802619738,0.868715748512485,0.697630236976302,0.938406159384062,0.643535646435356,0.965803419658034,0.657634236576342,0.904236805090509,0.61973802619738,0.868715748512485,0.578018781278874,0.874162242233566,0.868715748512485,"AT5G63310;AT4G11010;AT1G17410;AT4G23900;AT4G09320;AT4G23895;AT5G60340;AT5G59440;AT2G41880;AT1G72040","7.224e-01;9.251e-01;6.266e-01;6.817e-01;3.678e-01;7.603e-01;3.651e-01;8.375e-01;2.892e-01;5.548e-01","stouffer_p_analytic",0,0,5,"Remains_nonsignificant"
"CYSTSYN-PWY","L-cysteine biosynthesis I",15,0.507219839515838,0.759616754404084,0.849983756345469,0.01,0,0.842195093433442,0.474448170841894,NA,0.744034430142031,0.999999464264005,NA,NA,0.623537646235376,0.869253334406819,0.504449555044496,0.733426657334267,0.772822717728227,0.822317768223178,0.483451654834517,0.699429746549561,0.623537646235376,0.869253334406819,0.578376475661655,0.874703198572379,0.869253334406819,"AT1G55880;AT5G28030;AT3G04940;AT5G28020;AT3G22460;AT3G03630;AT3G61440;AT4G14880;AT2G43750;AT3G59760;AT3G13110;AT1G55920;AT5G56760;AT4G35640;AT2G17640","5.806e-01;1.158e-01;7.661e-01;1.605e-01;4.056e-01;2.581e-01;5.182e-01;4.541e-01;7.111e-01;8.762e-01;3.340e-01;8.295e-01;6.381e-01;4.235e-01;5.646e-01","stouffer_p_analytic",0,0,5,"Remains_nonsignificant"
"PWY-6040","chlorogenic acid biosynthesis II",15,0.801324727124906,0.901262479917764,0.77267945227972,0.05,0.165830736549719,0.506736326642178,0.299539252587168,NA,0.748540251254781,0.999999464264005,NA,NA,0.625537446255374,0.869253334406819,0.788521147885211,0.874512548745126,0.731226877312269,0.469153084691531,0.334966503349665,0.710913951532775,0.625537446255374,0.869253334406819,0.578376475661655,0.874703198572379,0.869253334406819,"AT5G09970;AT2G40890;AT5G48930;AT3G50280;AT5G07870;AT5G07850;AT5G01210;AT2G39980;AT5G57840;AT3G50300;AT3G50270;AT5G67150;AT5G23940;AT5G67160;AT5G42830","3.500e-01;5.347e-01;2.446e-01;9.255e-01;3.513e-01;4.454e-01;4.602e-02;3.968e-01;8.919e-01;9.728e-01;9.341e-01;8.194e-01;9.139e-01;7.710e-01;6.071e-01","stouffer_p_analytic",0,0,5,"Remains_nonsignificant"
"PWY-7176","UTP and CTP <i>de novo</i> biosynthesis",13,0.955323693830719,0.820110650535735,0.423936200173477,0.01,0.475216275154146,0.0977943444330777,0.249207427530013,NA,0.724412821370049,0.999999464264005,NA,NA,0.629237076292371,0.869630985619387,0.953704629537046,0.822417758224178,0.460753924607539,0.0961903809619038,0.247275272472753,0.717880875858865,0.629237076292371,0.869630985619387,0.578627754050484,0.875083217504148,0.869630985619387,"AT4G20320;AT2G34890;AT1G30820;AT3G12670;AT4G02120;AT4G09320;AT5G63310;AT3G60961;AT3G18680;AT3G60180;AT4G25280;AT3G10030;AT5G26667","7.372e-01;7.885e-03;5.261e-01;7.740e-01;8.416e-01;3.678e-01;7.224e-01;5.283e-01;8.121e-01;4.179e-01;9.967e-01;9.893e-01;6.624e-01","minp_p_analytic",0,0,5,"Remains_nonsignificant"
"PWY-4321","L-glutamate degradation IV",10,0.646152416618652,0.950177130699241,0.816191350548794,0.01,0,0.980446586028107,0.698970238684533,NA,0.938002937394739,0.999999464264005,NA,NA,0.633736626337366,0.869630985619387,0.638736126387361,0.948005199480052,0.649335066493351,0.981101889811019,0.693930606939306,0.936074988149725,0.633736626337366,0.869630985619387,0.578627754050484,0.875083217504148,0.869630985619387,"AT3G25530;AT5G63620;AT3G22200;AT1G79440;AT2G02010;AT3G17760;AT2G02000;AT3G17720;AT5G17330;AT1G65960","7.386e-01;4.903e-01;6.661e-01;5.775e-01;8.201e-01;3.253e-01;7.807e-01;8.050e-01;5.389e-01;3.511e-01","acat_p",0,0,5,"Remains_nonsignificant"
"HISTSYN-PWY","L-histidine biosynthesis",11,0.817935455118024,0.917086217313283,0.823812981001207,0.01,0,0.731155719307406,0.216746221225434,NA,0.793101652428289,0.999999464264005,NA,NA,0.633936606339366,0.869630985619387,0.824217578242176,0.923507649235076,0.698430156984302,0.744125587441256,0.220877912208779,0.783587160734463,0.633936606339366,0.869630985619387,0.578627754050484,0.875083217504148,0.869630985619387,"AT1G58080;AT1G09795;AT1G31860;AT2G36230;AT4G26900;AT3G22425;AT4G14910;AT5G10330;AT1G71920;AT4G39120;AT5G63890","6.651e-01;8.107e-01;2.732e-01;9.288e-01;1.126e-01;3.699e-01;8.179e-01;9.673e-01;9.034e-01;5.255e-01;5.370e-01","stouffer_p_analytic",0,0,5,"Remains_nonsignificant"
"PWY-6556","pyrimidine ribonucleosides salvage II",10,0.709427622154332,0.970054744809372,0.816190999971382,0.01,0,0.980003396091056,0.937968495022371,NA,0.953346383219874,0.999999464264005,NA,NA,0.644635536446355,0.873520242912417,0.702129787021298,0.96990300969903,0.656534346565343,0.981401859814019,0.934006599340066,0.953069468325729,0.644635536446355,0.873520242912417,0.58121555537036,0.878996858855442,0.873520242912417,"AT2G36310;AT4G29600;AT4G29620;AT4G29640;AT4G29570;AT4G29630;AT4G29650;AT4G29610;AT4G29580;AT2G19570","8.965e-01;6.693e-01;5.788e-01;8.450e-01;3.238e-01;6.960e-01;8.369e-01;3.615e-01;5.717e-01;6.211e-01","acat_p",0,0,5,"Remains_nonsignificant"
"PWY-7560","methylerythritol phosphate pathway II",12,0.82857871006992,0.895477464667578,0.79465440421523,0.1,0.701115246731852,0.583717786409504,0.658552972466788,NA,0.797081906536295,0.999999464264005,NA,NA,0.644735526447355,0.873520242912417,0.828117188281172,0.892210778922108,0.717728227177282,0.587241275872413,0.660833916608339,0.782898755513851,0.644735526447355,0.873520242912417,0.58121555537036,0.878996858855442,0.873520242912417,"AT1G79690;AT5G16440;AT3G02780;AT2G02500;AT2G26930;AT4G34350;AT5G60600;AT1G63970;AT5G62790;AT3G21500;AT4G15560;AT5G11380","9.795e-01;4.664e-01;6.939e-01;9.414e-01;4.804e-01;8.116e-01;5.072e-01;8.350e-01;6.366e-01;7.043e-02;4.010e-01;4.204e-01","minp_p_analytic",0,0,5,"Remains_nonsignificant"
"PWY-7205","CMP phosphorylation",10,0.969292391196013,0.983953390242577,0.816192168086292,0.01,0,0.98980205097217,0.515296918940634,NA,0.974765750559594,0.999999464264005,NA,NA,0.644935506449355,0.873520242912417,0.966103389661034,0.984201579842016,0.651734826517348,0.99010098990101,0.517348265173483,0.974468548625461,0.644935506449355,0.873520242912417,0.58121555537036,0.878996858855442,0.873520242912417,"AT3G60961;AT3G60180;AT4G25280;AT5G26667;AT5G63310;AT4G11010;AT1G17410;AT4G23900;AT4G09320;AT4G23895","5.283e-01;4.179e-01;9.967e-01;6.624e-01;7.224e-01;9.251e-01;6.266e-01;6.817e-01;3.678e-01;7.603e-01","stouffer_p_analytic",0,0,5,"Remains_nonsignificant"
"PWY-7270","L-methionine salvage cycle II (plants)",13,0.760242529644043,0.869008312136536,0.829143478480043,0.1,0.159852260493786,0.716119489512564,0.554842027318651,NA,0.77936054086018,0.999999464264005,NA,NA,0.654234576542346,0.88239201289955,0.760723927607239,0.87031296870313,0.747625237476252,0.716828317168283,0.55974402559744,0.761429563365675,0.654234576542346,0.88239201289955,0.587118579097661,0.887924251224939,0.88239201289955,"AT3G61510;AT1G01480;AT2G22810;AT5G65800;AT4G37770;AT4G26200;AT4G11280;AT4G08040;AT3G49700;AT2G36880;AT4G01850;AT3G17390;AT1G02500","5.173e-01;3.749e-01;9.232e-02;4.415e-01;8.597e-01;4.585e-01;6.879e-01;3.217e-01;9.615e-01;7.798e-01;9.506e-01;4.139e-01;5.537e-01","stouffer_p_analytic",0,0,5,"Remains_nonsignificant"
"PWY-7219","adenosine ribonucleotides <i>de novo</i> biosynthesis",11,0.645447787357282,0.89442421566301,0.823813482246781,0.01,0,0.989699950749232,0.597445599126657,NA,0.956337820299867,0.999999464264005,NA,NA,0.65973402659734,0.885470202979702,0.635336466353365,0.886411358864114,0.674232576742326,0.988101189881012,0.586241375862414,0.948709894929675,0.65973402659734,0.885470202979702,0.589166719334235,0.891021740302459,0.885470202979702,"AT5G60340;AT5G63400;AT5G35170;AT3G01820;AT5G47840;AT5G50370;AT2G39270;AT2G37250;AT1G36280;AT4G18440;AT3G57610","3.651e-01;9.037e-01;3.403e-01;4.919e-01;3.570e-01;4.462e-01;6.876e-01;7.932e-01;3.910e-01;5.093e-01;8.655e-01","stouffer_p_analytic",0,0,5,"Remains_nonsignificant"
"NONOXIPENT-PWY","pentose phosphate pathway (non-oxidative branch)",12,0.745876808042725,0.91305590917985,0.830954396749863,0.01,0,0.90607911506634,0.266572342257911,NA,0.832943339232798,0.999999464264005,NA,NA,0.662033796620338,0.885470202979702,0.749225077492251,0.914108589141086,0.71962803719628,0.904509549045096,0.259074092590741,0.817136997728025,0.662033796620338,0.885470202979702,0.589166719334235,0.891021740302459,0.885470202979702,"AT3G04880;AT5G44520;AT3G04790;AT1G71100;AT2G01290;AT1G63290;AT3G01850;AT5G61410;AT2G45290;AT3G60750;AT5G13420;AT1G12230","7.851e-01;4.403e-01;8.299e-01;1.789e-01;9.508e-01;8.895e-01;8.580e-01;4.126e-01;3.242e-01;7.696e-01;3.728e-01;3.407e-01","stouffer_p_analytic",0,0,5,"Remains_nonsignificant"
"PWY-6367","D-<i>myo</i>-inositol-5-phosphate metabolism",13,0.698581265838903,0.860895442718263,0.837668407185437,0.01,0,0.943742659262663,0.808720568458783,NA,0.871508323726173,0.999999464264005,NA,NA,0.665233476652335,0.885922563122174,0.692730726927307,0.825617438256174,0.713428657134287,0.924207579242076,0.768823117688231,0.828598674472612,0.665233476652335,0.885922563122174,0.589467706922751,0.891476936558677,0.885922563122174,"AT1G13680;AT3G08510;AT3G47290;AT4G34930;AT5G58670;AT3G55940;AT4G38530;AT5G58700;AT5G58690;AT2G40116;AT3G47220;AT5G04540;AT3G10550","3.517e-01;5.725e-01;2.360e-01;9.382e-01;8.338e-01;8.275e-01;7.476e-01;3.887e-01;3.513e-01;3.383e-01;1.986e-01;5.206e-01;9.220e-01","acat_p",0,0,5,"Remains_nonsignificant"
"PWY-5125","anthocyanin biosynthesis",12,0.875432057019276,0.931891639050183,0.830954675061349,0.01,0,0.98889831462241,0.845502560218035,NA,0.959703325500985,0.999999464264005,NA,NA,0.673532646735326,0.885922563122174,0.871012898710129,0.916908309169083,0.686531346865313,0.985501449855015,0.82001799820018,0.947864580939045,0.673532646735326,0.885922563122174,0.589467706922751,0.891476936558677,0.885922563122174,"AT4G22880;AT1G49390;AT4G22870;AT2G38240;AT3G11180;AT4G16330;AT5G05600;AT5G17030;AT2G18560;AT4G36770;AT2G18570;AT5G17050","3.172e-01;9.832e-01;3.127e-01;3.450e-01;9.673e-01;3.934e-01;4.768e-01;6.873e-01;5.970e-01;5.235e-01;6.778e-01;7.596e-01","tfisher_p_analytic",0,0,5,"Remains_nonsignificant"
"PWY-282","cuticular wax biosynthesis",20,0.509243176026771,0.878122698674185,0.839388570295885,0.1,0.969117581705185,0.719593058058035,0.241901217512719,NA,0.718450086077302,0.999999464264005,NA,NA,0.677932206779322,0.885922563122174,0.514148585141486,0.877712228777122,0.842315768423158,0.723327667233277,0.242975702429757,0.721220554802103,0.677932206779322,0.885922563122174,0.589467706922751,0.891476936558677,0.885922563122174,"AT5G37300;AT4G33790;AT2G37700;AT1G02190;AT5G57800;AT1G02205;AT1G47620;AT1G65340;AT2G21910;AT2G23180;AT4G32170;AT4G39480;AT4G39500;AT4G39510;AT5G02900;AT5G51900;AT5G52320;AT4G39490;AT1G66030;AT1G57750","7.883e-01;4.736e-01;6.895e-01;6.403e-01;8.125e-01;6.010e-01;3.573e-01;5.110e-01;8.115e-01;6.116e-01;6.160e-02;6.825e-01;2.277e-01;2.362e-01;5.437e-01;3.496e-01;7.664e-01;2.354e-01;7.495e-01;7.611e-01","stouffer_p_analytic",0,0,5,"Remains_nonsignificant"
"PWY-2724","alkane oxidation",11,0.740498774823547,0.985884785289339,0.823813283353104,0.01,0,0.99081476692556,0.903472982627908,NA,0.974765090308149,0.999999464264005,NA,NA,0.67993200679932,0.885922563122174,0.731026897310269,0.985501449855015,0.686131386861314,0.991900809919008,0.91000899910009,0.976012731630858,0.67993200679932,0.885922563122174,0.589467706922751,0.891476936558677,0.885922563122174,"AT1G69500;AT1G44170;AT1G54100;AT4G34240;AT3G66658;AT4G36250;AT1G23800;AT4G19380;AT4G28570;AT3G23410;AT1G03990","7.774e-01;9.370e-01;5.053e-01;7.673e-01;4.508e-01;7.180e-01;6.537e-01;6.132e-01;6.305e-01;3.471e-01;8.212e-01","acat_p",0,0,5,"Remains_nonsignificant"
"PWY-7047","malate-oxaloacetate shuttle I",11,0.99579359199174,0.996487859853805,0.823813604282708,0.01,0,0.971521519495884,0.657706258529979,NA,0.991140748466978,0.999999464264005,NA,NA,0.680631936806319,0.885922563122174,0.996700329967003,0.997300269973003,0.682731726827317,0.970702929707029,0.657034296570343,0.992970829619482,0.680631936806319,0.885922563122174,0.589467706922751,0.891476936558677,0.885922563122174,"AT3G53910;AT5G43330;AT1G04410;AT5G56720;AT1G53240;AT2G22780;AT3G15020;AT3G47520;AT5G09660;AT4G00570;AT2G13560","7.696e-01;9.587e-01;8.867e-01;9.905e-01;7.903e-01;2.764e-01;3.536e-01;6.871e-01;5.190e-01;9.137e-01;9.996e-01","stouffer_p_analytic",0,0,5,"Remains_nonsignificant"
"PWY-6444","benzoate biosynthesis II (CoA-independent, non-&beta;-oxidative)",11,0.907423860179209,0.998169287364327,0.823813210698064,0.01,0,0.99701684124308,0.831269994184044,NA,0.994459626648837,0.999999464264005,NA,NA,0.686931306869313,0.885922563122174,0.903609639036096,0.997200279972003,0.689431056894311,0.996300369963004,0.827717228277172,0.992247947637565,0.686931306869313,0.885922563122174,0.589467706922751,0.891476936558677,0.885922563122174,"AT1G04580;AT1G44170;AT1G54100;AT4G34240;AT3G66658;AT4G36250;AT1G23800;AT3G10340;AT2G37040;AT5G04230;AT3G53260","4.106e-01;9.370e-01;5.053e-01;7.673e-01;4.508e-01;7.180e-01;6.537e-01;8.808e-01;9.836e-01;9.328e-01;9.003e-01","tfisher_p_analytic",0,0,5,"Remains_nonsignificant"
"PWY-5267","glucosinolate activation",14,0.514696231353826,0.863162476507932,0.843998996528583,0.01,0,0.82720478526264,0.914578474943684,NA,0.844332544442895,0.999999464264005,NA,NA,0.687031296870313,0.885922563122174,0.510648935106489,0.84051594840516,0.756924307569243,0.810718928107189,0.901709829017098,0.813174341930019,0.687031296870313,0.885922563122174,0.589467706922751,0.891476936558677,0.885922563122174,"AT5G26000;AT5G25980;AT1G47600;AT1G51470;AT5G48375;AT1G51490;AT1G54040;AT3G07720;AT3G59610;AT5G48180;AT3G16410;AT3G16390;AT2G33070;AT3G16400","4.359e-01;6.585e-01;1.179e-01;5.377e-01;6.070e-01;5.248e-01;3.330e-01;6.087e-01;6.289e-01;8.175e-01;4.832e-01;7.361e-01;4.577e-01;4.539e-01","acat_p",0,0,5,"Remains_nonsignificant"
"PWY-5152","leucodelphinidin biosynthesis",12,0.94566932138757,0.923599016262984,0.830954648231441,0.01,0,0.922031975648269,0.222728428315817,NA,0.89364170855645,0.999999464264005,NA,NA,0.687231276872313,0.885922563122174,0.947505249475053,0.925107489251075,0.72002799720028,0.921107889211079,0.230576942305769,0.889568290106592,0.687231276872313,0.885922563122174,0.589467706922751,0.891476936558677,0.885922563122174,"AT5G07990;AT5G24530;AT3G60290;AT2G36690;AT4G10490;AT5G07480;AT2G44800;AT4G10500;AT2G06960;AT1G79760;AT3G19000;AT3G19010","4.887e-01;6.359e-01;8.897e-01;9.588e-01;3.078e-01;5.581e-01;7.632e-01;9.947e-01;4.552e-01;7.500e-01;1.915e-01;2.570e-01","stouffer_p_analytic",0,0,5,"Remains_nonsignificant"
"PWY-6606","guanosine nucleotides degradation II",14,0.673502173992953,0.899252144464729,0.803399408202704,0.1,0.873106367125397,0.607541235088914,0.777294532628509,NA,0.79378645600604,0.999999464264005,NA,NA,0.688031196880312,0.885922563122174,0.674932506749325,0.8996100389961,0.77032296770323,0.610638936106389,0.777722227777222,0.788112515303332,0.688031196880312,0.885922563122174,0.589467706922751,0.891476936558677,0.885922563122174,"AT3G04390;AT4G02180;AT4G31196;AT4G37500;AT4G34900;AT4G34890;AT5G48960;AT1G75210;AT4G14930;AT2G38680;AT2G23890;AT1G72880;AT3G05300;AT5G28050","5.225e-01;8.099e-01;5.360e-01;4.331e-01;8.994e-01;8.793e-01;3.286e-01;7.352e-01;8.675e-01;3.478e-01;5.420e-01;4.136e-01;9.293e-01;6.463e-02","minp_p_analytic",0,0,5,"Remains_nonsignificant"
"PWY-7204","pyridoxal 5'-phosphate salvage II (plants)",12,0.769651337102991,0.965598786825844,0.830954158192761,0.01,0,0.996389150384433,0.878800683793651,NA,0.984515040737641,0.999999464264005,NA,NA,0.691530846915308,0.885922563122174,0.765723427657234,0.952704729527047,0.696130386961304,0.995700429957004,0.848815118488151,0.981179465338511,0.691530846915308,0.885922563122174,0.589467706922751,0.891476936558677,0.885922563122174,"AT2G32150;AT3G62040;AT5G02230;AT5G10460;AT5G59480;AT5G59490;AT2G27680;AT5G53580;AT1G06690;AT5G37850;AT2G46580;AT5G49970","7.891e-01;8.924e-01;4.939e-01;8.190e-01;3.760e-01;3.742e-01;4.448e-01;7.080e-01;3.958e-01;9.610e-01;5.132e-01;6.008e-01","acat_p",0,0,5,"Remains_nonsignificant"
"PWY-5659","GDP-mannose biosynthesis",12,0.83649591785538,0.978150343103385,0.830954595975301,0.01,0,0.853662580729394,0.523767232597874,NA,0.922448706114483,0.999999464264005,NA,NA,0.692730726927307,0.885922563122174,0.834416558344166,0.977002299770023,0.716928307169283,0.85031496850315,0.526447355264474,0.915649039559223,0.692730726927307,0.885922563122174,0.589467706922751,0.891476936558677,0.885922563122174,"AT5G42740;AT4G24620;AT4G30570;AT2G04650;AT3G55590;AT1G74910;AT2G39770;AT5G17530;AT1G70820;AT2G45790;AT3G02570;AT1G67070","9.116e-01;4.955e-01;6.521e-01;1.480e-01;5.415e-01;9.700e-01;8.527e-01;7.456e-01;8.897e-01;9.023e-01;4.312e-01;4.562e-01","stouffer_p_analytic",0,0,5,"Remains_nonsignificant"
"PYRUVDEHYD-PWY","pyruvate decarboxylation to acetyl CoA",15,0.901956970748857,0.828241433325548,0.799958395589318,0.1,1.18021020996701,0.574858419054484,0.289860703915086,NA,0.769468266583816,0.999999464264005,NA,NA,0.695530446955304,0.885973307431162,0.905309469053095,0.831616838316168,0.796120387961204,0.585241475852415,0.288871112888711,0.773730937291373,0.695530446955304,0.885973307431162,0.589501470744447,0.891527999013802,0.885973307431162,"AT1G59900;AT1G30120;AT1G24180;AT1G01090;AT5G50850;AT2G34590;AT3G17240;AT3G16950;AT4G16155;AT5G17780;AT3G13930;AT1G34430;AT1G54220;AT3G52200;AT3G25860","6.205e-01;9.933e-01;4.442e-01;8.570e-01;7.611e-01;1.598e-01;5.532e-01;6.150e-01;4.622e-01;6.890e-01;9.056e-01;7.307e-01;6.323e-01;5.543e-02;1.659e-01","stouffer_p_analytic",0,0,5,"Remains_nonsignificant"
"PWY-5337","stachyose biosynthesis",12,0.821602278377342,0.989592795014929,0.830954563102038,0.01,0,0.990087493439709,0.881329455688319,NA,0.976816620254903,0.999999464264005,NA,NA,0.704329567043296,0.888919988310049,0.822017798220178,0.98960103989601,0.711228877112289,0.988801119888011,0.868813118688131,0.975057422238451,0.704329567043296,0.888919988310049,0.591462108494309,0.894493154380959,0.888919988310049,"AT4G01970;AT5G20250;AT1G55740;AT5G40390;AT5G30500;AT4G26250;AT1G60450;AT5G23790;AT1G60470;AT1G09350;AT1G56600;AT2G47180","7.509e-01;9.192e-01;4.968e-01;3.192e-01;4.755e-01;8.286e-01;9.584e-01;3.673e-01;6.000e-01;8.539e-01;6.015e-01;9.105e-01","acat_p",0,0,5,"Remains_nonsignificant"
"PWY-6317","D-galactose degradation I (Leloir pathway)",12,0.741072602533688,0.99032722858718,0.830955527340652,0.01,0,0.995881268813596,0.616652085665308,NA,0.985950581041445,0.999999464264005,NA,NA,0.706329367063294,0.888919988310049,0.737226277372263,0.989101089891011,0.710628937106289,0.995600439956004,0.614438556144386,0.984652058048701,0.706329367063294,0.888919988310049,0.591462108494309,0.894493154380959,0.888919988310049,"AT5G51820;AT1G70820;AT5G17530;AT1G70730;AT1G23190;AT3G28530;AT1G12780;AT3G06580;AT1G63180;AT4G23920;AT4G10960;AT1G64440","5.595e-01;8.897e-01;7.456e-01;9.001e-01;5.200e-01;6.776e-01;6.587e-01;4.546e-01;6.243e-01;6.237e-01;8.931e-01;3.673e-01","stouffer_p_analytic",0,0,5,"Remains_nonsignificant"
"PWY-3385","choline biosynthesis I",12,0.992808328779991,0.452766794894522,0.263346851579712,0.01,0.884837785641474,0.0744308084188423,0.170512174281573,NA,0.957585478559216,0.999999464264005,NA,NA,0.707129287071293,0.888919988310049,0.992700729927007,0.441255874412559,0.287971202879712,0.0728927107289271,0.165883411658834,0.956777946634412,0.707129287071293,0.888919988310049,0.591462108494309,0.894493154380959,0.888919988310049,"AT1G17710;AT3G18000;AT1G73600;AT1G48600;AT1G04430;AT5G06050;AT5G14430;AT4G09760;AT1G71697;AT2G26830;AT1G74320;AT1G43710","7.033e-01;9.954e-01;6.425e-03;5.772e-01;9.020e-01;3.957e-01;6.131e-01;9.994e-01;8.808e-01;3.771e-01;2.353e-01;1.281e-01","minp_p_analytic",0,0,5,"Remains_nonsignificant"
"PWY-1001","cellulose biosynthesis",22,0.453451817204463,0.907779340486481,0.724186090126918,0.05,1.58361287443018,0.395926169357619,0.791221517250448,NA,0.750546689725328,0.999999464264005,NA,NA,0.715028497150285,0.888919988310049,0.46005399460054,0.906809319068093,0.734826517348265,0.403159684031597,0.792320767923208,0.752998977048905,0.715028497150285,0.888919988310049,0.591462108494309,0.894493154380959,0.888919988310049,"AT5G09870;AT2G21770;AT4G39350;AT4G24010;AT4G24000;AT4G23990;AT4G15320;AT4G15290;AT2G32620;AT2G32610;AT2G32540;AT2G32530;AT2G25540;AT1G55850;AT1G02730;AT4G32410;AT5G05170;AT5G64740;AT5G44030;AT5G17420;AT4G18780;AT3G28180","7.224e-01;5.704e-01;7.868e-01;7.884e-01;5.964e-01;5.531e-01;3.145e-01;4.827e-01;5.050e-01;4.762e-01;9.219e-01;8.847e-01;3.197e-01;5.931e-01;7.958e-01;5.421e-01;2.265e-02;4.469e-01;4.962e-01;6.613e-01;5.512e-01;2.791e-01","minp_p_analytic",0,0,5,"Remains_nonsignificant"
"PWYQT-4477","indole glucosinolate activation (intact plant cell)",16,0.712724541300669,0.853919059211716,0.855386449884826,0.1,0.0057418160200542,0.813751326688915,0.777282064710537,NA,0.813968087290668,0.999999464264005,NA,NA,0.715028497150285,0.888919988310049,0.705229477052295,0.847315268473153,0.807519248075192,0.806919308069193,0.765523447655235,0.795134615148437,0.715028497150285,0.888919988310049,0.591462108494309,0.894493154380959,0.888919988310049,"AT5G44070;AT5G53810;AT1G21130;AT1G21110;AT1G21120;AT1G21100;AT2G23220;AT2G23190;AT1G66540;AT4G37320;AT5G67310;AT5G36220;AT4G37430;AT4G37400;AT5G57220;AT2G44490","7.912e-01;8.779e-01;3.582e-01;2.258e-01;3.814e-01;9.971e-02;4.437e-01;7.202e-01;9.697e-01;3.729e-01;8.643e-01;4.679e-01;5.051e-01;4.358e-01;3.822e-01;8.360e-01","acat_p",0,0,5,"Remains_nonsignificant"
"PWY-4661","1D-<i>myo</i>-inositol hexakisphosphate biosynthesis III (<i>Spirodela polyrrhiza</i>)",12,0.949497903790579,0.989229812974178,0.830954173054299,0.01,0,0.996841930065186,0.752055921625077,NA,0.988579413689016,0.999999464264005,NA,NA,0.717128287171283,0.888919988310049,0.951404859514049,0.988501149885011,0.721027897210279,0.996400359964004,0.74982501749825,0.987215667119135,0.717128287171283,0.888919988310049,0.591462108494309,0.894493154380959,0.888919988310049,"AT5G58730;AT5G10170;AT2G22240;AT4G39800;AT5G16760;AT4G33770;AT4G08170;AT2G43980;AT1G59312;AT1G58643;AT1G22100;AT5G42810","9.952e-01;9.170e-01;5.917e-01;4.623e-01;8.409e-01;7.197e-01;4.693e-01;7.181e-01;5.873e-01;4.612e-01;3.811e-01;7.896e-01","stouffer_p_analytic",0,0,5,"Remains_nonsignificant"
"OXIDATIVEPENT-PWY","pentose phosphate pathway (oxidative branch) I",14,0.760682978210257,0.984390963485857,0.843999329096087,0.01,0,0.983053671486316,0.393687486678867,NA,0.96204973422886,0.999999464264005,NA,NA,0.717228277172283,0.888919988310049,0.75022497750225,0.971802819718028,0.735326467353265,0.971902809719028,0.404159584041596,0.935045049662512,0.717228277172283,0.888919988310049,0.591462108494309,0.894493154380959,0.888919988310049,"AT1G09420;AT5G35790;AT5G13110;AT5G40760;AT3G27300;AT1G24280;AT3G02360;AT5G41670;AT1G64190;AT5G24410;AT5G24400;AT5G24420;AT3G49360;AT1G13700","9.119e-01;5.710e-01;9.237e-01;7.415e-01;7.385e-01;7.982e-01;3.984e-01;8.480e-01;9.152e-01;5.390e-01;5.619e-01;2.527e-01;3.295e-01;4.636e-01","stouffer_p_analytic",0,0,5,"Remains_nonsignificant"
"PWY-5453","methylglyoxal degradation III",12,0.823731532971823,0.999421036318958,0.830954527249604,0.01,0,0.992659503626454,0.773521661726622,NA,0.99733694946334,0.999999464264005,NA,NA,0.723827617238276,0.892098430606378,0.825717428257174,0.999800019998,0.724027597240276,0.993600639936006,0.76992300769923,0.999032534096669,0.723827617238276,0.892098430606378,0.593576953707642,0.897691524215195,0.892098430606378,"AT5G18210;AT3G53880;AT2G37790;AT3G05260;AT3G03980;AT5G62420;AT4G13180;AT1G54870;AT3G04000;AT2G24190;AT2G37760;AT2G37770","8.017e-01;5.576e-01;8.532e-01;7.025e-01;8.317e-01;7.763e-01;8.082e-01;9.175e-01;6.546e-01;3.360e-01;9.368e-01;8.546e-01","stouffer_p_analytic",0,0,5,"Remains_nonsignificant"
"PWY-6927","chlorophyll <i>a</i> degradation II",13,0.855531954607931,0.980177958558911,0.837668492314107,0.01,0,0.996675925340463,0.838394502091424,NA,0.986454810582945,0.999999464264005,NA,NA,0.730626937306269,0.892098430606378,0.851214878512149,0.977302269773023,0.735426457354265,0.996000399960004,0.834216578342166,0.983809752058577,0.730626937306269,0.892098430606378,0.593576953707642,0.897691524215195,0.892098430606378,"AT2G24820;AT4G25650;AT3G44880;AT4G37000;AT3G02030;AT4G25290;AT4G36530;AT5G19850;AT5G38520;AT5G13800;AT1G44000;AT4G11911;AT4G22920","8.256e-01;7.493e-01;6.621e-01;3.661e-01;9.834e-01;9.023e-01;6.081e-01;4.142e-01;3.553e-01;8.505e-01;4.124e-01;4.835e-01;6.123e-01","tfisher_p_analytic",0,0,5,"Remains_nonsignificant"
"DETOX1-PWY","superoxide radicals degradation",14,0.77343580088311,0.927870281551923,0.843999003895256,0.01,0,0.896759498931439,0.782247799783812,NA,0.87017247607545,0.999999464264005,NA,NA,0.731626837316268,0.892098430606378,0.772722727727227,0.93040695930407,0.778022197780222,0.895710428957104,0.777122287771223,0.863953033665206,0.731626837316268,0.892098430606378,0.593576953707642,0.897691524215195,0.892098430606378,"AT1G20630;AT4G35090;AT1G20620;AT3G09090;AT4G00651;AT4G26820;AT3G56350;AT4G25100;AT5G51100;AT5G23310;AT1G08830;AT2G28190;AT5G18100;AT3G10920","7.837e-01;4.808e-01;7.946e-01;5.568e-01;8.175e-01;4.149e-01;1.497e-01;4.270e-01;4.567e-01;9.777e-01;5.399e-01;5.401e-01;5.127e-01;5.294e-01","acat_p",0,0,5,"Remains_nonsignificant"
"PWY-4203","volatile benzenoid biosynthesis I (ester formation)",13,0.948784725007006,0.988147494491267,0.837668613337355,0.01,0,0.997216675873437,0.551121304536811,NA,0.98934497977754,0.999999464264005,NA,NA,0.731726827317268,0.892098430606378,0.945005499450055,0.984501549845015,0.736126387361264,0.995900409959004,0.551344865513449,0.98484971242486,0.731726827317268,0.892098430606378,0.593576953707642,0.897691524215195,0.892098430606378,"AT1G78990;AT1G32910;AT1G31490;AT5G16410;AT5G47980;AT3G21950;AT5G04380;AT4G36470;AT5G38020;AT2G14060;AT5G66430;AT5G04370;AT3G11480","5.941e-01;4.277e-01;5.831e-01;5.688e-01;9.807e-01;3.640e-01;9.118e-01;9.942e-01;6.010e-01;6.550e-01;4.055e-01;9.357e-01;4.793e-01","stouffer_p_analytic",0,0,5,"Remains_nonsignificant"
"PWY-5122","geranyl diphosphate biosynthesis",14,0.800113939024916,0.938558425399254,0.843999374655657,0.01,0,0.947639142806608,0.7415391922368,NA,0.899707496201339,0.999999464264005,NA,NA,0.736126387361264,0.892098430606378,0.800919908009199,0.937406259374063,0.770622937706229,0.947005299470053,0.736626337366263,0.893712603509778,0.736126387361264,0.892098430606378,0.593576953707642,0.897691524215195,0.892098430606378,"AT4G38460;AT2G18640;AT4G36810;AT2G23800;AT1G49530;AT3G29430;AT2G18620;AT3G20160;AT3G14550;AT3G14530;AT3G14510;AT4G17190;AT5G47770;AT2G34630","5.395e-01;8.504e-01;3.835e-01;3.248e-01;3.823e-01;8.496e-01;9.743e-01;2.517e-01;8.308e-01;8.108e-01;9.014e-01;4.740e-01;6.441e-01;1.900e-01","stouffer_p_analytic",0,0,5,"Remains_nonsignificant"
"PWY1F-823","leucopelargonidin and leucocyanidin biosynthesis",13,0.811028905914863,0.999293094929977,0.837668241210982,0.01,0,0.997944371855544,0.698610002214971,NA,0.997387196919975,0.999999464264005,NA,NA,0.738626137386261,0.892098430606378,0.808719128087191,0.999300069993001,0.739426057394261,0.997900209979002,0.702929707029297,0.99738880970156,0.738626137386261,0.892098430606378,0.593576953707642,0.897691524215195,0.892098430606378,"AT3G51240;AT5G07990;AT4G27250;AT5G19440;AT5G42800;AT1G09480;AT1G09490;AT1G09500;AT1G09510;AT1G25460;AT1G51410;AT1G66800;AT2G02400","7.003e-01;4.887e-01;3.787e-01;6.659e-01;9.410e-01;8.479e-01;8.989e-01;8.744e-01;7.820e-01;8.544e-01;7.997e-01;5.655e-01;7.247e-01","stouffer_p_analytic",0,0,5,"Remains_nonsignificant"
"PWY-6303","methyl indole-3-acetate interconversion",15,0.952141404954102,0.944499472389345,0.636948174029076,0.05,2.45448140442005,0.198645487599869,0.641026264806532,NA,0.872641357743849,0.999999464264005,NA,NA,0.74002599740026,0.892098430606378,0.951604839516048,0.941905809419058,0.632636736326367,0.192480751924808,0.641535846415358,0.868605139244078,0.74002599740026,0.892098430606378,0.593576953707642,0.897691524215195,0.892098430606378,"AT5G58310;AT1G69240;AT2G23610;AT4G16690;AT2G23560;AT2G23600;AT2G23620;AT4G37150;AT2G23570;AT2G23550;AT4G37140;AT3G29770;AT2G23590;AT3G10870;AT5G55250","9.925e-01;7.343e-01;8.131e-01;5.562e-01;4.777e-01;7.741e-01;8.529e-01;9.613e-01;5.871e-01;4.784e-01;9.950e-01;5.868e-01;6.726e-01;5.174e-01;1.466e-02","minp_p_analytic",0,0,5,"Remains_nonsignificant"
"PWY-2821","glucosinolate biosynthesis from phenylalanine",22,0.887392496705398,0.899905820170484,0.704934242263693,0.1,4.64215870702653,0.495776227441814,0.397285724829168,NA,0.783604307142002,0.999999464264005,NA,NA,0.742025797420258,0.892098430606378,0.88971102889711,0.895810418958104,0.712328767123288,0.495850414958504,0.402759724027597,0.783320825247229,0.742025797420258,0.892098430606378,0.593576953707642,0.897691524215195,0.892098430606378,"AT4G28420;AT4G28410;AT2G24850;AT2G20610;AT1G24100;AT5G35920;AT5G35917;AT5G05260;AT2G23960;AT2G23970;AT4G30540;AT4G30550;AT4G30530;AT4G29210;AT1G69820;AT4G39640;AT4G39650;AT4G13770;AT4G31500;AT1G74090;AT1G18590;AT1G74100","9.695e-01;9.946e-01;7.704e-01;3.558e-01;5.400e-01;4.320e-01;6.427e-01;4.941e-01;8.302e-01;7.173e-01;8.165e-01;7.176e-01;7.519e-01;3.694e-01;5.593e-01;4.900e-01;5.260e-01;9.072e-01;6.905e-01;3.203e-02;5.233e-01;3.064e-02","stouffer_p_analytic",0,0,5,"Remains_nonsignificant"
"DETOX1-PWY-1","reactive oxygen species degradation",20,0.647210343134809,0.762967650211158,0.869470550637123,0.1,0.158522219748571,0.862019293136191,0.703104474886813,NA,0.797871366168757,0.999999464264005,NA,NA,0.751124887511249,0.897994215448344,0.642735726427357,0.765123487651235,0.866813318668133,0.858614138586141,0.696630336966303,0.794590796353972,0.751124887511249,0.897994215448344,0.597499841458752,0.903624273225449,0.897994215448344,"AT2G30870;AT2G43350;AT3G63080;AT2G48150;AT1G63460;AT2G30860;AT1G20630;AT4G35090;AT1G20620;AT3G09090;AT4G00651;AT4G26820;AT3G56350;AT4G25100;AT5G51100;AT5G23310;AT1G08830;AT2G28190;AT5G18100;AT3G10920","3.360e-01;9.429e-02;9.798e-02;7.605e-01;5.721e-01;3.353e-01;7.837e-01;4.808e-01;7.946e-01;5.568e-01;8.175e-01;4.149e-01;1.497e-01;4.270e-01;4.567e-01;9.777e-01;5.399e-01;5.401e-01;5.127e-01;5.294e-01","acat_p",0,0,5,"Remains_nonsignificant"
"PWY0A-6303","methyl indole-3-acetate interconversion",15,0.952141404954102,0.944499472389345,0.636948452130857,0.05,2.45448140442005,0.198645487599869,0.641026264806532,NA,0.872641367960047,0.999999464264005,NA,NA,0.752524747525247,0.897994215448344,0.952304769523048,0.95040495950405,0.642135786421358,0.208779122087791,0.635036496350365,0.87993438736067,0.752524747525247,0.897994215448344,0.597499841458752,0.903624273225449,0.897994215448344,"AT3G29770;AT2G23550;AT1G69240;AT2G23570;AT4G37140;AT2G23590;AT5G58310;AT4G16690;AT4G37150;AT2G23610;AT2G23600;AT2G23560;AT2G23620;AT3G10870;AT5G55250","5.868e-01;4.784e-01;7.343e-01;5.871e-01;9.950e-01;6.726e-01;9.925e-01;5.562e-01;9.613e-01;8.131e-01;7.741e-01;4.777e-01;8.529e-01;5.174e-01;1.466e-02","minp_p_analytic",0,0,5,"Remains_nonsignificant"
"PWY-5121","superpathway of geranylgeranyl diphosphate biosynthesis II (via MEP)",14,0.851887669932268,0.983250670248775,0.843999267458767,0.01,0,0.982738436610294,0.847810644346265,NA,0.963325901130783,0.999999464264005,NA,NA,0.75992400759924,0.901778204532488,0.84001599840016,0.982001799820018,0.772322767723228,0.982301769823018,0.844315568443156,0.960883953202439,0.75992400759924,0.901778204532488,0.60001760030281,0.907431986379087,0.901778204532488,"AT4G38460;AT3G14530;AT3G14510;AT1G17050;AT1G78510;AT3G59380;AT4G36810;AT2G23800;AT3G14550;AT2G18640;AT3G20160;AT3G29430;AT2G18620;AT1G49530","5.395e-01;8.108e-01;9.014e-01;7.680e-01;9.543e-01;3.507e-01;3.835e-01;3.248e-01;8.308e-01;8.504e-01;2.517e-01;8.496e-01;9.743e-01;3.823e-01","tfisher_p_analytic",0,0,5,"Remains_nonsignificant"
"PWY-5120","geranylgeranyl diphosphate biosynthesis",14,0.851887669932268,0.983250670248776,0.84399930955959,0.01,0,0.982738436610294,0.847810644346265,NA,0.96332590163303,0.999999464264005,NA,NA,0.763523647635237,0.901778204532488,0.850614938506149,0.984501549845015,0.774422557744226,0.984901509849015,0.844615538446155,0.9659840657087,0.763523647635237,0.901778204532488,0.60001760030281,0.907431986379087,0.901778204532488,"AT4G38460;AT3G14530;AT3G14510;AT3G59380;AT4G36810;AT2G23800;AT3G14550;AT2G18640;AT3G20160;AT3G29430;AT2G18620;AT1G49530;AT1G78510;AT1G17050","5.395e-01;8.108e-01;9.014e-01;3.507e-01;3.835e-01;3.248e-01;8.308e-01;8.504e-01;2.517e-01;8.496e-01;9.743e-01;3.823e-01;9.543e-01;7.680e-01","tfisher_p_analytic",0,0,5,"Remains_nonsignificant"
"RIBOSYN2-PWY","flavin biosynthesis I (bacteria and plants)",14,0.826783205834282,0.987081517213512,0.843999153302126,0.01,0,0.995222776566214,0.618720736298433,NA,0.983292191547724,0.999999464264005,NA,NA,0.764123587641236,0.901778204532488,0.822117788221178,0.987201279872013,0.769023097690231,0.994700529947005,0.615838416158384,0.981938407529412,0.764123587641236,0.901778204532488,0.60001760030281,0.907431986379087,0.901778204532488,"AT5G59750;AT5G64300;AT4G20960;AT3G47390;AT2G22450;AT3G10970;AT4G11570;AT2G44050;AT2G20690;AT5G08340;AT5G23330;AT5G03430;AT3G48420;AT4G21470","6.691e-01;9.790e-01;3.665e-01;5.754e-01;4.628e-01;3.173e-01;3.958e-01;7.952e-01;4.795e-01;7.530e-01;8.800e-01;6.691e-01;7.764e-01;8.588e-01","stouffer_p_analytic",0,0,5,"Remains_nonsignificant"
"PWY-5910","superpathway of geranylgeranyldiphosphate biosynthesis I (via mevalonate)",14,0.851887669932268,0.983250670248775,0.843998692715589,0.01,0,0.982738436610294,0.847810644346265,NA,0.963325894274335,0.999999464264005,NA,NA,0.768123187681232,0.903177814086723,0.852414758524148,0.984701529847015,0.778122187781222,0.983301669833017,0.851714828517148,0.964791373826873,0.768123187681232,0.903177814086723,0.60094886074121,0.908840370914853,0.903177814086723,"AT4G38460;AT3G14530;AT3G14510;AT1G17050;AT1G78510;AT3G59380;AT4G36810;AT2G23800;AT3G14550;AT2G18640;AT3G20160;AT3G29430;AT2G18620;AT1G49530","5.395e-01;8.108e-01;9.014e-01;7.680e-01;9.543e-01;3.507e-01;3.835e-01;3.248e-01;8.308e-01;8.504e-01;2.517e-01;8.496e-01;9.743e-01;3.823e-01","tfisher_p_analytic",0,0,5,"Remains_nonsignificant"
"PWYQT-4449","polyisoprenoid biosynthesis",15,0.847133252107968,0.99094101077138,0.849984036498654,0.01,0,0.987083130276065,0.854399067216729,NA,0.975811466249621,0.999999464264005,NA,NA,0.78042195780422,0.914289957865527,0.844815518448155,0.990800919908009,0.788221177882212,0.986501349865013,0.856614338566143,0.974943682178317,0.78042195780422,0.914289957865527,0.608342565546744,0.92002218330669,0.914289957865527,"AT4G38460;AT2G18640;AT4G36810;AT2G23800;AT1G49530;AT3G29430;AT2G18620;AT3G20160;AT3G14550;AT3G14530;AT3G14510;AT4G17190;AT5G47770;AT1G78510;AT1G17050","5.395e-01;8.504e-01;3.835e-01;3.248e-01;3.823e-01;8.496e-01;9.743e-01;2.517e-01;8.308e-01;8.108e-01;9.014e-01;4.740e-01;6.441e-01;9.543e-01;7.680e-01","acat_p",0,0,5,"Remains_nonsignificant"
"PWY-7187","pyrimidine deoxyribonucleotides <i>de novo</i> biosynthesis II",15,0.844866957749822,0.997120441298986,0.849984342260394,0.01,0,0.998970161187721,0.825022049002026,NA,0.996256279327943,0.999999464264005,NA,NA,0.79002099790021,0.920300416001565,0.847915208479152,0.996800319968003,0.791320867913209,0.998500149985001,0.818618138186181,0.994971777472748,0.79002099790021,0.920300416001565,0.612341753650182,0.926070324565838,0.920300416001565,"AT2G21550;AT2G16370;AT4G34570;AT4G09320;AT1G48030;AT5G59440;AT3G46940;AT4G29680;AT4G29690;AT4G29700;AT5G50400;AT4G29710;AT4G24890;AT4G13720;AT2G22530","3.879e-01;8.288e-01;9.774e-01;3.678e-01;9.021e-01;8.375e-01;9.274e-01;6.719e-01;5.436e-01;5.273e-01;5.242e-01;7.593e-01;7.211e-01;4.154e-01;8.237e-01","stouffer_p_analytic",0,0,5,"Remains_nonsignificant"
"TRPSYN-PWY","L-tryptophan biosynthesis",20,0.637703300124767,0.943283899063466,0.857011212190322,0.1,0.481244863447779,0.805538470127467,0.24373212375858,NA,0.830365400887176,0.999999464264005,NA,NA,0.791520847915208,0.920300416001565,0.634636536346365,0.944105589441056,0.859114088591141,0.805019498050195,0.252974702529747,0.832974291146333,0.791520847915208,0.920300416001565,0.612341753650182,0.926070324565838,0.920300416001565,"AT5G38530;AT5G28237;AT5G54810;AT4G02610;AT4G27070;AT3G54640;AT1G70570;AT3G55870;AT1G25155;AT1G24807;AT5G57890;AT5G05730;AT2G29690;AT1G25220;AT5G17990;AT5G05590;AT1G29410;AT1G07780;AT5G48220;AT2G04400","4.369e-01;1.393e-01;5.310e-01;4.867e-01;3.454e-01;7.977e-01;7.861e-02;8.468e-01;7.219e-01;8.937e-01;4.064e-01;7.406e-01;6.069e-01;4.345e-01;3.459e-01;8.581e-01;7.975e-01;8.705e-01;8.955e-01;5.205e-01","stouffer_p_analytic",0,0,5,"Remains_nonsignificant"
"PWY-5725","farnesene biosynthesis",15,0.91621468504571,0.999252813899281,0.849984099953343,0.01,0,0.999742760200271,0.676009665273177,NA,0.999046811574794,0.999999464264005,NA,NA,0.795520447955204,0.920300416001565,0.92040795920408,0.999300069993001,0.795720427957204,0.999800019998,0.681031896810319,0.999224534154733,0.795520447955204,0.920300416001565,0.612341753650182,0.926070324565838,0.920300416001565,"AT4G20210;AT4G15870;AT3G29410;AT3G29110;AT3G14490;AT1G66020;AT1G48820;AT1G48800;AT1G33750;AT1G31950;AT2G37140;AT4G20230;AT5G44630;AT4G16730;AT4G16740","4.997e-01;4.688e-01;9.766e-01;9.797e-01;9.298e-01;8.954e-01;9.717e-01;8.505e-01;4.236e-01;7.195e-01;7.811e-01;4.317e-01;4.593e-01;9.287e-01;5.339e-01","stouffer_p_analytic",0,0,5,"Remains_nonsignificant"
"PWY-6786","detoxification of reactive carbonyls in chloroplasts",15,0.792132220213633,0.999006197631048,0.849984464240525,0.01,0,0.997851393993132,0.566927874949068,NA,0.996627640653776,0.999999464264005,NA,NA,0.797020297970203,0.920300416001565,0.804019598040196,0.999600039996,0.797420257974203,0.998300169983002,0.569243075692431,0.998386029570897,0.797020297970203,0.920300416001565,0.612341753650182,0.926070324565838,0.920300416001565,"AT3G53880;AT2G37790;AT5G62420;AT2G37770;AT1G23740;AT5G18210;AT3G05260;AT3G03980;AT4G13180;AT1G54870;AT3G04000;AT2G24190;AT2G37760;AT3G61220;AT3G03350","5.576e-01;8.532e-01;7.763e-01;8.546e-01;4.276e-01;8.017e-01;7.025e-01;8.317e-01;8.082e-01;9.175e-01;6.546e-01;3.360e-01;9.368e-01;5.089e-01;6.220e-01","stouffer_p_analytic",0,0,5,"Remains_nonsignificant"
"PWY-5320","kaempferol glycoside biosynthesis (Arabidopsis)",18,0.861066487259267,0.971069090791307,0.797644845980207,0.05,0.0977545217302627,0.584446773916887,0.274404643756908,NA,0.889980664612664,0.999999464264005,NA,NA,0.800919908009199,0.921488496311659,0.865313468653135,0.970802919708029,0.794520547945205,0.584741525847415,0.27997200279972,0.88983211746193,0.800919908009199,0.921488496311659,0.613132268538485,0.927265853655306,0.921488496311659,"AT1G06000;AT4G34135;AT3G46660;AT5G38010;AT5G38040;AT2G29710;AT1G07250;AT2G29730;AT1G51210;AT2G29750;AT5G03490;AT1G73880;AT3G21750;AT5G17050;AT2G36790;AT4G34131;AT4G34138;AT1G30530","5.477e-01;9.879e-01;4.187e-01;3.825e-01;2.279e-01;8.891e-01;7.972e-01;7.888e-01;6.209e-01;7.852e-01;3.236e-01;4.761e-02;5.226e-01;7.596e-01;8.341e-01;8.532e-01;9.552e-01;8.607e-01","stouffer_p_analytic",0,0,5,"Remains_nonsignificant"
"CHLOROPHYLL-SYN","3,8-divinyl-chlorophyllide <i>a</i> biosynthesis I (aerobic, light-dependent)",16,0.684922719512503,0.978268221936911,0.855654309294317,0.01,0,0.995826704067178,0.547553208673083,NA,0.983039913092121,0.999999464264005,NA,NA,0.808319168083192,0.92659563830851,0.688031196880312,0.976502349765023,0.815418458154185,0.994700529947005,0.538746125387461,0.979061337526217,0.808319168083192,0.92659563830851,0.616530415743589,0.932405015351196,0.92659563830851,"AT5G54190;AT4G27440;AT1G03630;AT5G58250;AT3G56940;AT4G03205;AT1G03475;AT4G25080;AT5G13630;AT4G18480;AT1G08520;AT5G45930;AT3G14930;AT2G40490;AT5G14220;AT4G01690","5.394e-01;8.930e-01;6.226e-01;3.813e-01;9.341e-01;6.227e-01;6.175e-01;4.476e-01;6.680e-01;5.578e-01;2.900e-01;5.947e-01;8.262e-01;5.787e-01;6.220e-01;3.568e-01","stouffer_p_analytic",0,0,5,"Remains_nonsignificant"
"PWY-3561","choline biosynthesis III",16,0.572830763498173,0.944397865713596,0.855654025489069,0.01,0,0.99685586676979,0.974248784109135,NA,0.986910500097345,0.999999464264005,NA,NA,0.812418758124188,0.92659563830851,0.572442755724428,0.946205379462054,0.816018398160184,0.997200279972003,0.973802619738026,0.988078395419833,0.812418758124188,0.92659563830851,0.616530415743589,0.932405015351196,0.92659563830851,"AT3G25585;AT1G13560;AT1G52570;AT4G11840;AT4G00240;AT3G05630;AT4G11830;AT5G25370;AT1G55180;AT3G15730;AT2G42010;AT4G11850;AT4G35790;AT3G16785;AT4G15130;AT2G32260","8.722e-01;6.840e-01;3.024e-01;4.580e-01;4.051e-01;5.432e-01;4.633e-01;5.785e-01;4.778e-01;5.591e-01;7.169e-01;3.899e-01;6.219e-01;6.755e-01;4.230e-01;5.814e-01","acat_p",0,0,5,"Remains_nonsignificant"
"PWY-5114","UDP-sugars interconversion",26,0.616197932204282,0.942872777611778,0.882317727497653,0.1,0.554610221139854,0.871136172824412,0.171575512892611,NA,0.840609147305543,0.999999464264005,NA,NA,0.814018598140186,0.92659563830851,0.617138286171383,0.940905909409059,0.883511648835116,0.872612738726127,0.16968303169683,0.838414857425957,0.814018598140186,0.92659563830851,0.616530415743589,0.932405015351196,0.92659563830851,"AT3G29360;AT1G26570;AT5G15490;AT3G01010;AT5G39320;AT3G28530;AT1G12780;AT3G06580;AT1G63180;AT4G23920;AT4G10960;AT1G64440;AT2G27860;AT3G23820;AT4G12250;AT4G00110;AT1G02000;AT4G30440;AT2G45310;AT4G20460;AT2G34850;AT5G44480;AT1G30620;AT1G53500;AT1G78570;AT3G14790","4.431e-01;5.743e-01;8.998e-01;2.365e-01;2.702e-01;6.776e-01;6.587e-01;4.546e-01;6.243e-01;6.237e-01;8.931e-01;3.673e-01;8.955e-01;3.881e-01;6.759e-01;7.996e-01;5.011e-01;5.267e-01;3.205e-01;7.432e-01;7.578e-02;6.662e-01;9.334e-01;4.748e-01;1.507e-01;6.225e-01","stouffer_p_analytic",0,0,5,"Remains_nonsignificant"
"PWY-6039","chlorogenic acid biosynthesis I",22,0.795547581288996,0.970308531855181,0.815077646332478,0.05,0.165830736549719,0.645309632085758,0.6273733327681,NA,0.894053833637205,0.999999464264005,NA,NA,0.821217878212179,0.928885632563504,0.787621237876212,0.95980401959804,0.792020797920208,0.62043795620438,0.608839116088391,0.866411066901569,0.821217878212179,0.928885632563504,0.618054112868539,0.934709366936943,0.928885632563504,"AT5G09970;AT2G40890;AT1G67980;AT1G24735;AT4G26220;AT3G62000;AT3G61990;AT1G67990;AT4G34050;AT5G48930;AT3G50280;AT5G07870;AT5G07850;AT5G01210;AT2G39980;AT5G57840;AT3G50300;AT3G50270;AT5G67150;AT5G23940;AT5G67160;AT5G42830","3.500e-01;5.347e-01;9.208e-01;8.821e-01;4.664e-01;3.366e-01;3.569e-01;8.979e-01;5.662e-01;2.446e-01;9.255e-01;3.513e-01;4.454e-01;4.602e-02;3.968e-01;8.919e-01;9.728e-01;9.341e-01;8.194e-01;9.139e-01;7.710e-01;6.071e-01","stouffer_p_analytic",0,0,5,"Remains_nonsignificant"
"PWY-5123","<i>trans, trans</i>-farnesyl diphosphate biosynthesis",17,0.85735260915545,0.97531720594495,0.861035887869659,0.01,0,0.972170321214992,0.746367845069029,NA,0.946520488832286,0.999999464264005,NA,NA,0.821817818218178,0.928885632563504,0.855714428557144,0.976902309769023,0.84021597840216,0.973002699730027,0.740725927407259,0.948005394734911,0.821817818218178,0.928885632563504,0.618054112868539,0.934709366936943,0.928885632563504,"AT1G79690;AT5G16440;AT3G02780;AT4G38460;AT2G18640;AT4G36810;AT2G23800;AT1G49530;AT3G29430;AT2G18620;AT3G20160;AT3G14550;AT3G14530;AT3G14510;AT4G17190;AT5G47770;AT2G34630","9.795e-01;4.664e-01;6.939e-01;5.395e-01;8.504e-01;3.835e-01;3.248e-01;3.823e-01;8.496e-01;9.743e-01;2.517e-01;8.308e-01;8.108e-01;9.014e-01;4.740e-01;6.441e-01;1.900e-01","stouffer_p_analytic",0,0,5,"Remains_nonsignificant"
"PWY-5687","pyrimidine ribonucleotides interconversion",23,0.941482585937086,0.96675422142486,0.516684195579697,0.01,0.475216275154146,0.166462399686593,0.132314178835022,NA,0.863873293732221,0.999999464264005,NA,NA,0.833916608339166,0.932701521514515,0.943005699430057,0.967503249675033,0.554244575542446,0.159184081591841,0.135786421357864,0.868719375314959,0.833916608339166,0.932701521514515,0.620593096977824,0.938549179956612,0.932701521514515,"AT3G60961;AT3G60180;AT4G25280;AT5G26667;AT3G18680;AT3G10030;AT1G14240;AT1G14230;AT4G19180;AT1G14250;AT2G02970;AT5G66005;AT5G63310;AT4G11010;AT1G17410;AT4G23900;AT4G09320;AT4G23895;AT4G20320;AT2G34890;AT1G30820;AT3G12670;AT4G02120","5.283e-01;4.179e-01;9.967e-01;6.624e-01;8.121e-01;9.893e-01;7.735e-01;9.876e-01;2.343e-01;6.414e-01;3.530e-01;3.956e-01;7.224e-01;9.251e-01;6.266e-01;6.817e-01;3.678e-01;7.603e-01;7.372e-01;7.885e-03;5.261e-01;7.740e-01;8.416e-01","stouffer_p_analytic",0,0,5,"Remains_nonsignificant"
"VALDEG-PWY","L-valine degradation I",18,0.457347524266092,0.786196749819325,0.866152747817881,0.01,0,0.987970430899286,0.918710512390071,NA,0.953029404625214,0.999999464264005,NA,NA,0.836016398360164,0.932701521514515,0.462053794620538,0.787221277872213,0.850814918508149,0.989401059894011,0.918808119188081,0.957218720689014,0.836016398360164,0.932701521514515,0.620593096977824,0.938549179956612,0.932701521514515,"AT3G13450;AT5G09300;AT3G06850;AT3G17240;AT4G20930;AT5G65940;AT4G13360;AT3G24360;AT1G06550;AT2G30650;AT2G30660;AT3G60510;AT4G31810;AT3G45300;AT3G49680;AT1G10070;AT1G10060;AT5G65780","3.413e-01;6.064e-01;3.781e-01;5.532e-01;2.177e-01;4.419e-01;6.798e-01;5.564e-01;3.575e-01;6.642e-01;6.351e-01;3.268e-01;4.288e-01;3.415e-01;4.038e-01;4.427e-01;4.391e-01;5.407e-01","acat_p",0,0,5,"Remains_nonsignificant"
"PWY-601","glucosinolate biosynthesis from tryptophan",37,0.844908246206495,0.933602409409174,0.791301087852496,0.05,1.86956998478675,0.683869434345814,0.724754342791846,NA,0.844622025380187,0.999999464264005,NA,NA,0.836416358364164,0.932701521514515,0.847915208479152,0.939006099390061,0.823917608239176,0.684231576842316,0.722727727227277,0.854930406881701,0.836416358364164,0.932701521514515,0.620593096977824,0.938549179956612,0.932701521514515,"AT4G37410;AT1G58265;AT4G39950;AT2G22330;AT4G28420;AT4G28410;AT2G24850;AT2G20610;AT4G30530;AT2G23960;AT2G23970;AT4G30540;AT4G30550;AT4G29210;AT1G69820;AT4G39640;AT4G39650;AT4G31500;AT5G53810;AT1G21130;AT1G21110;AT1G21120;AT1G21100;AT2G23220;AT2G23190;AT1G66540;AT4G37320;AT5G67310;AT5G36220;AT4G37430;AT4G37400;AT5G57220;AT1G76790;AT1G18590;AT1G74090;AT1G74100;AT1G24100","6.215e-01;3.690e-01;8.425e-01;3.930e-01;9.695e-01;9.946e-01;7.704e-01;3.558e-01;7.519e-01;8.302e-01;7.173e-01;8.165e-01;7.176e-01;3.694e-01;5.593e-01;4.900e-01;5.260e-01;6.905e-01;8.779e-01;3.582e-01;2.258e-01;3.814e-01;9.971e-02;4.437e-01;7.202e-01;9.697e-01;3.729e-01;8.643e-01;4.679e-01;5.051e-01;4.358e-01;3.822e-01;8.910e-01;5.233e-01;3.203e-02;3.064e-02;5.400e-01","minp_p_analytic",0,0,5,"Remains_nonsignificant"
"THIOREDOX-PWY","thioredoxin pathway",27,0.852466176142499,0.934499151198815,0.877054250543351,0.1,0.867570780055027,0.836183703193102,0.313510551296069,NA,0.856816624783544,0.999999464264005,NA,NA,0.836816318368163,0.932701521514515,0.84971502849715,0.936506349365063,0.875612438756124,0.836916308369163,0.311868813118688,0.85781809182327,0.836816318368163,0.932701521514515,0.620593096977824,0.938549179956612,0.932701521514515,"AT1G03020;AT1G06830;AT1G77370;AT2G20270;AT2G30540;AT2G47870;AT2G47880;AT3G02000;AT3G21460;AT3G54900;AT3G62930;AT3G62950;AT3G62960;AT4G15660;AT4G15670;AT4G15680;AT4G15690;AT4G15700;AT4G28730;AT5G14070;AT5G18600;AT5G20500;AT5G40370;AT5G63030;AT2G41680;AT4G35460;AT2G17420","3.743e-01;5.695e-01;4.649e-01;9.938e-01;8.709e-01;6.365e-01;7.160e-01;9.230e-01;6.481e-02;3.532e-01;2.039e-01;3.565e-01;7.976e-01;4.135e-01;6.630e-01;6.316e-01;4.772e-01;6.547e-01;7.343e-01;4.640e-01;2.692e-01;4.263e-01;3.191e-01;4.593e-01;5.638e-01;4.906e-01;7.359e-01","stouffer_p_analytic",0,0,5,"Remains_nonsignificant"
"PWY-5868","simple coumarins biosynthesis",24,0.815353854525759,0.978138684550608,0.825202134237838,0.05,0.165830736549719,0.677205138624549,0.48233200719899,NA,0.91494514442633,0.999999464264005,NA,NA,0.844515548445156,0.938025920591332,0.807019298070193,0.967003299670033,0.803019698030197,0.655534446555344,0.488651134886511,0.882750671644537,0.844515548445156,0.938025920591332,0.624135800872273,0.943906960845823,0.938025920591332,"AT1G33030;AT1G51990;AT4G26220;AT5G54160;AT5G09970;AT2G40890;AT3G50280;AT5G07870;AT5G07850;AT5G01210;AT2G39980;AT5G57840;AT3G50300;AT3G50270;AT5G67150;AT5G23940;AT5G67160;AT5G42830;AT5G48930;AT4G05160;AT3G21230;AT3G21240;AT1G65060;AT1G51680","7.360e-01;8.616e-01;4.664e-01;9.621e-01;3.500e-01;5.347e-01;9.255e-01;3.513e-01;4.454e-01;4.602e-02;3.968e-01;8.919e-01;9.728e-01;9.341e-01;8.194e-01;9.139e-01;7.710e-01;6.071e-01;2.446e-01;3.483e-01;9.410e-01;3.443e-01;3.267e-01;7.137e-01","stouffer_p_analytic",0,0,5,"Remains_nonsignificant"
"PWY-6596","adenosine nucleotides degradation I",20,0.74610073583009,0.998038431491707,0.875669260297593,0.01,0,0.999653888441228,0.811107937206233,NA,0.99853561701091,0.999999464264005,NA,NA,0.851214878512149,0.942206813801379,0.731226877312269,0.995600439956004,0.848115188481152,0.999500049995,0.781321867813219,0.997768070010662,0.851214878512149,0.942206813801379,0.626917648446772,0.948114066552484,0.942206813801379,"AT4G34900;AT4G34890;AT3G04390;AT4G02180;AT4G31196;AT4G37500;AT2G36310;AT5G18870;AT5G18890;AT5G18860;AT1G05620;AT5G48960;AT1G75210;AT4G14930;AT2G38680;AT2G23890;AT1G72880;AT1G16350;AT1G79470;AT2G38280","8.994e-01;8.793e-01;5.225e-01;8.099e-01;5.360e-01;4.331e-01;8.965e-01;6.721e-01;6.979e-01;9.192e-01;5.055e-01;3.286e-01;7.352e-01;8.675e-01;3.478e-01;5.420e-01;4.136e-01;7.398e-01;8.128e-01;5.022e-01","acat_p",0,0,5,"Remains_nonsignificant"
"PWYQT-4482","CDP-diacylglycerol biosynthesis IV",20,0.769131116563326,0.988410022043349,0.875669196675335,0.01,0,0.938855864401861,0.564343720649761,NA,0.956495448287668,0.999999464264005,NA,NA,0.859014098590141,0.94757225308397,0.767923207679232,0.986601339866013,0.875912408759124,0.933806619338066,0.560943905609439,0.951008494387823,0.859014098590141,0.94757225308397,0.630487659328305,0.953513144952835,0.94757225308397,"AT2G39290;AT3G55030;AT1G32200;AT4G01950;AT3G11325;AT1G02390;AT2G38110;AT5G06090;AT5G60620;AT1G01610;AT3G11430;AT1G06520;AT4G00400;AT2G45150;AT3G60620;AT4G26770;AT4G22340;AT1G62430;AT3G47630;AT4G30580","6.844e-01;8.622e-01;7.289e-01;1.304e-01;3.568e-01;7.686e-01;6.123e-01;7.017e-01;3.665e-01;6.919e-01;3.705e-01;6.746e-01;3.612e-01;6.007e-01;9.299e-01;7.044e-01;9.052e-01;4.017e-01;9.700e-01;6.192e-01","stouffer_p_analytic",0,0,5,"Remains_nonsignificant"
"CALVIN-PWY","Calvin-Benson-Bassham cycle",38,0.754728729868087,0.964798928624466,0.914330110868704,0.1,0.887138207399879,0.919571357038417,0.134321245178603,NA,0.89950239437163,0.999999464264005,NA,NA,0.868813118688131,0.952825536558972,0.750924907509249,0.957904209579042,0.905209479052095,0.90950904909509,0.151884811518848,0.885296900092911,0.868813118688131,0.952825536558972,0.633983044921501,0.958799364374389,0.952825536558972,"AT3G26650;AT1G42970;AT1G12900;AT3G04880;AT5G44520;AT3G04790;AT1G71100;AT2G01290;AT3G62410;AT1G32060;AT1G63290;AT3G01850;AT5G61410;AT3G55800;AT2G45290;AT3G60750;AT1G08940;AT3G05170;AT5G64380;AT3G54050;AT1G43670;AT2G01140;AT2G36460;AT4G38970;AT2G21330;AT3G52930;AT5G03690;AT4G26530;AT4G26520;AT3G55440;AT2G21170;AT3G12780;AT1G56190;AT1G79550;AT5G38430;AT5G38420;AT1G67090;AT5G38410","2.105e-01;2.308e-01;5.998e-01;7.851e-01;4.403e-01;8.299e-01;1.789e-01;9.508e-01;9.234e-01;7.468e-01;8.895e-01;8.580e-01;4.126e-01;7.994e-01;3.242e-01;7.696e-01;1.291e-01;8.169e-01;7.726e-01;4.565e-01;6.417e-02;5.237e-01;6.145e-01;6.637e-01;8.252e-01;3.835e-01;8.188e-01;1.131e-01;1.126e-01;5.858e-01;1.748e-01;8.981e-01;7.801e-01;6.595e-01;9.862e-01;5.581e-01;4.346e-01;8.504e-01","stouffer_p_analytic",0,0,5,"Remains_nonsignificant"
"PWY-1187","glucosinolate biosynthesis from homomethionine",31,0.95773528436606,0.929569435480008,0.747794567450041,0.1,5.42236069554055,0.618961183123429,0.402395859564506,NA,0.883078100416864,0.999999464264005,NA,NA,0.86971302869713,0.952825536558972,0.96030396960304,0.924207579242076,0.784921507849215,0.611438856114389,0.408359164083592,0.886427541279117,0.86971302869713,0.952825536558972,0.633983044921501,0.958799364374389,0.952825536558972,"AT4G28420;AT4G28410;AT2G24850;AT2G20610;AT4G30550;AT4G30540;AT2G23970;AT2G23960;AT4G30530;AT4G29210;AT1G69820;AT4G39640;AT4G39650;AT4G13770;AT4G31500;AT4G03050;AT1G12140;AT1G62540;AT1G62560;AT1G65860;AT5G07800;AT1G62570;AT1G62600;AT1G18590;AT1G74090;AT1G74100;AT1G24100;AT1G16400;AT1G16410;AT1G58260;AT1G79370","9.695e-01;9.946e-01;7.704e-01;3.558e-01;7.176e-01;8.165e-01;7.173e-01;8.302e-01;7.519e-01;3.694e-01;5.593e-01;4.900e-01;5.260e-01;9.072e-01;6.905e-01;9.982e-01;4.641e-01;7.106e-01;6.105e-01;5.303e-01;6.701e-01;3.912e-01;8.005e-01;5.233e-01;3.203e-02;3.064e-02;5.400e-01;2.610e-01;6.770e-02;3.665e-01;8.812e-01","stouffer_p_analytic",0,0,5,"Remains_nonsignificant"
"PWY66-21","ethanol degradation II",20,0.733075422107994,0.996315200973885,0.875669470731437,0.01,0,0.999556384932615,0.887474026211644,NA,0.998035037617048,0.999999464264005,NA,NA,0.875512448755124,0.955916653232636,0.729427057294271,0.996000399960004,0.873312668733127,0.999300069993001,0.88001199880012,0.997053519469503,0.875512448755124,0.955916653232636,0.63603978614619,0.961909861089894,0.955916653232636,"AT5G23050;AT1G55320;AT3G16910;AT5G36880;AT3G48000;AT1G44170;AT1G54100;AT4G34240;AT3G66658;AT4G36250;AT1G23800;AT1G77120;AT2G29350;AT1G22440;AT1G32780;AT1G22430;AT1G64710;AT4G22110;AT5G42250;AT5G24760","5.465e-01;4.878e-01;4.390e-01;5.723e-01;8.845e-01;9.370e-01;5.053e-01;7.673e-01;4.508e-01;7.180e-01;6.537e-01;5.769e-01;7.740e-01;7.574e-01;8.667e-01;7.293e-01;9.158e-01;4.251e-01;3.202e-01;3.523e-01","acat_p",0,0,5,"Remains_nonsignificant"
"PWY66-399","gluconeogenesis III",52,0.97903242041477,0.892628353239984,0.638802282281297,0.01,0.59768655287313,0.320982690008771,0.0675540629696824,NA,0.884784358725416,0.999999464264005,NA,NA,0.883911608839116,0.961815682838496,0.98010198980102,0.891910808919108,0.691130886911309,0.317868213178682,0.0727927207279272,0.894649240184666,0.883911608839116,0.961815682838496,0.63996483287102,0.967845875207389,0.961815682838496,"AT5G42740;AT4G24620;AT3G53910;AT5G43330;AT1G04410;AT5G56720;AT1G53240;AT2G22780;AT3G15020;AT3G47520;AT5G09660;AT4G00570;AT2G13560;AT5G34850;AT2G38740;AT2G25870;AT5G65690;AT5G17670;AT4G37870;AT3G56130;AT3G55440;AT2G21170;AT2G29560;AT2G36530;AT1G74030;AT1G22170;AT3G26780;AT5G62840;AT3G12780;AT1G56190;AT1G79550;AT1G13440;AT3G62410;AT1G12900;AT3G26650;AT1G42970;AT3G04120;AT1G79530;AT1G16300;AT2G01140;AT2G36460;AT4G38970;AT2G21330;AT3G52930;AT5G03690;AT4G26530;AT4G26520;AT1G08940;AT3G05170;AT5G64380;AT3G54050;AT1G43670","9.116e-01;4.955e-01;7.696e-01;9.587e-01;8.867e-01;9.905e-01;7.903e-01;2.764e-01;3.536e-01;6.871e-01;5.190e-01;9.137e-01;9.996e-01;9.385e-01;4.575e-01;6.360e-01;4.912e-01;9.555e-01;3.527e-01;7.181e-01;5.858e-01;1.748e-01;3.610e-01;6.461e-01;7.417e-03;8.180e-01;1.859e-02;3.413e-01;8.981e-01;7.801e-01;6.595e-01;4.525e-01;9.234e-01;5.998e-01;2.105e-01;2.308e-01;7.063e-01;2.051e-01;5.414e-01;5.237e-01;6.145e-01;6.637e-01;8.252e-01;3.835e-01;8.188e-01;1.131e-01;1.126e-01;1.291e-01;8.169e-01;7.726e-01;4.565e-01;6.417e-02","stouffer_p_analytic",0,0,5,"Remains_nonsignificant"
"GLYOXYLATE-BYPASS","glyoxylate cycle",22,0.991571442508274,0.970829964992007,0.884338877528181,0.01,0,0.918912097919805,0.382226416825762,NA,0.970995585825152,0.999999464264005,NA,NA,0.890710928907109,0.965939892497237,0.991000899910009,0.968103189681032,0.884611538846115,0.922307769223078,0.38006199380062,0.969230787468645,0.890710928907109,0.965939892497237,0.642708964820701,0.971995941979978,0.965939892497237,"AT3G53910;AT5G43330;AT1G04410;AT5G56720;AT1G53240;AT2G22780;AT3G15020;AT3G47520;AT5G09660;AT4G00570;AT2G13560;AT5G54950;AT4G26970;AT4G35830;AT2G05710;AT3G60100;AT3G58740;AT2G44350;AT3G58750;AT2G42790;AT3G21720;AT5G03860","7.696e-01;9.587e-01;8.867e-01;9.905e-01;7.903e-01;2.764e-01;3.536e-01;6.871e-01;5.190e-01;9.137e-01;9.996e-01;1.079e-01;7.714e-01;8.443e-01;4.849e-01;3.849e-01;3.043e-01;4.731e-01;2.283e-01;7.739e-01;5.800e-01;2.591e-01","stouffer_p_analytic",0,0,5,"Remains_nonsignificant"
"PWY-6348","phosphate acquisition",33,0.862384702593173,0.91787672535111,0.918990510922382,0.1,0.0765256223969453,0.964546612970488,0.823291211485089,NA,0.923325805865991,0.999999464264005,NA,NA,0.908009199080092,0.968941719689417,0.862513748625138,0.914008599140086,0.913408659134087,0.961303869613039,0.816618338166183,0.918461250992956,0.908009199080092,0.968941719689417,0.644706295360875,0.975016589405338,0.968941719689417,"AT5G24780;AT1G08940;AT1G25230;AT1G54780;AT3G05170;AT3G07130;AT3G46120;AT2G32770;AT1G52940;AT4G29270;AT3G52820;AT3G52780;AT2G01880;AT2G01890;AT4G29260;AT1G14700;AT3G20500;AT2G18130;AT5G51260;AT1G04040;AT3G17790;AT2G16430;AT1G56360;AT2G38600;AT3G52810;AT4G36350;AT4G25150;AT5G44020;AT3G44620;AT2G27190;AT5G34850;AT4G13700;AT5G24770","4.148e-01;1.291e-01;5.358e-01;6.324e-01;8.169e-01;9.830e-01;3.399e-01;9.937e-01;4.833e-01;4.787e-01;5.393e-01;3.789e-01;3.853e-01;3.554e-01;3.903e-01;9.093e-01;9.625e-02;4.572e-01;5.886e-01;7.143e-01;1.526e-01;2.809e-01;6.565e-01;4.333e-01;5.427e-01;8.148e-01;3.677e-01;7.834e-01;3.803e-01;4.977e-01;9.385e-01;4.037e-01;4.179e-01","stouffer_p_analytic",0,0,5,"Remains_nonsignificant"
"ETHYL-PWY","ethylene biosynthesis I (plants)",24,0.839172616225547,0.996222464575082,0.886930833527436,0.1,0.159852260493786,0.902185296429662,0.624299674069558,NA,0.982778517745895,0.999999464264005,NA,NA,0.912108789121088,0.968941719689417,0.834916508349165,0.996100389961004,0.887011298870113,0.902209779022098,0.619238076192381,0.98225895517501,0.912108789121088,0.968941719689417,0.644706295360875,0.975016589405338,0.968941719689417,"AT4G16765;AT4G13400;AT3G49620;AT3G49630;AT3G50210;AT4G16770;AT1G77330;AT2G19590;AT1G62380;AT1G12010;AT1G05010;AT3G61510;AT1G01480;AT2G22810;AT5G65800;AT4G37770;AT4G26200;AT4G11280;AT4G08040;AT3G49700;AT2G36880;AT4G01850;AT3G17390;AT1G02500","9.385e-01;7.576e-01;6.075e-01;6.101e-01;9.625e-01;5.448e-01;4.697e-01;9.161e-01;9.449e-01;4.022e-01;9.378e-01;5.173e-01;3.749e-01;9.232e-02;4.415e-01;8.597e-01;4.585e-01;6.879e-01;3.217e-01;9.615e-01;7.798e-01;9.506e-01;4.139e-01;5.537e-01","stouffer_p_analytic",0,0,5,"Remains_nonsignificant"
"PWY-735","jasmonic acid biosynthesis",26,0.879516777795872,0.986211448947111,0.893243983366171,0.1,0.203371952014845,0.918521286246417,0.756908592169582,NA,0.952587547330806,0.999999464264005,NA,NA,0.912808719128087,0.968941719689417,0.879012098790121,0.986901309869013,0.89031096890311,0.915208479152085,0.75002499750025,0.953845765189327,0.912808719128087,0.968941719689417,0.644706295360875,0.975016589405338,0.968941719689417,"AT4G16760;AT2G35690;AT2G33150;AT4G29010;AT5G63380;AT5G38120;AT4G19010;AT1G20500;AT1G20490;AT1G20480;AT1G20510;AT1G67560;AT1G72520;AT1G17420;AT3G45140;AT5G42650;AT1G76690;AT1G17990;AT1G18020;AT1G09400;AT1G76680;AT2G06050;AT3G25770;AT3G25780;AT3G25760;AT1G13280","9.598e-01;8.231e-01;4.681e-01;6.332e-01;9.913e-01;6.228e-01;9.031e-01;4.482e-01;5.385e-01;5.583e-01;3.914e-01;4.954e-01;2.730e-01;4.831e-01;9.826e-02;9.193e-02;9.516e-01;8.387e-01;9.541e-01;7.366e-01;9.441e-01;4.186e-01;5.928e-01;7.751e-01;4.917e-01;5.147e-01","stouffer_p_analytic",0,0,5,"Remains_nonsignificant"
"PWY1F-FLAVSYN","flavonoid biosynthesis",26,0.894258082017042,0.964710678285318,0.899545413615662,0.01,0,0.985125183841542,0.157017920900274,NA,0.954145316347078,0.999999464264005,NA,NA,0.913608639136086,0.968941719689417,0.901209879012099,0.961803819618038,0.8994100589941,0.984101589841016,0.176782321767823,0.951939009276229,0.913608639136086,0.968941719689417,0.644706295360875,0.975016589405338,0.968941719689417,"AT5G08640;AT3G51240;AT5G24530;AT3G60290;AT2G36690;AT4G10490;AT5G07480;AT2G44800;AT4G10500;AT2G06960;AT1G79760;AT3G19000;AT3G19010;AT3G55120;AT5G66220;AT5G05270;AT5G66230;AT3G63170;AT2G26310;AT1G53520;AT5G13930;AT4G05160;AT3G21230;AT3G21240;AT1G65060;AT1G51680","6.517e-01;7.003e-01;6.359e-01;8.897e-01;9.588e-01;3.078e-01;5.581e-01;7.632e-01;9.947e-01;4.552e-01;7.500e-01;1.915e-01;2.570e-01;8.358e-01;6.452e-01;3.896e-01;7.247e-01;1.494e-01;5.069e-01;2.715e-01;5.230e-01;3.483e-01;9.410e-01;3.443e-01;3.267e-01;7.137e-01","stouffer_p_analytic",0,0,5,"Remains_nonsignificant"
"PWY-5410","traumatin and (<i>Z</i>)-3-hexen-1-yl acetate biosynthesis",25,0.79160993570095,0.992897981600908,0.894856245160798,0.1,0.0351885284621797,0.924650217879111,0.281768297291544,NA,0.96969484555172,0.999999464264005,NA,NA,0.913808619138086,0.968941719689417,0.794320567943206,0.992700729927007,0.893410658934107,0.921707829217078,0.28977102289771,0.968896893495848,0.913808619138086,0.968941719689417,0.644706295360875,0.975016589405338,0.968941719689417,"AT5G62420;AT4G13180;AT3G53880;AT3G03980;AT5G18210;AT2G37790;AT3G05260;AT2G37770;AT3G61220;AT2G24190;AT3G04000;AT1G54870;AT3G03350;AT5G17540;AT3G03480;AT1G78990;AT1G32910;AT1G31490;AT5G16410;AT5G47980;AT4G15440;AT1G67560;AT1G72520;AT1G17420;AT3G45140","7.763e-01;8.082e-01;5.576e-01;8.317e-01;8.017e-01;8.532e-01;7.025e-01;8.546e-01;5.089e-01;3.360e-01;6.546e-01;9.175e-01;6.220e-01;9.384e-01;7.699e-01;5.941e-01;4.277e-01;5.831e-01;5.688e-01;9.807e-01;1.873e-01;4.954e-01;2.730e-01;4.831e-01;9.826e-02","stouffer_p_analytic",0,0,5,"Remains_nonsignificant"
"PWY-1061","homogalacturonan biosynthesis",25,0.700500657496959,0.991475397798689,0.895984166073519,0.01,0,0.98616963321325,0.329121964681263,NA,0.97495497568417,0.999999464264005,NA,NA,0.914508549145086,0.968941719689417,0.693030696930307,0.990600939906009,0.892910708929107,0.986001399860014,0.335966403359664,0.973343819292254,0.914508549145086,0.968941719689417,0.644706295360875,0.975016589405338,0.968941719689417,"AT1G02720;AT1G13250;AT1G19300;AT1G24170;AT1G70090;AT2G46480;AT3G01040;AT3G06260;AT3G28340;AT3G50760;AT3G62660;AT4G02130;AT3G58790;AT5G15470;AT5G54690;AT1G18580;AT2G20810;AT3G02350;AT3G25140;AT2G38650;AT1G06780;AT2G30575;AT5G47780;AT4G38270;AT3G61130","9.148e-01;3.383e-01;5.973e-01;7.444e-01;1.988e-01;7.346e-01;3.376e-01;5.435e-01;6.968e-01;9.106e-01;9.124e-01;8.624e-01;7.839e-01;7.073e-01;2.444e-01;6.234e-01;8.794e-01;3.959e-01;3.689e-01;8.181e-01;1.574e-01;7.273e-01;6.474e-01;5.457e-01;6.596e-01","stouffer_p_analytic",0,0,5,"Remains_nonsignificant"
"PWY-6787","flavonoid biosynthesis (in equisetum)",29,0.896702351087812,0.994382040364736,0.909393345833555,0.01,0,0.99084663799728,0.214893400016077,NA,0.983532256147536,0.999999464264005,NA,NA,0.914608539146085,0.968941719689417,0.895110488951105,0.982201779822018,0.876112388761124,0.983101689831017,0.27007299270073,0.961526664197044,0.914608539146085,0.968941719689417,0.644706295360875,0.975016589405338,0.968941719689417,"AT5G08640;AT5G63600;AT5G63595;AT5G63590;AT5G63580;AT5G48020;AT5G43935;AT3G55970;AT3G51240;AT5G07990;AT5G24530;AT3G60290;AT2G36690;AT4G10490;AT5G07480;AT2G44800;AT4G10500;AT2G06960;AT1G79760;AT3G19000;AT3G19010;AT3G55120;AT5G66220;AT5G05270;AT5G66230;AT3G63170;AT2G26310;AT1G53520;AT5G13930","6.517e-01;7.691e-01;8.894e-01;9.237e-01;9.456e-01;3.718e-01;8.663e-01;4.235e-01;7.003e-01;4.887e-01;6.359e-01;8.897e-01;9.588e-01;3.078e-01;5.581e-01;7.632e-01;9.947e-01;4.552e-01;7.500e-01;1.915e-01;2.570e-01;8.358e-01;6.452e-01;3.896e-01;7.247e-01;1.494e-01;5.069e-01;2.715e-01;5.230e-01","stouffer_p_analytic",0,0,5,"Remains_nonsignificant"
"PWY-3841","folate transformations II",25,0.723522459042,0.96748968526481,0.895984051229019,0.01,0,0.996593623210932,0.750843582658008,NA,0.985274027351472,0.999999464264005,NA,NA,0.92010798920108,0.970246112643638,0.717628237176282,0.966103389661034,0.898310168983102,0.996200379962004,0.748925107489251,0.983766542188484,0.92010798920108,0.970246112643638,0.645574201378463,0.976329160371811,0.970246112643638,"AT2G38660;AT3G12290;AT4G00600;AT4G00620;AT2G12200;AT2G12280;AT1G50480;AT5G20980;AT2G20830;AT5G13050;AT2G21550;AT2G16370;AT4G34570;AT3G59970;AT2G44160;AT2G35370;AT2G35120;AT5G26780;AT4G13890;AT1G36370;AT4G32520;AT1G22020;AT4G13930;AT4G37930;AT4G24380","8.957e-01;4.090e-01;3.734e-01;4.396e-01;3.329e-01;4.407e-01;4.274e-01;6.770e-01;7.469e-01;3.469e-01;3.879e-01;8.288e-01;9.774e-01;8.481e-01;8.070e-01;4.314e-01;7.797e-01;8.255e-01;5.126e-01;2.033e-01;5.833e-01;4.299e-01;2.964e-01;3.817e-01;5.233e-01","acat_p",0,0,5,"Remains_nonsignificant"
"PWY-7199","pyrimidine deoxyribonucleosides salvage",28,0.732021750715536,0.996628199334306,0.906242508897981,0.01,0,0.999980750639225,0.979885595391664,NA,0.999904414437974,0.999999464264005,NA,NA,0.924607539246075,0.970246112643638,0.711928807119288,0.993300669933007,0.885311468853115,1,0.955504449555045,0.973282616492721,0.924607539246075,0.970246112643638,0.645574201378463,0.976329160371811,0.970246112643638,"AT2G21550;AT2G16370;AT4G34570;AT1G72040;AT5G25130;AT5G25120;AT5G57260;AT5G25180;AT5G25140;AT3G53305;AT3G26330;AT3G26320;AT3G26310;AT3G26300;AT2G24180;AT2G02580;AT3G26290;AT5G23070;AT3G07800;AT2G19570;AT4G29650;AT4G29570;AT4G29630;AT4G29620;AT4G29640;AT4G29600;AT4G29610;AT4G29580","3.879e-01;8.288e-01;9.774e-01;5.548e-01;7.245e-01;8.237e-01;7.739e-01;3.460e-01;5.567e-01;4.275e-01;6.861e-01;6.353e-01;6.122e-01;5.732e-01;3.214e-01;3.667e-01;4.915e-01;3.801e-01;8.062e-01;6.211e-01;8.369e-01;3.238e-01;6.960e-01;5.788e-01;8.450e-01;6.693e-01;3.615e-01;5.717e-01","acat_p",0,0,5,"Remains_nonsignificant"
"PWY0-166","superpathway of pyrimidine deoxyribonucleotides <i>de novo</i> biosynthesis (<i>E. coli</i>)",23,0.827445360959469,0.999925569089963,0.88839044225124,0.01,0,0.999973722773478,0.785354440685772,NA,0.999902929174945,0.999999464264005,NA,NA,0.924907509249075,0.970246112643638,0.827717228277172,0.999900009999,0.889111088891111,1,0.771822817718228,0.999501138065019,0.924907509249075,0.970246112643638,0.645574201378463,0.976329160371811,0.970246112643638,"AT2G21550;AT2G16370;AT4G34570;AT2G21790;AT3G23580;AT3G27060;AT4G09320;AT1G48030;AT5G59440;AT3G46940;AT4G29680;AT4G29690;AT4G29700;AT5G50400;AT4G29710;AT4G24890;AT4G13720;AT2G22530;AT5G63310;AT4G11010;AT1G17410;AT4G23900;AT4G23895","3.879e-01;8.288e-01;9.774e-01;7.932e-01;5.581e-01;7.844e-01;3.678e-01;9.021e-01;8.375e-01;9.274e-01;6.719e-01;5.436e-01;5.273e-01;5.242e-01;7.593e-01;7.211e-01;4.154e-01;8.237e-01;7.224e-01;9.251e-01;6.266e-01;6.817e-01;7.603e-01","stouffer_p_analytic",0,0,5,"Remains_nonsignificant"
"GLUCONEO-PWY","gluconeogenesis I",54,0.978859189076706,0.971706782413357,0.64625504581003,0.01,0.59768655287313,0.331017550374799,0.120339776679231,NA,0.933667291314948,0.999999464264005,NA,NA,0.930806919308069,0.970406855418354,0.978502149785021,0.974602539746025,0.695830416958304,0.329167083291671,0.13018698130187,0.937399388015849,0.930806919308069,0.970406855418354,0.645681155054507,0.976490910938218,0.970406855418354,"AT5G42740;AT4G24620;AT3G53910;AT5G43330;AT1G04410;AT5G56720;AT1G53240;AT2G22780;AT3G15020;AT3G47520;AT5G09660;AT4G00570;AT2G13560;AT3G55440;AT2G21170;AT5G58330;AT5G25880;AT5G11670;AT2G19900;AT1G79750;AT5G65690;AT3G04530;AT4G37870;AT2G29560;AT2G36530;AT1G74030;AT3G08590;AT1G09780;AT3G30841;AT4G09520;AT3G12780;AT1G56190;AT1G79550;AT1G13440;AT3G62410;AT1G12900;AT3G26650;AT1G42970;AT3G04120;AT1G79530;AT1G16300;AT2G01140;AT2G36460;AT4G38970;AT2G21330;AT3G52930;AT5G03690;AT4G26530;AT4G26520;AT1G08940;AT3G05170;AT5G64380;AT3G54050;AT1G43670","9.116e-01;4.955e-01;7.696e-01;9.587e-01;8.867e-01;9.905e-01;7.903e-01;2.764e-01;3.536e-01;6.871e-01;5.190e-01;9.137e-01;9.996e-01;5.858e-01;1.748e-01;9.772e-01;4.891e-01;8.403e-01;8.779e-01;7.332e-01;4.912e-01;8.564e-01;3.527e-01;3.610e-01;6.461e-01;7.417e-03;4.695e-01;2.809e-01;5.940e-01;5.985e-01;8.981e-01;7.801e-01;6.595e-01;4.525e-01;9.234e-01;5.998e-01;2.105e-01;2.308e-01;7.063e-01;2.051e-01;5.414e-01;5.237e-01;6.145e-01;6.637e-01;8.252e-01;3.835e-01;8.188e-01;1.131e-01;1.126e-01;1.291e-01;8.169e-01;7.726e-01;4.565e-01;6.417e-02","stouffer_p_analytic",0,0,5,"Remains_nonsignificant"
"PWY-1121","suberin monomers biosynthesis",55,0.336073776562025,0.989040189756315,0.436575409500717,0.01,1.77791131516692,0.202730620296667,0.864515466505986,NA,0.945869286526736,0.999999464264005,NA,NA,0.931106889311069,0.970406855418354,0.328367163283672,0.987101289871013,0.525347465253475,0.194780521947805,0.853414658534147,0.936515089216831,0.931106889311069,0.970406855418354,0.645681155054507,0.976490910938218,0.970406855418354,"AT3G05970;AT1G77590;AT1G49430;AT1G64400;AT2G04350;AT2G47240;AT4G11030;AT4G23850;AT5G27600;AT1G62940;AT3G16170;AT1G01600;AT1G63710;AT4G00360;AT5G58860;AT1G69500;AT2G27690;AT2G45970;AT3G52570;AT4G10030;AT5G48370;AT2G30720;AT3G61200;AT3G16175;AT2G29590;AT1G52191;AT1G04290;AT4G00520;AT1G01710;AT5G51950;AT5G51930;AT3G56060;AT1G72970;AT1G14185;AT1G12570;AT5G23190;AT1G51680;AT1G65060;AT2G40890;AT1G67980;AT1G24735;AT4G26220;AT3G62000;AT3G61990;AT1G67990;AT4G34050;AT3G21240;AT1G33030;AT1G51990;AT5G54160;AT2G30490;AT3G10340;AT2G37040;AT5G04230;AT3G53260","5.174e-01;1.595e-02;8.419e-01;2.187e-01;3.536e-01;3.719e-01;9.069e-01;4.610e-01;4.111e-03;3.330e-01;4.863e-01;8.176e-01;6.234e-01;4.902e-01;9.116e-01;7.774e-01;4.810e-01;5.601e-01;7.452e-01;3.510e-01;5.235e-01;4.551e-01;5.748e-01;4.295e-01;3.431e-01;8.600e-01;7.772e-01;3.240e-01;4.710e-01;8.651e-01;8.330e-01;6.973e-01;1.936e-01;8.057e-01;6.596e-01;3.770e-01;7.137e-01;3.267e-01;5.347e-01;9.208e-01;8.821e-01;4.664e-01;3.366e-01;3.569e-01;8.979e-01;5.662e-01;3.443e-01;7.360e-01;8.616e-01;9.621e-01;6.097e-01;8.808e-01;9.836e-01;9.328e-01;9.003e-01","minp_p_analytic",0,0,5,"Remains_nonsignificant"
"PWY-7416","phospholipid remodeling (phosphatidylcholine, yeast)",27,0.7995823655299,0.997753494686355,0.902962698777843,0.01,0,0.999969017134522,0.979391404995927,NA,0.99984748558762,0.999999464264005,NA,NA,0.937006299370063,0.973394893520357,0.8003199680032,0.997500249975003,0.902809719028097,1,0.976902309769023,0.989178723836312,0.937006299370063,0.973394893520357,0.647669310725786,0.979497682821425,0.973394893520357,"AT5G13640;AT1G04010;AT3G44830;AT1G63050;AT3G05510;AT1G78690;AT1G12640;AT4G37070;AT4G29460;AT2G06925;AT2G26560;AT2G19690;AT4G29470;AT5G49950;AT5G43590;AT4G37060;AT4G37050;AT4G29800;AT4G29070;AT3G63200;AT3G54950;AT3G52330;AT2G39220;AT2G03140;AT1G34340;AT1G27480;AT3G50790","4.606e-01;9.063e-01;6.224e-01;3.373e-01;4.188e-01;4.694e-01;5.817e-01;3.757e-01;4.774e-01;9.498e-01;5.453e-01;9.686e-01;4.709e-01;3.192e-01;8.886e-01;4.071e-01;4.194e-01;6.205e-01;6.787e-01;4.424e-01;9.417e-01;8.999e-01;5.870e-01;6.194e-01;8.586e-01;5.005e-01;9.311e-01","acat_p",0,0,5,"Remains_nonsignificant"
"PWY-1042","glycolysis IV (plant cytosol)",58,0.61732553508848,0.990687877105519,0.660392798869743,0.01,0.59768655287313,0.35064456207546,0.109900576327555,NA,0.950392777696193,0.999999464264005,NA,NA,0.949005099490051,0.981996655639902,0.611038896110389,0.991000899910009,0.696730326967303,0.341465853414659,0.117488251174883,0.952570860500137,0.949005099490051,0.981996655639902,0.653392678888161,0.98815337448404,0.981996655639902,"AT2G24270;AT3G55650;AT3G55810;AT5G56350;AT5G63680;AT3G25960;AT4G26390;AT2G36580;AT3G04050;AT3G49160;AT5G08570;AT3G52990;AT3G22960;AT1G32440;AT5G52920;AT2G29560;AT2G36530;AT1G74030;AT3G08590;AT1G09780;AT3G30841;AT4G09520;AT3G12780;AT1G56190;AT1G79550;AT1G13440;AT3G62410;AT1G12900;AT3G26650;AT1G42970;AT3G04120;AT1G79530;AT1G16300;AT3G55440;AT2G21170;AT2G01140;AT2G36460;AT4G38970;AT2G21330;AT3G52930;AT5G03690;AT4G26530;AT4G26520;AT4G08876;AT1G12000;AT4G04040;AT1G76550;AT1G20950;AT1G06730;AT1G19600;AT4G27600;AT5G47810;AT2G22480;AT5G56630;AT5G61580;AT4G29220;AT4G32840;AT4G26270","9.863e-01;1.607e-01;7.812e-01;8.750e-01;4.086e-01;6.005e-01;3.693e-01;7.438e-01;7.626e-01;9.694e-01;6.986e-01;9.639e-01;8.993e-01;8.218e-01;8.124e-01;3.610e-01;6.461e-01;7.417e-03;4.695e-01;2.809e-01;5.940e-01;5.985e-01;8.981e-01;7.801e-01;6.595e-01;4.525e-01;9.234e-01;5.998e-01;2.105e-01;2.308e-01;7.063e-01;2.051e-01;5.414e-01;5.858e-01;1.748e-01;5.237e-01;6.145e-01;6.637e-01;8.252e-01;3.835e-01;8.188e-01;1.131e-01;1.126e-01;4.893e-01;5.292e-01;1.820e-01;8.477e-01;7.819e-01;1.766e-01;8.843e-01;7.787e-01;8.824e-01;5.151e-01;6.351e-01;5.572e-01;4.151e-01;8.525e-01;7.018e-01","stouffer_p_analytic",0,0,5,"Remains_nonsignificant"
"PWY-5723","Rubisco shunt",39,0.698252240235014,0.993850753086182,0.58245094590572,0.01,0.59768655287313,0.251984436040411,0.302245590078385,NA,0.968915175966655,0.999999464264005,NA,NA,0.951404859514049,0.981996655639902,0.694030596940306,0.990900909909009,0.616738326167383,0.242775722427757,0.321267873212679,0.954029374061243,0.951404859514049,0.981996655639902,0.653392678888161,0.98815337448404,0.981996655639902,"AT3G08590;AT1G09780;AT3G30841;AT4G09520;AT2G29560;AT2G36530;AT1G74030;AT3G55650;AT3G55810;AT5G56350;AT5G63680;AT3G25960;AT4G26390;AT2G36580;AT3G04050;AT3G49160;AT5G08570;AT3G52990;AT3G22960;AT1G32440;AT5G52920;AT3G62410;AT1G32060;AT1G63290;AT3G01850;AT5G61410;AT3G04880;AT5G44520;AT3G04790;AT1G71100;AT2G01290;AT3G60750;AT2G45290;AT5G13420;AT1G12230;AT5G38430;AT5G38420;AT1G67090;AT5G38410","4.695e-01;2.809e-01;5.940e-01;5.985e-01;3.610e-01;6.461e-01;7.417e-03;1.607e-01;7.812e-01;8.750e-01;4.086e-01;6.005e-01;3.693e-01;7.438e-01;7.626e-01;9.694e-01;6.986e-01;9.639e-01;8.993e-01;8.218e-01;8.124e-01;9.234e-01;7.468e-01;8.895e-01;8.580e-01;4.126e-01;7.851e-01;4.403e-01;8.299e-01;1.789e-01;9.508e-01;7.696e-01;3.242e-01;3.728e-01;3.407e-01;9.862e-01;5.581e-01;4.346e-01;8.504e-01","minp_p_analytic",0,0,5,"Remains_nonsignificant"
"CAMALEXIN-SYN","camalexin biosynthesis",33,0.652625933657673,0.998321408730946,0.920822360455879,0.01,0,0.999945092733118,0.889264600568984,NA,0.999734479346851,0.999999464264005,NA,NA,0.963503649635037,0.986135672147071,0.647035296470353,0.998300169983002,0.919208079192081,1,0.88941105889411,0.991871194936786,0.963503649635037,0.986135672147071,0.656146662894165,0.992318340937962,0.986135672147071,"AT1G58265;AT4G39950;AT2G22330;AT5G35715;AT3G53300;AT3G53290;AT3G53280;AT3G44250;AT3G26830;AT3G26270;AT3G26230;AT3G26220;AT3G26210;AT3G26200;AT3G26190;AT3G26180;AT3G26170;AT3G26160;AT3G26150;AT1G13110;AT1G13100;AT1G13080;AT1G13090;AT3G26280;AT4G30530;AT2G23960;AT2G23970;AT4G30540;AT4G30550;AT4G29210;AT1G69820;AT4G39640;AT4G39650","3.690e-01;8.425e-01;3.930e-01;8.419e-01;3.870e-01;6.029e-01;7.394e-01;7.536e-01;9.149e-01;8.720e-01;4.821e-01;5.635e-01;6.312e-01;6.797e-01;7.106e-01;2.572e-01;3.985e-01;3.844e-01;3.711e-01;5.063e-01;4.968e-01;6.990e-01;4.603e-01;5.434e-01;7.519e-01;8.302e-01;7.173e-01;8.165e-01;7.176e-01;3.694e-01;5.593e-01;4.900e-01;5.260e-01","acat_p",0,0,5,"Remains_nonsignificant"
"PWY-5080","very long chain fatty acid biosynthesis I",46,0.804067648211433,0.992761144736488,0.925991268396983,0.1,1.33852898113683,0.910904463071567,0.672160678979214,NA,0.970437309229416,0.999999464264005,NA,NA,0.965703429657034,0.986135672147071,0.804619538046195,0.991700829917008,0.931206879312069,0.905409459054095,0.66053394660534,0.967055369263484,0.965703429657034,0.986135672147071,0.656146662894165,0.992318340937962,0.986135672147071,"AT5G59770;AT5G10480;AT1G76150;AT5G60335;AT5G42890;AT3G55360;AT3G50560;AT1G24470;AT4G11410;AT4G23420;AT4G24050;AT2G37540;AT4G23430;AT5G02540;AT5G50130;AT1G64590;AT1G67730;AT2G26640;AT1G07720;AT1G75000;AT3G06460;AT3G06470;AT3G23840;AT4G13840;AT4G24510;AT4G36830;AT5G02890;AT5G49070;AT1G71160;AT3G10280;AT2G46720;AT2G28630;AT2G16280;AT1G19440;AT5G04530;AT2G26250;AT2G15090;AT4G34250;AT3G52160;AT1G25450;AT5G43760;AT1G04220;AT4G34510;AT1G68530;AT1G01120;AT4G34520","6.470e-01;8.930e-01;3.827e-01;3.613e-01;3.864e-01;5.253e-01;5.277e-01;8.008e-01;7.856e-01;3.987e-01;4.183e-01;5.857e-01;4.778e-01;2.183e-01;9.546e-01;4.480e-01;8.807e-01;3.864e-01;3.671e-01;1.311e-01;5.588e-01;5.129e-01;4.779e-01;7.636e-01;6.829e-01;4.722e-01;4.973e-01;4.483e-01;3.285e-01;4.133e-01;6.043e-01;6.807e-01;9.680e-01;9.894e-01;3.850e-01;8.696e-01;9.781e-01;7.827e-01;5.121e-02;8.310e-01;3.247e-01;6.757e-01;6.448e-01;5.230e-01;3.904e-01;6.520e-01","stouffer_p_analytic",0,0,5,"Remains_nonsignificant"
"PWY-6803","phosphatidylcholine acyl editing",57,0.338479169082438,0.993623254726206,0.447261773186032,0.01,1.77791131516692,0.209272054321456,0.909118302950179,NA,0.96907266002092,0.999999464264005,NA,NA,0.967403259674033,0.986135672147071,0.343765623437656,0.993600639936006,0.55004499550045,0.216778322167783,0.905209479052095,0.969122637088045,0.967403259674033,0.986135672147071,0.656146662894165,0.992318340937962,0.986135672147071,"AT2G31100;AT5G18630;AT3G50790;AT1G06250;AT1G31480;AT1G34340;AT2G03140;AT3G03370;AT4G18550;AT5G18640;AT5G49950;AT1G30370;AT4G19860;AT2G42690;AT1G10740;AT1G23330;AT1G51440;AT2G30550;AT1G06800;AT2G31690;AT4G16820;AT1G61850;AT1G05800;AT2G44810;AT3G03310;AT3G16170;AT1G62940;AT5G27600;AT4G23850;AT4G11030;AT2G47240;AT2G04350;AT1G64400;AT1G49430;AT1G77590;AT3G05970;AT1G27480;AT2G39220;AT3G52330;AT3G54950;AT3G63200;AT4G29070;AT4G29800;AT4G37050;AT4G37060;AT5G43590;AT4G29470;AT2G19690;AT2G26560;AT2G06925;AT4G29460;AT4G37070;AT1G04010;AT1G12640;AT1G78690;AT3G05510;AT1G63050","8.459e-01;6.246e-01;9.311e-01;8.427e-01;6.628e-01;8.586e-01;6.194e-01;4.945e-01;8.297e-01;9.579e-01;3.192e-01;9.049e-01;9.133e-01;5.008e-01;4.599e-01;3.845e-01;7.133e-01;8.553e-01;1.797e-01;6.077e-01;6.402e-01;3.670e-01;9.025e-01;5.084e-01;8.112e-01;4.863e-01;3.330e-01;4.111e-03;4.610e-01;9.069e-01;3.719e-01;3.536e-01;2.187e-01;8.419e-01;1.595e-02;5.174e-01;5.005e-01;5.870e-01;8.999e-01;9.417e-01;4.424e-01;6.787e-01;6.205e-01;4.194e-01;4.071e-01;8.886e-01;4.709e-01;9.686e-01;5.453e-01;9.498e-01;4.774e-01;3.757e-01;9.063e-01;5.817e-01;4.694e-01;4.188e-01;3.373e-01","minp_p_analytic",0,0,5,"Remains_nonsignificant"
"PWY-3301","sinapate ester biosynthesis",34,0.793019902915225,0.999219846186734,0.754169462848331,0.05,2.3825509154734,0.405765053549135,0.285698400502189,NA,0.996111223788825,0.999999464264005,NA,NA,0.967703229677032,0.986135672147071,0.791120887911209,0.999100089991001,0.785021497850215,0.406359364063594,0.292870712928707,0.995519516294075,0.967703229677032,0.986135672147071,0.656146662894165,0.992318340937962,0.986135672147071,"AT2G22920;AT1G73280;AT5G36180;AT1G33540;AT1G73300;AT3G10450;AT3G12220;AT1G73310;AT2G22970;AT3G12203;AT1G73270;AT1G73290;AT2G22980;AT2G22990;AT2G22960;AT2G23010;AT5G03590;AT3G09930;AT5G03600;AT1G28570;AT1G28600;AT1G28640;AT1G28650;AT2G27360;AT1G28590;AT1G28610;AT1G28670;AT3G48460;AT5G45910;AT1G31550;AT1G28660;AT1G28580;AT5G09640;AT3G21560","8.982e-01;6.530e-01;6.308e-01;4.640e-01;6.439e-01;7.808e-01;6.415e-01;4.901e-01;6.579e-01;5.812e-01;5.747e-01;6.150e-01;6.655e-01;6.098e-01;7.291e-01;1.519e-02;6.190e-01;5.274e-01;5.349e-01;9.380e-01;9.180e-01;8.806e-01;8.579e-01;5.302e-01;9.775e-01;9.249e-01;7.797e-01;5.959e-01;6.155e-01;6.658e-01;9.838e-01;9.263e-01;4.224e-01;1.407e-01","stouffer_p_analytic",0,0,5,"Remains_nonsignificant"
"PWY-7039","phosphatidate metabolism, as a signaling molecule",37,0.684255088534117,0.997312488408495,0.930634194023164,0.01,0,0.999722784364731,0.945459672088454,NA,0.998754297082551,0.999999464264005,NA,NA,0.973902609739026,0.989312461158947,0.669033096690331,0.996200379962004,0.921507849215078,0.999500049995,0.931706829317068,0.99781864117531,0.973902609739026,0.989312461158947,0.658260408058989,0.995515047122326,0.989312461158947,"AT1G13680;AT3G08510;AT3G47290;AT4G34930;AT5G58670;AT3G55940;AT4G38530;AT5G58700;AT5G58690;AT2G40116;AT3G47220;AT1G52570;AT4G11840;AT4G00240;AT3G05630;AT4G11830;AT5G25370;AT1G55180;AT3G15730;AT2G42010;AT4G11850;AT4G35790;AT3G16785;AT3G18220;AT1G15080;AT2G01180;AT1G20990;AT2G37820;AT2G46090;AT3G25850;AT2G18730;AT5G07920;AT2G20900;AT4G28130;AT5G57690;AT4G30340;AT5G63770","3.517e-01;5.725e-01;2.360e-01;9.382e-01;8.338e-01;8.275e-01;7.476e-01;3.887e-01;3.513e-01;3.383e-01;1.986e-01;3.024e-01;4.580e-01;4.051e-01;5.432e-01;4.633e-01;5.785e-01;4.778e-01;5.591e-01;7.169e-01;3.899e-01;6.219e-01;6.755e-01;8.251e-01;4.951e-01;6.660e-01;8.939e-01;7.593e-01;7.851e-01;2.100e-01;7.977e-01;8.127e-01;8.292e-01;9.014e-01;8.015e-01;3.547e-01;9.120e-01","acat_p",0,0,5,"Remains_nonsignificant"
"PWYQT-4481","TCA cycle variation V (plant)",44,0.983557493593676,0.996159125236629,0.944706360596136,0.01,0,0.993424752136233,0.456886648323454,NA,0.98981286065807,0.999999464264005,NA,NA,0.984701529847015,0.997126785744138,0.983801619838016,0.995700429957004,0.940805919408059,0.993500649935007,0.47025297470253,0.989239666875086,0.984701529847015,0.997126785744138,0.6634598376549,1,0.997126785744138,"AT3G53910;AT5G43330;AT1G04410;AT5G56720;AT1G53240;AT2G22780;AT3G15020;AT3G47520;AT5G09660;AT4G00570;AT2G13560;AT1G32480;AT5G03290;AT2G17130;AT4G35650;AT4G35260;AT3G09810;AT2G46505;AT4G32210;AT2G18450;AT5G65165;AT3G27380;AT5G62575;AT1G47420;AT2G46390;AT1G08480;AT3G47833;AT5G09600;AT5G66760;AT5G40650;AT5G54950;AT4G26970;AT4G35830;AT2G05710;AT3G60100;AT3G58740;AT2G44350;AT3G58750;AT2G42790;AT5G08300;AT5G23250;AT2G20420;AT2G47510;AT5G50950","7.696e-01;9.587e-01;8.867e-01;9.905e-01;7.903e-01;2.764e-01;3.536e-01;6.871e-01;5.190e-01;9.137e-01;9.996e-01;7.236e-01;4.949e-01;5.910e-01;4.071e-01;6.308e-01;6.040e-01;3.779e-01;1.888e-01;4.754e-01;4.660e-01;4.339e-01;8.917e-01;6.697e-01;5.013e-01;3.238e-01;1.468e-01;3.942e-01;8.817e-01;6.138e-01;1.079e-01;7.714e-01;8.443e-01;4.849e-01;3.849e-01;3.043e-01;4.731e-01;2.283e-01;7.739e-01;9.768e-01;5.371e-01;4.934e-01;5.665e-01;8.975e-01","stouffer_p_analytic",0,0,5,"Remains_nonsignificant"
"PWY-6352","3-phosphoinositide biosynthesis",47,0.816978202333391,0.998615707934932,0.945284900384844,0.1,0.294776176997659,0.985616587162395,0.781612686729659,NA,0.993893093222439,0.999999464264005,NA,NA,0.988101189881012,0.997422899219512,0.812618738126187,0.997900209979002,0.946705329467053,0.985101489851015,0.782121787821218,0.991237141736141,0.988101189881012,0.997422899219512,0.663656863149659,1,0.997422899219512,"AT3G59770;AT1G47510;AT5G20840;AT3G43220;AT3G14205;AT1G22620;AT1G17340;AT1G71010;AT1G34260;AT4G33240;AT3G14270;AT3G48190;AT2G32760;AT1G60490;AT1G21920;AT1G75010;AT1G77660;AT2G35170;AT4G17080;AT1G01460;AT1G60890;AT1G77740;AT1G10900;AT1G21980;AT2G41210;AT3G07960;AT3G09920;AT2G26420;AT3G56960;AT4G01190;AT4G38570;AT1G68000;AT1G13640;AT1G26270;AT1G27570;AT1G64460;AT1G67635;AT2G03890;AT2G40850;AT2G46500;AT3G43950;AT3G56600;AT5G24240;AT1G51040;AT5G09350;AT5G64070;AT1G49340","7.894e-01;6.909e-01;4.793e-01;5.369e-01;8.805e-01;4.929e-01;3.203e-01;8.630e-02;4.205e-01;2.951e-01;8.857e-01;7.008e-01;9.910e-01;4.345e-01;3.720e-01;1.197e-01;8.200e-01;8.036e-01;5.918e-01;3.599e-01;6.404e-01;6.539e-01;4.670e-01;9.602e-01;7.827e-01;6.362e-01;3.812e-01;3.524e-01;7.325e-01;9.049e-01;7.613e-01;9.711e-01;4.245e-01;4.286e-01;6.362e-01;3.703e-01;1.639e-01;8.417e-01;9.392e-01;7.554e-01;6.970e-01;6.393e-01;5.091e-01;7.909e-01;3.411e-01;5.419e-01;7.663e-01","stouffer_p_analytic",0,0,5,"Remains_nonsignificant"
"MALATE-ASPARTATE-SHUTTLE-PWY","L-aspartate degradation II",18,0.99318152644622,0.99978651042164,0.866152625158871,0.01,0,0.997041800135555,0.829506779973977,NA,0.999034949347207,0.999999464264005,NA,NA,0.996000399960004,0.999500049995,0.994200579942006,0.999900009999,0.846715328467153,0.997600239976002,0.818818118188181,0.999528348221655,0.996000399960004,0.999500049995,0.665038940269633,1,0.999500049995,"AT3G53910;AT5G43330;AT1G04410;AT5G56720;AT1G53240;AT2G22780;AT3G15020;AT3G47520;AT5G09660;AT4G00570;AT2G13560;AT1G62800;AT5G11520;AT5G51690;AT1G62960;AT5G19550;AT4G31990;AT2G30970","7.696e-01;9.587e-01;8.867e-01;9.905e-01;7.903e-01;2.764e-01;3.536e-01;6.871e-01;5.190e-01;9.137e-01;9.996e-01;5.951e-01;7.500e-01;9.186e-01;6.905e-01;7.807e-01;4.720e-01;7.305e-01","stouffer_p_analytic",0,0,5,"Remains_nonsignificant"
"PWY-5097","L-lysine biosynthesis VI",14,0.902231202984375,0.999297512231132,0.84399917066143,0.01,0,0.999950070185889,0.677638090267543,NA,0.999767110201417,0.999999464264005,NA,NA,0.999400059994001,0.999500049995,0.899110088991101,0.999700029997,0.76972302769723,0.999900009999,0.675632436756324,0.999625460873385,0.999400059994001,0.999500049995,0.665038940269633,1,0.999500049995,"AT5G52100;AT3G14390;AT5G11880;AT3G53580;AT2G13810;AT4G33680;AT3G60880;AT2G45440;AT1G14810;AT5G14060;AT5G13280;AT4G19710;AT3G02020;AT1G31230","5.371e-01;7.510e-01;7.587e-01;5.285e-01;9.777e-01;7.811e-01;5.364e-01;6.677e-01;9.019e-01;5.071e-01;6.091e-01;9.032e-01;9.830e-01;6.136e-01","stouffer_p_analytic",0,0,5,"Remains_nonsignificant"
"PWY-6457","cinnamoyl-CoA biosynthesis",4,0.957441150565944,0.999668779848787,0.754651866343881,0.01,0,0.999797806058644,0.48235490300397,NA,0.999374320533782,0.999999464264005,NA,NA,0.999500049995,0.999500049995,0.95950404959504,0.999800019998,0.341965803419658,0.999900009999,0.483551644835516,0.9996672035901,0.999500049995,0.999500049995,0.665038940269633,1,0.999500049995,"AT3G10340;AT2G37040;AT5G04230;AT3G53260","8.808e-01;9.836e-01;9.328e-01;9.003e-01","stouffer_p_analytic",0,0,5,"Remains_nonsignificant"
