gene_set,GeneID
Fst_landraces_N,Zm00001eb421910
Fst_landraces_N,Zm00001eb269910
Fst_landraces_N,Zm00001eb275060
Fst_landraces_N,Zm00001eb346210
Fst_landraces_N,Zm00001eb098670
Fst_landraces_N,Zm00001eb346320
Fst_landraces_N,Zm00001eb384860
Fst_landraces_N,Zm00001eb411450
Fst_landraces_N,Zm00001eb385190
Fst_landraces_N,Zm00001eb009920
Fst_landraces_N,Zm00001eb421860
Fst_landraces_N,Zm00001eb074700
Fst_landraces_N,Zm00001eb148990
Fst_landraces_N,Zm00001eb014800
Fst_landraces_N,Zm00001eb425250
Fst_landraces_N,Zm00001eb028520
Fst_landraces_N,Zm00001eb384970
Fst_landraces_N,Zm00001eb344540
Fst_landraces_N,Zm00001eb024310
Fst_landraces_N,Zm00001eb050770
Fst_landraces_N,Zm00001eb048270
Fst_landraces_N,Zm00001eb020640
Fst_landraces_N,Zm00001eb250480
Fst_landraces_N,Zm00001eb031290
Fst_landraces_N,Zm00001eb153120
Fst_landraces_N,Zm00001eb355310
Fst_landraces_N,Zm00001eb418490
Fst_landraces_N,Zm00001eb048030
Fst_landraces_N,Zm00001eb122350
Fst_landraces_N,Zm00001eb220840
Fst_landraces_N,Zm00001eb141560
Fst_landraces_N,Zm00001eb399650
Fst_landraces_N,Zm00001eb048020
Fst_landraces_N,Zm00001eb289050
Fst_landraces_N,Zm00001eb110960
Fst_landraces_N,Zm00001eb110970
Fst_landraces_N,Zm00001eb394330
Fst_landraces_N,Zm00001eb137200
Fst_landraces_N,Zm00001eb250400
Fst_landraces_N,Zm00001eb009580
Fst_landraces_N,Zm00001eb353070
Fst_landraces_N,Zm00001eb232390
Fst_landraces_N,Zm00001eb151450
Fst_landraces_N,Zm00001eb097010
Fst_landraces_N,Zm00001eb340330
Fst_landraces_N,Zm00001eb158020
Fst_landraces_N,Zm00001eb425230
Fst_landraces_N,Zm00001eb425240
Fst_landraces_N,Zm00001eb388770
Fst_landraces_N,Zm00001eb199550
Fst_landraces_N,Zm00001eb015190
Fst_landraces_N,Zm00001eb414020
Fst_landraces_N,Zm00001eb224720
Fst_landraces_N,Zm00001eb135550
Fst_landraces_N,Zm00001eb082800
Fst_landraces_N,Zm00001eb082810
Fst_landraces_N,Zm00001eb041630
Fst_landraces_N,Zm00001eb199530
Fst_landraces_N,Zm00001eb208580
Fst_landraces_N,Zm00001eb135530
Fst_landraces_N,Zm00001eb173840
Fst_landraces_N,Zm00001eb014600
Fst_landraces_N,Zm00001eb074680
Fst_landraces_N,Zm00001eb105350
Fst_landraces_N,Zm00001eb173270
Fst_landraces_N,Zm00001eb085220
Fst_landraces_N,Zm00001eb275820
Fst_landraces_N,Zm00001eb224690
Fst_landraces_N,Zm00001eb275050
Fst_landraces_N,Zm00001eb151480
Fst_landraces_N,Zm00001eb132480
Fst_landraces_N,Zm00001eb289030
Fst_landraces_N,Zm00001eb151220
Fst_landraces_N,Zm00001eb107050
Fst_landraces_N,Zm00001eb311960
Fst_landraces_N,Zm00001eb130740
Fst_landraces_N,Zm00001eb430610
Fst_landraces_N,Zm00001eb151490
Fst_landraces_N,Zm00001eb413860
Fst_landraces_N,Zm00001eb231770
Fst_landraces_N,Zm00001eb087100
Fst_landraces_N,Zm00001eb138370
Fst_landraces_N,Zm00001eb355200
Fst_landraces_N,Zm00001eb110930
Fst_landraces_N,Zm00001eb009900
Fst_landraces_N,Zm00001eb009910
Fst_landraces_N,Zm00001eb233960
Fst_landraces_N,Zm00001eb092300
Fst_landraces_N,Zm00001eb384950
Fst_landraces_N,Zm00001eb035290
Fst_landraces_N,Zm00001eb083810
Fst_landraces_N,Zm00001eb313540
Fst_landraces_N,Zm00001eb166870
Fst_landraces_N,Zm00001eb185110
Fst_landraces_N,Zm00001eb241220
Fst_landraces_N,Zm00001eb306200
Fst_landraces_N,Zm00001eb049890
Fst_landraces_N,Zm00001eb074710
Fst_landraces_N,Zm00001eb028570
Fst_landraces_N,Zm00001eb010210
Fst_landraces_N,Zm00001eb133570
Fst_landraces_N,Zm00001eb267390
Fst_landraces_N,Zm00001eb398870
Fst_landraces_N,Zm00001eb031250
Fst_landraces_N,Zm00001eb122110
Fst_landraces_N,Zm00001eb142060
Fst_landraces_N,Zm00001eb000170
Fst_landraces_N,Zm00001eb044840
Fst_landraces_N,Zm00001eb330660
Fst_landraces_N,Zm00001eb430620
Fst_landraces_N,Zm00001eb132310
Fst_landraces_N,Zm00001eb031270
Fst_landraces_N,Zm00001eb215120
Fst_landraces_N,Zm00001eb035350
Fst_landraces_N,Zm00001eb015200
Fst_landraces_N,Zm00001eb343340
Fst_landraces_N,Zm00001eb346680
Fst_landraces_N,Zm00001eb343660
Fst_landraces_N,Zm00001eb199170
Fst_landraces_N,Zm00001eb153100
Fst_landraces_N,Zm00001eb146250
Fst_landraces_N,Zm00001eb095250
Fst_landraces_N,Zm00001eb206290
Fst_landraces_N,Zm00001eb353110
Fst_landraces_N,Zm00001eb346230
Fst_landraces_N,Zm00001eb127020
Fst_landraces_N,Zm00001eb239450
Fst_landraces_N,Zm00001eb365960
Fst_landraces_N,Zm00001eb403750
Fst_landraces_N,Zm00001eb235330
Fst_landraces_N,Zm00001eb331920
Fst_landraces_N,Zm00001eb399630
Fst_landraces_N,Zm00001eb360020
Fst_landraces_N,Zm00001eb102030
Fst_landraces_N,Zm00001eb231790
Fst_landraces_N,Zm00001eb174640
Fst_landraces_N,Zm00001eb355290
Fst_landraces_N,Zm00001eb355300
Fst_landraces_N,Zm00001eb019780
Fst_landraces_N,Zm00001eb124620
Fst_landraces_N,Zm00001eb029730
Fst_landraces_N,Zm00001eb392530
Fst_landraces_N,Zm00001eb246670
Fst_landraces_N,Zm00001eb384900
Fst_landraces_N,Zm00001eb384910
Fst_landraces_N,Zm00001eb308830
Fst_landraces_N,Zm00001eb148220
Fst_landraces_N,Zm00001eb201230
Fst_landraces_N,Zm00001eb028310
Fst_landraces_N,Zm00001eb273940
Fst_landraces_N,Zm00001eb133740
Fst_landraces_N,Zm00001eb151400
Fst_landraces_N,Zm00001eb098660
Fst_landraces_N,Zm00001eb199500
Fst_landraces_N,Zm00001eb145500
Fst_landraces_N,Zm00001eb250240
Fst_landraces_N,Zm00001eb130260
Fst_landraces_N,Zm00001eb312850
Fst_landraces_N,Zm00001eb085190
Fst_landraces_N,Zm00001eb075470
Fst_landraces_N,Zm00001eb126920
Fst_landraces_N,Zm00001eb095280
Fst_landraces_N,Zm00001eb353270
Fst_landraces_N,Zm00001eb250230
Fst_landraces_N,Zm00001eb410840
Fst_landraces_N,Zm00001eb201570
Fst_landraces_N,Zm00001eb233720
Fst_landraces_N,Zm00001eb421890
Fst_landraces_N,Zm00001eb014630
Fst_landraces_N,Zm00001eb028710
Fst_landraces_N,Zm00001eb306140
Fst_landraces_N,Zm00001eb321200
Fst_landraces_N,Zm00001eb287940
Fst_landraces_N,Zm00001eb395290
Fst_landraces_N,Zm00001eb151200
Fst_landraces_N,Zm00001eb198390
Fst_landraces_N,Zm00001eb276140
Fst_landraces_N,Zm00001eb014810
Fst_landraces_N,Zm00001eb120370
Fst_landraces_N,Zm00001eb048210
Fst_landraces_N,Zm00001eb174210
Fst_landraces_N,Zm00001eb235200
Fst_landraces_N,Zm00001eb399670
Fst_landraces_N,Zm00001eb399660
Fst_landraces_N,Zm00001eb146510
Fst_landraces_N,Zm00001eb099580
Fst_landraces_N,Zm00001eb203350
Fst_landraces_N,Zm00001eb151470
Fst_landraces_N,Zm00001eb417900
Fst_landraces_N,Zm00001eb200790
Fst_landraces_N,Zm00001eb158290
Fst_landraces_N,Zm00001eb127060
Fst_landraces_N,Zm00001eb127070
Fst_landraces_N,Zm00001eb277480
Fst_landraces_N,Zm00001eb029770
Fst_landraces_N,Zm00001eb130750
Fst_landraces_N,Zm00001eb296120
Fst_landraces_N,Zm00001eb201610
Fst_landraces_N,Zm00001eb009940
Fst_landraces_N,Zm00001eb410820
Fst_landraces_N,Zm00001eb151380
Fst_landraces_N,Zm00001eb018630
Fst_landraces_N,Zm00001eb359150
Fst_landraces_N,Zm00001eb246650
Fst_landraces_N,Zm00001eb275340
Fst_landraces_N,Zm00001eb234090
Fst_landraces_N,Zm00001eb095270
Fst_landraces_N,Zm00001eb138260
Fst_landraces_N,Zm00001eb102380
Fst_landraces_N,Zm00001eb199260
Fst_landraces_N,Zm00001eb199270
Fst_landraces_N,Zm00001eb151620
Fst_landraces_N,Zm00001eb313980
Fst_landraces_N,Zm00001eb399780
Fst_landraces_N,Zm00001eb127010
Fst_landraces_N,Zm00001eb384620
Fst_landraces_N,Zm00001eb294430
Fst_landraces_N,Zm00001eb362180
Fst_landraces_N,Zm00001eb260190
Fst_landraces_N,Zm00001eb004740
Fst_landraces_N,Zm00001eb004750
Fst_landraces_N,Zm00001eb277460
Fst_landraces_N,Zm00001eb200230
Fst_landraces_N,Zm00001eb028690
Fst_landraces_N,Zm00001eb346280
Fst_landraces_N,Zm00001eb325850
Fst_landraces_N,Zm00001eb310770
Fst_landraces_N,Zm00001eb019800
Fst_landraces_N,Zm00001eb029720
Fst_landraces_N,Zm00001eb384940
Fst_landraces_N,Zm00001eb088850
Fst_landraces_N,Zm00001eb274260
Fst_landraces_N,Zm00001eb103400
Fst_landraces_N,Zm00001eb041610
Fst_landraces_N,Zm00001eb378140
Fst_landraces_N,Zm00001eb026810
Fst_landraces_N,Zm00001eb109770
Fst_landraces_N,Zm00001eb385300
Fst_landraces_N,Zm00001eb029300
Fst_landraces_N,Zm00001eb130400
Fst_landraces_N,Zm00001eb030710
Fst_landraces_N,Zm00001eb419510
Fst_landraces_N,Zm00001eb267020
Fst_landraces_N,Zm00001eb399680
Fst_landraces_N,Zm00001eb035370
Fst_landraces_N,Zm00001eb232410
Fst_landraces_N,Zm00001eb340000
Fst_landraces_N,Zm00001eb035320
Fst_landraces_N,Zm00001eb153090
Fst_landraces_N,Zm00001eb046650
Fst_landraces_N,Zm00001eb249380
Fst_landraces_N,Zm00001eb058360
Fst_landraces_N,Zm00001eb375250
Fst_landraces_N,Zm00001eb417170
Fst_landraces_N,Zm00001eb227100
Fst_landraces_N,Zm00001eb339990
Fst_landraces_N,Zm00001eb269770
Fst_landraces_N,Zm00001eb093280
Fst_landraces_N,Zm00001eb241950
Fst_landraces_N,Zm00001eb316520
Fst_landraces_N,Zm00001eb000190
Fst_landraces_N,Zm00001eb000200
Fst_landraces_N,Zm00001eb127850
Fst_landraces_N,Zm00001eb203360
Fst_landraces_N,Zm00001eb198220
Fst_landraces_N,Zm00001eb090480
Fst_landraces_N,Zm00001eb136120
Fst_landraces_N,Zm00001eb019660
Fst_landraces_N,Zm00001eb033140
Fst_landraces_N,Zm00001eb133700
Fst_landraces_N,Zm00001eb425730
Fst_landraces_N,Zm00001eb052720
Fst_landraces_N,Zm00001eb149490
Fst_landraces_N,Zm00001eb311120
Fst_landraces_N,Zm00001eb387490
Fst_landraces_N,Zm00001eb144930
Fst_landraces_N,Zm00001eb105050
Fst_landraces_N,Zm00001eb046510
Fst_landraces_N,Zm00001eb075990
Fst_landraces_N,Zm00001eb362730
Fst_landraces_N,Zm00001eb234980
Fst_landraces_N,Zm00001eb233930
Fst_landraces_N,Zm00001eb124300
Fst_landraces_N,Zm00001eb009870
Fst_landraces_N,Zm00001eb149510
Fst_landraces_N,Zm00001eb139600
Fst_landraces_N,Zm00001eb059970
Fst_landraces_N,Zm00001eb028110
Fst_landraces_N,Zm00001eb227040
Fst_landraces_N,Zm00001eb150820
Fst_landraces_N,Zm00001eb287800
Fst_landraces_N,Zm00001eb287810
Fst_landraces_N,Zm00001eb031280
Fst_landraces_N,Zm00001eb225150
Fst_landraces_N,Zm00001eb233670
Fst_landraces_N,Zm00001eb433040
Fst_landraces_N,Zm00001eb013300
Fst_landraces_N,Zm00001eb418570
Fst_landraces_N,Zm00001eb233940
Fst_landraces_N,Zm00001eb411170
Fst_landraces_N,Zm00001eb150740
Fst_landraces_N,Zm00001eb394260
Fst_landraces_N,Zm00001eb287900
Fst_landraces_N,Zm00001eb250070
Fst_landraces_N,Zm00001eb144140
Fst_landraces_N,Zm00001eb359990
Fst_landraces_N,Zm00001eb127100
Fst_landraces_N,Zm00001eb286480
Fst_landraces_N,Zm00001eb015220
Fst_landraces_N,Zm00001eb339470
Fst_landraces_N,Zm00001eb379470
Fst_landraces_N,Zm00001eb074640
Fst_landraces_N,Zm00001eb091740
Fst_landraces_N,Zm00001eb269170
Fst_landraces_N,Zm00001eb233110
Fst_landraces_N,Zm00001eb050320
Fst_landraces_N,Zm00001eb424340
Fst_landraces_N,Zm00001eb267410
Fst_landraces_N,Zm00001eb090160
Fst_landraces_N,Zm00001eb309030
Fst_landraces_N,Zm00001eb040770
Fst_landraces_N,Zm00001eb409460
Fst_landraces_N,Zm00001eb235270
Fst_landraces_N,Zm00001eb239360
Fst_landraces_N,Zm00001eb198350
Fst_landraces_N,Zm00001eb087090
Fst_landraces_N,Zm00001eb079940
Fst_landraces_N,Zm00001eb430000
Fst_landraces_N,Zm00001eb404830
Fst_landraces_N,Zm00001eb231990
Fst_landraces_N,Zm00001eb250210
Fst_landraces_N,Zm00001eb249020
Fst_landraces_N,Zm00001eb363100
Fst_landraces_N,Zm00001eb239300
Fst_landraces_N,Zm00001eb110950
Fst_landraces_N,Zm00001eb385110
Fst_landraces_N,Zm00001eb167910
Fst_landraces_N,Zm00001eb309370
Fst_landraces_N,Zm00001eb343240
Fst_landraces_N,Zm00001eb126970
Fst_landraces_N,Zm00001eb234030
Fst_landraces_N,Zm00001eb019250
Fst_landraces_N,Zm00001eb081540
Fst_landraces_N,Zm00001eb055150
Fst_landraces_N,Zm00001eb137170
Fst_landraces_N,Zm00001eb234990
Fst_landraces_N,Zm00001eb275860
Fst_landraces_N,Zm00001eb036510
Fst_landraces_N,Zm00001eb399800
Fst_landraces_N,Zm00001eb127030
Fst_landraces_N,Zm00001eb009430
Fst_landraces_N,Zm00001eb288370
Fst_landraces_N,Zm00001eb050110
Fst_landraces_N,Zm00001eb387860
Fst_landraces_N,Zm00001eb339480
Fst_landraces_N,Zm00001eb054090
Fst_landraces_N,Zm00001eb090590
Fst_landraces_N,Zm00001eb361580
Fst_landraces_N,Zm00001eb132550
Fst_landraces_N,Zm00001eb302900
Fst_landraces_N,Zm00001eb151530
Fst_landraces_N,Zm00001eb054480
Fst_landraces_N,Zm00001eb043000
Fst_landraces_N,Zm00001eb417890
Fst_landraces_N,Zm00001eb120710
Fst_landraces_N,Zm00001eb031240
Fst_landraces_N,Zm00001eb235170
Fst_landraces_N,Zm00001eb235180
Fst_landraces_N,Zm00001eb286460
Fst_landraces_N,Zm00001eb394300
Fst_landraces_N,Zm00001eb201430
Fst_landraces_N,Zm00001eb152430
Fst_landraces_N,Zm00001eb355560
Fst_landraces_N,Zm00001eb355570
Fst_landraces_N,Zm00001eb165010
Fst_landraces_N,Zm00001eb117350
Fst_landraces_N,Zm00001eb380410
Fst_landraces_N,Zm00001eb048230
Fst_landraces_N,Zm00001eb273690
Fst_landraces_N,Zm00001eb384840
Fst_landraces_N,Zm00001eb139570
Fst_landraces_N,Zm00001eb091420
Fst_landraces_N,Zm00001eb199380
Fst_landraces_N,Zm00001eb182290
Fst_landraces_N,Zm00001eb264910
Fst_landraces_N,Zm00001eb143110
Fst_landraces_N,Zm00001eb165060
Fst_landraces_N,Zm00001eb250000
Fst_landraces_N,Zm00001eb249990
Fst_landraces_N,Zm00001eb026770
Fst_landraces_N,Zm00001eb104260
Fst_landraces_N,Zm00001eb110000
Fst_landraces_N,Zm00001eb303080
Fst_landraces_N,Zm00001eb275040
Fst_landraces_N,Zm00001eb006680
Fst_landraces_N,Zm00001eb022180
Fst_landraces_N,Zm00001eb126960
Fst_landraces_N,Zm00001eb223540
Fst_landraces_N,Zm00001eb338180
Fst_landraces_N,Zm00001eb338190
Fst_landraces_N,Zm00001eb233840
Fst_landraces_N,Zm00001eb139620
Fst_landraces_N,Zm00001eb227030
Fst_landraces_N,Zm00001eb050710
Fst_landraces_N,Zm00001eb384240
Fst_landraces_N,Zm00001eb403280
Fst_landraces_N,Zm00001eb143230
Fst_landraces_N,Zm00001eb250530
Fst_landraces_N,Zm00001eb155350
Fst_landraces_N,Zm00001eb050330
Fst_landraces_N,Zm00001eb378830
Fst_landraces_N,Zm00001eb218680
Fst_landraces_N,Zm00001eb238250
Fst_landraces_N,Zm00001eb133460
Fst_landraces_N,Zm00001eb352450
Fst_landraces_N,Zm00001eb310260
Fst_landraces_N,Zm00001eb151640
Fst_landraces_N,Zm00001eb014450
Fst_landraces_N,Zm00001eb203450
Fst_landraces_N,Zm00001eb048160
Fst_landraces_N,Zm00001eb036580
Fst_landraces_N,Zm00001eb198360
Fst_landraces_N,Zm00001eb199280
Fst_landraces_N,Zm00001eb128410
Fst_landraces_N,Zm00001eb200260
Fst_landraces_N,Zm00001eb054660
Fst_landraces_N,Zm00001eb284090
Fst_landraces_N,Zm00001eb264110
Fst_landraces_N,Zm00001eb081930
Fst_landraces_N,Zm00001eb295640
Fst_landraces_N,Zm00001eb135910
Fst_landraces_N,Zm00001eb313590
Fst_landraces_N,Zm00001eb231830
Fst_landraces_N,Zm00001eb250080
Fst_landraces_N,Zm00001eb382290
Fst_landraces_N,Zm00001eb232290
Fst_landraces_N,Zm00001eb321900
Fst_landraces_N,Zm00001eb092660
Fst_landraces_N,Zm00001eb430580
Fst_landraces_N,Zm00001eb270300
Fst_landraces_N,Zm00001eb086270
Fst_landraces_N,Zm00001eb086280
Fst_landraces_N,Zm00001eb246190
Fst_landraces_N,Zm00001eb208600
Fst_landraces_N,Zm00001eb086320
Fst_landraces_N,Zm00001eb426060
Fst_landraces_N,Zm00001eb126890
Fst_landraces_N,Zm00001eb284320
Fst_landraces_N,Zm00001eb204010
Fst_landraces_N,Zm00001eb052960
Fst_landraces_N,Zm00001eb040760
Fst_landraces_N,Zm00001eb046620
Fst_landraces_N,Zm00001eb254490
Fst_landraces_N,Zm00001eb300170
Fst_landraces_N,Zm00001eb399140
Fst_landraces_N,Zm00001eb098680
Fst_landraces_N,Zm00001eb248640
Fst_landraces_N,Zm00001eb122470
Fst_landraces_N,Zm00001eb329280
Fst_landraces_N,Zm00001eb269140
Fst_landraces_N,Zm00001eb151710
Fst_landraces_N,Zm00001eb381470
Fst_landraces_N,Zm00001eb286490
Fst_landraces_N,Zm00001eb175480
Fst_landraces_N,Zm00001eb009290
Fst_landraces_N,Zm00001eb204910
Fst_landraces_N,Zm00001eb415440
Fst_landraces_N,Zm00001eb346300
Fst_landraces_N,Zm00001eb232000
Fst_landraces_N,Zm00001eb426050
Fst_landraces_N,Zm00001eb026800
Fst_landraces_N,Zm00001eb200960
Fst_landraces_N,Zm00001eb200970
Fst_landraces_N,Zm00001eb418430
Fst_landraces_N,Zm00001eb382310
Fst_landraces_N,Zm00001eb031330
Fst_landraces_N,Zm00001eb233120
Fst_landraces_N,Zm00001eb233130
Fst_landraces_N,Zm00001eb149840
Fst_landraces_N,Zm00001eb140570
Fst_landraces_N,Zm00001eb319580
Fst_landraces_N,Zm00001eb028030
Fst_landraces_N,Zm00001eb417470
Fst_landraces_N,Zm00001eb424350
Fst_landraces_N,Zm00001eb054050
Fst_landraces_N,Zm00001eb179350
Fst_landraces_N,Zm00001eb235230
Fst_landraces_N,Zm00001eb249930
Fst_landraces_N,Zm00001eb425720
Fst_landraces_N,Zm00001eb136060
Fst_landraces_N,Zm00001eb240100
Fst_landraces_N,Zm00001eb127090
Fst_landraces_N,Zm00001eb251160
Fst_landraces_N,Zm00001eb132130
Fst_landraces_N,Zm00001eb274280
Fst_landraces_N,Zm00001eb108680
Fst_landraces_N,Zm00001eb295550
Fst_landraces_N,Zm00001eb342670
Fst_landraces_N,Zm00001eb174630
Fst_landraces_N,Zm00001eb097020
Fst_landraces_N,Zm00001eb281570
Fst_landraces_N,Zm00001eb198320
Fst_landraces_N,Zm00001eb298010
Fst_landraces_N,Zm00001eb314630
Fst_landraces_N,Zm00001eb404810
Fst_landraces_N,Zm00001eb200220
Fst_landraces_N,Zm00001eb105290
Fst_landraces_N,Zm00001eb153530
Fst_landraces_N,Zm00001eb121110
Fst_landraces_N,Zm00001eb132320
Fst_landraces_N,Zm00001eb094180
Fst_landraces_N,Zm00001eb389180
Fst_landraces_N,Zm00001eb029490
Fst_landraces_N,Zm00001eb224730
Fst_landraces_N,Zm00001eb126930
Fst_landraces_N,Zm00001eb231430
Fst_landraces_N,Zm00001eb118130
Fst_landraces_N,Zm00001eb382200
Fst_landraces_N,Zm00001eb035310
Fst_landraces_N,Zm00001eb015090
Fst_landraces_N,Zm00001eb359810
Fst_landraces_N,Zm00001eb093630
Fst_landraces_N,Zm00001eb037330
Fst_landraces_N,Zm00001eb160010
Fst_landraces_N,Zm00001eb364260
Fst_landraces_N,Zm00001eb092180
Fst_landraces_N,Zm00001eb248590
Fst_landraces_N,Zm00001eb232400
Fst_landraces_N,Zm00001eb025860
Fst_landraces_N,Zm00001eb087080
Fst_landraces_N,Zm00001eb269270
Fst_landraces_N,Zm00001eb269280
Fst_landraces_N,Zm00001eb250380
Fst_landraces_N,Zm00001eb136230
Fst_landraces_N,Zm00001eb070740
Fst_landraces_N,Zm00001eb314890
Fst_landraces_N,Zm00001eb002410
Fst_landraces_N,Zm00001eb152560
Fst_landraces_N,Zm00001eb047240
Fst_landraces_N,Zm00001eb348580
Fst_landraces_N,Zm00001eb026710
Fst_landraces_N,Zm00001eb029510
Fst_landraces_N,Zm00001eb248380
Fst_landraces_N,Zm00001eb248390
Fst_landraces_N,Zm00001eb026050
Fst_landraces_N,Zm00001eb415620
Fst_landraces_N,Zm00001eb002380
Fst_landraces_N,Zm00001eb138310
Fst_landraces_N,Zm00001eb029990
Fst_landraces_N,Zm00001eb362500
Fst_landraces_N,Zm00001eb233650
Fst_landraces_N,Zm00001eb190840
Fst_landraces_N,Zm00001eb151430
Fst_landraces_N,Zm00001eb210990
Fst_landraces_N,Zm00001eb198370
Fst_landraces_N,Zm00001eb137180
Fst_landraces_N,Zm00001eb022670
Fst_landraces_N,Zm00001eb055170
Fst_landraces_N,Zm00001eb020850
Fst_landraces_N,Zm00001eb020840
Fst_landraces_N,Zm00001eb126140
Fst_landraces_N,Zm00001eb413560
Fst_landraces_N,Zm00001eb159620
Fst_landraces_N,Zm00001eb128070
Fst_landraces_N,Zm00001eb382180
Fst_landraces_N,Zm00001eb082870
Fst_landraces_N,Zm00001eb346540
Fst_landraces_N,Zm00001eb289180
Fst_landraces_N,Zm00001eb128450
Fst_landraces_N,Zm00001eb050740
Fst_landraces_N,Zm00001eb173240
Fst_landraces_N,Zm00001eb241970
Fst_landraces_N,Zm00001eb363940
Fst_landraces_N,Zm00001eb394550
Fst_landraces_N,Zm00001eb354430
Fst_landraces_N,Zm00001eb377700
Fst_landraces_N,Zm00001eb016040
Fst_landraces_N,Zm00001eb249700
Fst_landraces_N,Zm00001eb316570
Fst_landraces_N,Zm00001eb008970
Fst_landraces_N,Zm00001eb397190
Fst_landraces_N,Zm00001eb250470
Fst_landraces_N,Zm00001eb296020
Fst_landraces_N,Zm00001eb361010
Fst_landraces_N,Zm00001eb071090
Fst_landraces_N,Zm00001eb205550
Fst_landraces_N,Zm00001eb156350
Fst_landraces_N,Zm00001eb042970
Fst_landraces_N,Zm00001eb288080
Fst_landraces_N,Zm00001eb269820
Fst_landraces_N,Zm00001eb025540
Fst_landraces_N,Zm00001eb143920
Fst_landraces_N,Zm00001eb033150
Fst_landraces_N,Zm00001eb211050
Fst_landraces_N,Zm00001eb415420
Fst_landraces_N,Zm00001eb105360
Fst_landraces_N,Zm00001eb266340
Fst_landraces_N,Zm00001eb295720
Fst_landraces_N,Zm00001eb026490
Fst_landraces_N,Zm00001eb358720
Fst_landraces_N,Zm00001eb023870
Fst_landraces_N,Zm00001eb215150
Fst_landraces_N,Zm00001eb395310
Fst_landraces_N,Zm00001eb409470
Fst_landraces_N,Zm00001eb425270
Fst_landraces_N,Zm00001eb127150
Fst_landraces_N,Zm00001eb419490
Fst_landraces_N,Zm00001eb080140
Fst_landraces_N,Zm00001eb074830
Fst_landraces_N,Zm00001eb413870
Fst_landraces_N,Zm00001eb349670
Fst_landraces_N,Zm00001eb130450
Fst_landraces_N,Zm00001eb022160
Fst_landraces_N,Zm00001eb360910
Fst_landraces_N,Zm00001eb152350
Fst_landraces_N,Zm00001eb156060
Fst_landraces_N,Zm00001eb433900
Fst_landraces_N,Zm00001eb224280
Fst_landraces_N,Zm00001eb346400
Fst_landraces_N,Zm00001eb128010
Fst_landraces_N,Zm00001eb365940
Fst_landraces_N,Zm00001eb392010
Fst_landraces_N,Zm00001eb065950
Fst_landraces_N,Zm00001eb009510
Fst_landraces_N,Zm00001eb231250
Fst_landraces_N,Zm00001eb085200
Fst_landraces_N,Zm00001eb138210
Fst_landraces_N,Zm00001eb078370
Fst_landraces_N,Zm00001eb143240
Fst_landraces_N,Zm00001eb081900
Fst_landraces_N,Zm00001eb370670
Fst_landraces_N,Zm00001eb201440
Fst_landraces_N,Zm00001eb411150
Fst_landraces_N,Zm00001eb245770
Fst_landraces_N,Zm00001eb426250
Fst_landraces_N,Zm00001eb064940
Fst_landraces_N,Zm00001eb126980
Fst_landraces_N,Zm00001eb282580
Fst_landraces_N,Zm00001eb280950
Fst_landraces_N,Zm00001eb280960
Fst_landraces_N,Zm00001eb250310
Fst_landraces_N,Zm00001eb009930
Fst_landraces_N,Zm00001eb133480
Fst_landraces_N,Zm00001eb152320
Fst_landraces_N,Zm00001eb102580
Fst_landraces_N,Zm00001eb415660
Fst_landraces_N,Zm00001eb211480
Fst_landraces_N,Zm00001eb093640
Fst_landraces_N,Zm00001eb126310
Fst_landraces_N,Zm00001eb050730
Fst_landraces_N,Zm00001eb104810
Fst_landraces_N,Zm00001eb082780
Fst_landraces_N,Zm00001eb073810
Fst_landraces_N,Zm00001eb105480
Fst_landraces_N,Zm00001eb130340
Fst_landraces_N,Zm00001eb048220
Fst_landraces_N,Zm00001eb399270
Fst_landraces_N,Zm00001eb357090
Fst_landraces_N,Zm00001eb052970
Fst_landraces_N,Zm00001eb251200
Fst_landraces_N,Zm00001eb019360
Fst_landraces_N,Zm00001eb033820
Fst_landraces_N,Zm00001eb128020
Fst_landraces_N,Zm00001eb346150
Fst_landraces_N,Zm00001eb151510
Fst_landraces_N,Zm00001eb407610
Fst_landraces_N,Zm00001eb125100
Fst_landraces_N,Zm00001eb338230
Fst_landraces_N,Zm00001eb137110
Fst_landraces_N,Zm00001eb269160
Fst_landraces_N,Zm00001eb418600
Fst_landraces_N,Zm00001eb344620
Fst_landraces_N,Zm00001eb411880
Fst_landraces_N,Zm00001eb418690
Fst_landraces_N,Zm00001eb434470
Fst_landraces_N,Zm00001eb015770
Fst_landraces_N,Zm00001eb019600
Fst_landraces_N,Zm00001eb233420
Fst_landraces_N,Zm00001eb130350
Fst_landraces_N,Zm00001eb388020
Fst_landraces_N,Zm00001eb145900
Fst_landraces_N,Zm00001eb082790
Fst_landraces_N,Zm00001eb030720
Fst_landraces_N,Zm00001eb239340
Fst_landraces_N,Zm00001eb108690
Fst_landraces_N,Zm00001eb128920
Fst_landraces_N,Zm00001eb146850
Fst_landraces_N,Zm00001eb038660
Fst_landraces_N,Zm00001eb306310
Fst_landraces_N,Zm00001eb411190
Fst_landraces_N,Zm00001eb128420
Fst_landraces_N,Zm00001eb195810
Fst_landraces_N,Zm00001eb084910
Fst_landraces_N,Zm00001eb149620
Fst_landraces_N,Zm00001eb082100
Fst_landraces_N,Zm00001eb130480
Fst_landraces_N,Zm00001eb130490
Fst_landraces_N,Zm00001eb101920
Fst_landraces_N,Zm00001eb086220
Fst_landraces_N,Zm00001eb308000
Fst_landraces_N,Zm00001eb088960
Fst_landraces_N,Zm00001eb249630
Fst_landraces_N,Zm00001eb201100
Fst_landraces_N,Zm00001eb310230
Fst_landraces_N,Zm00001eb387280
Fst_landraces_N,Zm00001eb129030
Fst_landraces_N,Zm00001eb098540
Fst_landraces_N,Zm00001eb414050
Fst_landraces_N,Zm00001eb155730
Fst_landraces_N,Zm00001eb364740
Fst_landraces_N,Zm00001eb006660
Fst_landraces_N,Zm00001eb364840
Fst_landraces_N,Zm00001eb140990
Fst_landraces_N,Zm00001eb145630
Fst_landraces_N,Zm00001eb233270
Fst_landraces_N,Zm00001eb250220
Fst_landraces_N,Zm00001eb136220
Fst_landraces_N,Zm00001eb154590
Fst_landraces_N,Zm00001eb095260
Fst_landraces_N,Zm00001eb380420
Fst_landraces_N,Zm00001eb287860
Fst_landraces_N,Zm00001eb111550
Fst_landraces_N,Zm00001eb173820
Fst_landraces_N,Zm00001eb173830
Fst_landraces_N,Zm00001eb242580
Fst_landraces_N,Zm00001eb414030
Fst_landraces_N,Zm00001eb087460
Fst_landraces_N,Zm00001eb385280
Fst_landraces_N,Zm00001eb394310
Fst_landraces_N,Zm00001eb409540
Fst_landraces_N,Zm00001eb346620
Fst_landraces_N,Zm00001eb340350
Fst_landraces_N,Zm00001eb197580
Fst_landraces_N,Zm00001eb434500
Fst_landraces_N,Zm00001eb009850
Fst_landraces_N,Zm00001eb026890
Fst_landraces_N,Zm00001eb206310
Fst_landraces_N,Zm00001eb105570
Fst_landraces_N,Zm00001eb166180
Fst_landraces_N,Zm00001eb139650
Fst_landraces_N,Zm00001eb321020
Fst_landraces_N,Zm00001eb358700
Fst_landraces_N,Zm00001eb249840
Fst_landraces_N,Zm00001eb045530
Fst_landraces_N,Zm00001eb014150
Fst_landraces_N,Zm00001eb090190
Fst_landraces_N,Zm00001eb394520
Fst_landraces_N,Zm00001eb360250
Fst_landraces_N,Zm00001eb355420
Fst_landraces_N,Zm00001eb026840
Fst_landraces_N,Zm00001eb150550
Fst_landraces_N,Zm00001eb012280
Fst_landraces_N,Zm00001eb174450
Fst_landraces_N,Zm00001eb199390
Fst_landraces_N,Zm00001eb014110
Fst_landraces_N,Zm00001eb159910
Fst_landraces_N,Zm00001eb105310
Fst_landraces_N,Zm00001eb342660
Fst_landraces_N,Zm00001eb244170
GWAS_GBS_landraces_N,Zm00001eb005710
GWAS_GBS_landraces_N,Zm00001eb022740
GWAS_GBS_landraces_N,Zm00001eb022750
GWAS_GBS_landraces_N,Zm00001eb030640
GWAS_GBS_landraces_N,Zm00001eb048680
GWAS_GBS_landraces_N,Zm00001eb048690
GWAS_GBS_landraces_N,Zm00001eb067810
GWAS_GBS_landraces_N,Zm00001eb067820
GWAS_GBS_landraces_N,Zm00001eb075500
GWAS_GBS_landraces_N,Zm00001eb095480
GWAS_GBS_landraces_N,Zm00001eb100880
GWAS_GBS_landraces_N,Zm00001eb100890
GWAS_GBS_landraces_N,Zm00001eb100900
GWAS_GBS_landraces_N,Zm00001eb104360
GWAS_GBS_landraces_N,Zm00001eb104370
GWAS_GBS_landraces_N,Zm00001eb104820
GWAS_GBS_landraces_N,Zm00001eb105770
GWAS_GBS_landraces_N,Zm00001eb105780
GWAS_GBS_landraces_N,Zm00001eb107580
GWAS_GBS_landraces_N,Zm00001eb107590
GWAS_GBS_landraces_N,Zm00001eb107600
GWAS_GBS_landraces_N,Zm00001eb107610
GWAS_GBS_landraces_N,Zm00001eb107620
GWAS_GBS_landraces_N,Zm00001eb115450
GWAS_GBS_landraces_N,Zm00001eb115470
GWAS_GBS_landraces_N,Zm00001eb115480
GWAS_GBS_landraces_N,Zm00001eb115490
GWAS_GBS_landraces_N,Zm00001eb117610
GWAS_GBS_landraces_N,Zm00001eb117620
GWAS_GBS_landraces_N,Zm00001eb118100
GWAS_GBS_landraces_N,Zm00001eb118110
GWAS_GBS_landraces_N,Zm00001eb125520
GWAS_GBS_landraces_N,Zm00001eb152040
GWAS_GBS_landraces_N,Zm00001eb152050
GWAS_GBS_landraces_N,Zm00001eb152160
GWAS_GBS_landraces_N,Zm00001eb152860
GWAS_GBS_landraces_N,Zm00001eb168250
GWAS_GBS_landraces_N,Zm00001eb168260
GWAS_GBS_landraces_N,Zm00001eb175980
GWAS_GBS_landraces_N,Zm00001eb191190
GWAS_GBS_landraces_N,Zm00001eb191210
GWAS_GBS_landraces_N,Zm00001eb198390
GWAS_GBS_landraces_N,Zm00001eb201340
GWAS_GBS_landraces_N,Zm00001eb220030
GWAS_GBS_landraces_N,Zm00001eb220040
GWAS_GBS_landraces_N,Zm00001eb220050
GWAS_GBS_landraces_N,Zm00001eb250930
GWAS_GBS_landraces_N,Zm00001eb250940
GWAS_GBS_landraces_N,Zm00001eb265710
GWAS_GBS_landraces_N,Zm00001eb265720
GWAS_GBS_landraces_N,Zm00001eb267640
GWAS_GBS_landraces_N,Zm00001eb276850
GWAS_GBS_landraces_N,Zm00001eb276860
GWAS_GBS_landraces_N,Zm00001eb289040
GWAS_GBS_landraces_N,Zm00001eb289560
GWAS_GBS_landraces_N,Zm00001eb289570
GWAS_GBS_landraces_N,Zm00001eb289580
GWAS_GBS_landraces_N,Zm00001eb297100
GWAS_GBS_landraces_N,Zm00001eb297110
GWAS_GBS_landraces_N,Zm00001eb297120
GWAS_GBS_landraces_N,Zm00001eb302190
GWAS_GBS_landraces_N,Zm00001eb314630
GWAS_GBS_landraces_N,Zm00001eb322600
GWAS_GBS_landraces_N,Zm00001eb322610
GWAS_GBS_landraces_N,Zm00001eb323770
GWAS_GBS_landraces_N,Zm00001eb336450
GWAS_GBS_landraces_N,Zm00001eb336460
GWAS_GBS_landraces_N,Zm00001eb343460
GWAS_GBS_landraces_N,Zm00001eb358660
GWAS_GBS_landraces_N,Zm00001eb358680
GWAS_GBS_landraces_N,Zm00001eb361900
GWAS_GBS_landraces_N,Zm00001eb373660
GWAS_GBS_landraces_N,Zm00001eb375450
GWAS_GBS_landraces_N,Zm00001eb393120
GWAS_GBS_landraces_N,Zm00001eb393130
GWAS_GBS_landraces_N,Zm00001eb399440
GWAS_GBS_landraces_N,Zm00001eb399660
GWAS_GBS_landraces_N,Zm00001eb399670
GWAS_GBS_landraces_N,Zm00001eb399680
GWAS_GBS_landraces_N,Zm00001eb421700
GWAS_GBS_landraces_N,Zm00001eb425250
GWAS_GBS_landraces_N,Zm00001eb427190
GWAS_GBS_landraces_N,Zm00001eb427200
GWAS_GBS_landraces_N,Zm00001eb427210
GWAS_GBS_landraces_N,Zm00001eb401330
GWAS_GBS_landraces_N,Zm00001eb401340
GWAS_GBS_landraces_N,Zm00001eb359970
GWAS_GBS_landraces_N,Zm00001eb359980
GWAS_GBS_landraces_N,Zm00001eb359990
GWAS_PHG_landraces_N,Zm00001eb399680
GWAS_PHG_landraces_N,Zm00001eb399780
GWAS_PHG_landraces_N,Zm00001eb151460
GWAS_PHG_landraces_N,Zm00001eb399670
GWAS_PHG_landraces_N,Zm00001eb399660
GWAS_PHG_landraces_N,Zm00001eb421980
GWAS_PHG_landraces_N,Zm00001eb421970
GWAS_PHG_landraces_N,Zm00001eb277480
GWAS_PHG_landraces_N,Zm00001eb054460
GWAS_PHG_landraces_N,Zm00001eb421930
GWAS_PHG_landraces_N,Zm00001eb373660
GWAS_PHG_landraces_N,Zm00001eb031250
GWAS_PHG_landraces_N,Zm00001eb014460
GWAS_PHG_landraces_N,Zm00001eb421920
GWAS_PHG_landraces_N,Zm00001eb277490
GWAS_PHG_landraces_N,Zm00001eb112760
GWAS_PHG_landraces_N,Zm00001eb199810
GWAS_PHG_landraces_N,Zm00001eb199820
GWAS_PHG_landraces_N,Zm00001eb421940
GWAS_PHG_landraces_N,Zm00001eb151450
GWAS_PHG_landraces_N,Zm00001eb421950
GWAS_PHG_landraces_N,Zm00001eb050770
GWAS_PHG_landraces_N,Zm00001eb031270
GWAS_PHG_landraces_N,Zm00001eb199780
GWAS_PHG_landraces_N,Zm00001eb201340
GWAS_PHG_landraces_N,Zm00001eb095280
GWAS_PHG_landraces_N,Zm00001eb199800
GWAS_PHG_landraces_N,Zm00001eb232390
GWAS_PHG_landraces_N,Zm00001eb032340
GWAS_PHG_landraces_N,Zm00001eb201350
GWAS_PHG_landraces_N,Zm00001eb054470
GWAS_PHG_landraces_N,Zm00001eb355340
GWAS_PHG_landraces_N,Zm00001eb250330
GWAS_PHG_landraces_N,Zm00001eb201230
GWAS_PHG_landraces_N,Zm00001eb110960
GWAS_PHG_landraces_N,Zm00001eb110970
GWAS_PHG_landraces_N,Zm00001eb181650
GWAS_PHG_landraces_N,Zm00001eb181660
GWAS_PHG_landraces_N,Zm00001eb126950
GWAS_PHG_landraces_N,Zm00001eb250480
GWAS_PHG_landraces_N,Zm00001eb126960
GWAS_PHG_landraces_N,Zm00001eb250530
GWAS_PHG_landraces_N,Zm00001eb082800
GWAS_PHG_landraces_N,Zm00001eb082810
GWAS_PHG_landraces_N,Zm00001eb418480
GWAS_PHG_landraces_N,Zm00001eb151440
GWAS_PHG_landraces_N,Zm00001eb384970
GWAS_PHG_landraces_N,Zm00001eb087110
GWAS_PHG_landraces_N,Zm00001eb355300
GWAS_PHG_landraces_N,Zm00001eb151470
GWAS_PHG_landraces_N,Zm00001eb151480
GWAS_PHG_landraces_N,Zm00001eb115180
GWAS_PHG_landraces_N,Zm00001eb095270
GWAS_PHG_landraces_N,Zm00001eb127020
GWAS_PHG_landraces_N,Zm00001eb289030
GWAS_PHG_landraces_N,Zm00001eb398900
GWAS_PHG_landraces_N,Zm00001eb087100
GWAS_PHG_landraces_N,Zm00001eb015190
GWAS_PHG_landraces_N,Zm00001eb418470
GWAS_PHG_landraces_N,Zm00001eb275060
GWAS_PHG_landraces_N,Zm00001eb127010
GWAS_PHG_landraces_N,Zm00001eb417620
GWAS_PHG_landraces_N,Zm00001eb386750
GWAS_PHG_landraces_N,Zm00001eb031280
GWAS_PHG_landraces_N,Zm00001eb343670
GWAS_PHG_landraces_N,Zm00001eb241210
GWAS_PHG_landraces_N,Zm00001eb199570
GWAS_PHG_landraces_N,Zm00001eb202390
GWAS_PHG_landraces_N,Zm00001eb235240
GWAS_PHG_landraces_N,Zm00001eb418690
GWAS_PHG_landraces_N,Zm00001eb050340
GWAS_PHG_landraces_N,Zm00001eb174600
GWAS_PHG_landraces_N,Zm00001eb241220
GWAS_PHG_landraces_N,Zm00001eb379470
GWAS_PHG_landraces_N,Zm00001eb201250
GWAS_PHG_landraces_N,Zm00001eb202370
GWAS_PHG_landraces_N,Zm00001eb151200
GWAS_PHG_landraces_N,Zm00001eb286890
GWAS_PHG_landraces_N,Zm00001eb019720
GWAS_PHG_landraces_N,Zm00001eb373650
GWAS_PHG_landraces_N,Zm00001eb009130
GWAS_PHG_landraces_N,Zm00001eb130060
GWAS_PHG_landraces_N,Zm00001eb175030
GWAS_PHG_landraces_N,Zm00001eb312740
GWAS_PHG_landraces_N,Zm00001eb201240
GWAS_PHG_landraces_N,Zm00001eb132630
GWAS_PHG_landraces_N,Zm00001eb181760
GWAS_PHG_landraces_N,Zm00001eb130290
GWAS_PHG_landraces_N,Zm00001eb275040
GWAS_PHG_landraces_N,Zm00001eb411450
GWAS_PHG_landraces_N,Zm00001eb181690
GWAS_PHG_landraces_N,Zm00001eb403750
GWAS_PHG_landraces_N,Zm00001eb137200
GWAS_PHG_landraces_N,Zm00001eb273940
GWAS_PHG_landraces_N,Zm00001eb235330
GWAS_PHG_landraces_N,Zm00001eb014850
GWAS_PHG_landraces_N,Zm00001eb201360
GWAS_PHG_landraces_N,Zm00001eb384950
GWAS_PHG_landraces_N,Zm00001eb235270
GWAS_PHG_landraces_N,Zm00001eb199170
GWAS_PHG_landraces_N,Zm00001eb199160
GWAS_PHG_landraces_N,Zm00001eb130280
GWAS_PHG_landraces_N,Zm00001eb235230
GWAS_PHG_landraces_N,Zm00001eb328900
GWAS_PHG_landraces_N,Zm00001eb399610
GWAS_PHG_landraces_N,Zm00001eb031310
GWAS_PHG_landraces_N,Zm00001eb199550
GWAS_PHG_landraces_N,Zm00001eb132380
GWAS_PHG_landraces_N,Zm00001eb014450
Fst_IC_stover,Zm00001eb002680
Fst_IC_stover,Zm00001eb002690
Fst_IC_stover,Zm00001eb002700
Fst_IC_stover,Zm00001eb002710
Fst_IC_stover,Zm00001eb002730
Fst_IC_stover,Zm00001eb002720
Fst_IC_stover,Zm00001eb008170
Fst_IC_stover,Zm00001eb017470
Fst_IC_stover,Zm00001eb017480
Fst_IC_stover,Zm00001eb017490
Fst_IC_stover,Zm00001eb017500
Fst_IC_stover,Zm00001eb017510
Fst_IC_stover,Zm00001eb017520
Fst_IC_stover,Zm00001eb017530
Fst_IC_stover,Zm00001eb017540
Fst_IC_stover,Zm00001eb020540
Fst_IC_stover,Zm00001eb020560
Fst_IC_stover,Zm00001eb020570
Fst_IC_stover,Zm00001eb020580
Fst_IC_stover,Zm00001eb020590
Fst_IC_stover,Zm00001eb020600
Fst_IC_stover,Zm00001eb020610
Fst_IC_stover,Zm00001eb020640
Fst_IC_stover,Zm00001eb020650
Fst_IC_stover,Zm00001eb020660
Fst_IC_stover,Zm00001eb020670
Fst_IC_stover,Zm00001eb023740
Fst_IC_stover,Zm00001eb040180
Fst_IC_stover,Zm00001eb040190
Fst_IC_stover,Zm00001eb071660
Fst_IC_stover,Zm00001eb071670
Fst_IC_stover,Zm00001eb071680
Fst_IC_stover,Zm00001eb071700
Fst_IC_stover,Zm00001eb071710
Fst_IC_stover,Zm00001eb071720
Fst_IC_stover,Zm00001eb074040
Fst_IC_stover,Zm00001eb074050
Fst_IC_stover,Zm00001eb074060
Fst_IC_stover,Zm00001eb074070
Fst_IC_stover,Zm00001eb074080
Fst_IC_stover,Zm00001eb074090
Fst_IC_stover,Zm00001eb074100
Fst_IC_stover,Zm00001eb074110
Fst_IC_stover,Zm00001eb074120
Fst_IC_stover,Zm00001eb074130
Fst_IC_stover,Zm00001eb074140
Fst_IC_stover,Zm00001eb074150
Fst_IC_stover,Zm00001eb074160
Fst_IC_stover,Zm00001eb074170
Fst_IC_stover,Zm00001eb074180
Fst_IC_stover,Zm00001eb074190
Fst_IC_stover,Zm00001eb074200
Fst_IC_stover,Zm00001eb074210
Fst_IC_stover,Zm00001eb074220
Fst_IC_stover,Zm00001eb074230
Fst_IC_stover,Zm00001eb074290
Fst_IC_stover,Zm00001eb074300
Fst_IC_stover,Zm00001eb074310
Fst_IC_stover,Zm00001eb080640
Fst_IC_stover,Zm00001eb084590
Fst_IC_stover,Zm00001eb086360
Fst_IC_stover,Zm00001eb086370
Fst_IC_stover,Zm00001eb087590
Fst_IC_stover,Zm00001eb090450
Fst_IC_stover,Zm00001eb091180
Fst_IC_stover,Zm00001eb091190
Fst_IC_stover,Zm00001eb091200
Fst_IC_stover,Zm00001eb091210
Fst_IC_stover,Zm00001eb091220
Fst_IC_stover,Zm00001eb091240
Fst_IC_stover,Zm00001eb091340
Fst_IC_stover,Zm00001eb091350
Fst_IC_stover,Zm00001eb091360
Fst_IC_stover,Zm00001eb091650
Fst_IC_stover,Zm00001eb091660
Fst_IC_stover,Zm00001eb091670
Fst_IC_stover,Zm00001eb091680
Fst_IC_stover,Zm00001eb091690
Fst_IC_stover,Zm00001eb091750
Fst_IC_stover,Zm00001eb091760
Fst_IC_stover,Zm00001eb091800
Fst_IC_stover,Zm00001eb091810
Fst_IC_stover,Zm00001eb091820
Fst_IC_stover,Zm00001eb093620
Fst_IC_stover,Zm00001eb094590
Fst_IC_stover,Zm00001eb094600
Fst_IC_stover,Zm00001eb094610
Fst_IC_stover,Zm00001eb094620
Fst_IC_stover,Zm00001eb094630
Fst_IC_stover,Zm00001eb096780
Fst_IC_stover,Zm00001eb098430
Fst_IC_stover,Zm00001eb098700
Fst_IC_stover,Zm00001eb098710
Fst_IC_stover,Zm00001eb098720
Fst_IC_stover,Zm00001eb098730
Fst_IC_stover,Zm00001eb098850
Fst_IC_stover,Zm00001eb098860
Fst_IC_stover,Zm00001eb098910
Fst_IC_stover,Zm00001eb098920
Fst_IC_stover,Zm00001eb098930
Fst_IC_stover,Zm00001eb098940
Fst_IC_stover,Zm00001eb098950
Fst_IC_stover,Zm00001eb098960
Fst_IC_stover,Zm00001eb099110
Fst_IC_stover,Zm00001eb099120
Fst_IC_stover,Zm00001eb099130
Fst_IC_stover,Zm00001eb099150
Fst_IC_stover,Zm00001eb099160
Fst_IC_stover,Zm00001eb099170
Fst_IC_stover,Zm00001eb099180
Fst_IC_stover,Zm00001eb099190
Fst_IC_stover,Zm00001eb099200
Fst_IC_stover,Zm00001eb099210
Fst_IC_stover,Zm00001eb099220
Fst_IC_stover,Zm00001eb099230
Fst_IC_stover,Zm00001eb099390
Fst_IC_stover,Zm00001eb099400
Fst_IC_stover,Zm00001eb099410
Fst_IC_stover,Zm00001eb099420
Fst_IC_stover,Zm00001eb099430
Fst_IC_stover,Zm00001eb099530
Fst_IC_stover,Zm00001eb100260
Fst_IC_stover,Zm00001eb100340
Fst_IC_stover,Zm00001eb100350
Fst_IC_stover,Zm00001eb101810
Fst_IC_stover,Zm00001eb101820
Fst_IC_stover,Zm00001eb101840
Fst_IC_stover,Zm00001eb101850
Fst_IC_stover,Zm00001eb101860
Fst_IC_stover,Zm00001eb102960
Fst_IC_stover,Zm00001eb102970
Fst_IC_stover,Zm00001eb102980
Fst_IC_stover,Zm00001eb102990
Fst_IC_stover,Zm00001eb103000
Fst_IC_stover,Zm00001eb111380
Fst_IC_stover,Zm00001eb111390
Fst_IC_stover,Zm00001eb111400
Fst_IC_stover,Zm00001eb111410
Fst_IC_stover,Zm00001eb115940
Fst_IC_stover,Zm00001eb115950
Fst_IC_stover,Zm00001eb115970
Fst_IC_stover,Zm00001eb125480
Fst_IC_stover,Zm00001eb125490
Fst_IC_stover,Zm00001eb125500
Fst_IC_stover,Zm00001eb125510
Fst_IC_stover,Zm00001eb125520
Fst_IC_stover,Zm00001eb135970
Fst_IC_stover,Zm00001eb135980
Fst_IC_stover,Zm00001eb137220
Fst_IC_stover,Zm00001eb137280
Fst_IC_stover,Zm00001eb138310
Fst_IC_stover,Zm00001eb138330
Fst_IC_stover,Zm00001eb138350
Fst_IC_stover,Zm00001eb141810
Fst_IC_stover,Zm00001eb141820
Fst_IC_stover,Zm00001eb141830
Fst_IC_stover,Zm00001eb141840
Fst_IC_stover,Zm00001eb145340
Fst_IC_stover,Zm00001eb145350
Fst_IC_stover,Zm00001eb145370
Fst_IC_stover,Zm00001eb145380
Fst_IC_stover,Zm00001eb145390
Fst_IC_stover,Zm00001eb145400
Fst_IC_stover,Zm00001eb150840
Fst_IC_stover,Zm00001eb150860
Fst_IC_stover,Zm00001eb150880
Fst_IC_stover,Zm00001eb150890
Fst_IC_stover,Zm00001eb150900
Fst_IC_stover,Zm00001eb150910
Fst_IC_stover,Zm00001eb150960
Fst_IC_stover,Zm00001eb150970
Fst_IC_stover,Zm00001eb151200
Fst_IC_stover,Zm00001eb151210
Fst_IC_stover,Zm00001eb151220
Fst_IC_stover,Zm00001eb151370
Fst_IC_stover,Zm00001eb151380
Fst_IC_stover,Zm00001eb151390
Fst_IC_stover,Zm00001eb151400
Fst_IC_stover,Zm00001eb151410
Fst_IC_stover,Zm00001eb151420
Fst_IC_stover,Zm00001eb151430
Fst_IC_stover,Zm00001eb151440
Fst_IC_stover,Zm00001eb156310
Fst_IC_stover,Zm00001eb156320
Fst_IC_stover,Zm00001eb156330
Fst_IC_stover,Zm00001eb156340
Fst_IC_stover,Zm00001eb156350
Fst_IC_stover,Zm00001eb162310
Fst_IC_stover,Zm00001eb162920
Fst_IC_stover,Zm00001eb162930
Fst_IC_stover,Zm00001eb162950
Fst_IC_stover,Zm00001eb162960
Fst_IC_stover,Zm00001eb168450
Fst_IC_stover,Zm00001eb168470
Fst_IC_stover,Zm00001eb168480
Fst_IC_stover,Zm00001eb168490
Fst_IC_stover,Zm00001eb168500
Fst_IC_stover,Zm00001eb168510
Fst_IC_stover,Zm00001eb168520
Fst_IC_stover,Zm00001eb168550
Fst_IC_stover,Zm00001eb168560
Fst_IC_stover,Zm00001eb168570
Fst_IC_stover,Zm00001eb168580
Fst_IC_stover,Zm00001eb173330
Fst_IC_stover,Zm00001eb173340
Fst_IC_stover,Zm00001eb173350
Fst_IC_stover,Zm00001eb173360
Fst_IC_stover,Zm00001eb173380
Fst_IC_stover,Zm00001eb173390
Fst_IC_stover,Zm00001eb173680
Fst_IC_stover,Zm00001eb173690
Fst_IC_stover,Zm00001eb173700
Fst_IC_stover,Zm00001eb173710
Fst_IC_stover,Zm00001eb173720
Fst_IC_stover,Zm00001eb173730
Fst_IC_stover,Zm00001eb173740
Fst_IC_stover,Zm00001eb173810
Fst_IC_stover,Zm00001eb173820
Fst_IC_stover,Zm00001eb173830
Fst_IC_stover,Zm00001eb173840
Fst_IC_stover,Zm00001eb173870
Fst_IC_stover,Zm00001eb173880
Fst_IC_stover,Zm00001eb173890
Fst_IC_stover,Zm00001eb173900
Fst_IC_stover,Zm00001eb173910
Fst_IC_stover,Zm00001eb173930
Fst_IC_stover,Zm00001eb173940
Fst_IC_stover,Zm00001eb173950
Fst_IC_stover,Zm00001eb174990
Fst_IC_stover,Zm00001eb175000
Fst_IC_stover,Zm00001eb175010
Fst_IC_stover,Zm00001eb175940
Fst_IC_stover,Zm00001eb176260
Fst_IC_stover,Zm00001eb176270
Fst_IC_stover,Zm00001eb176280
Fst_IC_stover,Zm00001eb176290
Fst_IC_stover,Zm00001eb176300
Fst_IC_stover,Zm00001eb176400
Fst_IC_stover,Zm00001eb176410
Fst_IC_stover,Zm00001eb176470
Fst_IC_stover,Zm00001eb176480
Fst_IC_stover,Zm00001eb176490
Fst_IC_stover,Zm00001eb176980
Fst_IC_stover,Zm00001eb176990
Fst_IC_stover,Zm00001eb177820
Fst_IC_stover,Zm00001eb177830
Fst_IC_stover,Zm00001eb177850
Fst_IC_stover,Zm00001eb177870
Fst_IC_stover,Zm00001eb177880
Fst_IC_stover,Zm00001eb177910
Fst_IC_stover,Zm00001eb177920
Fst_IC_stover,Zm00001eb177930
Fst_IC_stover,Zm00001eb177950
Fst_IC_stover,Zm00001eb177960
Fst_IC_stover,Zm00001eb177970
Fst_IC_stover,Zm00001eb178000
Fst_IC_stover,Zm00001eb178010
Fst_IC_stover,Zm00001eb178050
Fst_IC_stover,Zm00001eb178060
Fst_IC_stover,Zm00001eb178070
Fst_IC_stover,Zm00001eb178080
Fst_IC_stover,Zm00001eb178090
Fst_IC_stover,Zm00001eb178110
Fst_IC_stover,Zm00001eb178120
Fst_IC_stover,Zm00001eb178130
Fst_IC_stover,Zm00001eb178360
Fst_IC_stover,Zm00001eb178370
Fst_IC_stover,Zm00001eb178390
Fst_IC_stover,Zm00001eb178400
Fst_IC_stover,Zm00001eb178410
Fst_IC_stover,Zm00001eb178490
Fst_IC_stover,Zm00001eb178500
Fst_IC_stover,Zm00001eb178510
Fst_IC_stover,Zm00001eb178520
Fst_IC_stover,Zm00001eb178750
Fst_IC_stover,Zm00001eb178760
Fst_IC_stover,Zm00001eb178770
Fst_IC_stover,Zm00001eb178780
Fst_IC_stover,Zm00001eb178910
Fst_IC_stover,Zm00001eb178960
Fst_IC_stover,Zm00001eb178980
Fst_IC_stover,Zm00001eb178990
Fst_IC_stover,Zm00001eb179000
Fst_IC_stover,Zm00001eb179100
Fst_IC_stover,Zm00001eb179260
Fst_IC_stover,Zm00001eb179280
Fst_IC_stover,Zm00001eb179550
Fst_IC_stover,Zm00001eb179710
Fst_IC_stover,Zm00001eb182620
Fst_IC_stover,Zm00001eb182630
Fst_IC_stover,Zm00001eb182640
Fst_IC_stover,Zm00001eb182780
Fst_IC_stover,Zm00001eb182950
Fst_IC_stover,Zm00001eb182960
Fst_IC_stover,Zm00001eb183000
Fst_IC_stover,Zm00001eb183010
Fst_IC_stover,Zm00001eb183020
Fst_IC_stover,Zm00001eb183030
Fst_IC_stover,Zm00001eb183040
Fst_IC_stover,Zm00001eb183050
Fst_IC_stover,Zm00001eb183060
Fst_IC_stover,Zm00001eb183070
Fst_IC_stover,Zm00001eb183080
Fst_IC_stover,Zm00001eb183150
Fst_IC_stover,Zm00001eb183160
Fst_IC_stover,Zm00001eb183170
Fst_IC_stover,Zm00001eb183710
Fst_IC_stover,Zm00001eb183720
Fst_IC_stover,Zm00001eb183730
Fst_IC_stover,Zm00001eb183760
Fst_IC_stover,Zm00001eb183770
Fst_IC_stover,Zm00001eb183790
Fst_IC_stover,Zm00001eb183800
Fst_IC_stover,Zm00001eb184150
Fst_IC_stover,Zm00001eb184650
Fst_IC_stover,Zm00001eb184660
Fst_IC_stover,Zm00001eb184720
Fst_IC_stover,Zm00001eb184730
Fst_IC_stover,Zm00001eb184740
Fst_IC_stover,Zm00001eb184750
Fst_IC_stover,Zm00001eb186920
Fst_IC_stover,Zm00001eb187190
Fst_IC_stover,Zm00001eb187200
Fst_IC_stover,Zm00001eb187210
Fst_IC_stover,Zm00001eb187220
Fst_IC_stover,Zm00001eb189040
Fst_IC_stover,Zm00001eb189050
Fst_IC_stover,Zm00001eb189060
Fst_IC_stover,Zm00001eb196940
Fst_IC_stover,Zm00001eb201180
Fst_IC_stover,Zm00001eb201190
Fst_IC_stover,Zm00001eb201210
Fst_IC_stover,Zm00001eb201220
Fst_IC_stover,Zm00001eb201230
Fst_IC_stover,Zm00001eb201240
Fst_IC_stover,Zm00001eb201250
Fst_IC_stover,Zm00001eb201260
Fst_IC_stover,Zm00001eb201270
Fst_IC_stover,Zm00001eb201280
Fst_IC_stover,Zm00001eb201290
Fst_IC_stover,Zm00001eb202220
Fst_IC_stover,Zm00001eb202240
Fst_IC_stover,Zm00001eb202260
Fst_IC_stover,Zm00001eb203870
Fst_IC_stover,Zm00001eb203980
Fst_IC_stover,Zm00001eb203990
Fst_IC_stover,Zm00001eb204000
Fst_IC_stover,Zm00001eb204010
Fst_IC_stover,Zm00001eb204020
Fst_IC_stover,Zm00001eb204870
Fst_IC_stover,Zm00001eb204880
Fst_IC_stover,Zm00001eb204890
Fst_IC_stover,Zm00001eb204900
Fst_IC_stover,Zm00001eb205600
Fst_IC_stover,Zm00001eb205610
Fst_IC_stover,Zm00001eb205620
Fst_IC_stover,Zm00001eb206700
Fst_IC_stover,Zm00001eb206710
Fst_IC_stover,Zm00001eb206720
Fst_IC_stover,Zm00001eb206730
Fst_IC_stover,Zm00001eb206740
Fst_IC_stover,Zm00001eb206750
Fst_IC_stover,Zm00001eb206760
Fst_IC_stover,Zm00001eb206770
Fst_IC_stover,Zm00001eb206780
Fst_IC_stover,Zm00001eb215250
Fst_IC_stover,Zm00001eb215260
Fst_IC_stover,Zm00001eb215270
Fst_IC_stover,Zm00001eb215280
Fst_IC_stover,Zm00001eb225150
Fst_IC_stover,Zm00001eb225160
Fst_IC_stover,Zm00001eb225170
Fst_IC_stover,Zm00001eb225210
Fst_IC_stover,Zm00001eb225340
Fst_IC_stover,Zm00001eb225360
Fst_IC_stover,Zm00001eb225370
Fst_IC_stover,Zm00001eb225380
Fst_IC_stover,Zm00001eb225390
Fst_IC_stover,Zm00001eb239440
Fst_IC_stover,Zm00001eb270090
Fst_IC_stover,Zm00001eb270100
Fst_IC_stover,Zm00001eb271150
Fst_IC_stover,Zm00001eb271160
Fst_IC_stover,Zm00001eb280870
Fst_IC_stover,Zm00001eb280880
Fst_IC_stover,Zm00001eb280890
Fst_IC_stover,Zm00001eb280900
Fst_IC_stover,Zm00001eb287340
Fst_IC_stover,Zm00001eb287350
Fst_IC_stover,Zm00001eb287360
Fst_IC_stover,Zm00001eb332360
Fst_IC_stover,Zm00001eb332370
Fst_IC_stover,Zm00001eb332380
Fst_IC_stover,Zm00001eb332390
Fst_IC_stover,Zm00001eb332400
Fst_IC_stover,Zm00001eb332410
Fst_IC_stover,Zm00001eb332430
Fst_IC_stover,Zm00001eb332440
Fst_IC_stover,Zm00001eb332450
Fst_IC_stover,Zm00001eb332460
Fst_IC_stover,Zm00001eb332470
Fst_IC_stover,Zm00001eb335180
Fst_IC_stover,Zm00001eb335330
Fst_IC_stover,Zm00001eb335340
Fst_IC_stover,Zm00001eb335350
Fst_IC_stover,Zm00001eb335380
Fst_IC_stover,Zm00001eb336340
Fst_IC_stover,Zm00001eb337370
Fst_IC_stover,Zm00001eb337380
Fst_IC_stover,Zm00001eb339910
Fst_IC_stover,Zm00001eb352680
Fst_IC_stover,Zm00001eb352690
Fst_IC_stover,Zm00001eb352700
Fst_IC_stover,Zm00001eb352710
Fst_IC_stover,Zm00001eb352740
Fst_IC_stover,Zm00001eb352750
Fst_IC_stover,Zm00001eb354270
Fst_IC_stover,Zm00001eb354280
Fst_IC_stover,Zm00001eb354300
Fst_IC_stover,Zm00001eb354670
Fst_IC_stover,Zm00001eb354680
Fst_IC_stover,Zm00001eb354690
Fst_IC_stover,Zm00001eb354700
Fst_IC_stover,Zm00001eb355150
Fst_IC_stover,Zm00001eb355160
Fst_IC_stover,Zm00001eb355170
Fst_IC_stover,Zm00001eb355190
Fst_IC_stover,Zm00001eb355200
Fst_IC_stover,Zm00001eb356950
Fst_IC_stover,Zm00001eb356960
Fst_IC_stover,Zm00001eb358280
Fst_IC_stover,Zm00001eb367920
Fst_IC_stover,Zm00001eb367930
Fst_IC_stover,Zm00001eb367950
Fst_IC_stover,Zm00001eb367960
Fst_IC_stover,Zm00001eb367970
Fst_IC_stover,Zm00001eb367990
Fst_IC_stover,Zm00001eb369160
Fst_IC_stover,Zm00001eb369170
Fst_IC_stover,Zm00001eb369180
Fst_IC_stover,Zm00001eb369190
Fst_IC_stover,Zm00001eb369200
Fst_IC_stover,Zm00001eb369210
Fst_IC_stover,Zm00001eb369230
Fst_IC_stover,Zm00001eb369240
Fst_IC_stover,Zm00001eb369250
Fst_IC_stover,Zm00001eb369260
Fst_IC_stover,Zm00001eb369270
Fst_IC_stover,Zm00001eb369280
Fst_IC_stover,Zm00001eb369750
Fst_IC_stover,Zm00001eb369760
Fst_IC_stover,Zm00001eb369770
Fst_IC_stover,Zm00001eb369780
Fst_IC_stover,Zm00001eb369790
Fst_IC_stover,Zm00001eb369800
Fst_IC_stover,Zm00001eb369810
Fst_IC_stover,Zm00001eb369820
Fst_IC_stover,Zm00001eb372460
Fst_IC_stover,Zm00001eb372470
Fst_IC_stover,Zm00001eb372480
Fst_IC_stover,Zm00001eb373230
Fst_IC_stover,Zm00001eb373240
Fst_IC_stover,Zm00001eb373250
Fst_IC_stover,Zm00001eb373260
Fst_IC_stover,Zm00001eb373270
Fst_IC_stover,Zm00001eb373290
Fst_IC_stover,Zm00001eb373300
Fst_IC_stover,Zm00001eb373360
Fst_IC_stover,Zm00001eb373370
Fst_IC_stover,Zm00001eb373380
Fst_IC_stover,Zm00001eb373390
Fst_IC_stover,Zm00001eb373400
Fst_IC_stover,Zm00001eb374660
Fst_IC_stover,Zm00001eb374670
Fst_IC_stover,Zm00001eb374680
Fst_IC_stover,Zm00001eb374810
Fst_IC_stover,Zm00001eb374820
Fst_IC_stover,Zm00001eb374830
Fst_IC_stover,Zm00001eb374840
Fst_IC_stover,Zm00001eb380440
Fst_IC_stover,Zm00001eb380450
Fst_IC_stover,Zm00001eb380460
Fst_IC_stover,Zm00001eb380500
Fst_IC_stover,Zm00001eb380520
Fst_IC_stover,Zm00001eb380850
Fst_IC_stover,Zm00001eb380870
Fst_IC_stover,Zm00001eb381150
Fst_IC_stover,Zm00001eb381160
Fst_IC_stover,Zm00001eb381170
Fst_IC_stover,Zm00001eb381180
Fst_IC_stover,Zm00001eb381190
Fst_IC_stover,Zm00001eb381680
Fst_IC_stover,Zm00001eb381690
Fst_IC_stover,Zm00001eb381700
Fst_IC_stover,Zm00001eb381710
Fst_IC_stover,Zm00001eb381720
Fst_IC_stover,Zm00001eb384470
Fst_IC_stover,Zm00001eb384490
Fst_IC_stover,Zm00001eb384520
Fst_IC_stover,Zm00001eb384830
Fst_IC_stover,Zm00001eb384840
Fst_IC_stover,Zm00001eb384900
Fst_IC_stover,Zm00001eb384910
Fst_IC_stover,Zm00001eb384930
Fst_IC_stover,Zm00001eb384940
Fst_IC_stover,Zm00001eb384980
Fst_IC_stover,Zm00001eb384990
Fst_IC_stover,Zm00001eb385000
Fst_IC_stover,Zm00001eb385010
Fst_IC_stover,Zm00001eb385230
Fst_IC_stover,Zm00001eb385240
Fst_IC_stover,Zm00001eb385250
Fst_IC_stover,Zm00001eb385730
Fst_IC_stover,Zm00001eb385740
Fst_IC_stover,Zm00001eb386170
Fst_IC_stover,Zm00001eb386180
Fst_IC_stover,Zm00001eb386190
Fst_IC_stover,Zm00001eb386200
Fst_IC_stover,Zm00001eb386290
Fst_IC_stover,Zm00001eb386820
Fst_IC_stover,Zm00001eb387100
Fst_IC_stover,Zm00001eb387110
Fst_IC_stover,Zm00001eb387130
Fst_IC_stover,Zm00001eb387140
Fst_IC_stover,Zm00001eb387160
Fst_IC_stover,Zm00001eb387170
Fst_IC_stover,Zm00001eb387180
Fst_IC_stover,Zm00001eb387410
Fst_IC_stover,Zm00001eb387430
Fst_IC_stover,Zm00001eb387440
Fst_IC_stover,Zm00001eb387450
Fst_IC_stover,Zm00001eb387460
Fst_IC_stover,Zm00001eb387470
Fst_IC_stover,Zm00001eb387490
Fst_IC_stover,Zm00001eb387640
Fst_IC_stover,Zm00001eb387670
Fst_IC_stover,Zm00001eb389900
Fst_IC_stover,Zm00001eb389910
Fst_IC_stover,Zm00001eb396380
Fst_IC_stover,Zm00001eb396390
Fst_IC_stover,Zm00001eb396400
Fst_IC_stover,Zm00001eb396410
Fst_IC_stover,Zm00001eb397150
Fst_IC_stover,Zm00001eb397160
Fst_IC_stover,Zm00001eb397170
Fst_IC_stover,Zm00001eb397180
Fst_IC_stover,Zm00001eb397190
Fst_IC_stover,Zm00001eb397200
Fst_IC_stover,Zm00001eb397220
Fst_IC_stover,Zm00001eb397260
Fst_IC_stover,Zm00001eb397270
Fst_IC_stover,Zm00001eb397280
Fst_IC_stover,Zm00001eb397290
Fst_IC_stover,Zm00001eb397300
Fst_IC_stover,Zm00001eb397310
Fst_IC_stover,Zm00001eb397320
Fst_IC_stover,Zm00001eb397330
Fst_IC_stover,Zm00001eb404830
Fst_IC_stover,Zm00001eb404840
Fst_IC_stover,Zm00001eb404850
Fst_IC_stover,Zm00001eb404860
Fst_IC_stover,Zm00001eb404870
Fst_IC_stover,Zm00001eb404880
Fst_IC_stover,Zm00001eb404890
Fst_IC_stover,Zm00001eb404900
Fst_IC_stover,Zm00001eb405660
Fst_IC_stover,Zm00001eb405670
Fst_IC_stover,Zm00001eb407320
Fst_IC_stover,Zm00001eb407330
Fst_IC_stover,Zm00001eb407340
Fst_IC_stover,Zm00001eb407350
Fst_IC_stover,Zm00001eb407360
Fst_IC_stover,Zm00001eb408400
Fst_IC_stover,Zm00001eb408410
Fst_IC_stover,Zm00001eb408420
Fst_IC_stover,Zm00001eb408490
Fst_IC_stover,Zm00001eb408500
Fst_IC_stover,Zm00001eb408510
Fst_IC_stover,Zm00001eb408540
Fst_IC_stover,Zm00001eb408550
Fst_IC_stover,Zm00001eb409690
Fst_IC_stover,Zm00001eb409700
Fst_IC_stover,Zm00001eb409710
Fst_IC_stover,Zm00001eb411040
Fst_IC_stover,Zm00001eb411050
Fst_IC_stover,Zm00001eb411060
Fst_IC_stover,Zm00001eb411110
Fst_IC_stover,Zm00001eb411120
Fst_IC_stover,Zm00001eb411130
Fst_IC_stover,Zm00001eb411140
Fst_IC_stover,Zm00001eb411150
Fst_IC_stover,Zm00001eb411160
Fst_IC_stover,Zm00001eb411170
Fst_IC_stover,Zm00001eb411890
Fst_IC_stover,Zm00001eb413010
Fst_IC_stover,Zm00001eb413020
Fst_IC_stover,Zm00001eb414340
Fst_IC_stover,Zm00001eb414350
Fst_IC_stover,Zm00001eb414420
Fst_IC_stover,Zm00001eb414430
Fst_IC_stover,Zm00001eb414450
Fst_IC_stover,Zm00001eb414460
Fst_IC_stover,Zm00001eb414640
Fst_IC_stover,Zm00001eb414650
Fst_IC_stover,Zm00001eb414660
Fst_IC_stover,Zm00001eb414700
Fst_IC_stover,Zm00001eb414710
Fst_IC_stover,Zm00001eb414720
Fst_IC_stover,Zm00001eb414780
Fst_IC_stover,Zm00001eb414790
Fst_IC_stover,Zm00001eb414870
Fst_IC_stover,Zm00001eb414880
Fst_IC_stover,Zm00001eb414890
Fst_IC_stover,Zm00001eb414900
Fst_IC_stover,Zm00001eb414910
Fst_IC_stover,Zm00001eb414920
Fst_IC_stover,Zm00001eb414940
Fst_IC_stover,Zm00001eb415060
Fst_IC_stover,Zm00001eb415070
Fst_IC_stover,Zm00001eb415080
Fst_IC_stover,Zm00001eb415090
Fst_IC_stover,Zm00001eb415100
Fst_IC_stover,Zm00001eb415110
Fst_IC_stover,Zm00001eb415120
Fst_IC_stover,Zm00001eb415130
Fst_IC_stover,Zm00001eb415410
Fst_IC_stover,Zm00001eb415420
Fst_IC_stover,Zm00001eb415680
Fst_IC_stover,Zm00001eb415830
Fst_IC_stover,Zm00001eb415840
Fst_IC_stover,Zm00001eb417240
Fst_IC_stover,Zm00001eb417250
Fst_IC_stover,Zm00001eb417570
Fst_IC_stover,Zm00001eb417580
Fst_IC_stover,Zm00001eb422110
Fst_IC_stover,Zm00001eb422120
Fst_IC_stover,Zm00001eb424940
Fst_IC_stover,Zm00001eb424950
Fst_IC_stover,Zm00001eb424960
Fst_IC_stover,Zm00001eb424970
Fst_IC_stover,Zm00001eb425320
Fst_IC_stover,Zm00001eb425330
Fst_IC_stover,Zm00001eb425550
Fst_IC_stover,Zm00001eb425560
Fst_IC_stover,Zm00001eb425570
Fst_IC_stover,Zm00001eb425580
Fst_IC_stover,Zm00001eb425590
Fst_IC_stover,Zm00001eb425600
Fst_IC_stover,Zm00001eb426250
Fst_IC_stover,Zm00001eb426260
Fst_IC_stover,Zm00001eb426270
Fst_IC_stover,Zm00001eb426280
Fst_J_grain,Zm00001eb001780
Fst_J_grain,Zm00001eb001790
Fst_J_grain,Zm00001eb001800
Fst_J_grain,Zm00001eb001810
Fst_J_grain,Zm00001eb001820
Fst_J_grain,Zm00001eb001830
Fst_J_grain,Zm00001eb001840
Fst_J_grain,Zm00001eb001860
Fst_J_grain,Zm00001eb001870
Fst_J_grain,Zm00001eb001880
Fst_J_grain,Zm00001eb001890
Fst_J_grain,Zm00001eb001900
Fst_J_grain,Zm00001eb001910
Fst_J_grain,Zm00001eb013020
Fst_J_grain,Zm00001eb013030
Fst_J_grain,Zm00001eb013040
Fst_J_grain,Zm00001eb016240
Fst_J_grain,Zm00001eb016270
Fst_J_grain,Zm00001eb016280
Fst_J_grain,Zm00001eb016290
Fst_J_grain,Zm00001eb016300
Fst_J_grain,Zm00001eb016310
Fst_J_grain,Zm00001eb016320
Fst_J_grain,Zm00001eb016330
Fst_J_grain,Zm00001eb030030
Fst_J_grain,Zm00001eb030040
Fst_J_grain,Zm00001eb030050
Fst_J_grain,Zm00001eb031010
Fst_J_grain,Zm00001eb031020
Fst_J_grain,Zm00001eb031110
Fst_J_grain,Zm00001eb035780
Fst_J_grain,Zm00001eb045130
Fst_J_grain,Zm00001eb045140
Fst_J_grain,Zm00001eb045150
Fst_J_grain,Zm00001eb045160
Fst_J_grain,Zm00001eb045170
Fst_J_grain,Zm00001eb048050
Fst_J_grain,Zm00001eb048060
Fst_J_grain,Zm00001eb048070
Fst_J_grain,Zm00001eb048080
Fst_J_grain,Zm00001eb048090
Fst_J_grain,Zm00001eb048110
Fst_J_grain,Zm00001eb048120
Fst_J_grain,Zm00001eb048130
Fst_J_grain,Zm00001eb071850
Fst_J_grain,Zm00001eb071860
Fst_J_grain,Zm00001eb071870
Fst_J_grain,Zm00001eb071880
Fst_J_grain,Zm00001eb071890
Fst_J_grain,Zm00001eb081190
Fst_J_grain,Zm00001eb081200
Fst_J_grain,Zm00001eb081210
Fst_J_grain,Zm00001eb084680
Fst_J_grain,Zm00001eb084690
Fst_J_grain,Zm00001eb085430
Fst_J_grain,Zm00001eb085440
Fst_J_grain,Zm00001eb093540
Fst_J_grain,Zm00001eb093550
Fst_J_grain,Zm00001eb093560
Fst_J_grain,Zm00001eb094570
Fst_J_grain,Zm00001eb094580
Fst_J_grain,Zm00001eb094720
Fst_J_grain,Zm00001eb094730
Fst_J_grain,Zm00001eb094740
Fst_J_grain,Zm00001eb094750
Fst_J_grain,Zm00001eb094760
Fst_J_grain,Zm00001eb094840
Fst_J_grain,Zm00001eb094850
Fst_J_grain,Zm00001eb113530
Fst_J_grain,Zm00001eb113540
Fst_J_grain,Zm00001eb113550
Fst_J_grain,Zm00001eb113570
Fst_J_grain,Zm00001eb113580
Fst_J_grain,Zm00001eb113590
Fst_J_grain,Zm00001eb114020
Fst_J_grain,Zm00001eb114030
Fst_J_grain,Zm00001eb114050
Fst_J_grain,Zm00001eb120410
Fst_J_grain,Zm00001eb120420
Fst_J_grain,Zm00001eb120430
Fst_J_grain,Zm00001eb120440
Fst_J_grain,Zm00001eb120450
Fst_J_grain,Zm00001eb120460
Fst_J_grain,Zm00001eb120470
Fst_J_grain,Zm00001eb120750
Fst_J_grain,Zm00001eb123870
Fst_J_grain,Zm00001eb123880
Fst_J_grain,Zm00001eb123890
Fst_J_grain,Zm00001eb123900
Fst_J_grain,Zm00001eb124890
Fst_J_grain,Zm00001eb125070
Fst_J_grain,Zm00001eb125380
Fst_J_grain,Zm00001eb125490
Fst_J_grain,Zm00001eb125500
Fst_J_grain,Zm00001eb125770
Fst_J_grain,Zm00001eb125780
Fst_J_grain,Zm00001eb125790
Fst_J_grain,Zm00001eb127230
Fst_J_grain,Zm00001eb127240
Fst_J_grain,Zm00001eb127250
Fst_J_grain,Zm00001eb127270
Fst_J_grain,Zm00001eb127280
Fst_J_grain,Zm00001eb127300
Fst_J_grain,Zm00001eb127310
Fst_J_grain,Zm00001eb127340
Fst_J_grain,Zm00001eb127650
Fst_J_grain,Zm00001eb127660
Fst_J_grain,Zm00001eb127670
Fst_J_grain,Zm00001eb127680
Fst_J_grain,Zm00001eb127760
Fst_J_grain,Zm00001eb127770
Fst_J_grain,Zm00001eb127780
Fst_J_grain,Zm00001eb127790
Fst_J_grain,Zm00001eb127810
Fst_J_grain,Zm00001eb127830
Fst_J_grain,Zm00001eb127890
Fst_J_grain,Zm00001eb127960
Fst_J_grain,Zm00001eb127970
Fst_J_grain,Zm00001eb127990
Fst_J_grain,Zm00001eb128190
Fst_J_grain,Zm00001eb128200
Fst_J_grain,Zm00001eb128210
Fst_J_grain,Zm00001eb128230
Fst_J_grain,Zm00001eb128240
Fst_J_grain,Zm00001eb128590
Fst_J_grain,Zm00001eb128600
Fst_J_grain,Zm00001eb128610
Fst_J_grain,Zm00001eb128620
Fst_J_grain,Zm00001eb128730
Fst_J_grain,Zm00001eb128780
Fst_J_grain,Zm00001eb128790
Fst_J_grain,Zm00001eb128800
Fst_J_grain,Zm00001eb128810
Fst_J_grain,Zm00001eb128820
Fst_J_grain,Zm00001eb128830
Fst_J_grain,Zm00001eb128840
Fst_J_grain,Zm00001eb128850
Fst_J_grain,Zm00001eb128860
Fst_J_grain,Zm00001eb128870
Fst_J_grain,Zm00001eb128880
Fst_J_grain,Zm00001eb128890
Fst_J_grain,Zm00001eb128910
Fst_J_grain,Zm00001eb128920
Fst_J_grain,Zm00001eb129100
Fst_J_grain,Zm00001eb129110
Fst_J_grain,Zm00001eb129120
Fst_J_grain,Zm00001eb129130
Fst_J_grain,Zm00001eb129140
Fst_J_grain,Zm00001eb129170
Fst_J_grain,Zm00001eb129220
Fst_J_grain,Zm00001eb129230
Fst_J_grain,Zm00001eb129240
Fst_J_grain,Zm00001eb129260
Fst_J_grain,Zm00001eb129270
Fst_J_grain,Zm00001eb129280
Fst_J_grain,Zm00001eb129290
Fst_J_grain,Zm00001eb129300
Fst_J_grain,Zm00001eb129310
Fst_J_grain,Zm00001eb129320
Fst_J_grain,Zm00001eb129360
Fst_J_grain,Zm00001eb129370
Fst_J_grain,Zm00001eb129430
Fst_J_grain,Zm00001eb129440
Fst_J_grain,Zm00001eb129450
Fst_J_grain,Zm00001eb129460
Fst_J_grain,Zm00001eb129470
Fst_J_grain,Zm00001eb129480
Fst_J_grain,Zm00001eb129570
Fst_J_grain,Zm00001eb129580
Fst_J_grain,Zm00001eb129590
Fst_J_grain,Zm00001eb129640
Fst_J_grain,Zm00001eb129650
Fst_J_grain,Zm00001eb129660
Fst_J_grain,Zm00001eb129670
Fst_J_grain,Zm00001eb129680
Fst_J_grain,Zm00001eb129690
Fst_J_grain,Zm00001eb129800
Fst_J_grain,Zm00001eb130280
Fst_J_grain,Zm00001eb130290
Fst_J_grain,Zm00001eb130300
Fst_J_grain,Zm00001eb130310
Fst_J_grain,Zm00001eb130330
Fst_J_grain,Zm00001eb130340
Fst_J_grain,Zm00001eb130350
Fst_J_grain,Zm00001eb130510
Fst_J_grain,Zm00001eb130520
Fst_J_grain,Zm00001eb130530
Fst_J_grain,Zm00001eb130540
Fst_J_grain,Zm00001eb130550
Fst_J_grain,Zm00001eb130580
Fst_J_grain,Zm00001eb130590
Fst_J_grain,Zm00001eb130600
Fst_J_grain,Zm00001eb130610
Fst_J_grain,Zm00001eb130620
Fst_J_grain,Zm00001eb130630
Fst_J_grain,Zm00001eb131260
Fst_J_grain,Zm00001eb131270
Fst_J_grain,Zm00001eb131280
Fst_J_grain,Zm00001eb131290
Fst_J_grain,Zm00001eb131300
Fst_J_grain,Zm00001eb131310
Fst_J_grain,Zm00001eb131320
Fst_J_grain,Zm00001eb131330
Fst_J_grain,Zm00001eb131340
Fst_J_grain,Zm00001eb131430
Fst_J_grain,Zm00001eb131440
Fst_J_grain,Zm00001eb131610
Fst_J_grain,Zm00001eb131620
Fst_J_grain,Zm00001eb131640
Fst_J_grain,Zm00001eb131660
Fst_J_grain,Zm00001eb131710
Fst_J_grain,Zm00001eb131720
Fst_J_grain,Zm00001eb131730
Fst_J_grain,Zm00001eb131740
Fst_J_grain,Zm00001eb131750
Fst_J_grain,Zm00001eb131760
Fst_J_grain,Zm00001eb131840
Fst_J_grain,Zm00001eb133680
Fst_J_grain,Zm00001eb133690
Fst_J_grain,Zm00001eb133700
Fst_J_grain,Zm00001eb133740
Fst_J_grain,Zm00001eb133760
Fst_J_grain,Zm00001eb133800
Fst_J_grain,Zm00001eb133940
Fst_J_grain,Zm00001eb133950
Fst_J_grain,Zm00001eb133960
Fst_J_grain,Zm00001eb134960
Fst_J_grain,Zm00001eb135330
Fst_J_grain,Zm00001eb135340
Fst_J_grain,Zm00001eb135350
Fst_J_grain,Zm00001eb135850
Fst_J_grain,Zm00001eb135860
Fst_J_grain,Zm00001eb135920
Fst_J_grain,Zm00001eb135930
Fst_J_grain,Zm00001eb135940
Fst_J_grain,Zm00001eb135950
Fst_J_grain,Zm00001eb136180
Fst_J_grain,Zm00001eb136360
Fst_J_grain,Zm00001eb136370
Fst_J_grain,Zm00001eb136380
Fst_J_grain,Zm00001eb136390
Fst_J_grain,Zm00001eb136650
Fst_J_grain,Zm00001eb136660
Fst_J_grain,Zm00001eb136670
Fst_J_grain,Zm00001eb136680
Fst_J_grain,Zm00001eb137220
Fst_J_grain,Zm00001eb137230
Fst_J_grain,Zm00001eb137240
Fst_J_grain,Zm00001eb137250
Fst_J_grain,Zm00001eb137260
Fst_J_grain,Zm00001eb137270
Fst_J_grain,Zm00001eb137280
Fst_J_grain,Zm00001eb138290
Fst_J_grain,Zm00001eb138300
Fst_J_grain,Zm00001eb138310
Fst_J_grain,Zm00001eb138370
Fst_J_grain,Zm00001eb138460
Fst_J_grain,Zm00001eb138530
Fst_J_grain,Zm00001eb138540
Fst_J_grain,Zm00001eb138550
Fst_J_grain,Zm00001eb138570
Fst_J_grain,Zm00001eb139490
Fst_J_grain,Zm00001eb139500
Fst_J_grain,Zm00001eb139600
Fst_J_grain,Zm00001eb139610
Fst_J_grain,Zm00001eb139910
Fst_J_grain,Zm00001eb141500
Fst_J_grain,Zm00001eb141510
Fst_J_grain,Zm00001eb141520
Fst_J_grain,Zm00001eb142230
Fst_J_grain,Zm00001eb142240
Fst_J_grain,Zm00001eb142340
Fst_J_grain,Zm00001eb142350
Fst_J_grain,Zm00001eb142360
Fst_J_grain,Zm00001eb142370
Fst_J_grain,Zm00001eb142400
Fst_J_grain,Zm00001eb142740
Fst_J_grain,Zm00001eb143550
Fst_J_grain,Zm00001eb143560
Fst_J_grain,Zm00001eb143570
Fst_J_grain,Zm00001eb143580
Fst_J_grain,Zm00001eb143900
Fst_J_grain,Zm00001eb145810
Fst_J_grain,Zm00001eb145820
Fst_J_grain,Zm00001eb145830
Fst_J_grain,Zm00001eb146230
Fst_J_grain,Zm00001eb146240
Fst_J_grain,Zm00001eb146250
Fst_J_grain,Zm00001eb146350
Fst_J_grain,Zm00001eb146370
Fst_J_grain,Zm00001eb146520
Fst_J_grain,Zm00001eb146530
Fst_J_grain,Zm00001eb146550
Fst_J_grain,Zm00001eb146560
Fst_J_grain,Zm00001eb146570
Fst_J_grain,Zm00001eb146580
Fst_J_grain,Zm00001eb146590
Fst_J_grain,Zm00001eb146600
Fst_J_grain,Zm00001eb146610
Fst_J_grain,Zm00001eb146620
Fst_J_grain,Zm00001eb146630
Fst_J_grain,Zm00001eb146640
Fst_J_grain,Zm00001eb146650
Fst_J_grain,Zm00001eb146660
Fst_J_grain,Zm00001eb146670
Fst_J_grain,Zm00001eb146680
Fst_J_grain,Zm00001eb146690
Fst_J_grain,Zm00001eb146700
Fst_J_grain,Zm00001eb146710
Fst_J_grain,Zm00001eb146720
Fst_J_grain,Zm00001eb148160
Fst_J_grain,Zm00001eb148170
Fst_J_grain,Zm00001eb148180
Fst_J_grain,Zm00001eb152350
Fst_J_grain,Zm00001eb152360
Fst_J_grain,Zm00001eb152370
Fst_J_grain,Zm00001eb153580
Fst_J_grain,Zm00001eb155940
Fst_J_grain,Zm00001eb160900
Fst_J_grain,Zm00001eb160910
Fst_J_grain,Zm00001eb160920
Fst_J_grain,Zm00001eb160930
Fst_J_grain,Zm00001eb160940
Fst_J_grain,Zm00001eb160960
Fst_J_grain,Zm00001eb160970
Fst_J_grain,Zm00001eb160980
Fst_J_grain,Zm00001eb160990
Fst_J_grain,Zm00001eb161000
Fst_J_grain,Zm00001eb161750
Fst_J_grain,Zm00001eb161760
Fst_J_grain,Zm00001eb162450
Fst_J_grain,Zm00001eb162470
Fst_J_grain,Zm00001eb177820
Fst_J_grain,Zm00001eb211790
Fst_J_grain,Zm00001eb211800
Fst_J_grain,Zm00001eb211810
Fst_J_grain,Zm00001eb211820
Fst_J_grain,Zm00001eb211830
Fst_J_grain,Zm00001eb218030
Fst_J_grain,Zm00001eb218060
Fst_J_grain,Zm00001eb218070
Fst_J_grain,Zm00001eb218080
Fst_J_grain,Zm00001eb218090
Fst_J_grain,Zm00001eb218100
Fst_J_grain,Zm00001eb218380
Fst_J_grain,Zm00001eb218390
Fst_J_grain,Zm00001eb218400
Fst_J_grain,Zm00001eb218410
Fst_J_grain,Zm00001eb218420
Fst_J_grain,Zm00001eb222930
Fst_J_grain,Zm00001eb222940
Fst_J_grain,Zm00001eb222950
Fst_J_grain,Zm00001eb225050
Fst_J_grain,Zm00001eb225060
Fst_J_grain,Zm00001eb225080
Fst_J_grain,Zm00001eb231600
Fst_J_grain,Zm00001eb231610
Fst_J_grain,Zm00001eb232020
Fst_J_grain,Zm00001eb232030
Fst_J_grain,Zm00001eb232040
Fst_J_grain,Zm00001eb232250
Fst_J_grain,Zm00001eb232260
Fst_J_grain,Zm00001eb232280
Fst_J_grain,Zm00001eb232290
Fst_J_grain,Zm00001eb236790
Fst_J_grain,Zm00001eb236840
Fst_J_grain,Zm00001eb237210
Fst_J_grain,Zm00001eb237220
Fst_J_grain,Zm00001eb237230
Fst_J_grain,Zm00001eb237240
Fst_J_grain,Zm00001eb237540
Fst_J_grain,Zm00001eb237550
Fst_J_grain,Zm00001eb237570
Fst_J_grain,Zm00001eb237580
Fst_J_grain,Zm00001eb237650
Fst_J_grain,Zm00001eb237660
Fst_J_grain,Zm00001eb237670
Fst_J_grain,Zm00001eb237910
Fst_J_grain,Zm00001eb238630
Fst_J_grain,Zm00001eb238880
Fst_J_grain,Zm00001eb241860
Fst_J_grain,Zm00001eb241870
Fst_J_grain,Zm00001eb241880
Fst_J_grain,Zm00001eb241890
Fst_J_grain,Zm00001eb242360
Fst_J_grain,Zm00001eb242370
Fst_J_grain,Zm00001eb242380
Fst_J_grain,Zm00001eb243130
Fst_J_grain,Zm00001eb243140
Fst_J_grain,Zm00001eb243160
Fst_J_grain,Zm00001eb243170
Fst_J_grain,Zm00001eb243180
Fst_J_grain,Zm00001eb243190
Fst_J_grain,Zm00001eb244140
Fst_J_grain,Zm00001eb244150
Fst_J_grain,Zm00001eb244160
Fst_J_grain,Zm00001eb244170
Fst_J_grain,Zm00001eb244180
Fst_J_grain,Zm00001eb244510
Fst_J_grain,Zm00001eb244520
Fst_J_grain,Zm00001eb244530
Fst_J_grain,Zm00001eb244540
Fst_J_grain,Zm00001eb244550
Fst_J_grain,Zm00001eb244560
Fst_J_grain,Zm00001eb244570
Fst_J_grain,Zm00001eb244580
Fst_J_grain,Zm00001eb244590
Fst_J_grain,Zm00001eb245460
Fst_J_grain,Zm00001eb245480
Fst_J_grain,Zm00001eb245490
Fst_J_grain,Zm00001eb245930
Fst_J_grain,Zm00001eb245940
Fst_J_grain,Zm00001eb245950
Fst_J_grain,Zm00001eb245960
Fst_J_grain,Zm00001eb245970
Fst_J_grain,Zm00001eb249310
Fst_J_grain,Zm00001eb252850
Fst_J_grain,Zm00001eb252860
Fst_J_grain,Zm00001eb252870
Fst_J_grain,Zm00001eb259210
Fst_J_grain,Zm00001eb259220
Fst_J_grain,Zm00001eb259230
Fst_J_grain,Zm00001eb270090
Fst_J_grain,Zm00001eb270100
Fst_J_grain,Zm00001eb276470
Fst_J_grain,Zm00001eb276490
Fst_J_grain,Zm00001eb276500
Fst_J_grain,Zm00001eb286400
Fst_J_grain,Zm00001eb286410
Fst_J_grain,Zm00001eb286420
Fst_J_grain,Zm00001eb286430
Fst_J_grain,Zm00001eb360290
Fst_J_grain,Zm00001eb372020
Fst_J_grain,Zm00001eb372030
Fst_J_grain,Zm00001eb372040
Fst_J_grain,Zm00001eb372060
Fst_J_grain,Zm00001eb374340
Fst_J_grain,Zm00001eb374350
Fst_J_grain,Zm00001eb374380
Fst_J_grain,Zm00001eb374390
Fst_J_grain,Zm00001eb374400
Fst_J_grain,Zm00001eb374410
Fst_J_grain,Zm00001eb374420
Fst_J_grain,Zm00001eb374430
Fst_J_grain,Zm00001eb374440
Fst_J_grain,Zm00001eb374450
Fst_J_grain,Zm00001eb379910
Fst_J_grain,Zm00001eb379920
Fst_J_grain,Zm00001eb379940
Fst_J_grain,Zm00001eb380250
Fst_J_grain,Zm00001eb380260
Fst_J_grain,Zm00001eb380280
Fst_J_grain,Zm00001eb380290
Fst_J_grain,Zm00001eb380300
Fst_J_grain,Zm00001eb380310
Fst_J_grain,Zm00001eb380880
Fst_J_grain,Zm00001eb380890
Fst_J_grain,Zm00001eb381150
Fst_J_grain,Zm00001eb381160
Fst_J_grain,Zm00001eb381170
Fst_J_grain,Zm00001eb381180
Fst_J_grain,Zm00001eb381190
Fst_J_grain,Zm00001eb381210
Fst_J_grain,Zm00001eb381630
Fst_J_grain,Zm00001eb381640
Fst_J_grain,Zm00001eb381650
Fst_J_grain,Zm00001eb381660
Fst_J_grain,Zm00001eb381670
Fst_J_grain,Zm00001eb382210
Fst_J_grain,Zm00001eb382220
Fst_J_grain,Zm00001eb382400
Fst_J_grain,Zm00001eb382420
Fst_J_grain,Zm00001eb382430
Fst_J_grain,Zm00001eb382440
Fst_J_grain,Zm00001eb382450
Fst_J_grain,Zm00001eb382460
Fst_J_grain,Zm00001eb382470
Fst_J_grain,Zm00001eb382480
Fst_J_grain,Zm00001eb382500
Fst_J_grain,Zm00001eb382950
Fst_J_grain,Zm00001eb382960
Fst_J_grain,Zm00001eb382970
Fst_J_grain,Zm00001eb382980
Fst_J_grain,Zm00001eb382990
Fst_J_grain,Zm00001eb383000
Fst_J_grain,Zm00001eb383050
Fst_J_grain,Zm00001eb383060
Fst_J_grain,Zm00001eb383090
Fst_J_grain,Zm00001eb383120
Fst_J_grain,Zm00001eb383130
Fst_J_grain,Zm00001eb383140
Fst_J_grain,Zm00001eb383150
Fst_J_grain,Zm00001eb383160
Fst_J_grain,Zm00001eb383170
Fst_J_grain,Zm00001eb383180
Fst_J_grain,Zm00001eb383190
Fst_J_grain,Zm00001eb383800
Fst_J_grain,Zm00001eb383930
Fst_J_grain,Zm00001eb384240
Fst_J_grain,Zm00001eb384320
Fst_J_grain,Zm00001eb384340
Fst_J_grain,Zm00001eb384470
Fst_J_grain,Zm00001eb384490
Fst_J_grain,Zm00001eb384520
Fst_J_grain,Zm00001eb384540
Fst_J_grain,Zm00001eb384620
Fst_J_grain,Zm00001eb384630
Fst_J_grain,Zm00001eb384640
Fst_J_grain,Zm00001eb384940
Fst_J_grain,Zm00001eb385000
Fst_J_grain,Zm00001eb385300
Fst_J_grain,Zm00001eb385310
Fst_J_grain,Zm00001eb385730
Fst_J_grain,Zm00001eb386140
Fst_J_grain,Zm00001eb386150
Fst_J_grain,Zm00001eb386160
Fst_J_grain,Zm00001eb386170
Fst_J_grain,Zm00001eb386180
Fst_J_grain,Zm00001eb386410
Fst_J_grain,Zm00001eb387040
Fst_J_grain,Zm00001eb387050
Fst_J_grain,Zm00001eb387060
Fst_J_grain,Zm00001eb387070
Fst_J_grain,Zm00001eb387160
Fst_J_grain,Zm00001eb387170
Fst_J_grain,Zm00001eb388120
Fst_J_grain,Zm00001eb388130
Fst_J_grain,Zm00001eb388140
Fst_J_grain,Zm00001eb388180
Fst_J_grain,Zm00001eb388430
Fst_J_grain,Zm00001eb388440
Fst_J_grain,Zm00001eb388450
Fst_J_grain,Zm00001eb388700
Fst_J_grain,Zm00001eb388710
Fst_J_grain,Zm00001eb388720
Fst_J_grain,Zm00001eb388870
Fst_J_grain,Zm00001eb388880
Fst_J_grain,Zm00001eb388890
Fst_J_grain,Zm00001eb388900
Fst_J_grain,Zm00001eb388910
Fst_J_grain,Zm00001eb388920
Fst_J_grain,Zm00001eb388930
Fst_J_grain,Zm00001eb388940
Fst_J_grain,Zm00001eb388950
Fst_J_grain,Zm00001eb388960
Fst_J_grain,Zm00001eb388980
Fst_J_grain,Zm00001eb388990
Fst_J_grain,Zm00001eb389000
Fst_J_grain,Zm00001eb389010
Fst_J_grain,Zm00001eb389020
Fst_J_grain,Zm00001eb389030
Fst_J_grain,Zm00001eb389050
Fst_J_grain,Zm00001eb389070
Fst_J_grain,Zm00001eb389080
Fst_J_grain,Zm00001eb389090
Fst_J_grain,Zm00001eb389100
Fst_J_grain,Zm00001eb389110
Fst_J_grain,Zm00001eb389120
Fst_J_grain,Zm00001eb389130
Fst_J_grain,Zm00001eb389140
Fst_J_grain,Zm00001eb389150
Fst_J_grain,Zm00001eb389160
Fst_J_grain,Zm00001eb391110
Fst_J_grain,Zm00001eb391120
Fst_J_grain,Zm00001eb391130
Fst_J_grain,Zm00001eb391140
Fst_J_grain,Zm00001eb391300
Fst_J_grain,Zm00001eb391310
Fst_J_grain,Zm00001eb396140
Fst_J_grain,Zm00001eb396150
Fst_J_grain,Zm00001eb396160
Fst_J_grain,Zm00001eb396170
Fst_J_grain,Zm00001eb398380
Fst_J_grain,Zm00001eb398390
Fst_J_grain,Zm00001eb398400
Fst_J_grain,Zm00001eb398410
Fst_J_grain,Zm00001eb398420
Fst_J_grain,Zm00001eb400730
Fst_J_grain,Zm00001eb400740
Fst_J_grain,Zm00001eb400750
Fst_J_grain,Zm00001eb400760
Fst_J_grain,Zm00001eb400770
Fst_J_grain,Zm00001eb400780
Fst_J_grain,Zm00001eb403670
Fst_J_grain,Zm00001eb403680
Fst_J_grain,Zm00001eb403690
Fst_J_grain,Zm00001eb403700
Fst_J_grain,Zm00001eb403710
Fst_J_grain,Zm00001eb403720
Fst_J_grain,Zm00001eb403730
Fst_J_grain,Zm00001eb403740
Fst_J_grain,Zm00001eb403750
Fst_J_grain,Zm00001eb403760
Fst_J_grain,Zm00001eb403770
Fst_J_grain,Zm00001eb403780
Fst_J_grain,Zm00001eb403790
Fst_J_grain,Zm00001eb403800
Fst_J_grain,Zm00001eb403810
Fst_J_grain,Zm00001eb403820
Fst_J_grain,Zm00001eb403830
Fst_J_grain,Zm00001eb403850
Fst_J_grain,Zm00001eb403860
Fst_J_grain,Zm00001eb403870
Fst_J_grain,Zm00001eb403880
Fst_J_grain,Zm00001eb403890
Fst_J_grain,Zm00001eb403900
Fst_J_grain,Zm00001eb403910
Fst_J_grain,Zm00001eb403920
Fst_J_grain,Zm00001eb408630
Fst_J_grain,Zm00001eb413300
Fst_J_grain,Zm00001eb418220
Fst_J_grain,Zm00001eb418230
Fst_J_grain,Zm00001eb418410
Fst_J_grain,Zm00001eb418560
Fst_J_grain,Zm00001eb418570
Fst_J_grain,Zm00001eb419720
Fst_J_grain,Zm00001eb419730
Fst_J_grain,Zm00001eb419740
Fst_J_grain,Zm00001eb419750
Fst_J_grain,Zm00001eb421170
Fst_J_grain,Zm00001eb421180
Fst_J_grain,Zm00001eb421500
Fst_J_grain,Zm00001eb421510
Fst_J_grain,Zm00001eb421820
Fst_J_grain,Zm00001eb421830
Fst_J_grain,Zm00001eb421850
Fst_J_grain,Zm00001eb421860
Fst_J_grain,Zm00001eb421890
Fst_J_grain,Zm00001eb423070
Fst_J_grain,Zm00001eb423080
Fst_J_grain,Zm00001eb423090
Fst_J_grain,Zm00001eb423100
Fst_J_grain,Zm00001eb423120
Fst_J_grain,Zm00001eb423130
Fst_J_grain,Zm00001eb423450
Fst_J_grain,Zm00001eb423470
Fst_J_grain,Zm00001eb428370
Fst_J_grain,Zm00001eb428380
Fst_J_grain,Zm00001eb428390
Fst_J_grain,Zm00001eb428400
Fst_J_grain,Zm00001eb428410
Fst_J_grain,Zm00001eb428420
GWAS_Asp_Goodman,Zm00001eb030930
GWAS_Asp_Goodman,Zm00001eb018360
GWAS_Asp_Goodman,Zm00001eb018380
GWAS_Asp_Goodman,Zm00001eb018400
GWAS_Asp_Goodman,Zm00001eb018410
GWAS_Asp_Goodman,Zm00001eb018420
GWAS_Asp_Goodman,Zm00001eb018430
GWAS_Asp_Goodman,Zm00001eb022700
GWAS_Asp_Goodman,Zm00001eb022710
GWAS_Asp_Goodman,Zm00001eb022720
GWAS_Asp_Goodman,Zm00001eb041890
GWAS_Asp_Goodman,Zm00001eb041900
GWAS_Asp_Goodman,Zm00001eb021820
GWAS_Asp_Goodman,Zm00001eb021830
GWAS_Asp_Goodman,Zm00001eb021840
GWAS_Asp_Goodman,Zm00001eb006570
GWAS_Asp_Goodman,Zm00001eb027670
GWAS_Asp_Goodman,Zm00001eb015720
GWAS_Asp_Goodman,Zm00001eb015730
GWAS_Asp_Goodman,Zm00001eb015740
GWAS_Asp_Goodman,Zm00001eb015750
GWAS_Asp_Goodman,Zm00001eb001070
GWAS_Asp_Goodman,Zm00001eb001090
GWAS_Asp_Goodman,Zm00001eb001100
GWAS_Asp_Goodman,Zm00001eb001110
GWAS_Asp_Goodman,Zm00001eb031360
GWAS_Asp_Goodman,Zm00001eb031370
GWAS_Asp_Goodman,Zm00001eb028090
GWAS_Asp_Goodman,Zm00001eb027340
GWAS_Asp_Goodman,Zm00001eb027370
GWAS_Asp_Goodman,Zm00001eb028280
GWAS_Asp_Goodman,Zm00001eb000780
GWAS_Asp_Goodman,Zm00001eb000790
GWAS_Asp_Goodman,Zm00001eb000800
GWAS_Asp_Goodman,Zm00001eb000810
GWAS_Asp_Goodman,Zm00001eb000820
GWAS_Asp_Goodman,Zm00001eb000830
GWAS_Asp_Goodman,Zm00001eb000840
GWAS_Asp_Goodman,Zm00001eb000850
GWAS_Asp_Goodman,Zm00001eb000860
GWAS_Asp_Goodman,Zm00001eb000870
GWAS_Asp_Goodman,Zm00001eb030060
GWAS_Asp_Goodman,Zm00001eb030070
GWAS_Asp_Goodman,Zm00001eb030080
GWAS_Asp_Goodman,Zm00001eb030090
GWAS_Asp_Goodman,Zm00001eb002440
GWAS_Asp_Goodman,Zm00001eb002450
GWAS_Asp_Goodman,Zm00001eb002460
GWAS_Asp_Goodman,Zm00001eb022610
GWAS_Asp_Goodman,Zm00001eb022630
GWAS_Asp_Goodman,Zm00001eb022640
GWAS_Asp_Goodman,Zm00001eb022650
GWAS_Asp_Goodman,Zm00001eb022660
GWAS_Asp_Goodman,Zm00001eb003670
GWAS_Asp_Goodman,Zm00001eb003680
GWAS_Asp_Goodman,Zm00001eb003690
GWAS_Asp_Goodman,Zm00001eb003700
GWAS_Asp_Goodman,Zm00001eb003710
GWAS_Asp_Goodman,Zm00001eb003720
GWAS_Asp_Goodman,Zm00001eb003730
GWAS_Asp_Goodman,Zm00001eb003740
GWAS_Asp_Goodman,Zm00001eb032600
GWAS_Asp_Goodman,Zm00001eb028990
GWAS_Asp_Goodman,Zm00001eb020510
GWAS_Asp_Goodman,Zm00001eb020520
GWAS_Asp_Goodman,Zm00001eb009730
GWAS_Asp_Goodman,Zm00001eb012610
GWAS_Asp_Goodman,Zm00001eb012620
GWAS_Asp_Goodman,Zm00001eb012630
GWAS_Asp_Goodman,Zm00001eb012640
GWAS_Asp_Goodman,Zm00001eb012650
GWAS_Asp_Goodman,Zm00001eb012660
GWAS_Asp_Goodman,Zm00001eb031780
GWAS_Asp_Goodman,Zm00001eb031790
GWAS_Asp_Goodman,Zm00001eb031800
GWAS_Asp_Goodman,Zm00001eb031810
GWAS_Asp_Goodman,Zm00001eb031820
GWAS_Asp_Goodman,Zm00001eb031830
GWAS_Asp_Goodman,Zm00001eb018560
GWAS_Asp_Goodman,Zm00001eb018570
GWAS_Asp_Goodman,Zm00001eb018590
GWAS_Asp_Goodman,Zm00001eb018600
GWAS_Asp_Goodman,Zm00001eb002470
GWAS_Asp_Goodman,Zm00001eb002480
GWAS_Asp_Goodman,Zm00001eb002490
GWAS_Asp_Goodman,Zm00001eb002510
GWAS_Asp_Goodman,Zm00001eb002520
GWAS_Asp_Goodman,Zm00001eb002530
GWAS_Asp_Goodman,Zm00001eb028110
GWAS_Asp_Goodman,Zm00001eb028150
GWAS_Asp_Goodman,Zm00001eb008160
GWAS_Asp_Goodman,Zm00001eb008170
GWAS_Asp_Goodman,Zm00001eb031320
GWAS_Asp_Goodman,Zm00001eb031330
GWAS_Asp_Goodman,Zm00001eb031340
GWAS_Asp_Goodman,Zm00001eb041640
GWAS_Asp_Goodman,Zm00001eb041650
GWAS_Asp_Goodman,Zm00001eb041660
GWAS_Asp_Goodman,Zm00001eb041670
GWAS_Asp_Goodman,Zm00001eb041680
GWAS_Asp_Goodman,Zm00001eb026300
GWAS_Asp_Goodman,Zm00001eb026310
GWAS_Asp_Goodman,Zm00001eb036010
GWAS_Asp_Goodman,Zm00001eb036020
GWAS_Asp_Goodman,Zm00001eb036030
GWAS_Asp_Goodman,Zm00001eb036040
GWAS_Asp_Goodman,Zm00001eb047060
GWAS_Asp_Goodman,Zm00001eb025840
GWAS_Asp_Goodman,Zm00001eb060140
GWAS_Asp_Goodman,Zm00001eb060160
GWAS_Asp_Goodman,Zm00001eb003550
GWAS_Asp_Goodman,Zm00001eb003560
GWAS_Asp_Goodman,Zm00001eb003570
GWAS_Asp_Goodman,Zm00001eb003580
GWAS_Asp_Goodman,Zm00001eb003590
GWAS_Asp_Goodman,Zm00001eb003600
GWAS_Asp_Goodman,Zm00001eb003610
GWAS_Asp_Goodman,Zm00001eb021400
GWAS_Asp_Goodman,Zm00001eb021410
GWAS_Asp_Goodman,Zm00001eb021420
GWAS_Asp_Goodman,Zm00001eb021430
GWAS_Asp_Goodman,Zm00001eb033290
GWAS_Asp_Goodman,Zm00001eb033310
GWAS_Asp_Goodman,Zm00001eb033320
GWAS_Asp_Goodman,Zm00001eb033330
GWAS_Asp_Goodman,Zm00001eb019460
GWAS_Asp_Goodman,Zm00001eb019470
GWAS_Asp_Goodman,Zm00001eb019490
GWAS_Asp_Goodman,Zm00001eb019500
GWAS_Asp_Goodman,Zm00001eb035700
GWAS_Asp_Goodman,Zm00001eb035710
GWAS_Asp_Goodman,Zm00001eb035720
GWAS_Asp_Goodman,Zm00001eb027280
GWAS_Asp_Goodman,Zm00001eb008310
GWAS_Asp_Goodman,Zm00001eb008320
GWAS_Asp_Goodman,Zm00001eb008330
GWAS_Asp_Goodman,Zm00001eb022360
GWAS_Asp_Goodman,Zm00001eb022380
GWAS_Asp_Goodman,Zm00001eb022390
GWAS_Asp_Goodman,Zm00001eb022400
GWAS_Asp_Goodman,Zm00001eb026770
GWAS_Asp_Goodman,Zm00001eb020560
GWAS_Asp_Goodman,Zm00001eb020570
GWAS_Asp_Goodman,Zm00001eb020580
GWAS_Asp_Goodman,Zm00001eb020590
GWAS_Asp_Goodman,Zm00001eb020600
GWAS_Asp_Goodman,Zm00001eb027790
GWAS_Asp_Goodman,Zm00001eb027800
GWAS_Asp_Goodman,Zm00001eb041800
GWAS_Asp_Goodman,Zm00001eb041810
GWAS_Asp_Goodman,Zm00001eb041820
GWAS_Asp_Goodman,Zm00001eb041830
GWAS_Asp_Goodman,Zm00001eb012980
GWAS_Asp_Goodman,Zm00001eb012990
GWAS_Asp_Goodman,Zm00001eb013000
GWAS_Asp_Goodman,Zm00001eb004830
GWAS_Asp_Goodman,Zm00001eb004840
GWAS_Asp_Goodman,Zm00001eb004850
GWAS_Asp_Goodman,Zm00001eb004860
GWAS_Asp_Goodman,Zm00001eb004880
GWAS_Asp_Goodman,Zm00001eb004890
GWAS_Asp_Goodman,Zm00001eb004900
GWAS_Asp_Goodman,Zm00001eb004920
GWAS_Asp_Goodman,Zm00001eb004320
GWAS_Asp_Goodman,Zm00001eb004330
GWAS_Asp_Goodman,Zm00001eb004340
GWAS_Asp_Goodman,Zm00001eb004350
GWAS_Asp_Goodman,Zm00001eb004360
GWAS_Asp_Goodman,Zm00001eb004370
GWAS_Asp_Goodman,Zm00001eb004380
GWAS_Asp_Goodman,Zm00001eb004390
GWAS_Asp_Goodman,Zm00001eb004400
GWAS_Asp_Goodman,Zm00001eb004410
GWAS_Asp_Goodman,Zm00001eb004420
GWAS_Asp_Goodman,Zm00001eb026520
GWAS_Asp_Goodman,Zm00001eb026530
GWAS_Asp_Goodman,Zm00001eb019810
GWAS_Asp_Goodman,Zm00001eb019820
GWAS_Asp_Goodman,Zm00001eb019830
GWAS_Asp_Goodman,Zm00001eb041220
GWAS_Asp_Goodman,Zm00001eb041230
GWAS_Asp_Goodman,Zm00001eb041240
GWAS_Asp_Goodman,Zm00001eb041260
GWAS_Asp_Goodman,Zm00001eb026390
GWAS_Asp_Goodman,Zm00001eb044770
GWAS_Asp_Goodman,Zm00001eb044780
GWAS_Asp_Goodman,Zm00001eb044790
GWAS_Asp_Goodman,Zm00001eb044800
GWAS_Asp_Goodman,Zm00001eb027000
GWAS_Asp_Goodman,Zm00001eb030970
GWAS_Asp_Goodman,Zm00001eb030980
GWAS_Asp_Goodman,Zm00001eb030990
GWAS_Asp_Goodman,Zm00001eb024610
GWAS_Asp_Goodman,Zm00001eb024620
GWAS_Asp_Goodman,Zm00001eb024640
GWAS_Asp_Goodman,Zm00001eb024650
GWAS_Asp_Goodman,Zm00001eb000340
GWAS_Asp_Goodman,Zm00001eb000360
GWAS_Asp_Goodman,Zm00001eb011800
GWAS_Asp_Goodman,Zm00001eb011810
GWAS_Asp_Goodman,Zm00001eb011820
GWAS_Asp_Goodman,Zm00001eb021390
GWAS_Asp_Goodman,Zm00001eb010220
GWAS_Asp_Goodman,Zm00001eb010230
GWAS_Asp_Goodman,Zm00001eb010240
GWAS_Asp_Goodman,Zm00001eb010250
GWAS_Asp_Goodman,Zm00001eb010260
GWAS_Asp_Goodman,Zm00001eb010270
GWAS_Asp_Goodman,Zm00001eb010280
GWAS_Asp_Goodman,Zm00001eb022160
GWAS_Asp_Goodman,Zm00001eb022170
GWAS_Asp_Goodman,Zm00001eb040320
GWAS_Asp_Goodman,Zm00001eb040330
GWAS_Asp_Goodman,Zm00001eb040340
GWAS_Asp_Goodman,Zm00001eb040350
GWAS_Asp_Goodman,Zm00001eb040360
GWAS_Asp_Goodman,Zm00001eb047560
GWAS_Asp_Goodman,Zm00001eb047570
GWAS_Asp_Goodman,Zm00001eb047580
GWAS_Asp_Goodman,Zm00001eb028010
GWAS_Asp_Goodman,Zm00001eb028020
GWAS_Asp_Goodman,Zm00001eb035070
GWAS_Asp_Goodman,Zm00001eb006830
GWAS_Asp_Goodman,Zm00001eb006840
GWAS_Asp_Goodman,Zm00001eb006850
GWAS_Asp_Goodman,Zm00001eb006860
GWAS_Asp_Goodman,Zm00001eb006870
GWAS_Asp_Goodman,Zm00001eb003360
GWAS_Asp_Goodman,Zm00001eb003370
GWAS_Asp_Goodman,Zm00001eb003380
GWAS_Asp_Goodman,Zm00001eb003390
GWAS_Asp_Goodman,Zm00001eb003400
GWAS_Asp_Goodman,Zm00001eb003420
GWAS_Asp_Goodman,Zm00001eb003440
GWAS_Asp_Goodman,Zm00001eb003450
GWAS_Asp_Goodman,Zm00001eb023250
GWAS_Asp_Goodman,Zm00001eb023260
GWAS_Asp_Goodman,Zm00001eb027660
GWAS_Asp_Goodman,Zm00001eb002100
GWAS_Asp_Goodman,Zm00001eb002140
GWAS_Asp_Goodman,Zm00001eb002150
GWAS_Asp_Goodman,Zm00001eb002170
GWAS_Asp_Goodman,Zm00001eb002180
GWAS_Asp_Goodman,Zm00001eb002190
GWAS_Asp_Goodman,Zm00001eb027590
GWAS_Asp_Goodman,Zm00001eb034290
GWAS_Asp_Goodman,Zm00001eb034320
GWAS_Asp_Goodman,Zm00001eb034330
GWAS_Asp_Goodman,Zm00001eb034350
GWAS_Asp_Goodman,Zm00001eb034360
GWAS_Asp_Goodman,Zm00001eb032240
GWAS_Asp_Goodman,Zm00001eb032250
GWAS_Asp_Goodman,Zm00001eb032260
GWAS_Asp_Goodman,Zm00001eb032270
GWAS_Asp_Goodman,Zm00001eb006050
GWAS_Asp_Goodman,Zm00001eb006060
GWAS_Asp_Goodman,Zm00001eb006070
GWAS_Asp_Goodman,Zm00001eb006090
GWAS_Asp_Goodman,Zm00001eb038990
GWAS_Asp_Goodman,Zm00001eb039000
GWAS_Asp_Goodman,Zm00001eb039010
GWAS_Asp_Goodman,Zm00001eb031300
GWAS_Asp_Goodman,Zm00001eb031310
GWAS_Asp_Goodman,Zm00001eb024320
GWAS_Asp_Goodman,Zm00001eb024330
GWAS_Asp_Goodman,Zm00001eb024340
GWAS_Asp_Goodman,Zm00001eb024350
GWAS_Asp_Goodman,Zm00001eb032130
GWAS_Asp_Goodman,Zm00001eb032150
GWAS_Asp_Goodman,Zm00001eb032160
GWAS_Asp_Goodman,Zm00001eb029840
GWAS_Asp_Goodman,Zm00001eb029850
GWAS_Asp_Goodman,Zm00001eb022860
GWAS_Asp_Goodman,Zm00001eb022870
GWAS_Asp_Goodman,Zm00001eb022880
GWAS_Asp_Goodman,Zm00001eb022890
GWAS_Asp_Goodman,Zm00001eb010750
GWAS_Asp_Goodman,Zm00001eb010760
GWAS_Asp_Goodman,Zm00001eb010770
GWAS_Asp_Goodman,Zm00001eb010780
GWAS_Asp_Goodman,Zm00001eb003910
GWAS_Asp_Goodman,Zm00001eb003920
GWAS_Asp_Goodman,Zm00001eb003930
GWAS_Asp_Goodman,Zm00001eb003940
GWAS_Asp_Goodman,Zm00001eb003950
GWAS_Asp_Goodman,Zm00001eb003960
GWAS_Asp_Goodman,Zm00001eb003970
GWAS_Asp_Goodman,Zm00001eb004000
GWAS_Asp_Goodman,Zm00001eb004020
GWAS_Asp_Goodman,Zm00001eb004030
GWAS_Asp_Goodman,Zm00001eb004040
GWAS_Asp_Goodman,Zm00001eb015770
GWAS_Asp_Goodman,Zm00001eb015780
GWAS_Asp_Goodman,Zm00001eb015790
GWAS_Asp_Goodman,Zm00001eb015800
GWAS_Asp_Goodman,Zm00001eb038730
GWAS_Asp_Goodman,Zm00001eb038740
GWAS_Asp_Goodman,Zm00001eb038750
GWAS_Asp_Goodman,Zm00001eb038760
GWAS_Asp_Goodman,Zm00001eb038770
GWAS_Asp_Goodman,Zm00001eb038780
GWAS_Asp_Goodman,Zm00001eb038800
GWAS_Asp_Goodman,Zm00001eb038810
GWAS_Asp_Goodman,Zm00001eb038820
GWAS_Asp_Goodman,Zm00001eb041070
GWAS_Asp_Goodman,Zm00001eb041080
GWAS_Asp_Goodman,Zm00001eb041090
GWAS_Asp_Goodman,Zm00001eb041100
GWAS_Asp_Goodman,Zm00001eb041110
GWAS_Asp_Goodman,Zm00001eb001010
GWAS_Asp_Goodman,Zm00001eb001020
GWAS_Asp_Goodman,Zm00001eb001030
GWAS_Asp_Goodman,Zm00001eb001040
GWAS_Asp_Goodman,Zm00001eb001050
GWAS_Asp_Goodman,Zm00001eb001060
GWAS_Asp_Goodman,Zm00001eb028300
GWAS_Asp_Goodman,Zm00001eb025070
GWAS_Asp_Goodman,Zm00001eb025080
GWAS_Asp_Goodman,Zm00001eb025090
GWAS_Asp_Goodman,Zm00001eb023760
GWAS_Asp_Goodman,Zm00001eb023770
GWAS_Asp_Goodman,Zm00001eb023780
GWAS_Asp_Goodman,Zm00001eb023790
GWAS_Asp_Goodman,Zm00001eb000460
GWAS_Asp_Goodman,Zm00001eb000470
GWAS_Asp_Goodman,Zm00001eb000480
GWAS_Asp_Goodman,Zm00001eb000490
GWAS_Asp_Goodman,Zm00001eb000500
GWAS_Asp_Goodman,Zm00001eb000510
GWAS_Asp_Goodman,Zm00001eb000520
GWAS_Asp_Goodman,Zm00001eb000530
GWAS_Asp_Goodman,Zm00001eb030510
GWAS_Asp_Goodman,Zm00001eb030530
GWAS_Asp_Goodman,Zm00001eb042220
GWAS_Asp_Goodman,Zm00001eb042230
GWAS_Asp_Goodman,Zm00001eb042240
GWAS_Asp_Goodman,Zm00001eb012670
GWAS_Asp_Goodman,Zm00001eb012680
GWAS_Asp_Goodman,Zm00001eb012690
GWAS_Asp_Goodman,Zm00001eb016430
GWAS_Asp_Goodman,Zm00001eb016440
GWAS_Asp_Goodman,Zm00001eb016450
GWAS_Asp_Goodman,Zm00001eb016460
GWAS_Asp_Goodman,Zm00001eb016470
GWAS_Asp_Goodman,Zm00001eb016480
GWAS_Asp_Goodman,Zm00001eb030350
GWAS_Asp_Goodman,Zm00001eb030360
GWAS_Asp_Goodman,Zm00001eb044430
GWAS_Asp_Goodman,Zm00001eb044440
GWAS_Asp_Goodman,Zm00001eb044450
GWAS_Asp_Goodman,Zm00001eb044470
GWAS_Asp_Goodman,Zm00001eb044480
GWAS_Asp_Goodman,Zm00001eb044490
GWAS_Asp_Goodman,Zm00001eb041450
GWAS_Asp_Goodman,Zm00001eb041460
GWAS_Asp_Goodman,Zm00001eb041470
GWAS_Asp_Goodman,Zm00001eb038890
GWAS_Asp_Goodman,Zm00001eb038900
GWAS_Asp_Goodman,Zm00001eb038910
GWAS_Asp_Goodman,Zm00001eb012020
GWAS_Asp_Goodman,Zm00001eb012030
GWAS_Asp_Goodman,Zm00001eb012040
GWAS_Asp_Goodman,Zm00001eb012060
GWAS_Asp_Goodman,Zm00001eb012070
GWAS_Asp_Goodman,Zm00001eb027100
GWAS_Asp_Goodman,Zm00001eb027120
GWAS_Asp_Goodman,Zm00001eb005540
GWAS_Asp_Goodman,Zm00001eb005550
GWAS_Asp_Goodman,Zm00001eb024240
GWAS_Asp_Goodman,Zm00001eb024250
GWAS_Asp_Goodman,Zm00001eb024260
GWAS_Asp_Goodman,Zm00001eb042750
GWAS_Asp_Goodman,Zm00001eb040520
GWAS_Asp_Goodman,Zm00001eb040530
GWAS_Asp_Goodman,Zm00001eb040540
GWAS_Asp_Goodman,Zm00001eb040550
GWAS_Asp_Goodman,Zm00001eb040650
GWAS_Asp_Goodman,Zm00001eb040660
GWAS_Asp_Goodman,Zm00001eb040680
GWAS_Asp_Goodman,Zm00001eb040690
GWAS_Asp_Goodman,Zm00001eb007640
GWAS_Asp_Goodman,Zm00001eb007650
GWAS_Asp_Goodman,Zm00001eb007670
GWAS_Asp_Goodman,Zm00001eb002000
GWAS_Asp_Goodman,Zm00001eb002010
GWAS_Asp_Goodman,Zm00001eb002020
GWAS_Asp_Goodman,Zm00001eb002030
GWAS_Asp_Goodman,Zm00001eb002040
GWAS_Asp_Goodman,Zm00001eb002050
GWAS_Asp_Goodman,Zm00001eb032070
GWAS_Asp_Goodman,Zm00001eb032100
GWAS_Asp_Goodman,Zm00001eb014450
GWAS_Asp_Goodman,Zm00001eb014460
GWAS_Asp_Goodman,Zm00001eb014470
GWAS_Asp_Goodman,Zm00001eb006640
GWAS_Asp_Goodman,Zm00001eb006650
GWAS_Asp_Goodman,Zm00001eb006660
GWAS_Asp_Goodman,Zm00001eb006670
GWAS_Asp_Goodman,Zm00001eb045630
GWAS_Asp_Goodman,Zm00001eb025850
GWAS_Asp_Goodman,Zm00001eb002780
GWAS_Asp_Goodman,Zm00001eb002790
GWAS_Asp_Goodman,Zm00001eb002800
GWAS_Asp_Goodman,Zm00001eb002810
GWAS_Asp_Goodman,Zm00001eb002820
GWAS_Asp_Goodman,Zm00001eb002830
GWAS_Asp_Goodman,Zm00001eb015830
GWAS_Asp_Goodman,Zm00001eb015840
GWAS_Asp_Goodman,Zm00001eb015850
GWAS_Asp_Goodman,Zm00001eb015860
GWAS_Glu_Goodman,Zm00001eb027590
GWAS_Glu_Goodman,Zm00001eb015170
GWAS_Glu_Goodman,Zm00001eb015190
GWAS_Glu_Goodman,Zm00001eb015200
GWAS_Glu_Goodman,Zm00001eb000640
GWAS_Glu_Goodman,Zm00001eb000650
GWAS_Glu_Goodman,Zm00001eb000660
GWAS_Glu_Goodman,Zm00001eb000670
GWAS_Glu_Goodman,Zm00001eb000680
GWAS_Glu_Goodman,Zm00001eb000690
GWAS_Glu_Goodman,Zm00001eb000700
GWAS_Glu_Goodman,Zm00001eb042460
GWAS_Glu_Goodman,Zm00001eb042270
GWAS_Glu_Goodman,Zm00001eb042280
GWAS_Glu_Goodman,Zm00001eb020620
GWAS_Glu_Goodman,Zm00001eb020630
GWAS_Glu_Goodman,Zm00001eb020640
GWAS_Glu_Goodman,Zm00001eb020650
GWAS_Glu_Goodman,Zm00001eb020660
GWAS_Glu_Goodman,Zm00001eb020670
GWAS_Glu_Goodman,Zm00001eb039780
GWAS_Glu_Goodman,Zm00001eb039790
GWAS_Glu_Goodman,Zm00001eb039800
GWAS_Glu_Goodman,Zm00001eb039810
GWAS_Glu_Goodman,Zm00001eb039820
GWAS_Glu_Goodman,Zm00001eb039830
GWAS_Glu_Goodman,Zm00001eb027700
GWAS_Glu_Goodman,Zm00001eb005110
GWAS_Glu_Goodman,Zm00001eb005120
GWAS_Glu_Goodman,Zm00001eb005130
GWAS_Glu_Goodman,Zm00001eb005140
GWAS_Glu_Goodman,Zm00001eb005150
GWAS_Glu_Goodman,Zm00001eb005160
GWAS_Glu_Goodman,Zm00001eb005170
GWAS_Glu_Goodman,Zm00001eb005180
GWAS_Glu_Goodman,Zm00001eb005190
GWAS_Glu_Goodman,Zm00001eb018110
GWAS_Glu_Goodman,Zm00001eb018120
GWAS_Glu_Goodman,Zm00001eb018130
GWAS_Glu_Goodman,Zm00001eb018140
GWAS_Glu_Goodman,Zm00001eb018150
GWAS_Glu_Goodman,Zm00001eb018170
GWAS_Glu_Goodman,Zm00001eb018180
GWAS_Glu_Goodman,Zm00001eb018200
GWAS_Glu_Goodman,Zm00001eb018210
GWAS_Glu_Goodman,Zm00001eb027680
GWAS_Glu_Goodman,Zm00001eb019370
GWAS_Glu_Goodman,Zm00001eb019380
GWAS_Glu_Goodman,Zm00001eb032280
GWAS_Glu_Goodman,Zm00001eb019030
GWAS_Glu_Goodman,Zm00001eb019040
GWAS_Glu_Goodman,Zm00001eb019050
GWAS_Glu_Goodman,Zm00001eb019060
GWAS_Glu_Goodman,Zm00001eb019070
GWAS_Glu_Goodman,Zm00001eb019080
GWAS_Glu_Goodman,Zm00001eb019090
GWAS_Glu_Goodman,Zm00001eb019100
GWAS_Glu_Goodman,Zm00001eb040960
GWAS_Glu_Goodman,Zm00001eb040970
GWAS_Glu_Goodman,Zm00001eb040980
GWAS_Glu_Goodman,Zm00001eb040990
GWAS_Glu_Goodman,Zm00001eb023640
GWAS_Glu_Goodman,Zm00001eb023650
GWAS_Glu_Goodman,Zm00001eb022350
GWAS_Glu_Goodman,Zm00001eb022360
GWAS_Glu_Goodman,Zm00001eb022380
GWAS_Glu_Goodman,Zm00001eb022390
GWAS_Glu_Goodman,Zm00001eb027830
GWAS_Glu_Goodman,Zm00001eb043140
GWAS_Glu_Goodman,Zm00001eb043150
GWAS_Glu_Goodman,Zm00001eb043160
GWAS_Glu_Goodman,Zm00001eb043170
GWAS_Glu_Goodman,Zm00001eb043180
GWAS_Glu_Goodman,Zm00001eb043190
GWAS_Glu_Goodman,Zm00001eb043200
GWAS_Glu_Goodman,Zm00001eb043210
GWAS_Glu_Goodman,Zm00001eb043220
GWAS_Glu_Goodman,Zm00001eb043230
GWAS_Glu_Goodman,Zm00001eb043240
GWAS_Glu_Goodman,Zm00001eb006160
GWAS_Glu_Goodman,Zm00001eb006170
GWAS_Glu_Goodman,Zm00001eb006180
GWAS_Glu_Goodman,Zm00001eb006190
GWAS_Glu_Goodman,Zm00001eb006200
GWAS_Glu_Goodman,Zm00001eb006210
GWAS_Glu_Goodman,Zm00001eb006240
GWAS_Glu_Goodman,Zm00001eb006260
GWAS_Glu_Goodman,Zm00001eb047350
GWAS_Glu_Goodman,Zm00001eb047360
GWAS_Glu_Goodman,Zm00001eb047370
GWAS_Glu_Goodman,Zm00001eb047390
GWAS_Glu_Goodman,Zm00001eb047400
GWAS_Glu_Goodman,Zm00001eb047410
GWAS_Glu_Goodman,Zm00001eb032130
GWAS_Glu_Goodman,Zm00001eb032150
GWAS_Glu_Goodman,Zm00001eb032160
GWAS_Glu_Goodman,Zm00001eb032170
GWAS_Glu_Goodman,Zm00001eb032180
GWAS_Glu_Goodman,Zm00001eb032190
GWAS_Glu_Goodman,Zm00001eb036060
GWAS_Glu_Goodman,Zm00001eb036070
GWAS_Glu_Goodman,Zm00001eb036080
GWAS_Glu_Goodman,Zm00001eb036100
GWAS_Glu_Goodman,Zm00001eb036110
GWAS_Glu_Goodman,Zm00001eb036130
GWAS_Glu_Goodman,Zm00001eb036140
GWAS_Glu_Goodman,Zm00001eb036150
GWAS_Glu_Goodman,Zm00001eb042470
GWAS_Glu_Goodman,Zm00001eb042480
GWAS_Glu_Goodman,Zm00001eb042490
GWAS_Glu_Goodman,Zm00001eb042510
GWAS_Glu_Goodman,Zm00001eb042520
GWAS_Glu_Goodman,Zm00001eb026230
GWAS_Glu_Goodman,Zm00001eb004160
GWAS_Glu_Goodman,Zm00001eb004170
GWAS_Glu_Goodman,Zm00001eb004180
GWAS_Glu_Goodman,Zm00001eb004190
GWAS_Glu_Goodman,Zm00001eb004200
GWAS_Glu_Goodman,Zm00001eb004210
GWAS_Glu_Goodman,Zm00001eb019770
GWAS_Glu_Goodman,Zm00001eb019780
GWAS_Glu_Goodman,Zm00001eb019800
GWAS_Glu_Goodman,Zm00001eb027220
GWAS_Glu_Goodman,Zm00001eb027230
GWAS_Glu_Goodman,Zm00001eb027240
GWAS_Glu_Goodman,Zm00001eb000770
GWAS_Glu_Goodman,Zm00001eb000780
GWAS_Glu_Goodman,Zm00001eb000790
GWAS_Glu_Goodman,Zm00001eb000800
GWAS_Glu_Goodman,Zm00001eb000810
GWAS_Glu_Goodman,Zm00001eb000820
GWAS_Glu_Goodman,Zm00001eb000830
GWAS_Glu_Goodman,Zm00001eb000840
GWAS_Glu_Goodman,Zm00001eb000850
GWAS_Glu_Goodman,Zm00001eb024890
GWAS_Glu_Goodman,Zm00001eb005590
GWAS_Glu_Goodman,Zm00001eb005600
GWAS_Glu_Goodman,Zm00001eb005610
GWAS_Glu_Goodman,Zm00001eb031010
GWAS_Glu_Goodman,Zm00001eb031020
GWAS_Glu_Goodman,Zm00001eb004720
GWAS_Glu_Goodman,Zm00001eb004730
GWAS_Glu_Goodman,Zm00001eb004740
GWAS_Glu_Goodman,Zm00001eb004750
GWAS_Glu_Goodman,Zm00001eb017680
GWAS_Glu_Goodman,Zm00001eb017690
GWAS_Glu_Goodman,Zm00001eb017700
GWAS_Glu_Goodman,Zm00001eb017710
GWAS_Glu_Goodman,Zm00001eb017720
GWAS_Glu_Goodman,Zm00001eb017730
GWAS_Glu_Goodman,Zm00001eb017750
GWAS_Glu_Goodman,Zm00001eb023090
GWAS_Glu_Goodman,Zm00001eb023100
GWAS_Glu_Goodman,Zm00001eb023110
GWAS_Glu_Goodman,Zm00001eb018710
GWAS_Glu_Goodman,Zm00001eb018720
GWAS_Glu_Goodman,Zm00001eb038010
GWAS_Glu_Goodman,Zm00001eb038020
GWAS_Glu_Goodman,Zm00001eb038030
GWAS_Glu_Goodman,Zm00001eb019840
GWAS_Glu_Goodman,Zm00001eb019850
GWAS_Glu_Goodman,Zm00001eb019860
GWAS_Glu_Goodman,Zm00001eb019870
GWAS_Glu_Goodman,Zm00001eb022270
GWAS_Glu_Goodman,Zm00001eb022280
GWAS_Glu_Goodman,Zm00001eb022290
GWAS_Glu_Goodman,Zm00001eb022300
GWAS_Glu_Goodman,Zm00001eb022310
GWAS_Glu_Goodman,Zm00001eb022320
GWAS_Glu_Goodman,Zm00001eb022330
GWAS_Glu_Goodman,Zm00001eb022340
GWAS_Glu_Goodman,Zm00001eb020780
GWAS_Glu_Goodman,Zm00001eb020790
GWAS_Glu_Goodman,Zm00001eb020800
GWAS_Glu_Goodman,Zm00001eb020810
GWAS_Glu_Goodman,Zm00001eb020820
GWAS_Glu_Goodman,Zm00001eb020830
GWAS_Glu_Goodman,Zm00001eb000340
GWAS_Glu_Goodman,Zm00001eb000360
GWAS_Glu_Goodman,Zm00001eb031320
GWAS_Glu_Goodman,Zm00001eb031330
GWAS_Glu_Goodman,Zm00001eb031340
GWAS_Glu_Goodman,Zm00001eb046660
GWAS_Glu_Goodman,Zm00001eb046670
GWAS_Glu_Goodman,Zm00001eb046680
GWAS_Glu_Goodman,Zm00001eb000190
GWAS_Glu_Goodman,Zm00001eb000200
GWAS_Glu_Goodman,Zm00001eb032720
GWAS_Glu_Goodman,Zm00001eb038480
GWAS_Glu_Goodman,Zm00001eb022050
GWAS_Glu_Goodman,Zm00001eb022070
GWAS_Glu_Goodman,Zm00001eb028570
GWAS_Glu_Goodman,Zm00001eb028580
GWAS_Glu_Goodman,Zm00001eb028590
GWAS_Glu_Goodman,Zm00001eb000550
GWAS_Glu_Goodman,Zm00001eb000560
GWAS_Glu_Goodman,Zm00001eb000570
GWAS_Glu_Goodman,Zm00001eb000580
GWAS_Glu_Goodman,Zm00001eb027000
GWAS_Glu_Goodman,Zm00001eb027420
GWAS_Glu_Goodman,Zm00001eb027430
GWAS_Glu_Goodman,Zm00001eb021070
GWAS_Glu_Goodman,Zm00001eb021080
GWAS_Glu_Goodman,Zm00001eb021090
GWAS_Glu_Goodman,Zm00001eb021100
GWAS_Glu_Goodman,Zm00001eb021110
GWAS_Glu_Goodman,Zm00001eb021120
GWAS_Glu_Goodman,Zm00001eb021140
GWAS_Glu_Goodman,Zm00001eb018730
GWAS_Glu_Goodman,Zm00001eb018750
GWAS_Glu_Goodman,Zm00001eb018810
GWAS_Glu_Goodman,Zm00001eb035730
GWAS_Glu_Goodman,Zm00001eb035740
GWAS_Glu_Goodman,Zm00001eb035750
GWAS_Glu_Goodman,Zm00001eb026430
GWAS_Glu_Goodman,Zm00001eb018560
GWAS_Glu_Goodman,Zm00001eb018570
GWAS_Glu_Goodman,Zm00001eb018590
GWAS_Glu_Goodman,Zm00001eb018600
GWAS_Glu_Goodman,Zm00001eb010830
GWAS_Glu_Goodman,Zm00001eb010840
GWAS_Glu_Goodman,Zm00001eb010850
GWAS_Glu_Goodman,Zm00001eb010860
GWAS_Glu_Goodman,Zm00001eb010870
GWAS_Glu_Goodman,Zm00001eb010890
GWAS_Glu_Goodman,Zm00001eb010900
GWAS_Glu_Goodman,Zm00001eb010910
GWAS_Glu_Goodman,Zm00001eb010940
GWAS_Glu_Goodman,Zm00001eb010950
GWAS_Glu_Goodman,Zm00001eb010960
GWAS_Glu_Goodman,Zm00001eb038180
GWAS_Glu_Goodman,Zm00001eb038190
GWAS_Glu_Goodman,Zm00001eb038200
GWAS_Glu_Goodman,Zm00001eb038210
GWAS_Glu_Goodman,Zm00001eb008420
GWAS_Glu_Goodman,Zm00001eb008430
GWAS_Glu_Goodman,Zm00001eb008440
GWAS_Glu_Goodman,Zm00001eb008450
GWAS_Glu_Goodman,Zm00001eb008460
GWAS_Glu_Goodman,Zm00001eb008470
GWAS_Glu_Goodman,Zm00001eb008480
GWAS_Glu_Goodman,Zm00001eb008490
GWAS_Glu_Goodman,Zm00001eb008500
GWAS_Glu_Goodman,Zm00001eb008510
GWAS_Glu_Goodman,Zm00001eb008520
GWAS_Glu_Goodman,Zm00001eb046230
GWAS_Glu_Goodman,Zm00001eb046240
GWAS_Glu_Goodman,Zm00001eb046250
GWAS_Glu_Goodman,Zm00001eb046260
GWAS_Glu_Goodman,Zm00001eb046270
GWAS_Glu_Goodman,Zm00001eb046280
GWAS_Glu_Goodman,Zm00001eb032320
GWAS_Glu_Goodman,Zm00001eb032330
GWAS_Glu_Goodman,Zm00001eb032340
GWAS_Glu_Goodman,Zm00001eb032360
GWAS_Glu_Goodman,Zm00001eb032370
GWAS_Glu_Goodman,Zm00001eb032380
GWAS_Glu_Goodman,Zm00001eb025790
GWAS_Glu_Goodman,Zm00001eb025800
GWAS_Glu_Goodman,Zm00001eb025810
GWAS_Glu_Goodman,Zm00001eb025990
GWAS_Glu_Goodman,Zm00001eb028170
GWAS_Glu_Goodman,Zm00001eb028780
GWAS_Glu_Goodman,Zm00001eb028800
GWAS_Glu_Goodman,Zm00001eb000870
GWAS_Glu_Goodman,Zm00001eb000880
GWAS_Glu_Goodman,Zm00001eb000890
GWAS_Glu_Goodman,Zm00001eb000900
GWAS_Glu_Goodman,Zm00001eb000910
GWAS_Glu_Goodman,Zm00001eb000920
GWAS_Glu_Goodman,Zm00001eb000930
GWAS_Glu_Goodman,Zm00001eb000940
GWAS_Glu_Goodman,Zm00001eb046290
GWAS_Glu_Goodman,Zm00001eb046300
GWAS_Glu_Goodman,Zm00001eb046310
GWAS_Glu_Goodman,Zm00001eb046320
GWAS_Glu_Goodman,Zm00001eb046330
GWAS_Glu_Goodman,Zm00001eb028420
GWAS_Glu_Goodman,Zm00001eb028430
GWAS_Glu_Goodman,Zm00001eb028440
GWAS_Glu_Goodman,Zm00001eb028450
GWAS_Glu_Goodman,Zm00001eb023480
GWAS_Glu_Goodman,Zm00001eb023490
GWAS_Glu_Goodman,Zm00001eb011800
GWAS_Glu_Goodman,Zm00001eb011810
GWAS_Glu_Goodman,Zm00001eb011820
GWAS_Glu_Goodman,Zm00001eb011830
GWAS_Glu_Goodman,Zm00001eb011840
GWAS_Glu_Goodman,Zm00001eb011850
GWAS_Glu_Goodman,Zm00001eb011860
GWAS_Glu_Goodman,Zm00001eb011870
GWAS_Glu_Goodman,Zm00001eb011880
GWAS_Glu_Goodman,Zm00001eb011890
GWAS_Glu_Goodman,Zm00001eb011900
GWAS_Glu_Goodman,Zm00001eb015270
GWAS_Glu_Goodman,Zm00001eb015290
GWAS_Glu_Goodman,Zm00001eb015300
GWAS_Glu_Goodman,Zm00001eb015310
GWAS_Glu_Goodman,Zm00001eb015320
GWAS_Glu_Goodman,Zm00001eb023530
GWAS_Glu_Goodman,Zm00001eb023540
GWAS_Glu_Goodman,Zm00001eb025660
GWAS_Glu_Goodman,Zm00001eb022000
GWAS_Glu_Goodman,Zm00001eb022010
GWAS_Glu_Goodman,Zm00001eb023560
GWAS_Glu_Goodman,Zm00001eb023570
GWAS_Glu_Goodman,Zm00001eb023590
GWAS_Asn_Goodman,Zm00001eb057740
GWAS_Asn_Goodman,Zm00001eb057750
GWAS_Asn_Goodman,Zm00001eb057760
GWAS_Asn_Goodman,Zm00001eb057770
GWAS_Asn_Goodman,Zm00001eb057780
GWAS_Asn_Goodman,Zm00001eb057790
GWAS_Asn_Goodman,Zm00001eb057800
GWAS_Asn_Goodman,Zm00001eb057810
GWAS_Asn_Goodman,Zm00001eb029250
GWAS_Asn_Goodman,Zm00001eb012020
GWAS_Asn_Goodman,Zm00001eb012030
GWAS_Asn_Goodman,Zm00001eb012040
GWAS_Asn_Goodman,Zm00001eb012060
GWAS_Asn_Goodman,Zm00001eb012070
GWAS_Asn_Goodman,Zm00001eb006830
GWAS_Asn_Goodman,Zm00001eb006840
GWAS_Asn_Goodman,Zm00001eb006850
GWAS_Asn_Goodman,Zm00001eb006860
GWAS_Asn_Goodman,Zm00001eb025840
GWAS_Asn_Goodman,Zm00001eb018120
GWAS_Asn_Goodman,Zm00001eb018130
GWAS_Asn_Goodman,Zm00001eb018140
GWAS_Asn_Goodman,Zm00001eb018150
GWAS_Asn_Goodman,Zm00001eb018170
GWAS_Asn_Goodman,Zm00001eb018180
GWAS_Asn_Goodman,Zm00001eb018200
GWAS_Asn_Goodman,Zm00001eb018210
GWAS_Asn_Goodman,Zm00001eb041770
GWAS_Asn_Goodman,Zm00001eb041780
GWAS_Asn_Goodman,Zm00001eb041790
GWAS_Asn_Goodman,Zm00001eb041800
GWAS_Asn_Goodman,Zm00001eb041810
GWAS_Asn_Goodman,Zm00001eb041820
GWAS_Asn_Goodman,Zm00001eb041830
GWAS_Asn_Goodman,Zm00001eb022500
GWAS_Asn_Goodman,Zm00001eb031860
GWAS_Asn_Goodman,Zm00001eb031870
GWAS_Asn_Goodman,Zm00001eb031880
GWAS_Asn_Goodman,Zm00001eb031890
GWAS_Asn_Goodman,Zm00001eb031900
GWAS_Asn_Goodman,Zm00001eb031910
GWAS_Asn_Goodman,Zm00001eb031920
GWAS_Asn_Goodman,Zm00001eb031930
GWAS_Asn_Goodman,Zm00001eb027100
GWAS_Asn_Goodman,Zm00001eb027120
GWAS_Asn_Goodman,Zm00001eb014090
GWAS_Asn_Goodman,Zm00001eb014100
GWAS_Asn_Goodman,Zm00001eb014110
GWAS_Asn_Goodman,Zm00001eb014120
GWAS_Asn_Goodman,Zm00001eb014130
GWAS_Asn_Goodman,Zm00001eb014140
GWAS_Asn_Goodman,Zm00001eb014150
GWAS_Asn_Goodman,Zm00001eb024600
GWAS_Asn_Goodman,Zm00001eb000890
GWAS_Asn_Goodman,Zm00001eb000900
GWAS_Asn_Goodman,Zm00001eb000910
GWAS_Asn_Goodman,Zm00001eb000920
GWAS_Asn_Goodman,Zm00001eb000930
GWAS_Asn_Goodman,Zm00001eb000940
GWAS_Asn_Goodman,Zm00001eb000960
GWAS_Asn_Goodman,Zm00001eb000970
GWAS_Asn_Goodman,Zm00001eb000980
GWAS_Asn_Goodman,Zm00001eb000990
GWAS_Asn_Goodman,Zm00001eb001000
GWAS_Asn_Goodman,Zm00001eb006430
GWAS_Asn_Goodman,Zm00001eb006440
GWAS_Asn_Goodman,Zm00001eb006450
GWAS_Asn_Goodman,Zm00001eb006460
GWAS_Asn_Goodman,Zm00001eb006470
GWAS_Asn_Goodman,Zm00001eb006480
GWAS_Asn_Goodman,Zm00001eb006490
GWAS_Asn_Goodman,Zm00001eb034290
GWAS_Asn_Goodman,Zm00001eb034320
GWAS_Asn_Goodman,Zm00001eb034330
GWAS_Asn_Goodman,Zm00001eb034350
GWAS_Asn_Goodman,Zm00001eb034360
GWAS_Asn_Goodman,Zm00001eb029630
GWAS_Asn_Goodman,Zm00001eb026790
GWAS_Asn_Goodman,Zm00001eb026800
GWAS_Asn_Goodman,Zm00001eb035730
GWAS_Asn_Goodman,Zm00001eb035740
GWAS_Asn_Goodman,Zm00001eb035750
GWAS_Asn_Goodman,Zm00001eb033290
GWAS_Asn_Goodman,Zm00001eb033310
GWAS_Asn_Goodman,Zm00001eb033320
GWAS_Asn_Goodman,Zm00001eb033330
GWAS_Asn_Goodman,Zm00001eb030670
GWAS_Asn_Goodman,Zm00001eb031240
GWAS_Asn_Goodman,Zm00001eb031250
GWAS_Asn_Goodman,Zm00001eb031270
GWAS_Asn_Goodman,Zm00001eb053020
GWAS_Asn_Goodman,Zm00001eb053030
GWAS_Asn_Goodman,Zm00001eb053040
GWAS_Asn_Goodman,Zm00001eb053050
GWAS_Asn_Goodman,Zm00001eb053060
GWAS_Asn_Goodman,Zm00001eb053070
GWAS_Asn_Goodman,Zm00001eb053090
GWAS_Asn_Goodman,Zm00001eb027830
GWAS_Asn_Goodman,Zm00001eb043600
GWAS_Asn_Goodman,Zm00001eb043610
GWAS_Asn_Goodman,Zm00001eb043620
GWAS_Asn_Goodman,Zm00001eb043630
GWAS_Asn_Goodman,Zm00001eb043640
GWAS_Asn_Goodman,Zm00001eb043650
GWAS_Asn_Goodman,Zm00001eb043660
GWAS_Asn_Goodman,Zm00001eb043670
GWAS_Asn_Goodman,Zm00001eb024400
GWAS_Asn_Goodman,Zm00001eb024410
GWAS_Asn_Goodman,Zm00001eb024420
GWAS_Asn_Goodman,Zm00001eb024430
GWAS_Asn_Goodman,Zm00001eb024440
GWAS_Asn_Goodman,Zm00001eb003730
GWAS_Asn_Goodman,Zm00001eb003740
GWAS_Asn_Goodman,Zm00001eb003750
GWAS_Asn_Goodman,Zm00001eb003760
GWAS_Asn_Goodman,Zm00001eb003770
GWAS_Asn_Goodman,Zm00001eb045960
GWAS_Asn_Goodman,Zm00001eb045970
GWAS_Asn_Goodman,Zm00001eb045980
GWAS_Asn_Goodman,Zm00001eb045990
GWAS_Asn_Goodman,Zm00001eb046010
GWAS_Asn_Goodman,Zm00001eb046020
GWAS_Asn_Goodman,Zm00001eb046030
GWAS_Asn_Goodman,Zm00001eb038910
GWAS_Asn_Goodman,Zm00001eb038920
GWAS_Asn_Goodman,Zm00001eb038930
GWAS_Asn_Goodman,Zm00001eb015780
GWAS_Asn_Goodman,Zm00001eb015790
GWAS_Asn_Goodman,Zm00001eb015800
GWAS_Asn_Goodman,Zm00001eb015820
GWAS_Asn_Goodman,Zm00001eb031300
GWAS_Asn_Goodman,Zm00001eb031310
GWAS_Asn_Goodman,Zm00001eb047860
GWAS_Asn_Goodman,Zm00001eb047870
GWAS_Asn_Goodman,Zm00001eb047880
GWAS_Asn_Goodman,Zm00001eb015530
GWAS_Asn_Goodman,Zm00001eb015540
GWAS_Asn_Goodman,Zm00001eb015550
GWAS_Asn_Goodman,Zm00001eb015560
GWAS_Asn_Goodman,Zm00001eb027660
GWAS_Asn_Goodman,Zm00001eb008000
GWAS_Asn_Goodman,Zm00001eb008010
GWAS_Asn_Goodman,Zm00001eb008030
GWAS_Asn_Goodman,Zm00001eb008040
GWAS_Asn_Goodman,Zm00001eb008050
GWAS_Asn_Goodman,Zm00001eb008060
GWAS_Asn_Goodman,Zm00001eb008070
GWAS_Asn_Goodman,Zm00001eb039740
GWAS_Asn_Goodman,Zm00001eb039750
GWAS_Asn_Goodman,Zm00001eb021520
GWAS_Asn_Goodman,Zm00001eb021530
GWAS_Asn_Goodman,Zm00001eb021550
GWAS_Asn_Goodman,Zm00001eb021570
GWAS_Asn_Goodman,Zm00001eb021580
GWAS_Asn_Goodman,Zm00001eb026890
GWAS_Asn_Goodman,Zm00001eb026900
GWAS_Asn_Goodman,Zm00001eb026910
GWAS_Asn_Goodman,Zm00001eb058940
GWAS_Asn_Goodman,Zm00001eb058950
GWAS_Asn_Goodman,Zm00001eb058960
GWAS_Asn_Goodman,Zm00001eb058970
GWAS_Asn_Goodman,Zm00001eb058980
GWAS_Asn_Goodman,Zm00001eb058990
GWAS_Asn_Goodman,Zm00001eb060160
GWAS_Asn_Goodman,Zm00001eb060170
GWAS_Asn_Goodman,Zm00001eb060180
GWAS_Asn_Goodman,Zm00001eb060190
GWAS_Asn_Goodman,Zm00001eb060200
GWAS_Asn_Goodman,Zm00001eb044650
GWAS_Asn_Goodman,Zm00001eb044660
GWAS_Asn_Goodman,Zm00001eb044680
GWAS_Asn_Goodman,Zm00001eb044690
GWAS_Asn_Goodman,Zm00001eb044700
GWAS_Asn_Goodman,Zm00001eb023610
GWAS_Asn_Goodman,Zm00001eb044540
GWAS_Asn_Goodman,Zm00001eb044550
GWAS_Asn_Goodman,Zm00001eb044560
GWAS_Asn_Goodman,Zm00001eb044570
GWAS_Asn_Goodman,Zm00001eb044580
GWAS_Asn_Goodman,Zm00001eb044590
GWAS_Asn_Goodman,Zm00001eb006160
GWAS_Asn_Goodman,Zm00001eb006170
GWAS_Asn_Goodman,Zm00001eb006180
GWAS_Asn_Goodman,Zm00001eb006190
GWAS_Asn_Goodman,Zm00001eb006200
GWAS_Asn_Goodman,Zm00001eb006210
GWAS_Asn_Goodman,Zm00001eb006240
GWAS_Asn_Goodman,Zm00001eb006260
GWAS_Asn_Goodman,Zm00001eb042360
GWAS_Asn_Goodman,Zm00001eb042370
GWAS_Asn_Goodman,Zm00001eb042380
GWAS_Asn_Goodman,Zm00001eb029200
GWAS_Asn_Goodman,Zm00001eb001660
GWAS_Asn_Goodman,Zm00001eb001670
GWAS_Asn_Goodman,Zm00001eb001680
GWAS_Asn_Goodman,Zm00001eb001690
GWAS_Asn_Goodman,Zm00001eb001700
GWAS_Asn_Goodman,Zm00001eb001710
GWAS_Asn_Goodman,Zm00001eb001720
GWAS_Asn_Goodman,Zm00001eb001740
GWAS_Asn_Goodman,Zm00001eb002140
GWAS_Asn_Goodman,Zm00001eb002150
GWAS_Asn_Goodman,Zm00001eb002170
GWAS_Asn_Goodman,Zm00001eb002180
GWAS_Asn_Goodman,Zm00001eb002190
GWAS_Asn_Goodman,Zm00001eb002200
GWAS_Asn_Goodman,Zm00001eb002210
GWAS_Asn_Goodman,Zm00001eb002220
GWAS_Asn_Goodman,Zm00001eb002240
GWAS_Asn_Goodman,Zm00001eb002250
GWAS_Asn_Goodman,Zm00001eb002260
GWAS_Asn_Goodman,Zm00001eb002460
GWAS_Asn_Goodman,Zm00001eb002470
GWAS_Asn_Goodman,Zm00001eb002480
GWAS_Asn_Goodman,Zm00001eb002490
GWAS_Asn_Goodman,Zm00001eb002510
GWAS_Asn_Goodman,Zm00001eb002520
GWAS_Asn_Goodman,Zm00001eb002530
GWAS_Asn_Goodman,Zm00001eb013440
GWAS_Asn_Goodman,Zm00001eb013450
GWAS_Asn_Goodman,Zm00001eb013460
GWAS_Asn_Goodman,Zm00001eb013470
GWAS_Asn_Goodman,Zm00001eb013480
GWAS_Asn_Goodman,Zm00001eb012610
GWAS_Asn_Goodman,Zm00001eb012620
GWAS_Asn_Goodman,Zm00001eb012630
GWAS_Asn_Goodman,Zm00001eb012640
GWAS_Asn_Goodman,Zm00001eb012650
GWAS_Asn_Goodman,Zm00001eb012660
GWAS_Asn_Goodman,Zm00001eb041640
GWAS_Asn_Goodman,Zm00001eb041650
GWAS_Asn_Goodman,Zm00001eb041660
GWAS_Asn_Goodman,Zm00001eb041670
GWAS_Asn_Goodman,Zm00001eb041680
GWAS_Asn_Goodman,Zm00001eb023620
GWAS_Asn_Goodman,Zm00001eb023630
GWAS_Asn_Goodman,Zm00001eb023640
GWAS_Asn_Goodman,Zm00001eb005350
GWAS_Asn_Goodman,Zm00001eb005360
GWAS_Asn_Goodman,Zm00001eb005370
GWAS_Asn_Goodman,Zm00001eb005380
GWAS_Asn_Goodman,Zm00001eb005390
GWAS_Asn_Goodman,Zm00001eb005400
GWAS_Asn_Goodman,Zm00001eb005410
GWAS_Asn_Goodman,Zm00001eb038680
GWAS_Asn_Goodman,Zm00001eb038690
GWAS_Asn_Goodman,Zm00001eb038700
GWAS_Asn_Goodman,Zm00001eb038710
GWAS_Asn_Goodman,Zm00001eb025330
GWAS_Asn_Goodman,Zm00001eb025340
GWAS_Asn_Goodman,Zm00001eb025350
GWAS_Asn_Goodman,Zm00001eb025110
GWAS_Asn_Goodman,Zm00001eb025120
GWAS_Asn_Goodman,Zm00001eb028170
GWAS_Asn_Goodman,Zm00001eb041000
GWAS_Asn_Goodman,Zm00001eb041010
GWAS_Asn_Goodman,Zm00001eb004040
GWAS_Asn_Goodman,Zm00001eb004050
GWAS_Asn_Goodman,Zm00001eb004060
GWAS_Asn_Goodman,Zm00001eb004070
GWAS_Asn_Goodman,Zm00001eb004080
GWAS_Asn_Goodman,Zm00001eb004090
GWAS_Asn_Goodman,Zm00001eb017630
GWAS_Asn_Goodman,Zm00001eb017640
GWAS_Asn_Goodman,Zm00001eb017650
GWAS_Asn_Goodman,Zm00001eb017660
GWAS_Asn_Goodman,Zm00001eb017670
GWAS_Asn_Goodman,Zm00001eb004830
GWAS_Asn_Goodman,Zm00001eb004840
GWAS_Asn_Goodman,Zm00001eb004850
GWAS_Asn_Goodman,Zm00001eb004860
GWAS_Asn_Goodman,Zm00001eb004880
GWAS_Asn_Goodman,Zm00001eb004890
GWAS_Asn_Goodman,Zm00001eb004900
GWAS_Asn_Goodman,Zm00001eb004920
GWAS_Asn_Goodman,Zm00001eb033400
GWAS_Asn_Goodman,Zm00001eb025770
GWAS_Asn_Goodman,Zm00001eb025780
GWAS_Asn_Goodman,Zm00001eb024000
GWAS_Asn_Goodman,Zm00001eb024010
GWAS_Asn_Goodman,Zm00001eb020510
GWAS_Asn_Goodman,Zm00001eb020520
GWAS_Asn_Goodman,Zm00001eb046050
GWAS_Asn_Goodman,Zm00001eb046060
GWAS_Asn_Goodman,Zm00001eb046070
GWAS_Asn_Goodman,Zm00001eb023170
GWAS_Asn_Goodman,Zm00001eb030630
GWAS_Asn_Goodman,Zm00001eb030640
GWAS_Asn_Goodman,Zm00001eb026710
GWAS_Asn_Goodman,Zm00001eb026730
GWAS_Asn_Goodman,Zm00001eb026740
GWAS_Asn_Goodman,Zm00001eb026760
GWAS_Asn_Goodman,Zm00001eb015130
GWAS_Asn_Goodman,Zm00001eb031780
GWAS_Asn_Goodman,Zm00001eb031790
GWAS_Asn_Goodman,Zm00001eb031800
GWAS_Asn_Goodman,Zm00001eb031810
GWAS_Asn_Goodman,Zm00001eb031820
GWAS_Asn_Goodman,Zm00001eb031830
GWAS_Asn_Goodman,Zm00001eb028610
GWAS_Asn_Goodman,Zm00001eb028620
GWAS_Asn_Goodman,Zm00001eb047240
GWAS_Asn_Goodman,Zm00001eb047250
GWAS_Asn_Goodman,Zm00001eb047260
GWAS_Asn_Goodman,Zm00001eb047270
GWAS_Asn_Goodman,Zm00001eb000620
GWAS_Asn_Goodman,Zm00001eb000630
GWAS_Asn_Goodman,Zm00001eb000640
GWAS_Asn_Goodman,Zm00001eb000650
GWAS_Asn_Goodman,Zm00001eb000660
GWAS_Asn_Goodman,Zm00001eb028340
GWAS_Asn_Goodman,Zm00001eb028350
GWAS_Asn_Goodman,Zm00001eb025470
GWAS_Asn_Goodman,Zm00001eb025480
GWAS_Asn_Goodman,Zm00001eb025490
GWAS_Asn_Goodman,Zm00001eb026770
GWAS_Asn_Goodman,Zm00001eb060140
GWAS_Asn_Goodman,Zm00001eb026810
GWAS_Asn_Goodman,Zm00001eb026820
GWAS_Asn_Goodman,Zm00001eb040230
GWAS_Asn_Goodman,Zm00001eb040240
GWAS_Asn_Goodman,Zm00001eb023480
GWAS_Asn_Goodman,Zm00001eb023490
GWAS_Asn_Goodman,Zm00001eb000340
GWAS_Asn_Goodman,Zm00001eb000360
GWAS_Asn_Goodman,Zm00001eb000370
GWAS_Asn_Goodman,Zm00001eb026400
GWAS_Asn_Goodman,Zm00001eb026410
GWAS_Asn_Goodman,Zm00001eb029090
GWAS_Asn_Goodman,Zm00001eb029100
GWAS_Asn_Goodman,Zm00001eb057820
GWAS_Asn_Goodman,Zm00001eb057830
GWAS_Asn_Goodman,Zm00001eb057840
GWAS_Asn_Goodman,Zm00001eb057850
GWAS_Asn_Goodman,Zm00001eb008310
GWAS_Asn_Goodman,Zm00001eb043880
GWAS_Asn_Goodman,Zm00001eb043890
GWAS_Asn_Goodman,Zm00001eb043900
GWAS_Asn_Goodman,Zm00001eb043910
GWAS_Asn_Goodman,Zm00001eb043920
GWAS_Asn_Goodman,Zm00001eb044130
GWAS_Asn_Goodman,Zm00001eb044140
GWAS_Asn_Goodman,Zm00001eb044160
GWAS_Asn_Goodman,Zm00001eb008320
GWAS_Asn_Goodman,Zm00001eb008330
GWAS_Asn_Goodman,Zm00001eb008340
GWAS_Asn_Goodman,Zm00001eb008350
GWAS_Asn_Goodman,Zm00001eb008360
GWAS_Asn_Goodman,Zm00001eb028330
GWAS_Asn_Goodman,Zm00001eb046530
GWAS_Asn_Goodman,Zm00001eb046540
GWAS_Asn_Goodman,Zm00001eb046550
GWAS_Asn_Goodman,Zm00001eb046560
GWAS_Asn_Goodman,Zm00001eb046570
GWAS_Asn_Goodman,Zm00001eb046580
GWAS_Asn_Goodman,Zm00001eb046590
GWAS_Asn_Goodman,Zm00001eb023860
GWAS_Asn_Goodman,Zm00001eb023870
GWAS_Asn_Goodman,Zm00001eb023880
GWAS_Asn_Goodman,Zm00001eb023890
GWAS_Asn_Goodman,Zm00001eb023900
GWAS_Asn_Goodman,Zm00001eb000380
GWAS_Asn_Goodman,Zm00001eb000390
GWAS_Asn_Goodman,Zm00001eb042200
GWAS_Asn_Goodman,Zm00001eb042210
GWAS_Asn_Goodman,Zm00001eb042220
GWAS_Asn_Goodman,Zm00001eb023160
GWAS_Asn_Goodman,Zm00001eb014350
GWAS_Asn_Goodman,Zm00001eb014370
GWAS_Asn_Goodman,Zm00001eb014390
GWAS_Asn_Goodman,Zm00001eb014420
GWAS_Asn_Goodman,Zm00001eb014430
GWAS_Asn_Goodman,Zm00001eb014440
GWAS_Asn_Goodman,Zm00001eb019520
GWAS_Asn_Goodman,Zm00001eb019530
GWAS_Asn_Goodman,Zm00001eb038200
GWAS_Asn_Goodman,Zm00001eb038210
GWAS_Asn_Goodman,Zm00001eb038220
GWAS_Asn_Goodman,Zm00001eb038230
GWAS_Asn_Goodman,Zm00001eb001060
GWAS_Asn_Goodman,Zm00001eb001070
GWAS_Asn_Goodman,Zm00001eb001090
GWAS_Asn_Goodman,Zm00001eb001100
GWAS_Asn_Goodman,Zm00001eb001110
GWAS_Asn_Goodman,Zm00001eb031470
GWAS_Asn_Goodman,Zm00001eb031480
GWAS_Asn_Goodman,Zm00001eb031490
GWAS_Asn_Goodman,Zm00001eb031620
GWAS_Asn_Goodman,Zm00001eb031630
GWAS_Asn_Goodman,Zm00001eb010130
GWAS_Asn_Goodman,Zm00001eb010140
GWAS_Asn_Goodman,Zm00001eb010150
GWAS_Asn_Goodman,Zm00001eb010160
GWAS_Asn_Goodman,Zm00001eb010170
GWAS_Asn_Goodman,Zm00001eb010180
GWAS_Asn_Goodman,Zm00001eb010190
GWAS_Asn_Goodman,Zm00001eb023370
GWAS_Asn_Goodman,Zm00001eb023380
GWAS_Asn_Goodman,Zm00001eb023390
GWAS_Asn_Goodman,Zm00001eb009300
GWAS_Asn_Goodman,Zm00001eb009310
GWAS_Asn_Goodman,Zm00001eb006270
GWAS_Asn_Goodman,Zm00001eb006280
GWAS_Asn_Goodman,Zm00001eb006290
GWAS_Asn_Goodman,Zm00001eb006300
GWAS_Asn_Goodman,Zm00001eb006310
GWAS_Asn_Goodman,Zm00001eb006320
GWAS_Asn_Goodman,Zm00001eb006330
GWAS_Asn_Goodman,Zm00001eb006340
GWAS_Asn_Goodman,Zm00001eb006350
GWAS_Asn_Goodman,Zm00001eb006360
GWAS_Asn_Goodman,Zm00001eb006370
GWAS_Asn_Goodman,Zm00001eb006380
GWAS_Asn_Goodman,Zm00001eb006390
GWAS_Asn_Goodman,Zm00001eb006400
GWAS_Asn_Goodman,Zm00001eb002390
GWAS_Asn_Goodman,Zm00001eb002410
GWAS_Asn_Goodman,Zm00001eb002420
GWAS_Asn_Goodman,Zm00001eb002430
GWAS_Asn_Goodman,Zm00001eb002440
GWAS_Asn_Goodman,Zm00001eb002450
GWAS_Asn_Goodman,Zm00001eb061390
GWAS_Asn_Goodman,Zm00001eb061400
GWAS_Asn_Goodman,Zm00001eb061410
GWAS_Asn_Goodman,Zm00001eb061430
GWAS_Asn_Goodman,Zm00001eb003550
GWAS_Asn_Goodman,Zm00001eb003560
GWAS_Asn_Goodman,Zm00001eb003570
GWAS_Asn_Goodman,Zm00001eb003580
GWAS_Asn_Goodman,Zm00001eb003590
GWAS_Asn_Goodman,Zm00001eb003600
GWAS_Asn_Goodman,Zm00001eb003610
GWAS_Asn_Goodman,Zm00001eb023530
GWAS_Asn_Goodman,Zm00001eb023540
GWAS_Asn_Goodman,Zm00001eb023560
GWAS_Asn_Goodman,Zm00001eb023570
GWAS_Asn_Goodman,Zm00001eb040760
GWAS_Asn_Goodman,Zm00001eb040770
GWAS_Asn_Goodman,Zm00001eb021200
GWAS_Asn_Goodman,Zm00001eb021210
GWAS_Asn_Goodman,Zm00001eb021220
GWAS_Asn_Goodman,Zm00001eb021230
GWAS_Asn_Goodman,Zm00001eb021240
GWAS_Asn_Goodman,Zm00001eb021260
GWAS_Asn_Goodman,Zm00001eb007800
GWAS_Asn_Goodman,Zm00001eb007810
GWAS_Asn_Goodman,Zm00001eb007820
GWAS_Asn_Goodman,Zm00001eb007830
GWAS_Asn_Goodman,Zm00001eb007840
GWAS_Asn_Goodman,Zm00001eb007850
GWAS_Asn_Goodman,Zm00001eb036600
GWAS_Asn_Goodman,Zm00001eb036610
GWAS_Asn_Goodman,Zm00001eb019720
GWAS_Asn_Goodman,Zm00001eb019730
GWAS_Asn_Goodman,Zm00001eb019740
GWAS_Asn_Goodman,Zm00001eb019750
GWAS_Asn_Goodman,Zm00001eb028220
GWAS_Asn_Goodman,Zm00001eb010320
GWAS_Asn_Goodman,Zm00001eb010330
GWAS_Asn_Goodman,Zm00001eb010340
GWAS_Asn_Goodman,Zm00001eb001860
GWAS_Asn_Goodman,Zm00001eb001870
GWAS_Asn_Goodman,Zm00001eb001880
GWAS_Asn_Goodman,Zm00001eb001890
GWAS_Asn_Goodman,Zm00001eb001900
GWAS_Asn_Goodman,Zm00001eb001910
GWAS_Asn_Goodman,Zm00001eb001920
GWAS_Asn_Goodman,Zm00001eb001940
GWAS_Asn_Goodman,Zm00001eb000670
GWAS_Asn_Goodman,Zm00001eb000680
GWAS_Asn_Goodman,Zm00001eb000690
GWAS_Asn_Goodman,Zm00001eb000700
GWAS_Asn_Goodman,Zm00001eb000710
GWAS_Asn_Goodman,Zm00001eb031320
GWAS_Asn_Goodman,Zm00001eb031330
GWAS_Asn_Goodman,Zm00001eb031340
GWAS_Asn_Goodman,Zm00001eb009990
GWAS_Asn_Goodman,Zm00001eb010000
GWAS_Asn_Goodman,Zm00001eb010010
GWAS_Asn_Goodman,Zm00001eb010020
GWAS_Asn_Goodman,Zm00001eb051610
GWAS_Asn_Goodman,Zm00001eb051620
GWAS_Asn_Goodman,Zm00001eb051630
GWAS_Asn_Goodman,Zm00001eb051640
GWAS_Asn_Goodman,Zm00001eb051650
GWAS_Asn_Goodman,Zm00001eb031640
GWAS_Asn_Goodman,Zm00001eb031650
GWAS_Asn_Goodman,Zm00001eb031660
GWAS_Asn_Goodman,Zm00001eb031670
GWAS_Asn_Goodman,Zm00001eb031680
GWAS_Asn_Goodman,Zm00001eb028370
GWAS_Asn_Goodman,Zm00001eb000430
GWAS_Asn_Goodman,Zm00001eb000440
GWAS_Asn_Goodman,Zm00001eb000450
GWAS_Asn_Goodman,Zm00001eb000460
GWAS_Asn_Goodman,Zm00001eb000470
GWAS_Asn_Goodman,Zm00001eb000480
GWAS_Asn_Goodman,Zm00001eb026440
GWAS_Asn_Goodman,Zm00001eb026450
GWAS_Asn_Goodman,Zm00001eb026460
GWAS_Asn_Goodman,Zm00001eb026470
GWAS_Asn_Goodman,Zm00001eb026480
GWAS_Asn_Goodman,Zm00001eb040070
GWAS_Asn_Goodman,Zm00001eb040080
GWAS_Asn_Goodman,Zm00001eb040090
GWAS_Asn_Goodman,Zm00001eb028670
GWAS_Asn_Goodman,Zm00001eb045600
GWAS_Asn_Goodman,Zm00001eb045610
GWAS_Asn_Goodman,Zm00001eb045620
GWAS_Asn_Goodman,Zm00001eb028810
GWAS_Asn_Goodman,Zm00001eb028820
GWAS_Asn_Goodman,Zm00001eb028830
GWAS_Asn_Goodman,Zm00001eb028840
GWAS_Asn_Goodman,Zm00001eb023280
GWAS_Asn_Goodman,Zm00001eb023290
GWAS_Asn_Goodman,Zm00001eb023300
GWAS_Asn_Goodman,Zm00001eb023310
GWAS_Asn_Goodman,Zm00001eb023320
GWAS_Asn_Goodman,Zm00001eb025700
GWAS_Asn_Goodman,Zm00001eb008570
GWAS_Asn_Goodman,Zm00001eb008580
GWAS_Asn_Goodman,Zm00001eb008590
GWAS_Asn_Goodman,Zm00001eb008600
GWAS_Asn_Goodman,Zm00001eb027200
GWAS_Asn_Goodman,Zm00001eb027210
GWAS_Asn_Goodman,Zm00001eb043930
GWAS_Asn_Goodman,Zm00001eb000490
GWAS_Asn_Goodman,Zm00001eb000500
GWAS_Asn_Goodman,Zm00001eb041050
GWAS_Asn_Goodman,Zm00001eb041060
GWAS_Asn_Goodman,Zm00001eb041070
GWAS_Asn_Goodman,Zm00001eb041080
GWAS_Asn_Goodman,Zm00001eb041090
GWAS_Asn_Goodman,Zm00001eb041100
GWAS_Asn_Goodman,Zm00001eb028390
GWAS_Asn_Goodman,Zm00001eb028400
GWAS_Asn_Goodman,Zm00001eb028410
GWAS_Asn_Goodman,Zm00001eb028420
GWAS_Asn_Goodman,Zm00001eb028430
GWAS_Asn_Goodman,Zm00001eb008620
GWAS_Asn_Goodman,Zm00001eb008630
GWAS_Asn_Goodman,Zm00001eb008640
GWAS_Asn_Goodman,Zm00001eb008650
GWAS_Asn_Goodman,Zm00001eb008660
GWAS_Asn_Goodman,Zm00001eb061740
GWAS_Asn_Goodman,Zm00001eb061750
GWAS_Asn_Goodman,Zm00001eb061760
GWAS_Asn_Goodman,Zm00001eb061770
GWAS_Asn_Goodman,Zm00001eb061780
GWAS_Asn_Goodman,Zm00001eb061800
GWAS_Asn_Goodman,Zm00001eb027280
GWAS_Asn_Goodman,Zm00001eb027760
GWAS_Asn_Goodman,Zm00001eb001820
GWAS_Asn_Goodman,Zm00001eb001830
GWAS_Asn_Goodman,Zm00001eb001840
GWAS_Asn_Goodman,Zm00001eb020120
GWAS_Asn_Goodman,Zm00001eb003240
GWAS_Asn_Goodman,Zm00001eb003270
GWAS_Asn_Goodman,Zm00001eb003280
GWAS_Asn_Goodman,Zm00001eb003290
GWAS_Asn_Goodman,Zm00001eb003300
GWAS_Asn_Goodman,Zm00001eb003310
GWAS_Asn_Goodman,Zm00001eb025050
GWAS_Asn_Goodman,Zm00001eb008080
GWAS_Asn_Goodman,Zm00001eb008090
GWAS_Asn_Goodman,Zm00001eb008100
GWAS_Asn_Goodman,Zm00001eb027580
GWAS_Asn_Goodman,Zm00001eb000540
GWAS_Asn_Goodman,Zm00001eb000550
GWAS_Asn_Goodman,Zm00001eb000560
GWAS_Asn_Goodman,Zm00001eb000570
GWAS_Asn_Goodman,Zm00001eb030660
GWAS_Asn_Goodman,Zm00001eb019390
GWAS_Asn_Goodman,Zm00001eb019410
GWAS_Asn_Goodman,Zm00001eb019420
GWAS_Asn_Goodman,Zm00001eb019440
GWAS_Asn_Goodman,Zm00001eb028540
GWAS_Asn_Goodman,Zm00001eb028550
GWAS_Asn_Goodman,Zm00001eb028560
GWAS_Asn_Goodman,Zm00001eb021430
GWAS_Asn_Goodman,Zm00001eb021440
GWAS_Asn_Goodman,Zm00001eb021450
GWAS_Asn_Goodman,Zm00001eb021470
GWAS_Asn_Goodman,Zm00001eb021500
GWAS_Asn_Goodman,Zm00001eb021510
GWAS_Asn_Goodman,Zm00001eb024460
GWAS_Asn_Goodman,Zm00001eb024470
GWAS_Asn_Goodman,Zm00001eb007070
GWAS_Asn_Goodman,Zm00001eb007080
GWAS_Asn_Goodman,Zm00001eb007090
GWAS_Asn_Goodman,Zm00001eb019170
GWAS_Asn_Goodman,Zm00001eb019180
GWAS_Asn_Goodman,Zm00001eb019190
GWAS_Asn_Goodman,Zm00001eb019200
GWAS_Asn_Goodman,Zm00001eb018220
GWAS_Asn_Goodman,Zm00001eb018230
GWAS_Asn_Goodman,Zm00001eb018240
GWAS_Asn_Goodman,Zm00001eb018250
GWAS_Asn_Goodman,Zm00001eb018260
GWAS_Asn_Goodman,Zm00001eb018270
GWAS_Asn_Goodman,Zm00001eb018290
GWAS_Asn_Goodman,Zm00001eb022820
GWAS_Asn_Goodman,Zm00001eb022830
GWAS_Asn_Goodman,Zm00001eb027130
GWAS_Asn_Goodman,Zm00001eb039360
GWAS_Asn_Goodman,Zm00001eb039370
GWAS_Asn_Goodman,Zm00001eb043580
GWAS_Asn_Goodman,Zm00001eb043590
GWAS_Asn_Goodman,Zm00001eb023270
GWAS_Asn_Goodman,Zm00001eb018440
GWAS_Asn_Goodman,Zm00001eb018450
GWAS_Asn_Goodman,Zm00001eb018460
GWAS_Asn_Goodman,Zm00001eb018470
GWAS_Asn_Goodman,Zm00001eb018480
GWAS_Asn_Goodman,Zm00001eb018490
GWAS_Asn_Goodman,Zm00001eb018520
GWAS_Asn_Goodman,Zm00001eb032940
GWAS_Asn_Goodman,Zm00001eb032960
GWAS_Asn_Goodman,Zm00001eb032970
GWAS_Asn_Goodman,Zm00001eb032990
GWAS_Asn_Goodman,Zm00001eb033000
GWAS_Asn_Goodman,Zm00001eb033010
GWAS_Asn_Goodman,Zm00001eb040030
GWAS_Asn_Goodman,Zm00001eb040040
GWAS_Asn_Goodman,Zm00001eb040050
GWAS_Asn_Goodman,Zm00001eb040060
GWAS_Asn_Goodman,Zm00001eb034050
GWAS_Asn_Goodman,Zm00001eb034060
GWAS_Asn_Goodman,Zm00001eb034080
GWAS_Asn_Goodman,Zm00001eb034090
GWAS_Asn_Goodman,Zm00001eb013390
GWAS_Asn_Goodman,Zm00001eb013410
GWAS_Asn_Goodman,Zm00001eb013420
GWAS_Asn_Goodman,Zm00001eb013430
GWAS_Asn_Goodman,Zm00001eb010360
GWAS_Asn_Goodman,Zm00001eb010370
GWAS_Asn_Goodman,Zm00001eb010380
GWAS_Asn_Goodman,Zm00001eb010390
GWAS_Asn_Goodman,Zm00001eb010400
GWAS_Asn_Goodman,Zm00001eb038240
GWAS_Asn_Goodman,Zm00001eb038250
GWAS_Asn_Goodman,Zm00001eb038260
GWAS_Asn_Goodman,Zm00001eb038270
GWAS_Asn_Goodman,Zm00001eb038280
GWAS_Asn_Goodman,Zm00001eb038290
GWAS_Asn_Goodman,Zm00001eb027550
GWAS_Asn_Goodman,Zm00001eb027570
GWAS_Asn_Goodman,Zm00001eb021390
GWAS_Asn_Goodman,Zm00001eb021400
GWAS_Asn_Goodman,Zm00001eb021410
GWAS_Asn_Goodman,Zm00001eb021420
GWAS_Asn_Goodman,Zm00001eb019290
GWAS_Asn_Goodman,Zm00001eb019300
GWAS_Asn_Goodman,Zm00001eb019320
GWAS_Asn_Goodman,Zm00001eb019330
GWAS_Asn_Goodman,Zm00001eb019340
GWAS_Asn_Goodman,Zm00001eb041600
GWAS_Asn_Goodman,Zm00001eb041610
GWAS_Asn_Goodman,Zm00001eb041620
GWAS_Asn_Goodman,Zm00001eb041630
GWAS_Asn_Goodman,Zm00001eb028090
GWAS_Asn_Goodman,Zm00001eb026500
GWAS_Asn_Goodman,Zm00001eb040590
GWAS_Asn_Goodman,Zm00001eb040600
GWAS_Asn_Goodman,Zm00001eb040610
GWAS_Asn_Goodman,Zm00001eb040620
GWAS_Asn_Goodman,Zm00001eb040630
GWAS_Asn_Goodman,Zm00001eb040640
GWAS_Asn_Goodman,Zm00001eb040650
GWAS_Asn_Goodman,Zm00001eb040660
GWAS_Asn_Goodman,Zm00001eb040680
GWAS_Asn_Goodman,Zm00001eb056240
GWAS_Asn_Goodman,Zm00001eb056250
GWAS_Asn_Goodman,Zm00001eb056260
GWAS_Asn_Goodman,Zm00001eb016430
GWAS_Asn_Goodman,Zm00001eb016440
GWAS_Asn_Goodman,Zm00001eb016450
GWAS_Asn_Goodman,Zm00001eb016460
GWAS_Asn_Goodman,Zm00001eb016470
GWAS_Asn_Goodman,Zm00001eb016480
GWAS_Asn_Goodman,Zm00001eb006630
GWAS_Asn_Goodman,Zm00001eb008790
GWAS_Asn_Goodman,Zm00001eb008800
GWAS_Asn_Goodman,Zm00001eb008810
GWAS_Asn_Goodman,Zm00001eb008820
GWAS_Asn_Goodman,Zm00001eb008830
GWAS_Asn_Goodman,Zm00001eb008850
GWAS_Asn_Goodman,Zm00001eb008860
GWAS_Asn_Goodman,Zm00001eb008870
GWAS_Asn_Goodman,Zm00001eb034370
GWAS_Asn_Goodman,Zm00001eb034390
GWAS_Asn_Goodman,Zm00001eb034400
GWAS_Asn_Goodman,Zm00001eb034410
GWAS_Asn_Goodman,Zm00001eb009320
GWAS_Asn_Goodman,Zm00001eb009340
GWAS_Asn_Goodman,Zm00001eb009360
GWAS_Asn_Goodman,Zm00001eb009370
GWAS_Asn_Goodman,Zm00001eb012210
GWAS_Asn_Goodman,Zm00001eb012220
GWAS_Asn_Goodman,Zm00001eb012240
GWAS_Asn_Goodman,Zm00001eb012250
GWAS_Asn_Goodman,Zm00001eb012260
GWAS_Asn_Goodman,Zm00001eb024610
GWAS_Asn_Goodman,Zm00001eb024620
GWAS_Asn_Goodman,Zm00001eb024640
GWAS_Asn_Goodman,Zm00001eb024650
GWAS_Asn_Goodman,Zm00001eb041690
GWAS_Asn_Goodman,Zm00001eb041700
GWAS_Asn_Goodman,Zm00001eb041710
GWAS_Asn_Goodman,Zm00001eb029700
GWAS_Asn_Goodman,Zm00001eb029710
GWAS_Asn_Goodman,Zm00001eb029720
GWAS_Asn_Goodman,Zm00001eb011460
GWAS_Asn_Goodman,Zm00001eb011470
GWAS_Asn_Goodman,Zm00001eb011480
GWAS_Asn_Goodman,Zm00001eb004240
GWAS_Asn_Goodman,Zm00001eb004250
GWAS_Asn_Goodman,Zm00001eb004260
GWAS_Asn_Goodman,Zm00001eb004690
GWAS_Asn_Goodman,Zm00001eb004710
GWAS_Asn_Goodman,Zm00001eb015140
GWAS_Asn_Goodman,Zm00001eb015150
GWAS_Asn_Goodman,Zm00001eb004980
GWAS_Asn_Goodman,Zm00001eb004990
GWAS_Asn_Goodman,Zm00001eb005000
GWAS_Asn_Goodman,Zm00001eb005010
GWAS_Asn_Goodman,Zm00001eb005020
GWAS_Asn_Goodman,Zm00001eb000880
GWAS_Asn_Goodman,Zm00001eb003180
GWAS_Asn_Goodman,Zm00001eb003190
GWAS_Asn_Goodman,Zm00001eb003200
GWAS_Asn_Goodman,Zm00001eb003210
GWAS_Asn_Goodman,Zm00001eb003220
GWAS_Asn_Goodman,Zm00001eb003230
GWAS_Asn_Goodman,Zm00001eb026680
GWAS_Asn_Goodman,Zm00001eb024200
GWAS_Asn_Goodman,Zm00001eb028360
GWAS_Asn_Goodman,Zm00001eb028850
GWAS_Asn_Goodman,Zm00001eb028860
GWAS_Asn_Goodman,Zm00001eb028880
GWAS_Asn_Goodman,Zm00001eb048530
GWAS_Asn_Goodman,Zm00001eb048540
GWAS_Asn_Goodman,Zm00001eb048550
GWAS_Asn_Goodman,Zm00001eb004280
GWAS_Asn_Goodman,Zm00001eb004290
GWAS_Asn_Goodman,Zm00001eb004300
GWAS_Asn_Goodman,Zm00001eb004310
GWAS_Asn_Goodman,Zm00001eb004320
GWAS_Asn_Goodman,Zm00001eb004330
GWAS_Asn_Goodman,Zm00001eb004340
GWAS_Asn_Goodman,Zm00001eb004350
GWAS_Asn_Goodman,Zm00001eb007990
GWAS_Asn_Goodman,Zm00001eb020470
GWAS_Asn_Goodman,Zm00001eb020490
GWAS_Gln_Goodman,Zm00001eb039780
GWAS_Gln_Goodman,Zm00001eb039790
GWAS_Gln_Goodman,Zm00001eb039800
GWAS_Gln_Goodman,Zm00001eb039810
GWAS_Gln_Goodman,Zm00001eb039820
GWAS_Gln_Goodman,Zm00001eb039830
GWAS_Gln_Goodman,Zm00001eb018710
GWAS_Gln_Goodman,Zm00001eb018720
GWAS_Gln_Goodman,Zm00001eb018730
GWAS_Gln_Goodman,Zm00001eb018750
GWAS_Gln_Goodman,Zm00001eb024990
GWAS_Gln_Goodman,Zm00001eb025000
GWAS_Gln_Goodman,Zm00001eb025010
GWAS_Gln_Goodman,Zm00001eb025020
GWAS_Gln_Goodman,Zm00001eb028320
GWAS_Gln_Goodman,Zm00001eb028330
GWAS_Gln_Goodman,Zm00001eb029200
GWAS_Gln_Goodman,Zm00001eb029210
GWAS_Gln_Goodman,Zm00001eb012470
GWAS_Gln_Goodman,Zm00001eb012480
GWAS_Gln_Goodman,Zm00001eb012490
GWAS_Gln_Goodman,Zm00001eb012500
GWAS_Gln_Goodman,Zm00001eb012510
GWAS_Gln_Goodman,Zm00001eb012530
GWAS_Gln_Goodman,Zm00001eb061990
GWAS_Gln_Goodman,Zm00001eb062000
GWAS_Gln_Goodman,Zm00001eb014780
GWAS_Gln_Goodman,Zm00001eb014790
GWAS_Gln_Goodman,Zm00001eb014800
GWAS_Gln_Goodman,Zm00001eb014810
GWAS_Gln_Goodman,Zm00001eb014820
GWAS_Gln_Goodman,Zm00001eb014830
GWAS_Gln_Goodman,Zm00001eb023600
GWAS_Gln_Goodman,Zm00001eb004710
GWAS_Gln_Goodman,Zm00001eb024680
GWAS_Gln_Goodman,Zm00001eb024690
GWAS_Gln_Goodman,Zm00001eb040520
GWAS_Gln_Goodman,Zm00001eb040530
GWAS_Gln_Goodman,Zm00001eb040540
GWAS_Gln_Goodman,Zm00001eb040550
GWAS_Gln_Goodman,Zm00001eb008750
GWAS_Gln_Goodman,Zm00001eb008770
GWAS_Gln_Goodman,Zm00001eb008780
GWAS_Gln_Goodman,Zm00001eb008790
GWAS_Gln_Goodman,Zm00001eb008800
GWAS_Gln_Goodman,Zm00001eb008810
GWAS_Gln_Goodman,Zm00001eb008820
GWAS_Gln_Goodman,Zm00001eb007700
GWAS_Gln_Goodman,Zm00001eb007720
GWAS_Gln_Goodman,Zm00001eb007730
GWAS_Gln_Goodman,Zm00001eb007740
GWAS_Gln_Goodman,Zm00001eb007750
GWAS_Gln_Goodman,Zm00001eb007760
GWAS_Gln_Goodman,Zm00001eb007770
GWAS_Gln_Goodman,Zm00001eb007780
GWAS_Gln_Goodman,Zm00001eb007790
GWAS_Gln_Goodman,Zm00001eb007800
GWAS_Gln_Goodman,Zm00001eb007810
GWAS_Gln_Goodman,Zm00001eb028240
GWAS_Gln_Goodman,Zm00001eb027690
GWAS_Gln_Goodman,Zm00001eb028390
GWAS_Gln_Goodman,Zm00001eb028400
GWAS_Gln_Goodman,Zm00001eb028410
GWAS_Gln_Goodman,Zm00001eb018100
GWAS_Gln_Goodman,Zm00001eb018110
GWAS_Gln_Goodman,Zm00001eb018120
GWAS_Gln_Goodman,Zm00001eb018130
GWAS_Gln_Goodman,Zm00001eb030970
GWAS_Gln_Goodman,Zm00001eb030980
GWAS_Gln_Goodman,Zm00001eb030990
GWAS_Gln_Goodman,Zm00001eb030680
GWAS_Gln_Goodman,Zm00001eb030690
GWAS_Gln_Goodman,Zm00001eb030700
GWAS_Gln_Goodman,Zm00001eb030710
GWAS_Gln_Goodman,Zm00001eb030720
GWAS_Gln_Goodman,Zm00001eb008960
GWAS_Gln_Goodman,Zm00001eb008970
GWAS_Gln_Goodman,Zm00001eb008980
GWAS_Gln_Goodman,Zm00001eb008990
GWAS_Gln_Goodman,Zm00001eb009000
GWAS_Gln_Goodman,Zm00001eb009010
GWAS_Gln_Goodman,Zm00001eb009020
GWAS_Gln_Goodman,Zm00001eb009030
GWAS_Gln_Goodman,Zm00001eb009040
GWAS_Gln_Goodman,Zm00001eb009050
GWAS_Gln_Goodman,Zm00001eb009060
GWAS_Gln_Goodman,Zm00001eb009070
GWAS_Gln_Goodman,Zm00001eb009080
GWAS_Gln_Goodman,Zm00001eb044560
GWAS_Gln_Goodman,Zm00001eb044570
GWAS_Gln_Goodman,Zm00001eb044580
GWAS_Gln_Goodman,Zm00001eb044590
GWAS_Gln_Goodman,Zm00001eb044600
GWAS_Gln_Goodman,Zm00001eb034290
GWAS_Gln_Goodman,Zm00001eb034320
GWAS_Gln_Goodman,Zm00001eb034330
GWAS_Gln_Goodman,Zm00001eb034350
GWAS_Gln_Goodman,Zm00001eb034360
GWAS_Gln_Goodman,Zm00001eb037450
GWAS_Gln_Goodman,Zm00001eb000640
GWAS_Gln_Goodman,Zm00001eb000650
GWAS_Gln_Goodman,Zm00001eb000660
GWAS_Gln_Goodman,Zm00001eb000670
GWAS_Gln_Goodman,Zm00001eb000680
GWAS_Gln_Goodman,Zm00001eb000690
GWAS_Gln_Goodman,Zm00001eb000700
GWAS_Gln_Goodman,Zm00001eb000710
GWAS_Gln_Goodman,Zm00001eb000720
GWAS_Gln_Goodman,Zm00001eb000740
GWAS_Gln_Goodman,Zm00001eb000750
GWAS_Gln_Goodman,Zm00001eb000760
GWAS_Gln_Goodman,Zm00001eb024590
GWAS_Gln_Goodman,Zm00001eb024600
GWAS_Gln_Goodman,Zm00001eb000210
GWAS_Gln_Goodman,Zm00001eb000220
GWAS_Gln_Goodman,Zm00001eb000230
GWAS_Gln_Goodman,Zm00001eb000240
GWAS_Gln_Goodman,Zm00001eb000250
GWAS_Gln_Goodman,Zm00001eb000270
GWAS_Gln_Goodman,Zm00001eb037730
GWAS_Gln_Goodman,Zm00001eb037740
GWAS_Gln_Goodman,Zm00001eb028570
GWAS_Gln_Goodman,Zm00001eb028580
GWAS_Gln_Goodman,Zm00001eb028590
GWAS_Gln_Goodman,Zm00001eb027500
GWAS_Gln_Goodman,Zm00001eb033240
GWAS_Gln_Goodman,Zm00001eb012390
GWAS_Gln_Goodman,Zm00001eb012400
GWAS_Gln_Goodman,Zm00001eb012410
GWAS_Gln_Goodman,Zm00001eb012420
GWAS_Gln_Goodman,Zm00001eb012430
GWAS_Gln_Goodman,Zm00001eb047620
GWAS_Gln_Goodman,Zm00001eb047630
GWAS_Gln_Goodman,Zm00001eb047640
GWAS_Gln_Goodman,Zm00001eb047650
GWAS_Gln_Goodman,Zm00001eb056440
GWAS_Gln_Goodman,Zm00001eb056450
GWAS_Gln_Goodman,Zm00001eb056460
GWAS_Gln_Goodman,Zm00001eb056470
GWAS_Gln_Goodman,Zm00001eb056480
GWAS_Gln_Goodman,Zm00001eb056490
GWAS_Gln_Goodman,Zm00001eb056500
GWAS_Gln_Goodman,Zm00001eb056510
GWAS_Gln_Goodman,Zm00001eb042130
GWAS_Gln_Goodman,Zm00001eb020840
GWAS_Gln_Goodman,Zm00001eb020850
GWAS_Gln_Goodman,Zm00001eb020860
GWAS_Gln_Goodman,Zm00001eb028010
GWAS_Gln_Goodman,Zm00001eb040790
GWAS_Gln_Goodman,Zm00001eb040800
GWAS_Gln_Goodman,Zm00001eb040810
GWAS_Gln_Goodman,Zm00001eb040830
GWAS_Gln_Goodman,Zm00001eb040840
GWAS_Gln_Goodman,Zm00001eb040850
GWAS_Gln_Goodman,Zm00001eb040860
GWAS_Gln_Goodman,Zm00001eb028170
GWAS_Gln_Goodman,Zm00001eb029380
GWAS_Gln_Goodman,Zm00001eb029390
GWAS_Gln_Goodman,Zm00001eb031320
GWAS_Gln_Goodman,Zm00001eb031330
GWAS_Gln_Goodman,Zm00001eb031340
GWAS_Gln_Goodman,Zm00001eb030960
GWAS_Gln_Goodman,Zm00001eb029180
GWAS_Gln_Goodman,Zm00001eb029190
GWAS_Gln_Goodman,Zm00001eb012610
GWAS_Gln_Goodman,Zm00001eb012620
GWAS_Gln_Goodman,Zm00001eb012630
GWAS_Gln_Goodman,Zm00001eb012640
GWAS_Gln_Goodman,Zm00001eb012650
GWAS_Gln_Goodman,Zm00001eb012660
GWAS_Gln_Goodman,Zm00001eb019390
GWAS_Gln_Goodman,Zm00001eb019410
GWAS_Gln_Goodman,Zm00001eb019420
GWAS_Gln_Goodman,Zm00001eb019440
GWAS_Gln_Goodman,Zm00001eb016670
GWAS_Gln_Goodman,Zm00001eb037660
GWAS_Gln_Goodman,Zm00001eb037670
GWAS_Gln_Goodman,Zm00001eb037680
GWAS_Gln_Goodman,Zm00001eb037690
GWAS_Gln_Goodman,Zm00001eb037700
GWAS_Gln_Goodman,Zm00001eb037710
GWAS_Gln_Goodman,Zm00001eb004320
GWAS_Gln_Goodman,Zm00001eb004330
GWAS_Gln_Goodman,Zm00001eb004340
GWAS_Gln_Goodman,Zm00001eb004350
GWAS_Gln_Goodman,Zm00001eb004360
GWAS_Gln_Goodman,Zm00001eb004370
GWAS_Gln_Goodman,Zm00001eb004380
GWAS_Gln_Goodman,Zm00001eb004390
GWAS_Gln_Goodman,Zm00001eb004400
GWAS_Gln_Goodman,Zm00001eb004410
GWAS_Gln_Goodman,Zm00001eb004420
GWAS_Gln_Goodman,Zm00001eb026860
GWAS_Gln_Goodman,Zm00001eb026870
GWAS_Gln_Goodman,Zm00001eb026120
GWAS_Gln_Goodman,Zm00001eb010640
GWAS_Gln_Goodman,Zm00001eb003600
GWAS_Gln_Goodman,Zm00001eb003610
GWAS_Gln_Goodman,Zm00001eb003620
GWAS_Gln_Goodman,Zm00001eb003630
GWAS_Gln_Goodman,Zm00001eb003650
GWAS_Gln_Goodman,Zm00001eb003660
GWAS_Gln_Goodman,Zm00001eb016710
GWAS_Gln_Goodman,Zm00001eb016720
GWAS_Gln_Goodman,Zm00001eb016730
GWAS_Gln_Goodman,Zm00001eb016740
GWAS_Gln_Goodman,Zm00001eb002310
GWAS_Gln_Goodman,Zm00001eb002320
GWAS_Gln_Goodman,Zm00001eb002330
GWAS_Gln_Goodman,Zm00001eb002340
GWAS_Gln_Goodman,Zm00001eb002350
GWAS_Gln_Goodman,Zm00001eb002360
GWAS_Gln_Goodman,Zm00001eb002370
GWAS_Gln_Goodman,Zm00001eb029260
GWAS_Gln_Goodman,Zm00001eb029280
GWAS_Gln_Goodman,Zm00001eb023770
GWAS_Gln_Goodman,Zm00001eb023780
GWAS_Gln_Goodman,Zm00001eb023790
GWAS_Gln_Goodman,Zm00001eb023800
GWAS_Gln_Goodman,Zm00001eb028530
GWAS_Gln_Goodman,Zm00001eb031680
GWAS_Gln_Goodman,Zm00001eb031690
GWAS_Gln_Goodman,Zm00001eb031700
GWAS_Gln_Goodman,Zm00001eb040760
GWAS_Gln_Goodman,Zm00001eb040770
GWAS_Gln_Goodman,Zm00001eb027840
GWAS_Gln_Goodman,Zm00001eb029730
GWAS_Gln_Goodman,Zm00001eb029740
GWAS_Gln_Goodman,Zm00001eb029750
GWAS_Gln_Goodman,Zm00001eb041280
GWAS_Gln_Goodman,Zm00001eb041290
GWAS_Gln_Goodman,Zm00001eb041300
GWAS_Gln_Goodman,Zm00001eb041310
GWAS_Gln_Goodman,Zm00001eb028480
GWAS_Gln_Goodman,Zm00001eb017730
GWAS_Gln_Goodman,Zm00001eb017760
GWAS_Gln_Goodman,Zm00001eb017770
GWAS_Gln_Goodman,Zm00001eb017780
GWAS_Gln_Goodman,Zm00001eb017790
GWAS_Gln_Goodman,Zm00001eb017800
GWAS_Gln_Goodman,Zm00001eb017810
GWAS_Gln_Goodman,Zm00001eb017820
GWAS_Gln_Goodman,Zm00001eb017830
GWAS_Gln_Goodman,Zm00001eb017840
GWAS_Gln_Goodman,Zm00001eb033720
GWAS_Gln_Goodman,Zm00001eb033730
GWAS_Gln_Goodman,Zm00001eb033740
GWAS_Gln_Goodman,Zm00001eb033760
GWAS_Gln_Goodman,Zm00001eb028810
GWAS_Gln_Goodman,Zm00001eb028820
GWAS_Gln_Goodman,Zm00001eb028830
GWAS_Gln_Goodman,Zm00001eb028840
GWAS_Gln_Goodman,Zm00001eb001810
GWAS_Gln_Goodman,Zm00001eb001820
GWAS_Gln_Goodman,Zm00001eb001830
GWAS_Gln_Goodman,Zm00001eb001840
GWAS_Gln_Goodman,Zm00001eb001860
GWAS_Gln_Goodman,Zm00001eb001870
GWAS_Gln_Goodman,Zm00001eb001880
GWAS_Gln_Goodman,Zm00001eb001890
GWAS_Gln_Goodman,Zm00001eb001900
GWAS_Gln_Goodman,Zm00001eb001910
GWAS_Gln_Goodman,Zm00001eb021890
GWAS_Gln_Goodman,Zm00001eb021900
GWAS_Gln_Goodman,Zm00001eb021910
GWAS_Gln_Goodman,Zm00001eb021920
GWAS_Gln_Goodman,Zm00001eb021930
GWAS_Gln_Goodman,Zm00001eb021940
GWAS_Gln_Goodman,Zm00001eb038630
GWAS_Gln_Goodman,Zm00001eb038640
GWAS_Gln_Goodman,Zm00001eb038650
GWAS_Gln_Goodman,Zm00001eb038660
GWAS_Gln_Goodman,Zm00001eb027580
GWAS_Gln_Goodman,Zm00001eb017470
GWAS_Gln_Goodman,Zm00001eb017480
GWAS_Gln_Goodman,Zm00001eb017490
GWAS_Gln_Goodman,Zm00001eb017500
GWAS_Gln_Goodman,Zm00001eb017510
GWAS_Gln_Goodman,Zm00001eb017520
GWAS_Gln_Goodman,Zm00001eb017530
GWAS_Gln_Goodman,Zm00001eb017540
GWAS_Gln_Goodman,Zm00001eb017550
GWAS_Gln_Goodman,Zm00001eb017560
GWAS_Gln_Goodman,Zm00001eb017570
GWAS_Gln_Goodman,Zm00001eb017580
GWAS_Gln_Goodman,Zm00001eb017590
GWAS_Gln_Goodman,Zm00001eb017600
GWAS_Gln_Goodman,Zm00001eb002010
GWAS_Gln_Goodman,Zm00001eb002020
GWAS_Gln_Goodman,Zm00001eb002030
GWAS_Gln_Goodman,Zm00001eb002040
GWAS_Gln_Goodman,Zm00001eb002050
GWAS_Gln_Goodman,Zm00001eb002060
GWAS_Gln_Goodman,Zm00001eb039530
GWAS_Gln_Goodman,Zm00001eb039540
GWAS_Gln_Goodman,Zm00001eb039550
GWAS_Gln_Goodman,Zm00001eb039560
GWAS_Gln_Goodman,Zm00001eb039570
GWAS_Gln_Goodman,Zm00001eb039580
GWAS_Gln_Goodman,Zm00001eb039590
GWAS_Gln_Goodman,Zm00001eb039600
GWAS_Gln_Goodman,Zm00001eb039610
GWAS_Gln_Goodman,Zm00001eb041190
GWAS_Gln_Goodman,Zm00001eb016760
GWAS_Gln_Goodman,Zm00001eb016770
GWAS_Gln_Goodman,Zm00001eb016780
GWAS_Gln_Goodman,Zm00001eb016800
GWAS_Gln_Goodman,Zm00001eb041900
GWAS_Gln_Goodman,Zm00001eb041910
GWAS_Gln_Goodman,Zm00001eb028100
GWAS_Gln_Goodman,Zm00001eb030610
GWAS_Gln_Goodman,Zm00001eb030620
GWAS_Gln_Goodman,Zm00001eb030630
GWAS_Gln_Goodman,Zm00001eb020570
GWAS_Gln_Goodman,Zm00001eb020580
GWAS_Gln_Goodman,Zm00001eb020590
GWAS_Gln_Goodman,Zm00001eb020600
GWAS_Gln_Goodman,Zm00001eb026960
GWAS_Gln_Goodman,Zm00001eb019820
GWAS_Gln_Goodman,Zm00001eb019830
GWAS_Gln_Goodman,Zm00001eb019840
GWAS_Gln_Goodman,Zm00001eb000170
GWAS_Gln_Goodman,Zm00001eb000190
GWAS_Gln_Goodman,Zm00001eb000200
GWAS_Gln_Goodman,Zm00001eb011270
GWAS_Gln_Goodman,Zm00001eb011280
GWAS_Gln_Goodman,Zm00001eb011290
GWAS_Gln_Goodman,Zm00001eb011300
GWAS_Gln_Goodman,Zm00001eb000850
GWAS_Gln_Goodman,Zm00001eb000860
GWAS_Gln_Goodman,Zm00001eb000870
GWAS_Gln_Goodman,Zm00001eb000880
GWAS_Gln_Goodman,Zm00001eb000890
GWAS_Gln_Goodman,Zm00001eb000900
GWAS_Gln_Goodman,Zm00001eb000910
GWAS_Gln_Goodman,Zm00001eb031720
GWAS_Gln_Goodman,Zm00001eb005350
GWAS_Gln_Goodman,Zm00001eb005360
GWAS_Gln_Goodman,Zm00001eb005370
GWAS_Gln_Goodman,Zm00001eb005380
GWAS_Gln_Goodman,Zm00001eb005390
GWAS_Gln_Goodman,Zm00001eb005400
GWAS_Gln_Goodman,Zm00001eb005410
GWAS_Gln_Goodman,Zm00001eb025500
GWAS_Gln_Goodman,Zm00001eb025510
GWAS_Gln_Goodman,Zm00001eb025520
GWAS_Gln_Goodman,Zm00001eb027810
GWAS_Gln_Goodman,Zm00001eb028720
GWAS_Gln_Goodman,Zm00001eb004780
GWAS_Gln_Goodman,Zm00001eb004790
GWAS_Gln_Goodman,Zm00001eb004800
GWAS_Gln_Goodman,Zm00001eb004810
GWAS_Gln_Goodman,Zm00001eb004820
GWAS_Gln_Goodman,Zm00001eb005610
GWAS_Gln_Goodman,Zm00001eb005630
GWAS_Gln_Goodman,Zm00001eb005640
GWAS_Gln_Goodman,Zm00001eb005650
GWAS_Gln_Goodman,Zm00001eb005660
GWAS_Gln_Goodman,Zm00001eb005670
GWAS_Gln_Goodman,Zm00001eb005680
GWAS_Gln_Goodman,Zm00001eb005690
GWAS_Gln_Goodman,Zm00001eb002590
GWAS_Gln_Goodman,Zm00001eb002600
GWAS_Gln_Goodman,Zm00001eb002610
GWAS_Gln_Goodman,Zm00001eb002620
GWAS_Gln_Goodman,Zm00001eb002640
GWAS_Gln_Goodman,Zm00001eb002650
GWAS_Gln_Goodman,Zm00001eb002660
GWAS_Gln_Goodman,Zm00001eb005020
GWAS_Gln_Goodman,Zm00001eb005030
GWAS_Gln_Goodman,Zm00001eb005040
GWAS_Gln_Goodman,Zm00001eb005060
GWAS_Gln_Goodman,Zm00001eb005070
GWAS_Gln_Goodman,Zm00001eb020070
GWAS_Gln_Goodman,Zm00001eb027250
GWAS_Gln_Goodman,Zm00001eb027260
GWAS_Gln_Goodman,Zm00001eb005100
GWAS_Gln_Goodman,Zm00001eb005110
GWAS_Gln_Goodman,Zm00001eb026290
GWAS_Gln_Goodman,Zm00001eb034180
GWAS_Gln_Goodman,Zm00001eb033100
GWAS_Gln_Goodman,Zm00001eb033110
GWAS_Gln_Goodman,Zm00001eb033120
GWAS_Gln_Goodman,Zm00001eb033130
GWAS_Gln_Goodman,Zm00001eb033140
GWAS_Gln_Goodman,Zm00001eb029690
GWAS_Gln_Goodman,Zm00001eb029700
GWAS_Gln_Goodman,Zm00001eb029710
GWAS_Gln_Goodman,Zm00001eb029720
GWAS_Gln_Goodman,Zm00001eb016530
GWAS_Gln_Goodman,Zm00001eb016540
GWAS_Gln_Goodman,Zm00001eb016550
GWAS_Gln_Goodman,Zm00001eb035070
GWAS_Gln_Goodman,Zm00001eb032720
GWAS_Gln_Goodman,Zm00001eb029030
GWAS_Gln_Goodman,Zm00001eb029040
GWAS_Gln_Goodman,Zm00001eb006890
GWAS_Gln_Goodman,Zm00001eb006900
GWAS_Gln_Goodman,Zm00001eb006910
GWAS_Gln_Goodman,Zm00001eb046100
GWAS_Gln_Goodman,Zm00001eb017630
GWAS_Gln_Goodman,Zm00001eb017640
GWAS_Gln_Goodman,Zm00001eb017650
GWAS_Gln_Goodman,Zm00001eb017660
GWAS_Gln_Goodman,Zm00001eb004430
GWAS_Gln_Goodman,Zm00001eb004440
GWAS_Gln_Goodman,Zm00001eb004450
GWAS_Gln_Goodman,Zm00001eb004460
GWAS_Gln_Goodman,Zm00001eb004470
GWAS_Gln_Goodman,Zm00001eb004480
GWAS_Gln_Goodman,Zm00001eb004490
GWAS_Gln_Goodman,Zm00001eb041980
GWAS_Gln_Goodman,Zm00001eb015740
GWAS_Gln_Goodman,Zm00001eb015750
GWAS_Gln_Goodman,Zm00001eb015760
GWAS_Gln_Goodman,Zm00001eb015770
GWAS_Gln_Goodman,Zm00001eb054420
GWAS_Gln_Goodman,Zm00001eb054430
GWAS_Gln_Goodman,Zm00001eb002570
GWAS_Gln_Goodman,Zm00001eb025160
GWAS_Gln_Goodman,Zm00001eb030730
GWAS_Gln_Goodman,Zm00001eb030740
GWAS_Gln_Goodman,Zm00001eb030760
GWAS_Gln_Goodman,Zm00001eb040290
GWAS_Gln_Goodman,Zm00001eb040300
GWAS_Gln_Goodman,Zm00001eb040310
GWAS_Gln_Goodman,Zm00001eb040320
GWAS_Gln_Goodman,Zm00001eb040330
GWAS_Gln_Goodman,Zm00001eb000550
GWAS_Gln_Goodman,Zm00001eb000560
GWAS_Gln_Goodman,Zm00001eb000570
GWAS_Gln_Goodman,Zm00001eb000580
GWAS_Gln_Goodman,Zm00001eb007320
GWAS_Gln_Goodman,Zm00001eb007330
GWAS_Gln_Goodman,Zm00001eb007340
GWAS_Gln_Goodman,Zm00001eb007350
GWAS_Gln_Goodman,Zm00001eb007360
GWAS_Gln_Goodman,Zm00001eb007370
GWAS_Gln_Goodman,Zm00001eb007380
GWAS_Gln_Goodman,Zm00001eb007390
GWAS_Gln_Goodman,Zm00001eb007400
GWAS_Gln_Goodman,Zm00001eb007410
GWAS_Gln_Goodman,Zm00001eb007420
GWAS_Gln_Goodman,Zm00001eb007430
GWAS_Gln_Goodman,Zm00001eb007440
GWAS_Gln_Goodman,Zm00001eb007450
GWAS_Gln_Goodman,Zm00001eb007460
GWAS_Gln_Goodman,Zm00001eb007470
GWAS_Gln_Goodman,Zm00001eb007490
GWAS_Gln_Goodman,Zm00001eb007500
GWAS_Gln_Goodman,Zm00001eb063660
GWAS_Gln_Goodman,Zm00001eb063670
GWAS_Gln_Goodman,Zm00001eb063680
GWAS_Gln_Goodman,Zm00001eb063690
GWAS_Gln_Goodman,Zm00001eb063700
GWAS_Gln_Goodman,Zm00001eb028670
GWAS_Gln_Goodman,Zm00001eb016680
GWAS_Gln_Goodman,Zm00001eb002140
GWAS_Gln_Goodman,Zm00001eb002150
GWAS_Gln_Goodman,Zm00001eb002170
GWAS_Gln_Goodman,Zm00001eb002180
GWAS_Gln_Goodman,Zm00001eb002190
GWAS_Gln_Goodman,Zm00001eb002200
GWAS_Gln_Goodman,Zm00001eb002210
GWAS_Gln_Goodman,Zm00001eb002220
GWAS_Gln_Goodman,Zm00001eb002240
GWAS_Gln_Goodman,Zm00001eb002250
GWAS_Gln_Goodman,Zm00001eb002260
GWAS_Gln_Goodman,Zm00001eb046620
GWAS_Gln_Goodman,Zm00001eb046630
GWAS_Gln_Goodman,Zm00001eb046640
GWAS_Protein_Goodman,Zm00001eb039780
GWAS_Protein_Goodman,Zm00001eb039790
GWAS_Protein_Goodman,Zm00001eb039800
GWAS_Protein_Goodman,Zm00001eb039810
GWAS_Protein_Goodman,Zm00001eb039820
GWAS_Protein_Goodman,Zm00001eb039830
GWAS_Protein_Goodman,Zm00001eb018710
GWAS_Protein_Goodman,Zm00001eb018720
GWAS_Protein_Goodman,Zm00001eb018730
GWAS_Protein_Goodman,Zm00001eb018750
GWAS_Protein_Goodman,Zm00001eb024990
GWAS_Protein_Goodman,Zm00001eb025000
GWAS_Protein_Goodman,Zm00001eb025010
GWAS_Protein_Goodman,Zm00001eb025020
GWAS_Protein_Goodman,Zm00001eb028320
GWAS_Protein_Goodman,Zm00001eb028330
GWAS_Protein_Goodman,Zm00001eb029200
GWAS_Protein_Goodman,Zm00001eb029210
GWAS_Protein_Goodman,Zm00001eb012470
GWAS_Protein_Goodman,Zm00001eb012480
GWAS_Protein_Goodman,Zm00001eb012490
GWAS_Protein_Goodman,Zm00001eb012500
GWAS_Protein_Goodman,Zm00001eb012510
GWAS_Protein_Goodman,Zm00001eb012530
GWAS_Protein_Goodman,Zm00001eb061990
GWAS_Protein_Goodman,Zm00001eb062000
GWAS_Protein_Goodman,Zm00001eb014780
GWAS_Protein_Goodman,Zm00001eb014790
GWAS_Protein_Goodman,Zm00001eb014800
GWAS_Protein_Goodman,Zm00001eb014810
GWAS_Protein_Goodman,Zm00001eb014820
GWAS_Protein_Goodman,Zm00001eb014830
GWAS_Protein_Goodman,Zm00001eb023600
GWAS_Protein_Goodman,Zm00001eb004710
GWAS_Protein_Goodman,Zm00001eb024680
GWAS_Protein_Goodman,Zm00001eb024690
GWAS_Protein_Goodman,Zm00001eb040520
GWAS_Protein_Goodman,Zm00001eb040530
GWAS_Protein_Goodman,Zm00001eb040540
GWAS_Protein_Goodman,Zm00001eb040550
GWAS_Protein_Goodman,Zm00001eb008750
GWAS_Protein_Goodman,Zm00001eb008770
GWAS_Protein_Goodman,Zm00001eb008780
GWAS_Protein_Goodman,Zm00001eb008790
GWAS_Protein_Goodman,Zm00001eb008800
GWAS_Protein_Goodman,Zm00001eb008810
GWAS_Protein_Goodman,Zm00001eb008820
GWAS_Protein_Goodman,Zm00001eb007700
GWAS_Protein_Goodman,Zm00001eb007720
GWAS_Protein_Goodman,Zm00001eb007730
GWAS_Protein_Goodman,Zm00001eb007740
GWAS_Protein_Goodman,Zm00001eb007750
GWAS_Protein_Goodman,Zm00001eb007760
GWAS_Protein_Goodman,Zm00001eb007770
GWAS_Protein_Goodman,Zm00001eb007780
GWAS_Protein_Goodman,Zm00001eb007790
GWAS_Protein_Goodman,Zm00001eb007800
GWAS_Protein_Goodman,Zm00001eb007810
GWAS_Protein_Goodman,Zm00001eb028240
GWAS_Protein_Goodman,Zm00001eb027690
GWAS_Protein_Goodman,Zm00001eb028390
GWAS_Protein_Goodman,Zm00001eb028400
GWAS_Protein_Goodman,Zm00001eb028410
GWAS_Protein_Goodman,Zm00001eb018100
GWAS_Protein_Goodman,Zm00001eb018110
GWAS_Protein_Goodman,Zm00001eb018120
GWAS_Protein_Goodman,Zm00001eb018130
GWAS_Protein_Goodman,Zm00001eb030970
GWAS_Protein_Goodman,Zm00001eb030980
GWAS_Protein_Goodman,Zm00001eb030990
GWAS_Protein_Goodman,Zm00001eb030680
GWAS_Protein_Goodman,Zm00001eb030690
GWAS_Protein_Goodman,Zm00001eb030700
GWAS_Protein_Goodman,Zm00001eb030710
GWAS_Protein_Goodman,Zm00001eb030720
GWAS_Protein_Goodman,Zm00001eb008960
GWAS_Protein_Goodman,Zm00001eb008970
GWAS_Protein_Goodman,Zm00001eb008980
GWAS_Protein_Goodman,Zm00001eb008990
GWAS_Protein_Goodman,Zm00001eb009000
GWAS_Protein_Goodman,Zm00001eb009010
GWAS_Protein_Goodman,Zm00001eb009020
GWAS_Protein_Goodman,Zm00001eb009030
GWAS_Protein_Goodman,Zm00001eb009040
GWAS_Protein_Goodman,Zm00001eb009050
GWAS_Protein_Goodman,Zm00001eb009060
GWAS_Protein_Goodman,Zm00001eb009070
GWAS_Protein_Goodman,Zm00001eb009080
GWAS_Protein_Goodman,Zm00001eb044560
GWAS_Protein_Goodman,Zm00001eb044570
GWAS_Protein_Goodman,Zm00001eb044580
GWAS_Protein_Goodman,Zm00001eb044590
GWAS_Protein_Goodman,Zm00001eb044600
GWAS_Protein_Goodman,Zm00001eb034290
GWAS_Protein_Goodman,Zm00001eb034320
GWAS_Protein_Goodman,Zm00001eb034330
GWAS_Protein_Goodman,Zm00001eb034350
GWAS_Protein_Goodman,Zm00001eb034360
GWAS_Protein_Goodman,Zm00001eb037450
GWAS_Protein_Goodman,Zm00001eb000640
GWAS_Protein_Goodman,Zm00001eb000650
GWAS_Protein_Goodman,Zm00001eb000660
GWAS_Protein_Goodman,Zm00001eb000670
GWAS_Protein_Goodman,Zm00001eb000680
GWAS_Protein_Goodman,Zm00001eb000690
GWAS_Protein_Goodman,Zm00001eb000700
GWAS_Protein_Goodman,Zm00001eb000710
GWAS_Protein_Goodman,Zm00001eb000720
GWAS_Protein_Goodman,Zm00001eb000740
GWAS_Protein_Goodman,Zm00001eb000750
GWAS_Protein_Goodman,Zm00001eb000760
GWAS_Protein_Goodman,Zm00001eb024590
GWAS_Protein_Goodman,Zm00001eb024600
GWAS_Protein_Goodman,Zm00001eb000210
GWAS_Protein_Goodman,Zm00001eb000220
GWAS_Protein_Goodman,Zm00001eb000230
GWAS_Protein_Goodman,Zm00001eb000240
GWAS_Protein_Goodman,Zm00001eb000250
GWAS_Protein_Goodman,Zm00001eb000270
GWAS_Protein_Goodman,Zm00001eb037730
GWAS_Protein_Goodman,Zm00001eb037740
GWAS_Protein_Goodman,Zm00001eb028570
GWAS_Protein_Goodman,Zm00001eb028580
GWAS_Protein_Goodman,Zm00001eb028590
GWAS_Protein_Goodman,Zm00001eb027500
GWAS_Protein_Goodman,Zm00001eb033240
GWAS_Protein_Goodman,Zm00001eb012390
GWAS_Protein_Goodman,Zm00001eb012400
GWAS_Protein_Goodman,Zm00001eb012410
GWAS_Protein_Goodman,Zm00001eb012420
GWAS_Protein_Goodman,Zm00001eb012430
GWAS_Protein_Goodman,Zm00001eb047620
GWAS_Protein_Goodman,Zm00001eb047630
GWAS_Protein_Goodman,Zm00001eb047640
GWAS_Protein_Goodman,Zm00001eb047650
GWAS_Protein_Goodman,Zm00001eb056440
GWAS_Protein_Goodman,Zm00001eb056450
GWAS_Protein_Goodman,Zm00001eb056460
GWAS_Protein_Goodman,Zm00001eb056470
GWAS_Protein_Goodman,Zm00001eb056480
GWAS_Protein_Goodman,Zm00001eb056490
GWAS_Protein_Goodman,Zm00001eb056500
GWAS_Protein_Goodman,Zm00001eb056510
GWAS_Protein_Goodman,Zm00001eb042130
GWAS_Protein_Goodman,Zm00001eb020840
GWAS_Protein_Goodman,Zm00001eb020850
GWAS_Protein_Goodman,Zm00001eb020860
GWAS_Protein_Goodman,Zm00001eb028010
GWAS_Protein_Goodman,Zm00001eb040790
GWAS_Protein_Goodman,Zm00001eb040800
GWAS_Protein_Goodman,Zm00001eb040810
GWAS_Protein_Goodman,Zm00001eb040830
GWAS_Protein_Goodman,Zm00001eb040840
GWAS_Protein_Goodman,Zm00001eb040850
GWAS_Protein_Goodman,Zm00001eb040860
GWAS_Protein_Goodman,Zm00001eb028170
GWAS_Protein_Goodman,Zm00001eb029380
GWAS_Protein_Goodman,Zm00001eb029390
GWAS_Protein_Goodman,Zm00001eb031320
GWAS_Protein_Goodman,Zm00001eb031330
GWAS_Protein_Goodman,Zm00001eb031340
GWAS_Protein_Goodman,Zm00001eb030960
GWAS_Protein_Goodman,Zm00001eb029180
GWAS_Protein_Goodman,Zm00001eb029190
GWAS_Protein_Goodman,Zm00001eb012610
GWAS_Protein_Goodman,Zm00001eb012620
GWAS_Protein_Goodman,Zm00001eb012630
GWAS_Protein_Goodman,Zm00001eb012640
GWAS_Protein_Goodman,Zm00001eb012650
GWAS_Protein_Goodman,Zm00001eb012660
GWAS_Protein_Goodman,Zm00001eb019390
GWAS_Protein_Goodman,Zm00001eb019410
GWAS_Protein_Goodman,Zm00001eb019420
GWAS_Protein_Goodman,Zm00001eb019440
GWAS_Protein_Goodman,Zm00001eb016670
GWAS_Protein_Goodman,Zm00001eb037660
GWAS_Protein_Goodman,Zm00001eb037670
GWAS_Protein_Goodman,Zm00001eb037680
GWAS_Protein_Goodman,Zm00001eb037690
GWAS_Protein_Goodman,Zm00001eb037700
GWAS_Protein_Goodman,Zm00001eb037710
GWAS_Protein_Goodman,Zm00001eb004320
GWAS_Protein_Goodman,Zm00001eb004330
GWAS_Protein_Goodman,Zm00001eb004340
GWAS_Protein_Goodman,Zm00001eb004350
GWAS_Protein_Goodman,Zm00001eb004360
GWAS_Protein_Goodman,Zm00001eb004370
GWAS_Protein_Goodman,Zm00001eb004380
GWAS_Protein_Goodman,Zm00001eb004390
GWAS_Protein_Goodman,Zm00001eb004400
GWAS_Protein_Goodman,Zm00001eb004410
GWAS_Protein_Goodman,Zm00001eb004420
GWAS_Protein_Goodman,Zm00001eb026860
GWAS_Protein_Goodman,Zm00001eb026870
GWAS_Protein_Goodman,Zm00001eb026120
GWAS_Protein_Goodman,Zm00001eb010640
GWAS_Protein_Goodman,Zm00001eb003600
GWAS_Protein_Goodman,Zm00001eb003610
GWAS_Protein_Goodman,Zm00001eb003620
GWAS_Protein_Goodman,Zm00001eb003630
GWAS_Protein_Goodman,Zm00001eb003650
GWAS_Protein_Goodman,Zm00001eb003660
GWAS_Protein_Goodman,Zm00001eb016710
GWAS_Protein_Goodman,Zm00001eb016720
GWAS_Protein_Goodman,Zm00001eb016730
GWAS_Protein_Goodman,Zm00001eb016740
GWAS_Protein_Goodman,Zm00001eb002310
GWAS_Protein_Goodman,Zm00001eb002320
GWAS_Protein_Goodman,Zm00001eb002330
GWAS_Protein_Goodman,Zm00001eb002340
GWAS_Protein_Goodman,Zm00001eb002350
GWAS_Protein_Goodman,Zm00001eb002360
GWAS_Protein_Goodman,Zm00001eb002370
GWAS_Protein_Goodman,Zm00001eb029260
GWAS_Protein_Goodman,Zm00001eb029280
GWAS_Protein_Goodman,Zm00001eb023770
GWAS_Protein_Goodman,Zm00001eb023780
GWAS_Protein_Goodman,Zm00001eb023790
GWAS_Protein_Goodman,Zm00001eb023800
GWAS_Protein_Goodman,Zm00001eb028530
GWAS_Protein_Goodman,Zm00001eb031680
GWAS_Protein_Goodman,Zm00001eb031690
GWAS_Protein_Goodman,Zm00001eb031700
GWAS_Protein_Goodman,Zm00001eb040760
GWAS_Protein_Goodman,Zm00001eb040770
GWAS_Protein_Goodman,Zm00001eb027840
GWAS_Protein_Goodman,Zm00001eb029730
GWAS_Protein_Goodman,Zm00001eb029740
GWAS_Protein_Goodman,Zm00001eb029750
GWAS_Protein_Goodman,Zm00001eb041280
GWAS_Protein_Goodman,Zm00001eb041290
GWAS_Protein_Goodman,Zm00001eb041300
GWAS_Protein_Goodman,Zm00001eb041310
GWAS_Protein_Goodman,Zm00001eb028480
GWAS_Protein_Goodman,Zm00001eb017730
GWAS_Protein_Goodman,Zm00001eb017760
GWAS_Protein_Goodman,Zm00001eb017770
GWAS_Protein_Goodman,Zm00001eb017780
GWAS_Protein_Goodman,Zm00001eb017790
GWAS_Protein_Goodman,Zm00001eb017800
GWAS_Protein_Goodman,Zm00001eb017810
GWAS_Protein_Goodman,Zm00001eb017820
GWAS_Protein_Goodman,Zm00001eb017830
GWAS_Protein_Goodman,Zm00001eb017840
GWAS_Protein_Goodman,Zm00001eb033720
GWAS_Protein_Goodman,Zm00001eb033730
GWAS_Protein_Goodman,Zm00001eb033740
GWAS_Protein_Goodman,Zm00001eb033760
GWAS_Protein_Goodman,Zm00001eb028810
GWAS_Protein_Goodman,Zm00001eb028820
GWAS_Protein_Goodman,Zm00001eb028830
GWAS_Protein_Goodman,Zm00001eb028840
GWAS_Protein_Goodman,Zm00001eb001810
GWAS_Protein_Goodman,Zm00001eb001820
GWAS_Protein_Goodman,Zm00001eb001830
GWAS_Protein_Goodman,Zm00001eb001840
GWAS_Protein_Goodman,Zm00001eb001860
GWAS_Protein_Goodman,Zm00001eb001870
GWAS_Protein_Goodman,Zm00001eb001880
GWAS_Protein_Goodman,Zm00001eb001890
GWAS_Protein_Goodman,Zm00001eb001900
GWAS_Protein_Goodman,Zm00001eb001910
GWAS_Protein_Goodman,Zm00001eb021890
GWAS_Protein_Goodman,Zm00001eb021900
GWAS_Protein_Goodman,Zm00001eb021910
GWAS_Protein_Goodman,Zm00001eb021920
GWAS_Protein_Goodman,Zm00001eb021930
GWAS_Protein_Goodman,Zm00001eb021940
GWAS_Protein_Goodman,Zm00001eb038630
GWAS_Protein_Goodman,Zm00001eb038640
GWAS_Protein_Goodman,Zm00001eb038650
GWAS_Protein_Goodman,Zm00001eb038660
GWAS_Protein_Goodman,Zm00001eb027580
GWAS_Protein_Goodman,Zm00001eb017470
GWAS_Protein_Goodman,Zm00001eb017480
GWAS_Protein_Goodman,Zm00001eb017490
GWAS_Protein_Goodman,Zm00001eb017500
GWAS_Protein_Goodman,Zm00001eb017510
GWAS_Protein_Goodman,Zm00001eb017520
GWAS_Protein_Goodman,Zm00001eb017530
GWAS_Protein_Goodman,Zm00001eb017540
GWAS_Protein_Goodman,Zm00001eb017550
GWAS_Protein_Goodman,Zm00001eb017560
GWAS_Protein_Goodman,Zm00001eb017570
GWAS_Protein_Goodman,Zm00001eb017580
GWAS_Protein_Goodman,Zm00001eb017590
GWAS_Protein_Goodman,Zm00001eb017600
GWAS_Protein_Goodman,Zm00001eb002010
GWAS_Protein_Goodman,Zm00001eb002020
GWAS_Protein_Goodman,Zm00001eb002030
GWAS_Protein_Goodman,Zm00001eb002040
GWAS_Protein_Goodman,Zm00001eb002050
GWAS_Protein_Goodman,Zm00001eb002060
GWAS_Protein_Goodman,Zm00001eb039530
GWAS_Protein_Goodman,Zm00001eb039540
GWAS_Protein_Goodman,Zm00001eb039550
GWAS_Protein_Goodman,Zm00001eb039560
GWAS_Protein_Goodman,Zm00001eb039570
GWAS_Protein_Goodman,Zm00001eb039580
GWAS_Protein_Goodman,Zm00001eb039590
GWAS_Protein_Goodman,Zm00001eb039600
GWAS_Protein_Goodman,Zm00001eb039610
GWAS_Protein_Goodman,Zm00001eb041190
GWAS_Protein_Goodman,Zm00001eb016760
GWAS_Protein_Goodman,Zm00001eb016770
GWAS_Protein_Goodman,Zm00001eb016780
GWAS_Protein_Goodman,Zm00001eb016800
GWAS_Protein_Goodman,Zm00001eb041900
GWAS_Protein_Goodman,Zm00001eb041910
GWAS_Protein_Goodman,Zm00001eb028100
GWAS_Protein_Goodman,Zm00001eb030610
GWAS_Protein_Goodman,Zm00001eb030620
GWAS_Protein_Goodman,Zm00001eb030630
GWAS_Protein_Goodman,Zm00001eb020570
GWAS_Protein_Goodman,Zm00001eb020580
GWAS_Protein_Goodman,Zm00001eb020590
GWAS_Protein_Goodman,Zm00001eb020600
GWAS_Protein_Goodman,Zm00001eb026960
GWAS_Protein_Goodman,Zm00001eb019820
GWAS_Protein_Goodman,Zm00001eb019830
GWAS_Protein_Goodman,Zm00001eb019840
GWAS_Protein_Goodman,Zm00001eb000170
GWAS_Protein_Goodman,Zm00001eb000190
GWAS_Protein_Goodman,Zm00001eb000200
GWAS_Protein_Goodman,Zm00001eb011270
GWAS_Protein_Goodman,Zm00001eb011280
GWAS_Protein_Goodman,Zm00001eb011290
GWAS_Protein_Goodman,Zm00001eb011300
GWAS_Protein_Goodman,Zm00001eb000850
GWAS_Protein_Goodman,Zm00001eb000860
GWAS_Protein_Goodman,Zm00001eb000870
GWAS_Protein_Goodman,Zm00001eb000880
GWAS_Protein_Goodman,Zm00001eb000890
GWAS_Protein_Goodman,Zm00001eb000900
GWAS_Protein_Goodman,Zm00001eb000910
GWAS_Protein_Goodman,Zm00001eb031720
GWAS_Protein_Goodman,Zm00001eb005350
GWAS_Protein_Goodman,Zm00001eb005360
GWAS_Protein_Goodman,Zm00001eb005370
GWAS_Protein_Goodman,Zm00001eb005380
GWAS_Protein_Goodman,Zm00001eb005390
GWAS_Protein_Goodman,Zm00001eb005400
GWAS_Protein_Goodman,Zm00001eb005410
GWAS_Protein_Goodman,Zm00001eb025500
GWAS_Protein_Goodman,Zm00001eb025510
GWAS_Protein_Goodman,Zm00001eb025520
GWAS_Protein_Goodman,Zm00001eb027810
GWAS_Protein_Goodman,Zm00001eb028720
GWAS_Protein_Goodman,Zm00001eb004780
GWAS_Protein_Goodman,Zm00001eb004790
GWAS_Protein_Goodman,Zm00001eb004800
GWAS_Protein_Goodman,Zm00001eb004810
GWAS_Protein_Goodman,Zm00001eb004820
GWAS_Protein_Goodman,Zm00001eb005610
GWAS_Protein_Goodman,Zm00001eb005630
GWAS_Protein_Goodman,Zm00001eb005640
GWAS_Protein_Goodman,Zm00001eb005650
GWAS_Protein_Goodman,Zm00001eb005660
GWAS_Protein_Goodman,Zm00001eb005670
GWAS_Protein_Goodman,Zm00001eb005680
GWAS_Protein_Goodman,Zm00001eb005690
GWAS_Protein_Goodman,Zm00001eb002590
GWAS_Protein_Goodman,Zm00001eb002600
GWAS_Protein_Goodman,Zm00001eb002610
GWAS_Protein_Goodman,Zm00001eb002620
GWAS_Protein_Goodman,Zm00001eb002640
GWAS_Protein_Goodman,Zm00001eb002650
GWAS_Protein_Goodman,Zm00001eb002660
GWAS_Protein_Goodman,Zm00001eb005020
GWAS_Protein_Goodman,Zm00001eb005030
GWAS_Protein_Goodman,Zm00001eb005040
GWAS_Protein_Goodman,Zm00001eb005060
GWAS_Protein_Goodman,Zm00001eb005070
GWAS_Protein_Goodman,Zm00001eb020070
GWAS_Protein_Goodman,Zm00001eb027250
GWAS_Protein_Goodman,Zm00001eb027260
GWAS_Protein_Goodman,Zm00001eb005100
GWAS_Protein_Goodman,Zm00001eb005110
GWAS_Protein_Goodman,Zm00001eb026290
GWAS_Protein_Goodman,Zm00001eb034180
GWAS_Protein_Goodman,Zm00001eb033100
GWAS_Protein_Goodman,Zm00001eb033110
GWAS_Protein_Goodman,Zm00001eb033120
GWAS_Protein_Goodman,Zm00001eb033130
GWAS_Protein_Goodman,Zm00001eb033140
GWAS_Protein_Goodman,Zm00001eb029690
GWAS_Protein_Goodman,Zm00001eb029700
GWAS_Protein_Goodman,Zm00001eb029710
GWAS_Protein_Goodman,Zm00001eb029720
GWAS_Protein_Goodman,Zm00001eb016530
GWAS_Protein_Goodman,Zm00001eb016540
GWAS_Protein_Goodman,Zm00001eb016550
GWAS_Protein_Goodman,Zm00001eb035070
GWAS_Protein_Goodman,Zm00001eb032720
GWAS_Protein_Goodman,Zm00001eb029030
GWAS_Protein_Goodman,Zm00001eb029040
GWAS_Protein_Goodman,Zm00001eb006890
GWAS_Protein_Goodman,Zm00001eb006900
GWAS_Protein_Goodman,Zm00001eb006910
GWAS_Protein_Goodman,Zm00001eb046100
GWAS_Protein_Goodman,Zm00001eb017630
GWAS_Protein_Goodman,Zm00001eb017640
GWAS_Protein_Goodman,Zm00001eb017650
GWAS_Protein_Goodman,Zm00001eb017660
GWAS_Protein_Goodman,Zm00001eb004430
GWAS_Protein_Goodman,Zm00001eb004440
GWAS_Protein_Goodman,Zm00001eb004450
GWAS_Protein_Goodman,Zm00001eb004460
GWAS_Protein_Goodman,Zm00001eb004470
GWAS_Protein_Goodman,Zm00001eb004480
GWAS_Protein_Goodman,Zm00001eb004490
GWAS_Protein_Goodman,Zm00001eb041980
GWAS_Protein_Goodman,Zm00001eb015740
GWAS_Protein_Goodman,Zm00001eb015750
GWAS_Protein_Goodman,Zm00001eb015760
GWAS_Protein_Goodman,Zm00001eb015770
GWAS_Protein_Goodman,Zm00001eb054420
GWAS_Protein_Goodman,Zm00001eb054430
GWAS_Protein_Goodman,Zm00001eb002570
GWAS_Protein_Goodman,Zm00001eb025160
GWAS_Protein_Goodman,Zm00001eb030730
GWAS_Protein_Goodman,Zm00001eb030740
GWAS_Protein_Goodman,Zm00001eb030760
GWAS_Protein_Goodman,Zm00001eb040290
GWAS_Protein_Goodman,Zm00001eb040300
GWAS_Protein_Goodman,Zm00001eb040310
GWAS_Protein_Goodman,Zm00001eb040320
GWAS_Protein_Goodman,Zm00001eb040330
GWAS_Protein_Goodman,Zm00001eb000550
GWAS_Protein_Goodman,Zm00001eb000560
GWAS_Protein_Goodman,Zm00001eb000570
GWAS_Protein_Goodman,Zm00001eb000580
GWAS_Protein_Goodman,Zm00001eb007320
GWAS_Protein_Goodman,Zm00001eb007330
GWAS_Protein_Goodman,Zm00001eb007340
GWAS_Protein_Goodman,Zm00001eb007350
GWAS_Protein_Goodman,Zm00001eb007360
GWAS_Protein_Goodman,Zm00001eb007370
GWAS_Protein_Goodman,Zm00001eb007380
GWAS_Protein_Goodman,Zm00001eb007390
GWAS_Protein_Goodman,Zm00001eb007400
GWAS_Protein_Goodman,Zm00001eb007410
GWAS_Protein_Goodman,Zm00001eb007420
GWAS_Protein_Goodman,Zm00001eb007430
GWAS_Protein_Goodman,Zm00001eb007440
GWAS_Protein_Goodman,Zm00001eb007450
GWAS_Protein_Goodman,Zm00001eb007460
GWAS_Protein_Goodman,Zm00001eb007470
GWAS_Protein_Goodman,Zm00001eb007490
GWAS_Protein_Goodman,Zm00001eb007500
GWAS_Protein_Goodman,Zm00001eb063660
GWAS_Protein_Goodman,Zm00001eb063670
GWAS_Protein_Goodman,Zm00001eb063680
GWAS_Protein_Goodman,Zm00001eb063690
GWAS_Protein_Goodman,Zm00001eb063700
GWAS_Protein_Goodman,Zm00001eb028670
GWAS_Protein_Goodman,Zm00001eb016680
GWAS_Protein_Goodman,Zm00001eb002140
GWAS_Protein_Goodman,Zm00001eb002150
GWAS_Protein_Goodman,Zm00001eb002170
GWAS_Protein_Goodman,Zm00001eb002180
GWAS_Protein_Goodman,Zm00001eb002190
GWAS_Protein_Goodman,Zm00001eb002200
GWAS_Protein_Goodman,Zm00001eb002210
GWAS_Protein_Goodman,Zm00001eb002220
GWAS_Protein_Goodman,Zm00001eb002240
GWAS_Protein_Goodman,Zm00001eb002250
GWAS_Protein_Goodman,Zm00001eb002260
GWAS_Protein_Goodman,Zm00001eb046620
GWAS_Protein_Goodman,Zm00001eb046630
GWAS_Protein_Goodman,Zm00001eb046640
GWAS_Protein_Goodman,Zm00001eb042530
GWAS_Protein_Goodman,Zm00001eb042540
GWAS_Protein_Goodman,Zm00001eb042550
GWAS_Protein_Goodman,Zm00001eb042560
GWAS_Protein_Goodman,Zm00001eb042570
GWAS_Protein_Goodman,Zm00001eb008130
GWAS_Protein_Goodman,Zm00001eb008140
GWAS_Protein_Goodman,Zm00001eb024470
GWAS_Protein_Goodman,Zm00001eb001940
GWAS_Protein_Goodman,Zm00001eb001950
GWAS_Protein_Goodman,Zm00001eb001960
GWAS_Protein_Goodman,Zm00001eb001970
GWAS_Protein_Goodman,Zm00001eb001980
GWAS_Protein_Goodman,Zm00001eb001990
GWAS_Protein_Goodman,Zm00001eb021610
GWAS_Protein_Goodman,Zm00001eb021620
GWAS_Protein_Goodman,Zm00001eb021630
GWAS_Protein_Goodman,Zm00001eb021640
GWAS_Protein_Goodman,Zm00001eb021650
GWAS_Protein_Goodman,Zm00001eb021660
GWAS_Protein_Goodman,Zm00001eb021670
GWAS_Protein_Goodman,Zm00001eb021690
GWAS_Protein_Goodman,Zm00001eb021700
GWAS_Protein_Goodman,Zm00001eb021710
GWAS_Protein_Goodman,Zm00001eb036930
GWAS_Protein_Goodman,Zm00001eb036940
GWAS_Protein_Goodman,Zm00001eb004560
GWAS_Protein_Goodman,Zm00001eb004570
GWAS_Protein_Goodman,Zm00001eb004590
GWAS_Protein_Goodman,Zm00001eb004600
GWAS_Protein_Goodman,Zm00001eb004610
GWAS_Protein_Goodman,Zm00001eb004630
GWAS_Protein_Goodman,Zm00001eb004640
GWAS_Protein_Goodman,Zm00001eb004650
GWAS_Protein_Goodman,Zm00001eb004660
GWAS_Protein_Goodman,Zm00001eb004670
GWAS_Protein_Goodman,Zm00001eb004690
GWAS_Protein_Goodman,Zm00001eb024450
GWAS_Protein_Goodman,Zm00001eb024460
GWAS_Protein_Goodman,Zm00001eb025130
GWAS_Protein_Goodman,Zm00001eb025140
GWAS_Protein_Goodman,Zm00001eb023740
GWAS_Protein_Goodman,Zm00001eb023750
GWAS_Protein_Goodman,Zm00001eb045670
GWAS_Protein_Goodman,Zm00001eb045680
GWAS_Protein_Goodman,Zm00001eb045690
GWAS_Protein_Goodman,Zm00001eb045700
GWAS_Protein_Goodman,Zm00001eb045710
GWAS_Protein_Goodman,Zm00001eb045730
GWAS_Protein_Goodman,Zm00001eb042420
GWAS_Protein_Goodman,Zm00001eb042430
GWAS_Protein_Goodman,Zm00001eb042440
GWAS_Protein_Goodman,Zm00001eb006590
GWAS_Protein_Goodman,Zm00001eb006600
GWAS_Protein_Goodman,Zm00001eb006610
GWAS_Protein_Goodman,Zm00001eb006620
GWAS_Protein_Goodman,Zm00001eb060510
GWAS_Protein_Goodman,Zm00001eb060520
GWAS_Protein_Goodman,Zm00001eb060530
GWAS_Protein_Goodman,Zm00001eb060540
GWAS_Protein_Goodman,Zm00001eb060550
GWAS_Protein_Goodman,Zm00001eb022820
GWAS_Protein_Goodman,Zm00001eb022830
GWAS_Protein_Goodman,Zm00001eb061330
GWAS_Protein_Goodman,Zm00001eb061350
GWAS_Protein_Goodman,Zm00001eb061360
GWAS_Protein_Goodman,Zm00001eb061370
GWAS_Protein_Goodman,Zm00001eb061380
GWAS_Protein_Goodman,Zm00001eb032070
GWAS_Protein_Goodman,Zm00001eb032100
GWAS_Protein_Goodman,Zm00001eb028370
GWAS_Protein_Goodman,Zm00001eb026350
GWAS_Protein_Goodman,Zm00001eb027680
GWAS_Protein_Goodman,Zm00001eb035560
GWAS_Protein_Goodman,Zm00001eb035570
GWAS_Protein_Goodman,Zm00001eb035580
GWAS_Protein_Goodman,Zm00001eb035590
GWAS_Protein_Goodman,Zm00001eb035600
GWAS_Protein_Goodman,Zm00001eb024130
