"pathway_id","pathway_name","n_genes","gene_names","gene_pvals","magma_pvalue"
"PWY-3821","D-galactose detoxification",7,"SORBI_3001G026000;SORBI_3001G372500;SORBI_3002G047500;SORBI_3002G170100;SORBI_3002G271200;SORBI_3007G114500;SORBI_3010G251200","2.1670e-01;5.6581e-01;4.3706e-01;1.6097e-01;1.6230e-02;1.0975e-01;1.4848e-02",0.00091328
"PWY-46","putrescine biosynthesis III",6,"SORBI_3002G282800;SORBI_3002G282900;SORBI_3002G284000;SORBI_3002G302100;SORBI_3004G319100;SORBI_3005G156000","1.9336e-02;2.1810e-02;7.1391e-01;1.3327e-01;1.1766e-01;1.1422e-01",0.0011174
"MANNCAT-PWY","D-mannose degradation",3,"SORBI_3002G100900;SORBI_3003G087900;SORBI_3005G176100","7.6052e-01;9.6041e-03;4.4454e-01",0.0012145
"PWY-882","L-ascorbate biosynthesis I (L-galactose pathway)",24,"SORBI_3001G247600;SORBI_3001G292000;SORBI_3001G424500;SORBI_3001G462200;SORBI_3002G100900;SORBI_3002G125800;SORBI_3002G155900;SORBI_3003G087900;SORBI_3003G119900;SORBI_3003G290200;SORBI_3003G355200;SORBI_3003G391500;SORBI_3005G031000;SORBI_3005G031200;SORBI_3005G123200;SORBI_3005G168600;SORBI_3005G176100;SORBI_3006G008200;SORBI_3006G271500;SORBI_3008G064700;SORBI_3008G097000;SORBI_3008G167600;SORBI_3010G007200;SORBI_3010G007300","2.1523e-01;3.1049e-01;4.5778e-01;6.5824e-01;7.6052e-01;1.5473e-01;8.1070e-01;9.6041e-03;1.8429e-01;5.0337e-01;3.8312e-01;7.1301e-02;5.9652e-01;6.2079e-01;1.2028e-01;1.8521e-01;4.4454e-01;1.2544e-01;7.3343e-01;1.3141e-01;5.4037e-01;1.8000e-01;4.1883e-01;7.8639e-01",0.0017231
"PWY-7344","UDP-&alpha;-D-galactose biosynthesis",4,"SORBI_3001G372500;SORBI_3002G170100;SORBI_3002G271200;SORBI_3007G114500","5.6581e-01;1.6097e-01;1.6230e-02;1.0975e-01",0.0035671
"GALACTMETAB-PWY","UDP-galactose biosynthesis (salvage pathway from galactose using UDP-glucose)",9,"SORBI_3001G026000;SORBI_3001G372500;SORBI_3002G170100;SORBI_3002G271200;SORBI_3002G291200;SORBI_3004G013500;SORBI_3007G114500;SORBI_3009G168600;SORBI_3010G251200","2.1670e-01;5.6581e-01;1.6097e-01;1.6230e-02;2.8499e-01;4.0044e-01;1.0975e-01;1.0120e-02;1.4848e-02",0.0040127
"PWY-7101","5-deoxystrigol biosynthesis",9,"SORBI_3002G380550;SORBI_3003G293600;SORBI_3005G002500;SORBI_3005G105700;SORBI_3005G168200;SORBI_3006G170300;SORBI_3007G016600;SORBI_3007G170300;SORBI_3009G030800","3.2911e-02;4.7863e-01;4.5121e-01;2.7378e-01;9.4981e-01;8.1296e-01;7.8751e-02;6.1844e-02;5.3583e-01",0.0047775
"PWY-6527","stachyose degradation",11,"SORBI_3001G026000;SORBI_3001G372500;SORBI_3002G047500;SORBI_3002G170100;SORBI_3002G271200;SORBI_3002G291200;SORBI_3004G013500;SORBI_3007G114500;SORBI_3007G219900;SORBI_3009G168600;SORBI_3010G251200","2.1670e-01;5.6581e-01;4.3706e-01;1.6097e-01;1.6230e-02;2.8499e-01;4.0044e-01;1.0975e-01;1.7914e-01;1.0120e-02;1.4848e-02",0.0049443
"POLYAMINSYN3-PWY","superpathway of polyamine biosynthesis II",9,"SORBI_3002G282800;SORBI_3002G282900;SORBI_3002G284000;SORBI_3002G302100;SORBI_3004G016000;SORBI_3004G113100;SORBI_3004G319100;SORBI_3005G156000;SORBI_3010G153900","1.9336e-02;2.1810e-02;7.1391e-01;1.3327e-01;6.8039e-01;2.6383e-01;1.1766e-01;1.1422e-01;5.1013e-01",0.0054796
"PWY-6665","pterostilbene biosynthesis",28,"SORBI_3001G246650;SORBI_3001G246700;SORBI_3001G354200;SORBI_3001G354400;SORBI_3003G298500;SORBI_3004G128400;SORBI_3004G341500;SORBI_3004G341600;SORBI_3005G045600;SORBI_3005G086600;SORBI_3005G110451;SORBI_3005G129100;SORBI_3006G007850;SORBI_3006G007900;SORBI_3006G008000;SORBI_3007G074800;SORBI_3008G013900;SORBI_3009G043900;SORBI_3009G197000;SORBI_3009G197100;SORBI_3009G197400;SORBI_3009G197600;SORBI_3009G197800;SORBI_3009G198000;SORBI_3010G230800;SORBI_3010G231000;SORBI_3010G234400;SORBI_3010G234500","4.5387e-01;2.5870e-02;8.2946e-01;4.7338e-01;5.9017e-01;2.4006e-01;3.0704e-01;2.6169e-01;5.2909e-01;7.5790e-01;2.8000e-01;4.7877e-01;8.6221e-03;2.4026e-02;1.4622e-02;6.7699e-01;6.8399e-02;7.8848e-01;4.8968e-05;8.6824e-04;7.0867e-04;2.1862e-03;5.8629e-02;1.2290e-02;5.4745e-01;2.0713e-01;8.1394e-01;7.7554e-01",0.0071135
"PWY-5659","GDP-mannose biosynthesis",12,"SORBI_3001G071800;SORBI_3001G424500;SORBI_3001G462200;SORBI_3002G100900;SORBI_3002G125800;SORBI_3002G155900;SORBI_3002G230600;SORBI_3003G087900;SORBI_3003G355200;SORBI_3005G176100;SORBI_3006G008200;SORBI_3006G271500","4.3261e-01;4.5778e-01;6.5824e-01;7.6052e-01;1.5473e-01;8.1070e-01;2.9396e-01;9.6041e-03;3.8312e-01;4.4454e-01;1.2544e-01;7.3343e-01",0.0071741
"PWY-4541","lipid-dependent phytate biosynthesis I (via Ins(1,4,5)P<sub>3</sub>)",2,"SORBI_3004G160800;SORBI_3006G251500","6.4494e-02;1.7848e-02",0.011263
"OXIDATIVEPENT-PWY","pentose phosphate pathway (oxidative branch) I",12,"SORBI_3001G336500;SORBI_3001G339100;SORBI_3001G390900;SORBI_3002G272500;SORBI_3002G368000;SORBI_3003G418600;SORBI_3004G204900;SORBI_3005G115600;SORBI_3006G030800;SORBI_3006G126300;SORBI_3007G179900;SORBI_3010G009300","9.1125e-01;3.2479e-01;5.2620e-01;2.0982e-01;2.7236e-02;7.9846e-01;3.4606e-01;4.7682e-01;9.1473e-04;6.4412e-01;1.3905e-01;1.5934e-01",0.012385
"PWY-3981","&beta;-alanine biosynthesis I",10,"SORBI_3002G215700;SORBI_3002G318100;SORBI_3003G203500;SORBI_3004G250900;SORBI_3004G300800;SORBI_3005G064800;SORBI_3006G163300;SORBI_3008G057500;SORBI_3010G113000;SORBI_3010G178300","1.5091e-01;7.3045e-03;8.9249e-02;4.5419e-01;3.3271e-03;4.0761e-02;4.5391e-01;9.5079e-01;9.9775e-02;7.3392e-02",0.018674
"PWY-2841","cytokinins degradation",4,"SORBI_3003G036700;SORBI_3004G093900;SORBI_3004G094000;SORBI_3006G151500","5.9115e-01;4.5147e-02;3.2184e-02;1.0902e-01",0.019205
"PWY0-662","PRPP biosynthesis",5,"SORBI_3001G544600;SORBI_3003G281200;SORBI_3004G025800;SORBI_3004G261500;SORBI_3010G193600","2.2858e-01;3.7377e-01;7.1754e-01;2.4345e-03;4.3827e-01",0.025936
"PWY-5194","siroheme biosynthesis",2,"SORBI_3003G229600;SORBI_3004G131800","8.0593e-02;6.3049e-02",0.045479
"PWY-3881","mannitol biosynthesis",11,"SORBI_3001G202000;SORBI_3001G292000;SORBI_3002G100900;SORBI_3003G087900;SORBI_3003G211500;SORBI_3003G290200;SORBI_3004G021300;SORBI_3005G123200;SORBI_3005G176100;SORBI_3010G007200;SORBI_3010G007300","1.1599e-01;3.1049e-01;7.6052e-01;9.6041e-03;6.0710e-01;5.0337e-01;5.8529e-01;1.2028e-01;4.4454e-01;4.1883e-01;7.8639e-01",0.049279
"PWY-6605","adenine and adenosine salvage II",8,"SORBI_3002G134400;SORBI_3004G214000;SORBI_3006G138800;SORBI_3007G072400;SORBI_3008G147900;SORBI_3009G133800;SORBI_3009G133900;SORBI_3009G134300","7.6468e-01;6.6467e-01;3.0067e-01;3.8548e-01;1.2603e-01;5.2925e-02;4.8556e-02;2.2937e-01",0.05198
"PWY-1042","glycolysis IV (plant cytosol)",60,"SORBI_3001G052500;SORBI_3001G057200;SORBI_3001G140700;SORBI_3001G236800;SORBI_3001G253300;SORBI_3001G290600;SORBI_3001G384100;SORBI_3001G386900;SORBI_3001G426100;SORBI_3002G026300;SORBI_3002G054400;SORBI_3002G156750;SORBI_3002G160300;SORBI_3002G186900;SORBI_3002G201700;SORBI_3002G277100;SORBI_3003G034700;SORBI_3003G072300;SORBI_3003G096000;SORBI_3003G105000;SORBI_3003G130800;SORBI_3003G244700;SORBI_3003G290000;SORBI_3003G336000;SORBI_3003G352300;SORBI_3003G393900;SORBI_3004G055200;SORBI_3004G056400;SORBI_3004G146000;SORBI_3004G205100;SORBI_3004G261800;SORBI_3005G034400;SORBI_3005G056400;SORBI_3005G101400;SORBI_3005G159000;SORBI_3006G074800;SORBI_3006G114700;SORBI_3006G267200;SORBI_3007G025400;SORBI_3007G101800;SORBI_3007G139500;SORBI_3007G140700;SORBI_3008G033600;SORBI_3008G053200;SORBI_3008G116600;SORBI_3009G016700;SORBI_3009G071800;SORBI_3009G183700;SORBI_3009G204601;SORBI_3010G026925;SORBI_3010G027000;SORBI_3010G041400;SORBI_3010G100200;SORBI_3010G101600;SORBI_3010G134000;SORBI_3010G188300;SORBI_3010G221800;SORBI_3010G262433;SORBI_3010G262466;SORBI_3010G262500","8.0864e-01;3.3121e-01;1.0886e-01;9.1355e-03;1.1284e-01;2.3490e-01;1.0031e-01;2.5119e-01;7.6963e-01;9.0130e-02;3.5799e-01;4.0390e-02;2.3698e-01;7.4310e-01;1.6772e-01;5.5190e-01;6.0009e-01;5.5333e-02;6.6015e-01;4.0004e-01;6.6422e-01;7.2005e-01;2.4715e-01;3.0090e-01;8.3862e-01;5.9231e-01;6.0467e-01;5.9927e-01;4.0051e-01;3.3817e-01;4.2838e-03;6.8297e-01;9.0843e-01;8.6506e-01;6.3636e-01;3.5284e-03;8.4138e-01;5.8904e-01;8.3006e-01;6.7004e-01;1.2138e-01;1.4405e-01;9.1453e-01;1.8855e-01;5.0936e-01;7.8576e-01;1.2960e-01;6.1363e-02;5.6411e-01;7.7103e-01;8.4948e-01;6.6665e-02;6.5632e-01;6.8183e-01;5.0786e-01;5.3703e-01;6.8791e-01;9.5645e-01;9.6941e-01;7.9998e-01",0.057805
"PWY-6333","acetaldehyde biosynthesis I",11,"SORBI_3001G097600;SORBI_3001G263900;SORBI_3001G264000;SORBI_3001G475800;SORBI_3001G475900;SORBI_3002G379100;SORBI_3002G379200;SORBI_3004G226500;SORBI_3004G343200;SORBI_3005G103300;SORBI_3005G103500","1.4925e-01;8.3420e-02;1.2653e-01;6.5706e-01;6.6087e-01;3.6903e-09;2.3443e-09;9.9840e-02;9.1042e-02;4.3804e-01;5.8883e-01",0.061081
"PWY-6066","IAA biosynthesis VII",3,"SORBI_3002G111200;SORBI_3002G415900;SORBI_3009G219500","6.1255e-03;3.5665e-01;4.4624e-09",0.062408
"PWY-6752","<i>o</i>-diquinones biosynthesis",8,"SORBI_3003G310400;SORBI_3003G322100;SORBI_3006G181300;SORBI_3006G181400;SORBI_3007G068300;SORBI_3007G068500;SORBI_3007G068700;SORBI_3010G192700","1.5056e-01;7.6248e-01;7.0190e-01;6.3109e-01;4.4833e-01;2.4657e-01;5.8145e-01;5.9083e-02",0.068211
"PWY-2161B-PMN","folate polyglutamylation II",5,"SORBI_3001G201900;SORBI_3001G535500;SORBI_3009G199001;SORBI_3009G199100;SORBI_3009G199200","5.4386e-02;2.5142e-01;1.2994e-03;6.2066e-04;6.3858e-04",0.077819
"PWY-6163","chorismate biosynthesis from 3-dehydroquinate",7,"SORBI_3001G433700;SORBI_3003G169900;SORBI_3004G236300;SORBI_3006G235500;SORBI_3008G116000;SORBI_3008G116100;SORBI_3010G023800","1.6464e-01;2.7254e-01;6.3156e-01;2.5576e-02;9.7117e-02;1.9248e-01;5.1952e-01",0.077997
"PWY-7528","L-methionine salvage cycle I (bacteria and plants)",3,"SORBI_3003G140000;SORBI_3003G151600;SORBI_3009G033600","4.1804e-01;2.3436e-02;1.3580e-02",0.079507
"SAM-PWY","S-adenosyl-L-methionine biosynthesis",3,"SORBI_3003G140000;SORBI_3003G151600;SORBI_3009G033600","4.1804e-01;2.3436e-02;1.3580e-02",0.079507
"METHIONINE-DEG1-PWY","L-methionine degradation I (to L-homocysteine)",4,"SORBI_3003G140000;SORBI_3003G151600;SORBI_3005G112800;SORBI_3009G033600","4.1804e-01;2.3436e-02;2.5264e-01;1.3580e-02",0.092252
"PWY0-1264","biotin-carboxyl carrier protein assembly",5,"SORBI_3001G262400;SORBI_3004G052900;SORBI_3006G030100;SORBI_3006G233900;SORBI_3008G114300","3.0664e-01;6.0027e-01;1.8362e-02;6.8031e-01;7.4929e-01",0.094056
"PWY-6837","fatty acid beta-oxidation V (unsaturated, odd number, di-isomerase-dependent)",7,"SORBI_3003G024900;SORBI_3003G025000;SORBI_3003G158300;SORBI_3003G409400;SORBI_3004G124200;SORBI_3009G111400;SORBI_3009G207100","9.4535e-01;9.4368e-01;5.1021e-01;4.5600e-01;1.5455e-01;1.6806e-02;1.8464e-03",0.094582
"PWY-5137","fatty acid &beta;-oxidation III (unsaturated, odd number)",6,"SORBI_3003G024900;SORBI_3003G025000;SORBI_3003G158300;SORBI_3004G124200;SORBI_3009G111400;SORBI_3009G207100","9.4535e-01;9.4368e-01;5.1021e-01;1.5455e-01;1.6806e-02;1.8464e-03",0.10018
"PWY-4361","<i>S</i>-methyl-5-thio-&alpha;-D-ribose 1-phosphate degradation I",11,"SORBI_3001G215300;SORBI_3001G243100;SORBI_3001G243200;SORBI_3001G485500;SORBI_3001G485800;SORBI_3001G496300;SORBI_3002G223500;SORBI_3003G108800;SORBI_3005G100800;SORBI_3005G110541;SORBI_3010G077400","9.5508e-01;1.5209e-01;2.2323e-01;5.5753e-01;1.4811e-03;3.2648e-01;3.2945e-01;8.1963e-01;4.0306e-01;4.9903e-01;4.7148e-01",0.10028
"PWY-7204","pyridoxal 5'-phosphate salvage II (plants)",12,"SORBI_3001G027300;SORBI_3001G125000;SORBI_3001G193700;SORBI_3001G422100;SORBI_3001G532600;SORBI_3002G030900;SORBI_3002G388400;SORBI_3003G444200;SORBI_3004G098000;SORBI_3006G140700;SORBI_3007G184200;SORBI_3008G156300","2.0739e-01;1.9769e-02;6.6992e-01;7.7296e-01;4.9059e-01;2.3548e-01;1.0055e-02;1.3994e-01;6.6920e-01;1.7302e-03;1.4436e-01;3.2868e-02",0.10066
"PWY-1269","CMP-3-deoxy-D-<I>manno</I>-octulosonate biosynthesis",3,"SORBI_3004G047400;SORBI_3008G075200;SORBI_3009G231100","9.4191e-01;1.9616e-01;8.9936e-14",0.11425
"PWY-6498","eumelanin biosynthesis",3,"SORBI_3005G005500;SORBI_3008G006200;SORBI_3010G249600","5.1940e-01;3.7845e-01;3.2885e-01",0.11441
"PWY-84","resveratrol biosynthesis",2,"SORBI_3002G115700;SORBI_3005G134301","5.2787e-02;4.8842e-01",0.1164
"PWY-5976","dhurrin degradation",9,"SORBI_3004G335500;SORBI_3005G186500;SORBI_3005G186600;SORBI_3005G186700;SORBI_3005G186800;SORBI_3008G079800;SORBI_3008G080100;SORBI_3008G080400;SORBI_3008G080600","4.1785e-01;6.3287e-01;7.2729e-01;7.3201e-01;5.3057e-01;1.1923e-01;3.2000e-01;8.1397e-01;6.0300e-01",0.11916
"PWY-1422","vitamin E biosynthesis (tocopherols)",13,"SORBI_3002G104200;SORBI_3002G105600;SORBI_3002G351600;SORBI_3003G320000;SORBI_3004G053700;SORBI_3004G125800;SORBI_3004G269800;SORBI_3005G190800;SORBI_3006G183500;SORBI_3008G022000;SORBI_3008G171000;SORBI_3008G171300;SORBI_3010G215600","1.1729e-02;2.1948e-01;2.9097e-01;5.3931e-02;9.7736e-03;1.9483e-01;1.2802e-01;9.9290e-01;3.3689e-01;4.3170e-01;1.8942e-01;1.8309e-01;1.4367e-01",0.12145
"CYSTSYN-PWY","L-cysteine biosynthesis I",15,"SORBI_3001G455600;SORBI_3001G470000;SORBI_3001G514800;SORBI_3003G110100;SORBI_3003G279500;SORBI_3003G333700;SORBI_3004G095700;SORBI_3006G077900;SORBI_3008G179900;SORBI_3009G209200;SORBI_3010G039100;SORBI_3010G039200;SORBI_3010G039300;SORBI_3010G039401;SORBI_3010G041201","5.8441e-01;4.4306e-01;8.0507e-02;5.0634e-01;6.4586e-01;7.1038e-01;3.6957e-01;5.6480e-01;3.5314e-01;1.1004e-03;1.5801e-01;1.3863e-01;2.4528e-01;4.2253e-01;7.2671e-02",0.12294
"PWY-2161","folate polyglutamylation",7,"SORBI_3001G097100;SORBI_3001G201900;SORBI_3001G535500;SORBI_3002G220200;SORBI_3003G373600;SORBI_3005G113300;SORBI_3008G144800","4.1485e-01;5.4386e-02;2.5142e-01;6.8491e-01;9.2707e-02;3.4948e-01;1.9795e-01",0.1237
"PWY-2902","cytokinin-<i>O</i>-glucosides biosynthesis",31,"SORBI_3001G164900;SORBI_3001G236400;SORBI_3001G505800;SORBI_3001G505900;SORBI_3002G379700;SORBI_3002G405000;SORBI_3003G047500;SORBI_3003G047600;SORBI_3003G047700;SORBI_3003G047800;SORBI_3003G088450;SORBI_3003G095000;SORBI_3004G087100;SORBI_3004G087200;SORBI_3006G048000;SORBI_3006G123700;SORBI_3006G139900;SORBI_3006G151600;SORBI_3006G174000;SORBI_3006G174300;SORBI_3006G174400;SORBI_3006G174500;SORBI_3006G174600;SORBI_3006G268100;SORBI_3007G028200;SORBI_3009G064300;SORBI_3009G064500;SORBI_3009G211800;SORBI_3010G081600;SORBI_3010G091100;SORBI_3010G238400","1.4109e-01;1.9825e-01;3.7569e-01;2.8410e-01;1.5284e-02;7.8660e-01;8.2562e-01;8.3258e-01;1.9385e-01;1.4896e-01;3.5644e-01;4.6839e-01;2.8169e-01;2.5902e-01;3.8829e-01;1.2507e-01;1.0365e-01;1.7458e-01;3.9965e-01;5.2326e-01;5.1666e-01;5.2315e-01;9.2018e-02;2.6738e-01;7.1290e-01;2.1565e-01;6.4250e-02;1.8772e-03;5.6903e-01;1.9768e-01;5.3053e-01",0.12583
"PWY-5686","UMP biosynthesis I",11,"SORBI_3001G327500;SORBI_3002G413750;SORBI_3003G193700;SORBI_3003G294100;SORBI_3003G427200;SORBI_3003G427300;SORBI_3004G265900;SORBI_3006G194150;SORBI_3006G266200;SORBI_3007G092200;SORBI_3007G104300","4.3830e-01;4.2390e-03;4.3081e-02;2.2088e-01;7.4723e-01;7.5769e-01;5.4553e-01;2.0490e-02;4.6778e-01;4.8180e-01;7.9050e-01",0.12993
"PWY-6554","1D-<i>myo</i>-inositol hexakisphosphate biosynthesis V (from Ins(1,3,4)P3)",8,"SORBI_3001G106900;SORBI_3001G278700;SORBI_3001G286100;SORBI_3001G447200;SORBI_3002G266300;SORBI_3004G141100;SORBI_3004G160800;SORBI_3006G251500","2.4048e-02;1.1437e-02;2.2628e-01;8.3501e-01;9.0275e-01;1.4417e-01;6.4494e-02;1.7848e-02",0.13643
"PWY-3462","L-phenylalanine biosynthesis II",6,"SORBI_3001G320700;SORBI_3002G133100;SORBI_3003G306100;SORBI_3004G065500;SORBI_3006G066200;SORBI_3007G141500","8.1914e-01;6.5667e-01;7.5901e-01;1.8852e-01;1.5423e-04;5.3716e-01",0.14099
"PWY-6290","&beta;-cubebene biosynthesis",2,"SORBI_3002G065500;SORBI_3005G130500","1.7930e-02;4.2941e-01",0.14228
"PWY-1061","homogalacturonan biosynthesis",25,"SORBI_3001G131900;SORBI_3001G138200;SORBI_3001G338400;SORBI_3001G364700;SORBI_3001G384200;SORBI_3001G460000;SORBI_3002G241100;SORBI_3002G274700;SORBI_3002G398400;SORBI_3002G420100;SORBI_3003G282600;SORBI_3004G151400;SORBI_3004G237800;SORBI_3004G244100;SORBI_3004G336401;SORBI_3005G169500;SORBI_3006G157800;SORBI_3006G232000;SORBI_3007G105700;SORBI_3008G022500;SORBI_3008G141800;SORBI_3009G177200;SORBI_3010G092400;SORBI_3010G101400;SORBI_3010G274800","8.1577e-01;9.1659e-01;9.2419e-01;1.0163e-01;3.8572e-01;7.2201e-01;4.0569e-01;1.1233e-01;1.3605e-01;7.3880e-01;3.8149e-01;8.6738e-01;7.2991e-02;7.6516e-01;3.4260e-01;4.8703e-01;3.5499e-01;7.6333e-01;9.7532e-01;3.6254e-01;1.3282e-01;9.0379e-02;5.5757e-01;1.2955e-01;7.1801e-01",0.14294
"PWY-181","photorespiration",20,"SORBI_3001G007000;SORBI_3001G097100;SORBI_3002G006600;SORBI_3002G032900;SORBI_3003G259200;SORBI_3003G373600;SORBI_3004G001300;SORBI_3004G055700;SORBI_3005G113300;SORBI_3006G004600;SORBI_3006G004700;SORBI_3006G004900;SORBI_3006G005200;SORBI_3006G005300;SORBI_3006G014000;SORBI_3006G130300;SORBI_3007G056300;SORBI_3007G213700;SORBI_3008G144800;SORBI_3009G004100","7.3714e-01;4.1485e-01;6.5857e-01;4.7252e-01;4.8847e-01;9.2707e-02;5.3493e-01;4.1649e-01;3.4948e-01;3.5672e-01;1.5528e-02;7.2037e-02;3.7341e-01;5.8846e-01;6.7530e-01;5.4507e-01;4.2414e-01;1.9916e-01;1.9795e-01;8.2985e-01",0.14561
"GLYSYN-ALA-PWY","glycine biosynthesis III",5,"SORBI_3001G379000;SORBI_3001G488200;SORBI_3002G006600;SORBI_3007G213700;SORBI_3009G172500","6.7851e-03;1.8423e-01;6.5857e-01;1.9916e-01;2.4585e-01",0.14681
"PWY-5945","violaxanthin, antheraxanthin and zeaxanthin interconversion",7,"SORBI_3003G277400;SORBI_3004G213100;SORBI_3006G049200;SORBI_3006G097500;SORBI_3006G222700;SORBI_3007G140200;SORBI_3008G021300","1.7807e-01;6.7279e-01;2.6159e-01;1.2225e-01;5.2458e-01;7.6437e-02;7.1139e-01",0.15079
"PWY-6468","&omega;- hydroxylation of laurate",2,"SORBI_3001G514700;SORBI_3009G019301","6.5342e-02;4.5525e-01",0.15173
"PWY-5136","fatty acid &beta;-oxidation II (peroxisome)",15,"SORBI_3001G230100;SORBI_3003G061800;SORBI_3003G158300;SORBI_3003G324000;SORBI_3003G354400;SORBI_3004G124200;SORBI_3004G297400;SORBI_3004G345800;SORBI_3005G181000;SORBI_3006G012800;SORBI_3009G057200;SORBI_3009G057300;SORBI_3009G111400;SORBI_3010G001900;SORBI_3010G049100","7.8521e-01;4.7364e-01;5.1021e-01;8.0425e-01;5.5689e-01;1.5455e-01;6.7656e-01;8.9380e-01;3.7752e-02;6.8064e-01;5.9548e-01;6.5486e-01;1.6806e-02;5.2513e-01;2.8439e-03",0.15474
"PWY-6014","vernolate biosynthesis I",12,"SORBI_3001G195100;SORBI_3001G195200;SORBI_3001G195500;SORBI_3001G270200;SORBI_3002G348900;SORBI_3003G076700;SORBI_3003G076800;SORBI_3003G413800;SORBI_3004G006100;SORBI_3006G066400;SORBI_3010G197700;SORBI_3010G231600","6.2733e-01;6.3251e-01;8.5055e-01;1.2059e-01;7.6322e-01;3.4771e-01;8.3393e-01;4.5077e-02;7.3312e-01;2.9156e-04;1.3830e-01;7.5375e-01",0.15495
"PWY-6710","poly-hydroxy fatty acids biosynthesis",12,"SORBI_3001G195100;SORBI_3001G195200;SORBI_3001G195500;SORBI_3001G270200;SORBI_3002G348900;SORBI_3003G076700;SORBI_3003G076800;SORBI_3003G413800;SORBI_3004G006100;SORBI_3006G066400;SORBI_3010G197700;SORBI_3010G231600","6.2733e-01;6.3251e-01;8.5055e-01;1.2059e-01;7.6322e-01;3.4771e-01;8.3393e-01;4.5077e-02;7.3312e-01;2.9156e-04;1.3830e-01;7.5375e-01",0.15495
"PWY-7634","vernolate biosynthesis II",12,"SORBI_3001G195100;SORBI_3001G195200;SORBI_3001G195500;SORBI_3001G270200;SORBI_3002G348900;SORBI_3003G076700;SORBI_3003G076800;SORBI_3003G413800;SORBI_3004G006100;SORBI_3006G066400;SORBI_3010G197700;SORBI_3010G231600","6.2733e-01;6.3251e-01;8.5055e-01;1.2059e-01;7.6322e-01;3.4771e-01;8.3393e-01;4.5077e-02;7.3312e-01;2.9156e-04;1.3830e-01;7.5375e-01",0.15495
"PWY-5905","hypusine biosynthesis",4,"SORBI_3001G096300;SORBI_3004G349000;SORBI_3006G046500;SORBI_3007G019200","1.9391e-01;9.5205e-01;5.8306e-03;1.1049e-02",0.16337
"PWY-735","jasmonic acid biosynthesis",32,"SORBI_3001G077400;SORBI_3001G189300;SORBI_3001G282800;SORBI_3001G329800;SORBI_3001G449700;SORBI_3001G483400;SORBI_3001G500800;SORBI_3001G516600;SORBI_3002G158900;SORBI_3002G171001;SORBI_3003G391600;SORBI_3004G078600;SORBI_3004G093200;SORBI_3004G180500;SORBI_3004G350600;SORBI_3006G091600;SORBI_3006G091700;SORBI_3006G091800;SORBI_3006G091900;SORBI_3006G095600;SORBI_3007G151100;SORBI_3007G210400;SORBI_3008G079600;SORBI_3008G164450;SORBI_3009G003600;SORBI_3010G001900;SORBI_3010G049100;SORBI_3010G084100;SORBI_3010G084300;SORBI_3010G084400;SORBI_3010G084600;SORBI_3010G084700","4.7888e-01;8.5041e-01;4.3355e-01;5.6473e-01;8.1002e-01;2.2184e-02;1.0609e-03;1.6524e-01;2.8723e-02;4.9622e-01;3.0892e-01;9.1551e-01;1.4952e-02;1.1180e-02;5.4953e-01;4.2836e-01;3.1239e-02;1.7019e-02;1.1964e-02;9.0433e-02;7.5003e-01;2.5355e-01;4.2500e-01;6.4869e-01;4.1340e-01;5.2513e-01;2.8439e-03;4.5859e-01;6.3782e-01;5.9853e-01;5.4176e-01;6.8309e-01",0.17524
"PWY-7411","phosphatidate biosynthesis (yeast)",32,"SORBI_3001G026100;SORBI_3001G099300;SORBI_3001G206000;SORBI_3001G247500;SORBI_3001G250200;SORBI_3001G283700;SORBI_3001G493300;SORBI_3002G081500;SORBI_3002G267500;SORBI_3002G325300;SORBI_3003G114200;SORBI_3003G142500;SORBI_3003G229700;SORBI_3003G317500;SORBI_3003G326800;SORBI_3003G360700;SORBI_3003G420800;SORBI_3003G443400;SORBI_3005G197100;SORBI_3005G214400;SORBI_3006G041266;SORBI_3006G221500;SORBI_3007G223801;SORBI_3008G112100;SORBI_3008G130800;SORBI_3008G187200;SORBI_3009G015800;SORBI_3009G157000;SORBI_3009G162000;SORBI_3009G183300;SORBI_3009G188900;SORBI_3009G202600","2.3687e-01;3.5257e-01;1.5080e-01;8.4200e-01;4.8248e-01;3.3978e-01;3.3176e-01;3.0293e-01;4.3883e-01;6.8405e-01;1.6733e-02;1.8586e-01;7.5373e-01;3.6203e-01;6.9222e-01;6.8265e-01;2.4545e-01;2.3111e-01;4.7371e-03;5.3470e-01;5.7001e-01;3.0738e-01;1.5168e-01;7.7946e-01;6.3628e-03;6.3359e-01;7.0366e-01;1.4101e-01;1.1228e-02;2.7787e-02;1.7381e-02;5.9127e-04",0.17533
"PWY-6120","L-tyrosine biosynthesis III",5,"SORBI_3003G306100;SORBI_3004G065500;SORBI_3007G141500;SORBI_3010G258500;SORBI_3010G258700","7.5901e-01;1.8852e-01;5.3716e-01;3.8541e-01;1.8137e-01",0.1776
"VALSYN-PWY","L-valine biosynthesis",6,"SORBI_3003G239900;SORBI_3004G155800;SORBI_3004G210000;SORBI_3005G082200;SORBI_3007G167800;SORBI_3009G239900","2.9784e-01;3.4913e-02;2.4157e-01;4.7717e-01;1.7474e-01;1.1486e-07",0.18232
"PWY-5041","<i>S</i>-adenosyl-L-methionine cycle II",6,"SORBI_3001G148900;SORBI_3003G140000;SORBI_3003G151600;SORBI_3005G112800;SORBI_3008G178800;SORBI_3009G033600","6.6087e-01;4.1804e-01;2.3436e-02;2.5264e-01;4.8747e-01;1.3580e-02",0.18246
"PWY-6613","tetrahydrofolate salvage from 5,10-methenyltetrahydrofolate",4,"SORBI_3002G172600;SORBI_3004G018000;SORBI_3006G083100;SORBI_3009G045800","3.4865e-01;8.1093e-01;9.0319e-02;2.5325e-01",0.18888
"NAGLIPASYN-PWY","lipid IV<sub>A</sub> biosynthesis",5,"SORBI_3001G451100;SORBI_3002G131300;SORBI_3003G279900;SORBI_3003G297700;SORBI_3008G152500","4.7253e-02;1.8112e-01;4.6997e-01;9.0811e-01;4.5325e-01",0.2008
"PWY-7141","(3<i>S</i>)-linalool biosynthesis",7,"SORBI_3002G353300;SORBI_3004G018900;SORBI_3004G019000;SORBI_3004G019100;SORBI_3004G019300;SORBI_3004G019400;SORBI_3004G019550","3.4560e-01;6.3157e-01;6.4487e-01;7.0109e-01;4.1382e-01;4.2079e-01;3.7928e-01",0.20659
"RIBOSYN2-PWY","flavin biosynthesis I (bacteria and plants)",21,"SORBI_3001G052600;SORBI_3001G118700;SORBI_3001G227200;SORBI_3001G524500;SORBI_3001G531200;SORBI_3001G531400;SORBI_3002G136100;SORBI_3003G118200;SORBI_3003G301500;SORBI_3004G144400;SORBI_3004G156800;SORBI_3004G187900;SORBI_3005G123200;SORBI_3006G175100;SORBI_3006G244700;SORBI_3007G227000;SORBI_3008G118600;SORBI_3009G059300;SORBI_3009G094700;SORBI_3009G164300;SORBI_3010G039500","7.8684e-01;3.4459e-01;3.5868e-01;9.2387e-02;6.0435e-02;4.4854e-02;2.6878e-01;4.2967e-01;3.2210e-01;1.5179e-01;1.7246e-01;4.4894e-01;1.2028e-01;2.2125e-01;5.6707e-01;1.4253e-01;1.6181e-01;1.7279e-01;7.1183e-01;5.7227e-01;3.8260e-01",0.21131
"PWY-3461","L-tyrosine biosynthesis II",4,"SORBI_3003G306100;SORBI_3004G065500;SORBI_3007G141500;SORBI_3010G160400","7.5901e-01;1.8852e-01;5.3716e-01;9.3853e-01",0.21539
"LIPAS-PWY","triacylglycerol degradation",118,"SORBI_3001G003600;SORBI_3001G024200;SORBI_3001G041900;SORBI_3001G111700;SORBI_3001G117000;SORBI_3001G135600;SORBI_3001G182200;SORBI_3001G182300;SORBI_3001G182500;SORBI_3001G182600;SORBI_3001G228100;SORBI_3001G238800;SORBI_3001G261484;SORBI_3001G269200;SORBI_3001G275400;SORBI_3001G295700;SORBI_3001G365600;SORBI_3001G394000;SORBI_3001G484000;SORBI_3001G484100;SORBI_3002G033000;SORBI_3002G033100;SORBI_3002G113700;SORBI_3002G139100;SORBI_3002G140700;SORBI_3002G141100;SORBI_3002G156700;SORBI_3002G177200;SORBI_3002G192700;SORBI_3002G194000;SORBI_3002G280500;SORBI_3002G302900;SORBI_3002G372200;SORBI_3002G379800;SORBI_3002G409000;SORBI_3002G422200;SORBI_3003G028900;SORBI_3003G038000;SORBI_3003G110600;SORBI_3003G146900;SORBI_3003G162400;SORBI_3003G176000;SORBI_3003G205900;SORBI_3003G239200;SORBI_3003G274700;SORBI_3003G283400;SORBI_3003G295100;SORBI_3003G304200;SORBI_3003G341900;SORBI_3003G390800;SORBI_3003G432600;SORBI_3003G433000;SORBI_3004G001200;SORBI_3004G016600;SORBI_3004G071300;SORBI_3004G072400;SORBI_3004G072900;SORBI_3004G080600;SORBI_3004G130500;SORBI_3004G146600;SORBI_3004G215500;SORBI_3004G243500;SORBI_3004G248500;SORBI_3004G260400;SORBI_3004G266700;SORBI_3004G286700;SORBI_3004G286800;SORBI_3004G297600;SORBI_3004G310000;SORBI_3004G319300;SORBI_3004G344100;SORBI_3005G111400;SORBI_3005G144300;SORBI_3005G204900;SORBI_3006G037500;SORBI_3006G118800;SORBI_3006G128100;SORBI_3006G140801;SORBI_3006G178200;SORBI_3006G178300;SORBI_3006G187300;SORBI_3006G248100;SORBI_3007G014100;SORBI_3007G036900;SORBI_3007G162200;SORBI_3007G187000;SORBI_3007G194800;SORBI_3008G037500;SORBI_3008G077800;SORBI_3008G125200;SORBI_3008G133200;SORBI_3008G170100;SORBI_3009G048100;SORBI_3009G125300;SORBI_3009G135100;SORBI_3009G141300;SORBI_3009G168500;SORBI_3009G200100;SORBI_3010G001700;SORBI_3010G037600;SORBI_3010G038500;SORBI_3010G047800;SORBI_3010G081100;SORBI_3010G093300;SORBI_3010G105800;SORBI_3010G106500;SORBI_3010G168700;SORBI_3010G189000;SORBI_3010G193400;SORBI_3010G200000;SORBI_3010G200900;SORBI_3010G211900;SORBI_3010G218800;SORBI_3010G233700;SORBI_3010G270500;SORBI_3010G270700;SORBI_3010G270800;SORBI_3010G270900","8.4266e-01;4.2077e-01;6.4286e-03;9.1000e-01;9.1978e-02;3.9183e-02;4.2056e-01;5.7106e-01;3.2439e-01;4.1950e-02;2.9328e-01;3.1689e-01;2.0227e-01;4.7611e-02;2.7719e-01;3.9443e-02;8.8213e-01;2.4964e-01;2.1658e-01;2.2946e-01;3.8187e-01;3.3852e-01;4.4727e-02;5.1331e-01;7.0821e-01;7.1049e-01;4.8149e-01;5.9581e-01;1.7988e-01;3.3873e-01;7.7767e-01;6.7719e-01;1.4227e-02;3.6205e-01;6.4947e-01;8.0201e-01;9.6035e-01;8.1263e-01;8.8001e-01;3.1370e-03;8.1691e-01;6.6897e-01;8.5127e-01;8.3956e-03;5.3428e-01;3.5186e-01;1.1285e-01;5.6431e-01;3.8197e-03;8.2004e-01;5.9595e-01;6.9720e-01;5.5843e-01;9.1278e-01;8.7562e-01;5.6193e-01;3.4183e-01;1.1236e-01;2.7080e-01;1.3538e-01;5.8601e-01;6.4563e-01;3.5529e-01;4.3542e-02;2.6163e-01;6.9679e-01;5.5802e-01;4.6695e-01;8.2325e-01;5.2245e-02;8.2138e-01;4.1035e-01;5.9600e-01;6.1817e-01;2.3534e-02;1.4718e-01;3.2263e-01;8.1927e-01;5.2229e-01;4.3178e-01;8.0246e-01;1.6229e-01;2.1590e-02;5.9848e-01;5.2089e-02;1.1622e-01;7.7645e-01;9.4243e-01;5.5761e-01;2.6780e-01;1.8636e-01;4.8691e-01;3.2316e-01;7.9597e-01;7.0723e-01;6.9247e-01;3.4674e-02;2.7242e-03;7.4793e-02;1.1733e-01;1.3841e-01;9.1636e-01;2.3929e-01;9.2876e-01;8.2736e-01;5.9944e-01;3.4246e-01;2.1892e-01;6.1052e-01;3.4762e-01;7.8071e-01;6.6852e-01;6.2799e-01;6.1634e-01;5.7042e-01;9.6786e-01;7.2238e-01;8.2261e-01",0.21941
"PWY0-1021","L-alanine biosynthesis III",8,"SORBI_3001G486500;SORBI_3002G174900;SORBI_3003G284200;SORBI_3004G132600;SORBI_3005G014700;SORBI_3005G104200;SORBI_3008G066200;SORBI_3008G066401","5.8826e-01;7.1364e-02;7.0561e-01;1.7975e-01;6.3950e-01;4.3990e-01;4.3699e-02;6.3135e-01",0.22197
"PWY-6360","flavonol glucosylation I",23,"SORBI_3001G084300;SORBI_3001G084600;SORBI_3001G084700;SORBI_3002G085800;SORBI_3002G173500;SORBI_3002G173600;SORBI_3002G188900;SORBI_3002G311900;SORBI_3002G312100;SORBI_3004G087300;SORBI_3004G224400;SORBI_3005G192200;SORBI_3006G153100;SORBI_3006G242200;SORBI_3006G242900;SORBI_3006G251301;SORBI_3007G223900;SORBI_3009G024650;SORBI_3010G068300;SORBI_3010G113200;SORBI_3010G116900;SORBI_3010G117000;SORBI_3010G178100","1.6284e-01;1.8260e-01;2.2674e-01;4.4978e-02;1.4155e-01;2.8002e-01;4.6718e-01;5.8668e-01;6.5684e-01;2.3267e-01;2.8479e-01;9.3728e-01;1.8406e-02;6.7527e-02;2.6432e-02;6.2417e-03;1.1977e-01;9.5320e-01;3.2980e-01;4.0831e-01;3.3971e-01;3.4513e-01;4.6576e-02",0.22872
"PWY-6543","4-aminobenzoate biosynthesis",5,"SORBI_3003G003200;SORBI_3004G122800;SORBI_3008G001400;SORBI_3009G088800;SORBI_3010G250200","2.9547e-01;3.3658e-01;5.2853e-01;1.3876e-01;9.4354e-01",0.22892
"PWY-695","abscisic acid biosynthesis",9,"SORBI_3001G042000;SORBI_3001G155300;SORBI_3001G402200;SORBI_3002G037400;SORBI_3002G168700;SORBI_3002G168800;SORBI_3004G268500;SORBI_3005G129700;SORBI_3010G050300","7.0366e-03;7.2091e-01;3.1349e-01;7.0758e-01;5.9885e-01;3.2649e-01;4.9413e-03;8.3311e-01;7.7387e-02",0.23051
"PWY-5123","<i>trans, trans</i>-farnesyl diphosphate biosynthesis",7,"SORBI_3002G330500;SORBI_3002G353300;SORBI_3003G270500;SORBI_3004G327500;SORBI_3006G248000;SORBI_3009G137700;SORBI_3009G216800","2.2585e-02;3.4560e-01;4.4473e-02;6.0083e-01;1.2827e-01;2.9403e-01;1.9152e-06",0.23228
"PWY-63","UDP-&beta;-L-arabinose biosynthesis I (from UDP-&alpha;-D-xylose)",3,"SORBI_3001G400000;SORBI_3002G029800;SORBI_3006G217300","2.8218e-01;6.9522e-01;1.8708e-01",0.23563
"PWY-5886","4-hydroxyphenylpyruvate biosynthesis",2,"SORBI_3003G045600;SORBI_3005G200300","4.6008e-02;2.8438e-01",0.23736
"PWYQT-4427","sulfoquinovosyl diacylglycerol biosynthesis",4,"SORBI_3001G427300;SORBI_3002G000600;SORBI_3003G076900;SORBI_3009G123300","2.0845e-01;5.6996e-01;8.2590e-01;6.0796e-01",0.2375
"TYRFUMCAT-PWY","L-tyrosine degradation I",8,"SORBI_3002G104200;SORBI_3002G105600;SORBI_3003G045600;SORBI_3004G053700;SORBI_3004G080100;SORBI_3004G182800;SORBI_3005G200300;SORBI_3010G001600","1.1729e-02;2.1948e-01;4.6008e-02;9.7736e-03;5.0099e-01;1.3943e-01;2.8438e-01;7.5270e-02",0.24027
"PWY-6959","L-ascorbate degradation V",9,"SORBI_3001G410200;SORBI_3002G431100;SORBI_3004G175500;SORBI_3006G021100;SORBI_3006G084400;SORBI_3006G204000;SORBI_3007G177000;SORBI_3007G205600;SORBI_3008G057900","1.8517e-01;1.5225e-01;5.1854e-01;4.3473e-01;2.2272e-01;7.8040e-02;4.8747e-01;4.5342e-01;4.7280e-01",0.24215
"PWY-6773","1,3-&beta;-D-glucan biosynthesis",14,"SORBI_3001G521500;SORBI_3001G529600;SORBI_3001G542450;SORBI_3001G542500;SORBI_3002G200400;SORBI_3003G079750;SORBI_3003G179600;SORBI_3003G180100;SORBI_3003G252500;SORBI_3003G298900;SORBI_3004G107800;SORBI_3004G358400;SORBI_3010G064200;SORBI_3010G275800","4.0866e-01;8.3601e-01;4.9559e-01;4.6763e-01;6.4119e-01;8.6802e-01;8.5350e-02;7.7569e-01;4.9142e-01;8.2211e-01;2.4320e-01;8.3438e-02;3.1594e-02;8.7062e-02",0.24532
"PWY0A-6303","methyl indole-3-acetate interconversion",6,"SORBI_3002G367400;SORBI_3003G184900;SORBI_3005G014400;SORBI_3005G014500;SORBI_3009G116500;SORBI_3009G116766","1.5928e-01;1.1441e-01;2.8493e-01;3.2114e-01;7.9709e-01;4.9248e-01",0.24558
"PWY-7343","UDP-&alpha;-D-glucose biosynthesis I",8,"SORBI_3001G116500;SORBI_3002G125800;SORBI_3002G155900;SORBI_3002G291200;SORBI_3003G222500;SORBI_3004G013500;SORBI_3009G168600;SORBI_3010G251200","7.6218e-01;1.5473e-01;8.1070e-01;2.8499e-01;7.3985e-01;4.0044e-01;1.0120e-02;1.4848e-02",0.24589
"PWY-282","cuticular wax biosynthesis",11,"SORBI_3001G222700;SORBI_3001G510300;SORBI_3002G207900;SORBI_3003G040300;SORBI_3004G064000;SORBI_3004G218100;SORBI_3004G342000;SORBI_3006G144500;SORBI_3008G076200;SORBI_3008G076250;SORBI_3010G212600","2.8945e-01;2.0604e-01;4.9826e-01;4.0257e-01;2.2469e-01;6.5044e-01;2.2315e-03;3.4955e-01;7.7727e-01;7.7398e-01;4.3563e-01",0.25472
"PWY-5957","L-nicotianamine biosynthesis",2,"SORBI_3001G151400;SORBI_3001G395900","7.9885e-01;9.3846e-02",0.25537
"PWY-6466","pyridoxal 5'-phosphate biosynthesis II",2,"SORBI_3002G005600;SORBI_3004G028500","2.2890e-01;4.7882e-01",0.25719
"GLYSYN2-PWY","glycine biosynthesis",9,"SORBI_3001G097100;SORBI_3002G006600;SORBI_3003G373600;SORBI_3005G113300;SORBI_3006G147450;SORBI_3006G147600;SORBI_3006G147700;SORBI_3007G213700;SORBI_3008G144800","4.1485e-01;6.5857e-01;9.2707e-02;3.4948e-01;2.3178e-01;4.1480e-01;4.0305e-01;1.9916e-01;1.9795e-01",0.26167
"PWY-699","brassinosteroid biosynthesis I",7,"SORBI_3001G172400;SORBI_3001G445900;SORBI_3003G030600;SORBI_3004G196200;SORBI_3005G030400;SORBI_3006G114600;SORBI_3009G074300","1.7025e-01;8.7012e-01;4.1925e-01;5.3752e-01;3.8872e-01;5.7917e-01;3.9021e-03",0.26251
"PWY-5138","unsaturated, even numbered fatty acid &beta;-oxidation",12,"SORBI_3002G096300;SORBI_3002G284200;SORBI_3002G284400;SORBI_3003G024900;SORBI_3003G025000;SORBI_3003G158300;SORBI_3004G124200;SORBI_3004G297400;SORBI_3006G016500;SORBI_3009G111400;SORBI_3009G207100;SORBI_3010G081900","2.7435e-01;6.1325e-01;5.3614e-01;9.4535e-01;9.4368e-01;5.1021e-01;1.5455e-01;6.7656e-01;6.3286e-01;1.6806e-02;1.8464e-03;5.5886e-01",0.26706
"PWY-6745","phytochelatins biosynthesis",4,"SORBI_3003G024200;SORBI_3003G024300;SORBI_3003G070800;SORBI_3006G104300","4.6112e-01;3.8741e-01;5.1718e-01;4.4717e-01",0.2685
"PWY-3261","UDP-&beta;-L-rhamnose biosynthesis",4,"SORBI_3001G416600;SORBI_3001G418000;SORBI_3004G282700;SORBI_3009G089200","2.8342e-01;8.3490e-01;3.8047e-01;4.0082e-01",0.27075
"PWY-5829","geraniol and geranial biosynthesis",8,"SORBI_3006G211400;SORBI_3006G221850;SORBI_3008G109800;SORBI_3010G071800;SORBI_3010G071900;SORBI_3010G072000;SORBI_3010G072100;SORBI_3010G072200","5.9520e-01;5.8061e-01;5.6466e-01;3.4056e-01;2.8481e-02;4.2548e-02;4.6446e-02;7.9278e-01",0.27121
"PWY-3841","folate transformations II",13,"SORBI_3001G040100;SORBI_3001G097100;SORBI_3001G181300;SORBI_3002G172600;SORBI_3002G220200;SORBI_3002G353000;SORBI_3003G373600;SORBI_3004G018000;SORBI_3004G055700;SORBI_3005G113300;SORBI_3005G115500;SORBI_3008G144800;SORBI_3009G045800","3.7054e-01;4.1485e-01;5.4159e-01;3.4865e-01;6.8491e-01;2.8313e-01;9.2707e-02;8.1093e-01;4.1649e-01;3.4948e-01;8.0140e-01;1.9795e-01;2.5325e-01",0.2734
"PWY-8011","L-serine biosynthesis II",9,"SORBI_3002G032900;SORBI_3004G001300;SORBI_3006G004600;SORBI_3006G004700;SORBI_3006G004900;SORBI_3006G005200;SORBI_3006G005300;SORBI_3006G014000;SORBI_3007G213700","4.7252e-01;5.3493e-01;3.5672e-01;1.5528e-02;7.2037e-02;3.7341e-01;5.8846e-01;6.7530e-01;1.9916e-01",0.27441
"PWY-7206","pyrimidine deoxyribonucleotides dephosphorylation",16,"SORBI_3001G142000;SORBI_3001G230200;SORBI_3002G008500;SORBI_3002G303700;SORBI_3003G030700;SORBI_3003G326100;SORBI_3004G146200;SORBI_3004G202900;SORBI_3006G036700;SORBI_3006G038800;SORBI_3006G147200;SORBI_3007G190200;SORBI_3007G194100;SORBI_3008G140100;SORBI_3008G140300;SORBI_3010G148866","2.5580e-01;3.9177e-01;2.1430e-01;7.8966e-01;8.3569e-01;4.4296e-01;2.9448e-01;5.2954e-01;3.9527e-01;3.7551e-03;5.5272e-01;1.3612e-01;8.1506e-01;1.9130e-01;3.3681e-01;3.4332e-01",0.27524
"PWY1F-FLAVSYN","flavonoid biosynthesis",52,"SORBI_3001G035600;SORBI_3001G166300;SORBI_3001G166500;SORBI_3001G187000;SORBI_3001G215000;SORBI_3001G314300;SORBI_3001G465600;SORBI_3001G500800;SORBI_3001G518800;SORBI_3001G526900;SORBI_3002G009600;SORBI_3002G009700;SORBI_3002G137800;SORBI_3003G021700;SORBI_3004G062500;SORBI_3004G109000;SORBI_3004G272700;SORBI_3004G318200;SORBI_3005G097600;SORBI_3005G102100;SORBI_3005G107800;SORBI_3005G135400;SORBI_3005G135500;SORBI_3005G135700;SORBI_3005G136200;SORBI_3005G136300;SORBI_3005G136450;SORBI_3005G136600;SORBI_3005G136800;SORBI_3005G137000;SORBI_3005G137100;SORBI_3005G137200;SORBI_3005G137300;SORBI_3006G118400;SORBI_3006G190000;SORBI_3006G190100;SORBI_3006G236900;SORBI_3006G237300;SORBI_3006G253900;SORBI_3006G254000;SORBI_3006G257400;SORBI_3006G257500;SORBI_3007G058900;SORBI_3007G089900;SORBI_3007G145600;SORBI_3007G167400;SORBI_3007G216201;SORBI_3008G030100;SORBI_3009G028200;SORBI_3010G060166;SORBI_3010G076700;SORBI_3010G214900","1.9725e-01;1.6703e-02;3.0980e-01;6.0571e-01;8.2307e-01;3.1394e-01;7.4805e-01;1.0609e-03;1.0567e-01;3.3958e-01;4.7189e-01;3.5019e-01;2.4755e-01;5.5493e-01;6.0584e-01;5.3289e-01;3.8108e-01;5.0544e-01;6.8872e-01;4.0145e-01;6.6156e-01;5.5863e-01;8.4919e-01;9.2854e-01;9.2091e-01;5.6285e-01;5.3842e-01;4.2890e-01;5.1462e-01;9.1909e-01;8.8787e-01;4.4487e-01;4.5240e-01;3.8175e-01;4.9592e-01;5.2036e-01;3.5410e-01;1.9173e-01;4.2857e-01;4.5425e-01;6.8718e-01;5.5723e-01;9.3648e-01;8.3036e-03;6.3622e-01;1.9363e-02;7.1823e-03;2.1528e-01;9.0857e-02;4.0922e-01;1.7617e-01;5.0362e-01",0.28124
"PWY-7560","methylerythritol phosphate pathway II",14,"SORBI_3001G102400;SORBI_3001G102500;SORBI_3002G064500;SORBI_3002G064700;SORBI_3002G330500;SORBI_3003G103300;SORBI_3003G327200;SORBI_3003G381900;SORBI_3004G207400;SORBI_3004G281900;SORBI_3004G327500;SORBI_3009G135500;SORBI_3009G137700;SORBI_3010G032900","8.2493e-01;7.9628e-01;2.3888e-01;2.9663e-01;2.2585e-02;7.0058e-02;6.3977e-01;5.2335e-01;7.2671e-01;3.0759e-01;6.0083e-01;2.4162e-01;2.9403e-01;7.4430e-01",0.28158
"PWY-6441","spermine and spermidine degradation III",8,"SORBI_3001G316700;SORBI_3003G274600;SORBI_3004G231200;SORBI_3006G177200;SORBI_3006G220200;SORBI_3006G261500;SORBI_3006G261600;SORBI_3007G036700","2.9294e-01;5.4104e-01;5.7635e-01;3.5449e-01;6.1619e-02;7.6286e-02;9.9720e-02;1.2884e-02",0.28178
"PWY-6754","<i>S</i>-methyl-5'-thioadenosine degradation I",6,"SORBI_3003G007800;SORBI_3003G007900;SORBI_3006G259600;SORBI_3006G259700;SORBI_3007G193200;SORBI_3010G008400","5.9691e-01;5.7380e-01;6.9505e-01;6.0477e-01;2.9622e-01;4.4272e-02",0.28421
"PWY-6233","jasmonoyl-amino acid conjugates biosynthesis II",5,"SORBI_3003G015000;SORBI_3003G015100;SORBI_3003G224100;SORBI_3005G108300;SORBI_3009G249900","7.4794e-01;7.4406e-01;8.9651e-01;2.6291e-01;3.9526e-08",0.28452
"PWY-7458","violdelphin biosynthesis",7,"SORBI_3001G280200;SORBI_3002G121100;SORBI_3002G121300;SORBI_3002G175500;SORBI_3005G105850;SORBI_3006G095900;SORBI_3008G163200","9.1084e-01;8.7396e-02;6.5154e-02;5.1543e-02;9.1267e-01;2.8727e-01;8.2286e-01",0.28615
"PWY-7464","cyanidin 3,7-diglucoside polyacylation biosynthesis",7,"SORBI_3001G280200;SORBI_3002G121100;SORBI_3002G121300;SORBI_3002G175500;SORBI_3005G105850;SORBI_3006G095900;SORBI_3008G163200","9.1084e-01;8.7396e-02;6.5154e-02;5.1543e-02;9.1267e-01;2.8727e-01;8.2286e-01",0.28615
"PWY-6219","indole-3-acetate inactivation VIII",8,"SORBI_3001G331200;SORBI_3002G361500;SORBI_3002G412500;SORBI_3003G306500;SORBI_3003G319900;SORBI_3005G134200;SORBI_3008G015100;SORBI_3009G187700","4.3922e-01;5.3734e-01;2.6154e-01;5.3318e-02;1.0111e-01;5.3950e-01;3.0836e-01;2.0419e-02",0.29214
"PWY-5486","pyruvate fermentation to ethanol II",15,"SORBI_3001G097600;SORBI_3001G263900;SORBI_3001G264000;SORBI_3001G405500;SORBI_3001G475800;SORBI_3001G475900;SORBI_3002G379100;SORBI_3002G379200;SORBI_3002G429000;SORBI_3003G061300;SORBI_3004G226500;SORBI_3004G343200;SORBI_3005G103300;SORBI_3005G103500;SORBI_3009G169000","1.4925e-01;8.3420e-02;1.2653e-01;4.2833e-01;6.5706e-01;6.6087e-01;3.6903e-09;2.3443e-09;3.5451e-01;8.4946e-01;9.9840e-02;9.1042e-02;4.3804e-01;5.8883e-01;5.8218e-01",0.29496
"PWY-7477","momilactone A biosynthesis",4,"SORBI_3001G338900;SORBI_3002G090900;SORBI_3005G217500;SORBI_3006G010200","3.2395e-01;3.1262e-02;7.0082e-01;8.2086e-03",0.29835
"PWY-5080","very long chain fatty acid biosynthesis I",65,"SORBI_3001G093000;SORBI_3001G124500;SORBI_3001G221900;SORBI_3001G247700;SORBI_3001G264500;SORBI_3001G307300;SORBI_3001G307400;SORBI_3001G307600;SORBI_3001G354700;SORBI_3001G370000;SORBI_3001G438100;SORBI_3001G453200;SORBI_3001G482300;SORBI_3001G495500;SORBI_3001G510200;SORBI_3001G532501;SORBI_3002G096300;SORBI_3002G137300;SORBI_3002G179700;SORBI_3002G268300;SORBI_3002G268500;SORBI_3002G284200;SORBI_3002G284400;SORBI_3003G070600;SORBI_3003G071100;SORBI_3003G071300;SORBI_3003G071400;SORBI_3003G071600;SORBI_3003G178500;SORBI_3003G178700;SORBI_3004G086800;SORBI_3004G203900;SORBI_3004G249400;SORBI_3004G341300;SORBI_3005G063000;SORBI_3005G168700;SORBI_3005G193600;SORBI_3006G016500;SORBI_3006G020500;SORBI_3006G020600;SORBI_3006G125600;SORBI_3006G125800;SORBI_3006G166900;SORBI_3006G211000;SORBI_3007G076100;SORBI_3007G127600;SORBI_3008G188400;SORBI_3009G164400;SORBI_3009G236100;SORBI_3009G241000;SORBI_3010G018600;SORBI_3010G081900;SORBI_3010G107200;SORBI_3010G107400;SORBI_3010G108001;SORBI_3010G108100;SORBI_3010G108200;SORBI_3010G108301;SORBI_3010G108600;SORBI_3010G124300;SORBI_3010G124500;SORBI_3010G124600;SORBI_3010G124900;SORBI_3010G181500;SORBI_3010G273200","4.6527e-04;6.4315e-01;9.5987e-02;4.7019e-01;1.5248e-01;2.2770e-01;6.9377e-02;4.7070e-01;8.1739e-01;2.2502e-01;2.0954e-03;7.6518e-01;3.6836e-01;4.6095e-01;7.3792e-01;3.3598e-01;2.7435e-01;4.0771e-01;1.7197e-01;4.0716e-01;5.1461e-02;6.1325e-01;5.3614e-01;5.9811e-01;8.4423e-01;8.4265e-01;8.3010e-01;7.0593e-01;2.7364e-01;3.3764e-01;1.7664e-01;4.4264e-02;8.9411e-02;2.3460e-01;2.7203e-02;1.4059e-01;7.9250e-01;6.3286e-01;3.5872e-01;3.1246e-01;4.5425e-01;5.2520e-01;8.7115e-01;3.9428e-01;6.1901e-01;2.2411e-01;8.3039e-01;5.5364e-01;8.7509e-08;1.3361e-08;4.8920e-01;5.5886e-01;1.9057e-01;9.1254e-01;8.1324e-01;7.8879e-01;8.1673e-01;4.9307e-02;4.7441e-01;6.6721e-01;6.2872e-01;8.5516e-01;8.8989e-01;3.2191e-01;2.3337e-01",0.29899
"PWY-7436","vitamin E biosynthesis (tocotrienols)",9,"SORBI_3003G320000;SORBI_3004G125800;SORBI_3004G269800;SORBI_3005G190800;SORBI_3006G183500;SORBI_3008G022000;SORBI_3008G171000;SORBI_3008G171300;SORBI_3010G207900","5.3931e-02;1.9483e-01;1.2802e-01;9.9290e-01;3.3689e-01;4.3170e-01;1.8942e-01;1.8309e-01;5.2347e-01",0.30071
"ASPSYNII-PWY","cyanide detoxification I",5,"SORBI_3004G225000;SORBI_3004G225100;SORBI_3004G225200;SORBI_3006G016900;SORBI_3006G153700","5.5890e-01;6.2672e-01;4.4464e-01;2.3868e-01;3.7737e-01",0.30252
"ARGSYNBSUB-PWY","L-arginine biosynthesis II (acetyl cycle)",15,"SORBI_3001G166600;SORBI_3001G325700;SORBI_3001G397000;SORBI_3001G416700;SORBI_3002G356200;SORBI_3003G193700;SORBI_3004G217000;SORBI_3004G265900;SORBI_3004G268100;SORBI_3004G295400;SORBI_3006G170200;SORBI_3007G104300;SORBI_3008G083400;SORBI_3009G029700;SORBI_3009G158800","3.9836e-01;2.8590e-01;3.4809e-01;2.2239e-01;3.7866e-01;4.3081e-02;9.1519e-01;5.4553e-01;7.6394e-02;4.9611e-01;9.1259e-01;7.9050e-01;4.2029e-01;7.0344e-01;1.2935e-01",0.30331
"ARGSYN-PWY","L-arginine biosynthesis I (via L-ornithine)",7,"SORBI_3001G397000;SORBI_3003G193700;SORBI_3004G265900;SORBI_3004G268100;SORBI_3007G104300;SORBI_3008G083400;SORBI_3009G158800","3.4809e-01;4.3081e-02;5.4553e-01;7.6394e-02;7.9050e-01;4.2029e-01;1.2935e-01",0.3037
"NONMEVIPP-PWY","methylerythritol phosphate pathway I",13,"SORBI_3001G102400;SORBI_3001G102500;SORBI_3002G064500;SORBI_3002G064700;SORBI_3002G330500;SORBI_3003G103300;SORBI_3003G327200;SORBI_3003G381900;SORBI_3004G281900;SORBI_3004G327500;SORBI_3009G135500;SORBI_3009G137700;SORBI_3010G032900","8.2493e-01;7.9628e-01;2.3888e-01;2.9663e-01;2.2585e-02;7.0058e-02;6.3977e-01;5.2335e-01;3.0759e-01;6.0083e-01;2.4162e-01;2.9403e-01;7.4430e-01",0.30525
"PWY-5434","(3<i>E</i>)-4,8-dimethylnona-1,3,7-triene biosynthesis I",5,"SORBI_3004G018900;SORBI_3004G019100;SORBI_3004G019300;SORBI_3004G019400;SORBI_3004G019550","6.3157e-01;7.0109e-01;4.1382e-01;4.2079e-01;3.7928e-01",0.30763
"PWY-7489","oryzalexin A, B, and C biosynthesis",2,"SORBI_3006G041700;SORBI_3006G065300","1.1300e-01;2.5405e-04",0.30811
"PWY-5139","pelargonidin conjugates biosynthesis",3,"SORBI_3005G032000;SORBI_3006G097800;SORBI_3010G034800","4.4791e-01;1.0649e-01;6.3061e-01",0.31239
"PWY-5968","cinnamate esters biosynthesis",7,"SORBI_3001G093100;SORBI_3001G459700;SORBI_3002G366500;SORBI_3003G232900;SORBI_3003G233000;SORBI_3003G233100;SORBI_3009G224100","8.1187e-04;7.3584e-01;2.2354e-01;2.9622e-01;4.1590e-01;5.6061e-01;2.0003e-08",0.31538
"GLUTORN-PWY","L-ornithine biosynthesis I",9,"SORBI_3001G166600;SORBI_3001G325700;SORBI_3001G416700;SORBI_3002G356200;SORBI_3004G217000;SORBI_3004G275600;SORBI_3004G295400;SORBI_3006G170200;SORBI_3009G029700","3.9836e-01;2.8590e-01;2.2239e-01;3.7866e-01;9.1519e-01;7.4028e-02;4.9611e-01;9.1259e-01;7.0344e-01",0.3167
"VALDEG-PWY","L-valine degradation I",6,"SORBI_3001G290000;SORBI_3001G304000;SORBI_3003G297400;SORBI_3005G222300;SORBI_3005G222400;SORBI_3010G179700","8.1218e-01;7.7220e-01;8.3705e-03;1.4059e-01;7.2077e-01;2.2202e-01",0.32399
"PWY-5690","TCA cycle II (plants and fungi)",29,"SORBI_3001G072000;SORBI_3001G073900;SORBI_3001G206700;SORBI_3001G219300;SORBI_3001G378800;SORBI_3001G512800;SORBI_3002G028700;SORBI_3002G149000;SORBI_3002G185100;SORBI_3002G309400;SORBI_3002G316900;SORBI_3002G352200;SORBI_3002G385700;SORBI_3003G129900;SORBI_3003G238500;SORBI_3004G078000;SORBI_3004G101900;SORBI_3004G202100;SORBI_3004G218600;SORBI_3006G000100;SORBI_3006G120900;SORBI_3006G170800;SORBI_3007G023400;SORBI_3007G068100;SORBI_3007G137600;SORBI_3008G186200;SORBI_3009G240700;SORBI_3010G015200;SORBI_3010G031000","4.3069e-01;3.1585e-01;1.4213e-02;4.1965e-01;8.7280e-03;5.4559e-01;5.6602e-01;5.8110e-01;2.0642e-01;5.6764e-01;9.5081e-02;6.4864e-01;1.6085e-01;5.4302e-01;5.7059e-01;8.6163e-01;3.4077e-01;7.7316e-02;4.8616e-01;2.9245e-02;6.1969e-01;9.0788e-01;8.0462e-01;6.1591e-01;2.9767e-01;9.3667e-02;1.8634e-07;9.8596e-02;7.1275e-01",0.32594
"PWY-5115","GDP-L-galactose biosynthesis",2,"SORBI_3001G247600;SORBI_3005G168600","2.1523e-01;1.8521e-01",0.32682
"PWY-5925","hydroxylated mugineic acid phytosiderophore biosynthesis",8,"SORBI_3002G046400;SORBI_3003G110301;SORBI_3004G348400;SORBI_3007G182801;SORBI_3008G109300;SORBI_3008G109400;SORBI_3008G109600;SORBI_3008G109700","7.2578e-01;7.0174e-01;7.2242e-01;2.8777e-01;2.6838e-01;4.2817e-01;6.4567e-01;4.7951e-01",0.33005
"PWY-82","UDP-&beta;-L-arabinose biosynthesis II (from &beta;-L-arabinose)",3,"SORBI_3004G037900;SORBI_3004G038900;SORBI_3010G253200","2.6237e-01;3.0934e-01;3.4471e-01",0.33103
"PWY-641","proanthocyanidins biosynthesis from flavanols",7,"SORBI_3002G133150;SORBI_3002G366200;SORBI_3003G345100;SORBI_3004G000700;SORBI_3005G072400;SORBI_3008G002600;SORBI_3009G028200","3.1289e-01;5.2062e-01;5.9175e-01;8.1973e-01;7.1173e-02;4.3580e-01;9.0857e-02",0.33415
"PWY-6619","adenine and adenosine salvage VI",2,"SORBI_3004G220000;SORBI_3006G148700","6.0918e-01;1.4003e-02",0.33428
"PWY-1581","plastoquinol-9 biosynthesis I",8,"SORBI_3002G104200;SORBI_3002G105600;SORBI_3002G351600;SORBI_3004G053700;SORBI_3004G209000;SORBI_3005G019100;SORBI_3008G171000;SORBI_3008G171300","1.1729e-02;2.1948e-01;2.9097e-01;9.7736e-03;7.1136e-01;2.7733e-01;1.8942e-01;1.8309e-01",0.33504
"PWY-5059","pinobanksin biosynthesis",20,"SORBI_3001G166300;SORBI_3001G166500;SORBI_3001G314300;SORBI_3001G526900;SORBI_3002G137800;SORBI_3003G021700;SORBI_3005G097600;SORBI_3006G118400;SORBI_3006G190000;SORBI_3006G190100;SORBI_3006G236900;SORBI_3006G237300;SORBI_3006G253900;SORBI_3006G254000;SORBI_3006G257400;SORBI_3006G257500;SORBI_3007G167400;SORBI_3007G216201;SORBI_3009G028200;SORBI_3010G060166","1.6703e-02;3.0980e-01;3.1394e-01;3.3958e-01;2.4755e-01;5.5493e-01;6.8872e-01;3.8175e-01;4.9592e-01;5.2036e-01;3.5410e-01;1.9173e-01;4.2857e-01;4.5425e-01;6.8718e-01;5.5723e-01;1.9363e-02;7.1823e-03;9.0857e-02;4.0922e-01",0.33889
"PWY-116","coniferin metabolism",6,"SORBI_3001G093100;SORBI_3001G459700;SORBI_3002G366500;SORBI_3003G232900;SORBI_3003G233000;SORBI_3003G233100","8.1187e-04;7.3584e-01;2.2354e-01;2.9622e-01;4.1590e-01;5.6061e-01",0.33932
"PWY-5176","coumarin biosynthesis (via 2-coumarate)",6,"SORBI_3001G093100;SORBI_3001G459700;SORBI_3002G366500;SORBI_3003G232900;SORBI_3003G233000;SORBI_3003G233100","8.1187e-04;7.3584e-01;2.2354e-01;2.9622e-01;4.1590e-01;5.6061e-01",0.33932
"PWY4FS-10","scopolin biosynthesis",6,"SORBI_3001G093100;SORBI_3001G459700;SORBI_3002G366500;SORBI_3003G232900;SORBI_3003G233000;SORBI_3003G233100","8.1187e-04;7.3584e-01;2.2354e-01;2.9622e-01;4.1590e-01;5.6061e-01",0.33932
"PWYIO2-7","triacylglycerol biosynthesis (Chlamydomonas)",53,"SORBI_3001G026100;SORBI_3001G049300;SORBI_3001G099300;SORBI_3001G206000;SORBI_3001G250200;SORBI_3001G283700;SORBI_3001G408400;SORBI_3001G493300;SORBI_3002G020000;SORBI_3002G165140;SORBI_3002G218500;SORBI_3002G260000;SORBI_3002G267500;SORBI_3002G325300;SORBI_3003G078700;SORBI_3003G114200;SORBI_3003G142500;SORBI_3003G229700;SORBI_3003G249000;SORBI_3003G258000;SORBI_3003G265100;SORBI_3003G309600;SORBI_3003G317500;SORBI_3003G360700;SORBI_3004G261900;SORBI_3004G268300;SORBI_3004G293100;SORBI_3004G341900;SORBI_3005G187300;SORBI_3005G197100;SORBI_3005G214400;SORBI_3006G034200;SORBI_3006G041266;SORBI_3006G221500;SORBI_3007G108500;SORBI_3008G049000;SORBI_3008G112100;SORBI_3008G130800;SORBI_3009G015800;SORBI_3009G034600;SORBI_3009G040250;SORBI_3009G072700;SORBI_3009G157000;SORBI_3009G162000;SORBI_3009G165400;SORBI_3009G188900;SORBI_3009G202600;SORBI_3009G221500;SORBI_3009G226600;SORBI_3010G134400;SORBI_3010G170000;SORBI_3010G190300;SORBI_3010G193300","2.3687e-01;4.8057e-01;3.5257e-01;1.5080e-01;4.8248e-01;3.3978e-01;4.3833e-01;3.3176e-01;2.8703e-01;6.2997e-01;8.1610e-01;7.1056e-01;4.3883e-01;6.8405e-01;6.3552e-01;1.6733e-02;1.8586e-01;7.5373e-01;1.8355e-01;8.4001e-01;1.7564e-02;1.2465e-02;3.6203e-01;6.8265e-01;3.1363e-03;2.1068e-02;1.2726e-02;2.9342e-01;7.5824e-01;4.7371e-03;5.3470e-01;1.7569e-01;5.7001e-01;3.0738e-01;4.4669e-01;3.1930e-01;7.7946e-01;6.3628e-03;7.0366e-01;2.8747e-01;4.1120e-01;9.5736e-01;1.4101e-01;1.1228e-02;2.6893e-02;1.7381e-02;5.9127e-04;2.4525e-08;1.0209e-12;2.2177e-01;3.1909e-01;6.2095e-01;5.1254e-01",0.33987
"TRIGLSYN-PWY","diacylglycerol and triacylglycerol biosynthesis",53,"SORBI_3001G026100;SORBI_3001G049300;SORBI_3001G099300;SORBI_3001G206000;SORBI_3001G250200;SORBI_3001G283700;SORBI_3001G408400;SORBI_3001G493300;SORBI_3002G020000;SORBI_3002G165140;SORBI_3002G218500;SORBI_3002G260000;SORBI_3002G267500;SORBI_3002G325300;SORBI_3003G078700;SORBI_3003G114200;SORBI_3003G142500;SORBI_3003G229700;SORBI_3003G249000;SORBI_3003G258000;SORBI_3003G265100;SORBI_3003G309600;SORBI_3003G317500;SORBI_3003G360700;SORBI_3004G261900;SORBI_3004G268300;SORBI_3004G293100;SORBI_3004G341900;SORBI_3005G187300;SORBI_3005G197100;SORBI_3005G214400;SORBI_3006G034200;SORBI_3006G041266;SORBI_3006G221500;SORBI_3007G108500;SORBI_3008G049000;SORBI_3008G112100;SORBI_3008G130800;SORBI_3009G015800;SORBI_3009G034600;SORBI_3009G040250;SORBI_3009G072700;SORBI_3009G157000;SORBI_3009G162000;SORBI_3009G165400;SORBI_3009G188900;SORBI_3009G202600;SORBI_3009G221500;SORBI_3009G226600;SORBI_3010G134400;SORBI_3010G170000;SORBI_3010G190300;SORBI_3010G193300","2.3687e-01;4.8057e-01;3.5257e-01;1.5080e-01;4.8248e-01;3.3978e-01;4.3833e-01;3.3176e-01;2.8703e-01;6.2997e-01;8.1610e-01;7.1056e-01;4.3883e-01;6.8405e-01;6.3552e-01;1.6733e-02;1.8586e-01;7.5373e-01;1.8355e-01;8.4001e-01;1.7564e-02;1.2465e-02;3.6203e-01;6.8265e-01;3.1363e-03;2.1068e-02;1.2726e-02;2.9342e-01;7.5824e-01;4.7371e-03;5.3470e-01;1.7569e-01;5.7001e-01;3.0738e-01;4.4669e-01;3.1930e-01;7.7946e-01;6.3628e-03;7.0366e-01;2.8747e-01;4.1120e-01;9.5736e-01;1.4101e-01;1.1228e-02;2.6893e-02;1.7381e-02;5.9127e-04;2.4525e-08;1.0209e-12;2.2177e-01;3.1909e-01;6.2095e-01;5.1254e-01",0.33987
"GLUGLNSYN-PWY","L-glutamate biosynthesis IV",6,"SORBI_3003G258800;SORBI_3004G209300;SORBI_3005G150250;SORBI_3007G174600;SORBI_3009G225700;SORBI_3010G060800","3.2362e-01;1.4783e-04;7.8438e-01;5.6084e-03;1.0360e-12;5.6298e-01",0.34196
"PWY-6823","molybdenum cofactor biosynthesis",15,"SORBI_3001G486500;SORBI_3002G174900;SORBI_3003G284200;SORBI_3004G037600;SORBI_3004G132600;SORBI_3004G183600;SORBI_3004G263800;SORBI_3005G014700;SORBI_3005G104200;SORBI_3006G107200;SORBI_3006G169000;SORBI_3006G251800;SORBI_3008G066200;SORBI_3008G066401;SORBI_3010G055600","5.8826e-01;7.1364e-02;7.0561e-01;6.8216e-01;1.7975e-01;3.9165e-01;2.1444e-01;6.3950e-01;4.3990e-01;1.0480e-01;2.8817e-01;4.5530e-03;4.3699e-02;6.3135e-01;2.7626e-02",0.34266
"PWY-5032","<i>ent</i>-kaurene biosynthesis I",3,"SORBI_3001G248600;SORBI_3005G161600;SORBI_3006G211500","3.2839e-01;4.5400e-01;6.2837e-01",0.34664
"PWY-6352","3-phosphoinositide biosynthesis",42,"SORBI_3001G118000;SORBI_3001G121900;SORBI_3001G124100;SORBI_3001G162700;SORBI_3001G203400;SORBI_3001G294100;SORBI_3001G345100;SORBI_3001G367301;SORBI_3001G429500;SORBI_3001G481900;SORBI_3002G196600;SORBI_3002G223600;SORBI_3002G235900;SORBI_3002G292800;SORBI_3002G403100;SORBI_3003G127200;SORBI_3003G373500;SORBI_3004G130300;SORBI_3004G321100;SORBI_3005G031700;SORBI_3005G104500;SORBI_3005G137500;SORBI_3006G060000;SORBI_3006G258500;SORBI_3006G280400;SORBI_3007G004500;SORBI_3007G008900;SORBI_3007G088100;SORBI_3007G133000;SORBI_3007G146400;SORBI_3007G154701;SORBI_3008G011901;SORBI_3008G018500;SORBI_3009G179600;SORBI_3009G253700;SORBI_3010G072400;SORBI_3010G107000;SORBI_3010G118200;SORBI_3010G145900;SORBI_3010G223300;SORBI_3010G279300;SORBI_3010G279800","3.7988e-01;2.0380e-01;8.1793e-01;7.1328e-01;4.1217e-01;5.6084e-01;5.4858e-01;4.8987e-01;3.2917e-01;1.2130e-01;4.9779e-01;5.5426e-01;7.3497e-01;1.6088e-01;2.0372e-01;7.0133e-01;4.1293e-01;2.8110e-01;6.3943e-01;7.4564e-01;5.2153e-01;4.1344e-01;3.7476e-01;1.9709e-01;7.9558e-01;1.3397e-02;2.4798e-01;3.1045e-02;5.3680e-03;8.5799e-01;6.1795e-01;7.2260e-01;8.7149e-01;3.4060e-01;4.9013e-05;3.7535e-02;6.0488e-01;2.7917e-02;8.1176e-01;9.5047e-02;3.9228e-01;4.2400e-01",0.34841
"PWY-922","mevalonate pathway I",15,"SORBI_3001G348100;SORBI_3001G434700;SORBI_3001G530100;SORBI_3002G250400;SORBI_3002G268700;SORBI_3002G330500;SORBI_3003G100800;SORBI_3004G012400;SORBI_3004G262100;SORBI_3004G327500;SORBI_3004G330600;SORBI_3007G182000;SORBI_3007G207600;SORBI_3008G190100;SORBI_3009G137700","1.1297e-01;1.8639e-01;7.5034e-01;3.7701e-01;5.4192e-01;2.2585e-02;7.3461e-01;9.4824e-01;3.9772e-03;6.0083e-01;4.8577e-01;7.3884e-01;2.8635e-01;3.3536e-01;2.9403e-01",0.35011
"PWY-7388","octanoyl-[acyl-carrier protein] biosynthesis (mitochondria, yeast)",18,"SORBI_3001G262400;SORBI_3001G403400;SORBI_3002G401301;SORBI_3003G142900;SORBI_3003G169200;SORBI_3004G080200;SORBI_3004G152800;SORBI_3004G178100;SORBI_3006G030100;SORBI_3006G043700;SORBI_3007G077400;SORBI_3007G079600;SORBI_3007G209800;SORBI_3007G225300;SORBI_3008G087300;SORBI_3008G114300;SORBI_3009G150900;SORBI_3010G073500","3.0664e-01;4.7264e-01;3.0225e-01;4.1218e-01;5.2614e-01;5.9859e-01;4.8591e-01;4.1160e-03;1.8362e-02;7.6722e-02;8.0364e-01;2.6662e-01;6.3412e-01;4.9956e-01;6.6242e-01;7.4929e-01;5.7239e-01;2.5518e-01",0.35561
"PWY-6515","phloridzin biosynthesis",3,"SORBI_3003G267900;SORBI_3003G287500;SORBI_3003G290700","1.0141e-01;3.2128e-01;5.3527e-01",0.35666
"PWY-2582","brassinosteroid biosynthesis II",6,"SORBI_3001G445900;SORBI_3003G030600;SORBI_3004G196200;SORBI_3005G030400;SORBI_3006G114600;SORBI_3009G074300","8.7012e-01;4.1925e-01;5.3752e-01;3.8872e-01;5.7917e-01;3.9021e-03",0.36351
"PWY-5667","CDP-diacylglycerol biosynthesis I",29,"SORBI_3001G026100;SORBI_3001G099300;SORBI_3001G206000;SORBI_3001G250200;SORBI_3001G283700;SORBI_3001G493300;SORBI_3002G167100;SORBI_3002G267500;SORBI_3002G325300;SORBI_3003G073800;SORBI_3003G114200;SORBI_3003G142500;SORBI_3003G229700;SORBI_3003G301900;SORBI_3003G317500;SORBI_3003G360700;SORBI_3004G025400;SORBI_3005G149300;SORBI_3005G197100;SORBI_3005G214400;SORBI_3006G041266;SORBI_3006G221500;SORBI_3008G112100;SORBI_3008G130800;SORBI_3009G015800;SORBI_3009G157000;SORBI_3009G162000;SORBI_3009G188900;SORBI_3009G202600","2.3687e-01;3.5257e-01;1.5080e-01;4.8248e-01;3.3978e-01;3.3176e-01;2.5042e-01;4.3883e-01;6.8405e-01;3.6660e-01;1.6733e-02;1.8586e-01;7.5373e-01;1.9491e-01;3.6203e-01;6.8265e-01;9.0784e-01;3.5688e-01;4.7371e-03;5.3470e-01;5.7001e-01;3.0738e-01;7.7946e-01;6.3628e-03;7.0366e-01;1.4101e-01;1.1228e-02;1.7381e-02;5.9127e-04",0.36456
"PWY4FS-4","phosphatidylcholine biosynthesis IV",7,"SORBI_3001G219800;SORBI_3003G266500;SORBI_3003G266600;SORBI_3003G354500;SORBI_3004G291700;SORBI_3009G120400;SORBI_3009G218900","8.2652e-01;5.8005e-02;1.2097e-01;4.2928e-01;4.2946e-02;3.3127e-01;1.5166e-05",0.36566
"GLUT-REDOX-PWY","glutathione-glutaredoxin redox reactions",5,"SORBI_3001G258400;SORBI_3003G031900;SORBI_3004G001800;SORBI_3008G117400;SORBI_3008G118000","1.1841e-02;4.7917e-01;5.0515e-01;4.7077e-01;5.7835e-01",0.36594
"PWY-6762","salicylate glucosides biosynthesis IV",7,"SORBI_3001G093100;SORBI_3001G459700;SORBI_3002G366500;SORBI_3003G223600;SORBI_3003G232900;SORBI_3003G233000;SORBI_3003G233100","8.1187e-04;7.3584e-01;2.2354e-01;4.3160e-01;2.9622e-01;4.1590e-01;5.6061e-01",0.36648
"GLYCOLYSIS","glycolysis I (from glucose 6-phosphate)",61,"SORBI_3001G052500;SORBI_3001G057200;SORBI_3001G071800;SORBI_3001G140700;SORBI_3001G236800;SORBI_3001G253300;SORBI_3001G290600;SORBI_3001G384100;SORBI_3001G386900;SORBI_3001G425400;SORBI_3001G426100;SORBI_3002G054400;SORBI_3002G186900;SORBI_3002G201700;SORBI_3002G230600;SORBI_3002G277100;SORBI_3003G034700;SORBI_3003G072300;SORBI_3003G096000;SORBI_3003G105000;SORBI_3003G130800;SORBI_3003G244700;SORBI_3003G290000;SORBI_3003G336000;SORBI_3003G352300;SORBI_3003G367500;SORBI_3003G393900;SORBI_3004G055200;SORBI_3004G056400;SORBI_3004G146000;SORBI_3004G205100;SORBI_3004G234100;SORBI_3005G034400;SORBI_3005G056400;SORBI_3005G101400;SORBI_3005G159000;SORBI_3006G020900;SORBI_3006G074800;SORBI_3006G114700;SORBI_3006G267200;SORBI_3007G025400;SORBI_3007G139500;SORBI_3008G033600;SORBI_3008G053200;SORBI_3008G116600;SORBI_3009G016700;SORBI_3009G071800;SORBI_3009G152700;SORBI_3009G183700;SORBI_3009G204601;SORBI_3010G026925;SORBI_3010G027000;SORBI_3010G041400;SORBI_3010G090100;SORBI_3010G100200;SORBI_3010G188300;SORBI_3010G219700;SORBI_3010G221800;SORBI_3010G262433;SORBI_3010G262466;SORBI_3010G262500","8.0864e-01;3.3121e-01;4.3261e-01;1.0886e-01;9.1355e-03;1.1284e-01;2.3490e-01;1.0031e-01;2.5119e-01;5.7391e-01;7.6963e-01;3.5799e-01;7.4310e-01;1.6772e-01;2.9396e-01;5.5190e-01;6.0009e-01;5.5333e-02;6.6015e-01;4.0004e-01;6.6422e-01;7.2005e-01;2.4715e-01;3.0090e-01;8.3862e-01;6.7474e-02;5.9231e-01;6.0467e-01;5.9927e-01;4.0051e-01;3.3817e-01;2.2107e-01;6.8297e-01;9.0843e-01;8.6506e-01;6.3636e-01;2.4253e-01;3.5284e-03;8.4138e-01;5.8904e-01;8.3006e-01;1.2138e-01;9.1453e-01;1.8855e-01;5.0936e-01;7.8576e-01;1.2960e-01;3.0356e-01;6.1363e-02;5.6411e-01;7.7103e-01;8.4948e-01;6.6665e-02;8.6382e-01;6.5632e-01;5.3703e-01;6.4916e-01;6.8791e-01;9.5645e-01;9.6941e-01;7.9998e-01",0.37176
"PANTO-PWY","phosphopantothenate biosynthesis I",6,"SORBI_3001G009900;SORBI_3002G275700;SORBI_3003G011600;SORBI_3003G011700;SORBI_3003G011800;SORBI_3010G078100","5.7641e-01;4.4646e-01;2.6404e-01;2.2724e-01;2.5845e-01;3.7829e-01",0.37211
"PWY-2161B","glutamate removal from folates",3,"SORBI_3009G199001;SORBI_3009G199100;SORBI_3009G199200","1.2994e-03;6.2066e-04;6.3858e-04",0.37431
"PWY-6118","glycerol-3-phosphate shuttle",8,"SORBI_3001G247500;SORBI_3002G081500;SORBI_3003G326800;SORBI_3003G420800;SORBI_3003G443400;SORBI_3006G029700;SORBI_3007G223801;SORBI_3009G183300","8.4200e-01;3.0293e-01;6.9222e-01;2.4545e-01;2.3111e-01;3.5243e-01;1.5168e-01;2.7787e-02",0.37794
"PWY-7221","guanosine ribonucleotides <i>de novo</i> biosynthesis",5,"SORBI_3001G069900;SORBI_3001G389500;SORBI_3002G029600;SORBI_3006G278500;SORBI_3008G112600","3.5807e-01;2.6298e-01;4.5223e-01;8.3573e-01;1.8501e-01",0.37859
"PWY-701","L-methionine degradation II",2,"SORBI_3001G193600;SORBI_3006G232400","6.2129e-01;3.4050e-01",0.3787
"PWY-7909","formaldehyde oxidation VII (THF pathway)",4,"SORBI_3001G542800;SORBI_3002G172600;SORBI_3004G018000;SORBI_3009G045800","5.6785e-01;3.4865e-01;8.1093e-01;2.5325e-01",0.37985
"PWY0-1319","CDP-diacylglycerol biosynthesis II",21,"SORBI_3001G026100;SORBI_3001G099300;SORBI_3001G250200;SORBI_3001G283700;SORBI_3001G493300;SORBI_3002G167100;SORBI_3002G325300;SORBI_3003G073800;SORBI_3003G114200;SORBI_3003G142500;SORBI_3003G229700;SORBI_3003G301900;SORBI_3003G360700;SORBI_3004G025400;SORBI_3005G149300;SORBI_3005G214400;SORBI_3006G041266;SORBI_3008G130800;SORBI_3009G157000;SORBI_3009G162000;SORBI_3009G202600","2.3687e-01;3.5257e-01;4.8248e-01;3.3978e-01;3.3176e-01;2.5042e-01;6.8405e-01;3.6660e-01;1.6733e-02;1.8586e-01;7.5373e-01;1.9491e-01;6.8265e-01;9.0784e-01;3.5688e-01;5.3470e-01;5.7001e-01;6.3628e-03;1.4101e-01;1.1228e-02;5.9127e-04",0.37996
"PWY-6369","inositol diphosphates biosynthesis",3,"SORBI_3001G132600;SORBI_3003G315166;SORBI_3006G251500","5.6191e-01;5.3003e-01;1.7848e-02",0.38235
"PWY-5670","epoxysqualene biosynthesis",2,"SORBI_3001G049600;SORBI_3001G447600","4.4244e-01;3.3440e-01",0.38483
"PWY-2541","phytosterol biosynthesis (plants)",27,"SORBI_3001G343000;SORBI_3001G343100;SORBI_3001G343300;SORBI_3001G343400;SORBI_3001G343500;SORBI_3001G343601;SORBI_3001G343832;SORBI_3001G349200;SORBI_3001G350200;SORBI_3001G386700;SORBI_3001G513600;SORBI_3001G519400;SORBI_3002G264300;SORBI_3003G083300;SORBI_3003G106300;SORBI_3003G106400;SORBI_3003G106600;SORBI_3003G106800;SORBI_3003G107400;SORBI_3003G107600;SORBI_3003G166500;SORBI_3004G261300;SORBI_3005G048700;SORBI_3007G137300;SORBI_3009G025700;SORBI_3009G031100;SORBI_3009G178000","8.0800e-01;5.7573e-01;4.1263e-01;2.6961e-01;6.4252e-01;3.5494e-02;5.1578e-01;4.2072e-03;5.9429e-01;2.9339e-01;4.7711e-01;3.2112e-02;6.5804e-01;9.0563e-01;6.4695e-01;5.4547e-01;3.1056e-01;4.0574e-01;7.1588e-01;7.3711e-01;4.4063e-01;3.3101e-01;2.3061e-02;4.9895e-01;4.9278e-02;2.2749e-01;6.6254e-04",0.38546
"PWY-5912","2'-deoxymugineic acid phytosiderophore biosynthesis",29,"SORBI_3001G151400;SORBI_3001G274600;SORBI_3001G274800;SORBI_3001G275100;SORBI_3001G275200;SORBI_3001G395900;SORBI_3001G443100;SORBI_3002G041100;SORBI_3002G041200;SORBI_3003G140000;SORBI_3003G151600;SORBI_3003G199900;SORBI_3005G114600;SORBI_3005G134501;SORBI_3005G152000;SORBI_3005G152100;SORBI_3005G152200;SORBI_3005G152800;SORBI_3005G200300;SORBI_3006G018200;SORBI_3006G018300;SORBI_3006G095800;SORBI_3006G096000;SORBI_3006G096100;SORBI_3006G096200;SORBI_3006G096300;SORBI_3006G096400;SORBI_3008G005300;SORBI_3009G033600","7.9885e-01;9.2207e-02;1.3748e-01;2.5136e-01;4.1334e-02;9.3846e-02;8.4900e-01;2.5713e-01;2.1079e-01;4.1804e-01;2.3436e-02;7.8939e-01;4.9616e-01;5.9158e-01;8.7461e-01;3.7011e-01;3.6176e-01;7.0301e-01;2.8438e-01;6.6780e-01;4.9349e-01;1.9145e-01;1.9467e-01;8.5822e-02;2.0921e-01;2.6330e-01;9.4145e-02;9.0522e-01;1.3580e-02",0.38552
"PWY-4201","volatile cinnamoic ester biosynthesis",4,"SORBI_3007G058400;SORBI_3007G058600;SORBI_3007G058800;SORBI_3007G059100","5.1295e-01;6.6301e-01;1.0395e-01;4.7243e-01",0.39063
"PWY-5723","Rubisco shunt",38,"SORBI_3001G057200;SORBI_3001G069000;SORBI_3001G140700;SORBI_3001G290600;SORBI_3001G384100;SORBI_3001G386900;SORBI_3001G426100;SORBI_3001G491000;SORBI_3002G051100;SORBI_3002G054400;SORBI_3002G186900;SORBI_3002G257300;SORBI_3003G130800;SORBI_3003G172800;SORBI_3003G182400;SORBI_3003G244700;SORBI_3003G336000;SORBI_3003G410500;SORBI_3004G272100;SORBI_3005G033000;SORBI_3005G034400;SORBI_3005G042000;SORBI_3005G101400;SORBI_3005G194400;SORBI_3006G034300;SORBI_3006G200800;SORBI_3006G267200;SORBI_3007G043400;SORBI_3007G078400;SORBI_3007G080150;SORBI_3008G033600;SORBI_3008G116600;SORBI_3008G135701;SORBI_3009G062800;SORBI_3010G023700;SORBI_3010G024000;SORBI_3010G026925;SORBI_3010G027000","3.3121e-01;2.1943e-01;1.0886e-01;2.3490e-01;1.0031e-01;2.5119e-01;7.6963e-01;9.1260e-01;6.3458e-04;3.5799e-01;7.4310e-01;4.0388e-01;6.6422e-01;7.6426e-01;8.0340e-01;7.2005e-01;3.0090e-01;2.8934e-01;2.4660e-02;7.1110e-01;6.8297e-01;1.7571e-01;8.6506e-01;6.0223e-01;2.2951e-03;5.2227e-01;5.8904e-01;6.5523e-01;4.5431e-01;4.7856e-01;9.1453e-01;5.0936e-01;2.9568e-01;9.2483e-02;6.8846e-01;6.7261e-01;7.7103e-01;8.4948e-01",0.39333
"PWY-621","sucrose degradation III (sucrose invertase)",9,"SORBI_3001G071800;SORBI_3001G172300;SORBI_3002G230600;SORBI_3003G280400;SORBI_3003G358000;SORBI_3003G386000;SORBI_3005G058800;SORBI_3007G014700;SORBI_3010G095000","4.3261e-01;2.2148e-01;2.9396e-01;3.2611e-01;5.6708e-01;9.1931e-01;6.9903e-01;7.8537e-01;7.4623e-01",0.39364
"ASPARAGINE-BIOSYNTHESIS","L-asparagine biosynthesis I",4,"SORBI_3001G406800;SORBI_3005G003200;SORBI_3008G139800;SORBI_3010G110000","7.6450e-01;5.7212e-01;1.3319e-01;8.0159e-01",0.39399
"ASPARAGINESYN-PWY","L-asparagine biosynthesis II",4,"SORBI_3001G406800;SORBI_3005G003200;SORBI_3008G139800;SORBI_3010G110000","7.6450e-01;5.7212e-01;1.3319e-01;8.0159e-01",0.39399
"PWY0-1325","superpathway of L-asparagine biosynthesis",4,"SORBI_3001G406800;SORBI_3005G003200;SORBI_3008G139800;SORBI_3010G110000","7.6450e-01;5.7212e-01;1.3319e-01;8.0159e-01",0.39399
"PWY-4984","urea cycle",8,"SORBI_3001G397000;SORBI_3003G193700;SORBI_3004G265900;SORBI_3004G268100;SORBI_3006G004500;SORBI_3007G104300;SORBI_3008G083400;SORBI_3009G158800","3.4809e-01;4.3081e-02;5.4553e-01;7.6394e-02;4.9245e-01;7.9050e-01;4.2029e-01;1.2935e-01",0.39661
"UDPNACETYLGALSYN-PWY","UDP-<i>N</i>-acetyl-D-glucosamine biosynthesis II",10,"SORBI_3001G071800;SORBI_3002G230600;SORBI_3002G246800;SORBI_3003G017400;SORBI_3003G280400;SORBI_3004G259800;SORBI_3006G213100;SORBI_3007G075500;SORBI_3008G016900;SORBI_3010G251200","4.3261e-01;2.9396e-01;9.0503e-01;6.0414e-01;3.2611e-01;9.3496e-02;3.6434e-01;3.8883e-01;4.9009e-01;1.4848e-02",0.39667
"PWY-7484","phytocassanes biosynthesis, shared reactions",10,"SORBI_3001G175900;SORBI_3001G176000;SORBI_3001G176100;SORBI_3001G176600;SORBI_3001G229500;SORBI_3001G235500;SORBI_3001G362900;SORBI_3002G065700;SORBI_3004G068900;SORBI_3005G206601","7.9430e-01;4.7024e-01;2.5219e-01;9.7687e-02;6.1224e-01;9.3480e-01;8.3842e-01;1.3152e-02;5.1750e-01;8.8152e-01",0.39718
"PWY1F-353","glycine betaine biosynthesis III (plants)",3,"SORBI_3006G109500;SORBI_3007G130800;SORBI_3010G248301","4.2450e-02;6.8743e-01;6.1294e-01",0.40098
"PWY-7897","flavonoid di-C-glucosylation",37,"SORBI_3001G035600;SORBI_3001G187000;SORBI_3001G215000;SORBI_3001G465600;SORBI_3001G500800;SORBI_3001G518800;SORBI_3002G009600;SORBI_3002G009700;SORBI_3004G062500;SORBI_3004G109000;SORBI_3004G272700;SORBI_3004G318200;SORBI_3005G102100;SORBI_3005G107800;SORBI_3005G135400;SORBI_3005G135500;SORBI_3005G135700;SORBI_3005G136200;SORBI_3005G136300;SORBI_3005G136450;SORBI_3005G136600;SORBI_3005G136800;SORBI_3005G137000;SORBI_3005G137100;SORBI_3005G137200;SORBI_3005G137300;SORBI_3007G027200;SORBI_3007G058900;SORBI_3007G089900;SORBI_3007G145600;SORBI_3008G030100;SORBI_3010G012400;SORBI_3010G076700;SORBI_3010G120200;SORBI_3010G120400;SORBI_3010G120600;SORBI_3010G214900","1.9725e-01;6.0571e-01;8.2307e-01;7.4805e-01;1.0609e-03;1.0567e-01;4.7189e-01;3.5019e-01;6.0584e-01;5.3289e-01;3.8108e-01;5.0544e-01;4.0145e-01;6.6156e-01;5.5863e-01;8.4919e-01;9.2854e-01;9.2091e-01;5.6285e-01;5.3842e-01;4.2890e-01;5.1462e-01;9.1909e-01;8.8787e-01;4.4487e-01;4.5240e-01;4.4372e-01;9.3648e-01;8.3036e-03;6.3622e-01;2.1528e-01;2.3899e-01;1.7617e-01;6.8786e-01;4.2658e-01;6.1615e-01;5.0362e-01",0.40393
"PWY-381","nitrate reduction II (assimilatory)",9,"SORBI_3001G116400;SORBI_3001G231000;SORBI_3001G451500;SORBI_3004G196101;SORBI_3004G247000;SORBI_3004G309300;SORBI_3004G312500;SORBI_3006G249400;SORBI_3007G153900","7.1323e-01;3.2063e-01;8.2383e-01;5.7521e-01;8.1662e-02;5.3119e-01;7.1317e-01;6.2022e-02;4.1003e-01",0.4073
"PWY-622","starch biosynthesis",22,"SORBI_3001G071800;SORBI_3001G100000;SORBI_3001G116500;SORBI_3001G239500;SORBI_3001G376266;SORBI_3002G088600;SORBI_3002G125800;SORBI_3002G155900;SORBI_3002G160400;SORBI_3002G230600;SORBI_3003G222500;SORBI_3003G230500;SORBI_3004G238600;SORBI_3004G338100;SORBI_3006G221000;SORBI_3007G068200;SORBI_3007G101500;SORBI_3008G098032;SORBI_3009G209300;SORBI_3009G245000;SORBI_3010G047700;SORBI_3010G093400","4.3261e-01;5.7526e-01;7.6218e-01;7.2772e-01;4.3468e-02;9.4594e-02;1.5473e-01;8.1070e-01;2.4364e-01;2.9396e-01;7.3985e-01;4.9679e-01;2.3099e-01;1.2223e-03;5.5385e-02;8.5144e-01;2.0995e-01;4.1431e-01;2.6252e-03;2.0580e-08;7.9142e-01;6.7581e-01",0.40731
"PWY0-501","lipoate biosynthesis and incorporation I",5,"SORBI_3001G388900;SORBI_3003G309300;SORBI_3006G038901;SORBI_3006G103100;SORBI_3008G152000","4.3613e-01;1.2318e-02;4.2854e-01;6.1523e-01;6.2987e-01",0.41131
"GLUTAMINDEG-PWY","L-glutamine degradation I",34,"SORBI_3001G151700;SORBI_3001G265500;SORBI_3001G406800;SORBI_3001G432300;SORBI_3002G005600;SORBI_3002G301500;SORBI_3002G301600;SORBI_3002G301700;SORBI_3002G402700;SORBI_3003G017300;SORBI_3003G193700;SORBI_3003G221200;SORBI_3003G241000;SORBI_3003G258800;SORBI_3004G028500;SORBI_3004G209300;SORBI_3004G265900;SORBI_3005G003200;SORBI_3005G139300;SORBI_3005G143500;SORBI_3005G150250;SORBI_3006G027900;SORBI_3006G028000;SORBI_3006G237100;SORBI_3006G278500;SORBI_3007G104300;SORBI_3007G174600;SORBI_3008G127100;SORBI_3008G139800;SORBI_3009G225700;SORBI_3009G239301;SORBI_3009G239500;SORBI_3010G060800;SORBI_3010G110000","6.9039e-01;7.9107e-01;7.6450e-01;9.0333e-01;2.2890e-01;9.1478e-01;7.7003e-01;7.3749e-01;6.0909e-01;5.6400e-01;4.3081e-02;4.1697e-01;1.1137e-02;3.2362e-01;4.7882e-01;1.4783e-04;5.4553e-01;5.7212e-01;1.3693e-01;2.9113e-01;7.8438e-01;3.1033e-02;2.4477e-03;2.9910e-01;8.3573e-01;7.9050e-01;5.6084e-03;5.1521e-01;1.3319e-01;1.0360e-12;1.9580e-08;3.1260e-09;5.6298e-01;8.0159e-01",0.41534
"PWY-5921","glutaminyl-tRNA<sup>gln</sup> biosynthesis via transamidation",34,"SORBI_3001G151700;SORBI_3001G265500;SORBI_3001G406800;SORBI_3001G432300;SORBI_3002G005600;SORBI_3002G301500;SORBI_3002G301600;SORBI_3002G301700;SORBI_3002G402700;SORBI_3003G017300;SORBI_3003G193700;SORBI_3003G221200;SORBI_3003G241000;SORBI_3003G258800;SORBI_3004G028500;SORBI_3004G209300;SORBI_3004G265900;SORBI_3005G003200;SORBI_3005G139300;SORBI_3005G143500;SORBI_3005G150250;SORBI_3006G027900;SORBI_3006G028000;SORBI_3006G237100;SORBI_3006G278500;SORBI_3007G104300;SORBI_3007G174600;SORBI_3008G127100;SORBI_3008G139800;SORBI_3009G225700;SORBI_3009G239301;SORBI_3009G239500;SORBI_3010G060800;SORBI_3010G110000","6.9039e-01;7.9107e-01;7.6450e-01;9.0333e-01;2.2890e-01;9.1478e-01;7.7003e-01;7.3749e-01;6.0909e-01;5.6400e-01;4.3081e-02;4.1697e-01;1.1137e-02;3.2362e-01;4.7882e-01;1.4783e-04;5.4553e-01;5.7212e-01;1.3693e-01;2.9113e-01;7.8438e-01;3.1033e-02;2.4477e-03;2.9910e-01;8.3573e-01;7.9050e-01;5.6084e-03;5.1521e-01;1.3319e-01;1.0360e-12;1.9580e-08;3.1260e-09;5.6298e-01;8.0159e-01",0.41534
"PWY-5048","rosmarinic acid biosynthesis I",25,"SORBI_3001G160500;SORBI_3001G187000;SORBI_3001G465600;SORBI_3001G500800;SORBI_3001G518800;SORBI_3002G009600;SORBI_3002G009700;SORBI_3002G126600;SORBI_3003G008900;SORBI_3003G045600;SORBI_3003G337400;SORBI_3004G062500;SORBI_3004G141200;SORBI_3004G220300;SORBI_3004G220400;SORBI_3004G220500;SORBI_3004G220600;SORBI_3004G220700;SORBI_3004G272700;SORBI_3005G200300;SORBI_3006G148800;SORBI_3006G148900;SORBI_3007G089900;SORBI_3007G145600;SORBI_3010G214900","7.6919e-01;6.0571e-01;7.4805e-01;1.0609e-03;1.0567e-01;4.7189e-01;3.5019e-01;3.9879e-01;1.9757e-02;4.6008e-02;5.0434e-01;6.0584e-01;2.0118e-01;8.6353e-01;8.5883e-01;8.9250e-01;7.5753e-01;8.3227e-01;3.8108e-01;2.8438e-01;2.8940e-01;2.4986e-01;8.3036e-03;6.3622e-01;5.0362e-01",0.41809
"PWYQT-1","lysine degradation III",4,"SORBI_3002G058500;SORBI_3003G248700;SORBI_3004G321800;SORBI_3010G009200","2.5359e-01;7.6425e-02;2.0366e-01;1.7440e-01",0.41873
"PWY-5129","sphingolipid biosynthesis (plants)",32,"SORBI_3001G069700;SORBI_3001G194200;SORBI_3001G434900;SORBI_3002G175400;SORBI_3002G339500;SORBI_3002G339666;SORBI_3002G339732;SORBI_3002G383900;SORBI_3003G187800;SORBI_3003G243900;SORBI_3003G286600;SORBI_3003G317400;SORBI_3003G351300;SORBI_3003G357100;SORBI_3003G412700;SORBI_3004G008200;SORBI_3004G008300;SORBI_3004G008800;SORBI_3004G008900;SORBI_3004G237600;SORBI_3004G254200;SORBI_3004G269700;SORBI_3004G337066;SORBI_3005G126701;SORBI_3005G126800;SORBI_3005G151100;SORBI_3006G163800;SORBI_3007G041500;SORBI_3008G129000;SORBI_3008G181400;SORBI_3009G159000;SORBI_3010G092200","3.8477e-01;8.0823e-01;1.7551e-01;6.0222e-02;9.2825e-01;9.4004e-01;8.7190e-01;7.9552e-01;4.9328e-02;7.2168e-01;8.7606e-02;5.9226e-01;4.1181e-01;9.4906e-01;9.5542e-02;6.7737e-02;1.0169e-01;9.1830e-01;7.7666e-01;3.1696e-01;1.6720e-01;9.1359e-02;6.9665e-01;6.9751e-02;1.1920e-01;7.4399e-01;5.4145e-01;2.2254e-01;1.8347e-02;9.7644e-01;3.7014e-01;3.5072e-01",0.42133
"PWY66-423","fructose 2,6-bisphosphate biosynthesis",2,"SORBI_3001G405300;SORBI_3009G056700","4.4664e-02;9.4697e-01",0.42787
"PWY-3742","tetrahydrofolate biosynthesis II",20,"SORBI_3001G201900;SORBI_3001G535500;SORBI_3002G172600;SORBI_3002G220200;SORBI_3002G296500;SORBI_3002G376200;SORBI_3003G003200;SORBI_3003G146800;SORBI_3004G018000;SORBI_3004G122800;SORBI_3005G115500;SORBI_3006G254100;SORBI_3007G172600;SORBI_3008G001400;SORBI_3008G125100;SORBI_3008G137200;SORBI_3008G177850;SORBI_3009G045800;SORBI_3009G088800;SORBI_3010G250200","5.4386e-02;2.5142e-01;3.4865e-01;6.8491e-01;2.4842e-01;5.4133e-01;2.9547e-01;5.3549e-03;8.1093e-01;3.3658e-01;8.0140e-01;6.8999e-01;4.4159e-03;5.2853e-01;1.6877e-02;9.7404e-02;7.6109e-01;2.5325e-01;1.3876e-01;9.4354e-01",0.42975
"HOMOSERSYN-PWY","L-homoserine biosynthesis",6,"SORBI_3001G011700;SORBI_3001G081900;SORBI_3002G111800;SORBI_3002G155100;SORBI_3003G412100;SORBI_3008G019532","9.6616e-04;5.2506e-01;6.9066e-01;5.3531e-01;5.5994e-01;6.8930e-01",0.4342
"PWY-6963","ammonia assimilation cycle I",11,"SORBI_3001G116400;SORBI_3001G231000;SORBI_3001G451500;SORBI_3003G258800;SORBI_3004G209300;SORBI_3004G247000;SORBI_3005G150250;SORBI_3006G249400;SORBI_3007G174600;SORBI_3009G225700;SORBI_3010G060800","7.1323e-01;3.2063e-01;8.2383e-01;3.2362e-01;1.4783e-04;8.1662e-02;7.8438e-01;6.2022e-02;5.6084e-03;1.0360e-12;5.6298e-01",0.43454
"PWY-6443","benzoate biosynthesis I (CoA-dependent, &beta;-oxidative)",104,"SORBI_3001G063000;SORBI_3001G095750;SORBI_3001G201800;SORBI_3001G258500;SORBI_3001G258600;SORBI_3001G271600;SORBI_3001G273200;SORBI_3001G277800;SORBI_3001G431500;SORBI_3001G435000;SORBI_3002G019900;SORBI_3002G041533;SORBI_3002G041800;SORBI_3002G042000;SORBI_3002G042100;SORBI_3002G042200;SORBI_3002G042300;SORBI_3002G164400;SORBI_3002G193400;SORBI_3002G224800;SORBI_3002G227800;SORBI_3002G227900;SORBI_3002G228000;SORBI_3002G228400;SORBI_3002G228500;SORBI_3002G228600;SORBI_3002G370000;SORBI_3002G394700;SORBI_3002G394900;SORBI_3002G395200;SORBI_3002G395300;SORBI_3003G013100;SORBI_3003G016600;SORBI_3003G016800;SORBI_3003G019300;SORBI_3003G019700;SORBI_3003G019800;SORBI_3003G020200;SORBI_3003G020300;SORBI_3003G020400;SORBI_3003G020500;SORBI_3003G037200;SORBI_3003G065300;SORBI_3003G065400;SORBI_3003G065501;SORBI_3003G065600;SORBI_3003G363300;SORBI_3003G392200;SORBI_3004G111100;SORBI_3004G121200;SORBI_3004G133100;SORBI_3004G170600;SORBI_3004G186500;SORBI_3004G266700;SORBI_3005G014400;SORBI_3005G014500;SORBI_3005G072200;SORBI_3005G089000;SORBI_3005G089200;SORBI_3005G097400;SORBI_3005G099800;SORBI_3006G019700;SORBI_3006G020200;SORBI_3006G020300;SORBI_3006G098300;SORBI_3006G098400;SORBI_3006G247400;SORBI_3007G041701;SORBI_3007G156600;SORBI_3007G157100;SORBI_3007G157400;SORBI_3007G157500;SORBI_3007G157550;SORBI_3007G157800;SORBI_3007G157900;SORBI_3007G178900;SORBI_3007G203600;SORBI_3008G048501;SORBI_3008G074800;SORBI_3008G124000;SORBI_3008G127000;SORBI_3008G171100;SORBI_3009G078500;SORBI_3009G078600;SORBI_3009G078700;SORBI_3009G078900;SORBI_3009G079000;SORBI_3009G098200;SORBI_3009G134600;SORBI_3009G136300;SORBI_3009G136400;SORBI_3009G215400;SORBI_3010G044500;SORBI_3010G044600;SORBI_3010G044900;SORBI_3010G083200;SORBI_3010G083300;SORBI_3010G083400;SORBI_3010G156000;SORBI_3010G179900;SORBI_3010G204000;SORBI_3010G259300;SORBI_3010G259500;SORBI_3010G259600","6.7044e-01;3.9581e-01;6.4566e-01;4.7975e-01;1.2154e-02;9.4584e-01;8.7519e-01;5.4161e-01;5.3419e-01;1.5088e-01;3.9766e-01;3.5451e-01;3.7116e-01;5.9337e-01;8.4944e-01;4.0582e-01;2.5836e-01;6.4915e-01;3.2494e-01;4.2068e-01;8.3869e-01;5.3835e-01;5.0685e-01;6.1920e-01;3.7578e-01;4.0722e-01;4.9424e-01;4.5207e-01;6.0779e-01;4.6201e-01;4.4691e-01;1.1600e-01;3.8130e-01;3.4660e-01;5.0530e-01;7.0985e-02;5.3582e-02;3.2252e-02;2.6405e-02;5.6860e-02;2.1453e-01;3.6167e-01;2.3941e-02;2.4472e-02;2.9718e-02;6.7794e-01;6.1172e-01;4.9326e-01;2.0053e-02;7.6624e-01;3.4577e-02;3.3807e-01;7.7315e-02;2.6163e-01;2.8493e-01;3.2114e-01;3.3929e-01;6.5321e-01;6.7443e-01;6.3301e-01;6.8850e-01;5.0284e-01;5.6673e-01;4.6250e-01;5.1119e-03;6.0894e-03;3.6230e-01;7.9235e-01;3.4095e-01;3.9587e-01;1.2356e-01;1.4669e-01;1.4703e-01;8.9493e-01;8.0876e-01;6.7686e-02;1.4341e-01;3.4963e-01;4.7552e-01;2.6778e-01;4.7702e-01;2.0650e-01;9.3641e-02;4.7454e-01;7.5798e-01;8.6603e-01;9.2122e-02;5.1469e-01;2.7917e-01;8.5799e-01;7.2620e-01;8.8361e-03;3.2351e-01;3.3746e-01;2.3972e-01;9.7099e-01;7.3915e-01;8.3839e-01;8.1128e-01;1.3455e-01;5.4079e-02;7.6975e-01;6.8247e-01;7.7395e-01",0.43581
"PWY-2981","diterpene phytoalexins precursors biosynthesis",6,"SORBI_3001G248600;SORBI_3001G338900;SORBI_3002G090900;SORBI_3005G161200;SORBI_3005G217500;SORBI_3006G010200","3.2839e-01;3.2395e-01;3.1262e-02;2.8153e-01;7.0082e-01;8.2086e-03",0.4373
"PWY4FS-3","phosphatidylcholine biosynthesis III",8,"SORBI_3001G219800;SORBI_3003G266500;SORBI_3003G266600;SORBI_3003G354500;SORBI_3004G212500;SORBI_3004G291700;SORBI_3009G120400;SORBI_3009G218900","8.2652e-01;5.8005e-02;1.2097e-01;4.2928e-01;6.6114e-01;4.2946e-02;3.3127e-01;1.5166e-05",0.44214
"PWY-5481","pyruvate fermentation to (<i>S</i>)-lactate",2,"SORBI_3004G004400;SORBI_3004G004500","4.3766e-01;2.6901e-01",0.44229
"GLUCOSE1PMETAB-PWY","glucose and glucose-1-phosphate degradation",13,"SORBI_3001G116500;SORBI_3001G131100;SORBI_3001G292000;SORBI_3002G068000;SORBI_3002G125800;SORBI_3002G155900;SORBI_3003G222500;SORBI_3003G280400;SORBI_3003G290200;SORBI_3005G123200;SORBI_3008G191400;SORBI_3010G007200;SORBI_3010G007300","7.6218e-01;2.0050e-01;3.1049e-01;4.9545e-01;1.5473e-01;8.1070e-01;7.3985e-01;3.2611e-01;5.0337e-01;1.2028e-01;7.5169e-01;4.1883e-01;7.8639e-01",0.44552
"GLYOXYLATE-BYPASS","glyoxylate cycle",17,"SORBI_3001G073900;SORBI_3001G219300;SORBI_3001G512800;SORBI_3002G309400;SORBI_3002G316900;SORBI_3002G324000;SORBI_3002G385700;SORBI_3003G238500;SORBI_3004G078000;SORBI_3004G101900;SORBI_3006G000100;SORBI_3006G127100;SORBI_3006G170800;SORBI_3007G068100;SORBI_3007G137600;SORBI_3008G186200;SORBI_3009G240700","3.1585e-01;4.1965e-01;5.4559e-01;5.6764e-01;9.5081e-02;2.3232e-02;1.6085e-01;5.7059e-01;8.6163e-01;3.4077e-01;2.9245e-02;6.6176e-01;9.0788e-01;6.1591e-01;2.9767e-01;9.3667e-02;1.8634e-07",0.44613
"PWY-6235","hydroxyjasmonate sulfate biosynthesis",3,"SORBI_3003G437300;SORBI_3004G280000;SORBI_3006G154200","2.5480e-01;6.0636e-01;4.1994e-01",0.45037
"PWY3O-4107","NAD salvage pathway V (PNC V cycle)",11,"SORBI_3001G021000;SORBI_3001G120500;SORBI_3002G112700;SORBI_3004G125700;SORBI_3004G208000;SORBI_3004G231600;SORBI_3004G342600;SORBI_3006G080900;SORBI_3006G123600;SORBI_3006G153600;SORBI_3008G058100","6.7524e-01;2.6392e-01;6.4571e-01;6.9732e-01;7.3387e-01;7.3047e-01;9.5144e-03;2.7458e-01;3.7859e-01;1.4402e-02;8.4404e-02",0.46106
"PYRIDNUCSYN-PWY","NAD <i>de novo</i> biosynthesis I (from aspartate)",5,"SORBI_3002G112700;SORBI_3002G291400;SORBI_3004G032400;SORBI_3004G342600;SORBI_3008G089500","6.4571e-01;7.1049e-01;4.3384e-01;9.5144e-03;3.6935e-01",0.46195
"PWY-4861","UDP-&alpha;-D-galacturonate biosynthesis I (from UDP-D-glucuronate)",5,"SORBI_3001G436100;SORBI_3002G256100;SORBI_3004G326900;SORBI_3007G196800;SORBI_3010G068001","6.0297e-02;3.0767e-01;6.7590e-01;4.4979e-01;4.4316e-01",0.46689
"PWY-7856","heme <i>a</i> biosynthesis",2,"SORBI_3001G489700;SORBI_3007G219800","7.3986e-01;7.8824e-02",0.46707
"PWY4FS-6","phosphatidylethanolamine biosynthesis II",9,"SORBI_3002G053600;SORBI_3002G214400;SORBI_3003G040700;SORBI_3003G277700;SORBI_3004G016400;SORBI_3005G017200;SORBI_3007G079400;SORBI_3009G211000;SORBI_3010G077100","9.0603e-01;1.7962e-01;6.6290e-01;4.2098e-01;9.5316e-01;5.1745e-01;4.4745e-01;3.9876e-05;5.1185e-01",0.46708
"PROUT-PWY","L-proline degradation",4,"SORBI_3001G304700;SORBI_3003G356000;SORBI_3009G160100;SORBI_3009G212600","6.6510e-01;5.4059e-01;4.6109e-02;5.5719e-03",0.46883
"PWY-3385","choline biosynthesis I",12,"SORBI_3001G219800;SORBI_3002G053600;SORBI_3002G214400;SORBI_3003G040700;SORBI_3003G266500;SORBI_3003G266600;SORBI_3003G277700;SORBI_3003G354500;SORBI_3004G291700;SORBI_3009G120400;SORBI_3009G211000;SORBI_3009G218900","8.2652e-01;9.0603e-01;1.7962e-01;6.6290e-01;5.8005e-02;1.2097e-01;4.2098e-01;4.2928e-01;4.2946e-02;3.3127e-01;3.9876e-05;1.5166e-05",0.47426
"PWY-5063","phytyl diphosphate biosynthesis",2,"SORBI_3003G122100;SORBI_3004G238500","5.4846e-02;3.6433e-01",0.47861
"DETOX1-PWY","superoxide radicals degradation",10,"SORBI_3001G371900;SORBI_3001G453800;SORBI_3001G517700;SORBI_3002G407900;SORBI_3004G011566;SORBI_3007G166600;SORBI_3009G093200;SORBI_3010G012900;SORBI_3010G033000;SORBI_3010G274500","1.8775e-01;9.5521e-01;7.6677e-03;2.0766e-01;9.7496e-01;2.9192e-03;5.9917e-01;1.0079e-01;9.2938e-01;9.0295e-01",0.47903
"PWY-6440","spermine and spermidine degradation II",2,"SORBI_3001G472000;SORBI_3007G073100","3.7707e-01;5.7080e-01",0.48078
"SULFMETII-PWY","assimilatory sulfate reduction II",5,"SORBI_3001G094300;SORBI_3002G314300;SORBI_3005G152550;SORBI_3006G008700;SORBI_3009G189400","3.7549e-01;6.7778e-01;3.9795e-01;5.8960e-01;2.4649e-02",0.48094
"PWY-5947","lutein biosynthesis",3,"SORBI_3001G308200;SORBI_3004G057900;SORBI_3004G346000","4.3404e-01;8.0537e-01;7.8934e-01",0.48145
"PWY-5987","sorgoleone biosynthesis",22,"SORBI_3002G045000;SORBI_3002G063800;SORBI_3002G310400;SORBI_3002G310500;SORBI_3004G175800;SORBI_3004G179000;SORBI_3004G260600;SORBI_3004G260800;SORBI_3005G002700;SORBI_3005G002800;SORBI_3005G134400;SORBI_3005G134700;SORBI_3005G134900;SORBI_3005G135800;SORBI_3005G164200;SORBI_3005G164300;SORBI_3007G170400;SORBI_3008G002800;SORBI_3008G003200;SORBI_3008G036800;SORBI_3009G037200;SORBI_3009G037300","2.0942e-01;1.4791e-01;1.9548e-01;2.4949e-01;3.9837e-03;8.4207e-03;7.3500e-02;6.0877e-02;4.8163e-01;3.5536e-01;2.6621e-01;2.7089e-01;7.1787e-01;9.0778e-01;2.0257e-02;3.1927e-02;5.2445e-01;7.3398e-01;2.3945e-01;5.1223e-01;4.7999e-01;5.3841e-01",0.48926
"PWY-2","putrescine degradation IV",2,"SORBI_3002G347300;SORBI_3004G243400","5.2078e-01;7.6541e-01",0.49314
"PWY-5997","&alpha;-linolenate biosynthesis I (plants and red algae)",2,"SORBI_3001G407600;SORBI_3002G430100","5.9644e-01;7.1939e-01",0.49469
"PWY-7590","(7Z,10Z,13Z)-hexadecatrienoate biosynthesis",2,"SORBI_3001G407600;SORBI_3002G430100","5.9644e-01;7.1939e-01",0.49469
"PWY-5863","superpathway of phylloquinol biosynthesis",8,"SORBI_3002G353300;SORBI_3003G111500;SORBI_3003G122100;SORBI_3003G270500;SORBI_3004G238500;SORBI_3004G287300;SORBI_3009G216800;SORBI_3009G246400","3.4560e-01;5.2736e-01;5.4846e-02;4.4473e-02;3.6433e-01;2.1917e-02;1.9152e-06;6.3153e-07",0.49755
"PWY0-1507","biotin biosynthesis from 8-amino-7-oxononanoate I",7,"SORBI_3001G465700;SORBI_3002G174900;SORBI_3002G213900;SORBI_3002G263100;SORBI_3004G126000;SORBI_3007G186000;SORBI_3010G073100","6.3032e-01;7.1364e-02;7.7417e-01;4.8425e-01;6.6624e-01;7.7195e-01;8.9520e-01",0.50027
"PWY-5125","anthocyanin biosynthesis",13,"SORBI_3002G070500;SORBI_3002G133150;SORBI_3002G311601;SORBI_3002G369600;SORBI_3003G345100;SORBI_3004G000700;SORBI_3005G033801;SORBI_3005G033900;SORBI_3005G072400;SORBI_3008G002600;SORBI_3008G035600;SORBI_3009G028200;SORBI_3010G070200","3.1375e-01;3.1289e-01;2.3922e-01;7.7257e-01;5.9175e-01;8.1973e-01;7.9150e-01;8.5338e-01;7.1173e-02;4.3580e-01;4.9788e-01;9.0857e-02;8.8924e-01",0.50106
"ASPARTATE-DEG1-PWY","L-aspartate degradation I",6,"SORBI_3003G303300;SORBI_3003G370800;SORBI_3004G104700;SORBI_3004G331700;SORBI_3007G167950;SORBI_3009G149400","3.0815e-01;6.6470e-01;9.3141e-01;1.9408e-01;4.9872e-01;7.0591e-01",0.50272
"ASPARTATESYN-PWY","L-aspartate biosynthesis",6,"SORBI_3003G303300;SORBI_3003G370800;SORBI_3004G104700;SORBI_3004G331700;SORBI_3007G167950;SORBI_3009G149400","3.0815e-01;6.6470e-01;9.3141e-01;1.9408e-01;4.9872e-01;7.0591e-01",0.50272
"PWY-3001","superpathway of L-isoleucine biosynthesis I",6,"SORBI_3003G303300;SORBI_3003G370800;SORBI_3004G104700;SORBI_3004G331700;SORBI_3007G167950;SORBI_3009G149400","3.0815e-01;6.6470e-01;9.3141e-01;1.9408e-01;4.9872e-01;7.0591e-01",0.50272
"THRESYN-PWY","superpathway of L-threonine biosynthesis",6,"SORBI_3003G303300;SORBI_3003G370800;SORBI_3004G104700;SORBI_3004G331700;SORBI_3007G167950;SORBI_3009G149400","3.0815e-01;6.6470e-01;9.3141e-01;1.9408e-01;4.9872e-01;7.0591e-01",0.50272
"PWY-6577","farnesylcysteine salvage pathway",5,"SORBI_3003G344800;SORBI_3005G003900;SORBI_3006G221850;SORBI_3006G281500;SORBI_3008G004100","9.3193e-02;7.5473e-01;5.8061e-01;6.9533e-01;7.3380e-01",0.5029
"PWY-7270","L-methionine salvage cycle II (plants)",7,"SORBI_3001G105900;SORBI_3003G033900;SORBI_3003G140000;SORBI_3003G151600;SORBI_3006G187900;SORBI_3009G033600;SORBI_3010G020800","8.1805e-01;5.6039e-01;4.1804e-01;2.3436e-02;4.0069e-01;1.3580e-02;5.3588e-01",0.50597
"PWY-6922","L-<i>N<sup>&delta;</sup></i>-acetylornithine biosynthesis",7,"SORBI_3001G156100;SORBI_3001G304700;SORBI_3001G501600;SORBI_3003G356000;SORBI_3006G004500;SORBI_3007G003800;SORBI_3009G160100","6.0344e-01;6.6510e-01;3.8720e-01;5.4059e-01;4.9245e-01;8.2983e-02;4.6109e-02",0.50726
"PWY-5120","geranylgeranyl diphosphate biosynthesis",6,"SORBI_3002G353300;SORBI_3003G111500;SORBI_3003G270500;SORBI_3004G287300;SORBI_3009G216800;SORBI_3009G246400","3.4560e-01;5.2736e-01;4.4473e-02;2.1917e-02;1.9152e-06;6.3153e-07",0.51324
"PWY-5121","superpathway of geranylgeranyl diphosphate biosynthesis II (via MEP)",6,"SORBI_3002G353300;SORBI_3003G111500;SORBI_3003G270500;SORBI_3004G287300;SORBI_3009G216800;SORBI_3009G246400","3.4560e-01;5.2736e-01;4.4473e-02;2.1917e-02;1.9152e-06;6.3153e-07",0.51324
"PWY-5910","superpathway of geranylgeranyldiphosphate biosynthesis I (via mevalonate)",6,"SORBI_3002G353300;SORBI_3003G111500;SORBI_3003G270500;SORBI_3004G287300;SORBI_3009G216800;SORBI_3009G246400","3.4560e-01;5.2736e-01;4.4473e-02;2.1917e-02;1.9152e-06;6.3153e-07",0.51324
"PWY-6012","acyl carrier protein metabolism",3,"SORBI_3001G537100;SORBI_3005G025300;SORBI_3006G125500","6.7322e-01;9.3966e-01;5.3397e-01",0.51388
"PWY-2781","<i>cis</i>-zeatin biosynthesis",4,"SORBI_3002G407800;SORBI_3003G442000;SORBI_3009G223100;SORBI_3010G277700","2.5518e-01;6.2668e-01;2.2340e-07;4.8062e-01",0.51493
"PWY-4041","&gamma;-glutamyl cycle",3,"SORBI_3001G322700;SORBI_3004G141000;SORBI_3006G097200","1.8164e-01;1.6745e-01;2.5148e-01",0.51921
"PWY-861","dhurrin biosynthesis",25,"SORBI_3001G012000;SORBI_3001G012200;SORBI_3001G012300;SORBI_3001G012400;SORBI_3001G018300;SORBI_3001G018600;SORBI_3001G044400;SORBI_3001G185900;SORBI_3001G187400;SORBI_3001G187500;SORBI_3001G187600;SORBI_3002G110100;SORBI_3002G110200;SORBI_3002G269900;SORBI_3003G328400;SORBI_3004G191000;SORBI_3005G157600;SORBI_3005G158000;SORBI_3005G158200;SORBI_3006G100900;SORBI_3007G090457;SORBI_3008G058500;SORBI_3009G150800;SORBI_3009G176600;SORBI_3010G172200","8.4560e-04;1.9125e-01;3.7946e-01;3.9510e-01;5.5241e-01;7.5148e-01;7.2476e-02;2.8386e-01;6.4175e-01;5.0581e-01;4.3631e-01;6.0723e-01;5.1579e-01;7.7360e-01;5.7670e-01;3.8103e-01;5.5956e-01;6.2777e-01;5.8936e-01;6.3301e-02;9.3094e-01;4.2410e-01;6.5360e-01;1.2567e-01;1.5937e-01",0.52161
"PWYQT-94","superpathway of polyamine biosynthesis",2,"SORBI_3004G166500;SORBI_3006G111700","6.9939e-01;3.9621e-01",0.52692
"PWY4FS-2","phosphatidylcholine biosynthesis II",13,"SORBI_3001G219800;SORBI_3001G282900;SORBI_3003G266500;SORBI_3003G266600;SORBI_3003G354500;SORBI_3004G016400;SORBI_3004G058200;SORBI_3004G291700;SORBI_3007G051200;SORBI_3009G120400;SORBI_3009G218900;SORBI_3010G077100;SORBI_3010G187100","8.2652e-01;4.4031e-01;5.8005e-02;1.2097e-01;4.2928e-01;9.5316e-01;7.8902e-01;4.2946e-02;1.7458e-01;3.3127e-01;1.5166e-05;5.1185e-01;7.8043e-01",0.52824
"PWY-5669","phosphatidylserine and phosphatidylethanolamine biosynthesis I",3,"SORBI_3003G095800;SORBI_3003G433750;SORBI_3009G225100","5.4470e-01;7.3717e-01;3.2776e-12",0.53526
"PWY-2301","<i>myo</i>-inositol biosynthesis",2,"SORBI_3001G261416;SORBI_3001G472800","6.9657e-01;5.9447e-01",0.53608
"PWY-7187","pyrimidine deoxyribonucleotides <i>de novo</i> biosynthesis II",17,"SORBI_3001G142000;SORBI_3001G230200;SORBI_3002G008500;SORBI_3002G303700;SORBI_3002G392800;SORBI_3003G030700;SORBI_3003G152900;SORBI_3003G326100;SORBI_3004G202900;SORBI_3005G115500;SORBI_3006G036700;SORBI_3006G038800;SORBI_3007G190200;SORBI_3007G194100;SORBI_3008G140100;SORBI_3008G140300;SORBI_3010G148866","2.5580e-01;3.9177e-01;2.1430e-01;7.8966e-01;7.4089e-01;8.3569e-01;3.7312e-01;4.4296e-01;5.2954e-01;8.0140e-01;3.9527e-01;3.7551e-03;1.3612e-01;8.1506e-01;1.9130e-01;3.3681e-01;3.4332e-01",0.53746
"BSUBPOLYAMSYN-PWY","spermidine biosynthesis I",7,"SORBI_3002G113800;SORBI_3002G206700;SORBI_3004G016000;SORBI_3004G113100;SORBI_3004G211900;SORBI_3006G135600;SORBI_3008G125801","2.8295e-02;5.9716e-02;6.8039e-01;2.6383e-01;6.4932e-01;8.3899e-01;9.0180e-01",0.54036
"PWY-6908","thiamine diphosphate biosynthesis IV (eukaryotes)",8,"SORBI_3002G169900;SORBI_3003G160500;SORBI_3003G209600;SORBI_3003G414600;SORBI_3004G070700;SORBI_3008G067100;SORBI_3009G114500;SORBI_3010G201700","2.5454e-01;6.8972e-01;9.0439e-01;2.8617e-01;5.4904e-01;3.8736e-01;4.8011e-02;6.0645e-01",0.54056
"PWY-5340","sulfate activation for sulfonation",7,"SORBI_3001G094300;SORBI_3001G129150;SORBI_3001G465900;SORBI_3002G348400;SORBI_3005G195600;SORBI_3006G008700;SORBI_3008G016850","3.7549e-01;4.4406e-01;5.1281e-01;3.1218e-01;5.3433e-01;5.8960e-01;4.7845e-01",0.54679
"ALANINE-DEG3-PWY","L-alanine degradation III",5,"SORBI_3001G260701;SORBI_3001G260800;SORBI_3002G006600;SORBI_3002G211300;SORBI_3002G375800","4.2796e-01;3.6615e-01;6.5857e-01;8.6420e-01;4.8865e-01",0.54718
"ALANINE-SYN2-PWY","L-alanine biosynthesis II",5,"SORBI_3001G260701;SORBI_3001G260800;SORBI_3002G006600;SORBI_3002G211300;SORBI_3002G375800","4.2796e-01;3.6615e-01;6.5857e-01;8.6420e-01;4.8865e-01",0.54718
"PWY-5691","urate conversion to allantoin I",2,"SORBI_3001G350400;SORBI_3003G366400","6.3754e-01;6.5235e-01",0.54845
"PWY-2261","ascorbate glutathione cycle",20,"SORBI_3001G410200;SORBI_3002G431100;SORBI_3003G250600;SORBI_3004G175500;SORBI_3005G002900;SORBI_3005G203900;SORBI_3005G204000;SORBI_3006G021100;SORBI_3006G084400;SORBI_3006G204000;SORBI_3007G177000;SORBI_3007G205600;SORBI_3008G003400;SORBI_3008G057900;SORBI_3008G117300;SORBI_3008G117600;SORBI_3008G117900;SORBI_3009G017732;SORBI_3009G017800;SORBI_3010G095200","1.8517e-01;1.5225e-01;8.0396e-01;5.1854e-01;3.3084e-01;6.6198e-01;7.0491e-01;4.3473e-01;2.2272e-01;7.8040e-02;4.8747e-01;4.5342e-01;8.7949e-01;4.7280e-01;3.0610e-01;1.6203e-01;5.0626e-01;9.4107e-01;8.0593e-01;4.3480e-01",0.54966
"PWY-5084","2-oxoglutarate decarboxylation to succinyl-CoA",8,"SORBI_3001G465400;SORBI_3003G152900;SORBI_3003G155300;SORBI_3005G044600;SORBI_3006G052500;SORBI_3006G052800;SORBI_3009G052200;SORBI_3009G054600","2.7040e-01;3.7312e-01;5.1937e-01;4.2707e-01;6.7772e-01;1.6265e-02;8.2254e-01;9.7106e-01",0.54981
"PWY-5188","tetrapyrrole biosynthesis I (from glutamate)",7,"SORBI_3001G202600;SORBI_3001G478600;SORBI_3004G054500;SORBI_3004G054600;SORBI_3006G234100;SORBI_3009G180800;SORBI_3010G255100","6.7134e-01;6.9943e-01;3.9906e-01;5.1065e-01;6.5319e-01;2.5126e-03;2.5465e-01",0.55106
"CALVIN-PWY","Calvin-Benson-Bassham cycle",38,"SORBI_3001G069000;SORBI_3001G236800;SORBI_3001G425400;SORBI_3001G491000;SORBI_3001G519800;SORBI_3002G051100;SORBI_3002G257300;SORBI_3002G277100;SORBI_3003G072300;SORBI_3003G096000;SORBI_3003G172800;SORBI_3003G182400;SORBI_3003G352300;SORBI_3003G359100;SORBI_3003G367500;SORBI_3003G393900;SORBI_3004G055200;SORBI_3004G146000;SORBI_3004G272100;SORBI_3005G033000;SORBI_3005G042000;SORBI_3005G056400;SORBI_3005G194400;SORBI_3006G034300;SORBI_3006G105900;SORBI_3006G200800;SORBI_3007G078400;SORBI_3007G080150;SORBI_3008G053200;SORBI_3008G135701;SORBI_3009G062800;SORBI_3009G152700;SORBI_3009G183700;SORBI_3010G023700;SORBI_3010G024000;SORBI_3010G188300;SORBI_3010G219700;SORBI_3010G221800","2.1943e-01;9.1355e-03;5.7391e-01;9.1260e-01;7.9795e-01;6.3458e-04;4.0388e-01;5.5190e-01;5.5333e-02;6.6015e-01;7.6426e-01;8.0340e-01;8.3862e-01;3.5932e-01;6.7474e-02;5.9231e-01;6.0467e-01;4.0051e-01;2.4660e-02;7.1110e-01;1.7571e-01;9.0843e-01;6.0223e-01;2.2951e-03;8.4540e-01;5.2227e-01;4.5431e-01;4.7856e-01;1.8855e-01;2.9568e-01;9.2483e-02;3.0356e-01;6.1363e-02;6.8846e-01;6.7261e-01;5.3703e-01;6.4916e-01;6.8791e-01",0.55206
"PHOSLIPSYN2-PWY","superpathway of phospholipid biosynthesis II (plants)",4,"SORBI_3003G095800;SORBI_3006G060000;SORBI_3009G225100;SORBI_3010G223300","5.4470e-01;3.7476e-01;3.2776e-12;9.5047e-02",0.55387
"CYANCAT-PWY","cyanate degradation",2,"SORBI_3001G222600;SORBI_3003G234400","4.9816e-01;1.1059e-02",0.5553
"PWY-6","GDP-L-fucose biosynthesis II (from L-fucose)",2,"SORBI_3001G533100;SORBI_3004G286250","9.3072e-01;2.0727e-02",0.55619
"NONOXIPENT-PWY","pentose phosphate pathway (non-oxidative branch)",14,"SORBI_3001G069000;SORBI_3001G491000;SORBI_3002G051100;SORBI_3002G257300;SORBI_3003G182400;SORBI_3003G410500;SORBI_3005G033000;SORBI_3006G034300;SORBI_3007G043400;SORBI_3007G078400;SORBI_3008G135701;SORBI_3009G062800;SORBI_3010G023700;SORBI_3010G024000","2.1943e-01;9.1260e-01;6.3458e-04;4.0388e-01;8.0340e-01;2.8934e-01;7.1110e-01;2.2951e-03;6.5523e-01;4.5431e-01;2.9568e-01;9.2483e-02;6.8846e-01;6.7261e-01",0.5613
"PWY-5441","S-methyl-L-methionine cycle",5,"SORBI_3001G453100;SORBI_3001G453150;SORBI_3003G312300;SORBI_3008G161700;SORBI_3009G003000","4.5344e-01;6.7164e-01;9.6375e-02;9.2193e-01;7.7630e-01",0.56513
"GLNSYN-PWY","L-glutamine biosynthesis I",5,"SORBI_3001G116400;SORBI_3001G231000;SORBI_3001G451500;SORBI_3004G247000;SORBI_3006G249400","7.1323e-01;3.2063e-01;8.2383e-01;8.1662e-02;6.2022e-02",0.56526
"PWY-5453","methylglyoxal degradation III",9,"SORBI_3001G231400;SORBI_3001G231600;SORBI_3001G231700;SORBI_3001G338000;SORBI_3002G046700;SORBI_3002G171600;SORBI_3004G328601;SORBI_3009G037100;SORBI_3009G161000","8.2245e-01;4.8238e-01;3.6810e-01;5.9777e-01;7.5441e-01;9.7385e-01;9.5566e-01;5.5282e-01;1.2263e-01",0.56595
"PWY-7186","superpathway of scopolin and esculin biosynthesis",11,"SORBI_3001G093100;SORBI_3001G346800;SORBI_3001G459700;SORBI_3002G325000;SORBI_3002G366500;SORBI_3003G232900;SORBI_3003G233000;SORBI_3003G233100;SORBI_3003G327800;SORBI_3007G047300;SORBI_3009G181800","8.1187e-04;7.5575e-01;7.3584e-01;6.7140e-01;2.2354e-01;2.9622e-01;4.1590e-01;5.6061e-01;7.7443e-01;1.0399e-01;2.0197e-01",0.56639
"PWY-6019","pseudouridine degradation",2,"SORBI_3001G004200;SORBI_3009G112300","3.4688e-01;3.7252e-01",0.56925
"PWY-5083","NAD/NADH phosphorylation and dephosphorylation",52,"SORBI_3001G073600;SORBI_3001G115700;SORBI_3001G134200;SORBI_3001G164350;SORBI_3001G230050;SORBI_3001G251750;SORBI_3001G282500;SORBI_3001G286200;SORBI_3001G392800;SORBI_3001G473400;SORBI_3001G519000;SORBI_3002G149550;SORBI_3002G176800;SORBI_3002G246200;SORBI_3002G254500;SORBI_3002G308300;SORBI_3002G356400;SORBI_3002G395000;SORBI_3002G396700;SORBI_3003G135600;SORBI_3003G168300;SORBI_3003G170300;SORBI_3003G172966;SORBI_3003G173032;SORBI_3003G173200;SORBI_3003G279200;SORBI_3003G286200;SORBI_3003G296800;SORBI_3003G322300;SORBI_3003G416200;SORBI_3003G429000;SORBI_3003G429200;SORBI_3003G429300;SORBI_3003G432100;SORBI_3004G155100;SORBI_3004G166400;SORBI_3004G249200;SORBI_3004G344800;SORBI_3005G031000;SORBI_3005G068700;SORBI_3007G133500;SORBI_3007G134900;SORBI_3007G168400;SORBI_3007G172300;SORBI_3007G211500;SORBI_3009G095720;SORBI_3009G123700;SORBI_3009G176000;SORBI_3009G191400;SORBI_3009G209400;SORBI_3010G098800;SORBI_3010G201266","1.5254e-01;1.9858e-01;5.3800e-04;8.6040e-01;8.0355e-01;3.3797e-01;6.1534e-01;2.4434e-01;7.1647e-01;4.9798e-01;5.6491e-01;1.1630e-01;7.2979e-01;8.4561e-01;4.5359e-01;9.3476e-01;4.1036e-01;6.8597e-01;7.7668e-01;5.3224e-01;5.7943e-01;7.1056e-01;7.9467e-02;7.9467e-02;6.0331e-01;6.7026e-01;1.7844e-01;8.3457e-01;7.2073e-01;7.4858e-01;5.1623e-01;5.8463e-01;5.4708e-01;3.7220e-01;1.2769e-01;7.7972e-01;5.1940e-01;6.1562e-01;5.9652e-01;1.5176e-01;3.1345e-01;6.1025e-01;3.8879e-01;5.4298e-02;3.0927e-01;3.4123e-01;7.7855e-01;2.9280e-01;2.6746e-02;1.2000e-03;4.3594e-01;5.6928e-02",0.57133
"PWY18C3-22","methylsalicylate biosynthesis",4,"SORBI_3003G269700;SORBI_3005G226200;SORBI_3010G011700;SORBI_3010G130500","1.1157e-01;7.8124e-01;8.5047e-01;7.7258e-01",0.57182
"PWY-1001","cellulose biosynthesis",19,"SORBI_3001G021500;SORBI_3001G045700;SORBI_3001G224300;SORBI_3002G075500;SORBI_3002G094600;SORBI_3002G118700;SORBI_3002G205500;SORBI_3002G237900;SORBI_3002G238300;SORBI_3003G049600;SORBI_3003G296400;SORBI_3003G442500;SORBI_3004G255200;SORBI_3006G080600;SORBI_3006G080700;SORBI_3006G080800;SORBI_3009G063400;SORBI_3010G183700;SORBI_3010G196300","5.2821e-01;6.7876e-01;7.3226e-01;8.0165e-02;4.1993e-01;2.2461e-01;6.3006e-01;3.9317e-01;5.9995e-01;1.6451e-01;2.4210e-01;4.2680e-01;2.4532e-02;6.9297e-02;2.4511e-01;2.1739e-02;4.1070e-01;3.9430e-01;9.1521e-01",0.57553
"PWY-3982","uracil degradation I (reductive)",3,"SORBI_3002G304000;SORBI_3003G329400;SORBI_3004G246200","5.6521e-01;6.8001e-01;9.2140e-02",0.57761
"PWY-7029","terminal olefins biosynthesis II",2,"SORBI_3002G291350;SORBI_3003G365100","7.0068e-01;8.9506e-01",0.57833
"CITRULLINE-DEG-PWY","L-citrulline degradation",4,"SORBI_3003G193700;SORBI_3004G265900;SORBI_3004G268100;SORBI_3007G104300","4.3081e-02;5.4553e-01;7.6394e-02;7.9050e-01",0.57882
"PWY-5147","oleate biosynthesis I (plants)",42,"SORBI_3001G265300;SORBI_3001G280700;SORBI_3001G334501;SORBI_3002G111500;SORBI_3002G256800;SORBI_3002G256900;SORBI_3002G258500;SORBI_3003G004900;SORBI_3003G242000;SORBI_3003G258200;SORBI_3003G303900;SORBI_3003G337500;SORBI_3003G377100;SORBI_3003G404000;SORBI_3004G088100;SORBI_3004G153300;SORBI_3004G157550;SORBI_3004G293800;SORBI_3004G293900;SORBI_3004G294000;SORBI_3005G020300;SORBI_3005G033100;SORBI_3005G054900;SORBI_3005G156100;SORBI_3006G048700;SORBI_3006G079500;SORBI_3006G171900;SORBI_3006G247200;SORBI_3006G247300;SORBI_3006G259300;SORBI_3006G272600;SORBI_3007G071600;SORBI_3008G010800;SORBI_3008G029200;SORBI_3008G051300;SORBI_3009G031400;SORBI_3010G033300;SORBI_3010G045400;SORBI_3010G045500;SORBI_3010G180400;SORBI_3010G214900;SORBI_3010G235300","5.7524e-01;1.3146e-02;7.2603e-01;1.6892e-03;9.3056e-02;2.3658e-01;7.1802e-01;3.8984e-01;3.4265e-02;8.5146e-01;5.5405e-01;5.3240e-01;2.6380e-01;3.8334e-01;7.4264e-02;4.7739e-01;7.0286e-01;9.3594e-03;1.3435e-02;2.0262e-02;8.5740e-02;3.8643e-01;2.0825e-01;5.0089e-01;4.5351e-01;6.7757e-02;4.1606e-01;2.5289e-01;5.8442e-01;6.0221e-01;6.8862e-01;2.8346e-01;2.9948e-01;3.7122e-01;8.5213e-02;8.2706e-03;3.2233e-01;3.3460e-01;7.5815e-01;3.3073e-02;5.0362e-01;7.4791e-01",0.58266
"PWY-7176","UTP and CTP <i>de novo</i> biosynthesis",12,"SORBI_3003G017300;SORBI_3003G221200;SORBI_3003G241000;SORBI_3003G439600;SORBI_3004G318100;SORBI_3006G003300;SORBI_3006G065800;SORBI_3007G223100;SORBI_3008G127100;SORBI_3009G239301;SORBI_3009G239500;SORBI_3010G007500","5.6400e-01;4.1697e-01;1.1137e-02;2.4298e-01;5.7073e-01;4.7169e-01;5.4097e-03;1.1046e-01;5.1521e-01;1.9580e-08;3.1260e-09;7.8418e-01",0.58296
"PWY-6164","3-dehydroquinate biosynthesis I",5,"SORBI_3001G294500;SORBI_3001G351000;SORBI_3002G279700;SORBI_3002G379600;SORBI_3007G225700","1.9343e-01;5.7850e-01;7.7896e-01;1.4027e-02;5.4496e-01",0.58421
"PWY-5046","2-oxoisovalerate decarboxylation to isobutanoyl-CoA",9,"SORBI_3002G046800;SORBI_3002G392800;SORBI_3003G148800;SORBI_3003G152900;SORBI_3003G155300;SORBI_3005G044600;SORBI_3008G062200;SORBI_3009G052200;SORBI_3009G054600","8.0183e-01;7.4089e-01;1.5933e-04;3.7312e-01;5.1937e-01;4.2707e-01;5.7850e-01;8.2254e-01;9.7106e-01",0.58526
"COA-PWY","coenzyme A biosynthesis I (prokaryotic)",11,"SORBI_3002G052900;SORBI_3003G030200;SORBI_3003G161600;SORBI_3004G032200;SORBI_3004G189600;SORBI_3006G039500;SORBI_3007G060700;SORBI_3007G140300;SORBI_3010G074432;SORBI_3010G074500;SORBI_3010G074700","6.8821e-01;1.1183e-01;2.4794e-01;4.0455e-01;1.0090e-01;6.2031e-01;1.8958e-01;1.5491e-01;6.2256e-01;6.6658e-01;5.6507e-01",0.58999
"PWY-7205","CMP phosphorylation",10,"SORBI_3001G295200;SORBI_3002G306900;SORBI_3004G184500;SORBI_3004G318100;SORBI_3006G003300;SORBI_3007G223100;SORBI_3008G091400;SORBI_3008G123600;SORBI_3009G259200;SORBI_3010G007500","4.4135e-02;6.3153e-01;3.7400e-03;5.7073e-01;4.7169e-01;1.1046e-01;1.7173e-01;4.9882e-01;4.8519e-01;7.8418e-01",0.5922
"ARGSPECAT-PWY","spermine biosynthesis",7,"SORBI_3002G206700;SORBI_3004G016000;SORBI_3004G113100;SORBI_3004G211900;SORBI_3006G135600;SORBI_3008G125801;SORBI_3010G153900","5.9716e-02;6.8039e-01;2.6383e-01;6.4932e-01;8.3899e-01;9.0180e-01;5.1013e-01",0.59233
"PWY4FS-7","phosphatidylglycerol biosynthesis I (plastidic)",2,"SORBI_3003G321900;SORBI_3003G324100","7.6915e-01;7.6567e-01",0.59255
"PWY4FS-8","phosphatidylglycerol biosynthesis II (non-plastidic)",2,"SORBI_3003G321900;SORBI_3003G324100","7.6915e-01;7.6567e-01",0.59255
"PWY-2681","<i>trans</i>-zeatin biosynthesis",21,"SORBI_3001G004500;SORBI_3001G042901;SORBI_3001G127700;SORBI_3001G217700;SORBI_3001G374200;SORBI_3002G076700;SORBI_3002G102900;SORBI_3002G197000;SORBI_3002G286400;SORBI_3003G162200;SORBI_3003G202200;SORBI_3003G261700;SORBI_3003G273700;SORBI_3004G221100;SORBI_3004G352000;SORBI_3006G059900;SORBI_3006G149300;SORBI_3007G133600;SORBI_3009G214600;SORBI_3009G223100;SORBI_3009G254900","6.5042e-01;5.0811e-03;7.7710e-01;6.1072e-01;5.2678e-01;5.5344e-03;5.8553e-01;3.7741e-01;1.6863e-01;8.1026e-01;7.7306e-01;8.2618e-01;4.2495e-01;9.8017e-01;8.4719e-01;4.0323e-01;6.0648e-03;6.3605e-02;2.5934e-03;2.2340e-07;1.4460e-06",0.5931
"LEU-DEG2-PWY","L-leucine degradation I",12,"SORBI_3001G305600;SORBI_3001G365200;SORBI_3001G447500;SORBI_3001G540100;SORBI_3003G126500;SORBI_3004G297400;SORBI_3004G297500;SORBI_3005G026100;SORBI_3006G176600;SORBI_3007G130600;SORBI_3008G160700;SORBI_3009G027000","1.8737e-01;7.4463e-01;3.1657e-01;7.5473e-01;3.6045e-01;6.7656e-01;4.5956e-01;9.4729e-01;9.7947e-01;9.2693e-01;5.6110e-01;6.7503e-01",0.59525
"ETHYL-PWY","ethylene biosynthesis I (plants)",19,"SORBI_3001G105900;SORBI_3002G221900;SORBI_3003G033900;SORBI_3003G140000;SORBI_3003G151600;SORBI_3003G197200;SORBI_3003G292800;SORBI_3003G343900;SORBI_3004G313100;SORBI_3005G067300;SORBI_3005G067500;SORBI_3006G187900;SORBI_3009G033600;SORBI_3009G044400;SORBI_3009G044600;SORBI_3010G020800;SORBI_3010G029700;SORBI_3010G174000;SORBI_3010G239900","8.1805e-01;4.2372e-01;5.6039e-01;4.1804e-01;2.3436e-02;5.9271e-01;8.7070e-02;9.4630e-01;5.3630e-01;8.1578e-02;4.1130e-01;4.0069e-01;1.3580e-02;6.0183e-01;7.0033e-01;5.3588e-01;1.4826e-01;8.2916e-01;7.0307e-01",0.5998
"LEUSYN-PWY","L-leucine biosynthesis",10,"SORBI_3001G305600;SORBI_3001G365200;SORBI_3001G447500;SORBI_3001G540100;SORBI_3004G023900;SORBI_3004G296800;SORBI_3005G030100;SORBI_3006G176600;SORBI_3006G275800;SORBI_3008G012400","1.8737e-01;7.4463e-01;3.1657e-01;7.5473e-01;7.4385e-01;4.6593e-01;5.4195e-01;9.7947e-01;5.3463e-01;7.4279e-01",0.6034
"PWY-5070","gibberellin biosynthesis I (non C-3, non C-13 hydroxylation)",6,"SORBI_3001G005300;SORBI_3001G166401;SORBI_3002G046500;SORBI_3002G073800;SORBI_3003G287100;SORBI_3006G203900","3.7124e-01;3.4811e-01;7.0393e-01;3.9913e-01;8.9985e-03;3.3895e-01",0.60379
"PWY-6964","ammonia assimilation cycle II",6,"SORBI_3001G116400;SORBI_3001G231000;SORBI_3001G451500;SORBI_3002G402700;SORBI_3004G247000;SORBI_3006G249400","7.1323e-01;3.2063e-01;8.2383e-01;6.0909e-01;8.1662e-02;6.2022e-02",0.61166
"PWY-4821","UDP-&alpha;-D-xylose biosynthesis",11,"SORBI_3001G084100;SORBI_3001G171300;SORBI_3001G376501;SORBI_3001G414650;SORBI_3001G418100;SORBI_3001G459800;SORBI_3003G149500;SORBI_3003G348800;SORBI_3003G442300;SORBI_3007G218200;SORBI_3009G112600","5.5147e-01;7.5130e-01;3.4109e-02;5.7251e-01;4.0841e-01;7.6947e-01;1.1556e-02;6.9396e-01;5.6545e-01;5.3625e-01;8.7316e-01",0.61221
"PWY-4661","1D-<i>myo</i>-inositol hexakisphosphate biosynthesis III (<i>Spirodela polyrrhiza</i>)",10,"SORBI_3001G098000;SORBI_3001G106900;SORBI_3001G261416;SORBI_3001G278700;SORBI_3001G286100;SORBI_3001G447200;SORBI_3001G472800;SORBI_3002G266300;SORBI_3004G141100;SORBI_3006G251500","5.5592e-01;2.4048e-02;6.9657e-01;1.1437e-02;2.2628e-01;8.3501e-01;5.9447e-01;9.0275e-01;1.4417e-01;1.7848e-02",0.61774
"ALACAT2-PWY","L-alanine degradation II (to D-lactate)",7,"SORBI_3001G059100;SORBI_3001G260701;SORBI_3001G260800;SORBI_3002G006600;SORBI_3002G211300;SORBI_3002G375800;SORBI_3006G165400","7.9672e-01;4.2796e-01;3.6615e-01;6.5857e-01;8.6420e-01;4.8865e-01;7.7714e-01",0.61888
"PWY-6147","6-hydroxymethyl-dihydropterin diphosphate biosynthesis I",5,"SORBI_3002G296500;SORBI_3002G376200;SORBI_3003G146800;SORBI_3006G254100;SORBI_3007G172600","2.4842e-01;5.4133e-01;5.3549e-03;6.8999e-01;4.4159e-03",0.61945
"PWYDQC-4","indole-3-acetate biosynthesis I",15,"SORBI_3001G495850;SORBI_3002G120300;SORBI_3002G120400;SORBI_3003G012400;SORBI_3003G045600;SORBI_3003G128700;SORBI_3003G236900;SORBI_3003G286500;SORBI_3005G104600;SORBI_3005G104700;SORBI_3006G012200;SORBI_3007G163200;SORBI_3008G064100;SORBI_3008G110700;SORBI_3008G154300","2.8009e-01;2.5145e-01;5.4005e-01;5.2876e-01;4.6008e-02;7.4630e-01;8.1851e-01;5.0979e-02;1.5964e-01;1.2892e-02;7.3214e-01;5.3420e-01;8.9371e-01;2.1965e-01;5.6183e-01",0.6223
"PWY-66","GDP-L-fucose biosynthesis I (from GDP-D-mannose)",5,"SORBI_3003G210300;SORBI_3010G028100;SORBI_3010G028200;SORBI_3010G212100;SORBI_3010G212200","4.8763e-01;1.9605e-01;2.3834e-01;8.9141e-01;3.4643e-03",0.62369
"PWY-5027","phylloquinol biosynthesis",4,"SORBI_3001G475600;SORBI_3004G041900;SORBI_3006G140900;SORBI_3010G083500","6.9987e-01;1.8734e-01;8.5579e-01;9.1716e-01",0.62474
"PWY-5034","GA<sub>12</sub> biosynthesis",4,"SORBI_3001G423633;SORBI_3001G423666;SORBI_3010G007700;SORBI_3010G172700","4.1217e-01;4.1217e-01;3.6484e-01;7.7414e-01",0.62523
"PWY-6475","<i>trans</i>-lycopene biosynthesis II (oxygenic phototrophs and green sulfur bacteria)",11,"SORBI_3001G018000;SORBI_3001G088700;SORBI_3002G072400;SORBI_3002G292600;SORBI_3002G383400;SORBI_3005G160500;SORBI_3006G177400;SORBI_3006G232600;SORBI_3008G096800;SORBI_3008G180800;SORBI_3010G276400","9.2751e-03;7.4884e-01;3.5859e-01;1.7930e-01;3.8113e-02;5.0702e-02;9.2907e-01;3.2591e-01;6.6834e-01;7.2267e-01;1.9604e-02",0.63016
"PWY-7224","purine deoxyribonucleosides salvage",9,"SORBI_3001G295200;SORBI_3002G095300;SORBI_3002G306900;SORBI_3003G372900;SORBI_3004G184500;SORBI_3008G091400;SORBI_3008G123600;SORBI_3009G148200;SORBI_3009G259200","4.4135e-02;3.3895e-01;6.3153e-01;1.9727e-01;3.7400e-03;1.7173e-01;4.9882e-01;4.7703e-01;4.8519e-01",0.63563
"SUCSYN-PWY","sucrose biosynthesis I (from photosynthesis)",33,"SORBI_3001G071800;SORBI_3001G236800;SORBI_3001G425400;SORBI_3002G230600;SORBI_3003G096000;SORBI_3003G367500;SORBI_3003G393900;SORBI_3003G403300;SORBI_3004G055200;SORBI_3004G056400;SORBI_3004G068400;SORBI_3004G146000;SORBI_3004G151800;SORBI_3004G205100;SORBI_3005G056400;SORBI_3005G089600;SORBI_3005G159000;SORBI_3007G025400;SORBI_3008G053200;SORBI_3009G016700;SORBI_3009G040900;SORBI_3009G041000;SORBI_3009G152700;SORBI_3009G183700;SORBI_3009G233200;SORBI_3010G100200;SORBI_3010G188300;SORBI_3010G205100;SORBI_3010G219700;SORBI_3010G221800;SORBI_3010G262433;SORBI_3010G262466;SORBI_3010G262500","4.3261e-01;9.1355e-03;5.7391e-01;2.9396e-01;6.6015e-01;6.7474e-02;5.9231e-01;4.5121e-01;6.0467e-01;5.9927e-01;9.3296e-01;4.0051e-01;7.6229e-01;3.3817e-01;9.0843e-01;8.9706e-01;6.3636e-01;8.3006e-01;1.8855e-01;7.8576e-01;8.3509e-01;7.0581e-01;3.0356e-01;6.1363e-02;2.0080e-10;6.5632e-01;5.3703e-01;7.7194e-01;6.4916e-01;6.8791e-01;9.5645e-01;9.6941e-01;7.9998e-01",0.63578
"PWY-6949","DIBOA-glucoside biosynthesis",39,"SORBI_3001G030500;SORBI_3001G030600;SORBI_3001G030900;SORBI_3001G056400;SORBI_3001G056500;SORBI_3001G056601;SORBI_3001G349900;SORBI_3001G369500;SORBI_3002G054700;SORBI_3002G085100;SORBI_3002G085200;SORBI_3002G085300;SORBI_3002G085700;SORBI_3002G085800;SORBI_3002G088000;SORBI_3003G089600;SORBI_3004G108800;SORBI_3005G127000;SORBI_3005G206100;SORBI_3006G022900;SORBI_3006G043800;SORBI_3006G044100;SORBI_3006G136500;SORBI_3007G003250;SORBI_3007G003300;SORBI_3007G003400;SORBI_3007G003500;SORBI_3007G003600;SORBI_3007G003700;SORBI_3007G003900;SORBI_3007G032000;SORBI_3007G034900;SORBI_3007G092900;SORBI_3007G093000;SORBI_3007G133766;SORBI_3009G230400;SORBI_3010G198000;SORBI_3010G230900;SORBI_3010G249800","4.2310e-02;4.5863e-02;6.7850e-01;6.4745e-01;4.6135e-01;1.8731e-01;8.0773e-01;9.4624e-01;8.8405e-01;9.3008e-01;3.7337e-01;2.1340e-01;6.4818e-01;4.4978e-02;3.5901e-01;5.6831e-01;6.7463e-01;8.8280e-02;5.3826e-01;2.3017e-01;9.5142e-05;5.9149e-05;6.9214e-01;4.4149e-01;4.3355e-01;4.5048e-01;3.2209e-01;4.2189e-04;6.4062e-01;6.2708e-02;6.1802e-01;9.1943e-01;6.2428e-01;4.8757e-01;1.3012e-01;3.1737e-12;9.3467e-01;4.3189e-01;3.1927e-01",0.63659
"PWY-8027","parkeol biosynthesis",2,"SORBI_3005G092500;SORBI_3005G109400","6.7083e-01;2.2360e-01",0.63774
"PWY-6786","detoxification of reactive carbonyls in chloroplasts",12,"SORBI_3001G231400;SORBI_3001G231600;SORBI_3001G231700;SORBI_3001G338000;SORBI_3002G046700;SORBI_3002G171600;SORBI_3003G298200;SORBI_3004G328601;SORBI_3006G221850;SORBI_3007G116700;SORBI_3009G037100;SORBI_3009G161000","8.2245e-01;4.8238e-01;3.6810e-01;5.9777e-01;7.5441e-01;9.7385e-01;5.4945e-01;9.5566e-01;5.8061e-01;9.8395e-01;5.5282e-01;1.2263e-01",0.64287
"PWY-361","phenylpropanoid biosynthesis",58,"SORBI_3001G187000;SORBI_3001G196300;SORBI_3001G251300;SORBI_3001G310166;SORBI_3001G465600;SORBI_3001G500100;SORBI_3001G500800;SORBI_3001G518800;SORBI_3002G009600;SORBI_3002G009700;SORBI_3002G029500;SORBI_3002G175600;SORBI_3002G205100;SORBI_3002G205300;SORBI_3002G242300;SORBI_3002G250100;SORBI_3002G250300;SORBI_3003G068300;SORBI_3003G068600;SORBI_3003G068800;SORBI_3003G068900;SORBI_3003G068950;SORBI_3003G069000;SORBI_3003G069200;SORBI_3003G082800;SORBI_3003G327800;SORBI_3003G360000;SORBI_3004G062500;SORBI_3004G071000;SORBI_3004G103901;SORBI_3004G212300;SORBI_3004G272700;SORBI_3004G297800;SORBI_3004G328700;SORBI_3005G088400;SORBI_3006G136800;SORBI_3006G136900;SORBI_3007G012700;SORBI_3007G043200;SORBI_3007G089900;SORBI_3007G141200;SORBI_3007G142200;SORBI_3007G145600;SORBI_3007G165800;SORBI_3007G217200;SORBI_3007G218700;SORBI_3007G218800;SORBI_3009G157100;SORBI_3009G181800;SORBI_3010G001300;SORBI_3010G001400;SORBI_3010G034800;SORBI_3010G052200;SORBI_3010G066000;SORBI_3010G066601;SORBI_3010G066700;SORBI_3010G195500;SORBI_3010G214900","6.0571e-01;8.0211e-01;9.7710e-01;6.1971e-01;7.4805e-01;7.6114e-02;1.0609e-03;1.0567e-01;4.7189e-01;3.5019e-01;4.0581e-01;5.6075e-01;7.6209e-01;8.1666e-01;5.3813e-01;7.3020e-01;7.7368e-01;1.5373e-01;1.1294e-01;2.6232e-01;3.8990e-01;7.6438e-01;8.1284e-01;7.3839e-01;4.5645e-01;7.7443e-01;2.9433e-01;6.0584e-01;5.2656e-01;1.2097e-01;3.9202e-01;3.8108e-01;2.9380e-01;9.4701e-01;6.0222e-01;6.1366e-01;6.0954e-01;6.4254e-01;5.5719e-01;8.3036e-03;8.0990e-01;9.3156e-01;6.3622e-01;4.0597e-01;6.8737e-01;3.8268e-01;3.4461e-01;1.2413e-01;2.0197e-01;2.8792e-01;3.5362e-01;6.3061e-01;2.8634e-01;8.4152e-01;8.9632e-01;4.7671e-01;3.5830e-01;5.0362e-01",0.64334
"GLUTAMATE-DEG1-PWY","L-glutamate degradation I",2,"SORBI_3001G059100;SORBI_3006G165400","7.9672e-01;7.7714e-01",0.64624
"PWY-5269","cardiolipin biosynthesis II",3,"SORBI_3001G412100;SORBI_3003G321900;SORBI_3003G324100","5.2137e-01;7.6915e-01;7.6567e-01",0.65422
"PWY-6556","pyrimidine ribonucleosides salvage II",4,"SORBI_3001G261480;SORBI_3003G275300;SORBI_3007G169700;SORBI_3008G098400","5.0522e-01;8.1002e-01;5.4746e-01;7.0241e-01",0.65529
"PWY-6540","costunolide biosynthesis",5,"SORBI_3005G211400;SORBI_3006G121800;SORBI_3009G064400;SORBI_3009G172800;SORBI_3009G196700","8.7467e-01;7.5950e-01;9.1180e-02;3.8007e-04;7.9209e-03",0.65693
"PWY-6546","brassinosteroids inactivation",23,"SORBI_3001G359100;SORBI_3001G359200;SORBI_3001G359300;SORBI_3001G359400;SORBI_3001G359500;SORBI_3002G388800;SORBI_3002G388900;SORBI_3002G389000;SORBI_3002G398600;SORBI_3003G048200;SORBI_3003G156200;SORBI_3004G046200;SORBI_3004G086400;SORBI_3005G166700;SORBI_3005G217600;SORBI_3006G232300;SORBI_3009G133100;SORBI_3010G069300;SORBI_3010G069700;SORBI_3010G069800;SORBI_3010G069900;SORBI_3010G070000;SORBI_3010G182966","6.5300e-02;5.3029e-01;4.2998e-01;5.1282e-01;6.1463e-01;7.6520e-02;8.8217e-02;5.6776e-02;1.3095e-01;3.0144e-01;2.2250e-01;2.7344e-01;5.2891e-01;1.5822e-02;6.4316e-01;3.9943e-01;5.1062e-01;7.2448e-01;9.0051e-01;6.6885e-01;6.8882e-01;7.0157e-01;4.6258e-01",0.65832
"PWY-7252","luteolinidin 5-<i>O</i>-glucoside biosynthesis",31,"SORBI_3001G377200;SORBI_3002G079801;SORBI_3002G130200;SORBI_3002G311300;SORBI_3002G311400;SORBI_3002G311501;SORBI_3002G311700;SORBI_3002G312000;SORBI_3002G337400;SORBI_3003G287600;SORBI_3003G287700;SORBI_3003G287800;SORBI_3003G288000;SORBI_3003G288100;SORBI_3003G293700;SORBI_3006G124100;SORBI_3007G027301;SORBI_3007G100700;SORBI_3008G149000;SORBI_3009G205600;SORBI_3009G205700;SORBI_3009G205800;SORBI_3009G205900;SORBI_3009G206000;SORBI_3009G206300;SORBI_3009G206400;SORBI_3010G022700;SORBI_3010G022850;SORBI_3010G048500;SORBI_3010G048600;SORBI_3010G245701","4.5471e-02;2.1289e-01;3.9384e-01;8.7249e-01;7.0942e-01;3.6072e-01;2.7751e-01;7.6915e-01;8.9648e-01;3.3517e-01;7.0730e-01;5.8427e-01;1.6765e-01;1.5428e-01;2.8121e-01;4.5611e-01;5.3981e-01;2.6860e-01;6.3523e-01;5.0700e-03;5.6955e-03;9.6431e-04;1.5569e-03;1.0942e-03;1.4658e-03;1.3728e-04;6.8234e-02;7.7278e-02;5.2849e-01;3.3171e-01;5.5589e-01",0.66461
"PWY-7253","apigeninidin 5-<i>O</i>-glucoside biosynthesis",31,"SORBI_3001G377200;SORBI_3002G079801;SORBI_3002G130200;SORBI_3002G311300;SORBI_3002G311400;SORBI_3002G311501;SORBI_3002G311700;SORBI_3002G312000;SORBI_3002G337400;SORBI_3003G287600;SORBI_3003G287700;SORBI_3003G287800;SORBI_3003G288000;SORBI_3003G288100;SORBI_3003G293700;SORBI_3006G124100;SORBI_3007G027301;SORBI_3007G100700;SORBI_3008G149000;SORBI_3009G205600;SORBI_3009G205700;SORBI_3009G205800;SORBI_3009G205900;SORBI_3009G206000;SORBI_3009G206300;SORBI_3009G206400;SORBI_3010G022700;SORBI_3010G022850;SORBI_3010G048500;SORBI_3010G048600;SORBI_3010G245701","4.5471e-02;2.1289e-01;3.9384e-01;8.7249e-01;7.0942e-01;3.6072e-01;2.7751e-01;7.6915e-01;8.9648e-01;3.3517e-01;7.0730e-01;5.8427e-01;1.6765e-01;1.5428e-01;2.8121e-01;4.5611e-01;5.3981e-01;2.6860e-01;6.3523e-01;5.0700e-03;5.6955e-03;9.6431e-04;1.5569e-03;1.0942e-03;1.4658e-03;1.3728e-04;6.8234e-02;7.7278e-02;5.2849e-01;3.3171e-01;5.5589e-01",0.66461
"PWY-101","photosynthesis light reactions",32,"SORBI_3001G070500;SORBI_3001G276500;SORBI_3001G299900;SORBI_3001G314200;SORBI_3002G004000;SORBI_3002G159100;SORBI_3002G297300;SORBI_3002G414400;SORBI_3003G055300;SORBI_3003G070900;SORBI_3003G168700;SORBI_3003G169100;SORBI_3003G171900;SORBI_3003G172200;SORBI_3003G172300;SORBI_3003G221700;SORBI_3003G313000;SORBI_3003G328200;SORBI_3003G395800;SORBI_3005G116400;SORBI_3006G073500;SORBI_3006G151100;SORBI_3007G145901;SORBI_3007G207800;SORBI_3008G065000;SORBI_3008G102466;SORBI_3008G120266;SORBI_3008G131700;SORBI_3009G143100;SORBI_3009G174150;SORBI_3009G191300;SORBI_3010G139200","6.5711e-01;7.1319e-01;7.5545e-01;4.8612e-01;8.0665e-02;9.7224e-02;2.7604e-01;6.1431e-01;3.2569e-01;6.7371e-01;2.7183e-01;5.0984e-01;8.5966e-01;6.4528e-01;4.8706e-01;9.6711e-01;2.0986e-01;2.8908e-01;6.0433e-01;4.6632e-01;6.8337e-04;3.6947e-02;3.7011e-01;9.5100e-01;3.4628e-01;1.5119e-01;6.6154e-01;6.3985e-01;2.8349e-02;1.3690e-01;2.6872e-02;4.6326e-01",0.66477
"DTDPRHAMSYN-PWY","dTDP-L-rhamnose biosynthesis",3,"SORBI_3004G282700;SORBI_3004G352700;SORBI_3008G066100","3.8047e-01;9.4144e-01;9.9173e-02",0.66552
"PWY-7060","ornithine-citrulline shuttle",10,"SORBI_3001G116400;SORBI_3001G231000;SORBI_3001G451500;SORBI_3003G012300;SORBI_3003G193700;SORBI_3004G247000;SORBI_3004G265900;SORBI_3004G268100;SORBI_3006G249400;SORBI_3007G104300","7.1323e-01;3.2063e-01;8.2383e-01;5.8128e-01;4.3081e-02;8.1662e-02;5.4553e-01;7.6394e-02;6.2022e-02;7.9050e-01",0.66559
"GLUTATHIONESYN-PWY","glutathione biosynthesis",4,"SORBI_3004G270350;SORBI_3005G199400;SORBI_3008G113600;SORBI_3009G029600","2.0809e-02;1.2579e-01;3.3958e-01;6.4077e-01",0.66606
"PWY-3101","flavonol biosynthesis",33,"SORBI_3001G254800;SORBI_3001G336200;SORBI_3001G364200;SORBI_3001G369300;SORBI_3001G407800;SORBI_3002G040400;SORBI_3002G040500;SORBI_3002G216100;SORBI_3002G216200;SORBI_3002G216400;SORBI_3002G216500;SORBI_3002G272700;SORBI_3002G367600;SORBI_3003G021700;SORBI_3003G138200;SORBI_3004G200800;SORBI_3004G200833;SORBI_3004G200900;SORBI_3004G201100;SORBI_3004G260000;SORBI_3004G310100;SORBI_3005G115800;SORBI_3005G214900;SORBI_3006G223001;SORBI_3006G237300;SORBI_3007G044900;SORBI_3007G179750;SORBI_3008G136500;SORBI_3009G162500;SORBI_3010G050200;SORBI_3010G059800;SORBI_3010G060100;SORBI_3010G060166","9.0137e-01;7.8571e-01;4.5831e-01;8.2776e-01;7.3889e-01;8.0008e-02;5.3064e-01;2.8563e-01;8.8431e-01;8.6643e-01;4.7554e-01;1.6634e-01;1.5059e-01;5.5493e-01;1.1880e-02;4.0187e-01;3.3458e-01;3.5234e-01;5.3384e-01;2.7318e-02;8.1689e-01;5.5498e-01;5.6414e-01;2.1450e-01;1.9173e-01;4.5246e-01;4.0605e-02;8.0523e-02;5.9019e-02;7.9123e-02;4.5162e-01;4.2528e-01;4.0922e-01",0.66665
"PWY4LZ-81","Organic Nitrogen Assimilation",20,"SORBI_3001G026900;SORBI_3001G116400;SORBI_3001G156100;SORBI_3001G231000;SORBI_3001G325200;SORBI_3001G451500;SORBI_3002G090200;SORBI_3002G090300;SORBI_3002G402700;SORBI_3003G258800;SORBI_3004G209300;SORBI_3004G247000;SORBI_3004G268100;SORBI_3004G351000;SORBI_3005G150250;SORBI_3006G249400;SORBI_3006G270100;SORBI_3007G174600;SORBI_3009G225700;SORBI_3010G060800","5.0095e-03;7.1323e-01;6.0344e-01;3.2063e-01;8.3426e-01;8.2383e-01;9.8756e-02;1.8713e-01;6.0909e-01;3.2362e-01;1.4783e-04;8.1662e-02;7.6394e-02;7.9793e-01;7.8438e-01;6.2022e-02;7.5082e-01;5.6084e-03;1.0360e-12;5.6298e-01",0.6669
"PWY-43","putrescine biosynthesis II",4,"SORBI_3001G013900;SORBI_3004G166500;SORBI_3006G111700;SORBI_3010G021800","9.5029e-01;6.9939e-01;3.9621e-01;2.2340e-01",0.66759
"PWY-6275","&beta;-caryophyllene biosynthesis",16,"SORBI_3001G173000;SORBI_3001G363400;SORBI_3001G369200;SORBI_3001G373300;SORBI_3003G368600;SORBI_3004G153900;SORBI_3005G130100;SORBI_3005G130400;SORBI_3005G130450;SORBI_3006G010100;SORBI_3006G247500;SORBI_3007G034700;SORBI_3007G035800;SORBI_3007G064800;SORBI_3007G133900;SORBI_3007G187100","2.7581e-01;5.7158e-01;2.7196e-02;6.2703e-01;5.5152e-01;2.3455e-01;7.4429e-01;7.4936e-01;5.0482e-01;2.6605e-01;3.7677e-01;5.1467e-01;5.9954e-01;2.0311e-01;4.7942e-01;8.4250e-02",0.66773
"PWY-4841","UDP-&alpha;-D-glucuronate biosynthesis (from <i>myo</i>-inositol)",3,"SORBI_3008G000400;SORBI_3010G168800;SORBI_3010G251200","6.7759e-01;9.5365e-01;1.4848e-02",0.67083
"PWY-3561","choline biosynthesis III",22,"SORBI_3001G282900;SORBI_3001G320200;SORBI_3001G349800;SORBI_3001G529800;SORBI_3002G098900;SORBI_3002G204500;SORBI_3002G282500;SORBI_3003G050400;SORBI_3003G147000;SORBI_3004G016400;SORBI_3004G016900;SORBI_3004G058200;SORBI_3005G222500;SORBI_3007G051200;SORBI_3008G183400;SORBI_3009G062600;SORBI_3009G109925;SORBI_3009G110000;SORBI_3010G077100;SORBI_3010G185600;SORBI_3010G187100;SORBI_3010G209900","4.4031e-01;2.1019e-01;7.2044e-01;5.0744e-01;2.6590e-01;2.3727e-02;3.3360e-01;6.2646e-01;2.1603e-02;9.5316e-01;5.8695e-01;7.8902e-01;8.9752e-01;1.7458e-01;3.3817e-01;1.3945e-01;5.3453e-01;3.6705e-02;5.1185e-01;6.7584e-02;7.8043e-01;9.7295e-01",0.67834
"GLYCLEAV-PWY","glycine cleavage",8,"SORBI_3003G152900;SORBI_3003G155300;SORBI_3004G055700;SORBI_3005G044600;SORBI_3006G220800;SORBI_3008G039900;SORBI_3009G052200;SORBI_3009G054600","3.7312e-01;5.1937e-01;4.1649e-01;4.2707e-01;3.7622e-01;5.6680e-01;8.2254e-01;9.7106e-01",0.68109
"PWY-7226","guanosine deoxyribonucleotides <i>de novo</i> biosynthesis I",6,"SORBI_3001G295200;SORBI_3002G306900;SORBI_3004G184500;SORBI_3008G091400;SORBI_3008G123600;SORBI_3009G259200","4.4135e-02;6.3153e-01;3.7400e-03;1.7173e-01;4.9882e-01;4.8519e-01",0.68131
"PWY-7227","adenosine deoxyribonucleotides <i>de novo</i> biosynthesis",6,"SORBI_3001G295200;SORBI_3002G306900;SORBI_3004G184500;SORBI_3008G091400;SORBI_3008G123600;SORBI_3009G259200","4.4135e-02;6.3153e-01;3.7400e-03;1.7173e-01;4.9882e-01;4.8519e-01",0.68131
"PWY-5864","superpathway of plastoquinol biosynthesis",6,"SORBI_3003G045600;SORBI_3005G200300;SORBI_3007G070000;SORBI_3008G088821;SORBI_3009G246400;SORBI_3010G229400","4.6008e-02;2.8438e-01;8.0390e-01;5.2757e-01;6.3153e-07;7.9821e-01",0.6856
"PWY3O-450","phosphatidylcholine biosynthesis I",6,"SORBI_3001G282900;SORBI_3004G016400;SORBI_3004G058200;SORBI_3007G051200;SORBI_3010G077100;SORBI_3010G187100","4.4031e-01;9.5316e-01;7.8902e-01;1.7458e-01;5.1185e-01;7.8043e-01",0.68791
"HOMOSER-THRESYN-PWY","L-threonine biosynthesis",3,"SORBI_3003G265400;SORBI_3004G357900;SORBI_3009G220000","1.0620e-02;5.9069e-01;8.2762e-06",0.6966
"PWY-5398","crocetin esters biosynthesis",8,"SORBI_3001G223400;SORBI_3003G042900;SORBI_3008G011700;SORBI_3009G066100;SORBI_3010G178900;SORBI_3010G179000;SORBI_3010G179150;SORBI_3010G179500","8.1073e-01;1.5738e-04;4.5948e-01;5.2633e-01;6.6518e-01;6.3281e-01;7.3176e-01;3.3848e-01",0.69952
"PWY-4302","aerobic respiration III (alternative oxidase pathway)",62,"SORBI_3001G072000;SORBI_3001G073600;SORBI_3001G115700;SORBI_3001G134200;SORBI_3001G164350;SORBI_3001G206700;SORBI_3001G230050;SORBI_3001G251750;SORBI_3001G282500;SORBI_3001G286200;SORBI_3001G392800;SORBI_3001G473400;SORBI_3001G519000;SORBI_3002G028700;SORBI_3002G149000;SORBI_3002G149550;SORBI_3002G185100;SORBI_3002G246200;SORBI_3002G254500;SORBI_3002G308300;SORBI_3002G356400;SORBI_3002G395000;SORBI_3002G396700;SORBI_3003G135600;SORBI_3003G168300;SORBI_3003G170300;SORBI_3003G172966;SORBI_3003G173032;SORBI_3003G173200;SORBI_3003G279200;SORBI_3003G286200;SORBI_3003G296800;SORBI_3003G322300;SORBI_3003G416200;SORBI_3003G429000;SORBI_3003G429200;SORBI_3003G429300;SORBI_3004G155100;SORBI_3004G166400;SORBI_3004G249200;SORBI_3004G270500;SORBI_3004G344800;SORBI_3005G031000;SORBI_3006G202500;SORBI_3006G202600;SORBI_3006G203000;SORBI_3006G258700;SORBI_3006G258800;SORBI_3007G023400;SORBI_3007G133500;SORBI_3007G134900;SORBI_3007G168400;SORBI_3007G172300;SORBI_3007G211500;SORBI_3009G095720;SORBI_3009G176000;SORBI_3009G191400;SORBI_3009G209400;SORBI_3010G015200;SORBI_3010G031000;SORBI_3010G098800;SORBI_3010G201266","4.3069e-01;1.5254e-01;1.9858e-01;5.3800e-04;8.6040e-01;1.4213e-02;8.0355e-01;3.3797e-01;6.1534e-01;2.4434e-01;7.1647e-01;4.9798e-01;5.6491e-01;5.6602e-01;5.8110e-01;1.1630e-01;2.0642e-01;8.4561e-01;4.5359e-01;9.3476e-01;4.1036e-01;6.8597e-01;7.7668e-01;5.3224e-01;5.7943e-01;7.1056e-01;7.9467e-02;7.9467e-02;6.0331e-01;6.7026e-01;1.7844e-01;8.3457e-01;7.2073e-01;7.4858e-01;5.1623e-01;5.8463e-01;5.4708e-01;1.2769e-01;7.7972e-01;5.1940e-01;6.1451e-03;6.1562e-01;5.9652e-01;8.2707e-01;8.4949e-01;8.8974e-01;4.1629e-01;4.8149e-01;8.0462e-01;3.1345e-01;6.1025e-01;3.8879e-01;5.4298e-02;3.0927e-01;3.4123e-01;2.9280e-01;2.6746e-02;1.2000e-03;9.8596e-02;7.1275e-01;4.3594e-01;5.6928e-02",0.709
"HISTSYN-PWY","L-histidine biosynthesis",11,"SORBI_3001G067300;SORBI_3001G334100;SORBI_3001G432300;SORBI_3002G244500;SORBI_3003G045450;SORBI_3003G119900;SORBI_3003G130600;SORBI_3004G264900;SORBI_3006G217000;SORBI_3008G162100;SORBI_3009G130500","3.7852e-01;7.8074e-01;9.0333e-01;2.4964e-01;4.0678e-02;1.8429e-01;9.5690e-01;6.2885e-01;2.0772e-02;6.6770e-01;6.0736e-01",0.71658
"PWY-7193","pyrimidine ribonucleosides salvage I",11,"SORBI_3001G261480;SORBI_3002G257200;SORBI_3003G129300;SORBI_3003G275300;SORBI_3004G000100;SORBI_3004G265800;SORBI_3006G037700;SORBI_3007G194700;SORBI_3008G098400;SORBI_3008G156700;SORBI_3008G190400","5.0522e-01;4.1771e-01;3.6668e-01;8.1002e-01;7.8871e-01;6.1106e-01;8.5118e-04;8.1786e-01;7.0241e-01;2.4217e-01;7.4328e-01",0.71668
"PWY-5698","allantoin degradation to ureidoglycolate II (ammonia producing)",3,"SORBI_3002G309900;SORBI_3006G270100;SORBI_3010G220500","8.5992e-01;7.5082e-01;7.2311e-01",0.71805
"SERSYN-PWY","L-serine biosynthesis I",6,"SORBI_3001G498500;SORBI_3002G101300;SORBI_3002G101400;SORBI_3006G243400;SORBI_3007G145000;SORBI_3010G214100","8.8879e-01;6.7014e-01;3.4191e-01;5.7828e-01;5.3988e-01;6.4352e-01",0.73498
"PWY-3181","L-tryptophan degradation VI (via tryptamine)",10,"SORBI_3001G062300;SORBI_3001G062500;SORBI_3001G062600;SORBI_3002G043500;SORBI_3002G107000;SORBI_3002G107200;SORBI_3002G107400;SORBI_3002G107600;SORBI_3007G035000;SORBI_3007G035300","6.6415e-02;4.6799e-01;6.2410e-01;3.4650e-02;8.8466e-01;3.7217e-01;4.9545e-01;3.6546e-01;7.1657e-01;1.8730e-01",0.73868
"PWY-7183","pyrimidine nucleobases salvage I",6,"SORBI_3002G257200;SORBI_3004G000100;SORBI_3007G194700;SORBI_3007G218600;SORBI_3008G190400;SORBI_3009G160500","4.1771e-01;7.8871e-01;8.1786e-01;4.0321e-01;7.4328e-01;1.9760e-01",0.73907
"PWY-7196","superpathway of pyrimidine ribonucleosides salvage",6,"SORBI_3002G257200;SORBI_3004G000100;SORBI_3007G194700;SORBI_3007G218600;SORBI_3008G190400;SORBI_3009G160500","4.1771e-01;7.8871e-01;8.1786e-01;4.0321e-01;7.4328e-01;1.9760e-01",0.73907
"PWY-7208","superpathway of pyrimidine nucleobases salvage",6,"SORBI_3002G257200;SORBI_3004G000100;SORBI_3007G194700;SORBI_3007G218600;SORBI_3008G190400;SORBI_3009G160500","4.1771e-01;7.8871e-01;8.1786e-01;4.0321e-01;7.4328e-01;1.9760e-01",0.73907
"PWY-5466","matairesinol biosynthesis",4,"SORBI_3002G407300;SORBI_3002G407500;SORBI_3008G106700;SORBI_3008G106800","2.2136e-01;2.8653e-01;9.4234e-01;9.4286e-01",0.74101
"PWY-6030","serotonin and melatonin biosynthesis",10,"SORBI_3005G216100;SORBI_3005G216200;SORBI_3007G035000;SORBI_3007G035300;SORBI_3007G035500;SORBI_3007G170500;SORBI_3008G014000;SORBI_3009G085600;SORBI_3009G175500;SORBI_3009G197901","3.4595e-01;6.6298e-01;7.1657e-01;1.8730e-01;1.2046e-01;5.2445e-01;8.1287e-02;9.6583e-01;3.2829e-01;1.0821e-02",0.75178
"PWYQT-4449","polyisoprenoid biosynthesis",5,"SORBI_3002G353300;SORBI_3003G270500;SORBI_3006G248000;SORBI_3009G216800;SORBI_3009G246400","3.4560e-01;4.4473e-02;1.2827e-01;1.9152e-06;6.3153e-07",0.75275
"PWY-6115","avenacin biosynthesis, initial reactions",12,"SORBI_3004G014400;SORBI_3004G037100;SORBI_3004G037200;SORBI_3005G109500;SORBI_3005G167200;SORBI_3007G078200;SORBI_3007G085800;SORBI_3007G090469;SORBI_3007G090472;SORBI_3008G142400;SORBI_3008G167100;SORBI_3010G253500","6.7399e-01;3.2755e-01;3.0783e-01;6.1499e-01;1.0402e-01;4.1622e-01;2.7325e-01;1.9593e-02;7.6493e-02;7.5494e-02;3.0388e-01;5.5929e-01",0.75866
"THIOREDOX-PWY","thioredoxin pathway",20,"SORBI_3001G010900;SORBI_3001G197600;SORBI_3002G035000;SORBI_3002G039100;SORBI_3002G401800;SORBI_3003G163500;SORBI_3003G163700;SORBI_3003G418500;SORBI_3004G156900;SORBI_3004G216600;SORBI_3004G262300;SORBI_3004G300900;SORBI_3005G154000;SORBI_3006G054600;SORBI_3006G141700;SORBI_3007G162300;SORBI_3008G117800;SORBI_3009G073000;SORBI_3010G135000;SORBI_3010G216200","1.1252e-02;8.1066e-01;3.3654e-01;5.3348e-01;1.8967e-01;2.3339e-01;6.2622e-01;8.1069e-01;1.5883e-01;3.0463e-01;1.3704e-03;2.3401e-01;3.4354e-01;9.6403e-03;5.7379e-01;5.1443e-02;7.7279e-01;5.7477e-01;7.9338e-01;5.9574e-01",0.7591
"PWY-7478","oryzalexin D and E biosynthesis",6,"SORBI_3002G089700;SORBI_3002G220500;SORBI_3007G152500;SORBI_3007G152600;SORBI_3007G152701;SORBI_3008G154400","8.9004e-02;6.5977e-02;7.9813e-01;7.4511e-01;3.0668e-01;2.0689e-01",0.76013
"PWY-6803","phosphatidylcholine acyl editing",99,"SORBI_3001G067500;SORBI_3001G103800;SORBI_3001G120400;SORBI_3001G157700;SORBI_3001G157900;SORBI_3001G158200;SORBI_3001G279800;SORBI_3001G288200;SORBI_3001G295700;SORBI_3001G348600;SORBI_3001G365100;SORBI_3001G373200;SORBI_3001G429900;SORBI_3001G433900;SORBI_3001G448800;SORBI_3002G031800;SORBI_3002G177200;SORBI_3002G213300;SORBI_3002G228700;SORBI_3002G262300;SORBI_3002G320900;SORBI_3002G377600;SORBI_3002G401900;SORBI_3002G409500;SORBI_3003G004900;SORBI_3003G029000;SORBI_3003G029200;SORBI_3003G038000;SORBI_3003G074500;SORBI_3003G074600;SORBI_3003G239100;SORBI_3003G239200;SORBI_3003G239500;SORBI_3003G242000;SORBI_3003G258200;SORBI_3003G274700;SORBI_3003G303900;SORBI_3003G370500;SORBI_3003G370600;SORBI_3003G389400;SORBI_3003G390900;SORBI_3003G391000;SORBI_3003G414500;SORBI_3003G418700;SORBI_3003G432600;SORBI_3004G283600;SORBI_3004G297600;SORBI_3004G300100;SORBI_3004G357800;SORBI_3005G020300;SORBI_3005G032700;SORBI_3005G033100;SORBI_3005G054900;SORBI_3005G111400;SORBI_3005G145100;SORBI_3005G156100;SORBI_3005G159400;SORBI_3005G186100;SORBI_3005G186200;SORBI_3005G186400;SORBI_3005G203800;SORBI_3005G219000;SORBI_3005G219100;SORBI_3006G079500;SORBI_3006G214500;SORBI_3006G247200;SORBI_3006G247300;SORBI_3006G257300;SORBI_3006G272600;SORBI_3006G276100;SORBI_3007G011300;SORBI_3007G036900;SORBI_3007G158500;SORBI_3007G158600;SORBI_3007G158700;SORBI_3007G158800;SORBI_3007G187000;SORBI_3008G010800;SORBI_3008G051300;SORBI_3008G135401;SORBI_3008G166050;SORBI_3008G170100;SORBI_3009G014600;SORBI_3009G031400;SORBI_3009G117500;SORBI_3009G125300;SORBI_3009G135100;SORBI_3009G149700;SORBI_3009G240500;SORBI_3009G240600;SORBI_3010G045400;SORBI_3010G045500;SORBI_3010G047800;SORBI_3010G159700;SORBI_3010G159900;SORBI_3010G160000;SORBI_3010G160033;SORBI_3010G214900;SORBI_3010G228100","3.6741e-01;8.3510e-01;3.3907e-01;8.0440e-01;6.3351e-01;4.3808e-01;5.1126e-01;1.2259e-01;3.9443e-02;2.2547e-01;2.6503e-01;6.9682e-01;7.2677e-01;4.2879e-01;6.8079e-01;9.0128e-01;5.9581e-01;9.1989e-01;3.7813e-01;5.1079e-01;3.7316e-01;4.4556e-01;1.9834e-01;5.2446e-01;3.8984e-01;8.4830e-01;3.8697e-01;8.1263e-01;2.4592e-01;3.8771e-01;2.8069e-01;8.3956e-03;2.4441e-02;3.4265e-02;8.5146e-01;5.3428e-01;5.5405e-01;8.1320e-01;7.0837e-01;2.9742e-01;7.4610e-01;3.5142e-01;3.6130e-01;8.1802e-01;5.9595e-01;9.3200e-02;4.6695e-01;6.5403e-02;5.7270e-01;8.5740e-02;6.5673e-01;3.8643e-01;2.0825e-01;4.1035e-01;5.3887e-01;5.0089e-01;6.2209e-01;3.7135e-01;6.2373e-01;7.4856e-01;1.9155e-01;8.4995e-01;8.4995e-01;6.7757e-02;3.3183e-01;2.5289e-01;5.8442e-01;5.3667e-01;6.8862e-01;6.3620e-01;8.3261e-01;5.9848e-01;5.7473e-01;5.6467e-01;9.3925e-01;1.2671e-01;1.1622e-01;2.9948e-01;8.5213e-02;8.2450e-01;8.4028e-01;4.8691e-01;2.6844e-02;8.2706e-03;7.9676e-01;7.9597e-01;7.0723e-01;5.8044e-01;5.3170e-08;3.1217e-08;3.3460e-01;7.5815e-01;9.1636e-01;5.8425e-01;3.1231e-01;5.7231e-01;5.9130e-01;5.0362e-01;9.6524e-02",0.76231
"PWY-7859","jasmonoyl-L-isoleucine inactivation",17,"SORBI_3001G450100;SORBI_3001G451600;SORBI_3001G451700;SORBI_3002G093300;SORBI_3003G190500;SORBI_3003G273000;SORBI_3003G427500;SORBI_3003G437300;SORBI_3004G280000;SORBI_3005G109000;SORBI_3006G150600;SORBI_3006G154200;SORBI_3008G015000;SORBI_3009G121600;SORBI_3009G141100;SORBI_3010G055300;SORBI_3010G241200","5.6084e-01;8.4053e-01;7.7844e-01;1.8358e-01;3.7928e-03;6.8910e-01;8.9500e-01;2.5480e-01;6.0636e-01;4.0458e-01;9.2703e-02;4.1994e-01;2.6481e-01;6.7664e-01;4.9744e-01;2.4793e-01;8.0409e-01",0.76733
"PWY-6351","D-<i>myo</i>-inositol (1,4,5)-trisphosphate biosynthesis",31,"SORBI_3001G118000;SORBI_3001G121900;SORBI_3001G124100;SORBI_3001G203400;SORBI_3001G294100;SORBI_3001G367301;SORBI_3001G408001;SORBI_3001G429500;SORBI_3002G223600;SORBI_3002G235900;SORBI_3002G292800;SORBI_3002G403100;SORBI_3002G430500;SORBI_3003G127200;SORBI_3004G130300;SORBI_3005G002000;SORBI_3005G018900;SORBI_3005G031700;SORBI_3005G104500;SORBI_3006G060000;SORBI_3006G258500;SORBI_3007G154701;SORBI_3008G002000;SORBI_3008G011901;SORBI_3008G090600;SORBI_3009G027800;SORBI_3009G253700;SORBI_3010G118200;SORBI_3010G145900;SORBI_3010G223300;SORBI_3010G279800","3.7988e-01;2.0380e-01;8.1793e-01;4.1217e-01;5.6084e-01;4.8987e-01;7.6333e-01;3.2917e-01;5.5426e-01;7.3497e-01;1.6088e-01;2.0372e-01;2.6485e-02;7.0133e-01;2.8110e-01;1.1150e-01;9.6716e-01;7.4564e-01;5.2153e-01;3.7476e-01;1.9709e-01;6.1795e-01;7.5378e-01;7.2260e-01;6.3878e-02;3.6895e-01;4.9013e-05;2.7917e-02;8.1176e-01;9.5047e-02;4.2400e-01",0.76907
"PWY-4081","glutathione-peroxide redox reactions",11,"SORBI_3001G248500;SORBI_3001G365800;SORBI_3001G378700;SORBI_3001G495200;SORBI_3004G290100;SORBI_3004G290200;SORBI_3004G341200;SORBI_3005G110442;SORBI_3006G173900;SORBI_3006G272900;SORBI_3010G067100","8.2254e-01;5.9946e-01;5.5970e-03;4.2121e-01;1.3033e-01;1.3880e-01;4.1991e-01;7.5436e-01;4.8089e-01;8.0606e-01;4.9759e-01",0.76956
"PWY-7197","pyrimidine deoxyribonucleotide phosphorylation",8,"SORBI_3001G295200;SORBI_3002G306900;SORBI_3002G392800;SORBI_3003G152900;SORBI_3004G184500;SORBI_3008G091400;SORBI_3008G123600;SORBI_3009G259200","4.4135e-02;6.3153e-01;7.4089e-01;3.7312e-01;3.7400e-03;1.7173e-01;4.9882e-01;4.8519e-01",0.7701
"PWY0-166","superpathway of pyrimidine deoxyribonucleotides <i>de novo</i> biosynthesis (<i>E. coli</i>)",28,"SORBI_3001G142000;SORBI_3001G230200;SORBI_3001G295200;SORBI_3002G008500;SORBI_3002G303700;SORBI_3002G306900;SORBI_3002G392800;SORBI_3003G030700;SORBI_3003G152900;SORBI_3003G326100;SORBI_3004G184500;SORBI_3004G202900;SORBI_3004G336100;SORBI_3005G115500;SORBI_3005G195700;SORBI_3006G036700;SORBI_3006G038800;SORBI_3006G134900;SORBI_3007G190200;SORBI_3007G194100;SORBI_3008G091400;SORBI_3008G123600;SORBI_3008G140100;SORBI_3008G140300;SORBI_3009G259200;SORBI_3010G054600;SORBI_3010G106300;SORBI_3010G148866","2.5580e-01;3.9177e-01;4.4135e-02;2.1430e-01;7.8966e-01;6.3153e-01;7.4089e-01;8.3569e-01;3.7312e-01;4.4296e-01;3.7400e-03;5.2954e-01;6.7799e-01;8.0140e-01;6.7307e-01;3.9527e-01;3.7551e-03;3.1388e-01;1.3612e-01;8.1506e-01;1.7173e-01;4.9882e-01;1.9130e-01;3.3681e-01;4.8519e-01;7.8609e-01;8.5442e-01;3.4332e-01",0.77224
"PWY-4381","fatty acid biosynthesis initiation I",2,"SORBI_3001G403400;SORBI_3006G237000","4.7264e-01;3.0614e-01",0.77248
"GLUCONEO-PWY","gluconeogenesis I",56,"SORBI_3001G071800;SORBI_3001G073900;SORBI_3001G219300;SORBI_3001G236800;SORBI_3001G384100;SORBI_3001G425400;SORBI_3001G426100;SORBI_3001G432800;SORBI_3002G186900;SORBI_3002G230600;SORBI_3002G277100;SORBI_3002G309400;SORBI_3002G385700;SORBI_3003G036000;SORBI_3003G036200;SORBI_3003G072300;SORBI_3003G096000;SORBI_3003G238500;SORBI_3003G280900;SORBI_3003G292400;SORBI_3003G336000;SORBI_3003G352300;SORBI_3003G367500;SORBI_3003G393900;SORBI_3004G055200;SORBI_3004G056400;SORBI_3004G146000;SORBI_3004G205100;SORBI_3004G338000;SORBI_3005G056400;SORBI_3005G154850;SORBI_3005G159000;SORBI_3006G170800;SORBI_3006G198400;SORBI_3007G025400;SORBI_3007G137600;SORBI_3007G166200;SORBI_3007G166300;SORBI_3008G053200;SORBI_3008G116600;SORBI_3008G186200;SORBI_3009G016700;SORBI_3009G069600;SORBI_3009G108700;SORBI_3009G152700;SORBI_3009G183700;SORBI_3009G240700;SORBI_3010G026925;SORBI_3010G027000;SORBI_3010G100200;SORBI_3010G188300;SORBI_3010G219700;SORBI_3010G221800;SORBI_3010G262433;SORBI_3010G262466;SORBI_3010G262500","4.3261e-01;3.1585e-01;4.1965e-01;9.1355e-03;1.0031e-01;5.7391e-01;7.6963e-01;7.9228e-01;7.4310e-01;2.9396e-01;5.5190e-01;5.6764e-01;1.6085e-01;8.6554e-01;2.3015e-01;5.5333e-02;6.6015e-01;5.7059e-01;5.4302e-01;2.6126e-01;3.0090e-01;8.3862e-01;6.7474e-02;5.9231e-01;6.0467e-01;5.9927e-01;4.0051e-01;3.3817e-01;7.4167e-01;9.0843e-01;9.6860e-01;6.3636e-01;9.0788e-01;1.0142e-01;8.3006e-01;2.9767e-01;2.6300e-01;8.2398e-02;1.8855e-01;5.0936e-01;9.3667e-02;7.8576e-01;7.9130e-01;5.7521e-01;3.0356e-01;6.1363e-02;1.8634e-07;7.7103e-01;8.4948e-01;6.5632e-01;5.3703e-01;6.4916e-01;6.8791e-01;9.5645e-01;9.6941e-01;7.9998e-01",0.77588
"PWY-5035","gibberellin biosynthesis III (early C-13 hydroxylation)",10,"SORBI_3001G005300;SORBI_3001G166401;SORBI_3001G383400;SORBI_3002G046500;SORBI_3002G419600;SORBI_3003G045900;SORBI_3003G379500;SORBI_3005G015600;SORBI_3009G064700;SORBI_3009G142400","3.7124e-01;3.4811e-01;3.5148e-01;7.0393e-01;8.0775e-01;5.1092e-01;7.9852e-01;4.8338e-02;5.2070e-02;6.9864e-01",0.77689
"PWY-5687","pyrimidine ribonucleotides interconversion",33,"SORBI_3001G295200;SORBI_3001G356200;SORBI_3001G385000;SORBI_3001G518200;SORBI_3002G306900;SORBI_3002G420600;SORBI_3003G017300;SORBI_3003G221200;SORBI_3003G241000;SORBI_3003G439600;SORBI_3004G184500;SORBI_3004G318100;SORBI_3005G018200;SORBI_3005G018300;SORBI_3005G085901;SORBI_3005G086000;SORBI_3005G099500;SORBI_3005G131500;SORBI_3006G003300;SORBI_3006G065800;SORBI_3007G137900;SORBI_3007G223100;SORBI_3008G021900;SORBI_3008G022100;SORBI_3008G091400;SORBI_3008G123600;SORBI_3008G127100;SORBI_3009G166600;SORBI_3009G211900;SORBI_3009G239301;SORBI_3009G239500;SORBI_3009G259200;SORBI_3010G007500","4.4135e-02;5.3614e-01;5.7368e-01;9.1723e-02;6.3153e-01;9.6025e-01;5.6400e-01;4.1697e-01;1.1137e-02;2.4298e-01;3.7400e-03;5.7073e-01;4.5042e-01;4.4720e-01;6.6036e-01;2.3012e-01;1.2120e-01;3.8440e-01;4.7169e-01;5.4097e-03;7.1491e-01;1.1046e-01;5.5665e-01;4.3309e-01;1.7173e-01;4.9882e-01;5.1521e-01;1.9830e-01;8.4068e-04;1.9580e-08;3.1260e-09;4.8519e-01;7.8418e-01",0.77735
"PWY-7346","UDP-&alpha;-D-glucuronate biosynthesis (from UDP-glucose)",3,"SORBI_3001G084100;SORBI_3001G171300;SORBI_3001G459800","5.5147e-01;7.5130e-01;7.6947e-01",0.78016
"PWY-6663","plant sterol biosynthesis II",28,"SORBI_3001G343000;SORBI_3001G343100;SORBI_3001G343300;SORBI_3001G343400;SORBI_3001G343500;SORBI_3001G343601;SORBI_3001G343832;SORBI_3001G349200;SORBI_3001G350200;SORBI_3001G519400;SORBI_3002G264300;SORBI_3002G342400;SORBI_3003G083300;SORBI_3003G166500;SORBI_3003G231300;SORBI_3004G014400;SORBI_3004G037100;SORBI_3004G037200;SORBI_3004G261300;SORBI_3005G048700;SORBI_3005G109500;SORBI_3005G132300;SORBI_3005G161900;SORBI_3007G078200;SORBI_3007G090472;SORBI_3008G025700;SORBI_3008G078800;SORBI_3010G253500","8.0800e-01;5.7573e-01;4.1263e-01;2.6961e-01;6.4252e-01;3.5494e-02;5.1578e-01;4.2072e-03;5.9429e-01;3.2112e-02;6.5804e-01;6.3330e-01;9.0563e-01;4.4063e-01;4.6407e-01;6.7399e-01;3.2755e-01;3.0783e-01;3.3101e-01;2.3061e-02;6.1499e-01;4.2694e-01;5.9714e-01;4.1622e-01;7.6493e-02;5.6341e-01;4.0986e-01;5.5929e-01",0.78074
"FASYN-ELONG-PWY","fatty acid elongation -- saturated",12,"SORBI_3002G151000;SORBI_3004G152800;SORBI_3004G178100;SORBI_3006G043700;SORBI_3007G077400;SORBI_3007G079600;SORBI_3007G112100;SORBI_3007G209800;SORBI_3007G225200;SORBI_3007G225300;SORBI_3008G087300;SORBI_3009G150900","6.1364e-01;4.8591e-01;4.1160e-03;7.6722e-02;8.0364e-01;2.6662e-01;9.1838e-01;6.3412e-01;3.1023e-01;4.9956e-01;6.6242e-01;5.7239e-01",0.7819
"PWY-5097","L-lysine biosynthesis VI",15,"SORBI_3001G011700;SORBI_3001G081900;SORBI_3001G401700;SORBI_3001G438600;SORBI_3001G471100;SORBI_3001G531800;SORBI_3002G111800;SORBI_3002G155100;SORBI_3003G412100;SORBI_3006G186600;SORBI_3007G171200;SORBI_3008G038600;SORBI_3008G133500;SORBI_3008G133600;SORBI_3010G216300","9.6616e-04;5.2506e-01;3.2060e-01;1.1484e-01;9.5012e-01;1.7586e-02;6.9066e-01;5.3531e-01;5.5994e-01;6.1907e-05;6.8570e-04;8.9134e-01;2.7008e-01;2.7123e-02;7.6900e-01",0.78302
"PWY-401","galactolipid biosynthesis I",8,"SORBI_3001G424600;SORBI_3001G456300;SORBI_3002G206200;SORBI_3004G169000;SORBI_3004G334000;SORBI_3005G045000;SORBI_3006G075100;SORBI_3007G211900","2.1852e-01;7.9232e-01;6.6173e-01;5.0891e-01;6.2715e-01;2.0176e-01;9.4494e-03;9.8528e-02",0.78807
"PWY-6121","5-aminoimidazole ribonucleotide biosynthesis I",11,"SORBI_3001G114400;SORBI_3003G372400;SORBI_3005G090900;SORBI_3006G083100;SORBI_3006G247900;SORBI_3008G069500;SORBI_3008G070350;SORBI_3009G012300;SORBI_3009G072000;SORBI_3009G148700;SORBI_3009G214200","4.6052e-01;6.0805e-01;1.9084e-01;9.0319e-02;1.1196e-01;2.7656e-01;2.4018e-02;9.0507e-01;3.3207e-01;5.4797e-01;4.0323e-03",0.79258
"LIPASYN-PWY","phospholipases",106,"SORBI_3001G008600;SORBI_3001G029200;SORBI_3001G067500;SORBI_3001G103800;SORBI_3001G120400;SORBI_3001G157700;SORBI_3001G157900;SORBI_3001G158200;SORBI_3001G279800;SORBI_3001G288200;SORBI_3001G295700;SORBI_3001G320200;SORBI_3001G348600;SORBI_3001G349800;SORBI_3001G365100;SORBI_3001G373200;SORBI_3001G408001;SORBI_3001G429900;SORBI_3001G433900;SORBI_3001G448800;SORBI_3001G529800;SORBI_3002G031800;SORBI_3002G098900;SORBI_3002G177200;SORBI_3002G204500;SORBI_3002G213300;SORBI_3002G228700;SORBI_3002G262300;SORBI_3002G282500;SORBI_3002G320900;SORBI_3002G377600;SORBI_3002G401900;SORBI_3002G409500;SORBI_3002G430500;SORBI_3003G029000;SORBI_3003G029200;SORBI_3003G038000;SORBI_3003G050400;SORBI_3003G074500;SORBI_3003G074600;SORBI_3003G107900;SORBI_3003G147000;SORBI_3003G239100;SORBI_3003G239200;SORBI_3003G239500;SORBI_3003G274700;SORBI_3003G370500;SORBI_3003G370600;SORBI_3003G389400;SORBI_3003G390900;SORBI_3003G391000;SORBI_3003G418700;SORBI_3003G430100;SORBI_3003G432600;SORBI_3004G016900;SORBI_3004G297600;SORBI_3004G300100;SORBI_3004G357800;SORBI_3005G002000;SORBI_3005G018900;SORBI_3005G032700;SORBI_3005G111400;SORBI_3005G145100;SORBI_3005G159400;SORBI_3005G170100;SORBI_3005G186100;SORBI_3005G186200;SORBI_3005G186400;SORBI_3005G203800;SORBI_3005G219000;SORBI_3005G219100;SORBI_3005G222500;SORBI_3006G214500;SORBI_3006G276100;SORBI_3007G011300;SORBI_3007G036900;SORBI_3007G158500;SORBI_3007G158600;SORBI_3007G158700;SORBI_3007G158800;SORBI_3007G187000;SORBI_3008G002000;SORBI_3008G090600;SORBI_3008G135401;SORBI_3008G166050;SORBI_3008G170100;SORBI_3008G183400;SORBI_3009G014600;SORBI_3009G027800;SORBI_3009G062600;SORBI_3009G109925;SORBI_3009G110000;SORBI_3009G117500;SORBI_3009G125300;SORBI_3009G135100;SORBI_3009G149700;SORBI_3009G240500;SORBI_3009G240600;SORBI_3010G047800;SORBI_3010G159700;SORBI_3010G159900;SORBI_3010G160000;SORBI_3010G160033;SORBI_3010G185600;SORBI_3010G209900;SORBI_3010G228100","8.3380e-01;3.6344e-02;3.6741e-01;8.3510e-01;3.3907e-01;8.0440e-01;6.3351e-01;4.3808e-01;5.1126e-01;1.2259e-01;3.9443e-02;2.1019e-01;2.2547e-01;7.2044e-01;2.6503e-01;6.9682e-01;7.6333e-01;7.2677e-01;4.2879e-01;6.8079e-01;5.0744e-01;9.0128e-01;2.6590e-01;5.9581e-01;2.3727e-02;9.1989e-01;3.7813e-01;5.1079e-01;3.3360e-01;3.7316e-01;4.4556e-01;1.9834e-01;5.2446e-01;2.6485e-02;8.4830e-01;3.8697e-01;8.1263e-01;6.2646e-01;2.4592e-01;3.8771e-01;8.8229e-01;2.1603e-02;2.8069e-01;8.3956e-03;2.4441e-02;5.3428e-01;8.1320e-01;7.0837e-01;2.9742e-01;7.4610e-01;3.5142e-01;8.1802e-01;9.6465e-01;5.9595e-01;5.8695e-01;4.6695e-01;6.5403e-02;5.7270e-01;1.1150e-01;9.6716e-01;6.5673e-01;4.1035e-01;5.3887e-01;6.2209e-01;7.2955e-01;3.7135e-01;6.2373e-01;7.4856e-01;1.9155e-01;8.4995e-01;8.4995e-01;8.9752e-01;3.3183e-01;6.3620e-01;8.3261e-01;5.9848e-01;5.7473e-01;5.6467e-01;9.3925e-01;1.2671e-01;1.1622e-01;7.5378e-01;6.3878e-02;8.2450e-01;8.4028e-01;4.8691e-01;3.3817e-01;2.6844e-02;3.6895e-01;1.3945e-01;5.3453e-01;3.6705e-02;7.9676e-01;7.9597e-01;7.0723e-01;5.8044e-01;5.3170e-08;3.1217e-08;9.1636e-01;5.8425e-01;3.1231e-01;5.7231e-01;5.9130e-01;6.7584e-02;9.7295e-01;9.6524e-02",0.79394
"PWY-6814","chitin degradation III (carnivorous plants)",43,"SORBI_3001G247900;SORBI_3001G248000;SORBI_3001G516000;SORBI_3001G543000;SORBI_3002G109700;SORBI_3002G109800;SORBI_3002G109900;SORBI_3002G110000;SORBI_3003G026000;SORBI_3003G026100;SORBI_3003G137600;SORBI_3003G156000;SORBI_3003G244600;SORBI_3003G263600;SORBI_3003G317800;SORBI_3003G317900;SORBI_3003G318001;SORBI_3003G318100;SORBI_3003G318200;SORBI_3003G363900;SORBI_3003G364000;SORBI_3003G364100;SORBI_3003G364200;SORBI_3003G364300;SORBI_3004G208700;SORBI_3005G084300;SORBI_3005G110600;SORBI_3006G044200;SORBI_3006G078200;SORBI_3006G132100;SORBI_3006G132200;SORBI_3006G132300;SORBI_3006G132400;SORBI_3006G132500;SORBI_3006G132700;SORBI_3007G006501;SORBI_3007G125400;SORBI_3008G158900;SORBI_3009G012100;SORBI_3009G035900;SORBI_3009G130100;SORBI_3009G174000;SORBI_3010G273600","8.5367e-01;8.1607e-01;2.4872e-02;4.2779e-01;1.0677e-01;1.0985e-01;2.0346e-01;7.1130e-01;6.9887e-01;9.5078e-01;3.1754e-02;5.7719e-01;5.3819e-01;4.8196e-02;1.3940e-01;2.1639e-01;6.3565e-01;6.7325e-01;4.6129e-01;8.6934e-01;5.5352e-01;5.7139e-01;5.4758e-01;4.4728e-01;8.7086e-01;1.4387e-01;4.8650e-01;2.1199e-01;3.4647e-01;4.6528e-01;7.4400e-01;7.5116e-01;6.0000e-01;5.6778e-01;5.8390e-01;1.0669e-01;9.0984e-02;9.4503e-02;4.3043e-01;6.6605e-01;6.5279e-01;1.0825e-02;9.3143e-01",0.7958
"PWY-7995","tricin biosynthesis",24,"SORBI_3001G254800;SORBI_3001G336200;SORBI_3001G364200;SORBI_3001G369300;SORBI_3002G040400;SORBI_3002G040500;SORBI_3002G216100;SORBI_3002G216200;SORBI_3002G216400;SORBI_3002G216500;SORBI_3002G272700;SORBI_3002G367600;SORBI_3004G200800;SORBI_3004G200833;SORBI_3004G200900;SORBI_3004G201100;SORBI_3005G115800;SORBI_3005G214900;SORBI_3006G223001;SORBI_3007G044900;SORBI_3007G179750;SORBI_3007G218500;SORBI_3008G136500;SORBI_3009G162500","9.0137e-01;7.8571e-01;4.5831e-01;8.2776e-01;8.0008e-02;5.3064e-01;2.8563e-01;8.8431e-01;8.6643e-01;4.7554e-01;1.6634e-01;1.5059e-01;4.0187e-01;3.3458e-01;3.5234e-01;5.3384e-01;5.5498e-01;5.6414e-01;2.1450e-01;4.5246e-01;4.0605e-02;4.8898e-01;8.0523e-02;5.9019e-02",0.79596
"PWY-6367","D-<i>myo</i>-inositol-5-phosphate metabolism",8,"SORBI_3001G408001;SORBI_3002G430500;SORBI_3005G002000;SORBI_3005G018900;SORBI_3007G172200;SORBI_3008G002000;SORBI_3008G090600;SORBI_3009G027800","7.6333e-01;2.6485e-02;1.1150e-01;9.6716e-01;4.1631e-02;7.5378e-01;6.3878e-02;3.6895e-01",0.80094
"PWY-5980","xylogalacturonan biosynthesis",23,"SORBI_3001G387300;SORBI_3001G538700;SORBI_3002G062100;SORBI_3002G342300;SORBI_3003G102700;SORBI_3003G234701;SORBI_3003G331000;SORBI_3003G360300;SORBI_3003G405600;SORBI_3003G410600;SORBI_3003G410700;SORBI_3003G410800;SORBI_3004G070100;SORBI_3004G159100;SORBI_3004G213500;SORBI_3006G059000;SORBI_3006G260900;SORBI_3007G139300;SORBI_3008G021000;SORBI_3009G162700;SORBI_3009G220100;SORBI_3009G220200;SORBI_3010G059400","3.5801e-02;3.3780e-01;7.5975e-01;6.2315e-01;3.6808e-01;5.1148e-03;6.1659e-01;9.0753e-01;8.4729e-01;8.3943e-01;6.8118e-01;7.7959e-01;7.5524e-01;9.7664e-01;4.8176e-01;6.3591e-04;4.2429e-01;1.1892e-01;5.1822e-01;2.0495e-01;2.8433e-05;1.5630e-05;1.6316e-01",0.80668
"PWY-5143","long-chain fatty acid activation",18,"SORBI_3003G004900;SORBI_3003G242000;SORBI_3003G258200;SORBI_3003G303900;SORBI_3005G020300;SORBI_3005G033100;SORBI_3005G054900;SORBI_3005G156100;SORBI_3006G079500;SORBI_3006G247200;SORBI_3006G247300;SORBI_3006G272600;SORBI_3008G010800;SORBI_3008G051300;SORBI_3009G031400;SORBI_3010G045400;SORBI_3010G045500;SORBI_3010G214900","3.8984e-01;3.4265e-02;8.5146e-01;5.5405e-01;8.5740e-02;3.8643e-01;2.0825e-01;5.0089e-01;6.7757e-02;2.5289e-01;5.8442e-01;6.8862e-01;2.9948e-01;8.5213e-02;8.2706e-03;3.3460e-01;7.5815e-01;5.0362e-01",0.81364
"PWY-4321","L-glutamate degradation IV",10,"SORBI_3001G111000;SORBI_3001G443800;SORBI_3004G058600;SORBI_3004G182500;SORBI_3006G095700;SORBI_3006G096500;SORBI_3006G214200;SORBI_3007G009100;SORBI_3007G074500;SORBI_3007G152800","2.8422e-01;4.8149e-01;4.5061e-01;9.6491e-01;1.3647e-01;7.7571e-02;9.6967e-01;3.2266e-01;7.9543e-02;3.8054e-01",0.81539
"PWY-6717","(1,4)-&beta;-D-xylan degradation",25,"SORBI_3001G140300;SORBI_3001G439400;SORBI_3001G466000;SORBI_3001G466100;SORBI_3001G466400;SORBI_3002G053800;SORBI_3002G127400;SORBI_3002G217400;SORBI_3002G315000;SORBI_3003G082700;SORBI_3003G083000;SORBI_3003G085900;SORBI_3003G142100;SORBI_3004G154000;SORBI_3004G233700;SORBI_3005G110436;SORBI_3005G110457;SORBI_3005G110460;SORBI_3005G211500;SORBI_3006G032800;SORBI_3006G157700;SORBI_3006G235600;SORBI_3007G150100;SORBI_3008G096401;SORBI_3010G152900","6.4058e-02;7.3143e-01;3.1812e-01;3.2680e-01;6.9890e-01;4.3097e-01;7.0003e-01;8.5887e-01;3.1225e-01;4.2076e-01;7.3710e-01;8.8829e-01;1.0597e-01;7.3982e-01;3.7462e-01;4.1826e-01;5.6536e-01;7.0922e-01;7.4352e-01;6.0649e-01;3.9012e-01;2.9417e-02;8.0968e-03;8.0599e-01;1.6970e-01",0.81625
"PWY-5934","iron reduction and absorption",2,"SORBI_3001G142800;SORBI_3006G093100","3.8698e-01;3.0152e-01",0.81904
"PWY-6596","adenosine nucleotides degradation I",19,"SORBI_3001G069900;SORBI_3001G073500;SORBI_3001G125000;SORBI_3001G153300;SORBI_3001G325200;SORBI_3002G029600;SORBI_3002G072300;SORBI_3002G134400;SORBI_3002G206800;SORBI_3002G429700;SORBI_3003G061200;SORBI_3003G110400;SORBI_3003G113200;SORBI_3003G274200;SORBI_3004G326300;SORBI_3009G104800;SORBI_3009G133800;SORBI_3009G133900;SORBI_3009G134300","3.5807e-01;7.2840e-01;1.9769e-02;3.9739e-01;8.3426e-01;4.5223e-01;2.6871e-01;7.6468e-01;6.6106e-02;1.8774e-01;8.2422e-01;8.8526e-01;4.9014e-01;3.7120e-01;8.0855e-01;4.5198e-01;5.2925e-02;4.8556e-02;2.2937e-01",0.82545
"PWY-5172","acetyl-CoA biosynthesis III (from citrate)",3,"SORBI_3003G143700;SORBI_3005G222200;SORBI_3008G132700","2.6816e-01;4.8159e-01;6.3992e-01",0.82577
"PWY-5173","superpathway of acetyl-CoA biosynthesis",3,"SORBI_3003G143700;SORBI_3005G222200;SORBI_3008G132700","2.6816e-01;4.8159e-01;6.3992e-01",0.82577
"PWY-6124","inosine-5'-phosphate biosynthesis II",6,"SORBI_3001G392500;SORBI_3002G231500;SORBI_3003G028600;SORBI_3006G157000;SORBI_3006G213400;SORBI_3007G075200","5.4023e-01;8.4727e-01;3.6120e-03;4.6103e-01;2.5107e-01;9.8498e-01",0.83957
"ARGASEDEG-PWY","L-arginine degradation I (arginase pathway)",5,"SORBI_3001G156100;SORBI_3003G356000;SORBI_3006G004500;SORBI_3009G160100;SORBI_3009G212600","6.0344e-01;5.4059e-01;4.9245e-01;4.6109e-02;5.5719e-03",0.84239
"PROSYN-PWY","L-proline biosynthesis I",4,"SORBI_3003G356000;SORBI_3003G424300;SORBI_3007G143600;SORBI_3009G160100","5.4059e-01;8.2537e-01;8.5652e-01;4.6109e-02",0.84371
"PWY-6465","&omega;-hydroxylation of caprate and laurate",13,"SORBI_3001G514700;SORBI_3002G128900;SORBI_3002G265300;SORBI_3003G008200;SORBI_3003G008300;SORBI_3003G378301;SORBI_3005G232000;SORBI_3006G085601;SORBI_3006G175800;SORBI_3006G175900;SORBI_3007G195300;SORBI_3009G019301;SORBI_3009G114800","6.5342e-02;6.7860e-01;5.9284e-01;6.6419e-01;6.5119e-01;8.6831e-01;4.8782e-01;6.9956e-01;8.0195e-01;7.7077e-01;3.4700e-01;4.5525e-01;1.2016e-01",0.84638
"PWY-7199","pyrimidine deoxyribonucleosides salvage",8,"SORBI_3001G261480;SORBI_3001G324400;SORBI_3002G095300;SORBI_3003G275300;SORBI_3003G372900;SORBI_3005G115500;SORBI_3008G098400;SORBI_3009G148200","5.0522e-01;1.3882e-01;3.3895e-01;8.1002e-01;1.9727e-01;8.0140e-01;7.0241e-01;4.7703e-01",0.84947
"PWY-5936","xyloglucan biosynthesis",52,"SORBI_3001G075600;SORBI_3001G228900;SORBI_3001G229000;SORBI_3001G229100;SORBI_3001G303300;SORBI_3001G396600;SORBI_3001G396700;SORBI_3001G401600;SORBI_3001G506300;SORBI_3001G506500;SORBI_3001G506600;SORBI_3001G506700;SORBI_3001G506800;SORBI_3001G506900;SORBI_3001G541601;SORBI_3002G019100;SORBI_3002G019200;SORBI_3002G022700;SORBI_3002G116800;SORBI_3002G208200;SORBI_3002G225900;SORBI_3003G059600;SORBI_3003G308100;SORBI_3004G124800;SORBI_3004G125100;SORBI_3004G125300;SORBI_3004G164000;SORBI_3004G256400;SORBI_3004G308200;SORBI_3004G308300;SORBI_3004G308400;SORBI_3004G308500;SORBI_3004G308600;SORBI_3005G144000;SORBI_3005G144101;SORBI_3005G144500;SORBI_3006G097900;SORBI_3006G186100;SORBI_3006G186200;SORBI_3006G260900;SORBI_3007G090600;SORBI_3008G035700;SORBI_3008G035800;SORBI_3008G054100;SORBI_3008G077900;SORBI_3008G138100;SORBI_3009G194200;SORBI_3010G082000;SORBI_3010G082100;SORBI_3010G082201;SORBI_3010G082300;SORBI_3010G082400","7.5505e-01;4.9658e-01;5.4038e-01;9.8105e-01;2.9913e-01;8.1178e-01;8.0459e-01;5.9152e-01;2.1862e-01;8.1477e-01;8.5884e-01;6.8110e-01;1.7417e-01;6.3010e-01;2.0737e-01;8.3789e-01;8.0393e-01;3.4621e-01;4.9749e-01;1.6537e-01;4.2428e-01;9.8020e-02;3.3757e-01;5.0763e-01;7.9480e-01;6.4276e-02;8.5101e-01;5.3736e-02;3.8388e-02;4.0395e-02;2.4785e-01;5.7934e-01;5.9106e-01;2.4616e-01;2.0591e-01;8.2455e-01;1.3891e-01;2.4874e-02;3.1369e-02;4.2429e-01;6.8230e-01;4.4626e-02;4.7449e-02;8.2462e-01;4.3472e-01;6.3795e-01;6.9731e-04;7.1209e-01;6.8776e-01;8.8705e-01;8.1517e-01;8.2078e-01",0.85017
"PWY-5098","chlorophyll <i>a</i> degradation I",9,"SORBI_3001G048400;SORBI_3001G048500;SORBI_3001G048600;SORBI_3001G306600;SORBI_3001G504900;SORBI_3003G146500;SORBI_3004G327200;SORBI_3005G120000;SORBI_3007G010900","7.4791e-01;7.7521e-01;7.4581e-01;1.5886e-03;6.7799e-01;6.5903e-01;6.0938e-01;7.4222e-01;6.6901e-02",0.85333
"PWY-5837","2-carboxy-1,4-naphthoquinol biosynthesis",10,"SORBI_3001G131400;SORBI_3002G180400;SORBI_3003G380600;SORBI_3004G044200;SORBI_3004G193800;SORBI_3007G029300;SORBI_3008G190900;SORBI_3009G035100;SORBI_3009G035200;SORBI_3009G085400","1.7868e-01;5.1877e-01;9.4768e-01;8.3899e-01;6.5264e-01;4.8493e-01;4.8916e-01;5.5294e-01;4.7063e-01;9.5741e-01",0.85398
"PWY-8001","felinine and 3-methyl-3-sulfanylbutan-1-ol biosynthesis",3,"SORBI_3002G317600;SORBI_3003G070800;SORBI_3006G104300","3.4453e-01;5.1718e-01;4.4717e-01",0.85499
"PWY-5410","traumatin and (<i>Z</i>)-3-hexen-1-yl acetate biosynthesis",20,"SORBI_3001G231400;SORBI_3001G231600;SORBI_3001G231700;SORBI_3001G338000;SORBI_3001G483400;SORBI_3002G046700;SORBI_3002G171600;SORBI_3004G007500;SORBI_3004G078600;SORBI_3004G328601;SORBI_3006G095600;SORBI_3006G209000;SORBI_3006G209200;SORBI_3006G209300;SORBI_3006G221850;SORBI_3007G210400;SORBI_3009G037100;SORBI_3009G161000;SORBI_3010G040200;SORBI_3010G040700","8.2245e-01;4.8238e-01;3.6810e-01;5.9777e-01;2.2184e-02;7.5441e-01;9.7385e-01;7.8686e-01;9.1551e-01;9.5566e-01;9.0433e-02;9.4840e-02;1.1804e-01;4.5974e-02;5.8061e-01;2.5355e-01;5.5282e-01;1.2263e-01;8.2445e-01;1.6174e-02",0.85849
"PWY-5142","acyl-[acyl-carrier protein] thioesterase pathway",9,"SORBI_3002G256800;SORBI_3002G256900;SORBI_3003G337500;SORBI_3004G293800;SORBI_3004G293900;SORBI_3004G294000;SORBI_3006G171900;SORBI_3006G259300;SORBI_3008G029200","9.3056e-02;2.3658e-01;5.3240e-01;9.3594e-03;1.3435e-02;2.0262e-02;4.1606e-01;6.0221e-01;3.7122e-01",0.86234
"PWY-5745","costunolide biosynthesis I",4,"SORBI_3005G211400;SORBI_3006G121800;SORBI_3009G064400;SORBI_3009G196700","8.7467e-01;7.5950e-01;9.1180e-02;7.9209e-03",0.86587
"PWY-3781","aerobic respiration I (cytochrome c)",298,"SORBI_3001G001200;SORBI_3001G003900;SORBI_3001G009400;SORBI_3001G010000;SORBI_3001G016100;SORBI_3001G016300;SORBI_3001G025800;SORBI_3001G033600;SORBI_3001G052100;SORBI_3001G058400;SORBI_3001G069300;SORBI_3001G072000;SORBI_3001G072900;SORBI_3001G073600;SORBI_3001G094600;SORBI_3001G115700;SORBI_3001G117600;SORBI_3001G134200;SORBI_3001G149100;SORBI_3001G151300;SORBI_3001G161100;SORBI_3001G164350;SORBI_3001G206700;SORBI_3001G212200;SORBI_3001G219700;SORBI_3001G230050;SORBI_3001G251750;SORBI_3001G256400;SORBI_3001G282300;SORBI_3001G282500;SORBI_3001G286200;SORBI_3001G292800;SORBI_3001G312700;SORBI_3001G332700;SORBI_3001G347100;SORBI_3001G392100;SORBI_3001G392800;SORBI_3001G399800;SORBI_3001G412200;SORBI_3001G423200;SORBI_3001G436600;SORBI_3001G440300;SORBI_3001G444200;SORBI_3001G458800;SORBI_3001G473400;SORBI_3001G478900;SORBI_3001G490700;SORBI_3001G491500;SORBI_3001G509600;SORBI_3001G509700;SORBI_3001G513000;SORBI_3001G519000;SORBI_3001G520700;SORBI_3002G007000;SORBI_3002G028700;SORBI_3002G034400;SORBI_3002G042900;SORBI_3002G048200;SORBI_3002G065200;SORBI_3002G084400;SORBI_3002G098600;SORBI_3002G110400;SORBI_3002G111700;SORBI_3002G120200;SORBI_3002G149000;SORBI_3002G149550;SORBI_3002G167400;SORBI_3002G172500;SORBI_3002G185100;SORBI_3002G198100;SORBI_3002G198801;SORBI_3002G200500;SORBI_3002G235600;SORBI_3002G240900;SORBI_3002G246200;SORBI_3002G251800;SORBI_3002G254500;SORBI_3002G267600;SORBI_3002G292300;SORBI_3002G308300;SORBI_3002G342600;SORBI_3002G356400;SORBI_3002G358900;SORBI_3002G384800;SORBI_3002G385200;SORBI_3002G389200;SORBI_3002G390200;SORBI_3002G395000;SORBI_3002G396700;SORBI_3002G403500;SORBI_3002G411700;SORBI_3003G014700;SORBI_3003G030100;SORBI_3003G034900;SORBI_3003G047400;SORBI_3003G109000;SORBI_3003G119100;SORBI_3003G128000;SORBI_3003G135600;SORBI_3003G137300;SORBI_3003G142400;SORBI_3003G168300;SORBI_3003G168600;SORBI_3003G170300;SORBI_3003G172966;SORBI_3003G173032;SORBI_3003G173200;SORBI_3003G182501;SORBI_3003G183900;SORBI_3003G202700;SORBI_3003G203100;SORBI_3003G218400;SORBI_3003G223000;SORBI_3003G236150;SORBI_3003G237100;SORBI_3003G239000;SORBI_3003G274800;SORBI_3003G276800;SORBI_3003G277100;SORBI_3003G279200;SORBI_3003G286200;SORBI_3003G289500;SORBI_3003G296800;SORBI_3003G299200;SORBI_3003G306800;SORBI_3003G322300;SORBI_3003G325900;SORBI_3003G333200;SORBI_3003G334200;SORBI_3003G336400;SORBI_3003G337200;SORBI_3003G350000;SORBI_3003G356100;SORBI_3003G377200;SORBI_3003G380100;SORBI_3003G398900;SORBI_3003G399100;SORBI_3003G399900;SORBI_3003G416200;SORBI_3003G419800;SORBI_3003G420000;SORBI_3003G429000;SORBI_3003G429200;SORBI_3003G429300;SORBI_3003G433600;SORBI_3003G440600;SORBI_3004G025100;SORBI_3004G027700;SORBI_3004G051600;SORBI_3004G053100;SORBI_3004G141600;SORBI_3004G155100;SORBI_3004G159000;SORBI_3004G164100;SORBI_3004G166400;SORBI_3004G174800;SORBI_3004G176500;SORBI_3004G199400;SORBI_3004G217900;SORBI_3004G241000;SORBI_3004G249200;SORBI_3004G250100;SORBI_3004G255300;SORBI_3004G266300;SORBI_3004G272600;SORBI_3004G282000;SORBI_3004G290400;SORBI_3004G291100;SORBI_3004G303466;SORBI_3004G312000;SORBI_3004G342100;SORBI_3004G344800;SORBI_3004G346200;SORBI_3004G356600;SORBI_3005G008400;SORBI_3005G017100;SORBI_3005G020000;SORBI_3005G031000;SORBI_3005G044900;SORBI_3005G081000;SORBI_3005G110400;SORBI_3005G110550;SORBI_3005G168300;SORBI_3005G210700;SORBI_3005G212201;SORBI_3006G058900;SORBI_3006G061000;SORBI_3006G069100;SORBI_3006G073600;SORBI_3006G085800;SORBI_3006G085900;SORBI_3006G089900;SORBI_3006G109400;SORBI_3006G114300;SORBI_3006G122100;SORBI_3006G128600;SORBI_3006G146400;SORBI_3006G146900;SORBI_3006G149500;SORBI_3006G153300;SORBI_3006G192600;SORBI_3006G204600;SORBI_3006G262800;SORBI_3006G266000;SORBI_3006G272300;SORBI_3006G273900;SORBI_3006G275900;SORBI_3007G006800;SORBI_3007G015300;SORBI_3007G023400;SORBI_3007G030000;SORBI_3007G033900;SORBI_3007G069101;SORBI_3007G091500;SORBI_3007G133500;SORBI_3007G134900;SORBI_3007G137800;SORBI_3007G168400;SORBI_3007G171500;SORBI_3007G172300;SORBI_3007G179600;SORBI_3007G182600;SORBI_3007G201400;SORBI_3007G208400;SORBI_3007G211500;SORBI_3007G216401;SORBI_3007G226400;SORBI_3008G009000;SORBI_3008G009300;SORBI_3008G009500;SORBI_3008G028400;SORBI_3008G031200;SORBI_3008G041000;SORBI_3008G047100;SORBI_3008G066900;SORBI_3008G072300;SORBI_3008G082800;SORBI_3008G088812;SORBI_3008G099900;SORBI_3008G100400;SORBI_3008G147400;SORBI_3008G149200;SORBI_3008G163400;SORBI_3008G170600;SORBI_3008G179000;SORBI_3009G013800;SORBI_3009G042500;SORBI_3009G054200;SORBI_3009G079400;SORBI_3009G095720;SORBI_3009G116400;SORBI_3009G134400;SORBI_3009G136200;SORBI_3009G140400;SORBI_3009G155400;SORBI_3009G176000;SORBI_3009G191400;SORBI_3009G205000;SORBI_3009G209400;SORBI_3009G210800;SORBI_3009G211100;SORBI_3009G238700;SORBI_3009G241200;SORBI_3009G245600;SORBI_3009G250700;SORBI_3009G251600;SORBI_3009G254200;SORBI_3010G011800;SORBI_3010G015200;SORBI_3010G015700;SORBI_3010G028700;SORBI_3010G031000;SORBI_3010G032300;SORBI_3010G032600;SORBI_3010G066900;SORBI_3010G067000;SORBI_3010G085000;SORBI_3010G088200;SORBI_3010G091500;SORBI_3010G092801;SORBI_3010G097700;SORBI_3010G098800;SORBI_3010G115400;SORBI_3010G134600;SORBI_3010G138700;SORBI_3010G153600;SORBI_3010G181000;SORBI_3010G189200;SORBI_3010G190900;SORBI_3010G197400;SORBI_3010G201266;SORBI_3010G227000;SORBI_3010G232700;SORBI_3010G244400;SORBI_3010G250500;SORBI_3010G255800;SORBI_3010G256000;SORBI_3010G258600","4.6574e-01;8.1457e-01;8.2057e-01;4.5083e-01;4.4192e-05;7.7138e-05;8.9968e-01;3.4695e-01;3.2130e-01;5.8596e-01;1.8581e-01;4.3069e-01;9.1594e-01;1.5254e-01;3.8231e-01;1.9858e-01;1.8407e-01;5.3800e-04;9.3573e-01;8.1335e-01;1.8669e-01;8.6040e-01;1.4213e-02;6.9987e-04;8.1624e-01;8.0355e-01;3.3797e-01;7.2895e-01;4.0246e-01;6.1534e-01;2.4434e-01;3.2307e-01;6.4672e-01;8.9876e-01;1.4619e-01;7.3676e-01;7.1647e-01;8.8432e-01;7.5963e-01;2.5335e-01;1.8291e-01;4.6349e-01;7.5511e-01;6.0039e-01;4.9798e-01;3.5854e-01;8.6657e-01;8.7457e-01;6.5912e-01;6.4702e-01;2.4700e-01;5.6491e-01;3.1265e-01;6.8110e-01;5.6602e-01;9.5908e-02;6.2360e-01;8.1464e-01;6.8427e-01;8.5074e-01;6.4990e-01;3.4849e-01;1.5248e-01;4.1500e-01;5.8110e-01;1.1630e-01;2.6247e-01;5.8640e-01;2.0642e-01;9.1559e-01;4.1669e-01;3.6973e-01;8.0661e-01;8.5745e-01;8.4561e-01;5.5795e-01;4.5359e-01;2.7212e-01;1.9391e-01;9.3476e-01;9.5048e-01;4.1036e-01;4.1466e-01;5.8915e-01;3.0603e-01;1.7929e-02;6.6112e-03;6.8597e-01;7.7668e-01;6.1106e-01;7.7604e-01;1.4264e-01;1.3848e-01;4.1682e-01;7.8228e-01;6.4881e-01;3.6254e-01;4.4346e-01;5.3224e-01;2.7363e-01;8.4116e-02;5.7943e-01;2.6798e-01;7.1056e-01;7.9467e-02;7.9467e-02;6.0331e-01;2.9452e-01;6.3751e-01;1.7507e-01;6.5012e-01;8.6542e-01;7.7977e-01;5.5673e-01;1.7389e-01;4.0812e-01;6.7567e-01;5.7348e-01;1.5903e-01;6.7026e-01;1.7844e-01;2.5351e-01;8.3457e-01;3.6044e-02;3.2797e-02;7.2073e-01;5.5916e-01;3.4138e-01;8.0154e-01;9.5177e-01;7.1974e-01;8.5124e-01;6.4146e-01;2.4951e-01;9.7087e-01;7.8773e-01;6.5778e-01;8.7438e-01;7.4858e-01;4.1263e-01;2.7869e-01;5.1623e-01;5.8463e-01;5.4708e-01;7.9057e-01;1.5799e-01;6.4881e-01;5.8615e-02;9.2650e-01;6.7548e-01;1.7313e-01;1.2769e-01;8.4475e-01;5.9026e-01;7.7972e-01;1.8963e-01;5.4451e-02;1.8366e-01;7.6574e-01;5.9890e-01;5.1940e-01;1.6970e-01;2.9263e-02;6.4882e-01;5.4321e-01;4.3101e-01;9.6885e-01;1.6126e-01;2.0398e-01;8.1507e-02;3.5843e-03;6.1562e-01;6.1652e-01;3.6003e-01;1.2580e-01;5.7623e-01;4.6918e-01;5.9652e-01;2.1996e-01;2.2470e-01;1.5102e-01;2.0255e-01;8.0947e-01;8.3584e-01;1.3899e-01;8.2058e-04;2.8744e-01;1.2610e-03;6.6177e-04;2.8523e-01;9.0608e-03;8.6381e-02;3.6930e-02;1.1760e-01;7.5669e-01;9.5963e-01;9.3269e-02;5.5431e-01;7.9852e-03;1.5816e-02;4.2004e-01;4.4332e-02;5.3286e-01;2.6171e-01;3.9022e-01;6.2471e-01;5.1872e-01;1.4532e-05;3.4356e-01;8.0462e-01;6.1343e-01;7.4528e-01;2.3640e-01;6.3684e-01;3.1345e-01;6.1025e-01;3.9048e-01;3.8879e-01;3.6796e-04;5.4298e-02;4.5816e-02;2.0297e-01;7.7405e-01;3.8508e-01;3.0927e-01;6.8084e-01;3.7659e-01;7.3750e-01;2.1598e-01;3.6198e-01;9.1941e-01;4.7223e-01;6.9674e-01;7.8234e-01;7.5696e-01;5.1603e-01;6.5777e-01;4.5602e-01;3.0020e-02;6.7685e-01;3.3503e-01;7.8174e-01;6.1170e-01;4.5629e-01;4.4102e-01;2.2631e-01;4.8601e-01;8.6130e-01;5.9070e-01;3.4123e-01;6.4096e-01;1.0913e-01;4.5000e-01;8.8714e-01;2.3208e-02;2.9280e-01;2.6746e-02;3.0253e-02;1.2000e-03;4.6105e-03;1.1545e-04;1.5258e-12;5.8840e-09;9.3112e-07;2.7754e-07;2.0370e-04;1.3811e-05;8.6875e-01;9.8596e-02;4.0281e-02;5.9220e-01;7.1275e-01;4.8789e-01;4.5991e-01;4.6689e-01;4.4961e-01;4.4686e-01;8.9950e-01;4.7864e-01;7.7083e-01;8.4468e-01;4.3594e-01;9.5400e-01;2.8128e-02;1.4126e-01;5.5325e-01;3.1455e-01;6.6647e-02;7.3136e-01;8.7505e-01;5.6928e-02;4.7625e-01;5.4766e-01;8.2002e-01;9.6674e-01;1.5177e-01;2.0518e-01;1.8202e-01",0.86608
"PYRUVDEHYD-PWY","pyruvate decarboxylation to acetyl CoA",18,"SORBI_3001G047600;SORBI_3001G155500;SORBI_3002G197500;SORBI_3002G259700;SORBI_3003G053600;SORBI_3003G152900;SORBI_3003G155300;SORBI_3004G093600;SORBI_3004G244000;SORBI_3005G044600;SORBI_3006G011200;SORBI_3007G134800;SORBI_3007G190100;SORBI_3008G059900;SORBI_3008G173000;SORBI_3009G052200;SORBI_3009G054600;SORBI_3010G101300","9.1858e-01;2.5872e-01;4.8819e-02;5.7581e-01;8.1156e-01;3.7312e-01;5.1937e-01;6.7300e-01;5.0619e-01;4.2707e-01;4.4154e-01;9.5148e-01;9.4748e-02;8.0289e-02;8.1522e-01;8.2254e-01;9.7106e-01;1.6142e-01",0.86838
"PWY-7546","diphthamide biosynthesis II (eukaryotes)",7,"SORBI_3001G017700;SORBI_3001G368700;SORBI_3001G368800;SORBI_3004G339100;SORBI_3004G343400;SORBI_3006G141000;SORBI_3010G217900","1.5718e-02;8.4290e-02;7.9128e-02;9.2046e-01;2.5582e-01;8.8350e-01;4.0864e-01",0.87022
"PWY-3341","L-proline biosynthesis III",5,"SORBI_3001G156100;SORBI_3003G356000;SORBI_3003G424300;SORBI_3007G143600;SORBI_3009G160100","6.0344e-01;5.4059e-01;8.2537e-01;8.5652e-01;4.6109e-02",0.87364
"PWY-4261","glycerol degradation I",4,"SORBI_3004G255900;SORBI_3006G029700;SORBI_3006G239800;SORBI_3007G103000","2.7596e-01;3.5243e-01;4.7067e-01;2.7793e-01",0.87941
"PWY-6363","D-<i>myo</i>-inositol (1,4,5)-trisphosphate degradation",7,"SORBI_3002G254700;SORBI_3004G023000;SORBI_3004G355000;SORBI_3007G198300;SORBI_3009G048900;SORBI_3009G211400;SORBI_3009G211600","5.3174e-01;9.4022e-01;7.7850e-01;8.6362e-01;1.1921e-01;2.9108e-04;5.4215e-02",0.88388
"PWY-7120","esterified suberin biosynthesis",5,"SORBI_3003G368100;SORBI_3003G408900;SORBI_3003G411100;SORBI_3005G122800;SORBI_3007G144400","3.7224e-01;6.3301e-01;8.9711e-01;7.5923e-01;5.9159e-01",0.88428
"PWY-6348","phosphate acquisition",33,"SORBI_3001G186800;SORBI_3001G382900;SORBI_3001G442000;SORBI_3001G442100;SORBI_3001G442200;SORBI_3001G442300;SORBI_3002G419500;SORBI_3003G279300;SORBI_3003G314400;SORBI_3004G097300;SORBI_3005G037850;SORBI_3005G107700;SORBI_3005G146300;SORBI_3005G147800;SORBI_3006G068100;SORBI_3007G171400;SORBI_3007G179266;SORBI_3008G036300;SORBI_3008G037000;SORBI_3008G113000;SORBI_3008G189500;SORBI_3009G070600;SORBI_3009G070700;SORBI_3009G070800;SORBI_3009G071000;SORBI_3009G071100;SORBI_3009G071300;SORBI_3009G130700;SORBI_3009G250300;SORBI_3010G029300;SORBI_3010G168200;SORBI_3010G205200;SORBI_3010G249300","4.3393e-01;1.4132e-01;9.2213e-01;9.2076e-01;9.4792e-01;8.5340e-01;8.0837e-01;7.7965e-01;6.3419e-01;2.4905e-01;8.0543e-01;7.0211e-01;8.2917e-01;3.6807e-01;4.1357e-04;5.3719e-04;2.6101e-02;8.9545e-01;4.6270e-01;1.4740e-01;3.4370e-01;6.9982e-01;4.8786e-01;7.7754e-01;7.9774e-01;5.8926e-01;4.7315e-01;8.5572e-01;9.9318e-07;6.6793e-01;6.2413e-01;3.9222e-01;4.6126e-01",0.89013
"PWY-6733","sporopollenin precursors biosynthesis",62,"SORBI_3001G397400;SORBI_3001G397500;SORBI_3001G491400;SORBI_3001G492400;SORBI_3001G509901;SORBI_3002G115700;SORBI_3002G128900;SORBI_3002G134100;SORBI_3002G237600;SORBI_3002G251200;SORBI_3002G265300;SORBI_3003G004900;SORBI_3003G008200;SORBI_3003G008300;SORBI_3003G088200;SORBI_3003G242000;SORBI_3003G258200;SORBI_3003G303900;SORBI_3003G360600;SORBI_3003G362700;SORBI_3003G378301;SORBI_3003G380600;SORBI_3004G060700;SORBI_3004G060766;SORBI_3004G144150;SORBI_3004G144200;SORBI_3004G288500;SORBI_3005G020300;SORBI_3005G033100;SORBI_3005G037000;SORBI_3005G054900;SORBI_3005G063300;SORBI_3005G063400;SORBI_3005G156100;SORBI_3005G224601;SORBI_3005G232000;SORBI_3006G079500;SORBI_3006G085601;SORBI_3006G175800;SORBI_3006G175900;SORBI_3006G177000;SORBI_3006G247200;SORBI_3006G247300;SORBI_3006G272600;SORBI_3007G029900;SORBI_3007G169900;SORBI_3007G170100;SORBI_3007G170700;SORBI_3007G170800;SORBI_3007G195300;SORBI_3007G206000;SORBI_3008G010800;SORBI_3008G036000;SORBI_3008G051300;SORBI_3008G076300;SORBI_3008G076401;SORBI_3009G031400;SORBI_3009G114800;SORBI_3009G155500;SORBI_3010G045400;SORBI_3010G045500;SORBI_3010G214900","3.8792e-01;3.1686e-01;8.7986e-01;9.2221e-01;1.9291e-01;5.2787e-02;6.7860e-01;6.2885e-01;7.3861e-01;6.4778e-01;5.9284e-01;3.8984e-01;6.6419e-01;6.5119e-01;7.4264e-01;3.4265e-02;8.5146e-01;5.5405e-01;8.2656e-01;8.1004e-03;8.6831e-01;9.4768e-01;9.2461e-01;5.9272e-01;8.8286e-01;9.0742e-01;2.4466e-01;8.5740e-02;3.8643e-01;3.7348e-02;2.0825e-01;7.7356e-02;8.1769e-01;5.0089e-01;9.1975e-01;4.8782e-01;6.7757e-02;6.9956e-01;8.0195e-01;7.7077e-01;3.8063e-01;2.5289e-01;5.8442e-01;6.8862e-01;5.9137e-01;7.2543e-01;4.2860e-01;2.1955e-01;1.7489e-01;3.4700e-01;6.0399e-01;2.9948e-01;1.4213e-01;8.5213e-02;7.7165e-03;7.7539e-01;8.2706e-03;1.2016e-01;1.4323e-01;3.3460e-01;7.5815e-01;5.0362e-01",0.89374
"PWY-321","cutin biosynthesis",56,"SORBI_3001G137900;SORBI_3001G195300;SORBI_3001G320300;SORBI_3001G491400;SORBI_3001G509901;SORBI_3001G530300;SORBI_3002G128900;SORBI_3002G181800;SORBI_3002G265300;SORBI_3003G004900;SORBI_3003G008200;SORBI_3003G008300;SORBI_3003G058600;SORBI_3003G242000;SORBI_3003G258200;SORBI_3003G303900;SORBI_3003G360600;SORBI_3003G362700;SORBI_3003G378301;SORBI_3003G380600;SORBI_3004G006400;SORBI_3004G282800;SORBI_3004G288500;SORBI_3005G020300;SORBI_3005G033100;SORBI_3005G037000;SORBI_3005G054900;SORBI_3005G151900;SORBI_3005G156100;SORBI_3005G219500;SORBI_3005G232000;SORBI_3006G079500;SORBI_3006G085601;SORBI_3006G175800;SORBI_3006G175900;SORBI_3006G177000;SORBI_3006G185600;SORBI_3006G247200;SORBI_3006G247300;SORBI_3006G261000;SORBI_3006G272600;SORBI_3007G015100;SORBI_3007G015200;SORBI_3007G041200;SORBI_3007G122400;SORBI_3007G195300;SORBI_3008G010800;SORBI_3008G014200;SORBI_3008G036000;SORBI_3008G051300;SORBI_3009G031400;SORBI_3009G114800;SORBI_3009G155500;SORBI_3010G045400;SORBI_3010G045500;SORBI_3010G214900","8.1133e-01;6.9580e-01;2.0089e-01;8.7986e-01;1.9291e-01;1.6724e-01;6.7860e-01;4.1578e-01;5.9284e-01;3.8984e-01;6.6419e-01;6.5119e-01;8.3595e-01;3.4265e-02;8.5146e-01;5.5405e-01;8.2656e-01;8.1004e-03;8.6831e-01;9.4768e-01;1.9501e-01;5.6542e-01;2.4466e-01;8.5740e-02;3.8643e-01;3.7348e-02;2.0825e-01;1.3339e-01;5.0089e-01;9.2239e-01;4.8782e-01;6.7757e-02;6.9956e-01;8.0195e-01;7.7077e-01;3.8063e-01;3.4431e-01;2.5289e-01;5.8442e-01;4.1449e-01;6.8862e-01;3.0137e-01;2.6101e-01;2.8911e-01;7.7478e-01;3.4700e-01;2.9948e-01;8.4305e-01;1.4213e-01;8.5213e-02;8.2706e-03;1.2016e-01;1.4323e-01;3.3460e-01;7.5815e-01;5.0362e-01",0.89619
"PWY-5807","heptaprenyl diphosphate biosynthesis",5,"SORBI_3002G123500;SORBI_3002G130000;SORBI_3002G298400;SORBI_3003G361900;SORBI_3009G246400","1.4912e-01;2.0906e-01;2.7027e-02;8.4816e-01;6.3153e-07",0.89625
"PWY-6927","chlorophyll <i>a</i> degradation II",14,"SORBI_3001G048400;SORBI_3001G048500;SORBI_3001G048600;SORBI_3001G306600;SORBI_3001G504900;SORBI_3002G275300;SORBI_3002G351200;SORBI_3003G146500;SORBI_3003G162500;SORBI_3004G034600;SORBI_3004G267700;SORBI_3004G327200;SORBI_3005G120000;SORBI_3009G140600","7.4791e-01;7.7521e-01;7.4581e-01;1.5886e-03;6.7799e-01;7.1900e-01;8.2694e-01;6.5903e-01;4.3311e-01;8.4869e-01;8.0600e-02;6.0938e-01;7.4222e-01;9.2836e-01",0.89675
"PWY-7184","pyrimidine deoxyribonucleotides <i>de novo</i> biosynthesis I",42,"SORBI_3001G142000;SORBI_3001G230200;SORBI_3001G295200;SORBI_3001G356200;SORBI_3001G385000;SORBI_3001G518200;SORBI_3002G008500;SORBI_3002G303700;SORBI_3002G306900;SORBI_3002G392800;SORBI_3002G420600;SORBI_3003G030700;SORBI_3003G152900;SORBI_3003G326100;SORBI_3004G184500;SORBI_3004G202900;SORBI_3004G336100;SORBI_3005G018200;SORBI_3005G018300;SORBI_3005G085901;SORBI_3005G086000;SORBI_3005G099500;SORBI_3005G115500;SORBI_3005G195700;SORBI_3006G036700;SORBI_3006G038800;SORBI_3006G134900;SORBI_3007G137900;SORBI_3007G190200;SORBI_3007G194100;SORBI_3008G021900;SORBI_3008G022100;SORBI_3008G091400;SORBI_3008G123600;SORBI_3008G140100;SORBI_3008G140300;SORBI_3009G166600;SORBI_3009G211900;SORBI_3009G259200;SORBI_3010G054600;SORBI_3010G106300;SORBI_3010G148866","2.5580e-01;3.9177e-01;4.4135e-02;5.3614e-01;5.7368e-01;9.1723e-02;2.1430e-01;7.8966e-01;6.3153e-01;7.4089e-01;9.6025e-01;8.3569e-01;3.7312e-01;4.4296e-01;3.7400e-03;5.2954e-01;6.7799e-01;4.5042e-01;4.4720e-01;6.6036e-01;2.3012e-01;1.2120e-01;8.0140e-01;6.7307e-01;3.9527e-01;3.7551e-03;3.1388e-01;7.1491e-01;1.3612e-01;8.1506e-01;5.5665e-01;4.3309e-01;1.7173e-01;4.9882e-01;1.9130e-01;3.3681e-01;1.9830e-01;8.4068e-04;4.8519e-01;7.8609e-01;8.5442e-01;3.4332e-01",0.89758
"PWY-1801","formaldehyde oxidation II (glutathione-dependent)",2,"SORBI_3003G420900;SORBI_3004G343200","8.3346e-01;9.1042e-02",0.9007
"PWY-6607","guanosine nucleotides degradation I",9,"SORBI_3001G073500;SORBI_3001G125000;SORBI_3001G153300;SORBI_3001G325200;SORBI_3002G072300;SORBI_3002G206800;SORBI_3003G061200;SORBI_3003G113200;SORBI_3003G274200","7.2840e-01;1.9769e-02;3.9739e-01;8.3426e-01;2.6871e-01;6.6106e-02;8.2422e-01;4.9014e-01;3.7120e-01",0.90088
"PWYQT-4445","pyrimidine salvage pathway",15,"SORBI_3001G073500;SORBI_3001G125000;SORBI_3001G153300;SORBI_3002G072300;SORBI_3002G206800;SORBI_3002G257200;SORBI_3003G061200;SORBI_3003G113200;SORBI_3003G274200;SORBI_3004G000100;SORBI_3007G169700;SORBI_3007G194700;SORBI_3007G218600;SORBI_3008G190400;SORBI_3009G160500","7.2840e-01;1.9769e-02;3.9739e-01;2.6871e-01;6.6106e-02;4.1771e-01;8.2422e-01;4.9014e-01;3.7120e-01;7.8871e-01;5.4746e-01;8.1786e-01;4.0321e-01;7.4328e-01;1.9760e-01",0.90418
"PWY-5805","nonaprenyl diphosphate biosynthesis I",4,"SORBI_3007G070000;SORBI_3008G088821;SORBI_3009G246400;SORBI_3010G229400","8.0390e-01;5.2757e-01;6.3153e-07;7.9821e-01",0.90434
"PWY0-1535","D-serine degradation",2,"SORBI_3002G317600;SORBI_3006G173600","3.4453e-01;5.2031e-01",0.90603
"TRPSYN-PWY","L-tryptophan biosynthesis",17,"SORBI_3001G029300;SORBI_3001G056400;SORBI_3001G056500;SORBI_3001G056601;SORBI_3001G112700;SORBI_3001G427700;SORBI_3001G523800;SORBI_3002G054700;SORBI_3002G160600;SORBI_3004G118400;SORBI_3004G143900;SORBI_3006G109100;SORBI_3006G112600;SORBI_3007G032000;SORBI_3007G086600;SORBI_3010G147500;SORBI_3010G198000","5.4876e-01;6.4745e-01;4.6135e-01;1.8731e-01;7.7123e-02;9.3783e-01;3.3558e-01;8.8405e-01;4.5526e-01;7.9430e-01;4.1524e-01;2.3156e-01;6.5365e-01;6.1802e-01;7.6371e-01;4.0068e-01;9.3467e-01",0.90893
"PWY-6673","caffeoylglucarate biosynthesis",5,"SORBI_3004G207500;SORBI_3004G207600;SORBI_3004G207800;SORBI_3005G127200;SORBI_3010G244100","8.1734e-01;8.4065e-01;9.6869e-01;1.1436e-01;7.7578e-01",0.91059
"PWY-7039","phosphatidate metabolism, as a signaling molecule",39,"SORBI_3001G320200;SORBI_3001G333900;SORBI_3001G349800;SORBI_3001G408001;SORBI_3001G524300;SORBI_3001G529800;SORBI_3002G098900;SORBI_3002G165140;SORBI_3002G204500;SORBI_3002G250700;SORBI_3002G282500;SORBI_3002G430500;SORBI_3003G050400;SORBI_3003G078700;SORBI_3003G147000;SORBI_3003G265100;SORBI_3003G318700;SORBI_3004G016900;SORBI_3004G324100;SORBI_3005G002000;SORBI_3005G018900;SORBI_3005G222500;SORBI_3006G230400;SORBI_3007G062000;SORBI_3007G091400;SORBI_3007G108500;SORBI_3008G002000;SORBI_3008G077600;SORBI_3008G090600;SORBI_3008G140400;SORBI_3008G183400;SORBI_3009G027800;SORBI_3009G062600;SORBI_3009G109925;SORBI_3009G110000;SORBI_3009G221500;SORBI_3010G185600;SORBI_3010G190300;SORBI_3010G209900","2.1019e-01;7.3313e-01;7.2044e-01;7.6333e-01;5.0914e-01;5.0744e-01;2.6590e-01;6.2997e-01;2.3727e-02;5.3843e-01;3.3360e-01;2.6485e-02;6.2646e-01;6.3552e-01;2.1603e-02;1.7564e-02;2.0951e-02;5.8695e-01;3.9093e-01;1.1150e-01;9.6716e-01;8.9752e-01;6.3386e-01;2.3846e-01;5.8950e-01;4.4669e-01;7.5378e-01;8.4412e-01;6.3878e-02;3.4464e-01;3.3817e-01;3.6895e-01;1.3945e-01;5.3453e-01;3.6705e-02;2.4525e-08;6.7584e-02;6.2095e-01;9.7295e-01",0.91113
"PWY-6039","chlorogenic acid biosynthesis I",35,"SORBI_3001G251300;SORBI_3002G175600;SORBI_3002G205100;SORBI_3002G205300;SORBI_3002G242300;SORBI_3003G068300;SORBI_3003G068600;SORBI_3003G068800;SORBI_3003G068900;SORBI_3003G068950;SORBI_3003G069000;SORBI_3003G069200;SORBI_3003G082800;SORBI_3003G327800;SORBI_3003G360000;SORBI_3004G212300;SORBI_3004G297800;SORBI_3004G328700;SORBI_3006G136800;SORBI_3006G136900;SORBI_3007G012700;SORBI_3007G043200;SORBI_3007G142200;SORBI_3007G165800;SORBI_3007G217200;SORBI_3007G218700;SORBI_3007G218800;SORBI_3009G157100;SORBI_3009G181800;SORBI_3010G001300;SORBI_3010G001400;SORBI_3010G034800;SORBI_3010G052200;SORBI_3010G066601;SORBI_3010G066700","9.7710e-01;5.6075e-01;7.6209e-01;8.1666e-01;5.3813e-01;1.5373e-01;1.1294e-01;2.6232e-01;3.8990e-01;7.6438e-01;8.1284e-01;7.3839e-01;4.5645e-01;7.7443e-01;2.9433e-01;3.9202e-01;2.9380e-01;9.4701e-01;6.1366e-01;6.0954e-01;6.4254e-01;5.5719e-01;9.3156e-01;4.0597e-01;6.8737e-01;3.8268e-01;3.4461e-01;1.2413e-01;2.0197e-01;2.8792e-01;3.5362e-01;6.3061e-01;2.8634e-01;8.9632e-01;4.7671e-01",0.91769
"PWY-6457","cinnamoyl-CoA biosynthesis",9,"SORBI_3001G160500;SORBI_3001G518800;SORBI_3004G220300;SORBI_3004G220400;SORBI_3004G220500;SORBI_3004G220600;SORBI_3004G220700;SORBI_3006G148800;SORBI_3006G148900","7.6919e-01;1.0567e-01;8.6353e-01;8.5883e-01;8.9250e-01;7.5753e-01;8.3227e-01;2.8940e-01;2.4986e-01",0.92064
"PWY-5337","stachyose biosynthesis",11,"SORBI_3001G019000;SORBI_3001G044800;SORBI_3001G391300;SORBI_3002G075800;SORBI_3002G423600;SORBI_3003G052300;SORBI_3005G210100;SORBI_3006G122400;SORBI_3007G064400;SORBI_3010G057300;SORBI_3010G057400","5.2949e-01;7.5524e-01;2.0034e-01;4.7075e-01;3.7175e-01;4.7190e-01;2.1646e-01;5.1660e-01;5.8929e-01;2.3042e-02;2.3511e-02",0.92422
"PWY-4203","volatile benzenoid biosynthesis I (ester formation)",28,"SORBI_3001G201800;SORBI_3001G271600;SORBI_3001G273200;SORBI_3001G277800;SORBI_3002G044700;SORBI_3002G044800;SORBI_3002G302400;SORBI_3003G269700;SORBI_3004G036100;SORBI_3004G036200;SORBI_3005G226200;SORBI_3006G019700;SORBI_3006G020200;SORBI_3006G020300;SORBI_3006G209000;SORBI_3006G209200;SORBI_3006G209300;SORBI_3006G247400;SORBI_3007G203600;SORBI_3010G011700;SORBI_3010G040200;SORBI_3010G040700;SORBI_3010G130500;SORBI_3010G179900;SORBI_3010G204000;SORBI_3010G259300;SORBI_3010G259500;SORBI_3010G259600","6.4566e-01;9.4584e-01;8.7519e-01;5.4161e-01;9.1406e-04;6.9775e-04;1.4564e-01;1.1157e-01;8.0004e-01;8.4893e-01;7.8124e-01;5.0284e-01;5.6673e-01;4.6250e-01;9.4840e-02;1.1804e-01;4.5974e-02;3.6230e-01;1.4341e-01;8.5047e-01;8.2445e-01;1.6174e-02;7.7258e-01;1.3455e-01;5.4079e-02;7.6975e-01;6.8247e-01;7.7395e-01",0.92539
"ARG-PRO-PWY","L-arginine degradation VI (arginase 2 pathway)",4,"SORBI_3001G156100;SORBI_3003G424300;SORBI_3006G004500;SORBI_3007G143600","6.0344e-01;8.2537e-01;4.9245e-01;8.5652e-01",0.92551
"PWY-5692","allantoin degradation to glyoxylate II",2,"SORBI_3002G309900;SORBI_3008G153400","8.5992e-01;8.8363e-01",0.92564
"CHLOROPHYLL-SYN","3,8-divinyl-chlorophyllide <i>a</i> biosynthesis I (aerobic, light-dependent)",12,"SORBI_3001G041800;SORBI_3001G379700;SORBI_3001G383900;SORBI_3003G132100;SORBI_3003G137100;SORBI_3003G225100;SORBI_3006G129700;SORBI_3006G210800;SORBI_3006G264900;SORBI_3007G076700;SORBI_3008G051000;SORBI_3010G022100","3.2918e-01;8.5302e-01;3.6790e-01;8.6667e-01;7.1061e-01;6.2276e-01;9.4836e-01;6.2086e-01;3.5237e-01;3.8572e-01;6.7638e-01;2.0502e-01",0.92733
"PWY-5350","thiosulfate disproportionation IV (rhodanese)",6,"SORBI_3004G002600;SORBI_3004G053000;SORBI_3006G032700;SORBI_3008G162000;SORBI_3010G270200;SORBI_3010G270300","1.6714e-01;7.5022e-01;8.5944e-01;7.8156e-01;7.7989e-01;6.3940e-01",0.93325
"PWY-5800","xylan biosynthesis",27,"SORBI_3001G242000;SORBI_3001G283400;SORBI_3001G409100;SORBI_3002G171200;SORBI_3002G333800;SORBI_3002G333900;SORBI_3002G334000;SORBI_3002G334100;SORBI_3002G334200;SORBI_3002G334300;SORBI_3002G334400;SORBI_3002G334500;SORBI_3002G430700;SORBI_3003G063400;SORBI_3003G129400;SORBI_3003G254700;SORBI_3006G002600;SORBI_3006G242100;SORBI_3007G050600;SORBI_3007G100800;SORBI_3008G125700;SORBI_3009G026101;SORBI_3009G229300;SORBI_3010G008600;SORBI_3010G136250;SORBI_3010G146000;SORBI_3010G238800","3.0262e-01;8.3579e-01;1.9287e-01;4.5724e-01;8.5921e-01;6.1139e-01;3.7972e-01;3.7504e-01;3.7676e-01;3.9188e-01;5.0664e-01;3.6851e-01;7.7348e-01;6.3110e-01;2.1707e-01;7.8822e-01;1.3381e-01;9.6284e-02;8.4193e-01;8.8389e-01;5.6975e-01;5.3079e-01;4.8629e-13;2.7065e-01;7.9815e-01;3.4721e-01;5.0382e-01",0.93467
"PWY-5859","eugenol and isoeugenol biosynthesis",7,"SORBI_3003G104350;SORBI_3003G394600;SORBI_3006G209000;SORBI_3006G209200;SORBI_3006G209300;SORBI_3010G040200;SORBI_3010G040700","2.8258e-02;7.4272e-01;9.4840e-02;1.1804e-01;4.5974e-02;8.2445e-01;1.6174e-02",0.93575
"PWY-5971","palmitate biosynthesis II (bacteria and plants)",43,"SORBI_3001G397400;SORBI_3001G397500;SORBI_3002G151000;SORBI_3002G256800;SORBI_3002G256900;SORBI_3002G401301;SORBI_3003G004900;SORBI_3003G242000;SORBI_3003G258200;SORBI_3003G303900;SORBI_3003G337500;SORBI_3004G080200;SORBI_3004G152800;SORBI_3004G178100;SORBI_3004G293800;SORBI_3004G293900;SORBI_3004G294000;SORBI_3005G020300;SORBI_3005G033100;SORBI_3005G054900;SORBI_3005G156100;SORBI_3006G043700;SORBI_3006G079500;SORBI_3006G171900;SORBI_3006G247200;SORBI_3006G247300;SORBI_3006G259300;SORBI_3006G272600;SORBI_3007G079600;SORBI_3007G112100;SORBI_3007G209800;SORBI_3007G225200;SORBI_3007G225300;SORBI_3008G010800;SORBI_3008G029200;SORBI_3008G051300;SORBI_3008G087300;SORBI_3009G031400;SORBI_3009G150900;SORBI_3010G045400;SORBI_3010G045500;SORBI_3010G073500;SORBI_3010G214900","3.8792e-01;3.1686e-01;6.1364e-01;9.3056e-02;2.3658e-01;3.0225e-01;3.8984e-01;3.4265e-02;8.5146e-01;5.5405e-01;5.3240e-01;5.9859e-01;4.8591e-01;4.1160e-03;9.3594e-03;1.3435e-02;2.0262e-02;8.5740e-02;3.8643e-01;2.0825e-01;5.0089e-01;7.6722e-02;6.7757e-02;4.1606e-01;2.5289e-01;5.8442e-01;6.0221e-01;6.8862e-01;2.6662e-01;9.1838e-01;6.3412e-01;3.1023e-01;4.9956e-01;2.9948e-01;3.7122e-01;8.5213e-02;6.6242e-01;8.2706e-03;5.7239e-01;3.3460e-01;7.5815e-01;2.5518e-01;5.0362e-01",0.9358
"PWY-7219","adenosine ribonucleotides <i>de novo</i> biosynthesis",14,"SORBI_3001G126300;SORBI_3001G392500;SORBI_3001G486700;SORBI_3001G518500;SORBI_3002G116200;SORBI_3003G233500;SORBI_3006G157000;SORBI_3006G261300;SORBI_3007G009200;SORBI_3007G021200;SORBI_3007G022600;SORBI_3007G113600;SORBI_3008G084100;SORBI_3008G084600","1.2723e-01;5.4023e-01;6.9949e-01;1.1492e-01;1.9715e-02;4.7887e-01;4.6103e-01;2.7490e-01;3.4810e-01;8.5640e-01;9.2983e-01;7.9751e-01;1.5498e-01;1.0901e-01",0.93865
"MANNOSYL-CHITO-DOLICHOL-BIOS...","MANNOSYL-CHITO-DOLICHOL-BIOS...",0,"","",0.93897
"ASPARAGINE-DEG1-PWY","L-asparagine degradation I",9,"SORBI_3001G174700;SORBI_3004G012300;SORBI_3004G225000;SORBI_3004G225100;SORBI_3004G225200;SORBI_3006G153700;SORBI_3006G243200;SORBI_3006G271700;SORBI_3007G005100","9.4043e-01;9.5775e-01;5.5890e-01;6.2672e-01;4.4464e-01;3.7737e-01;3.2797e-01;3.7734e-01;6.7661e-01",0.93939
"PWY-762","phospholipid desaturation",2,"SORBI_3007G065600;SORBI_3008G005600","9.4987e-01;8.5031e-01",0.94079
"PWY-6606","guanosine nucleotides degradation II",13,"SORBI_3001G026900;SORBI_3001G073500;SORBI_3001G125000;SORBI_3001G153300;SORBI_3001G325200;SORBI_3002G072300;SORBI_3002G090200;SORBI_3002G090300;SORBI_3002G134400;SORBI_3002G206800;SORBI_3003G061200;SORBI_3003G113200;SORBI_3003G274200","5.0095e-03;7.2840e-01;1.9769e-02;3.9739e-01;8.3426e-01;2.6871e-01;9.8756e-02;1.8713e-01;7.6468e-01;6.6106e-02;8.2422e-01;4.9014e-01;3.7120e-01",0.94125
"PWY-1121","suberin monomers biosynthesis",67,"SORBI_3001G160500;SORBI_3001G320300;SORBI_3001G346800;SORBI_3001G491400;SORBI_3001G509901;SORBI_3001G530300;SORBI_3002G126600;SORBI_3002G128900;SORBI_3002G181800;SORBI_3002G242300;SORBI_3002G265300;SORBI_3002G325000;SORBI_3003G004900;SORBI_3003G008200;SORBI_3003G008300;SORBI_3003G242000;SORBI_3003G258200;SORBI_3003G303900;SORBI_3003G327800;SORBI_3003G337400;SORBI_3003G360600;SORBI_3003G362700;SORBI_3003G378301;SORBI_3003G380600;SORBI_3004G141200;SORBI_3004G220300;SORBI_3004G220400;SORBI_3004G220500;SORBI_3004G220600;SORBI_3004G220700;SORBI_3004G282800;SORBI_3004G288500;SORBI_3005G020300;SORBI_3005G033100;SORBI_3005G037000;SORBI_3005G054900;SORBI_3005G156100;SORBI_3005G232000;SORBI_3006G079500;SORBI_3006G085601;SORBI_3006G148800;SORBI_3006G148900;SORBI_3006G175800;SORBI_3006G175900;SORBI_3006G177000;SORBI_3006G185600;SORBI_3006G247200;SORBI_3006G247300;SORBI_3006G272600;SORBI_3007G043200;SORBI_3007G047300;SORBI_3007G122400;SORBI_3007G195300;SORBI_3007G217200;SORBI_3007G218700;SORBI_3007G218800;SORBI_3008G010800;SORBI_3008G036000;SORBI_3008G051300;SORBI_3009G031400;SORBI_3009G114800;SORBI_3009G155500;SORBI_3009G181800;SORBI_3010G045400;SORBI_3010G045500;SORBI_3010G052200;SORBI_3010G214900","7.6919e-01;2.0089e-01;7.5575e-01;8.7986e-01;1.9291e-01;1.6724e-01;3.9879e-01;6.7860e-01;4.1578e-01;5.3813e-01;5.9284e-01;6.7140e-01;3.8984e-01;6.6419e-01;6.5119e-01;3.4265e-02;8.5146e-01;5.5405e-01;7.7443e-01;5.0434e-01;8.2656e-01;8.1004e-03;8.6831e-01;9.4768e-01;2.0118e-01;8.6353e-01;8.5883e-01;8.9250e-01;7.5753e-01;8.3227e-01;5.6542e-01;2.4466e-01;8.5740e-02;3.8643e-01;3.7348e-02;2.0825e-01;5.0089e-01;4.8782e-01;6.7757e-02;6.9956e-01;2.8940e-01;2.4986e-01;8.0195e-01;7.7077e-01;3.8063e-01;3.4431e-01;2.5289e-01;5.8442e-01;6.8862e-01;5.5719e-01;1.0399e-01;7.7478e-01;3.4700e-01;6.8737e-01;3.8268e-01;3.4461e-01;2.9948e-01;1.4213e-01;8.5213e-02;8.2706e-03;1.2016e-01;1.4323e-01;2.0197e-01;3.3460e-01;7.5815e-01;2.8634e-01;5.0362e-01",0.94158
"PWY-5989","stearate biosynthesis II (bacteria and plants)",38,"SORBI_3002G151000;SORBI_3002G256800;SORBI_3002G256900;SORBI_3003G004900;SORBI_3003G242000;SORBI_3003G258200;SORBI_3003G303900;SORBI_3003G337500;SORBI_3004G152800;SORBI_3004G178100;SORBI_3004G293800;SORBI_3004G293900;SORBI_3004G294000;SORBI_3005G020300;SORBI_3005G033100;SORBI_3005G054900;SORBI_3005G156100;SORBI_3006G043700;SORBI_3006G079500;SORBI_3006G171900;SORBI_3006G247200;SORBI_3006G247300;SORBI_3006G259300;SORBI_3006G272600;SORBI_3007G079600;SORBI_3007G112100;SORBI_3007G209800;SORBI_3007G225200;SORBI_3007G225300;SORBI_3008G010800;SORBI_3008G029200;SORBI_3008G051300;SORBI_3008G087300;SORBI_3009G031400;SORBI_3009G150900;SORBI_3010G045400;SORBI_3010G045500;SORBI_3010G214900","6.1364e-01;9.3056e-02;2.3658e-01;3.8984e-01;3.4265e-02;8.5146e-01;5.5405e-01;5.3240e-01;4.8591e-01;4.1160e-03;9.3594e-03;1.3435e-02;2.0262e-02;8.5740e-02;3.8643e-01;2.0825e-01;5.0089e-01;7.6722e-02;6.7757e-02;4.1606e-01;2.5289e-01;5.8442e-01;6.0221e-01;6.8862e-01;2.6662e-01;9.1838e-01;6.3412e-01;3.1023e-01;4.9956e-01;2.9948e-01;3.7122e-01;8.5213e-02;6.6242e-01;8.2706e-03;5.7239e-01;3.3460e-01;7.5815e-01;5.0362e-01",0.94308
"PWY-702","L-methionine biosynthesis II (plants)",4,"SORBI_3001G148900;SORBI_3002G317600;SORBI_3004G357900;SORBI_3008G178800","6.6087e-01;3.4453e-01;5.9069e-01;4.8747e-01",0.94699
"PWY-5148","acyl-CoA hydrolysis",11,"SORBI_3002G128900;SORBI_3002G265300;SORBI_3003G008200;SORBI_3003G008300;SORBI_3003G378301;SORBI_3005G232000;SORBI_3006G085601;SORBI_3006G175800;SORBI_3006G175900;SORBI_3007G195300;SORBI_3009G114800","6.7860e-01;5.9284e-01;6.6419e-01;6.5119e-01;8.6831e-01;4.8782e-01;6.9956e-01;8.0195e-01;7.7077e-01;3.4700e-01;1.2016e-01",0.94797
"HEME-BIOSYNTHESIS-II","heme <i>b</i> biosynthesis I (aerobic)",9,"SORBI_3001G379700;SORBI_3002G159300;SORBI_3003G137100;SORBI_3003G225100;SORBI_3004G006200;SORBI_3004G179400;SORBI_3006G129700;SORBI_3006G210800;SORBI_3007G076700","8.5302e-01;3.0755e-01;7.1061e-01;6.2276e-01;7.2850e-01;4.5912e-03;9.4836e-01;6.2086e-01;3.8572e-01",0.94854
"PWY-6549","L-glutamine biosynthesis III",26,"SORBI_3001G116400;SORBI_3001G231000;SORBI_3001G326900;SORBI_3001G451500;SORBI_3001G512800;SORBI_3002G167000;SORBI_3002G316900;SORBI_3002G402700;SORBI_3003G100600;SORBI_3003G129900;SORBI_3003G241500;SORBI_3003G301800;SORBI_3004G078000;SORBI_3004G101900;SORBI_3004G106900;SORBI_3004G202100;SORBI_3004G247000;SORBI_3006G000100;SORBI_3006G120900;SORBI_3006G141600;SORBI_3006G249400;SORBI_3007G068100;SORBI_3007G106500;SORBI_3009G132900;SORBI_3009G238900;SORBI_3010G160700","7.1323e-01;3.2063e-01;6.4792e-01;8.2383e-01;5.4559e-01;8.4727e-01;9.5081e-02;6.0909e-01;6.7067e-01;5.4302e-01;7.5665e-01;5.9425e-01;8.6163e-01;3.4077e-01;1.5049e-02;7.7316e-02;8.1662e-02;2.9245e-02;6.1969e-01;3.8300e-01;6.2022e-02;6.1591e-01;8.7767e-01;5.1937e-01;3.0930e-08;9.5076e-01",0.95366
"PWY-6040","chlorogenic acid biosynthesis II",23,"SORBI_3002G175600;SORBI_3002G205100;SORBI_3002G205300;SORBI_3003G068300;SORBI_3003G068600;SORBI_3003G068800;SORBI_3003G068900;SORBI_3003G068950;SORBI_3003G069000;SORBI_3003G069200;SORBI_3003G082800;SORBI_3003G327800;SORBI_3004G212300;SORBI_3004G297800;SORBI_3004G328700;SORBI_3006G136800;SORBI_3006G136900;SORBI_3007G142200;SORBI_3007G165800;SORBI_3009G181800;SORBI_3010G034800;SORBI_3010G066601;SORBI_3010G066700","5.6075e-01;7.6209e-01;8.1666e-01;1.5373e-01;1.1294e-01;2.6232e-01;3.8990e-01;7.6438e-01;8.1284e-01;7.3839e-01;4.5645e-01;7.7443e-01;3.9202e-01;2.9380e-01;9.4701e-01;6.1366e-01;6.0954e-01;9.3156e-01;4.0597e-01;2.0197e-01;6.3061e-01;8.9632e-01;4.7671e-01",0.96051
"PWY-6330","acetaldehyde biosynthesis II",4,"SORBI_3001G405500;SORBI_3002G429000;SORBI_3003G061300;SORBI_3009G169000","4.2833e-01;3.5451e-01;8.4946e-01;5.8218e-01",0.96787
"PWY-5326","sulfite oxidation IV",2,"SORBI_3007G194300;SORBI_3009G043500","8.5976e-01;6.0665e-01",0.97217
"PWY-6950","DIMBOA-glucoside biosynthesis",4,"SORBI_3008G112000;SORBI_3010G054500;SORBI_3010G079700;SORBI_3010G105100","2.9482e-01;6.9461e-01;9.7231e-01;7.5374e-01",0.97332
"PWY-8028","cycloartenol biosynthesis",7,"SORBI_3004G014400;SORBI_3004G037100;SORBI_3004G037200;SORBI_3005G109500;SORBI_3007G078200;SORBI_3007G090472;SORBI_3010G253500","6.7399e-01;3.2755e-01;3.0783e-01;6.1499e-01;4.1622e-01;7.6493e-02;5.5929e-01",0.97728
"PWY-1822","indole-3-acetate activation I",7,"SORBI_3001G021900;SORBI_3001G022000;SORBI_3002G093300;SORBI_3002G093400;SORBI_3002G093500;SORBI_3008G016600;SORBI_3010G241200","7.9106e-01;8.6757e-01;1.8358e-01;2.5109e-01;1.3270e-02;3.5539e-01;8.0409e-01",0.97817
"PWY-6473","4-aminobutanoate degradation IV",4,"SORBI_3004G058600;SORBI_3004G182500;SORBI_3006G214200;SORBI_3007G074500","4.5061e-01;9.6491e-01;9.6967e-01;7.9543e-02",0.98114
"PWY-6535","4-aminobutanoate degradation I",4,"SORBI_3004G058600;SORBI_3004G182500;SORBI_3006G214200;SORBI_3007G074500","4.5061e-01;9.6491e-01;9.6967e-01;7.9543e-02",0.98114
"PWY-7185","UTP and CTP dephosphorylation I",26,"SORBI_3001G073500;SORBI_3001G125000;SORBI_3001G153300;SORBI_3001G356200;SORBI_3001G385000;SORBI_3002G072300;SORBI_3002G206800;SORBI_3002G420600;SORBI_3003G017300;SORBI_3003G061200;SORBI_3003G113200;SORBI_3003G221200;SORBI_3003G241000;SORBI_3003G274200;SORBI_3005G018200;SORBI_3005G018300;SORBI_3005G085901;SORBI_3005G086000;SORBI_3005G099500;SORBI_3007G137900;SORBI_3008G021900;SORBI_3008G022100;SORBI_3008G127100;SORBI_3009G166600;SORBI_3009G239301;SORBI_3009G239500","7.2840e-01;1.9769e-02;3.9739e-01;5.3614e-01;5.7368e-01;2.6871e-01;6.6106e-02;9.6025e-01;5.6400e-01;8.2422e-01;4.9014e-01;4.1697e-01;1.1137e-02;3.7120e-01;4.5042e-01;4.4720e-01;6.6036e-01;2.3012e-01;1.2120e-01;7.1491e-01;5.5665e-01;4.3309e-01;5.1521e-01;1.9830e-01;1.9580e-08;3.1260e-09",0.9833
"PWY1F-467","phenylpropanoid biosynthesis, initial reactions",11,"SORBI_3001G160500;SORBI_3002G126600;SORBI_3003G337400;SORBI_3004G141200;SORBI_3004G220300;SORBI_3004G220400;SORBI_3004G220500;SORBI_3004G220600;SORBI_3004G220700;SORBI_3006G148800;SORBI_3006G148900","7.6919e-01;3.9879e-01;5.0434e-01;2.0118e-01;8.6353e-01;8.5883e-01;8.9250e-01;7.5753e-01;8.3227e-01;2.8940e-01;2.4986e-01",0.98491
"PWY-6483","ceramide degradation",7,"SORBI_3001G194200;SORBI_3002G339500;SORBI_3002G339666;SORBI_3002G339732;SORBI_3003G317400;SORBI_3006G163800;SORBI_3007G041500","8.0823e-01;9.2825e-01;9.4004e-01;8.7190e-01;5.9226e-01;5.4145e-01;2.2254e-01",0.98775
"PWYQT-4429","CO<sub>2</sub> fixation into oxaloacetate (anaplerotic)",7,"SORBI_3002G167000;SORBI_3003G100600;SORBI_3003G234400;SORBI_3003G301800;SORBI_3004G106900;SORBI_3007G106500;SORBI_3010G160700","8.4727e-01;6.7067e-01;1.1059e-02;5.9425e-01;1.5049e-02;8.7767e-01;9.5076e-01",0.98981
"PWY-5068","chlorophyll cycle",7,"SORBI_3001G150600;SORBI_3003G010600;SORBI_3003G258500;SORBI_3003G435800;SORBI_3007G162600;SORBI_3009G104700;SORBI_3009G115100","5.0323e-01;6.4681e-01;7.2575e-01;9.5291e-01;6.9921e-01;3.7076e-01;5.1959e-01",0.99184
"PWY-241","C4 photosynthetic carbon assimilation cycle, NADP-ME type",18,"SORBI_3001G326900;SORBI_3002G167000;SORBI_3003G036000;SORBI_3003G036200;SORBI_3003G100600;SORBI_3003G234400;SORBI_3003G280900;SORBI_3003G292400;SORBI_3003G301800;SORBI_3004G106900;SORBI_3005G154850;SORBI_3007G106500;SORBI_3007G166200;SORBI_3007G166300;SORBI_3009G069600;SORBI_3009G108700;SORBI_3009G132900;SORBI_3010G160700","6.4792e-01;8.4727e-01;8.6554e-01;2.3015e-01;6.7067e-01;1.1059e-02;5.4302e-01;2.6126e-01;5.9425e-01;1.5049e-02;9.6860e-01;8.7767e-01;2.6300e-01;8.2398e-02;7.9130e-01;5.7521e-01;5.1937e-01;9.5076e-01",0.99777
"PWY-6801","volatile esters biosynthesis (during fruit ripening)",20,"SORBI_3001G201800;SORBI_3001G271600;SORBI_3001G273200;SORBI_3001G277800;SORBI_3003G105500;SORBI_3006G019700;SORBI_3006G020200;SORBI_3006G020300;SORBI_3006G209000;SORBI_3006G209200;SORBI_3006G209300;SORBI_3006G247400;SORBI_3007G203600;SORBI_3010G040200;SORBI_3010G040700;SORBI_3010G179900;SORBI_3010G204000;SORBI_3010G259300;SORBI_3010G259500;SORBI_3010G259600","6.4566e-01;9.4584e-01;8.7519e-01;5.4161e-01;3.0455e-01;5.0284e-01;5.6673e-01;4.6250e-01;9.4840e-02;1.1804e-01;4.5974e-02;3.6230e-01;1.4341e-01;8.2445e-01;1.6174e-02;1.3455e-01;5.4079e-02;7.6975e-01;6.8247e-01;7.7395e-01",0.99781
