"pathway_id","pathway_name","n_genes","calib_mode","acat_p","fisher_p","tfisher_p_analytic","tau_hat","tfisher_stat_hat","minp_p_analytic","stouffer_p_analytic","magma_pvalue","omni_p_analytic","omni_p_analytic_BH","omni_p_global","omni_p_global_BH","omni_p_mvn","omni_p_mvn_BH","acat_p_mvn_cal","fisher_p_mvn_cal","tfisher_p_mvn_cal","minp_p_mvn_cal","stouffer_p_mvn_cal","omni_p_mvn_compcal","omni_p_final","omni_p_final_BH","omni_p_final_q_storey","omni_p_final_q_bky10","omni_p_final_q_ihw10","genes_used","gene_pvals_used","dominant_component","agreement_score","agreement_k","agreement_m","calibration_impact"
"GLUCONEO-PWY","gluconeogenesis I",56,"mvn",1.0434929616867e-05,0.0812303596222482,2.2524555554071e-09,0.001,17.175875191884,1.04349865273821e-05,0.676733947376764,NA,1.12574174981894e-08,7.95782961078908e-08,NA,NA,1.99996000079998e-05,0.000118838202946086,NA,NA,NA,NA,NA,NA,1.99996000079998e-05,0.000118838202946086,5.72407882281158e-05,0.000171562194393997,0.000118838202946086,"SORBI_3001G071800;SORBI_3002G230600;SORBI_3003G238500;SORBI_3009G240700;SORBI_3008G186200;SORBI_3007G137600;SORBI_3001G073900;SORBI_3001G219300;SORBI_3006G170800;SORBI_3002G385700;SORBI_3002G309400;SORBI_3003G072300;SORBI_3003G352300;SORBI_3002G277100;SORBI_3007G166300;SORBI_3007G166200;SORBI_3005G154850;SORBI_3009G069600;SORBI_3009G108700;SORBI_3003G280900;SORBI_3003G292400;SORBI_3003G036200;SORBI_3003G036000;SORBI_3004G338000;SORBI_3001G432800;SORBI_3006G198400;SORBI_3010G027000;SORBI_3010G026925;SORBI_3001G426100;SORBI_3002G186900;SORBI_3003G336000;SORBI_3008G116600;SORBI_3001G384100;SORBI_3010G221800;SORBI_3009G183700;SORBI_3004G055200;SORBI_3001G236800;SORBI_3010G262466;SORBI_3010G262500;SORBI_3010G262433;SORBI_3010G100200;SORBI_3009G016700;SORBI_3005G159000;SORBI_3004G056400;SORBI_3004G205100;SORBI_3007G025400;SORBI_3010G188300;SORBI_3003G096000;SORBI_3003G393900;SORBI_3005G056400;SORBI_3008G053200;SORBI_3004G146000;SORBI_3010G219700;SORBI_3003G367500;SORBI_3009G152700;SORBI_3001G425400","4.326e-01;2.940e-01;5.706e-01;1.863e-07;9.367e-02;2.977e-01;3.159e-01;4.197e-01;9.079e-01;1.608e-01;5.676e-01;5.533e-02;8.386e-01;5.519e-01;8.240e-02;2.630e-01;9.686e-01;7.913e-01;5.752e-01;5.430e-01;2.613e-01;2.301e-01;8.655e-01;7.417e-01;7.923e-01;1.014e-01;8.495e-01;7.710e-01;7.696e-01;7.431e-01;3.009e-01;5.094e-01;1.003e-01;6.879e-01;6.136e-02;6.047e-01;9.135e-03;9.694e-01;8.000e-01;9.565e-01;6.563e-01;7.858e-01;6.364e-01;5.993e-01;3.382e-01;8.301e-01;5.370e-01;6.602e-01;5.923e-01;9.084e-01;1.885e-01;4.005e-01;6.492e-01;6.747e-02;3.036e-01;5.739e-01","tfisher_p_analytic",0.6,3,5,"Remains_significant"
"GLUGLNSYN-PWY","L-glutamate biosynthesis IV",6,"mvn",6.21619296991103e-12,1.80332648108396e-13,1e-50,0.05,65.2227890991957,6.2159999999839e-12,4.63062096052466e-06,NA,5.55111512312578e-17,5.05768266773682e-16,NA,NA,1.99996000079998e-05,0.000118838202946086,NA,NA,NA,NA,NA,NA,1.99996000079998e-05,0.000118838202946086,5.72407882281158e-05,0.000171562194393997,0.000118838202946086,"SORBI_3007G174600;SORBI_3004G209300;SORBI_3005G150250;SORBI_3009G225700;SORBI_3003G258800;SORBI_3010G060800","5.608e-03;1.478e-04;7.844e-01;1.036e-12;3.236e-01;5.630e-01","tfisher_p_analytic",1,5,5,"Remains_significant"
"GLUTAMINDEG-PWY","L-glutamine degradation I",34,"mvn",3.52115603714334e-11,9.53208763121189e-19,1e-50,0.001,92.2326985080103,3.5223999999398e-11,3.43597386279413e-06,NA,1e-50,1.36666666666667e-48,NA,NA,1.99996000079998e-05,0.000118838202946086,NA,NA,NA,NA,NA,NA,1.99996000079998e-05,0.000118838202946086,5.72407882281158e-05,0.000171562194393997,0.000118838202946086,"SORBI_3003G221200;SORBI_3003G241000;SORBI_3003G017300;SORBI_3009G239500;SORBI_3009G239301;SORBI_3008G127100;SORBI_3003G193700;SORBI_3004G265900;SORBI_3007G104300;SORBI_3010G060800;SORBI_3003G258800;SORBI_3009G225700;SORBI_3005G150250;SORBI_3004G209300;SORBI_3007G174600;SORBI_3010G110000;SORBI_3005G003200;SORBI_3008G139800;SORBI_3001G406800;SORBI_3001G432300;SORBI_3006G278500;SORBI_3001G265500;SORBI_3001G151700;SORBI_3006G028000;SORBI_3006G027900;SORBI_3002G301500;SORBI_3005G143500;SORBI_3005G139300;SORBI_3006G237100;SORBI_3002G301600;SORBI_3002G301700;SORBI_3004G028500;SORBI_3002G005600;SORBI_3002G402700","4.170e-01;1.114e-02;5.640e-01;3.126e-09;1.958e-08;5.152e-01;4.308e-02;5.455e-01;7.905e-01;5.630e-01;3.236e-01;1.036e-12;7.844e-01;1.478e-04;5.608e-03;8.016e-01;5.721e-01;1.332e-01;7.645e-01;9.033e-01;8.357e-01;7.911e-01;6.904e-01;2.448e-03;3.103e-02;9.148e-01;2.911e-01;1.369e-01;2.991e-01;7.700e-01;7.375e-01;4.788e-01;2.289e-01;6.091e-01","tfisher_p_analytic",1,5,5,"Remains_significant"
"GLYOXYLATE-BYPASS","glyoxylate cycle",17,"mvn",3.16772799260093e-06,0.000113442281727023,1.11022302462516e-15,0.001,17.175875191884,3.1677752777314e-06,0.0263711685512593,NA,5.71764857681956e-15,4.59654101273729e-14,NA,NA,1.99996000079998e-05,0.000118838202946086,NA,NA,NA,NA,NA,NA,1.99996000079998e-05,0.000118838202946086,5.72407882281158e-05,0.000171562194393997,0.000118838202946086,"SORBI_3003G238500;SORBI_3009G240700;SORBI_3008G186200;SORBI_3007G137600;SORBI_3001G073900;SORBI_3001G219300;SORBI_3006G170800;SORBI_3002G385700;SORBI_3002G309400;SORBI_3007G068100;SORBI_3001G512800;SORBI_3006G000100;SORBI_3002G316900;SORBI_3004G101900;SORBI_3004G078000;SORBI_3002G324000;SORBI_3006G127100","5.706e-01;1.863e-07;9.367e-02;2.977e-01;3.159e-01;4.197e-01;9.079e-01;1.608e-01;5.676e-01;6.159e-01;5.456e-01;2.925e-02;9.508e-02;3.408e-01;8.616e-01;2.323e-02;6.618e-01","tfisher_p_analytic",1,5,5,"Remains_significant"
"HOMOSER-THRESYN-PWY","L-threonine biosynthesis",3,"mvn",2.4809461960373e-05,8.22638182165367e-06,1e-50,0.2,26.0565341408184,2.48283945141075e-05,0.00139869360995511,NA,5.55111512312578e-17,5.05768266773682e-16,NA,NA,1.99996000079998e-05,0.000118838202946086,NA,NA,NA,NA,NA,NA,1.99996000079998e-05,0.000118838202946086,5.72407882281158e-05,0.000171562194393997,0.000118838202946086,"SORBI_3003G265400;SORBI_3009G220000;SORBI_3004G357900","1.062e-02;8.276e-06;5.907e-01","tfisher_p_analytic",1,5,5,"Remains_significant"
"LIPASYN-PWY","phospholipases",106,"mvn",2.08490310662939e-06,0.00140120922458732,2.22044604925031e-16,0.001,40.4331279403815,3.30899657690731e-06,0.505576260029681,NA,1.11022302462516e-15,9.89546608905031e-15,NA,NA,1.99996000079998e-05,0.000118838202946086,NA,NA,NA,NA,NA,NA,1.99996000079998e-05,0.000118838202946086,5.72407882281158e-05,0.000171562194393997,0.000118838202946086,"SORBI_3009G027800;SORBI_3005G018900;SORBI_3005G002000;SORBI_3008G090600;SORBI_3008G002000;SORBI_3001G408001;SORBI_3002G430500;SORBI_3003G107900;SORBI_3003G430100;SORBI_3005G170100;SORBI_3001G008600;SORBI_3001G029200;SORBI_3010G159700;SORBI_3010G159900;SORBI_3010G160000;SORBI_3010G047800;SORBI_3003G370500;SORBI_3003G390900;SORBI_3010G160033;SORBI_3003G370600;SORBI_3003G432600;SORBI_3003G239200;SORBI_3003G038000;SORBI_3003G239500;SORBI_3003G274700;SORBI_3003G239100;SORBI_3003G418700;SORBI_3003G391000;SORBI_3009G135100;SORBI_3009G240600;SORBI_3009G125300;SORBI_3009G240500;SORBI_3009G117500;SORBI_3009G014600;SORBI_3009G149700;SORBI_3005G203800;SORBI_3005G111400;SORBI_3005G032700;SORBI_3008G170100;SORBI_3004G297600;SORBI_3004G300100;SORBI_3007G187000;SORBI_3007G011300;SORBI_3007G036900;SORBI_3001G373200;SORBI_3001G365100;SORBI_3001G295700;SORBI_3006G214500;SORBI_3002G320900;SORBI_3002G409500;SORBI_3002G262300;SORBI_3002G177200;SORBI_3002G213300;SORBI_3010G228100;SORBI_3003G029000;SORBI_3003G029200;SORBI_3003G389400;SORBI_3003G074600;SORBI_3003G074500;SORBI_3005G186400;SORBI_3005G186100;SORBI_3005G159400;SORBI_3005G186200;SORBI_3005G219100;SORBI_3005G219000;SORBI_3005G145100;SORBI_3008G135401;SORBI_3008G166050;SORBI_3004G357800;SORBI_3007G158700;SORBI_3007G158500;SORBI_3007G158600;SORBI_3007G158800;SORBI_3001G157700;SORBI_3001G433900;SORBI_3001G103800;SORBI_3001G279800;SORBI_3001G288200;SORBI_3001G448800;SORBI_3001G348600;SORBI_3001G067500;SORBI_3001G429900;SORBI_3001G120400;SORBI_3001G158200;SORBI_3001G157900;SORBI_3006G276100;SORBI_3002G401900;SORBI_3002G228700;SORBI_3002G031800;SORBI_3002G377600;SORBI_3010G209900;SORBI_3010G185600;SORBI_3003G147000;SORBI_3003G050400;SORBI_3009G109925;SORBI_3009G062600;SORBI_3009G110000;SORBI_3005G222500;SORBI_3008G183400;SORBI_3004G016900;SORBI_3001G529800;SORBI_3001G349800;SORBI_3001G320200;SORBI_3002G098900;SORBI_3002G282500;SORBI_3002G204500","3.690e-01;9.672e-01;1.115e-01;6.388e-02;7.538e-01;7.633e-01;2.649e-02;8.823e-01;9.647e-01;7.296e-01;8.338e-01;3.634e-02;5.843e-01;3.123e-01;5.723e-01;9.164e-01;8.132e-01;7.461e-01;5.913e-01;7.084e-01;5.959e-01;8.396e-03;8.126e-01;2.444e-02;5.343e-01;2.807e-01;8.180e-01;3.514e-01;7.072e-01;3.122e-08;7.960e-01;5.317e-08;7.968e-01;2.684e-02;5.804e-01;1.915e-01;4.103e-01;6.567e-01;4.869e-01;4.669e-01;6.540e-02;1.162e-01;8.326e-01;5.985e-01;6.968e-01;2.650e-01;3.944e-02;3.318e-01;3.732e-01;5.245e-01;5.108e-01;5.958e-01;9.199e-01;9.652e-02;8.483e-01;3.870e-01;2.974e-01;3.877e-01;2.459e-01;7.486e-01;3.714e-01;6.221e-01;6.237e-01;8.499e-01;8.499e-01;5.389e-01;8.245e-01;8.403e-01;5.727e-01;9.393e-01;5.747e-01;5.647e-01;1.267e-01;8.044e-01;4.288e-01;8.351e-01;5.113e-01;1.226e-01;6.808e-01;2.255e-01;3.674e-01;7.268e-01;3.391e-01;4.381e-01;6.335e-01;6.362e-01;1.983e-01;3.781e-01;9.013e-01;4.456e-01;9.729e-01;6.758e-02;2.160e-02;6.265e-01;5.345e-01;1.394e-01;3.671e-02;8.975e-01;3.382e-01;5.869e-01;5.074e-01;7.204e-01;2.102e-01;2.659e-01;3.336e-01;2.373e-02","tfisher_p_analytic",0.8,4,5,"Remains_significant"
"PHOSLIPSYN2-PWY","superpathway of phospholipid biosynthesis II (plants)",4,"mvn",1.31104657179396e-11,3.28716850286528e-10,1e-50,0.001,39.0723087793918,1.31103999999355e-11,4.57347144722983e-06,NA,5.55111512312578e-17,5.05768266773682e-16,NA,NA,1.99996000079998e-05,0.000118838202946086,NA,NA,NA,NA,NA,NA,1.99996000079998e-05,0.000118838202946086,5.72407882281158e-05,0.000171562194393997,0.000118838202946086,"SORBI_3003G095800;SORBI_3009G225100;SORBI_3010G223300;SORBI_3006G060000","5.447e-01;3.278e-12;9.505e-02;3.748e-01","tfisher_p_analytic",1,5,5,"Remains_significant"
"PWY-1269","CMP-3-deoxy-D-<I>manno</I>-octulosonate biosynthesis",3,"mvn",2.69769509565899e-13,8.90793149203188e-12,1e-50,0.001,46.2638456193377,2.69807999999976e-13,2.37046503899489e-05,NA,5.55111512312578e-17,5.05768266773682e-16,NA,NA,1.99996000079998e-05,0.000118838202946086,NA,NA,NA,NA,NA,NA,1.99996000079998e-05,0.000118838202946086,5.72407882281158e-05,0.000171562194393997,0.000118838202946086,"SORBI_3004G047400;SORBI_3008G075200;SORBI_3009G231100","9.419e-01;1.962e-01;8.994e-14","tfisher_p_analytic",1,5,5,"Remains_significant"
"PWY-2161B","glutamate removal from folates",3,"mvn",0.00076011953921445,1.29310370179203e-07,1e-50,0.2,33.1170592977809,0.00186082458258312,6.02678568134183e-09,NA,5.55111512312578e-17,5.05768266773682e-16,NA,NA,1.99996000079998e-05,0.000118838202946086,NA,NA,NA,NA,NA,NA,1.99996000079998e-05,0.000118838202946086,5.72407882281158e-05,0.000171562194393997,0.000118838202946086,"SORBI_3009G199001;SORBI_3009G199200;SORBI_3009G199100","1.299e-03;6.386e-04;6.207e-04","tfisher_p_analytic",1,5,5,"Remains_significant"
"PWY-2161B-PMN","folate polyglutamylation II",5,"mvn",0.00126005448870575,1.49971391359249e-07,1e-50,0.2,35.7214804952774,0.00309945020180135,3.38512324216925e-07,NA,5.55111512312578e-17,5.05768266773682e-16,NA,NA,1.99996000079998e-05,0.000118838202946086,NA,NA,NA,NA,NA,NA,1.99996000079998e-05,0.000118838202946086,5.72407882281158e-05,0.000171562194393997,0.000118838202946086,"SORBI_3001G535500;SORBI_3001G201900;SORBI_3009G199001;SORBI_3009G199200;SORBI_3009G199100","2.514e-01;5.439e-02;1.299e-03;6.386e-04;6.207e-04","tfisher_p_analytic",1,5,5,"Remains_significant"
"PWY-2681","<i>trans</i>-zeatin biosynthesis",21,"mvn",4.06290692421262e-06,1.15907791827646e-09,1e-50,0.1,73.8740355804136,4.69138951942723e-06,0.00109112977837323,NA,5.55111512312578e-17,5.05768266773682e-16,NA,NA,1.99996000079998e-05,0.000118838202946086,NA,NA,NA,NA,NA,NA,1.99996000079998e-05,0.000118838202946086,5.72407882281158e-05,0.000171562194393997,0.000118838202946086,"SORBI_3003G162200;SORBI_3003G261700;SORBI_3009G223100;SORBI_3001G042901;SORBI_3006G059900;SORBI_3002G076700;SORBI_3003G202200;SORBI_3003G273700;SORBI_3009G254900;SORBI_3009G214600;SORBI_3004G221100;SORBI_3001G127700;SORBI_3001G374200;SORBI_3001G004500;SORBI_3001G217700;SORBI_3006G149300;SORBI_3002G286400;SORBI_3002G102900;SORBI_3004G352000;SORBI_3007G133600;SORBI_3002G197000","8.103e-01;8.262e-01;2.234e-07;5.081e-03;4.032e-01;5.534e-03;7.731e-01;4.249e-01;1.446e-06;2.593e-03;9.802e-01;7.771e-01;5.268e-01;6.504e-01;6.107e-01;6.065e-03;1.686e-01;5.855e-01;8.472e-01;6.360e-02;3.774e-01","tfisher_p_analytic",1,5,5,"Remains_significant"
"PWY-2781","<i>cis</i>-zeatin biosynthesis",4,"mvn",8.9359961854952e-07,1.94270054844668e-05,1e-50,0.001,16.8130933426583,8.93599700554685e-07,0.00589204122455184,NA,5.55111512312578e-17,5.05768266773682e-16,NA,NA,1.99996000079998e-05,0.000118838202946086,NA,NA,NA,NA,NA,NA,1.99996000079998e-05,0.000118838202946086,5.72407882281158e-05,0.000171562194393997,0.000118838202946086,"SORBI_3010G277700;SORBI_3003G442000;SORBI_3009G223100;SORBI_3002G407800","4.806e-01;6.267e-01;2.234e-07;2.552e-01","tfisher_p_analytic",1,5,5,"Remains_significant"
"PWY-3385","choline biosynthesis I",12,"mvn",0.000131790215769541,2.95647771146754e-06,1e-50,0.02,26.8042887712661,0.000181976820268703,0.00222296531158861,NA,5.55111512312578e-17,5.05768266773682e-16,NA,NA,1.99996000079998e-05,0.000118838202946086,NA,NA,NA,NA,NA,NA,1.99996000079998e-05,0.000118838202946086,5.72407882281158e-05,0.000171562194393997,0.000118838202946086,"SORBI_3003G354500;SORBI_3003G266600;SORBI_3003G266500;SORBI_3009G120400;SORBI_3009G218900;SORBI_3004G291700;SORBI_3001G219800;SORBI_3003G277700;SORBI_3003G040700;SORBI_3009G211000;SORBI_3002G053600;SORBI_3002G214400","4.293e-01;1.210e-01;5.801e-02;3.313e-01;1.517e-05;4.295e-02;8.265e-01;4.210e-01;6.629e-01;3.988e-05;9.060e-01;1.796e-01","tfisher_p_analytic",1,5,5,"Remains_significant"
"PWY-3462","L-phenylalanine biosynthesis II",6,"mvn",0.00092618157933238,0.0208189816495492,1.18452589958906e-08,0.001,3.73862056849323,0.000925023269971063,0.264453948990479,NA,5.92247436648208e-08,3.98067949222566e-07,NA,NA,1.99996000079998e-05,0.000118838202946086,NA,NA,NA,NA,NA,NA,1.99996000079998e-05,0.000118838202946086,5.72407882281158e-05,0.000171562194393997,0.000118838202946086,"SORBI_3001G320700;SORBI_3006G066200;SORBI_3002G133100;SORBI_3003G306100;SORBI_3004G065500;SORBI_3007G141500","8.191e-01;1.542e-04;6.567e-01;7.590e-01;1.885e-01;5.372e-01","tfisher_p_analytic",0.8,4,5,"Remains_significant"
"PWY-3781","aerobic respiration I (cytochrome c)",298,"mvn",4.54557285353547e-10,8.05312505915285e-21,1e-50,0.001,136.089791322508,4.54688399896976e-10,1.74233633949265e-05,NA,1e-50,1.36666666666667e-48,NA,NA,1.99996000079998e-05,0.000118838202946086,NA,NA,NA,NA,NA,NA,1.99996000079998e-05,0.000118838202946086,5.72407882281158e-05,0.000171562194393997,0.000118838202946086,"SORBI_3002G149000;SORBI_3002G028700;SORBI_3002G185100;SORBI_3001G206700;SORBI_3001G072000;SORBI_3007G023400;SORBI_3010G015200;SORBI_3010G031000;SORBI_3010G032300;SORBI_3010G085000;SORBI_3010G091500;SORBI_3010G134600;SORBI_3010G189200;SORBI_3010G088200;SORBI_3010G138700;SORBI_3010G258600;SORBI_3010G011800;SORBI_3010G115400;SORBI_3010G197400;SORBI_3010G255800;SORBI_3010G067000;SORBI_3010G190900;SORBI_3010G232700;SORBI_3010G092801;SORBI_3010G028700;SORBI_3010G097700;SORBI_3010G181000;SORBI_3010G032600;SORBI_3010G256000;SORBI_3010G066900;SORBI_3010G153600;SORBI_3010G227000;SORBI_3010G244400;SORBI_3010G250500;SORBI_3010G015700;SORBI_3003G420000;SORBI_3003G350000;SORBI_3003G183900;SORBI_3003G142400;SORBI_3003G306800;SORBI_3003G336400;SORBI_3003G399900;SORBI_3003G356100;SORBI_3003G433600;SORBI_3003G109000;SORBI_3003G128000;SORBI_3003G236150;SORBI_3003G337200;SORBI_3003G119100;SORBI_3003G182501;SORBI_3003G276800;SORBI_3003G299200;SORBI_3003G325900;SORBI_3003G333200;SORBI_3003G419800;SORBI_3003G289500;SORBI_3003G030100;SORBI_3003G203100;SORBI_3003G137300;SORBI_3003G239000;SORBI_3003G399100;SORBI_3003G277100;SORBI_3003G334200;SORBI_3003G398900;SORBI_3003G202700;SORBI_3003G223000;SORBI_3003G237100;SORBI_3003G047400;SORBI_3003G014700;SORBI_3003G218400;SORBI_3003G377200;SORBI_3003G380100;SORBI_3009G013800;SORBI_3009G042500;SORBI_3009G079400;SORBI_3009G241200;SORBI_3009G134400;SORBI_3009G155400;SORBI_3009G210800;SORBI_3009G136200;SORBI_3009G140400;SORBI_3009G054200;SORBI_3009G116400;SORBI_3009G205000;SORBI_3009G245600;SORBI_3009G211100;SORBI_3009G238700;SORBI_3009G250700;SORBI_3009G251600;SORBI_3009G254200;SORBI_3005G008400;SORBI_3005G017100;SORBI_3005G081000;SORBI_3005G212201;SORBI_3005G020000;SORBI_3005G110550;SORBI_3005G110400;SORBI_3005G210700;SORBI_3005G168300;SORBI_3005G044900;SORBI_3008G088812;SORBI_3008G099900;SORBI_3008G009000;SORBI_3008G009500;SORBI_3008G066900;SORBI_3008G028400;SORBI_3008G047100;SORBI_3008G163400;SORBI_3008G179000;SORBI_3008G147400;SORBI_3008G170600;SORBI_3008G149200;SORBI_3008G041000;SORBI_3008G100400;SORBI_3008G082800;SORBI_3008G009300;SORBI_3008G072300;SORBI_3004G025100;SORBI_3008G031200;SORBI_3004G053100;SORBI_3004G312000;SORBI_3004G141600;SORBI_3004G303466;SORBI_3004G291100;SORBI_3004G272600;SORBI_3004G290400;SORBI_3004G027700;SORBI_3004G199400;SORBI_3004G217900;SORBI_3004G346200;SORBI_3004G174800;SORBI_3004G241000;SORBI_3004G266300;SORBI_3004G051600;SORBI_3004G164100;SORBI_3004G356600;SORBI_3004G250100;SORBI_3004G282000;SORBI_3004G255300;SORBI_3004G176500;SORBI_3007G179600;SORBI_3007G182600;SORBI_3007G201400;SORBI_3007G069101;SORBI_3007G216401;SORBI_3007G226400;SORBI_3007G006800;SORBI_3007G137800;SORBI_3007G015300;SORBI_3007G091500;SORBI_3007G030000;SORBI_3001G312700;SORBI_3007G033900;SORBI_3007G208400;SORBI_3001G509600;SORBI_3001G001200;SORBI_3001G219700;SORBI_3001G094600;SORBI_3001G016300;SORBI_3001G052100;SORBI_3001G256400;SORBI_3001G520700;SORBI_3001G025800;SORBI_3001G058400;SORBI_3001G212200;SORBI_3001G423200;SORBI_3001G003900;SORBI_3001G332700;SORBI_3001G016100;SORBI_3001G161100;SORBI_3001G010000;SORBI_3001G444200;SORBI_3001G412200;SORBI_3001G149100;SORBI_3001G513000;SORBI_3001G151300;SORBI_3001G292800;SORBI_3001G399800;SORBI_3001G436600;SORBI_3001G440300;SORBI_3001G009400;SORBI_3001G392100;SORBI_3001G478900;SORBI_3001G117600;SORBI_3001G282300;SORBI_3001G069300;SORBI_3001G491500;SORBI_3001G033600;SORBI_3001G347100;SORBI_3001G509700;SORBI_3001G072900;SORBI_3001G490700;SORBI_3006G262800;SORBI_3006G149500;SORBI_3006G153300;SORBI_3006G266000;SORBI_3006G073600;SORBI_3006G109400;SORBI_3006G146400;SORBI_3006G192600;SORBI_3006G122100;SORBI_3006G146900;SORBI_3006G272300;SORBI_3006G085900;SORBI_3006G114300;SORBI_3006G061000;SORBI_3006G204600;SORBI_3006G275900;SORBI_3006G085800;SORBI_3006G089900;SORBI_3006G069100;SORBI_3006G128600;SORBI_3006G273900;SORBI_3002G235600;SORBI_3002G098600;SORBI_3002G120200;SORBI_3002G358900;SORBI_3002G111700;SORBI_3002G172500;SORBI_3002G251800;SORBI_3002G385200;SORBI_3002G240900;SORBI_3002G389200;SORBI_3002G042900;SORBI_3002G384800;SORBI_3002G198801;SORBI_3002G034400;SORBI_3002G198100;SORBI_3002G292300;SORBI_3002G084400;SORBI_3002G403500;SORBI_3002G007000;SORBI_3002G167400;SORBI_3002G267600;SORBI_3002G411700;SORBI_3002G110400;SORBI_3002G200500;SORBI_3002G048200;SORBI_3002G065200;SORBI_3002G390200;SORBI_3010G201266;SORBI_3010G098800;SORBI_3003G170300;SORBI_3003G172966;SORBI_3003G296800;SORBI_3003G429200;SORBI_3003G173032;SORBI_3003G168300;SORBI_3003G416200;SORBI_3003G322300;SORBI_3003G429300;SORBI_3003G135600;SORBI_3003G286200;SORBI_3003G429000;SORBI_3003G279200;SORBI_3003G173200;SORBI_3009G176000;SORBI_3009G209400;SORBI_3009G095720;SORBI_3009G191400;SORBI_3005G031000;SORBI_3004G166400;SORBI_3004G344800;SORBI_3004G249200;SORBI_3004G155100;SORBI_3007G211500;SORBI_3007G172300;SORBI_3007G134900;SORBI_3007G168400;SORBI_3007G133500;SORBI_3001G286200;SORBI_3001G164350;SORBI_3001G282500;SORBI_3001G473400;SORBI_3001G519000;SORBI_3001G073600;SORBI_3001G134200;SORBI_3001G115700;SORBI_3001G230050;SORBI_3001G251750;SORBI_3001G392800;SORBI_3002G149550;SORBI_3002G254500;SORBI_3002G396700;SORBI_3002G246200;SORBI_3002G308300;SORBI_3002G356400;SORBI_3002G395000;SORBI_3003G274800;SORBI_3003G168600;SORBI_3004G342100;SORBI_3007G171500;SORBI_3001G458800;SORBI_3002G342600;SORBI_3006G058900;SORBI_3004G159000;SORBI_3003G440600;SORBI_3003G034900","5.811e-01;5.660e-01;2.064e-01;1.421e-02;4.307e-01;8.046e-01;9.860e-02;7.127e-01;4.879e-01;4.469e-01;4.786e-01;2.813e-02;6.665e-02;8.995e-01;1.413e-01;1.820e-01;8.688e-01;9.540e-01;8.750e-01;1.518e-01;4.496e-01;7.314e-01;5.477e-01;7.708e-01;5.922e-01;8.447e-01;3.145e-01;4.599e-01;2.052e-01;4.669e-01;5.533e-01;4.763e-01;8.200e-01;9.667e-01;4.028e-02;2.787e-01;8.512e-01;6.375e-01;8.412e-02;3.280e-02;9.518e-01;8.744e-01;6.415e-01;7.906e-01;6.488e-01;4.435e-01;5.567e-01;7.197e-01;3.625e-01;2.945e-01;5.735e-01;3.604e-02;5.592e-01;3.414e-01;4.126e-01;2.535e-01;1.385e-01;6.501e-01;2.736e-01;4.081e-01;6.578e-01;1.590e-01;8.015e-01;7.877e-01;1.751e-01;7.798e-01;1.739e-01;7.823e-01;1.426e-01;8.654e-01;2.495e-01;9.709e-01;2.263e-01;4.860e-01;5.907e-01;5.884e-09;1.091e-01;2.321e-02;4.611e-03;4.500e-01;8.871e-01;8.613e-01;6.410e-01;3.025e-02;9.311e-07;1.155e-04;1.526e-12;2.775e-07;2.037e-04;1.381e-05;1.258e-01;5.762e-01;2.247e-01;1.390e-01;4.692e-01;2.026e-01;1.510e-01;8.358e-01;8.095e-01;2.200e-01;4.560e-01;3.002e-02;7.375e-01;3.620e-01;7.570e-01;9.194e-01;7.823e-01;6.117e-01;4.410e-01;3.350e-01;4.563e-01;7.817e-01;6.967e-01;6.768e-01;6.578e-01;2.160e-01;5.160e-01;6.488e-01;4.722e-01;6.755e-01;8.151e-02;1.731e-01;2.040e-01;1.613e-01;5.432e-01;9.688e-01;5.862e-02;1.837e-01;7.657e-01;6.165e-01;1.896e-01;5.989e-01;6.488e-01;9.265e-01;5.903e-01;3.600e-01;1.697e-01;4.310e-01;2.926e-02;5.445e-02;4.582e-02;2.030e-01;7.741e-01;2.364e-01;6.808e-01;3.766e-01;1.453e-05;3.905e-01;3.436e-01;6.368e-01;6.134e-01;6.467e-01;7.453e-01;3.851e-01;6.591e-01;4.657e-01;8.162e-01;3.823e-01;7.714e-05;3.213e-01;7.289e-01;3.126e-01;8.997e-01;5.860e-01;6.999e-04;2.534e-01;8.146e-01;8.988e-01;4.419e-05;1.867e-01;4.508e-01;7.551e-01;7.596e-01;9.357e-01;2.470e-01;8.134e-01;3.231e-01;8.843e-01;1.829e-01;4.635e-01;8.206e-01;7.368e-01;3.585e-01;1.841e-01;4.025e-01;1.858e-01;8.746e-01;3.469e-01;1.462e-01;6.470e-01;9.159e-01;8.666e-01;5.329e-01;7.985e-03;1.582e-02;2.617e-01;6.618e-04;3.693e-02;9.327e-02;4.200e-01;7.567e-01;5.543e-01;3.902e-01;9.061e-03;1.176e-01;2.874e-01;4.433e-02;5.187e-01;2.852e-01;8.638e-02;1.261e-03;9.596e-01;6.247e-01;8.066e-01;6.499e-01;4.150e-01;4.147e-01;1.525e-01;5.864e-01;5.579e-01;3.060e-01;8.575e-01;1.793e-02;6.236e-01;5.891e-01;4.167e-01;9.591e-02;9.156e-01;1.939e-01;8.507e-01;6.111e-01;6.811e-01;2.625e-01;2.721e-01;7.760e-01;3.485e-01;3.697e-01;8.146e-01;6.843e-01;6.611e-03;5.693e-02;4.359e-01;7.106e-01;7.947e-02;8.346e-01;5.846e-01;7.947e-02;5.794e-01;7.486e-01;7.207e-01;5.471e-01;5.322e-01;1.784e-01;5.162e-01;6.703e-01;6.033e-01;2.928e-01;1.200e-03;3.412e-01;2.675e-02;5.965e-01;7.797e-01;6.156e-01;5.194e-01;1.277e-01;3.093e-01;5.430e-02;6.102e-01;3.888e-01;3.135e-01;2.443e-01;8.604e-01;6.153e-01;4.980e-01;5.649e-01;1.525e-01;5.380e-04;1.986e-01;8.035e-01;3.380e-01;7.165e-01;1.163e-01;4.536e-01;7.767e-01;8.456e-01;9.348e-01;4.104e-01;6.860e-01;6.757e-01;2.680e-01;3.584e-03;3.680e-04;6.004e-01;9.505e-01;8.206e-04;8.448e-01;1.580e-01;4.168e-01","tfisher_p_analytic",1,5,5,"Remains_significant"
"PWY-3981","&beta;-alanine biosynthesis I",10,"mvn",0.0206880702702309,0.000273545401098994,1.26051195370458e-07,0.2,23.5661154722143,0.0327772621791675,0.00688850898405391,NA,6.29947921271246e-07,4.03560387064392e-06,NA,NA,1.99996000079998e-05,0.000118838202946086,NA,NA,NA,NA,NA,NA,1.99996000079998e-05,0.000118838202946086,5.72407882281158e-05,0.000171562194393997,0.000118838202946086,"SORBI_3002G318100;SORBI_3002G215700;SORBI_3006G163300;SORBI_3004G250900;SORBI_3004G300800;SORBI_3008G057500;SORBI_3005G064800;SORBI_3003G203500;SORBI_3010G178300;SORBI_3010G113000","7.305e-03;1.509e-01;4.539e-01;4.542e-01;3.327e-03;9.508e-01;4.076e-02;8.925e-02;7.339e-02;9.978e-02","tfisher_p_analytic",1,5,5,"Remains_significant"
"PWY-5046","2-oxoisovalerate decarboxylation to isobutanoyl-CoA",9,"mvn",0.00144449378213818,0.123319363960242,7.06182703869018e-07,0.001,3.67355551175944,0.00143305644191818,0.805752398608845,NA,3.52744280618378e-06,2.12684051549316e-05,NA,NA,1.99996000079998e-05,0.000118838202946086,NA,NA,NA,NA,NA,NA,1.99996000079998e-05,0.000118838202946086,5.72407882281158e-05,0.000171562194393997,0.000118838202946086,"SORBI_3005G044600;SORBI_3009G052200;SORBI_3009G054600;SORBI_3003G155300;SORBI_3003G152900;SORBI_3003G148800;SORBI_3008G062200;SORBI_3002G392800;SORBI_3002G046800","4.271e-01;8.225e-01;9.711e-01;5.194e-01;3.731e-01;1.593e-04;5.785e-01;7.409e-01;8.018e-01","tfisher_p_analytic",0.6,3,5,"Remains_significant"
"PWY-5080","very long chain fatty acid biosynthesis I",65,"mvn",7.53406372179792e-07,1.40101131141783e-06,1e-50,0.01,59.6053455157738,8.68464628686154e-07,0.00802084982678634,NA,5.55111512312578e-17,5.05768266773682e-16,NA,NA,1.99996000079998e-05,0.000118838202946086,NA,NA,NA,NA,NA,NA,1.99996000079998e-05,0.000118838202946086,5.72407882281158e-05,0.000171562194393997,0.000118838202946086,"SORBI_3003G071100;SORBI_3003G071300;SORBI_3003G071400;SORBI_3009G164400;SORBI_3002G096300;SORBI_3002G284200;SORBI_3002G284400;SORBI_3006G016500;SORBI_3010G081900;SORBI_3003G071600;SORBI_3010G124500;SORBI_3010G124600;SORBI_3010G124300;SORBI_3010G124900;SORBI_3010G018600;SORBI_3003G070600;SORBI_3005G063000;SORBI_3004G203900;SORBI_3001G532501;SORBI_3001G307600;SORBI_3001G370000;SORBI_3001G307300;SORBI_3001G510200;SORBI_3001G307400;SORBI_3006G125800;SORBI_3006G125600;SORBI_3002G137300;SORBI_3010G108301;SORBI_3010G108100;SORBI_3010G107200;SORBI_3010G108600;SORBI_3010G181500;SORBI_3010G108200;SORBI_3010G107400;SORBI_3010G108001;SORBI_3010G273200;SORBI_3003G178500;SORBI_3003G178700;SORBI_3009G236100;SORBI_3009G241000;SORBI_3005G193600;SORBI_3005G168700;SORBI_3008G188400;SORBI_3004G249400;SORBI_3004G086800;SORBI_3004G341300;SORBI_3007G127600;SORBI_3007G076100;SORBI_3001G124500;SORBI_3001G247700;SORBI_3001G438100;SORBI_3001G482300;SORBI_3001G264500;SORBI_3001G354700;SORBI_3001G093000;SORBI_3001G495500;SORBI_3001G221900;SORBI_3001G453200;SORBI_3006G166900;SORBI_3006G020500;SORBI_3006G020600;SORBI_3006G211000;SORBI_3002G179700;SORBI_3002G268500;SORBI_3002G268300","8.442e-01;8.427e-01;8.301e-01;5.536e-01;2.743e-01;6.132e-01;5.361e-01;6.329e-01;5.589e-01;7.059e-01;6.287e-01;8.552e-01;6.672e-01;8.899e-01;4.892e-01;5.981e-01;2.720e-02;4.426e-02;3.360e-01;4.707e-01;2.250e-01;2.277e-01;7.379e-01;6.938e-02;5.252e-01;4.542e-01;4.077e-01;4.931e-02;7.888e-01;1.906e-01;4.744e-01;3.219e-01;8.167e-01;9.125e-01;8.132e-01;2.334e-01;2.736e-01;3.376e-01;8.751e-08;1.336e-08;7.925e-01;1.406e-01;8.304e-01;8.941e-02;1.766e-01;2.346e-01;2.241e-01;6.190e-01;6.431e-01;4.702e-01;2.095e-03;3.684e-01;1.525e-01;8.174e-01;4.653e-04;4.610e-01;9.599e-02;7.652e-01;8.711e-01;3.587e-01;3.125e-01;3.943e-01;1.720e-01;5.146e-02;4.072e-01","tfisher_p_analytic",1,5,5,"Remains_significant"
"PWY-5097","L-lysine biosynthesis VI",15,"mvn",0.000801378701438171,4.27972084213933e-06,1e-50,0.1,40.1044572686609,0.000928202697883805,0.00191910465422269,NA,5.55111512312578e-17,5.05768266773682e-16,NA,NA,1.99996000079998e-05,0.000118838202946086,NA,NA,NA,NA,NA,NA,1.99996000079998e-05,0.000118838202946086,5.72407882281158e-05,0.000171562194393997,0.000118838202946086,"SORBI_3007G171200;SORBI_3001G438600;SORBI_3001G531800;SORBI_3008G038600;SORBI_3008G133600;SORBI_3008G133500;SORBI_3001G401700;SORBI_3001G471100;SORBI_3010G216300;SORBI_3006G186600;SORBI_3001G081900;SORBI_3003G412100;SORBI_3001G011700;SORBI_3002G111800;SORBI_3002G155100","6.857e-04;1.148e-01;1.759e-02;8.913e-01;2.712e-02;2.701e-01;3.206e-01;9.501e-01;7.690e-01;6.191e-05;5.251e-01;5.599e-01;9.662e-04;6.907e-01;5.353e-01","tfisher_p_analytic",1,5,5,"Remains_significant"
"PWY-5120","geranylgeranyl diphosphate biosynthesis",6,"mvn",2.84945744983864e-06,1.2641763219263e-10,1e-50,0.2,55.87284589172,3.78917401755292e-06,8.96007766394241e-09,NA,5.55111512312578e-17,5.05768266773682e-16,NA,NA,1.99996000079998e-05,0.000118838202946086,NA,NA,NA,NA,NA,NA,1.99996000079998e-05,0.000118838202946086,5.72407882281158e-05,0.000171562194393997,0.000118838202946086,"SORBI_3003G270500;SORBI_3003G111500;SORBI_3009G216800;SORBI_3004G287300;SORBI_3002G353300;SORBI_3009G246400","4.447e-02;5.274e-01;1.915e-06;2.192e-02;3.456e-01;6.315e-07","tfisher_p_analytic",1,5,5,"Remains_significant"
"PWY-5121","superpathway of geranylgeranyl diphosphate biosynthesis II (via MEP)",6,"mvn",2.84945744983864e-06,1.26417632192629e-10,1e-50,0.2,55.87284589172,3.78917401755292e-06,8.96007766394241e-09,NA,5.55111512312578e-17,5.05768266773682e-16,NA,NA,1.99996000079998e-05,0.000118838202946086,NA,NA,NA,NA,NA,NA,1.99996000079998e-05,0.000118838202946086,5.72407882281158e-05,0.000171562194393997,0.000118838202946086,"SORBI_3003G270500;SORBI_3003G111500;SORBI_3009G216800;SORBI_3009G246400;SORBI_3004G287300;SORBI_3002G353300","4.447e-02;5.274e-01;1.915e-06;6.315e-07;2.192e-02;3.456e-01","tfisher_p_analytic",1,5,5,"Remains_significant"
"PWY-5123","<i>trans, trans</i>-farnesyl diphosphate biosynthesis",7,"mvn",1.34044255187837e-05,6.50152942907308e-06,1e-50,0.2,31.3697940789548,1.3406322972434e-05,5.41517257195967e-06,NA,5.55111512312578e-17,5.05768266773682e-16,NA,NA,1.99996000079998e-05,0.000118838202946086,NA,NA,NA,NA,NA,NA,1.99996000079998e-05,0.000118838202946086,5.72407882281158e-05,0.000171562194393997,0.000118838202946086,"SORBI_3009G137700;SORBI_3004G327500;SORBI_3002G330500;SORBI_3003G270500;SORBI_3009G216800;SORBI_3006G248000;SORBI_3002G353300","2.940e-01;6.008e-01;2.259e-02;4.447e-02;1.915e-06;1.283e-01;3.456e-01","tfisher_p_analytic",1,5,5,"Remains_significant"
"PWY-5398","crocetin esters biosynthesis",8,"mvn",0.00126076866263031,0.0648063923733342,2.45142985133562e-07,0.001,3.6981840317506,0.00125834670124527,0.057322534008707,NA,1.2252282511338e-06,7.72836281484399e-06,NA,NA,1.99996000079998e-05,0.000118838202946086,NA,NA,NA,NA,NA,NA,1.99996000079998e-05,0.000118838202946086,5.72407882281158e-05,0.000171562194393997,0.000118838202946086,"SORBI_3010G178900;SORBI_3010G179500;SORBI_3010G179150;SORBI_3010G179000;SORBI_3003G042900;SORBI_3009G066100;SORBI_3008G011700;SORBI_3001G223400","6.652e-01;3.385e-01;7.318e-01;6.328e-01;1.574e-04;5.263e-01;4.595e-01;8.107e-01","tfisher_p_analytic",0.6,3,5,"Remains_significant"
"PWY-5486","pyruvate fermentation to ethanol II",15,"mvn",2.15039187159226e-08,3.89503206157686e-11,1e-50,0.005,57.3844046707254,3.51644994229471e-08,0.000406412212532256,NA,5.55111512312578e-17,5.05768266773682e-16,NA,NA,1.99996000079998e-05,0.000118838202946086,NA,NA,NA,NA,NA,NA,1.99996000079998e-05,0.000118838202946086,5.72407882281158e-05,0.000171562194393997,0.000118838202946086,"SORBI_3002G429000;SORBI_3001G405500;SORBI_3009G169000;SORBI_3003G061300;SORBI_3002G379200;SORBI_3002G379100;SORBI_3001G264000;SORBI_3001G475800;SORBI_3001G097600;SORBI_3001G475900;SORBI_3001G263900;SORBI_3004G226500;SORBI_3004G343200;SORBI_3005G103300;SORBI_3005G103500","3.545e-01;4.283e-01;5.822e-01;8.495e-01;2.344e-09;3.690e-09;1.265e-01;6.571e-01;1.492e-01;6.609e-01;8.342e-02;9.984e-02;9.104e-02;4.380e-01;5.888e-01","tfisher_p_analytic",1,5,5,"Remains_significant"
"PWY-5667","CDP-diacylglycerol biosynthesis I",29,"mvn",0.0127031835717473,0.000163509062546052,1.12660647033636e-07,0.1,33.3188776625529,0.0170056447307324,0.000928542828102273,NA,5.62838426143575e-07,3.6629167415693e-06,NA,NA,1.99996000079998e-05,0.000118838202946086,NA,NA,NA,NA,NA,NA,1.99996000079998e-05,0.000118838202946086,5.72407882281158e-05,0.000171562194393997,0.000118838202946086,"SORBI_3003G142500;SORBI_3003G229700;SORBI_3003G360700;SORBI_3003G114200;SORBI_3009G157000;SORBI_3009G162000;SORBI_3009G202600;SORBI_3005G214400;SORBI_3008G130800;SORBI_3001G099300;SORBI_3001G250200;SORBI_3001G283700;SORBI_3001G026100;SORBI_3001G493300;SORBI_3006G041266;SORBI_3002G325300;SORBI_3003G317500;SORBI_3009G188900;SORBI_3009G015800;SORBI_3005G197100;SORBI_3008G112100;SORBI_3001G206000;SORBI_3006G221500;SORBI_3002G267500;SORBI_3003G073800;SORBI_3003G301900;SORBI_3005G149300;SORBI_3004G025400;SORBI_3002G167100","1.859e-01;7.537e-01;6.826e-01;1.673e-02;1.410e-01;1.123e-02;5.913e-04;5.347e-01;6.363e-03;3.526e-01;4.825e-01;3.398e-01;2.369e-01;3.318e-01;5.700e-01;6.841e-01;3.620e-01;1.738e-02;7.037e-01;4.737e-03;7.795e-01;1.508e-01;3.074e-01;4.388e-01;3.666e-01;1.949e-01;3.569e-01;9.078e-01;2.504e-01","tfisher_p_analytic",1,5,5,"Remains_significant"
"PWY-5669","phosphatidylserine and phosphatidylethanolamine biosynthesis I",3,"mvn",9.83284928891904e-12,5.29775562209498e-10,1e-50,0.001,39.0723087793918,9.83279999996778e-12,0.000197842932440965,NA,5.55111512312578e-17,5.05768266773682e-16,NA,NA,1.99996000079998e-05,0.000118838202946086,NA,NA,NA,NA,NA,NA,1.99996000079998e-05,0.000118838202946086,5.72407882281158e-05,0.000171562194393997,0.000118838202946086,"SORBI_3003G433750;SORBI_3003G095800;SORBI_3009G225100","7.372e-01;5.447e-01;3.278e-12","tfisher_p_analytic",1,5,5,"Remains_significant"
"PWY-5687","pyrimidine ribonucleotides interconversion",33,"mvn",8.89555214394578e-08,9.3749909478484e-12,1e-50,0.02,72.4942878613612,1.0315799484045e-07,8.70244804816859e-06,NA,5.55111512312578e-17,5.05768266773682e-16,NA,NA,1.99996000079998e-05,0.000118838202946086,NA,NA,NA,NA,NA,NA,1.99996000079998e-05,0.000118838202946086,5.72407882281158e-05,0.000171562194393997,0.000118838202946086,"SORBI_3010G007500;SORBI_3004G318100;SORBI_3007G223100;SORBI_3006G003300;SORBI_3003G439600;SORBI_3006G065800;SORBI_3002G420600;SORBI_3001G356200;SORBI_3001G518200;SORBI_3001G385000;SORBI_3007G137900;SORBI_3008G022100;SORBI_3008G021900;SORBI_3005G085901;SORBI_3005G018300;SORBI_3005G099500;SORBI_3005G086000;SORBI_3005G018200;SORBI_3009G166600;SORBI_3009G211900;SORBI_3005G131500;SORBI_3002G306900;SORBI_3001G295200;SORBI_3004G184500;SORBI_3008G091400;SORBI_3008G123600;SORBI_3009G259200;SORBI_3008G127100;SORBI_3009G239301;SORBI_3009G239500;SORBI_3003G017300;SORBI_3003G241000;SORBI_3003G221200","7.842e-01;5.707e-01;1.105e-01;4.717e-01;2.430e-01;5.410e-03;9.603e-01;5.361e-01;9.172e-02;5.737e-01;7.149e-01;4.331e-01;5.566e-01;6.604e-01;4.472e-01;1.212e-01;2.301e-01;4.504e-01;1.983e-01;8.407e-04;3.844e-01;6.315e-01;4.414e-02;3.740e-03;1.717e-01;4.988e-01;4.852e-01;5.152e-01;1.958e-08;3.126e-09;5.640e-01;1.114e-02;4.170e-01","tfisher_p_analytic",1,5,5,"Remains_significant"
"PWY-5690","TCA cycle II (plants and fungi)",29,"mvn",5.40361074181223e-06,0.000152324408012927,3.38262751142793e-12,0.001,17.175875191884,5.40384590264984e-06,0.0103932838971265,NA,1.69131930682909e-11,1.26080166509077e-10,NA,NA,1.99996000079998e-05,0.000118838202946086,NA,NA,NA,NA,NA,NA,1.99996000079998e-05,0.000118838202946086,5.72407882281158e-05,0.000171562194393997,0.000118838202946086,"SORBI_3010G031000;SORBI_3010G015200;SORBI_3007G023400;SORBI_3001G072000;SORBI_3001G206700;SORBI_3002G185100;SORBI_3002G028700;SORBI_3002G149000;SORBI_3003G238500;SORBI_3009G240700;SORBI_3008G186200;SORBI_3007G137600;SORBI_3001G073900;SORBI_3001G219300;SORBI_3006G170800;SORBI_3002G385700;SORBI_3002G309400;SORBI_3003G129900;SORBI_3004G202100;SORBI_3006G120900;SORBI_3007G068100;SORBI_3001G512800;SORBI_3006G000100;SORBI_3002G316900;SORBI_3004G101900;SORBI_3004G078000;SORBI_3004G218600;SORBI_3002G352200;SORBI_3001G378800","7.127e-01;9.860e-02;8.046e-01;4.307e-01;1.421e-02;2.064e-01;5.660e-01;5.811e-01;5.706e-01;1.863e-07;9.367e-02;2.977e-01;3.159e-01;4.197e-01;9.079e-01;1.608e-01;5.676e-01;5.430e-01;7.732e-02;6.197e-01;6.159e-01;5.456e-01;2.925e-02;9.508e-02;3.408e-01;8.616e-01;4.862e-01;6.486e-01;8.728e-03","tfisher_p_analytic",1,5,5,"Remains_significant"
"PWY-5800","xylan biosynthesis",27,"mvn",1.31298559782971e-11,0.000147171411118383,1e-50,0.001,42.8884319243369,1.3129829999917e-11,0.184184622147629,NA,5.55111512312578e-17,5.05768266773682e-16,NA,NA,1.99996000079998e-05,0.000118838202946086,NA,NA,NA,NA,NA,NA,1.99996000079998e-05,0.000118838202946086,5.72407882281158e-05,0.000171562194393997,0.000118838202946086,"SORBI_3010G238800;SORBI_3010G136250;SORBI_3010G008600;SORBI_3010G146000;SORBI_3003G129400;SORBI_3003G254700;SORBI_3003G063400;SORBI_3009G026101;SORBI_3009G229300;SORBI_3008G125700;SORBI_3007G050600;SORBI_3007G100800;SORBI_3001G409100;SORBI_3001G242000;SORBI_3001G283400;SORBI_3006G002600;SORBI_3006G242100;SORBI_3002G334400;SORBI_3002G334100;SORBI_3002G334200;SORBI_3002G333900;SORBI_3002G334000;SORBI_3002G334500;SORBI_3002G430700;SORBI_3002G333800;SORBI_3002G171200;SORBI_3002G334300","5.038e-01;7.982e-01;2.707e-01;3.472e-01;2.171e-01;7.882e-01;6.311e-01;5.308e-01;4.863e-13;5.697e-01;8.419e-01;8.839e-01;1.929e-01;3.026e-01;8.358e-01;1.338e-01;9.628e-02;5.066e-01;3.750e-01;3.768e-01;6.114e-01;3.797e-01;3.685e-01;7.735e-01;8.592e-01;4.572e-01;3.919e-01","tfisher_p_analytic",0.8,4,5,"Remains_significant"
"PWY-5805","nonaprenyl diphosphate biosynthesis I",4,"mvn",2.52613433154668e-06,0.000157794254552206,1e-50,0.001,14.7347302227277,2.52611760702016e-06,0.00622696076017925,NA,5.55111512312578e-17,5.05768266773682e-16,NA,NA,1.99996000079998e-05,0.000118838202946086,NA,NA,NA,NA,NA,NA,1.99996000079998e-05,0.000118838202946086,5.72407882281158e-05,0.000171562194393997,0.000118838202946086,"SORBI_3010G229400;SORBI_3009G246400;SORBI_3008G088821;SORBI_3007G070000","7.982e-01;6.315e-07;5.276e-01;8.039e-01","tfisher_p_analytic",1,5,5,"Remains_significant"
"PWY-5807","heptaprenyl diphosphate biosynthesis",5,"mvn",3.15756801163881e-06,4.89637959168732e-06,1e-50,0.001,14.7347302227277,3.15764601170111e-06,0.000124610320208601,NA,5.55111512312578e-17,5.05768266773682e-16,NA,NA,1.99996000079998e-05,0.000118838202946086,NA,NA,NA,NA,NA,NA,1.99996000079998e-05,0.000118838202946086,5.72407882281158e-05,0.000171562194393997,0.000118838202946086,"SORBI_3003G361900;SORBI_3009G246400;SORBI_3002G123500;SORBI_3002G130000;SORBI_3002G298400","8.482e-01;6.315e-07;1.491e-01;2.091e-01;2.703e-02","tfisher_p_analytic",1,5,5,"Remains_significant"
"PWY-5863","superpathway of phylloquinol biosynthesis",8,"mvn",3.79924145467337e-06,1.67865585971023e-10,1e-50,0.2,58.4604221090166,5.05222883277016e-06,1.11907404398705e-08,NA,5.55111512312578e-17,5.05768266773682e-16,NA,NA,1.99996000079998e-05,0.000118838202946086,NA,NA,NA,NA,NA,NA,1.99996000079998e-05,0.000118838202946086,5.72407882281158e-05,0.000171562194393997,0.000118838202946086,"SORBI_3003G270500;SORBI_3003G111500;SORBI_3009G216800;SORBI_3009G246400;SORBI_3004G287300;SORBI_3002G353300;SORBI_3003G122100;SORBI_3004G238500","4.447e-02;5.274e-01;1.915e-06;6.315e-07;2.192e-02;3.456e-01;5.485e-02;3.643e-01","tfisher_p_analytic",1,5,5,"Remains_significant"
"PWY-5864","superpathway of plastoquinol biosynthesis",6,"mvn",3.78914380092552e-06,9.07660738625135e-05,1e-50,0.001,14.7347302227277,3.78917401755292e-06,0.00338916365322929,NA,5.55111512312578e-17,5.05768266773682e-16,NA,NA,1.99996000079998e-05,0.000118838202946086,NA,NA,NA,NA,NA,NA,1.99996000079998e-05,0.000118838202946086,5.72407882281158e-05,0.000171562194393997,0.000118838202946086,"SORBI_3003G045600;SORBI_3005G200300;SORBI_3010G229400;SORBI_3009G246400;SORBI_3008G088821;SORBI_3007G070000","4.601e-02;2.844e-01;7.982e-01;6.315e-07;5.276e-01;8.039e-01","tfisher_p_analytic",1,5,5,"Remains_significant"
"PWY-5910","superpathway of geranylgeranyldiphosphate biosynthesis I (via mevalonate)",6,"mvn",2.84945744983864e-06,1.26417632192629e-10,1e-50,0.2,55.87284589172,3.78917401755292e-06,8.96007766394241e-09,NA,5.55111512312578e-17,5.05768266773682e-16,NA,NA,1.99996000079998e-05,0.000118838202946086,NA,NA,NA,NA,NA,NA,1.99996000079998e-05,0.000118838202946086,5.72407882281158e-05,0.000171562194393997,0.000118838202946086,"SORBI_3003G270500;SORBI_3003G111500;SORBI_3009G216800;SORBI_3009G246400;SORBI_3004G287300;SORBI_3002G353300","4.447e-02;5.274e-01;1.915e-06;6.315e-07;2.192e-02;3.456e-01","tfisher_p_analytic",1,5,5,"Remains_significant"
"PWY-5921","glutaminyl-tRNA<sup>gln</sup> biosynthesis via transamidation",34,"mvn",3.52115603714335e-11,9.53208763121176e-19,1e-50,0.001,92.2326985080103,3.5223999999398e-11,3.43597386279413e-06,NA,1e-50,1.36666666666667e-48,NA,NA,1.99996000079998e-05,0.000118838202946086,NA,NA,NA,NA,NA,NA,1.99996000079998e-05,0.000118838202946086,5.72407882281158e-05,0.000171562194393997,0.000118838202946086,"SORBI_3005G143500;SORBI_3005G139300;SORBI_3006G237100;SORBI_3002G301600;SORBI_3002G301700;SORBI_3003G221200;SORBI_3003G241000;SORBI_3003G017300;SORBI_3009G239500;SORBI_3009G239301;SORBI_3008G127100;SORBI_3003G193700;SORBI_3004G265900;SORBI_3007G104300;SORBI_3010G060800;SORBI_3003G258800;SORBI_3009G225700;SORBI_3005G150250;SORBI_3004G209300;SORBI_3007G174600;SORBI_3010G110000;SORBI_3005G003200;SORBI_3008G139800;SORBI_3001G406800;SORBI_3001G432300;SORBI_3006G278500;SORBI_3001G265500;SORBI_3001G151700;SORBI_3006G028000;SORBI_3006G027900;SORBI_3002G301500;SORBI_3004G028500;SORBI_3002G005600;SORBI_3002G402700","2.911e-01;1.369e-01;2.991e-01;7.700e-01;7.375e-01;4.170e-01;1.114e-02;5.640e-01;3.126e-09;1.958e-08;5.152e-01;4.308e-02;5.455e-01;7.905e-01;5.630e-01;3.236e-01;1.036e-12;7.844e-01;1.478e-04;5.608e-03;8.016e-01;5.721e-01;1.332e-01;7.645e-01;9.033e-01;8.357e-01;7.911e-01;6.904e-01;2.448e-03;3.103e-02;9.148e-01;4.788e-01;2.289e-01;6.091e-01","tfisher_p_analytic",1,5,5,"Remains_significant"
"PWY-5968","cinnamate esters biosynthesis",7,"mvn",1.40017540527563e-07,2.02693709673373e-07,1e-50,0.02,34.0390157858538,1.4002099159748e-07,0.00143780625042579,NA,5.55111512312578e-17,5.05768266773682e-16,NA,NA,1.99996000079998e-05,0.000118838202946086,NA,NA,NA,NA,NA,NA,1.99996000079998e-05,0.000118838202946086,5.72407882281158e-05,0.000171562194393997,0.000118838202946086,"SORBI_3003G233100;SORBI_3003G233000;SORBI_3003G232900;SORBI_3009G224100;SORBI_3001G459700;SORBI_3001G093100;SORBI_3002G366500","5.606e-01;4.159e-01;2.962e-01;2.000e-08;7.358e-01;8.119e-04;2.235e-01","tfisher_p_analytic",1,5,5,"Remains_significant"
"PWY-5980","xylogalacturonan biosynthesis",23,"mvn",0.000227976381309164,7.27721363659023e-06,1e-50,0.05,45.0429342187946,0.000359428199646088,0.033935471294367,NA,5.55111512312578e-17,5.05768266773682e-16,NA,NA,1.99996000079998e-05,0.000118838202946086,NA,NA,NA,NA,NA,NA,1.99996000079998e-05,0.000118838202946086,5.72407882281158e-05,0.000171562194393997,0.000118838202946086,"SORBI_3010G059400;SORBI_3003G405600;SORBI_3003G234701;SORBI_3003G360300;SORBI_3003G331000;SORBI_3003G410800;SORBI_3003G410600;SORBI_3003G102700;SORBI_3003G410700;SORBI_3009G220200;SORBI_3009G220100;SORBI_3009G162700;SORBI_3008G021000;SORBI_3004G159100;SORBI_3004G213500;SORBI_3004G070100;SORBI_3007G139300;SORBI_3001G387300;SORBI_3001G538700;SORBI_3006G059000;SORBI_3006G260900;SORBI_3002G062100;SORBI_3002G342300","1.632e-01;8.473e-01;5.115e-03;9.075e-01;6.166e-01;7.796e-01;8.394e-01;3.681e-01;6.812e-01;1.563e-05;2.843e-05;2.049e-01;5.182e-01;9.766e-01;4.818e-01;7.552e-01;1.189e-01;3.580e-02;3.378e-01;6.359e-04;4.243e-01;7.598e-01;6.231e-01","tfisher_p_analytic",1,5,5,"Remains_significant"
"PWY-6066","IAA biosynthesis VII",3,"mvn",1.33871901974932e-08,3.39028397178102e-09,1e-50,0.1,39.4354076125946,1.3387199940261e-08,1.16553590237039e-05,NA,5.55111512312578e-17,5.05768266773682e-16,NA,NA,1.99996000079998e-05,0.000118838202946086,NA,NA,NA,NA,NA,NA,1.99996000079998e-05,0.000118838202946086,5.72407882281158e-05,0.000171562194393997,0.000118838202946086,"SORBI_3002G415900;SORBI_3009G219500;SORBI_3002G111200","3.567e-01;4.462e-09;6.125e-03","tfisher_p_analytic",1,5,5,"Remains_significant"
"PWY-6147","6-hydroxymethyl-dihydropterin diphosphate biosynthesis I",5,"mvn",0.0120774804475541,0.00366104466895421,5.2731021649155e-07,0.1,12.0942333571926,0.0218853574804266,0.0179711607118877,NA,2.63591573956834e-06,1.61847832229147e-05,NA,NA,1.99996000079998e-05,0.000118838202946086,NA,NA,NA,NA,NA,NA,1.99996000079998e-05,0.000118838202946086,5.72407882281158e-05,0.000171562194393997,0.000118838202946086,"SORBI_3006G254100;SORBI_3007G172600;SORBI_3002G296500;SORBI_3003G146800;SORBI_3002G376200","6.900e-01;4.416e-03;2.484e-01;5.355e-03;5.413e-01","tfisher_p_analytic",1,5,5,"Remains_significant"
"PWY-622","starch biosynthesis",22,"mvn",4.52748409011701e-07,1.55156705561061e-06,1e-50,0.02,37.2249924696037,4.52759902163105e-07,0.00603564902270198,NA,5.55111512312578e-17,5.05768266773682e-16,NA,NA,1.99996000079998e-05,0.000118838202946086,NA,NA,NA,NA,NA,NA,1.99996000079998e-05,0.000118838202946086,5.72407882281158e-05,0.000171562194393997,0.000118838202946086,"SORBI_3002G125800;SORBI_3002G155900;SORBI_3001G116500;SORBI_3003G222500;SORBI_3001G071800;SORBI_3002G230600;SORBI_3010G093400;SORBI_3010G047700;SORBI_3009G209300;SORBI_3008G098032;SORBI_3004G238600;SORBI_3004G338100;SORBI_3007G068200;SORBI_3001G239500;SORBI_3006G221000;SORBI_3003G230500;SORBI_3009G245000;SORBI_3007G101500;SORBI_3001G100000;SORBI_3001G376266;SORBI_3002G088600;SORBI_3002G160400","1.547e-01;8.107e-01;7.622e-01;7.399e-01;4.326e-01;2.940e-01;6.758e-01;7.914e-01;2.625e-03;4.143e-01;2.310e-01;1.222e-03;8.514e-01;7.277e-01;5.538e-02;4.968e-01;2.058e-08;2.099e-01;5.753e-01;4.347e-02;9.459e-02;2.436e-01","tfisher_p_analytic",1,5,5,"Remains_significant"
"PWY-6233","jasmonoyl-amino acid conjugates biosynthesis II",5,"mvn",1.97630097866465e-07,3.56628087780005e-05,1e-50,0.001,20.2771037494921,1.97629984376954e-07,0.0180240134253018,NA,5.55111512312578e-17,5.05768266773682e-16,NA,NA,1.99996000079998e-05,0.000118838202946086,NA,NA,NA,NA,NA,NA,1.99996000079998e-05,0.000118838202946086,5.72407882281158e-05,0.000171562194393997,0.000118838202946086,"SORBI_3003G224100;SORBI_3003G015000;SORBI_3003G015100;SORBI_3009G249900;SORBI_3005G108300","8.965e-01;7.479e-01;7.441e-01;3.953e-08;2.629e-01","tfisher_p_analytic",1,5,5,"Remains_significant"
"PWY-6333","acetaldehyde biosynthesis I",11,"mvn",1.57695402853114e-08,7.6597500851135e-13,1e-50,0.01,60.1569933929652,2.57872996977342e-08,4.88181761138996e-05,NA,5.55111512312578e-17,5.05768266773682e-16,NA,NA,1.99996000079998e-05,0.000118838202946086,NA,NA,NA,NA,NA,NA,1.99996000079998e-05,0.000118838202946086,5.72407882281158e-05,0.000171562194393997,0.000118838202946086,"SORBI_3002G379200;SORBI_3002G379100;SORBI_3001G264000;SORBI_3001G475800;SORBI_3001G097600;SORBI_3001G475900;SORBI_3001G263900;SORBI_3004G226500;SORBI_3004G343200;SORBI_3005G103300;SORBI_3005G103500","2.344e-09;3.690e-09;1.265e-01;6.571e-01;1.492e-01;6.609e-01;8.342e-02;9.984e-02;9.104e-02;4.380e-01;5.888e-01","tfisher_p_analytic",1,5,5,"Remains_significant"
"PWY-6348","phosphate acquisition",33,"mvn",3.26375770048344e-05,0.00542421776814435,6.66133814775094e-16,0.02,34.8122547678823,3.27744191827065e-05,0.574842780070299,NA,3.27515792264421e-15,2.79753072559193e-14,NA,NA,1.99996000079998e-05,0.000118838202946086,NA,NA,NA,NA,NA,NA,1.99996000079998e-05,0.000118838202946086,5.72407882281158e-05,0.000171562194393997,0.000118838202946086,"SORBI_3010G168200;SORBI_3010G029300;SORBI_3010G249300;SORBI_3010G205200;SORBI_3003G314400;SORBI_3003G279300;SORBI_3009G070800;SORBI_3009G071000;SORBI_3009G071300;SORBI_3009G130700;SORBI_3009G071100;SORBI_3009G250300;SORBI_3009G070700;SORBI_3009G070600;SORBI_3005G037850;SORBI_3005G107700;SORBI_3005G147800;SORBI_3005G146300;SORBI_3008G189500;SORBI_3008G037000;SORBI_3008G113000;SORBI_3008G036300;SORBI_3004G097300;SORBI_3007G179266;SORBI_3007G171400;SORBI_3001G442200;SORBI_3001G382900;SORBI_3001G442300;SORBI_3001G186800;SORBI_3001G442100;SORBI_3001G442000;SORBI_3006G068100;SORBI_3002G419500","6.241e-01;6.679e-01;4.613e-01;3.922e-01;6.342e-01;7.796e-01;7.775e-01;7.977e-01;4.732e-01;8.557e-01;5.893e-01;9.932e-07;4.879e-01;6.998e-01;8.054e-01;7.021e-01;3.681e-01;8.292e-01;3.437e-01;4.627e-01;1.474e-01;8.954e-01;2.490e-01;2.610e-02;5.372e-04;9.479e-01;1.413e-01;8.534e-01;4.339e-01;9.208e-01;9.221e-01;4.136e-04;8.084e-01","tfisher_p_analytic",0.8,4,5,"Remains_significant"
"PWY-6363","D-<i>myo</i>-inositol (1,4,5)-trisphosphate degradation",7,"mvn",0.00203825988724781,0.0120244843323781,9.34713216715899e-07,0.001,2.4683142710065,0.00203578158404189,0.218677377830799,NA,4.66890189443347e-06,2.77427503872134e-05,NA,NA,1.99996000079998e-05,0.000118838202946086,NA,NA,NA,NA,NA,NA,1.99996000079998e-05,0.000118838202946086,5.72407882281158e-05,0.000171562194393997,0.000118838202946086,"SORBI_3009G211400;SORBI_3009G211600;SORBI_3004G023000;SORBI_3004G355000;SORBI_3007G198300;SORBI_3002G254700;SORBI_3009G048900","2.911e-04;5.421e-02;9.402e-01;7.785e-01;8.636e-01;5.317e-01;1.192e-01","tfisher_p_analytic",0.8,4,5,"Remains_significant"
"PWY-6540","costunolide biosynthesis",5,"mvn",0.00181349079117508,0.000579042480386137,2.30793162359078e-12,0.2,20.5600230436501,0.00189890601686997,0.0181614127036208,NA,1.15398246514076e-11,8.76171871680945e-11,NA,NA,1.99996000079998e-05,0.000118838202946086,NA,NA,NA,NA,NA,NA,1.99996000079998e-05,0.000118838202946086,5.72407882281158e-05,0.000171562194393997,0.000118838202946086,"SORBI_3009G172800;SORBI_3009G196700;SORBI_3005G211400;SORBI_3006G121800;SORBI_3009G064400","3.801e-04;7.921e-03;8.747e-01;7.595e-01;9.118e-02","tfisher_p_analytic",1,5,5,"Remains_significant"
"PWY-6549","L-glutamine biosynthesis III",26,"mvn",8.04177622282249e-07,0.00112420993002952,1.11022302462516e-15,0.001,20.7675679425346,8.04179689083986e-07,0.173168943211211,NA,5.71764857681956e-15,4.59654101273729e-14,NA,NA,1.99996000079998e-05,0.000118838202946086,NA,NA,NA,NA,NA,NA,1.99996000079998e-05,0.000118838202946086,5.72407882281158e-05,0.000171562194393997,0.000118838202946086,"SORBI_3006G141600;SORBI_3009G238900;SORBI_3003G241500;SORBI_3007G068100;SORBI_3001G512800;SORBI_3006G000100;SORBI_3002G316900;SORBI_3004G247000;SORBI_3001G231000;SORBI_3001G116400;SORBI_3001G451500;SORBI_3006G249400;SORBI_3002G402700;SORBI_3003G129900;SORBI_3004G202100;SORBI_3006G120900;SORBI_3004G101900;SORBI_3004G078000;SORBI_3010G160700;SORBI_3003G100600;SORBI_3003G301800;SORBI_3004G106900;SORBI_3007G106500;SORBI_3002G167000;SORBI_3009G132900;SORBI_3001G326900","3.830e-01;3.093e-08;7.567e-01;6.159e-01;5.456e-01;2.925e-02;9.508e-02;8.166e-02;3.206e-01;7.132e-01;8.238e-01;6.202e-02;6.091e-01;5.430e-01;7.732e-02;6.197e-01;3.408e-01;8.616e-01;9.508e-01;6.707e-01;5.942e-01;1.505e-02;8.777e-01;8.473e-01;5.194e-01;6.479e-01","tfisher_p_analytic",0.8,4,5,"Remains_significant"
"PWY-6665","pterostilbene biosynthesis",28,"mvn",0.00117596268729039,7.07782033148638e-09,1e-50,0.2,77.854233491447,0.00137019799156674,2.99862102666163e-05,NA,5.55111512312578e-17,5.05768266773682e-16,NA,NA,1.99996000079998e-05,0.000118838202946086,NA,NA,NA,NA,NA,NA,1.99996000079998e-05,0.000118838202946086,5.72407882281158e-05,0.000171562194393997,0.000118838202946086,"SORBI_3010G230800;SORBI_3010G231000;SORBI_3010G234500;SORBI_3010G234400;SORBI_3003G298500;SORBI_3009G197600;SORBI_3009G197800;SORBI_3009G043900;SORBI_3009G197400;SORBI_3009G197000;SORBI_3009G197100;SORBI_3009G198000;SORBI_3005G129100;SORBI_3005G110451;SORBI_3005G045600;SORBI_3005G086600;SORBI_3008G013900;SORBI_3004G341600;SORBI_3004G128400;SORBI_3004G341500;SORBI_3007G074800;SORBI_3001G354400;SORBI_3001G246700;SORBI_3001G354200;SORBI_3001G246650;SORBI_3006G008000;SORBI_3006G007850;SORBI_3006G007900","5.474e-01;2.071e-01;7.755e-01;8.139e-01;5.902e-01;2.186e-03;5.863e-02;7.885e-01;7.087e-04;4.897e-05;8.682e-04;1.229e-02;4.788e-01;2.800e-01;5.291e-01;7.579e-01;6.840e-02;2.617e-01;2.401e-01;3.070e-01;6.770e-01;4.734e-01;2.587e-02;8.295e-01;4.539e-01;1.462e-02;8.622e-03;2.403e-02","tfisher_p_analytic",1,5,5,"Remains_significant"
"PWY-6803","phosphatidylcholine acyl editing",99,"mvn",1.947217199189e-06,0.00113506912236947,7.7715611723761e-16,0.001,40.4331279403815,3.09047827269999e-06,0.202744624178615,NA,3.94129173741931e-15,3.29781553539166e-14,NA,NA,1.99996000079998e-05,0.000118838202946086,NA,NA,NA,NA,NA,NA,1.99996000079998e-05,0.000118838202946086,5.72407882281158e-05,0.000171562194393997,0.000118838202946086,"SORBI_3003G414500;SORBI_3004G283600;SORBI_3006G257300;SORBI_3010G159700;SORBI_3010G159900;SORBI_3010G160000;SORBI_3010G047800;SORBI_3003G370500;SORBI_3003G390900;SORBI_3010G160033;SORBI_3003G370600;SORBI_3003G432600;SORBI_3003G239200;SORBI_3003G038000;SORBI_3003G239500;SORBI_3003G274700;SORBI_3003G239100;SORBI_3003G418700;SORBI_3003G391000;SORBI_3009G135100;SORBI_3009G240600;SORBI_3009G125300;SORBI_3009G240500;SORBI_3009G117500;SORBI_3009G014600;SORBI_3009G149700;SORBI_3005G203800;SORBI_3005G111400;SORBI_3005G032700;SORBI_3008G170100;SORBI_3004G297600;SORBI_3004G300100;SORBI_3007G187000;SORBI_3007G011300;SORBI_3007G036900;SORBI_3001G373200;SORBI_3001G365100;SORBI_3001G295700;SORBI_3006G214500;SORBI_3002G320900;SORBI_3002G409500;SORBI_3002G262300;SORBI_3002G177200;SORBI_3002G213300;SORBI_3010G214900;SORBI_3010G045400;SORBI_3010G045500;SORBI_3003G258200;SORBI_3003G004900;SORBI_3003G303900;SORBI_3003G242000;SORBI_3009G031400;SORBI_3005G156100;SORBI_3005G033100;SORBI_3005G020300;SORBI_3005G054900;SORBI_3008G010800;SORBI_3008G051300;SORBI_3006G079500;SORBI_3006G247300;SORBI_3006G247200;SORBI_3006G272600;SORBI_3010G228100;SORBI_3003G029000;SORBI_3003G029200;SORBI_3003G389400;SORBI_3003G074600;SORBI_3003G074500;SORBI_3005G186400;SORBI_3005G186100;SORBI_3005G159400;SORBI_3005G186200;SORBI_3005G219100;SORBI_3005G219000;SORBI_3005G145100;SORBI_3008G135401;SORBI_3008G166050;SORBI_3004G357800;SORBI_3007G158700;SORBI_3007G158500;SORBI_3007G158600;SORBI_3007G158800;SORBI_3001G157700;SORBI_3001G433900;SORBI_3001G103800;SORBI_3001G279800;SORBI_3001G288200;SORBI_3001G448800;SORBI_3001G348600;SORBI_3001G067500;SORBI_3001G429900;SORBI_3001G120400;SORBI_3001G158200;SORBI_3001G157900;SORBI_3006G276100;SORBI_3002G401900;SORBI_3002G228700;SORBI_3002G031800;SORBI_3002G377600","3.613e-01;9.320e-02;5.367e-01;5.843e-01;3.123e-01;5.723e-01;9.164e-01;8.132e-01;7.461e-01;5.913e-01;7.084e-01;5.959e-01;8.396e-03;8.126e-01;2.444e-02;5.343e-01;2.807e-01;8.180e-01;3.514e-01;7.072e-01;3.122e-08;7.960e-01;5.317e-08;7.968e-01;2.684e-02;5.804e-01;1.915e-01;4.103e-01;6.567e-01;4.869e-01;4.669e-01;6.540e-02;1.162e-01;8.326e-01;5.985e-01;6.968e-01;2.650e-01;3.944e-02;3.318e-01;3.732e-01;5.245e-01;5.108e-01;5.958e-01;9.199e-01;5.036e-01;3.346e-01;7.581e-01;8.515e-01;3.898e-01;5.541e-01;3.426e-02;8.271e-03;5.009e-01;3.864e-01;8.574e-02;2.082e-01;2.995e-01;8.521e-02;6.776e-02;5.844e-01;2.529e-01;6.886e-01;9.652e-02;8.483e-01;3.870e-01;2.974e-01;3.877e-01;2.459e-01;7.486e-01;3.714e-01;6.221e-01;6.237e-01;8.499e-01;8.499e-01;5.389e-01;8.245e-01;8.403e-01;5.727e-01;9.393e-01;5.747e-01;5.647e-01;1.267e-01;8.044e-01;4.288e-01;8.351e-01;5.113e-01;1.226e-01;6.808e-01;2.255e-01;3.674e-01;7.268e-01;3.391e-01;4.381e-01;6.335e-01;6.362e-01;1.983e-01;3.781e-01;9.013e-01;4.456e-01","tfisher_p_analytic",0.8,4,5,"Remains_significant"
"PWY-6949","DIBOA-glucoside biosynthesis",39,"mvn",1.23775002374788e-10,9.85094764945405e-10,1e-50,0.01,69.6435982661876,1.23774299992536e-10,0.00056865407221651,NA,5.55111512312578e-17,5.05768266773682e-16,NA,NA,1.99996000079998e-05,0.000118838202946086,NA,NA,NA,NA,NA,NA,1.99996000079998e-05,0.000118838202946086,5.72407882281158e-05,0.000171562194393997,0.000118838202946086,"SORBI_3010G249800;SORBI_3009G230400;SORBI_3001G030600;SORBI_3001G030500;SORBI_3001G030900;SORBI_3002G085200;SORBI_3002G085300;SORBI_3002G085700;SORBI_3002G085800;SORBI_3002G085100;SORBI_3002G088000;SORBI_3001G056400;SORBI_3001G056500;SORBI_3010G198000;SORBI_3007G032000;SORBI_3001G056601;SORBI_3002G054700;SORBI_3003G089600;SORBI_3007G034900;SORBI_3007G003900;SORBI_3007G003250;SORBI_3007G003600;SORBI_3007G003500;SORBI_3007G003700;SORBI_3007G003300;SORBI_3006G136500;SORBI_3010G230900;SORBI_3005G127000;SORBI_3005G206100;SORBI_3004G108800;SORBI_3007G092900;SORBI_3007G003400;SORBI_3007G093000;SORBI_3007G133766;SORBI_3001G369500;SORBI_3001G349900;SORBI_3006G044100;SORBI_3006G022900;SORBI_3006G043800","3.193e-01;3.174e-12;4.586e-02;4.231e-02;6.785e-01;3.734e-01;2.134e-01;6.482e-01;4.498e-02;9.301e-01;3.590e-01;6.474e-01;4.613e-01;9.347e-01;6.180e-01;1.873e-01;8.841e-01;5.683e-01;9.194e-01;6.271e-02;4.415e-01;4.219e-04;3.221e-01;6.406e-01;4.335e-01;6.921e-01;4.319e-01;8.828e-02;5.383e-01;6.746e-01;6.243e-01;4.505e-01;4.876e-01;1.301e-01;9.462e-01;8.077e-01;5.915e-05;2.302e-01;9.514e-05","tfisher_p_analytic",1,5,5,"Remains_significant"
"PWY-6963","ammonia assimilation cycle I",11,"mvn",1.13963537779069e-11,4.31565256716153e-12,1e-50,0.02,59.7250447079508,1.1395999999941e-11,0.000143127215094827,NA,5.55111512312578e-17,5.05768266773682e-16,NA,NA,1.99996000079998e-05,0.000118838202946086,NA,NA,NA,NA,NA,NA,1.99996000079998e-05,0.000118838202946086,5.72407882281158e-05,0.000171562194393997,0.000118838202946086,"SORBI_3004G247000;SORBI_3001G231000;SORBI_3001G116400;SORBI_3001G451500;SORBI_3006G249400;SORBI_3010G060800;SORBI_3003G258800;SORBI_3009G225700;SORBI_3005G150250;SORBI_3004G209300;SORBI_3007G174600","8.166e-02;3.206e-01;7.132e-01;8.238e-01;6.202e-02;5.630e-01;3.236e-01;1.036e-12;7.844e-01;1.478e-04;5.608e-03","tfisher_p_analytic",1,5,5,"Remains_significant"
"PWY-7039","phosphatidate metabolism, as a signaling molecule",39,"mvn",9.56469898526839e-07,7.07809261148197e-05,1.9328982858724e-13,0.001,21.2316351050257,9.56474554306697e-07,0.0323224574991635,NA,9.66615676389893e-13,7.62139283307415e-12,NA,NA,1.99996000079998e-05,0.000118838202946086,NA,NA,NA,NA,NA,NA,1.99996000079998e-05,0.000118838202946086,5.72407882281158e-05,0.000171562194393997,0.000118838202946086,"SORBI_3009G027800;SORBI_3005G018900;SORBI_3005G002000;SORBI_3008G090600;SORBI_3008G002000;SORBI_3001G408001;SORBI_3002G430500;SORBI_3010G209900;SORBI_3010G185600;SORBI_3003G147000;SORBI_3003G050400;SORBI_3009G109925;SORBI_3009G062600;SORBI_3009G110000;SORBI_3005G222500;SORBI_3008G183400;SORBI_3004G016900;SORBI_3001G529800;SORBI_3001G349800;SORBI_3001G320200;SORBI_3002G098900;SORBI_3002G282500;SORBI_3002G204500;SORBI_3010G190300;SORBI_3003G265100;SORBI_3003G078700;SORBI_3009G221500;SORBI_3007G108500;SORBI_3002G165140;SORBI_3003G318700;SORBI_3008G140400;SORBI_3008G077600;SORBI_3004G324100;SORBI_3007G091400;SORBI_3007G062000;SORBI_3001G524300;SORBI_3001G333900;SORBI_3006G230400;SORBI_3002G250700","3.690e-01;9.672e-01;1.115e-01;6.388e-02;7.538e-01;7.633e-01;2.649e-02;9.729e-01;6.758e-02;2.160e-02;6.265e-01;5.345e-01;1.394e-01;3.671e-02;8.975e-01;3.382e-01;5.869e-01;5.074e-01;7.204e-01;2.102e-01;2.659e-01;3.336e-01;2.373e-02;6.210e-01;1.756e-02;6.355e-01;2.452e-08;4.467e-01;6.300e-01;2.095e-02;3.446e-01;8.441e-01;3.909e-01;5.895e-01;2.385e-01;5.091e-01;7.331e-01;6.339e-01;5.384e-01","tfisher_p_analytic",1,5,5,"Remains_significant"
"PWY-7176","UTP and CTP <i>de novo</i> biosynthesis",12,"mvn",3.2347591545114e-08,9.63372185337355e-13,1e-50,0.05,70.1327674633455,3.75119993550562e-08,7.17922838852226e-08,NA,5.55111512312578e-17,5.05768266773682e-16,NA,NA,1.99996000079998e-05,0.000118838202946086,NA,NA,NA,NA,NA,NA,1.99996000079998e-05,0.000118838202946086,5.72407882281158e-05,0.000171562194393997,0.000118838202946086,"SORBI_3008G127100;SORBI_3009G239301;SORBI_3009G239500;SORBI_3003G017300;SORBI_3003G241000;SORBI_3003G221200;SORBI_3010G007500;SORBI_3003G439600;SORBI_3004G318100;SORBI_3007G223100;SORBI_3006G003300;SORBI_3006G065800","5.152e-01;1.958e-08;3.126e-09;5.640e-01;1.114e-02;4.170e-01;7.842e-01;2.430e-01;5.707e-01;1.105e-01;4.717e-01;5.410e-03","tfisher_p_analytic",1,5,5,"Remains_significant"
"PWY-7185","UTP and CTP dephosphorylation I",26,"mvn",7.00864753772645e-08,1.11366322311235e-08,1e-50,0.005,53.4712681433902,8.12759968241405e-08,0.00369531289315138,NA,5.55111512312578e-17,5.05768266773682e-16,NA,NA,1.99996000079998e-05,0.000118838202946086,NA,NA,NA,NA,NA,NA,1.99996000079998e-05,0.000118838202946086,5.72407882281158e-05,0.000171562194393997,0.000118838202946086,"SORBI_3002G420600;SORBI_3001G356200;SORBI_3001G385000;SORBI_3007G137900;SORBI_3008G022100;SORBI_3008G021900;SORBI_3005G085901;SORBI_3005G018300;SORBI_3005G099500;SORBI_3005G086000;SORBI_3005G018200;SORBI_3009G166600;SORBI_3002G072300;SORBI_3002G206800;SORBI_3001G153300;SORBI_3001G073500;SORBI_3001G125000;SORBI_3003G274200;SORBI_3003G113200;SORBI_3003G061200;SORBI_3008G127100;SORBI_3009G239301;SORBI_3009G239500;SORBI_3003G017300;SORBI_3003G241000;SORBI_3003G221200","9.603e-01;5.361e-01;5.737e-01;7.149e-01;4.331e-01;5.566e-01;6.604e-01;4.472e-01;1.212e-01;2.301e-01;4.504e-01;1.983e-01;2.687e-01;6.611e-02;3.974e-01;7.284e-01;1.977e-02;3.712e-01;4.901e-01;8.242e-01;5.152e-01;1.958e-08;3.126e-09;5.640e-01;1.114e-02;4.170e-01","tfisher_p_analytic",1,5,5,"Remains_significant"
"PWY-7204","pyridoxal 5'-phosphate salvage II (plants)",12,"mvn",0.0155384915810818,0.000428522942630493,5.29696021489556e-07,0.2,25.0869172678488,0.0205659579944753,0.0063013082206877,NA,2.64483042911046e-06,1.61847832229147e-05,NA,NA,1.99996000079998e-05,0.000118838202946086,NA,NA,NA,NA,NA,NA,1.99996000079998e-05,0.000118838202946086,5.72407882281158e-05,0.000171562194393997,0.000118838202946086,"SORBI_3003G444200;SORBI_3004G098000;SORBI_3007G184200;SORBI_3001G125000;SORBI_3001G027300;SORBI_3001G422100;SORBI_3002G388400;SORBI_3001G193700;SORBI_3006G140700;SORBI_3002G030900;SORBI_3008G156300;SORBI_3001G532600","1.399e-01;6.692e-01;1.444e-01;1.977e-02;2.074e-01;7.730e-01;1.005e-02;6.699e-01;1.730e-03;2.355e-01;3.287e-02;4.906e-01","tfisher_p_analytic",1,5,5,"Remains_significant"
"PWY-7252","luteolinidin 5-<i>O</i>-glucoside biosynthesis",31,"mvn",0.00282249189175768,1.36335567344241e-08,1e-50,0.1,62.8164227509554,0.0042469283218217,5.79309605334906e-05,NA,5.55111512312578e-17,5.05768266773682e-16,NA,NA,1.99996000079998e-05,0.000118838202946086,NA,NA,NA,NA,NA,NA,1.99996000079998e-05,0.000118838202946086,5.72407882281158e-05,0.000171562194393997,0.000118838202946086,"SORBI_3010G022700;SORBI_3010G022850;SORBI_3010G048600;SORBI_3010G245701;SORBI_3010G048500;SORBI_3003G287800;SORBI_3003G287700;SORBI_3003G288000;SORBI_3003G287600;SORBI_3003G288100;SORBI_3003G293700;SORBI_3009G205600;SORBI_3009G205800;SORBI_3009G206400;SORBI_3009G206300;SORBI_3009G205900;SORBI_3009G206000;SORBI_3009G205700;SORBI_3008G149000;SORBI_3007G100700;SORBI_3007G027301;SORBI_3001G377200;SORBI_3006G124100;SORBI_3002G311501;SORBI_3002G311400;SORBI_3002G079801;SORBI_3002G311300;SORBI_3002G311700;SORBI_3002G312000;SORBI_3002G130200;SORBI_3002G337400","6.823e-02;7.728e-02;3.317e-01;5.559e-01;5.285e-01;5.843e-01;7.073e-01;1.676e-01;3.352e-01;1.543e-01;2.812e-01;5.070e-03;9.643e-04;1.373e-04;1.466e-03;1.557e-03;1.094e-03;5.696e-03;6.352e-01;2.686e-01;5.398e-01;4.547e-02;4.561e-01;3.607e-01;7.094e-01;2.129e-01;8.725e-01;2.775e-01;7.692e-01;3.938e-01;8.965e-01","tfisher_p_analytic",1,5,5,"Remains_significant"
"PWY-7253","apigeninidin 5-<i>O</i>-glucoside biosynthesis",31,"mvn",0.00282249189175768,1.36335567344241e-08,1e-50,0.1,62.8164227509554,0.0042469283218217,5.79309605334906e-05,NA,5.55111512312578e-17,5.05768266773682e-16,NA,NA,1.99996000079998e-05,0.000118838202946086,NA,NA,NA,NA,NA,NA,1.99996000079998e-05,0.000118838202946086,5.72407882281158e-05,0.000171562194393997,0.000118838202946086,"SORBI_3010G022700;SORBI_3010G022850;SORBI_3010G048600;SORBI_3010G245701;SORBI_3010G048500;SORBI_3003G287800;SORBI_3003G287700;SORBI_3003G288000;SORBI_3003G287600;SORBI_3003G288100;SORBI_3003G293700;SORBI_3009G205600;SORBI_3009G205800;SORBI_3009G206400;SORBI_3009G206300;SORBI_3009G205900;SORBI_3009G206000;SORBI_3009G205700;SORBI_3008G149000;SORBI_3007G100700;SORBI_3007G027301;SORBI_3001G377200;SORBI_3006G124100;SORBI_3002G311501;SORBI_3002G311400;SORBI_3002G079801;SORBI_3002G311300;SORBI_3002G311700;SORBI_3002G312000;SORBI_3002G130200;SORBI_3002G337400","6.823e-02;7.728e-02;3.317e-01;5.559e-01;5.285e-01;5.843e-01;7.073e-01;1.676e-01;3.352e-01;1.543e-01;2.812e-01;5.070e-03;9.643e-04;1.373e-04;1.466e-03;1.557e-03;1.094e-03;5.696e-03;6.352e-01;2.686e-01;5.398e-01;4.547e-02;4.561e-01;3.607e-01;7.094e-01;2.129e-01;8.725e-01;2.775e-01;7.692e-01;3.938e-01;8.965e-01","tfisher_p_analytic",1,5,5,"Remains_significant"
"PWY-735","jasmonic acid biosynthesis",32,"mvn",0.0188448032028093,7.29194682010973e-05,4.19704604404103e-10,0.2,54.4624960133308,0.0333964248459242,0.072476335171532,NA,2.09851080956724e-09,1.50945514372381e-08,NA,NA,1.99996000079998e-05,0.000118838202946086,NA,NA,NA,NA,NA,NA,1.99996000079998e-05,0.000118838202946086,5.72407882281158e-05,0.000171562194393997,0.000118838202946086,"SORBI_3010G049100;SORBI_3010G001900;SORBI_3003G391600;SORBI_3004G350600;SORBI_3001G189300;SORBI_3001G516600;SORBI_3001G500800;SORBI_3001G282800;SORBI_3002G158900;SORBI_3002G171001;SORBI_3004G078600;SORBI_3007G210400;SORBI_3001G483400;SORBI_3006G095600;SORBI_3004G093200;SORBI_3001G077400;SORBI_3001G449700;SORBI_3010G084600;SORBI_3010G084100;SORBI_3010G084700;SORBI_3010G084400;SORBI_3010G084300;SORBI_3009G003600;SORBI_3008G164450;SORBI_3008G079600;SORBI_3004G180500;SORBI_3007G151100;SORBI_3006G091900;SORBI_3006G091600;SORBI_3006G091800;SORBI_3006G091700;SORBI_3001G329800","2.844e-03;5.251e-01;3.089e-01;5.495e-01;8.504e-01;1.652e-01;1.061e-03;4.335e-01;2.872e-02;4.962e-01;9.155e-01;2.535e-01;2.218e-02;9.043e-02;1.495e-02;4.789e-01;8.100e-01;5.418e-01;4.586e-01;6.831e-01;5.985e-01;6.378e-01;4.134e-01;6.487e-01;4.250e-01;1.118e-02;7.500e-01;1.196e-02;4.284e-01;1.702e-02;3.124e-02;5.647e-01","tfisher_p_analytic",0.8,4,5,"Remains_significant"
"PWY-7411","phosphatidate biosynthesis (yeast)",32,"mvn",0.0137647635826996,8.38478726058786e-05,6.28815329806187e-08,0.1,35.8800814636767,0.0187482591861378,0.000909467344128441,NA,3.14147863333947e-07,2.07742941882126e-06,NA,NA,1.99996000079998e-05,0.000118838202946086,NA,NA,NA,NA,NA,NA,1.99996000079998e-05,0.000118838202946086,5.72407882281158e-05,0.000171562194393997,0.000118838202946086,"SORBI_3003G326800;SORBI_3003G420800;SORBI_3003G443400;SORBI_3009G183300;SORBI_3007G223801;SORBI_3001G247500;SORBI_3002G081500;SORBI_3008G187200;SORBI_3002G267500;SORBI_3006G221500;SORBI_3001G206000;SORBI_3008G112100;SORBI_3005G197100;SORBI_3009G015800;SORBI_3009G188900;SORBI_3003G317500;SORBI_3002G325300;SORBI_3006G041266;SORBI_3001G493300;SORBI_3001G026100;SORBI_3001G283700;SORBI_3001G250200;SORBI_3001G099300;SORBI_3008G130800;SORBI_3005G214400;SORBI_3009G202600;SORBI_3009G162000;SORBI_3009G157000;SORBI_3003G114200;SORBI_3003G360700;SORBI_3003G229700;SORBI_3003G142500","6.922e-01;2.455e-01;2.311e-01;2.779e-02;1.517e-01;8.420e-01;3.029e-01;6.336e-01;4.388e-01;3.074e-01;1.508e-01;7.795e-01;4.737e-03;7.037e-01;1.738e-02;3.620e-01;6.841e-01;5.700e-01;3.318e-01;2.369e-01;3.398e-01;4.825e-01;3.526e-01;6.363e-03;5.347e-01;5.913e-04;1.123e-02;1.410e-01;1.673e-02;6.826e-01;7.537e-01;1.859e-01","tfisher_p_analytic",1,5,5,"Remains_significant"
"PWY-7489","oryzalexin A, B, and C biosynthesis",2,"mvn",0.000507008098363517,0.000328942212963517,3.33066907387547e-16,0.2,14.4789421906523,0.0005080354585975,0.00037913304687916,NA,1.83186799063151e-15,1.59801250246578e-14,NA,NA,1.99996000079998e-05,0.000118838202946086,NA,NA,NA,NA,NA,NA,1.99996000079998e-05,0.000118838202946086,5.72407882281158e-05,0.000171562194393997,0.000118838202946086,"SORBI_3006G065300;SORBI_3006G041700","2.541e-04;1.130e-01","tfisher_p_analytic",1,5,5,"Remains_significant"
"PWY4FS-2","phosphatidylcholine biosynthesis II",13,"mvn",0.000197092157481322,0.00295460206658825,2.61079868835168e-09,0.001,8.37739839740679,0.000197140060408246,0.131222336137247,NA,1.30536358389222e-08,8.91998448993014e-08,NA,NA,1.99996000079998e-05,0.000118838202946086,NA,NA,NA,NA,NA,NA,1.99996000079998e-05,0.000118838202946086,5.72407882281158e-05,0.000171562194393997,0.000118838202946086,"SORBI_3010G187100;SORBI_3010G077100;SORBI_3004G016400;SORBI_3004G058200;SORBI_3007G051200;SORBI_3001G282900;SORBI_3003G354500;SORBI_3003G266600;SORBI_3003G266500;SORBI_3009G120400;SORBI_3009G218900;SORBI_3004G291700;SORBI_3001G219800","7.804e-01;5.119e-01;9.532e-01;7.890e-01;1.746e-01;4.403e-01;4.293e-01;1.210e-01;5.801e-02;3.313e-01;1.517e-05;4.295e-02;8.265e-01","tfisher_p_analytic",0.8,4,5,"Remains_significant"
"PWY4FS-3","phosphatidylcholine biosynthesis III",8,"mvn",0.000121247666510993,0.000233489908577834,4.68758365457234e-12,0.001,8.37739839740679,0.000121321559983773,0.0203917883161101,NA,2.34379182728617e-11,1.71599044497737e-10,NA,NA,1.99996000079998e-05,0.000118838202946086,NA,NA,NA,NA,NA,NA,1.99996000079998e-05,0.000118838202946086,5.72407882281158e-05,0.000171562194393997,0.000118838202946086,"SORBI_3004G212500;SORBI_3003G354500;SORBI_3003G266600;SORBI_3003G266500;SORBI_3009G120400;SORBI_3009G218900;SORBI_3004G291700;SORBI_3001G219800","6.611e-01;4.293e-01;1.210e-01;5.801e-02;3.313e-01;1.517e-05;4.295e-02;8.265e-01","tfisher_p_analytic",1,5,5,"Remains_significant"
"PWY4FS-4","phosphatidylcholine biosynthesis IV",7,"mvn",0.000106088908818527,9.603748386867e-05,4.03788114056169e-13,0.2,25.5319067153029,0.000106157169963413,0.010119567233526,NA,2.01899608143208e-12,1.56186489318331e-11,NA,NA,1.99996000079998e-05,0.000118838202946086,NA,NA,NA,NA,NA,NA,1.99996000079998e-05,0.000118838202946086,5.72407882281158e-05,0.000171562194393997,0.000118838202946086,"SORBI_3003G354500;SORBI_3003G266600;SORBI_3003G266500;SORBI_3009G120400;SORBI_3009G218900;SORBI_3004G291700;SORBI_3001G219800","4.293e-01;1.210e-01;5.801e-02;3.313e-01;1.517e-05;4.295e-02;8.265e-01","tfisher_p_analytic",1,5,5,"Remains_significant"
"PWY4FS-6","phosphatidylethanolamine biosynthesis II",9,"mvn",0.000359274911051234,0.0303199263112653,2.41252695598604e-09,0.001,6.44396127964336,0.000358826761892303,0.201209638148219,NA,1.20624717991902e-08,8.38239565706436e-08,NA,NA,1.99996000079998e-05,0.000118838202946086,NA,NA,NA,NA,NA,NA,1.99996000079998e-05,0.000118838202946086,5.72407882281158e-05,0.000171562194393997,0.000118838202946086,"SORBI_3010G077100;SORBI_3004G016400;SORBI_3005G017200;SORBI_3007G079400;SORBI_3003G277700;SORBI_3003G040700;SORBI_3009G211000;SORBI_3002G053600;SORBI_3002G214400","5.119e-01;9.532e-01;5.174e-01;4.475e-01;4.210e-01;6.629e-01;3.988e-05;9.060e-01;1.796e-01","tfisher_p_analytic",0.8,4,5,"Remains_significant"
"PWY4LZ-81","Organic Nitrogen Assimilation",20,"mvn",2.07206432280096e-11,3.7190214614125e-11,1e-50,0.02,62.4938370356244,2.07199999997961e-11,0.00013612203540885,NA,5.55111512312578e-17,5.05768266773682e-16,NA,NA,1.99996000079998e-05,0.000118838202946086,NA,NA,NA,NA,NA,NA,1.99996000079998e-05,0.000118838202946086,5.72407882281158e-05,0.000171562194393997,0.000118838202946086,"SORBI_3007G174600;SORBI_3004G209300;SORBI_3005G150250;SORBI_3009G225700;SORBI_3003G258800;SORBI_3010G060800;SORBI_3002G402700;SORBI_3004G247000;SORBI_3001G231000;SORBI_3001G116400;SORBI_3001G451500;SORBI_3006G249400;SORBI_3004G351000;SORBI_3006G270100;SORBI_3001G026900;SORBI_3002G090200;SORBI_3002G090300;SORBI_3001G325200;SORBI_3001G156100;SORBI_3004G268100","5.608e-03;1.478e-04;7.844e-01;1.036e-12;3.236e-01;5.630e-01;6.091e-01;8.166e-02;3.206e-01;7.132e-01;8.238e-01;6.202e-02;7.979e-01;7.508e-01;5.010e-03;9.876e-02;1.871e-01;8.343e-01;6.034e-01;7.639e-02","tfisher_p_analytic",1,5,5,"Remains_significant"
"PWYIO2-7","triacylglycerol biosynthesis (Chlamydomonas)",53,"mvn",5.4105811392378e-11,1.80181235094669e-16,1e-50,0.02,94.4402736411972,5.41076999985638e-11,1.00665660846511e-08,NA,5.55111512312578e-17,5.05768266773682e-16,NA,NA,1.99996000079998e-05,0.000118838202946086,NA,NA,NA,NA,NA,NA,1.99996000079998e-05,0.000118838202946086,5.72407882281158e-05,0.000171562194393997,0.000118838202946086,"SORBI_3004G341900;SORBI_3002G218500;SORBI_3003G317500;SORBI_3009G188900;SORBI_3009G015800;SORBI_3005G197100;SORBI_3008G112100;SORBI_3001G206000;SORBI_3006G221500;SORBI_3002G267500;SORBI_3003G142500;SORBI_3003G229700;SORBI_3003G360700;SORBI_3003G114200;SORBI_3009G157000;SORBI_3009G162000;SORBI_3009G202600;SORBI_3005G214400;SORBI_3008G130800;SORBI_3001G099300;SORBI_3001G250200;SORBI_3001G283700;SORBI_3001G026100;SORBI_3001G493300;SORBI_3006G041266;SORBI_3002G325300;SORBI_3010G134400;SORBI_3010G170000;SORBI_3003G309600;SORBI_3003G258000;SORBI_3009G072700;SORBI_3009G226600;SORBI_3009G040250;SORBI_3009G034600;SORBI_3008G049000;SORBI_3004G261900;SORBI_3006G034200;SORBI_3002G020000;SORBI_3002G260000;SORBI_3010G193300;SORBI_3010G190300;SORBI_3003G265100;SORBI_3003G249000;SORBI_3003G078700;SORBI_3009G165400;SORBI_3009G221500;SORBI_3005G187300;SORBI_3004G293100;SORBI_3004G268300;SORBI_3007G108500;SORBI_3001G049300;SORBI_3001G408400;SORBI_3002G165140","2.934e-01;8.161e-01;3.620e-01;1.738e-02;7.037e-01;4.737e-03;7.795e-01;1.508e-01;3.074e-01;4.388e-01;1.859e-01;7.537e-01;6.826e-01;1.673e-02;1.410e-01;1.123e-02;5.913e-04;5.347e-01;6.363e-03;3.526e-01;4.825e-01;3.398e-01;2.369e-01;3.318e-01;5.700e-01;6.841e-01;2.218e-01;3.191e-01;1.247e-02;8.400e-01;9.574e-01;1.021e-12;4.112e-01;2.875e-01;3.193e-01;3.136e-03;1.757e-01;2.870e-01;7.106e-01;5.125e-01;6.210e-01;1.756e-02;1.835e-01;6.355e-01;2.689e-02;2.452e-08;7.582e-01;1.273e-02;2.107e-02;4.467e-01;4.806e-01;4.383e-01;6.300e-01","tfisher_p_analytic",1,5,5,"Remains_significant"
"PWYQT-4449","polyisoprenoid biosynthesis",5,"mvn",2.37459063159074e-06,1.44292662097703e-10,1e-50,0.2,52.3390962398956,3.15764601170111e-06,4.37214153092425e-10,NA,5.55111512312578e-17,5.05768266773682e-16,NA,NA,1.99996000079998e-05,0.000118838202946086,NA,NA,NA,NA,NA,NA,1.99996000079998e-05,0.000118838202946086,5.72407882281158e-05,0.000171562194393997,0.000118838202946086,"SORBI_3003G270500;SORBI_3009G216800;SORBI_3006G248000;SORBI_3002G353300;SORBI_3009G246400","4.447e-02;1.915e-06;1.283e-01;3.456e-01;6.315e-07","tfisher_p_analytic",1,5,5,"Remains_significant"
"SUCSYN-PWY","sucrose biosynthesis I (from photosynthesis)",33,"mvn",6.62640089085488e-09,0.0129243076776279,1e-50,0.001,30.8419128982577,6.6263999787107e-09,0.665347406068559,NA,5.55111512312578e-17,5.05768266773682e-16,NA,NA,1.99996000079998e-05,0.000118838202946086,NA,NA,NA,NA,NA,NA,1.99996000079998e-05,0.000118838202946086,5.72407882281158e-05,0.000171562194393997,0.000118838202946086,"SORBI_3001G071800;SORBI_3002G230600;SORBI_3010G219700;SORBI_3003G367500;SORBI_3009G152700;SORBI_3001G425400;SORBI_3010G188300;SORBI_3003G096000;SORBI_3003G393900;SORBI_3005G056400;SORBI_3008G053200;SORBI_3004G146000;SORBI_3010G262466;SORBI_3010G262500;SORBI_3010G262433;SORBI_3010G100200;SORBI_3009G016700;SORBI_3005G159000;SORBI_3004G056400;SORBI_3004G205100;SORBI_3007G025400;SORBI_3010G221800;SORBI_3009G183700;SORBI_3004G055200;SORBI_3001G236800;SORBI_3009G041000;SORBI_3009G040900;SORBI_3004G151800;SORBI_3010G205100;SORBI_3003G403300;SORBI_3009G233200;SORBI_3005G089600;SORBI_3004G068400","4.326e-01;2.940e-01;6.492e-01;6.747e-02;3.036e-01;5.739e-01;5.370e-01;6.602e-01;5.923e-01;9.084e-01;1.885e-01;4.005e-01;9.694e-01;8.000e-01;9.565e-01;6.563e-01;7.858e-01;6.364e-01;5.993e-01;3.382e-01;8.301e-01;6.879e-01;6.136e-02;6.047e-01;9.135e-03;7.058e-01;8.351e-01;7.623e-01;7.719e-01;4.512e-01;2.008e-10;8.971e-01;9.330e-01","tfisher_p_analytic",0.8,4,5,"Remains_significant"
"TRIGLSYN-PWY","diacylglycerol and triacylglycerol biosynthesis",53,"mvn",5.4105811392378e-11,1.80181235094669e-16,1e-50,0.02,94.4402736411972,5.41076999985638e-11,1.00665660846511e-08,NA,5.55111512312578e-17,5.05768266773682e-16,NA,NA,1.99996000079998e-05,0.000118838202946086,NA,NA,NA,NA,NA,NA,1.99996000079998e-05,0.000118838202946086,5.72407882281158e-05,0.000171562194393997,0.000118838202946086,"SORBI_3002G218500;SORBI_3004G341900;SORBI_3003G317500;SORBI_3009G188900;SORBI_3009G015800;SORBI_3005G197100;SORBI_3008G112100;SORBI_3001G206000;SORBI_3006G221500;SORBI_3002G267500;SORBI_3003G142500;SORBI_3003G229700;SORBI_3003G360700;SORBI_3003G114200;SORBI_3009G157000;SORBI_3009G162000;SORBI_3009G202600;SORBI_3005G214400;SORBI_3008G130800;SORBI_3001G099300;SORBI_3001G250200;SORBI_3001G283700;SORBI_3001G026100;SORBI_3001G493300;SORBI_3006G041266;SORBI_3002G325300;SORBI_3010G134400;SORBI_3010G170000;SORBI_3003G309600;SORBI_3003G258000;SORBI_3009G072700;SORBI_3009G226600;SORBI_3009G040250;SORBI_3009G034600;SORBI_3008G049000;SORBI_3004G261900;SORBI_3006G034200;SORBI_3002G020000;SORBI_3002G260000;SORBI_3010G193300;SORBI_3010G190300;SORBI_3003G265100;SORBI_3003G249000;SORBI_3003G078700;SORBI_3009G165400;SORBI_3009G221500;SORBI_3005G187300;SORBI_3004G293100;SORBI_3004G268300;SORBI_3007G108500;SORBI_3001G049300;SORBI_3001G408400;SORBI_3002G165140","8.161e-01;2.934e-01;3.620e-01;1.738e-02;7.037e-01;4.737e-03;7.795e-01;1.508e-01;3.074e-01;4.388e-01;1.859e-01;7.537e-01;6.826e-01;1.673e-02;1.410e-01;1.123e-02;5.913e-04;5.347e-01;6.363e-03;3.526e-01;4.825e-01;3.398e-01;2.369e-01;3.318e-01;5.700e-01;6.841e-01;2.218e-01;3.191e-01;1.247e-02;8.400e-01;9.574e-01;1.021e-12;4.112e-01;2.875e-01;3.193e-01;3.136e-03;1.757e-01;2.870e-01;7.106e-01;5.125e-01;6.210e-01;1.756e-02;1.835e-01;6.355e-01;2.689e-02;2.452e-08;7.582e-01;1.273e-02;2.107e-02;4.467e-01;4.806e-01;4.383e-01;6.300e-01","tfisher_p_analytic",1,5,5,"Remains_significant"
"VALSYN-PWY","L-valine biosynthesis",6,"mvn",6.8915687232601e-07,2.17657939839662e-06,1e-50,0.001,18.1435931250562,6.89159802107735e-07,2.37784011009555e-05,NA,5.55111512312578e-17,5.05768266773682e-16,NA,NA,1.99996000079998e-05,0.000118838202946086,NA,NA,NA,NA,NA,NA,1.99996000079998e-05,0.000118838202946086,5.72407882281158e-05,0.000171562194393997,0.000118838202946086,"SORBI_3005G082200;SORBI_3004G210000;SORBI_3004G155800;SORBI_3003G239900;SORBI_3009G239900;SORBI_3007G167800","4.772e-01;2.416e-01;3.491e-02;2.978e-01;1.149e-07;1.747e-01","tfisher_p_analytic",1,5,5,"Remains_significant"
"NONOXIPENT-PWY","pentose phosphate pathway (non-oxidative branch)",14,"mvn",0.00696963829292003,0.0148385933323047,5.82429166229304e-06,0.05,14.8961230231071,0.00884756790284427,0.130719442197508,NA,2.90654228951581e-05,0.000167842582915702,NA,NA,3.99992000159997e-05,0.000227773222313332,NA,NA,NA,NA,NA,NA,3.99992000159997e-05,0.000227773222313332,0.000109711510770555,0.000328827539255162,0.000227773222313332,"SORBI_3003G182400;SORBI_3005G033000;SORBI_3008G135701;SORBI_3001G069000;SORBI_3002G051100;SORBI_3001G491000;SORBI_3002G257300;SORBI_3010G024000;SORBI_3010G023700;SORBI_3009G062800;SORBI_3007G078400;SORBI_3006G034300;SORBI_3003G410500;SORBI_3007G043400","8.034e-01;7.111e-01;2.957e-01;2.194e-01;6.346e-04;9.126e-01;4.039e-01;6.726e-01;6.885e-01;9.248e-02;4.543e-01;2.295e-03;2.893e-01;6.552e-01","tfisher_p_analytic",0.8,4,5,"Remains_significant"
"PWY-4203","volatile benzenoid biosynthesis I (ester formation)",28,"mvn",0.0107218538580329,0.00525593980815699,8.65485585921366e-06,0.2,38.4853383184976,0.0193540768168611,0.177165956042299,NA,4.31472631596264e-05,0.000242333943773244,NA,NA,3.99992000159997e-05,0.000227773222313332,NA,NA,NA,NA,NA,NA,3.99992000159997e-05,0.000227773222313332,0.000109711510770555,0.000328827539255162,0.000227773222313332,"SORBI_3006G209200;SORBI_3006G209300;SORBI_3006G209000;SORBI_3010G040700;SORBI_3010G040200;SORBI_3010G259500;SORBI_3010G259300;SORBI_3010G259600;SORBI_3010G204000;SORBI_3010G179900;SORBI_3007G203600;SORBI_3001G273200;SORBI_3001G277800;SORBI_3001G271600;SORBI_3001G201800;SORBI_3006G020200;SORBI_3006G020300;SORBI_3006G019700;SORBI_3006G247400;SORBI_3010G130500;SORBI_3010G011700;SORBI_3003G269700;SORBI_3005G226200;SORBI_3004G036100;SORBI_3004G036200;SORBI_3002G044800;SORBI_3002G044700;SORBI_3002G302400","1.180e-01;4.597e-02;9.484e-02;1.617e-02;8.245e-01;6.825e-01;7.698e-01;7.740e-01;5.408e-02;1.346e-01;1.434e-01;8.752e-01;5.416e-01;9.458e-01;6.457e-01;5.667e-01;4.625e-01;5.028e-01;3.623e-01;7.726e-01;8.505e-01;1.116e-01;7.812e-01;8.000e-01;8.489e-01;6.978e-04;9.141e-04;1.456e-01","tfisher_p_analytic",0.8,4,5,"Remains_significant"
"PWY-5147","oleate biosynthesis I (plants)",42,"mvn",0.0366100516436973,8.96637647630728e-05,1.06209561478998e-06,0.2,53.6719676294261,0.0685440588651124,0.000401717657636614,NA,5.23440470195924e-06,3.06586561114755e-05,NA,NA,3.99992000159997e-05,0.000227773222313332,NA,NA,NA,NA,NA,NA,3.99992000159997e-05,0.000227773222313332,0.000109711510770555,0.000328827539255162,0.000227773222313332,"SORBI_3006G272600;SORBI_3006G247200;SORBI_3006G247300;SORBI_3006G079500;SORBI_3008G051300;SORBI_3008G010800;SORBI_3005G054900;SORBI_3005G020300;SORBI_3005G033100;SORBI_3005G156100;SORBI_3009G031400;SORBI_3003G242000;SORBI_3003G303900;SORBI_3003G004900;SORBI_3003G258200;SORBI_3010G045500;SORBI_3010G045400;SORBI_3010G214900;SORBI_3010G180400;SORBI_3010G033300;SORBI_3004G088100;SORBI_3002G111500;SORBI_3002G256900;SORBI_3002G256800;SORBI_3006G171900;SORBI_3006G259300;SORBI_3004G293900;SORBI_3004G294000;SORBI_3004G293800;SORBI_3008G029200;SORBI_3003G337500;SORBI_3010G235300;SORBI_3003G377100;SORBI_3003G404000;SORBI_3004G157550;SORBI_3004G153300;SORBI_3007G071600;SORBI_3001G280700;SORBI_3001G265300;SORBI_3001G334501;SORBI_3006G048700;SORBI_3002G258500","6.886e-01;2.529e-01;5.844e-01;6.776e-02;8.521e-02;2.995e-01;2.082e-01;8.574e-02;3.864e-01;5.009e-01;8.271e-03;3.426e-02;5.541e-01;3.898e-01;8.515e-01;7.581e-01;3.346e-01;5.036e-01;3.307e-02;3.223e-01;7.426e-02;1.689e-03;2.366e-01;9.306e-02;4.161e-01;6.022e-01;1.344e-02;2.026e-02;9.359e-03;3.712e-01;5.324e-01;7.479e-01;2.638e-01;3.833e-01;7.029e-01;4.774e-01;2.835e-01;1.315e-02;5.752e-01;7.260e-01;4.535e-01;7.180e-01","tfisher_p_analytic",0.8,4,5,"Remains_significant"
"PWY0-1319","CDP-diacylglycerol biosynthesis II",21,"mvn",0.0104498508678532,0.00131492071190604,7.06782613013601e-06,0.1,23.7198024980157,0.0123435281470674,0.00831821701735399,NA,3.50770010138501e-05,0.000199744033551091,NA,NA,5.99988000239995e-05,0.000336979561778627,NA,NA,NA,NA,NA,NA,5.99988000239995e-05,0.000336979561778627,0.000162312920044109,0.000486484578624075,0.000336979561778627,"SORBI_3003G142500;SORBI_3003G229700;SORBI_3003G360700;SORBI_3003G114200;SORBI_3009G157000;SORBI_3009G162000;SORBI_3009G202600;SORBI_3005G214400;SORBI_3008G130800;SORBI_3001G099300;SORBI_3001G250200;SORBI_3001G283700;SORBI_3001G026100;SORBI_3001G493300;SORBI_3006G041266;SORBI_3002G325300;SORBI_3003G073800;SORBI_3003G301900;SORBI_3005G149300;SORBI_3004G025400;SORBI_3002G167100","1.859e-01;7.537e-01;6.826e-01;1.673e-02;1.410e-01;1.123e-02;5.913e-04;5.347e-01;6.363e-03;3.526e-01;4.825e-01;3.398e-01;2.369e-01;3.318e-01;5.700e-01;6.841e-01;3.666e-01;1.949e-01;3.569e-01;9.078e-01;2.504e-01","tfisher_p_analytic",1,5,5,"Remains_significant"
"PWY-6554","1D-<i>myo</i>-inositol hexakisphosphate biosynthesis V (from Ins(1,3,4)P3)",8,"mvn",0.0408422289571971,0.00187655509092879,9.54909721850861e-06,0.2,17.7104489475149,0.0879160509882874,0.0324573076026095,NA,4.74739293218063e-05,0.000263031230026224,NA,NA,9.99980000399992e-05,0.00055404297319459,NA,NA,NA,NA,NA,NA,9.99980000399992e-05,0.00055404297319459,0.000266865837009459,0.000799850771161204,0.00055404297319459,"SORBI_3004G160800;SORBI_3004G141100;SORBI_3001G106900;SORBI_3001G278700;SORBI_3001G286100;SORBI_3001G447200;SORBI_3002G266300;SORBI_3006G251500","6.449e-02;1.442e-01;2.405e-02;1.144e-02;2.263e-01;8.350e-01;9.028e-01;1.785e-02","tfisher_p_analytic",0.8,4,5,"Remains_significant"
"TYRFUMCAT-PWY","L-tyrosine degradation I",8,"mvn",0.0338907549390793,0.000692160767806913,1.58074167873057e-05,0.2,17.3247558508566,0.0755657969882772,0.00482471523951662,NA,7.69753936186723e-05,0.000420798818448742,NA,NA,0.000139997200055999,0.000765318026972794,NA,NA,NA,NA,NA,NA,0.000139997200055999,0.000765318026972794,0.000368630676189066,0.00110486053189734,0.000765318026972794,"SORBI_3003G045600;SORBI_3005G200300;SORBI_3004G080100;SORBI_3004G182800;SORBI_3010G001600;SORBI_3004G053700;SORBI_3002G104200;SORBI_3002G105600","4.601e-02;2.844e-01;5.010e-01;1.394e-01;7.527e-02;9.774e-03;1.173e-02;2.195e-01","tfisher_p_analytic",0.8,4,5,"Remains_significant"
"PWY-7634","vernolate biosynthesis II",12,"mvn",0.00348385591466253,0.043341727709654,3.73338735426554e-05,0.001,2.46501892493625,0.00349311497164307,0.172662349802534,NA,0.000182569943874111,0.000947514900259268,NA,NA,0.000199996000079998,0.00107892578990525,NA,NA,NA,NA,NA,NA,0.000199996000079998,0.00107892578990525,0.000519686103649999,0.00155760413331392,0.00107892578990525,"SORBI_3010G231600;SORBI_3010G197700;SORBI_3003G076800;SORBI_3003G413800;SORBI_3003G076700;SORBI_3004G006100;SORBI_3001G195200;SORBI_3001G270200;SORBI_3001G195100;SORBI_3001G195500;SORBI_3006G066400;SORBI_3002G348900","7.538e-01;1.383e-01;8.339e-01;4.508e-02;3.477e-01;7.331e-01;6.325e-01;1.206e-01;6.273e-01;8.506e-01;2.916e-04;7.632e-01","tfisher_p_analytic",0.8,4,5,"Remains_significant"
"PWY-6014","vernolate biosynthesis I",12,"mvn",0.00348385591466253,0.043341727709654,3.73338736100459e-05,0.001,2.46501892493625,0.00349311497164307,0.172662349802534,NA,0.000182569944196298,0.000947514900259268,NA,NA,0.000239995200095998,0.00126151323127384,NA,NA,NA,NA,NA,NA,0.000239995200095998,0.00126151323127384,0.00060763298272923,0.00182119867895166,0.00126151323127384,"SORBI_3010G231600;SORBI_3010G197700;SORBI_3003G076800;SORBI_3003G413800;SORBI_3003G076700;SORBI_3004G006100;SORBI_3001G195200;SORBI_3001G270200;SORBI_3001G195100;SORBI_3001G195500;SORBI_3006G066400;SORBI_3002G348900","7.538e-01;1.383e-01;8.339e-01;4.508e-02;3.477e-01;7.331e-01;6.325e-01;1.206e-01;6.273e-01;8.506e-01;2.916e-04;7.632e-01","tfisher_p_analytic",0.8,4,5,"Remains_significant"
"PWY-6351","D-<i>myo</i>-inositol (1,4,5)-trisphosphate biosynthesis",31,"mvn",0.00151372924310696,0.0203537621320278,3.79758203038483e-05,0.001,6.03133941987301,0.00151828647158316,0.0837099564422182,NA,0.000180423810020647,0.000947514900259268,NA,NA,0.000239995200095998,0.00126151323127384,NA,NA,NA,NA,NA,NA,0.000239995200095998,0.00126151323127384,0.00060763298272923,0.00182119867895166,0.00126151323127384,"SORBI_3009G027800;SORBI_3005G018900;SORBI_3005G002000;SORBI_3008G090600;SORBI_3008G002000;SORBI_3001G408001;SORBI_3002G430500;SORBI_3010G223300;SORBI_3006G060000;SORBI_3010G145900;SORBI_3010G118200;SORBI_3003G127200;SORBI_3009G253700;SORBI_3005G104500;SORBI_3004G130300;SORBI_3001G118000;SORBI_3006G258500;SORBI_3002G235900;SORBI_3010G279800;SORBI_3005G031700;SORBI_3008G011901;SORBI_3007G154701;SORBI_3001G121900;SORBI_3001G429500;SORBI_3001G203400;SORBI_3001G294100;SORBI_3001G367301;SORBI_3001G124100;SORBI_3002G403100;SORBI_3002G223600;SORBI_3002G292800","3.690e-01;9.672e-01;1.115e-01;6.388e-02;7.538e-01;7.633e-01;2.649e-02;9.505e-02;3.748e-01;8.118e-01;2.792e-02;7.013e-01;4.901e-05;5.215e-01;2.811e-01;3.799e-01;1.971e-01;7.350e-01;4.240e-01;7.456e-01;7.226e-01;6.179e-01;2.038e-01;3.292e-01;4.122e-01;5.608e-01;4.899e-01;8.179e-01;2.037e-01;5.543e-01;1.609e-01","tfisher_p_analytic",0.8,4,5,"Remains_significant"
"GALACTMETAB-PWY","UDP-galactose biosynthesis (salvage pathway from galactose using UDP-glucose)",9,"mvn",0.0360167976325813,0.000953836044648752,3.89498441110137e-05,0.2,17.8258470942742,0.0874788337402978,0.00439537115736988,NA,0.000185262531468167,0.000949470473774354,NA,NA,0.000359992800143997,0.00179996400071999,NA,NA,NA,NA,NA,NA,0.000359992800143997,0.00179996400071999,0.000866988524138047,0.0025985395785042,0.00179996400071999,"SORBI_3009G168600;SORBI_3004G013500;SORBI_3002G291200;SORBI_3010G251200;SORBI_3007G114500;SORBI_3001G372500;SORBI_3002G170100;SORBI_3002G271200;SORBI_3001G026000","1.012e-02;4.004e-01;2.850e-01;1.485e-02;1.098e-01;5.658e-01;1.610e-01;1.623e-02;2.167e-01","tfisher_p_analytic",0.8,4,5,"Remains_significant"
"PWY-5142","acyl-[acyl-carrier protein] thioesterase pathway",9,"mvn",0.0365473292498875,0.002514629180827,5.02693436768009e-05,0.2,17.6341527303029,0.081148969800451,0.00145978392791285,NA,0.000237927186522713,0.00117530296957003,NA,NA,0.000359992800143997,0.00179996400071999,NA,NA,NA,NA,NA,NA,0.000359992800143997,0.00179996400071999,0.000866988524138047,0.0025985395785042,0.00179996400071999,"SORBI_3003G337500;SORBI_3008G029200;SORBI_3004G293800;SORBI_3004G294000;SORBI_3004G293900;SORBI_3006G259300;SORBI_3006G171900;SORBI_3002G256800;SORBI_3002G256900","5.324e-01;3.712e-01;9.359e-03;2.026e-02;1.344e-02;6.022e-01;4.161e-01;9.306e-02;2.366e-01","tfisher_p_analytic",0.8,4,5,"Remains_significant"
"PWY-6352","3-phosphoinositide biosynthesis",42,"mvn",0.00202266101595574,0.00618472396689555,4.76627427273835e-05,0.05,23.6447482468701,0.00205647899298057,0.0208901812932784,NA,0.000225521109963767,0.00112763541302074,NA,NA,0.000359992800143997,0.00179996400071999,NA,NA,NA,NA,NA,NA,0.000359992800143997,0.00179996400071999,0.000866988524138047,0.0025985395785042,0.00179996400071999,"SORBI_3010G072400;SORBI_3004G321100;SORBI_3007G008900;SORBI_3001G162700;SORBI_3001G481900;SORBI_3010G107000;SORBI_3010G279300;SORBI_3003G373500;SORBI_3007G133000;SORBI_3007G146400;SORBI_3007G004500;SORBI_3001G345100;SORBI_3006G280400;SORBI_3002G196600;SORBI_3009G179600;SORBI_3005G137500;SORBI_3008G018500;SORBI_3007G088100;SORBI_3010G279800;SORBI_3005G031700;SORBI_3008G011901;SORBI_3007G154701;SORBI_3001G121900;SORBI_3001G429500;SORBI_3001G203400;SORBI_3001G294100;SORBI_3001G367301;SORBI_3001G124100;SORBI_3002G403100;SORBI_3002G223600;SORBI_3002G292800;SORBI_3010G223300;SORBI_3006G060000;SORBI_3010G145900;SORBI_3010G118200;SORBI_3003G127200;SORBI_3009G253700;SORBI_3005G104500;SORBI_3004G130300;SORBI_3001G118000;SORBI_3006G258500;SORBI_3002G235900","3.753e-02;6.394e-01;2.480e-01;7.133e-01;1.213e-01;6.049e-01;3.923e-01;4.129e-01;5.368e-03;8.580e-01;1.340e-02;5.486e-01;7.956e-01;4.978e-01;3.406e-01;4.134e-01;8.715e-01;3.104e-02;4.240e-01;7.456e-01;7.226e-01;6.179e-01;2.038e-01;3.292e-01;4.122e-01;5.608e-01;4.899e-01;8.179e-01;2.037e-01;5.543e-01;1.609e-01;9.505e-02;3.748e-01;8.118e-01;2.792e-02;7.013e-01;4.901e-05;5.215e-01;2.811e-01;3.799e-01;1.971e-01;7.350e-01","tfisher_p_analytic",1,5,5,"Remains_significant"
"PWY-6710","poly-hydroxy fatty acids biosynthesis",12,"mvn",0.00348385591466253,0.043341727709654,3.73338735425444e-05,0.001,2.46501892493625,0.00349311497164307,0.172662349802534,NA,0.000182569943873501,0.000947514900259268,NA,NA,0.000359992800143997,0.00179996400071999,NA,NA,NA,NA,NA,NA,0.000359992800143997,0.00179996400071999,0.000866988524138047,0.0025985395785042,0.00179996400071999,"SORBI_3010G231600;SORBI_3010G197700;SORBI_3003G076800;SORBI_3003G413800;SORBI_3003G076700;SORBI_3004G006100;SORBI_3001G195200;SORBI_3001G270200;SORBI_3001G195100;SORBI_3001G195500;SORBI_3006G066400;SORBI_3002G348900","7.538e-01;1.383e-01;8.339e-01;4.508e-02;3.477e-01;7.331e-01;6.325e-01;1.206e-01;6.273e-01;8.506e-01;2.916e-04;7.632e-01","tfisher_p_analytic",0.8,4,5,"Remains_significant"
"PWY-5989","stearate biosynthesis II (bacteria and plants)",38,"mvn",0.0555787012332521,0.00100965493391009,9.62807871995874e-05,0.2,42.7819897802912,0.145065801357787,0.00253157954032887,NA,0.000423874310998218,0.0020689103274913,NA,NA,0.000719985600287994,0.0035565553749166,NA,NA,NA,NA,NA,NA,0.000719985600287994,0.0035565553749166,0.00171308575853783,0.00513446374547819,0.0035565553749166,"SORBI_3006G272600;SORBI_3006G247200;SORBI_3006G247300;SORBI_3006G079500;SORBI_3008G051300;SORBI_3008G010800;SORBI_3005G054900;SORBI_3005G020300;SORBI_3005G033100;SORBI_3005G156100;SORBI_3009G031400;SORBI_3003G242000;SORBI_3003G303900;SORBI_3003G004900;SORBI_3003G258200;SORBI_3010G045500;SORBI_3010G045400;SORBI_3010G214900;SORBI_3002G256900;SORBI_3002G256800;SORBI_3006G171900;SORBI_3006G259300;SORBI_3004G293900;SORBI_3004G294000;SORBI_3004G293800;SORBI_3008G029200;SORBI_3003G337500;SORBI_3002G151000;SORBI_3007G225200;SORBI_3007G225300;SORBI_3007G112100;SORBI_3007G079600;SORBI_3009G150900;SORBI_3006G043700;SORBI_3007G209800;SORBI_3004G152800;SORBI_3004G178100;SORBI_3008G087300","6.886e-01;2.529e-01;5.844e-01;6.776e-02;8.521e-02;2.995e-01;2.082e-01;8.574e-02;3.864e-01;5.009e-01;8.271e-03;3.426e-02;5.541e-01;3.898e-01;8.515e-01;7.581e-01;3.346e-01;5.036e-01;2.366e-01;9.306e-02;4.161e-01;6.022e-01;1.344e-02;2.026e-02;9.359e-03;3.712e-01;5.324e-01;6.136e-01;3.102e-01;4.996e-01;9.184e-01;2.666e-01;5.724e-01;7.672e-02;6.341e-01;4.859e-01;4.116e-03;6.624e-01","tfisher_p_analytic",0.6,3,5,"Remains_significant"
"CALVIN-PWY","Calvin-Benson-Bassham cycle",38,"mvn",0.0174093822731532,0.0191659981706955,0.000203444965762634,0.1,28.3581657248751,0.0238330914994573,0.180840279498968,NA,0.00098587302122255,0.0047553875141323,NA,NA,0.00121997560048799,0.00595464281190567,NA,NA,NA,NA,NA,NA,0.00121997560048799,0.00595464281190567,0.00286817235300166,0.00859649138338494,0.00595464281190567,"SORBI_3003G182400;SORBI_3005G033000;SORBI_3008G135701;SORBI_3001G069000;SORBI_3002G051100;SORBI_3004G272100;SORBI_3006G200800;SORBI_3001G491000;SORBI_3002G257300;SORBI_3003G359100;SORBI_3010G024000;SORBI_3010G023700;SORBI_3009G062800;SORBI_3007G078400;SORBI_3006G034300;SORBI_3010G219700;SORBI_3003G367500;SORBI_3009G152700;SORBI_3001G425400;SORBI_3010G188300;SORBI_3003G096000;SORBI_3003G393900;SORBI_3005G056400;SORBI_3008G053200;SORBI_3004G146000;SORBI_3003G072300;SORBI_3003G352300;SORBI_3002G277100;SORBI_3001G519800;SORBI_3006G105900;SORBI_3010G221800;SORBI_3009G183700;SORBI_3004G055200;SORBI_3001G236800;SORBI_3003G172800;SORBI_3005G042000;SORBI_3005G194400;SORBI_3007G080150","8.034e-01;7.111e-01;2.957e-01;2.194e-01;6.346e-04;2.466e-02;5.223e-01;9.126e-01;4.039e-01;3.593e-01;6.726e-01;6.885e-01;9.248e-02;4.543e-01;2.295e-03;6.492e-01;6.747e-02;3.036e-01;5.739e-01;5.370e-01;6.602e-01;5.923e-01;9.084e-01;1.885e-01;4.005e-01;5.533e-02;8.386e-01;5.519e-01;7.980e-01;8.454e-01;6.879e-01;6.136e-02;6.047e-01;9.135e-03;7.643e-01;1.757e-01;6.022e-01;4.786e-01","tfisher_p_analytic",0.8,4,5,"Remains_significant"
"THIOREDOX-PWY","thioredoxin pathway",20,"mvn",0.0211692924831694,0.00902719804764823,0.000259647816891695,0.1,18.9572111164495,0.0270540976273641,0.0677818009363341,NA,0.00123131212385091,0.00587020896254505,NA,NA,0.00177996440071199,0.0085857106387284,NA,NA,NA,NA,NA,NA,0.00177996440071199,0.0085857106387284,0.00413547859422188,0.0123948639502769,0.0085857106387284,"SORBI_3010G135000;SORBI_3010G216200;SORBI_3003G418500;SORBI_3003G163700;SORBI_3003G163500;SORBI_3009G073000;SORBI_3005G154000;SORBI_3008G117800;SORBI_3004G300900;SORBI_3004G156900;SORBI_3004G262300;SORBI_3004G216600;SORBI_3007G162300;SORBI_3001G197600;SORBI_3001G010900;SORBI_3006G054600;SORBI_3006G141700;SORBI_3002G039100;SORBI_3002G401800;SORBI_3002G035000","7.934e-01;5.957e-01;8.107e-01;6.262e-01;2.334e-01;5.748e-01;3.435e-01;7.728e-01;2.340e-01;1.588e-01;1.370e-03;3.046e-01;5.144e-02;8.107e-01;1.125e-02;9.640e-03;5.738e-01;5.335e-01;1.897e-01;3.365e-01","tfisher_p_analytic",0.8,4,5,"Remains_significant"
"PWY-5987","sorgoleone biosynthesis",22,"mvn",0.0444285927596164,0.00133630802820258,0.000463158757454618,0.2,27.4469591650367,0.0840710048563722,0.00148877638156716,NA,0.00138385306966965,0.00652160642028226,NA,NA,0.00185996280074399,0.00886726451517481,NA,NA,NA,NA,NA,NA,0.00185996280074399,0.00886726451517481,0.00427109462860255,0.0128013325747242,0.00886726451517481,"SORBI_3005G002800;SORBI_3008G003200;SORBI_3008G002800;SORBI_3009G037300;SORBI_3009G037200;SORBI_3005G135800;SORBI_3005G164300;SORBI_3005G134900;SORBI_3005G134700;SORBI_3005G134400;SORBI_3005G164200;SORBI_3008G036800;SORBI_3004G175800;SORBI_3004G179000;SORBI_3007G170400;SORBI_3002G310400;SORBI_3002G310500;SORBI_3002G063800;SORBI_3005G002700;SORBI_3004G260600;SORBI_3004G260800;SORBI_3002G045000","3.554e-01;2.394e-01;7.340e-01;5.384e-01;4.800e-01;9.078e-01;3.193e-02;7.179e-01;2.709e-01;2.662e-01;2.026e-02;5.122e-01;3.984e-03;8.421e-03;5.244e-01;1.955e-01;2.495e-01;1.479e-01;4.816e-01;7.350e-02;6.088e-02;2.094e-01","tfisher_p_analytic",0.8,4,5,"Remains_significant"
"PWY-2541","phytosterol biosynthesis (plants)",27,"mvn",0.0145249944685645,0.0074633790717679,4.57153188412329e-05,0.1,25.0633680900678,0.0177353526034268,0.0271898894229329,NA,0.000225527082604149,0.00112763541302074,NA,NA,0.00299994000119998,0.0141376482815171,NA,NA,NA,NA,NA,NA,0.00299994000119998,0.0141376482815171,0.00680967997886206,0.020409985195148,0.0141376482815171,"SORBI_3009G178000;SORBI_3007G137300;SORBI_3001G386700;SORBI_3003G083300;SORBI_3002G264300;SORBI_3001G350200;SORBI_3001G343000;SORBI_3001G343832;SORBI_3001G343400;SORBI_3001G343300;SORBI_3001G343601;SORBI_3001G519400;SORBI_3001G343500;SORBI_3001G343100;SORBI_3001G349200;SORBI_3004G261300;SORBI_3005G048700;SORBI_3003G166500;SORBI_3001G513600;SORBI_3003G106800;SORBI_3003G107400;SORBI_3003G106400;SORBI_3003G107600;SORBI_3003G106300;SORBI_3003G106600;SORBI_3009G025700;SORBI_3009G031100","6.625e-04;4.990e-01;2.934e-01;9.056e-01;6.580e-01;5.943e-01;8.080e-01;5.158e-01;2.696e-01;4.126e-01;3.549e-02;3.211e-02;6.425e-01;5.757e-01;4.207e-03;3.310e-01;2.306e-02;4.406e-01;4.771e-01;4.057e-01;7.159e-01;5.455e-01;7.371e-01;6.470e-01;3.106e-01;4.928e-02;2.275e-01","tfisher_p_analytic",1,5,5,"Remains_significant"
"PWY-5971","palmitate biosynthesis II (bacteria and plants)",43,"mvn",0.0620465048440741,0.00150308972559112,0.000576916028230956,0.2,42.7819897802912,0.162516103793323,0.00424964316223869,NA,0.00188288729928954,0.00877254309896262,NA,NA,0.00307993840123198,0.0143497130057399,NA,NA,NA,NA,NA,NA,0.00307993840123198,0.0143497130057399,0.00691182517854499,0.0207161349730752,0.0143497130057399,"SORBI_3001G397400;SORBI_3001G397500;SORBI_3006G272600;SORBI_3006G247200;SORBI_3006G247300;SORBI_3006G079500;SORBI_3008G051300;SORBI_3008G010800;SORBI_3005G054900;SORBI_3005G020300;SORBI_3005G033100;SORBI_3005G156100;SORBI_3009G031400;SORBI_3003G242000;SORBI_3003G303900;SORBI_3003G004900;SORBI_3003G258200;SORBI_3010G045500;SORBI_3010G045400;SORBI_3010G214900;SORBI_3007G079600;SORBI_3009G150900;SORBI_3002G256900;SORBI_3002G256800;SORBI_3006G171900;SORBI_3006G259300;SORBI_3004G293900;SORBI_3004G294000;SORBI_3004G293800;SORBI_3008G029200;SORBI_3003G337500;SORBI_3002G151000;SORBI_3007G225200;SORBI_3007G225300;SORBI_3007G112100;SORBI_3006G043700;SORBI_3007G209800;SORBI_3004G152800;SORBI_3004G178100;SORBI_3008G087300;SORBI_3002G401301;SORBI_3004G080200;SORBI_3010G073500","3.879e-01;3.169e-01;6.886e-01;2.529e-01;5.844e-01;6.776e-02;8.521e-02;2.995e-01;2.082e-01;8.574e-02;3.864e-01;5.009e-01;8.271e-03;3.426e-02;5.541e-01;3.898e-01;8.515e-01;7.581e-01;3.346e-01;5.036e-01;2.666e-01;5.724e-01;2.366e-01;9.306e-02;4.161e-01;6.022e-01;1.344e-02;2.026e-02;9.359e-03;3.712e-01;5.324e-01;6.136e-01;3.102e-01;4.996e-01;9.184e-01;7.672e-02;6.341e-01;4.859e-01;4.116e-03;6.624e-01;3.023e-01;5.986e-01;2.552e-01","tfisher_p_analytic",0.6,3,5,"Remains_significant"
"LIPAS-PWY","triacylglycerol degradation",118,"mvn",0.0781013589511048,0.00662857034809885,0.000471781916060676,0.2,90.3512803481437,0.275225169873849,0.0807169657295684,NA,0.00217595138731397,0.0100240457168396,NA,NA,0.00355992880142397,0.0163996720065599,NA,NA,NA,NA,NA,NA,0.00355992880142397,0.0163996720065599,0.00789922877547999,0.0236755828263716,0.0163996720065599,"SORBI_3003G239200;SORBI_3003G028900;SORBI_3003G274700;SORBI_3003G162400;SORBI_3001G261484;SORBI_3001G111700;SORBI_3001G484000;SORBI_3001G365600;SORBI_3002G194000;SORBI_3002G177200;SORBI_3002G302900;SORBI_3002G139100;SORBI_3001G024200;SORBI_3004G319300;SORBI_3008G125200;SORBI_3005G204900;SORBI_3003G146900;SORBI_3003G390800;SORBI_3010G200900;SORBI_3010G037600;SORBI_3010G106500;SORBI_3010G193400;SORBI_3010G211900;SORBI_3010G081100;SORBI_3010G093300;SORBI_3010G270900;SORBI_3010G270500;SORBI_3010G200000;SORBI_3010G270800;SORBI_3010G189000;SORBI_3010G233700;SORBI_3010G105800;SORBI_3010G218800;SORBI_3010G270700;SORBI_3010G001700;SORBI_3010G038500;SORBI_3010G047800;SORBI_3010G168700;SORBI_3003G432600;SORBI_3003G283400;SORBI_3003G110600;SORBI_3003G341900;SORBI_3003G295100;SORBI_3003G038000;SORBI_3003G176000;SORBI_3003G304200;SORBI_3003G433000;SORBI_3003G205900;SORBI_3009G135100;SORBI_3009G125300;SORBI_3009G048100;SORBI_3009G200100;SORBI_3009G141300;SORBI_3009G168500;SORBI_3005G111400;SORBI_3005G144300;SORBI_3008G133200;SORBI_3008G037500;SORBI_3008G170100;SORBI_3008G077800;SORBI_3004G130500;SORBI_3004G071300;SORBI_3004G215500;SORBI_3004G310000;SORBI_3004G260400;SORBI_3004G297600;SORBI_3004G016600;SORBI_3004G072900;SORBI_3004G072400;SORBI_3004G266700;SORBI_3004G080600;SORBI_3004G344100;SORBI_3004G001200;SORBI_3004G243500;SORBI_3004G248500;SORBI_3004G286800;SORBI_3004G286700;SORBI_3004G146600;SORBI_3007G187000;SORBI_3007G194800;SORBI_3007G014100;SORBI_3007G036900;SORBI_3007G162200;SORBI_3001G135600;SORBI_3001G182200;SORBI_3001G182300;SORBI_3001G041900;SORBI_3001G182500;SORBI_3001G228100;SORBI_3001G269200;SORBI_3001G003600;SORBI_3001G238800;SORBI_3001G484100;SORBI_3001G182600;SORBI_3001G275400;SORBI_3001G117000;SORBI_3001G295700;SORBI_3001G394000;SORBI_3006G178200;SORBI_3006G128100;SORBI_3006G118800;SORBI_3006G187300;SORBI_3006G248100;SORBI_3006G037500;SORBI_3006G140801;SORBI_3006G178300;SORBI_3002G113700;SORBI_3002G372200;SORBI_3002G140700;SORBI_3002G156700;SORBI_3002G409000;SORBI_3002G141100;SORBI_3002G033000;SORBI_3002G033100;SORBI_3002G379800;SORBI_3002G422200;SORBI_3002G280500;SORBI_3002G192700","8.396e-03;9.604e-01;5.343e-01;8.169e-01;2.023e-01;9.100e-01;2.166e-01;8.821e-01;3.387e-01;5.958e-01;6.772e-01;5.133e-01;4.208e-01;5.224e-02;2.678e-01;6.182e-01;3.137e-03;8.200e-01;7.807e-01;1.173e-01;5.994e-01;6.105e-01;6.685e-01;2.393e-01;9.288e-01;8.226e-01;5.704e-01;3.476e-01;7.224e-01;2.189e-01;6.163e-01;8.274e-01;6.280e-01;9.679e-01;7.479e-02;1.384e-01;9.164e-01;3.425e-01;5.959e-01;3.519e-01;8.800e-01;3.820e-03;1.129e-01;8.126e-01;6.690e-01;5.643e-01;6.972e-01;8.513e-01;7.072e-01;7.960e-01;3.232e-01;2.724e-03;6.925e-01;3.467e-02;4.103e-01;5.960e-01;1.864e-01;9.424e-01;4.869e-01;5.576e-01;2.708e-01;8.756e-01;5.860e-01;8.233e-01;4.354e-02;4.669e-01;9.128e-01;3.418e-01;5.619e-01;2.616e-01;1.124e-01;8.214e-01;5.584e-01;6.456e-01;3.553e-01;5.580e-01;6.968e-01;1.354e-01;1.162e-01;7.764e-01;2.159e-02;5.985e-01;5.209e-02;3.918e-02;4.206e-01;5.711e-01;6.429e-03;3.244e-01;2.933e-01;4.761e-02;8.427e-01;3.169e-01;2.295e-01;4.195e-02;2.772e-01;9.198e-02;3.944e-02;2.496e-01;5.223e-01;3.226e-01;1.472e-01;8.025e-01;1.623e-01;2.353e-02;8.193e-01;4.318e-01;4.473e-02;1.423e-02;7.082e-01;4.815e-01;6.495e-01;7.105e-01;3.819e-01;3.385e-01;3.620e-01;8.020e-01;7.777e-01;1.799e-01","tfisher_p_analytic",0.4,2,5,"Remains_significant"
"PWY-6527","stachyose degradation",11,"mvn",0.0429716843967004,0.00124235012651705,0.0105594645839916,0.2,18.0461465812762,0.105854806837664,0.00217269580298922,NA,0.0035916332863748,0.0160723457866196,NA,NA,0.00441991160176796,0.0201351528524985,NA,NA,NA,NA,NA,NA,0.00441991160176796,0.0201351528524985,0.0096984975521171,0.0290683544701563,0.0201351528524985,"SORBI_3009G168600;SORBI_3004G013500;SORBI_3002G291200;SORBI_3010G251200;SORBI_3001G026000;SORBI_3007G219900;SORBI_3007G114500;SORBI_3001G372500;SORBI_3002G170100;SORBI_3002G271200;SORBI_3002G047500","1.012e-02;4.004e-01;2.850e-01;1.485e-02;2.167e-01;1.791e-01;1.098e-01;5.658e-01;1.610e-01;1.623e-02;4.371e-01","fisher_p",0.8,4,5,"Remains_significant"
"PWY-7184","pyrimidine deoxyribonucleotides <i>de novo</i> biosynthesis I",42,"mvn",0.0241095885170287,0.0390384059803588,0.000777010309228721,0.02,13.037080968077,0.0347068196233107,0.221152841222012,NA,0.00360647759114391,0.0160723457866196,NA,NA,0.00459990800183996,0.0207248602280702,NA,NA,NA,NA,NA,NA,0.00459990800183996,0.0207248602280702,0.00998254185912306,0.0299196925827773,0.0207248602280702,"SORBI_3005G115500;SORBI_3002G420600;SORBI_3001G356200;SORBI_3001G518200;SORBI_3001G385000;SORBI_3007G137900;SORBI_3008G022100;SORBI_3008G021900;SORBI_3005G085901;SORBI_3005G018300;SORBI_3005G099500;SORBI_3005G086000;SORBI_3005G018200;SORBI_3009G166600;SORBI_3009G211900;SORBI_3006G134900;SORBI_3004G336100;SORBI_3005G195700;SORBI_3010G106300;SORBI_3010G054600;SORBI_3003G152900;SORBI_3002G392800;SORBI_3010G148866;SORBI_3001G142000;SORBI_3002G008500;SORBI_3002G303700;SORBI_3006G038800;SORBI_3006G036700;SORBI_3001G230200;SORBI_3007G190200;SORBI_3007G194100;SORBI_3004G202900;SORBI_3008G140100;SORBI_3008G140300;SORBI_3003G326100;SORBI_3003G030700;SORBI_3002G306900;SORBI_3001G295200;SORBI_3004G184500;SORBI_3008G091400;SORBI_3008G123600;SORBI_3009G259200","8.014e-01;9.603e-01;5.361e-01;9.172e-02;5.737e-01;7.149e-01;4.331e-01;5.566e-01;6.604e-01;4.472e-01;1.212e-01;2.301e-01;4.504e-01;1.983e-01;8.407e-04;3.139e-01;6.780e-01;6.731e-01;8.544e-01;7.861e-01;3.731e-01;7.409e-01;3.433e-01;2.558e-01;2.143e-01;7.897e-01;3.755e-03;3.953e-01;3.918e-01;1.361e-01;8.151e-01;5.295e-01;1.913e-01;3.368e-01;4.430e-01;8.357e-01;6.315e-01;4.414e-02;3.740e-03;1.717e-01;4.988e-01;4.852e-01","tfisher_p_analytic",0.8,4,5,"Remains_significant"
"PWY-46","putrescine biosynthesis III",6,"mvn",0.0502217462674876,0.00412412161194614,0.521918709589561,0.2,12.0978938817216,0.110550293141491,0.00115725167304273,NA,0.00440584620983059,0.0192065734044969,NA,NA,0.00477990440191196,0.0213017478780859,NA,NA,NA,NA,NA,NA,0.00477990440191196,0.0213017478780859,0.0102604112898898,0.030752523345124,0.0213017478780859,"SORBI_3005G156000;SORBI_3004G319100;SORBI_3002G282800;SORBI_3002G302100;SORBI_3002G282900;SORBI_3002G284000","1.142e-01;1.177e-01;1.934e-02;1.333e-01;2.181e-02;7.139e-01","stouffer_p_analytic",0.4,2,5,"Remains_significant"
"PWY-3742","tetrahydrofolate biosynthesis II",20,"mvn",0.0407953237980563,0.00846995439285897,0.00105045599490527,0.2,24.5860177803713,0.0847093168981965,0.0564089164321483,NA,0.00445030359372489,0.0192065734044969,NA,NA,0.00543989120217596,0.0239823160526037,NA,NA,NA,NA,NA,NA,0.00543989120217596,0.0239823160526037,0.0115515603598417,0.0346223576815757,0.0239823160526037,"SORBI_3009G045800;SORBI_3004G018000;SORBI_3002G172600;SORBI_3002G220200;SORBI_3001G535500;SORBI_3001G201900;SORBI_3003G003200;SORBI_3009G088800;SORBI_3008G001400;SORBI_3004G122800;SORBI_3010G250200;SORBI_3005G115500;SORBI_3008G125100;SORBI_3008G177850;SORBI_3008G137200;SORBI_3003G146800;SORBI_3002G376200;SORBI_3007G172600;SORBI_3002G296500;SORBI_3006G254100","2.532e-01;8.109e-01;3.487e-01;6.849e-01;2.514e-01;5.439e-02;2.955e-01;1.388e-01;5.285e-01;3.366e-01;9.435e-01;8.014e-01;1.688e-02;7.611e-01;9.740e-02;5.355e-03;5.413e-01;4.416e-03;2.484e-01;6.900e-01","tfisher_p_analytic",0.6,3,5,"Remains_significant"
"PWY-4302","aerobic respiration III (alternative oxidase pathway)",62,"mvn",0.0207164308972257,0.0325009253549325,0.000837095377874353,0.05,24.4829864093621,0.0328145043145157,0.299400388338749,NA,0.0038279296212515,0.0168758187603561,NA,NA,0.00551988960220796,0.0240761142223964,NA,NA,NA,NA,NA,NA,0.00551988960220796,0.0240761142223964,0.011596740117194,0.0347577705323328,0.0240761142223964,"SORBI_3010G201266;SORBI_3010G098800;SORBI_3003G170300;SORBI_3003G172966;SORBI_3003G296800;SORBI_3003G429200;SORBI_3003G173032;SORBI_3003G168300;SORBI_3003G416200;SORBI_3003G322300;SORBI_3003G429300;SORBI_3003G135600;SORBI_3003G286200;SORBI_3003G429000;SORBI_3003G279200;SORBI_3003G173200;SORBI_3009G176000;SORBI_3009G209400;SORBI_3009G095720;SORBI_3009G191400;SORBI_3005G031000;SORBI_3004G166400;SORBI_3004G344800;SORBI_3004G249200;SORBI_3004G155100;SORBI_3007G211500;SORBI_3007G172300;SORBI_3007G134900;SORBI_3007G168400;SORBI_3007G133500;SORBI_3001G286200;SORBI_3001G164350;SORBI_3001G282500;SORBI_3001G473400;SORBI_3001G519000;SORBI_3001G073600;SORBI_3001G134200;SORBI_3001G115700;SORBI_3001G230050;SORBI_3001G251750;SORBI_3001G392800;SORBI_3002G149550;SORBI_3002G254500;SORBI_3002G396700;SORBI_3002G246200;SORBI_3002G308300;SORBI_3002G356400;SORBI_3002G395000;SORBI_3002G149000;SORBI_3002G028700;SORBI_3002G185100;SORBI_3001G206700;SORBI_3001G072000;SORBI_3007G023400;SORBI_3010G015200;SORBI_3010G031000;SORBI_3004G270500;SORBI_3006G202500;SORBI_3006G202600;SORBI_3006G258700;SORBI_3006G203000;SORBI_3006G258800","5.693e-02;4.359e-01;7.106e-01;7.947e-02;8.346e-01;5.846e-01;7.947e-02;5.794e-01;7.486e-01;7.207e-01;5.471e-01;5.322e-01;1.784e-01;5.162e-01;6.703e-01;6.033e-01;2.928e-01;1.200e-03;3.412e-01;2.675e-02;5.965e-01;7.797e-01;6.156e-01;5.194e-01;1.277e-01;3.093e-01;5.430e-02;6.102e-01;3.888e-01;3.135e-01;2.443e-01;8.604e-01;6.153e-01;4.980e-01;5.649e-01;1.525e-01;5.380e-04;1.986e-01;8.035e-01;3.380e-01;7.165e-01;1.163e-01;4.536e-01;7.767e-01;8.456e-01;9.348e-01;4.104e-01;6.860e-01;5.811e-01;5.660e-01;2.064e-01;1.421e-02;4.307e-01;8.046e-01;9.860e-02;7.127e-01;6.145e-03;8.271e-01;8.495e-01;4.163e-01;8.897e-01;4.815e-01","tfisher_p_analytic",0.8,4,5,"Remains_significant"
"PWY-6360","flavonol glucosylation I",23,"mvn",0.0718948787125207,0.00104563693944486,0.00185671186864578,0.2,26.1331805239959,0.134120044450388,0.0144766670481901,NA,0.00315518300800549,0.0143736114809139,NA,NA,0.00751984960300794,0.0324540877603501,NA,NA,NA,NA,NA,NA,0.00751984960300794,0.0324540877603501,0.015632157997792,0.0468527323300828,0.0324540877603501,"SORBI_3002G173500;SORBI_3002G188900;SORBI_3002G311900;SORBI_3002G173600;SORBI_3006G242900;SORBI_3006G153100;SORBI_3006G251301;SORBI_3006G242200;SORBI_3001G084300;SORBI_3001G084700;SORBI_3001G084600;SORBI_3007G223900;SORBI_3004G224400;SORBI_3009G024650;SORBI_3010G068300;SORBI_3010G117000;SORBI_3010G116900;SORBI_3010G178100;SORBI_3010G113200;SORBI_3005G192200;SORBI_3004G087300;SORBI_3002G085800;SORBI_3002G312100","1.416e-01;4.672e-01;5.867e-01;2.800e-01;2.643e-02;1.841e-02;6.242e-03;6.753e-02;1.628e-01;2.267e-01;1.826e-01;1.198e-01;2.848e-01;9.532e-01;3.298e-01;3.451e-01;3.397e-01;4.658e-02;4.083e-01;9.373e-01;2.327e-01;4.498e-02;6.568e-01","fisher_p",0.6,3,5,"Remains_significant"
"PWY-6443","benzoate biosynthesis I (CoA-dependent, &beta;-oxidative)",104,"mvn",0.112556331527497,0.00294583366096162,0.00261480594492758,0.2,76.5091561792163,0.413158837511856,0.0127436267620686,NA,0.00617434875989231,0.0263696144953734,NA,NA,0.00921981560368793,0.0393762958074172,NA,NA,NA,NA,NA,NA,0.00921981560368793,0.0393762958074172,0.0189663774244598,0.0568460608487361,0.0393762958074172,"SORBI_3002G164400;SORBI_3002G042300;SORBI_3002G228400;SORBI_3002G395300;SORBI_3002G193400;SORBI_3002G041533;SORBI_3002G228500;SORBI_3002G042200;SORBI_3002G395200;SORBI_3002G394700;SORBI_3002G228000;SORBI_3002G041800;SORBI_3002G019900;SORBI_3002G228600;SORBI_3002G227900;SORBI_3002G042100;SORBI_3002G370000;SORBI_3002G227800;SORBI_3002G394900;SORBI_3002G042000;SORBI_3002G224800;SORBI_3006G098300;SORBI_3006G098400;SORBI_3001G063000;SORBI_3001G095750;SORBI_3001G431500;SORBI_3001G258600;SORBI_3001G258500;SORBI_3001G435000;SORBI_3007G157500;SORBI_3007G157800;SORBI_3007G156600;SORBI_3007G157900;SORBI_3007G157400;SORBI_3007G157550;SORBI_3007G157100;SORBI_3007G178900;SORBI_3007G041701;SORBI_3004G186500;SORBI_3004G266700;SORBI_3004G170600;SORBI_3004G111100;SORBI_3004G121200;SORBI_3004G133100;SORBI_3008G048501;SORBI_3008G124000;SORBI_3008G171100;SORBI_3008G074800;SORBI_3008G127000;SORBI_3005G099800;SORBI_3005G072200;SORBI_3005G097400;SORBI_3005G014400;SORBI_3005G089200;SORBI_3005G089000;SORBI_3005G014500;SORBI_3009G078900;SORBI_3009G078600;SORBI_3009G078700;SORBI_3009G098200;SORBI_3009G079000;SORBI_3009G078500;SORBI_3009G134600;SORBI_3009G136400;SORBI_3009G215400;SORBI_3009G136300;SORBI_3003G020500;SORBI_3003G020300;SORBI_3003G065501;SORBI_3003G065300;SORBI_3003G013100;SORBI_3003G037200;SORBI_3003G019800;SORBI_3003G020200;SORBI_3003G016600;SORBI_3003G019700;SORBI_3003G020400;SORBI_3003G016800;SORBI_3003G065600;SORBI_3003G392200;SORBI_3003G363300;SORBI_3003G019300;SORBI_3003G065400;SORBI_3010G156000;SORBI_3010G083300;SORBI_3010G044900;SORBI_3010G083400;SORBI_3010G044600;SORBI_3010G083200;SORBI_3010G044500;SORBI_3010G259500;SORBI_3010G259300;SORBI_3010G259600;SORBI_3010G204000;SORBI_3010G179900;SORBI_3007G203600;SORBI_3001G273200;SORBI_3001G277800;SORBI_3001G271600;SORBI_3001G201800;SORBI_3006G020200;SORBI_3006G020300;SORBI_3006G019700;SORBI_3006G247400","6.492e-01;2.584e-01;6.192e-01;4.469e-01;3.249e-01;3.545e-01;3.758e-01;4.058e-01;4.620e-01;4.521e-01;5.069e-01;3.712e-01;3.977e-01;4.072e-01;5.383e-01;8.494e-01;4.942e-01;8.387e-01;6.078e-01;5.934e-01;4.207e-01;5.112e-03;6.089e-03;6.704e-01;3.958e-01;5.342e-01;1.215e-02;4.798e-01;1.509e-01;1.467e-01;8.949e-01;3.409e-01;8.088e-01;1.236e-01;1.470e-01;3.959e-01;6.769e-02;7.923e-01;7.731e-02;2.616e-01;3.381e-01;2.005e-02;7.662e-01;3.458e-02;3.496e-01;2.678e-01;2.065e-01;4.755e-01;4.770e-01;6.885e-01;3.393e-01;6.330e-01;2.849e-01;6.744e-01;6.532e-01;3.211e-01;8.660e-01;4.745e-01;7.580e-01;5.147e-01;9.212e-02;9.364e-02;2.792e-01;7.262e-01;8.836e-03;8.580e-01;2.145e-01;2.641e-02;2.972e-02;2.394e-02;1.160e-01;3.617e-01;5.358e-02;3.225e-02;3.813e-01;7.099e-02;5.686e-02;3.466e-01;6.779e-01;4.933e-01;6.117e-01;5.053e-01;2.447e-02;8.113e-01;7.391e-01;2.397e-01;8.384e-01;3.375e-01;9.710e-01;3.235e-01;6.825e-01;7.698e-01;7.740e-01;5.408e-02;1.346e-01;1.434e-01;8.752e-01;5.416e-01;9.458e-01;6.457e-01;5.667e-01;4.625e-01;5.028e-01;3.623e-01","tfisher_p_analytic",0.6,3,5,"Remains_significant"
"PWY-5137","fatty acid &beta;-oxidation III (unsaturated, odd number)",6,"mvn",0.0105003822577326,0.0104925813393064,0.00342385343102736,0.2,14.8389213364566,0.0110273878260674,0.21929149807558,NA,0.00866351976370927,0.035520431031208,NA,NA,0.00973980520389592,0.0411682487999725,NA,NA,NA,NA,NA,NA,0.00973980520389592,0.0411682487999725,0.0198295072869008,0.0594330352393969,0.0411682487999725,"SORBI_3003G025000;SORBI_3003G158300;SORBI_3003G024900;SORBI_3009G111400;SORBI_3009G207100;SORBI_3004G124200","9.437e-01;5.102e-01;9.454e-01;1.681e-02;1.846e-03;1.545e-01","tfisher_p_analytic",0.8,4,5,"Remains_significant"
"PWY-5048","rosmarinic acid biosynthesis I",25,"mvn",0.0222980851153631,0.0412398200953031,0.00182338428707396,0.1,18.8651016608401,0.026187577723791,0.277484178931413,NA,0.00759674398690735,0.0321099488106393,NA,NA,0.0104797904041919,0.0438440210787621,NA,NA,NA,NA,NA,NA,0.0104797904041919,0.0438440210787621,0.02111834631812,0.063295945923565,0.0438440210787621,"SORBI_3004G220700;SORBI_3004G220400;SORBI_3004G220500;SORBI_3004G220300;SORBI_3004G220600;SORBI_3001G160500;SORBI_3006G148800;SORBI_3006G148900;SORBI_3003G337400;SORBI_3004G141200;SORBI_3002G126600;SORBI_3010G214900;SORBI_3004G062500;SORBI_3004G272700;SORBI_3007G089900;SORBI_3007G145600;SORBI_3001G518800;SORBI_3001G500800;SORBI_3001G465600;SORBI_3001G187000;SORBI_3002G009700;SORBI_3002G009600;SORBI_3003G008900;SORBI_3003G045600;SORBI_3005G200300","8.323e-01;8.588e-01;8.925e-01;8.635e-01;7.575e-01;7.692e-01;2.894e-01;2.499e-01;5.043e-01;2.012e-01;3.988e-01;5.036e-01;6.058e-01;3.811e-01;8.304e-03;6.362e-01;1.057e-01;1.061e-03;7.480e-01;6.057e-01;3.502e-01;4.719e-01;1.976e-02;4.601e-02;2.844e-01","tfisher_p_analytic",0.8,4,5,"Remains_significant"
"PWY-5723","Rubisco shunt",38,"mvn",0.0186240825345131,0.125324800915213,0.00193355598328049,0.02,11.2309600956104,0.0238330914994573,0.317634642638649,NA,0.00803329602391312,0.0332692057555998,NA,NA,0.0107597848043039,0.0445607249471172,NA,NA,NA,NA,NA,NA,0.0107597848043039,0.0445607249471172,0.0214635610162032,0.0643306240433734,0.0445607249471172,"SORBI_3003G336000;SORBI_3008G116600;SORBI_3001G384100;SORBI_3010G027000;SORBI_3010G026925;SORBI_3001G426100;SORBI_3002G186900;SORBI_3003G244700;SORBI_3003G130800;SORBI_3005G034400;SORBI_3005G101400;SORBI_3008G033600;SORBI_3001G386900;SORBI_3001G057200;SORBI_3001G140700;SORBI_3001G290600;SORBI_3006G267200;SORBI_3002G054400;SORBI_3004G272100;SORBI_3006G200800;SORBI_3001G491000;SORBI_3002G257300;SORBI_3003G182400;SORBI_3005G033000;SORBI_3008G135701;SORBI_3001G069000;SORBI_3002G051100;SORBI_3003G410500;SORBI_3007G043400;SORBI_3006G034300;SORBI_3010G024000;SORBI_3010G023700;SORBI_3009G062800;SORBI_3007G078400;SORBI_3003G172800;SORBI_3005G042000;SORBI_3005G194400;SORBI_3007G080150","3.009e-01;5.094e-01;1.003e-01;8.495e-01;7.710e-01;7.696e-01;7.431e-01;7.200e-01;6.642e-01;6.830e-01;8.651e-01;9.145e-01;2.512e-01;3.312e-01;1.089e-01;2.349e-01;5.890e-01;3.580e-01;2.466e-02;5.223e-01;9.126e-01;4.039e-01;8.034e-01;7.111e-01;2.957e-01;2.194e-01;6.346e-04;2.893e-01;6.552e-01;2.295e-03;6.726e-01;6.885e-01;9.248e-02;4.543e-01;7.643e-01;1.757e-01;6.022e-01;4.786e-01","tfisher_p_analytic",0.6,3,5,"Remains_significant"
"PWY-5083","NAD/NADH phosphorylation and dephosphorylation",52,"mvn",0.018756162038522,0.0714653773418727,0.00189410718572292,0.01,10.085490696029,0.027595616123168,0.26757715589026,NA,0.00788585104429929,0.0329918257975786,NA,NA,0.0109997800043999,0.0448149452852527,NA,NA,NA,NA,NA,NA,0.0109997800043999,0.0448149452852527,0.0215860113072522,0.0646976322780057,0.0448149452852527,"SORBI_3010G201266;SORBI_3010G098800;SORBI_3003G170300;SORBI_3003G172966;SORBI_3003G296800;SORBI_3003G429200;SORBI_3003G173032;SORBI_3003G168300;SORBI_3003G416200;SORBI_3003G322300;SORBI_3003G429300;SORBI_3003G135600;SORBI_3003G286200;SORBI_3003G429000;SORBI_3003G279200;SORBI_3003G173200;SORBI_3009G176000;SORBI_3009G209400;SORBI_3009G095720;SORBI_3009G191400;SORBI_3005G031000;SORBI_3004G166400;SORBI_3004G344800;SORBI_3004G249200;SORBI_3004G155100;SORBI_3007G211500;SORBI_3007G172300;SORBI_3007G134900;SORBI_3007G168400;SORBI_3007G133500;SORBI_3001G286200;SORBI_3001G164350;SORBI_3001G282500;SORBI_3001G473400;SORBI_3001G519000;SORBI_3001G073600;SORBI_3001G134200;SORBI_3001G115700;SORBI_3001G230050;SORBI_3001G251750;SORBI_3001G392800;SORBI_3002G149550;SORBI_3002G254500;SORBI_3002G396700;SORBI_3002G246200;SORBI_3002G308300;SORBI_3002G356400;SORBI_3002G395000;SORBI_3003G432100;SORBI_3009G123700;SORBI_3005G068700;SORBI_3002G176800","5.693e-02;4.359e-01;7.106e-01;7.947e-02;8.346e-01;5.846e-01;7.947e-02;5.794e-01;7.486e-01;7.207e-01;5.471e-01;5.322e-01;1.784e-01;5.162e-01;6.703e-01;6.033e-01;2.928e-01;1.200e-03;3.412e-01;2.675e-02;5.965e-01;7.797e-01;6.156e-01;5.194e-01;1.277e-01;3.093e-01;5.430e-02;6.102e-01;3.888e-01;3.135e-01;2.443e-01;8.604e-01;6.153e-01;4.980e-01;5.649e-01;1.525e-01;5.380e-04;1.986e-01;8.035e-01;3.380e-01;7.165e-01;1.163e-01;4.536e-01;7.767e-01;8.456e-01;9.348e-01;4.104e-01;6.860e-01;3.722e-01;7.785e-01;1.518e-01;7.298e-01","tfisher_p_analytic",0.6,3,5,"Remains_significant"
"PWY4FS-10","scopolin biosynthesis",6,"mvn",0.00485735278043749,0.0261753139051753,0.0322955684658708,0.001,0.416830100319526,0.00486134370263627,0.127862762278682,NA,0.0102441058609816,0.040385417336562,NA,NA,0.0110397792044159,0.0448149452852527,NA,NA,NA,NA,NA,NA,0.0110397792044159,0.0448149452852527,0.0215860113072522,0.0646976322780057,0.0448149452852527,"SORBI_3003G233100;SORBI_3003G233000;SORBI_3003G232900;SORBI_3001G459700;SORBI_3001G093100;SORBI_3002G366500","5.606e-01;4.159e-01;2.962e-01;7.358e-01;8.119e-04;2.235e-01","acat_p",0.8,4,5,"Remains_significant"
"PWY-1422","vitamin E biosynthesis (tocopherols)",13,"mvn",0.121704785618868,0.00216408256344195,0.53323902374992,0.2,16.2226134095761,0.119866586442586,0.0159545658273686,NA,0.00925432935915771,0.0375670795767788,NA,NA,0.0114397712045759,0.045983394057609,NA,NA,NA,NA,NA,NA,0.0114397712045759,0.045983394057609,0.0221488179390909,0.0663844773366891,0.045983394057609,"SORBI_3003G320000;SORBI_3005G190800;SORBI_3008G022000;SORBI_3004G269800;SORBI_3006G183500;SORBI_3004G125800;SORBI_3008G171300;SORBI_3008G171000;SORBI_3010G215600;SORBI_3002G351600;SORBI_3004G053700;SORBI_3002G104200;SORBI_3002G105600","5.393e-02;9.929e-01;4.317e-01;1.280e-01;3.369e-01;1.948e-01;1.831e-01;1.894e-01;1.437e-01;2.910e-01;9.774e-03;1.173e-02;2.195e-01","fisher_p",0.4,2,5,"Remains_significant"
"PWY-116","coniferin metabolism",6,"mvn",0.00485735278043749,0.0261753139051753,0.0322955681986516,0.001,0.416830100319526,0.00486134370263627,0.127862762278682,NA,0.0102441058555877,0.040385417336562,NA,NA,0.0120597588048239,0.0480048651454155,NA,NA,NA,NA,NA,NA,0.0120597588048239,0.0480048651454155,0.0231224997651186,0.0693027982733112,0.0480048651454155,"SORBI_3003G233100;SORBI_3003G233000;SORBI_3003G232900;SORBI_3001G459700;SORBI_3001G093100;SORBI_3002G366500","5.606e-01;4.159e-01;2.962e-01;7.358e-01;8.119e-04;2.235e-01","acat_p",0.8,4,5,"Remains_significant"
"PWY-5176","coumarin biosynthesis (via 2-coumarate)",6,"mvn",0.00485735278043749,0.0261753139051753,0.0322955681146894,0.001,0.416830100319526,0.00486134370263627,0.127862762278682,NA,0.010244105853893,0.040385417336562,NA,NA,0.0125597488050239,0.0495143943274981,NA,NA,NA,NA,NA,NA,0.0125597488050239,0.0495143943274981,0.0238495945721223,0.0714820481488528,0.0495143943274981,"SORBI_3003G233100;SORBI_3003G233000;SORBI_3003G232900;SORBI_3001G459700;SORBI_3001G093100;SORBI_3002G366500","5.606e-01;4.159e-01;2.962e-01;7.358e-01;8.119e-04;2.235e-01","acat_p",0.8,4,5,"Remains_significant"
"PWY-5905","hypusine biosynthesis",4,"mvn",0.0162615493673891,0.0038016268883138,0.249914118121887,0.2,12.9241962571993,0.0231192163320123,0.109169847606867,NA,0.0131644808088498,0.0509192182229096,NA,NA,0.0131197376052479,0.0512294516014442,NA,NA,NA,NA,NA,NA,0.0131197376052479,0.0512294516014442,0.0246756860795946,0.0739580111147609,0.0512294516014442,"SORBI_3007G019200;SORBI_3001G096300;SORBI_3006G046500;SORBI_3004G349000","1.105e-02;1.939e-01;5.831e-03;9.520e-01","fisher_p",0.6,3,5,"Remains_significant"
"PWY-7528","L-methionine salvage cycle I (bacteria and plants)",3,"mvn",0.0255830442359561,0.0066191603997393,0.515453555650308,0.2,9.66752661856596,0.040189255174712,0.00687349347023005,NA,0.0138754631479748,0.0521921090887127,NA,NA,0.0134997300053999,0.0522159368133392,NA,NA,NA,NA,NA,NA,0.0134997300053999,0.0522159368133392,0.0251508463370235,0.0753821623009474,0.0522159368133392,"SORBI_3003G151600;SORBI_3003G140000;SORBI_3009G033600","2.344e-02;4.180e-01;1.358e-02","fisher_p",0.8,4,5,"Remains_significant"
"SAM-PWY","S-adenosyl-L-methionine biosynthesis",3,"mvn",0.0255830442359561,0.0066191603997393,0.515453554360183,0.2,9.66752661856596,0.040189255174712,0.00687349347023005,NA,0.0138754631474837,0.0521921090887127,NA,NA,0.0140597188056239,0.0538736888813626,NA,NA,NA,NA,NA,NA,0.0140597188056239,0.0538736888813626,0.0259493356502917,0.0777753959202769,0.0538736888813626,"SORBI_3003G151600;SORBI_3003G140000;SORBI_3009G033600","2.344e-02;4.180e-01;1.358e-02","fisher_p",0.8,4,5,"Remains_significant"
"PWY-6762","salicylate glucosides biosynthesis IV",7,"mvn",0.00566360936934785,0.0358925636507445,0.0443447309392818,0.001,0.416830100319526,0.00566926692352442,0.187619678515523,NA,0.0122559534708509,0.047856580219513,NA,NA,0.0143197136057279,0.0543618757254485,NA,NA,NA,NA,NA,NA,0.0143197136057279,0.0543618757254485,0.0261844805705726,0.0784801727022319,0.0543618757254485,"SORBI_3003G233100;SORBI_3003G233000;SORBI_3003G232900;SORBI_3001G459700;SORBI_3001G093100;SORBI_3002G366500;SORBI_3003G223600","5.606e-01;4.159e-01;2.962e-01;7.358e-01;8.119e-04;2.235e-01;4.316e-01","acat_p",0.8,4,5,"Remains_significant"
"HOMOSERSYN-PWY","L-homoserine biosynthesis",6,"mvn",0.00582710316328617,0.0869269331216374,0.397609011835908,0.001,0.0688516540300347,0.00578297604728439,0.227159698813269,NA,0.0138652130190762,0.0521921090887127,NA,NA,0.0151396972060559,0.056947484903513,NA,NA,NA,NA,NA,NA,0.0151396972060559,0.056947484903513,0.0274298907478823,0.0822129183466208,0.056947484903513,"SORBI_3008G019532;SORBI_3002G155100;SORBI_3001G081900;SORBI_3003G412100;SORBI_3001G011700;SORBI_3002G111800","6.893e-01;5.353e-01;5.251e-01;5.599e-01;9.662e-04;6.907e-01","minp_p_analytic",0.4,2,5,"Remains_significant"
"PWY-2902","cytokinin-<i>O</i>-glucosides biosynthesis",31,"mvn",0.0457050278299204,0.00831731124066113,0.561346702294041,0.005,1.95931321499195,0.0565839436266942,0.00510747460594726,NA,0.0140919539189305,0.0525245555160136,NA,NA,0.0204195916081678,0.076109386903171,NA,NA,NA,NA,NA,NA,0.0204195916081678,0.076109386903171,0.0366596026352958,0.109876227571479,0.076109386903171,"SORBI_3010G081600;SORBI_3010G238400;SORBI_3010G091100;SORBI_3003G047800;SORBI_3003G088450;SORBI_3003G047600;SORBI_3003G095000;SORBI_3003G047500;SORBI_3003G047700;SORBI_3009G064300;SORBI_3009G211800;SORBI_3009G064500;SORBI_3004G087100;SORBI_3004G087200;SORBI_3007G028200;SORBI_3001G164900;SORBI_3001G236400;SORBI_3001G505800;SORBI_3001G505900;SORBI_3006G123700;SORBI_3006G048000;SORBI_3006G174400;SORBI_3006G174300;SORBI_3006G174000;SORBI_3006G139900;SORBI_3006G174500;SORBI_3006G174600;SORBI_3006G268100;SORBI_3006G151600;SORBI_3002G405000;SORBI_3002G379700","5.690e-01;5.305e-01;1.977e-01;1.490e-01;3.564e-01;8.326e-01;4.684e-01;8.256e-01;1.938e-01;2.157e-01;1.877e-03;6.425e-02;2.817e-01;2.590e-01;7.129e-01;1.411e-01;1.983e-01;3.757e-01;2.841e-01;1.251e-01;3.883e-01;5.167e-01;5.233e-01;3.997e-01;1.037e-01;5.232e-01;9.202e-02;2.674e-01;1.746e-01;7.866e-01;1.528e-02","stouffer_p_analytic",0.6,3,5,"Remains_significant"
"PWY-5859","eugenol and isoeugenol biosynthesis",7,"mvn",0.053799399043824,0.00470569037322677,0.523609935109264,0.2,14.4310287682975,0.107870152312771,0.0390631964112832,NA,0.0188420668551415,0.0683650213328143,NA,NA,0.0212395752084958,0.0778984420311594,NA,NA,NA,NA,NA,NA,0.0212395752084958,0.0778984420311594,0.0375213366835299,0.112459018425265,0.0778984420311594,"SORBI_3003G394600;SORBI_3003G104350;SORBI_3010G040200;SORBI_3010G040700;SORBI_3006G209000;SORBI_3006G209300;SORBI_3006G209200","7.427e-01;2.826e-02;8.245e-01;1.617e-02;9.484e-02;4.597e-02;1.180e-01","fisher_p",0.4,2,5,"Remains_significant"
"PWY-5912","2'-deoxymugineic acid phytosiderophore biosynthesis",29,"mvn",0.145840578797502,0.0210064381823463,0.617509186004078,0.2,19.9728063345623,0.327342164915441,0.00349648039889523,NA,0.0146707053038643,0.0541890916629223,NA,NA,0.0212795744085118,0.0778984420311594,NA,NA,NA,NA,NA,NA,0.0212795744085118,0.0778984420311594,0.0375213366835299,0.112459018425265,0.0778984420311594,"SORBI_3001G274600;SORBI_3001G275200;SORBI_3001G275100;SORBI_3001G274800;SORBI_3001G443100;SORBI_3006G018300;SORBI_3006G096100;SORBI_3006G095800;SORBI_3006G096000;SORBI_3006G018200;SORBI_3006G096300;SORBI_3006G096200;SORBI_3006G096400;SORBI_3003G199900;SORBI_3005G114600;SORBI_3005G200300;SORBI_3005G134501;SORBI_3005G152100;SORBI_3005G152200;SORBI_3005G152000;SORBI_3005G152800;SORBI_3008G005300;SORBI_3002G041100;SORBI_3002G041200;SORBI_3001G151400;SORBI_3001G395900;SORBI_3003G151600;SORBI_3003G140000;SORBI_3009G033600","9.221e-02;4.133e-02;2.514e-01;1.375e-01;8.490e-01;4.935e-01;8.582e-02;1.915e-01;1.947e-01;6.678e-01;2.633e-01;2.092e-01;9.415e-02;7.894e-01;4.962e-01;2.844e-01;5.916e-01;3.701e-01;3.618e-01;8.746e-01;7.030e-01;9.052e-01;2.571e-01;2.108e-01;7.988e-01;9.385e-02;2.344e-02;4.180e-01;1.358e-02","stouffer_p_analytic",0.4,2,5,"Remains_significant"
"PWY1F-FLAVSYN","flavonoid biosynthesis",52,"mvn",0.0403550836407992,0.0896090726023227,0.00386466105336147,0.05,19.2674724567923,0.0537004243913227,0.265291181226351,NA,0.0158322441090558,0.0579573221849365,NA,NA,0.0223995520089598,0.0786908631575268,NA,NA,NA,NA,NA,NA,0.0223995520089598,0.0786908631575268,0.0379030221075552,0.113603006671077,0.0786908631575268,"SORBI_3002G137800;SORBI_3006G190000;SORBI_3006G257500;SORBI_3006G253900;SORBI_3006G254000;SORBI_3006G190100;SORBI_3006G118400;SORBI_3006G236900;SORBI_3006G257400;SORBI_3006G237300;SORBI_3001G526900;SORBI_3001G166300;SORBI_3001G166500;SORBI_3001G314300;SORBI_3007G167400;SORBI_3007G216201;SORBI_3005G097600;SORBI_3009G028200;SORBI_3003G021700;SORBI_3010G060166;SORBI_3001G035600;SORBI_3004G318200;SORBI_3004G109000;SORBI_3008G030100;SORBI_3010G076700;SORBI_3005G102100;SORBI_3005G135500;SORBI_3005G137200;SORBI_3005G136800;SORBI_3005G135400;SORBI_3005G107800;SORBI_3005G136300;SORBI_3005G136600;SORBI_3005G135700;SORBI_3005G137000;SORBI_3005G137100;SORBI_3005G136200;SORBI_3005G136450;SORBI_3005G137300;SORBI_3007G058900;SORBI_3001G215000;SORBI_3010G214900;SORBI_3004G062500;SORBI_3004G272700;SORBI_3007G089900;SORBI_3007G145600;SORBI_3001G518800;SORBI_3001G500800;SORBI_3001G465600;SORBI_3001G187000;SORBI_3002G009700;SORBI_3002G009600","2.475e-01;4.959e-01;5.572e-01;4.286e-01;4.542e-01;5.204e-01;3.817e-01;3.541e-01;6.872e-01;1.917e-01;3.396e-01;1.670e-02;3.098e-01;3.139e-01;1.936e-02;7.182e-03;6.887e-01;9.086e-02;5.549e-01;4.092e-01;1.973e-01;5.054e-01;5.329e-01;2.153e-01;1.762e-01;4.014e-01;8.492e-01;4.449e-01;5.146e-01;5.586e-01;6.616e-01;5.628e-01;4.289e-01;9.285e-01;9.191e-01;8.879e-01;9.209e-01;5.384e-01;4.524e-01;9.365e-01;8.231e-01;5.036e-01;6.058e-01;3.811e-01;8.304e-03;6.362e-01;1.057e-01;1.061e-03;7.480e-01;6.057e-01;3.502e-01;4.719e-01","tfisher_p_analytic",0.4,2,5,"Remains_significant"
"PWY-1581","plastoquinol-9 biosynthesis I",8,"mvn",0.0391314802598585,0.00611244625049517,0.525828130521586,0.1,8.9371821826582,0.0755657969882772,0.0174007427415984,NA,0.0192705242903499,0.0693062715705565,NA,NA,0.0224995500089998,0.0786908631575268,NA,NA,NA,NA,NA,NA,0.0224995500089998,0.0786908631575268,0.0379030221075552,0.113603006671077,0.0786908631575268,"SORBI_3008G171300;SORBI_3008G171000;SORBI_3005G019100;SORBI_3004G209000;SORBI_3002G351600;SORBI_3004G053700;SORBI_3002G104200;SORBI_3002G105600","1.831e-01;1.894e-01;2.773e-01;7.114e-01;2.910e-01;9.774e-03;1.173e-02;2.195e-01","fisher_p",0.6,3,5,"Remains_significant"
"METHIONINE-DEG1-PWY","L-methionine degradation I (to L-homocysteine)",4,"mvn",0.0331841493742954,0.00828570266527244,0.518272401695786,0.2,9.66752661856596,0.0532234850894394,0.0127987268290166,NA,0.0201984361441734,0.0707991514058574,NA,NA,0.0225995480090398,0.0786908631575268,NA,NA,NA,NA,NA,NA,0.0225995480090398,0.0786908631575268,0.0379030221075552,0.113603006671077,0.0786908631575268,"SORBI_3005G112800;SORBI_3003G151600;SORBI_3003G140000;SORBI_3009G033600","2.526e-01;2.344e-02;4.180e-01;1.358e-02","fisher_p",0.6,3,5,"Remains_significant"
"PROUT-PWY","L-proline degradation",4,"mvn",0.0200946489828265,0.0172785460845877,0.517868719855716,0.2,10.0957809310059,0.0221020145608626,0.0123232732852891,NA,0.0213702088280057,0.0724114514006805,NA,NA,0.0225995480090398,0.0786908631575268,NA,NA,NA,NA,NA,NA,0.0225995480090398,0.0786908631575268,0.0379030221075552,0.113603006671077,0.0786908631575268,"SORBI_3001G304700;SORBI_3003G356000;SORBI_3009G160100;SORBI_3009G212600","6.651e-01;5.406e-01;4.611e-02;5.572e-03","stouffer_p_analytic",0.8,4,5,"Remains_significant"
"PWY-4541","lipid-dependent phytate biosynthesis I (via Ins(1,4,5)P<sub>3</sub>)",2,"mvn",0.0279928577652008,0.00894056157088632,0.620965132176277,0.2,7.09634215949372,0.035377448896,0.044576307494418,NA,0.0253741366476835,0.0826462134275698,NA,NA,0.0227795444091118,0.0786908631575268,NA,NA,NA,NA,NA,NA,0.0227795444091118,0.0786908631575268,0.0379030221075552,0.113603006671077,0.0786908631575268,"SORBI_3004G160800;SORBI_3006G251500","6.449e-02;1.785e-02","fisher_p",0.8,4,5,"Remains_significant"
"GLUTATHIONESYN-PWY","glutathione biosynthesis",4,"mvn",0.0705522361273217,0.0602972794987984,0.722162528673133,0.2,5.4532705956293,0.0806737680057998,0.00501584566685947,NA,0.0208754511609509,0.071923823327646,NA,NA,0.0228195436091278,0.0786908631575268,NA,NA,NA,NA,NA,NA,0.0228195436091278,0.0786908631575268,0.0379030221075552,0.113603006671077,0.0786908631575268,"SORBI_3005G199400;SORBI_3008G113600;SORBI_3009G029600;SORBI_3004G270350","1.258e-01;3.396e-01;6.408e-01;2.081e-02","stouffer_p_analytic",0.2,1,5,"Remains_significant"
"PWY-3821","D-galactose detoxification",7,"mvn",0.0472268610879481,0.00633085548418729,0.523990990716877,0.2,11.8582396888968,0.0994191590228401,0.0192252026827165,NA,0.0207692947165735,0.071923823327646,NA,NA,0.0228395432091358,0.0786908631575268,NA,NA,NA,NA,NA,NA,0.0228395432091358,0.0786908631575268,0.0379030221075552,0.113603006671077,0.0786908631575268,"SORBI_3007G114500;SORBI_3001G372500;SORBI_3002G170100;SORBI_3002G271200;SORBI_3002G047500;SORBI_3010G251200;SORBI_3001G026000","1.098e-01;5.658e-01;1.610e-01;1.623e-02;4.371e-01;1.485e-02;2.167e-01","fisher_p",0.6,3,5,"Remains_significant"
"PWY-6837","fatty acid beta-oxidation V (unsaturated, odd number, di-isomerase-dependent)",7,"mvn",0.012239486327249,0.0158748958399057,0.0929812602433594,0.1,11.550733218277,0.0128534268571853,0.301036011790225,NA,0.0212382438974072,0.0724114514006805,NA,NA,0.0233595328093438,0.0798117370985914,NA,NA,NA,NA,NA,NA,0.0233595328093438,0.0798117370985914,0.0384429133740026,0.115221169755009,0.0798117370985914,"SORBI_3003G025000;SORBI_3003G158300;SORBI_3003G024900;SORBI_3009G111400;SORBI_3009G207100;SORBI_3004G124200;SORBI_3003G409400","9.437e-01;5.102e-01;9.454e-01;1.681e-02;1.846e-03;1.545e-01;4.560e-01","acat_p",0.6,3,5,"Remains_significant"
"PWY-7186","superpathway of scopolin and esculin biosynthesis",11,"mvn",0.00886948741157968,0.0650089458375831,0.0918400976246277,0.001,0.416830100319526,0.00889440584394992,0.160290732115274,NA,0.0194633576227386,0.0693911010897637,NA,NA,0.0237795244095118,0.0805752479991722,NA,NA,NA,NA,NA,NA,0.0237795244095118,0.0805752479991722,0.0388106736117591,0.116323421407256,0.0805752479991722,"SORBI_3003G233100;SORBI_3003G233000;SORBI_3003G232900;SORBI_3001G459700;SORBI_3001G093100;SORBI_3002G366500;SORBI_3007G047300;SORBI_3001G346800;SORBI_3002G325000;SORBI_3003G327800;SORBI_3009G181800","5.606e-01;4.159e-01;2.962e-01;7.358e-01;8.119e-04;2.235e-01;1.040e-01;7.558e-01;6.714e-01;7.744e-01;2.020e-01","acat_p",0.4,2,5,"Remains_significant"
"OXIDATIVEPENT-PWY","pentose phosphate pathway (oxidative branch) I",12,"mvn",0.0105861990229484,0.0184431200204807,0.309547773185922,0.001,0.178252678438158,0.0109217037939795,0.181676462367678,NA,0.0202036602792325,0.0707991514058574,NA,NA,0.0241595168096638,0.0811918187865751,NA,NA,NA,NA,NA,NA,0.0241595168096638,0.0811918187865751,0.0391076572163108,0.117213541205971,0.0811918187865751,"SORBI_3004G204900;SORBI_3001G339100;SORBI_3001G390900;SORBI_3006G030800;SORBI_3006G126300;SORBI_3010G009300;SORBI_3003G418600;SORBI_3005G115600;SORBI_3007G179900;SORBI_3001G336500;SORBI_3002G272500;SORBI_3002G368000","3.461e-01;3.248e-01;5.262e-01;9.147e-04;6.441e-01;1.593e-01;7.985e-01;4.768e-01;1.391e-01;9.113e-01;2.098e-01;2.724e-02","acat_p",0.6,3,5,"Remains_significant"
"PWY-2841","cytokinins degradation",4,"mvn",0.0648214155879438,0.0174478186362848,0.629725175285767,0.2,7.84405496177559,0.122653413979564,0.00850249097181938,NA,0.0253985924192044,0.0826462134275698,NA,NA,0.0261394772104558,0.0871315907015193,NA,NA,NA,NA,NA,NA,0.0261394772104558,0.0871315907015193,0.0419686667054973,0.125788564040926,0.0871315907015193,"SORBI_3003G036700;SORBI_3004G093900;SORBI_3004G094000;SORBI_3006G151500","5.911e-01;4.515e-02;3.218e-02;1.090e-01","stouffer_p_analytic",0.4,2,5,"Remains_significant"
"CYSTSYN-PWY","L-cysteine biosynthesis I",15,"mvn",0.0157941630602108,0.025338492419265,0.535084155357599,0.005,3.02752832473164,0.0163794618525316,0.01820680244717,NA,0.022879483244132,0.0762649441471068,NA,NA,0.0271594568108638,0.0898014297778561,NA,NA,NA,NA,NA,NA,0.0271594568108638,0.0898014297778561,0.0432546478915396,0.129642909186341,0.0898014297778561,"SORBI_3010G039300;SORBI_3010G039100;SORBI_3010G041201;SORBI_3010G039200;SORBI_3010G039401;SORBI_3003G110100;SORBI_3003G333700;SORBI_3008G179900;SORBI_3004G095700;SORBI_3001G455600;SORBI_3006G077900;SORBI_3003G279500;SORBI_3009G209200;SORBI_3001G514800;SORBI_3001G470000","2.453e-01;1.580e-01;7.267e-02;1.386e-01;4.225e-01;5.063e-01;7.104e-01;3.531e-01;3.696e-01;5.844e-01;5.648e-01;6.459e-01;1.100e-03;8.051e-02;4.431e-01","acat_p",0.8,4,5,"Remains_significant"
"PWY-7193","pyrimidine ribonucleosides salvage I",11,"mvn",0.0094773106267953,0.265888660947599,0.155935785927962,0.001,0.322263313822799,0.009323233673627,0.42776837686869,NA,0.0224677243220024,0.0755062866559097,NA,NA,0.0274994500109998,0.0901981960360793,NA,NA,NA,NA,NA,NA,0.0274994500109998,0.0901981960360793,0.0434457582651399,0.130215705545044,0.0901981960360793,"SORBI_3003G129300;SORBI_3008G156700;SORBI_3008G190400;SORBI_3004G265800;SORBI_3004G000100;SORBI_3007G194700;SORBI_3006G037700;SORBI_3002G257200;SORBI_3003G275300;SORBI_3008G098400;SORBI_3001G261480","3.667e-01;2.422e-01;7.433e-01;6.111e-01;7.887e-01;8.179e-01;8.512e-04;4.177e-01;8.100e-01;7.024e-01;5.052e-01","minp_p_analytic",0.4,2,5,"Remains_significant"
"PWY0-662","PRPP biosynthesis",5,"mvn",0.0120795546013341,0.0369679561267398,0.519988716538421,0.005,1.43939303158696,0.0121133762096599,0.177326309648445,NA,0.0253229068292705,0.0826462134275698,NA,NA,0.0277394452110958,0.0902632740995974,NA,NA,NA,NA,NA,NA,0.0277394452110958,0.0902632740995974,0.0434771044110744,0.130309656270545,0.0902632740995974,"SORBI_3010G193600;SORBI_3003G281200;SORBI_3004G025800;SORBI_3004G261500;SORBI_3001G544600","4.383e-01;3.738e-01;7.175e-01;2.435e-03;2.286e-01","acat_p",0.6,3,5,"Remains_significant"
"PWY-7226","guanosine deoxyribonucleotides <i>de novo</i> biosynthesis I",6,"mvn",0.0203866956710001,0.0163170939455494,0.522063125802495,0.2,11.2853797874994,0.0222312293420734,0.0397169677652718,NA,0.0277146163175295,0.0887733803920866,NA,NA,0.0293594128117438,0.0947823563213775,NA,NA,NA,NA,NA,NA,0.0293594128117438,0.0947823563213775,0.0456538104031678,0.136833683421707,0.0947823563213775,"SORBI_3002G306900;SORBI_3001G295200;SORBI_3004G184500;SORBI_3008G091400;SORBI_3008G123600;SORBI_3009G259200","6.315e-01;4.414e-02;3.740e-03;1.717e-01;4.988e-01;4.852e-01","fisher_p",0.8,4,5,"Remains_significant"
"PWY-7227","adenosine deoxyribonucleotides <i>de novo</i> biosynthesis",6,"mvn",0.0203866956710001,0.0163170939455494,0.522062788735078,0.2,11.2853797874994,0.0222312293420734,0.0397169677652718,NA,0.0277146158053117,0.0887733803920866,NA,NA,0.0299794004119918,0.0960277669446611,NA,NA,NA,NA,NA,NA,0.0299794004119918,0.0960277669446611,0.0462536872439238,0.138631635377856,0.0960277669446611,"SORBI_3002G306900;SORBI_3001G295200;SORBI_3004G184500;SORBI_3008G091400;SORBI_3008G123600;SORBI_3009G259200","6.315e-01;4.414e-02;3.740e-03;1.717e-01;4.988e-01;4.852e-01","fisher_p",0.8,4,5,"Remains_significant"
"PWY-7477","momilactone A biosynthesis",4,"mvn",0.0260300566197408,0.0123972866629758,0.517868552023558,0.2,10.0980980909016,0.0324323211944737,0.0475492770295568,NA,0.0292638284783348,0.0922936128932098,NA,NA,0.0316393672126557,0.100559229125495,NA,NA,NA,NA,NA,NA,0.0316393672126557,0.100559229125495,0.0484363562899587,0.145173535005116,0.100559229125495,"SORBI_3005G217500;SORBI_3001G338900;SORBI_3006G010200;SORBI_3002G090900","7.008e-01;3.240e-01;8.209e-03;3.126e-02","fisher_p",0.8,4,5,"Remains_significant"
"POLYAMINSYN3-PWY","superpathway of polyamine biosynthesis II",9,"mvn",0.0740985980471032,0.0139183765725431,0.533535803919153,0.2,12.0978938817216,0.161154277129925,0.0117134518003763,NA,0.028379011144658,0.0901968571264325,NA,NA,0.0326193476130477,0.102876404010381,NA,NA,NA,NA,NA,NA,0.0326193476130477,0.102876404010381,0.0495524697415687,0.148518752268508,0.102876404010381,"SORBI_3010G153900;SORBI_3004G016000;SORBI_3004G113100;SORBI_3005G156000;SORBI_3004G319100;SORBI_3002G282800;SORBI_3002G302100;SORBI_3002G282900;SORBI_3002G284000","5.101e-01;6.804e-01;2.638e-01;1.142e-01;1.177e-01;1.934e-02;1.333e-01;2.181e-02;7.139e-01","stouffer_p_analytic",0.4,2,5,"Remains_significant"
"ARGASEDEG-PWY","L-arginine degradation I (arginase pathway)",5,"mvn",0.024998228585558,0.0275000472660644,0.521980010373574,0.2,10.0957809310059,0.0275507643459309,0.0257025434189739,NA,0.0329929669226791,0.101270872102173,NA,NA,0.0354792904141917,0.111042053968081,NA,NA,NA,NA,NA,NA,0.0354792904141917,0.111042053968081,0.0534856177393187,0.160307190587722,0.111042053968081,"SORBI_3003G356000;SORBI_3009G160100;SORBI_3009G212600;SORBI_3001G156100;SORBI_3006G004500","5.406e-01;4.611e-02;5.572e-03;6.034e-01;4.924e-01","acat_p",0.8,4,5,"Remains_significant"
"PWY-6823","molybdenum cofactor biosynthesis",15,"mvn",0.048578337300603,0.0100565182732286,0.535389688841294,0.2,18.1332419142255,0.06616073349483,0.0347945195217947,NA,0.0305801481372111,0.0957088605821111,NA,NA,0.0358592828143437,0.111381105711219,NA,NA,NA,NA,NA,NA,0.0358592828143437,0.111381105711219,0.0536489287668016,0.160796666695774,0.111381105711219,"SORBI_3006G107200;SORBI_3003G284200;SORBI_3005G014700;SORBI_3005G104200;SORBI_3008G066401;SORBI_3008G066200;SORBI_3004G132600;SORBI_3001G486500;SORBI_3002G174900;SORBI_3010G055600;SORBI_3004G263800;SORBI_3006G169000;SORBI_3006G251800;SORBI_3004G037600;SORBI_3004G183600","1.048e-01;7.056e-01;6.395e-01;4.399e-01;6.313e-01;4.370e-02;1.797e-01;5.883e-01;7.136e-02;2.763e-02;2.144e-01;2.882e-01;4.553e-03;6.822e-01;3.916e-01","fisher_p",0.6,3,5,"Remains_significant"
"GLYSYN-ALA-PWY","glycine biosynthesis III",5,"mvn",0.0315357163807598,0.0270809717853266,0.633269023790159,0.01,0.775712122844614,0.0334682372929629,0.0199345288050658,NA,0.0339049489976065,0.102213449183961,NA,NA,0.0365392692146157,0.112639852466109,NA,NA,NA,NA,NA,NA,0.0365392692146157,0.112639852466109,0.0542552292210599,0.162613871517974,0.112639852466109,"SORBI_3009G172500;SORBI_3007G213700;SORBI_3001G488200;SORBI_3001G379000;SORBI_3002G006600","2.459e-01;1.992e-01;1.842e-01;6.785e-03;6.586e-01","stouffer_p_analytic",0.8,4,5,"Remains_significant"
"CYANCAT-PWY","cyanate degradation",2,"mvn",0.0220869429849164,0.0341641469258665,0.665827165893695,0.02,1.18497539492154,0.021995698519,0.196321102806527,NA,0.0406341716156119,0.114497643199203,NA,NA,0.0370792584148317,0.113218476371213,NA,NA,NA,NA,NA,NA,0.0370792584148317,0.113218476371213,0.0545339349536841,0.163449208845766,0.113218476371213,"SORBI_3001G222600;SORBI_3003G234400","4.982e-01;1.106e-02","minp_p_analytic",0.6,3,5,"Remains_significant"
"PWY-6121","5-aminoimidazole ribonucleotide biosynthesis I",11,"mvn",0.0357331634320512,0.0116886873401309,0.530359900761744,0.2,14.8910429148165,0.0434717617549104,0.0527505119020254,NA,0.0322050805124022,0.100030931894583,NA,NA,0.0372792544149117,0.113218476371213,NA,NA,NA,NA,NA,NA,0.0372792544149117,0.113218476371213,0.0545339349536841,0.163449208845766,0.113218476371213,"SORBI_3009G012300;SORBI_3009G072000;SORBI_3001G114400;SORBI_3006G247900;SORBI_3006G083100;SORBI_3009G214200;SORBI_3005G090900;SORBI_3008G070350;SORBI_3008G069500;SORBI_3003G372400;SORBI_3009G148700","9.051e-01;3.321e-01;4.605e-01;1.120e-01;9.032e-02;4.032e-03;1.908e-01;2.402e-02;2.766e-01;6.080e-01;5.480e-01","fisher_p",0.6,3,5,"Remains_significant"
"PWY-2981","diterpene phytoalexins precursors biosynthesis",6,"mvn",0.0378485182279012,0.0187264954067706,0.551250119129025,0.1,7.32550936866183,0.0482518775029302,0.0200912387083471,NA,0.0333452871555937,0.101270872102173,NA,NA,0.0375992480150397,0.113350674162987,NA,NA,NA,NA,NA,NA,0.0375992480150397,0.113350674162987,0.0545976106540529,0.16364005777051,0.113350674162987,"SORBI_3005G217500;SORBI_3001G338900;SORBI_3006G010200;SORBI_3002G090900;SORBI_3005G161200;SORBI_3001G248600","7.008e-01;3.240e-01;8.209e-03;3.126e-02;2.815e-01;3.284e-01","fisher_p",0.8,4,5,"Remains_significant"
"PWY-66","GDP-L-fucose biosynthesis I (from GDP-D-mannose)",5,"mvn",0.0173595731617637,0.0387196773535745,0.520434420513353,0.005,0.733854640806167,0.0172019012990505,0.284046025425707,NA,0.0346681044266828,0.102258437517554,NA,NA,0.0379792404151917,0.113660500512617,NA,NA,NA,NA,NA,NA,0.0379792404151917,0.113660500512617,0.0547468446884544,0.164087342289342,0.113660500512617,"SORBI_3010G212100;SORBI_3010G212200;SORBI_3010G028200;SORBI_3010G028100;SORBI_3003G210300","8.914e-01;3.464e-03;2.383e-01;1.961e-01;4.876e-01","minp_p_analytic",0.6,3,5,"Remains_significant"
"PWY-6441","spermine and spermidine degradation III",8,"mvn",0.0662999980082045,0.0138787281000559,0.556444215639802,0.2,11.158914552624,0.0985419299531671,0.0186782643498862,NA,0.033298971277553,0.101270872102173,NA,NA,0.0393592128157437,0.116936791698949,NA,NA,NA,NA,NA,NA,0.0393592128157437,0.116936791698949,0.056324935616466,0.168817199283693,0.116936791698949,"SORBI_3003G274600;SORBI_3004G231200;SORBI_3007G036700;SORBI_3001G316700;SORBI_3006G177200;SORBI_3006G261500;SORBI_3006G261600;SORBI_3006G220200","5.410e-01;5.764e-01;1.288e-02;2.929e-01;3.545e-01;7.629e-02;9.972e-02;6.162e-02","fisher_p",0.4,2,5,"Remains_significant"
"PWY-7224","purine deoxyribonucleosides salvage",9,"mvn",0.0298841400654392,0.024579787322145,0.536823301253514,0.005,0.58070460201532,0.0331608161841138,0.033754869969373,NA,0.0373751982019764,0.108679654346173,NA,NA,0.0424391512169757,0.125180230208345,NA,NA,NA,NA,NA,NA,0.0424391512169757,0.125180230208345,0.0602955520200307,0.180717937976837,0.125180230208345,"SORBI_3002G306900;SORBI_3001G295200;SORBI_3004G184500;SORBI_3008G091400;SORBI_3008G123600;SORBI_3009G259200;SORBI_3003G372900;SORBI_3009G148200;SORBI_3002G095300","6.315e-01;4.414e-02;3.740e-03;1.717e-01;4.988e-01;4.852e-01;1.973e-01;4.770e-01;3.389e-01","fisher_p",0.8,4,5,"Remains_significant"
"PWY-695","abscisic acid biosynthesis",9,"mvn",0.0256838975998894,0.0169383752795059,0.378479259413421,0.2,15.9947594767448,0.0436027677231772,0.0722426532863828,NA,0.0367396534738216,0.107594699459049,NA,NA,0.0436391272174557,0.127800301136834,NA,NA,NA,NA,NA,NA,0.0436391272174557,0.127800301136834,0.0615575613860619,0.184500434739796,0.127800301136834,"SORBI_3010G050300;SORBI_3004G268500;SORBI_3001G155300;SORBI_3002G168700;SORBI_3002G168800;SORBI_3002G037400;SORBI_3005G129700;SORBI_3001G402200;SORBI_3001G042000","7.739e-02;4.941e-03;7.209e-01;5.988e-01;3.265e-01;7.076e-01;8.331e-01;3.135e-01;7.037e-03","fisher_p",0.6,3,5,"Remains_significant"
"PWY-101","photosynthesis light reactions",32,"mvn",0.0207258807133985,0.0386596542216586,0.0910394468952125,0.001,0.761437676841551,0.0216377857725483,0.0737419030699232,NA,0.0345700476153605,0.102258437517554,NA,NA,0.0443391132177356,0.128656581797942,NA,NA,NA,NA,NA,NA,0.0443391132177356,0.128656581797942,0.0619700060273571,0.185736614567451,0.128656581797942,"SORBI_3009G174150;SORBI_3008G120266;SORBI_3001G070500;SORBI_3001G314200;SORBI_3006G073500;SORBI_3002G297300;SORBI_3003G168700;SORBI_3003G171900;SORBI_3009G143100;SORBI_3005G116400;SORBI_3010G139200;SORBI_3003G172300;SORBI_3003G055300;SORBI_3003G328200;SORBI_3003G169100;SORBI_3003G070900;SORBI_3003G172200;SORBI_3003G221700;SORBI_3003G395800;SORBI_3003G313000;SORBI_3009G191300;SORBI_3008G065000;SORBI_3008G102466;SORBI_3008G131700;SORBI_3007G145901;SORBI_3007G207800;SORBI_3001G299900;SORBI_3001G276500;SORBI_3006G151100;SORBI_3002G414400;SORBI_3002G159100;SORBI_3002G004000","1.369e-01;6.615e-01;6.571e-01;4.861e-01;6.834e-04;2.760e-01;2.718e-01;8.597e-01;2.835e-02;4.663e-01;4.633e-01;4.871e-01;3.257e-01;2.891e-01;5.098e-01;6.737e-01;6.453e-01;9.671e-01;6.043e-01;2.099e-01;2.687e-02;3.463e-01;1.512e-01;6.399e-01;3.701e-01;9.510e-01;7.554e-01;7.132e-01;3.695e-02;6.143e-01;9.722e-02;8.067e-02","acat_p",0.6,3,5,"Remains_significant"
"PWY-5188","tetrapyrrole biosynthesis I (from glutamate)",7,"mvn",0.0176509560354327,0.12234221619387,0.523873006129046,0.005,1.37623967769184,0.0174561774586767,0.239122680969329,NA,0.039879773780425,0.113546578124821,NA,NA,0.0445591088178236,0.128656581797942,NA,NA,NA,NA,NA,NA,0.0445591088178236,0.128656581797942,0.0619700060273571,0.185736614567451,0.128656581797942,"SORBI_3001G202600;SORBI_3006G234100;SORBI_3009G180800;SORBI_3010G255100;SORBI_3004G054600;SORBI_3004G054500;SORBI_3001G478600","6.713e-01;6.532e-01;2.513e-03;2.546e-01;5.107e-01;3.991e-01;6.994e-01","minp_p_analytic",0.4,2,5,"Remains_significant"
"DETOX1-PWY","superoxide radicals degradation",10,"mvn",0.0246795487618969,0.0260555545405293,0.155956380053305,0.05,9.43143940785763,0.0288114922099513,0.272580882029846,NA,0.0407723314806919,0.114497643199203,NA,NA,0.0455190896182076,0.129602963496286,NA,NA,NA,NA,NA,NA,0.0455190896182076,0.129602963496286,0.062425849628446,0.187102869836187,0.129602963496286,"SORBI_3010G274500;SORBI_3004G011566;SORBI_3001G517700;SORBI_3010G033000;SORBI_3010G012900;SORBI_3009G093200;SORBI_3007G166600;SORBI_3001G371900;SORBI_3001G453800;SORBI_3002G407900","9.030e-01;9.750e-01;7.668e-03;9.294e-01;1.008e-01;5.992e-01;2.919e-03;1.878e-01;9.552e-01;2.077e-01","acat_p",0.6,3,5,"Remains_significant"
"PWY-6475","<i>trans</i>-lycopene biosynthesis II (oxygenic phototrophs and green sulfur bacteria)",11,"mvn",0.0568823010788044,0.0119236116765806,0.454297397542871,0.2,17.0658772922813,0.0974238335042377,0.0516020161107528,NA,0.0380367001894681,0.109056273270503,NA,NA,0.0455190896182076,0.129602963496286,NA,NA,NA,NA,NA,NA,0.0455190896182076,0.129602963496286,0.062425849628446,0.187102869836187,0.129602963496286,"SORBI_3006G232600;SORBI_3006G177400;SORBI_3002G383400;SORBI_3002G072400;SORBI_3005G160500;SORBI_3001G018000;SORBI_3010G276400;SORBI_3008G180800;SORBI_3001G088700;SORBI_3002G292600;SORBI_3008G096800","3.259e-01;9.291e-01;3.811e-02;3.586e-01;5.070e-02;9.275e-03;1.960e-02;7.227e-01;7.488e-01;1.793e-01;6.683e-01","fisher_p",0.2,1,5,"Remains_significant"
"PWY-6619","adenine and adenosine salvage VI",2,"mvn",0.0283960935285708,0.0491699910072351,0.665843478876746,0.02,0.712921362360702,0.027809915991,0.209405810775812,NA,0.053021338317835,0.140249991679435,NA,NA,0.0483990320193596,0.136852435365086,NA,NA,NA,NA,NA,NA,0.0483990320193596,0.136852435365086,0.0659177021953847,0.197568656689032,0.136852435365086,"SORBI_3004G220000;SORBI_3006G148700","6.092e-01;1.400e-02","minp_p_analytic",0.6,3,5,"Nonsig_to_significant"
"PWY-4361","<i>S</i>-methyl-5-thio-&alpha;-D-ribose 1-phosphate degradation I",11,"mvn",0.016591737256505,0.10405843447207,0.529947527558325,0.005,2.43330571496662,0.0161719833579738,0.433490180294808,NA,0.0378055145292447,0.109056273270503,NA,NA,0.0501589968200636,0.140857456823466,NA,NA,NA,NA,NA,NA,0.0501589968200636,0.140857456823466,0.0678468005784377,0.203350553864863,0.140857456823466,"SORBI_3010G077400;SORBI_3001G485800;SORBI_3001G485500;SORBI_3001G215300;SORBI_3002G223500;SORBI_3001G496300;SORBI_3001G243200;SORBI_3001G243100;SORBI_3003G108800;SORBI_3005G110541;SORBI_3005G100800","4.715e-01;1.481e-03;5.575e-01;9.551e-01;3.295e-01;3.265e-01;2.232e-01;1.521e-01;8.196e-01;4.990e-01;4.031e-01","minp_p_analytic",0.4,2,5,"Significant_to_nonsig"
"PWY-7197","pyrimidine deoxyribonucleotide phosphorylation",8,"mvn",0.0273053926610206,0.0385759421864624,0.529991680716051,0.1,8.20800328415509,0.0295312631081382,0.151177778696089,NA,0.0486812890036027,0.131154573402296,NA,NA,0.0531989360212796,0.148289242007368,NA,NA,NA,NA,NA,NA,0.0531989360212796,0.148289242007368,0.0714264679860772,0.214079539517679,0.148289242007368,"SORBI_3002G306900;SORBI_3001G295200;SORBI_3004G184500;SORBI_3008G091400;SORBI_3008G123600;SORBI_3009G259200;SORBI_3003G152900;SORBI_3002G392800","6.315e-01;4.414e-02;3.740e-03;1.717e-01;4.988e-01;4.852e-01;3.731e-01;7.409e-01","acat_p",0.6,3,5,"Significant_to_nonsig"
"PWY-7344","UDP-&alpha;-D-galactose biosynthesis",4,"mvn",0.0526199160631,0.0257232753589919,0.67687578790161,0.2,6.65733530788838,0.0633565539791121,0.041820944560607,NA,0.0521493513625376,0.138839182198964,NA,NA,0.0536989260214796,0.148289242007368,NA,NA,NA,NA,NA,NA,0.0536989260214796,0.148289242007368,0.0714264679860772,0.214079539517679,0.148289242007368,"SORBI_3007G114500;SORBI_3001G372500;SORBI_3002G170100;SORBI_3002G271200","1.098e-01;5.658e-01;1.610e-01;1.623e-02","fisher_p",0.4,2,5,"Remains_nonsignificant"
"PWY-6290","&beta;-cubebene biosynthesis",2,"mvn",0.0353018455400404,0.0451690161687604,0.672697033738389,0.02,0.218513971873899,0.0355385151,0.199899482250454,NA,0.061225654008676,0.15306413502169,NA,NA,0.0541589168216636,0.148289242007368,NA,NA,NA,NA,NA,NA,0.0541589168216636,0.148289242007368,0.0714264679860772,0.214079539517679,0.148289242007368,"SORBI_3005G130500;SORBI_3002G065500","4.294e-01;1.793e-02","acat_p",0.6,3,5,"Remains_nonsignificant"
"RIBOSYN2-PWY","flavin biosynthesis I (bacteria and plants)",21,"mvn",0.1981940010129,0.0361567089161412,0.791097901886949,0.2,10.1867017578421,0.618525961889432,0.0110108679448664,NA,0.0423410668476281,0.118094132023997,NA,NA,0.0545789084218316,0.148289242007368,NA,NA,NA,NA,NA,NA,0.0545789084218316,0.148289242007368,0.0714264679860772,0.214079539517679,0.148289242007368,"SORBI_3009G164300;SORBI_3004G187900;SORBI_3007G227000;SORBI_3004G156800;SORBI_3001G531400;SORBI_3001G531200;SORBI_3004G144400;SORBI_3010G039500;SORBI_3009G094700;SORBI_3009G059300;SORBI_3006G175100;SORBI_3002G136100;SORBI_3001G118700;SORBI_3006G244700;SORBI_3008G118600;SORBI_3003G118200;SORBI_3001G052600;SORBI_3003G301500;SORBI_3005G123200;SORBI_3001G524500;SORBI_3001G227200","5.723e-01;4.489e-01;1.425e-01;1.725e-01;4.485e-02;6.044e-02;1.518e-01;3.826e-01;7.118e-01;1.728e-01;2.213e-01;2.688e-01;3.446e-01;5.671e-01;1.618e-01;4.297e-01;7.868e-01;3.221e-01;1.203e-01;9.239e-02;3.587e-01","stouffer_p_analytic",0.4,2,5,"Significant_to_nonsig"
"PWY-5829","geraniol and geranial biosynthesis",8,"mvn",0.103019633920344,0.0621622322421993,0.643366743784261,0.2,9.91358340703432,0.206384049076264,0.0136011779626915,NA,0.048943048123296,0.131154573402296,NA,NA,0.0550988980220396,0.148289242007368,NA,NA,NA,NA,NA,NA,0.0550988980220396,0.148289242007368,0.0714264679860772,0.214079539517679,0.148289242007368,"SORBI_3010G071800;SORBI_3010G071900;SORBI_3010G072100;SORBI_3010G072000;SORBI_3010G072200;SORBI_3008G109800;SORBI_3006G221850;SORBI_3006G211400","3.406e-01;2.848e-02;4.645e-02;4.255e-02;7.928e-01;5.647e-01;5.806e-01;5.952e-01","stouffer_p_analytic",0.2,1,5,"Significant_to_nonsig"
"PWY-6219","indole-3-acetate inactivation VIII",8,"mvn",0.0947028927553615,0.0373878364156332,0.694078314109236,0.2,8.57200648274047,0.152142583384768,0.0160875381711422,NA,0.0482433068994489,0.130991760455457,NA,NA,0.0551788964220716,0.148289242007368,NA,NA,NA,NA,NA,NA,0.0551788964220716,0.148289242007368,0.0714264679860772,0.214079539517679,0.148289242007368,"SORBI_3003G306500;SORBI_3003G319900;SORBI_3009G187700;SORBI_3008G015100;SORBI_3001G331200;SORBI_3002G361500;SORBI_3005G134200;SORBI_3002G412500","5.332e-02;1.011e-01;2.042e-02;3.084e-01;4.392e-01;5.373e-01;5.395e-01;2.615e-01","stouffer_p_analytic",0.4,2,5,"Significant_to_nonsig"
"PWY-282","cuticular wax biosynthesis",11,"mvn",0.0242528727664417,0.126224078065162,0.530734008181847,0.005,1.61352781469383,0.0242744477423825,0.0594817801447372,NA,0.0467932074481938,0.129629831444321,NA,NA,0.0555788884222316,0.148289242007368,NA,NA,NA,NA,NA,NA,0.0555788884222316,0.148289242007368,0.0714264679860772,0.214079539517679,0.148289242007368,"SORBI_3010G212600;SORBI_3008G076200;SORBI_3008G076250;SORBI_3004G218100;SORBI_3004G342000;SORBI_3004G064000;SORBI_3001G222700;SORBI_3006G144500;SORBI_3002G207900;SORBI_3003G040300;SORBI_3001G510300","4.356e-01;7.773e-01;7.740e-01;6.504e-01;2.231e-03;2.247e-01;2.894e-01;3.496e-01;4.983e-01;4.026e-01;2.060e-01","acat_p",0.4,2,5,"Significant_to_nonsig"
"PWY-5138","unsaturated, even numbered fatty acid &beta;-oxidation",12,"mvn",0.0210794662489463,0.0893723005641044,0.531203303773993,0.05,8.77814449603724,0.0219331723698683,0.460543929615171,NA,0.0477764219100366,0.1305888865541,NA,NA,0.0556988860222796,0.148289242007368,NA,NA,NA,NA,NA,NA,0.0556988860222796,0.148289242007368,0.0714264679860772,0.214079539517679,0.148289242007368,"SORBI_3010G081900;SORBI_3006G016500;SORBI_3002G284400;SORBI_3002G284200;SORBI_3002G096300;SORBI_3003G158300;SORBI_3009G111400;SORBI_3004G297400;SORBI_3004G124200;SORBI_3003G025000;SORBI_3003G024900;SORBI_3009G207100","5.589e-01;6.329e-01;5.361e-01;6.132e-01;2.743e-01;5.102e-01;1.681e-02;6.766e-01;1.545e-01;9.437e-01;9.454e-01;1.846e-03","acat_p",0.4,2,5,"Significant_to_nonsig"
"PWY-5745","costunolide biosynthesis I",4,"mvn",0.0316437249358117,0.0538466825760101,0.629620796062736,0.2,8.02858864515386,0.0313091399726241,0.168697522430681,NA,0.0576795477182345,0.146885804748299,NA,NA,0.0568188636227275,0.150295058614957,NA,NA,NA,NA,NA,NA,0.0568188636227275,0.150295058614957,0.0723926095198021,0.216975260676522,0.150295058614957,"SORBI_3009G196700;SORBI_3005G211400;SORBI_3006G121800;SORBI_3009G064400","7.921e-03;8.747e-01;7.595e-01;9.118e-02","minp_p_analytic",0.4,2,5,"Remains_nonsignificant"
"PWY-2582","brassinosteroid biosynthesis II",6,"mvn",0.0239754991549955,0.137494689334693,0.528813609703232,0.005,0.495846085356865,0.0231853890591249,0.392026653935127,NA,0.0536440319307451,0.140987519817984,NA,NA,0.0574188516229675,0.150908520291133,NA,NA,NA,NA,NA,NA,0.0574188516229675,0.150908520291133,0.0726880955589841,0.217860891969593,0.150908520291133,"SORBI_3003G030600;SORBI_3009G074300;SORBI_3004G196200;SORBI_3001G445900;SORBI_3006G114600;SORBI_3005G030400","4.193e-01;3.902e-03;5.375e-01;8.701e-01;5.792e-01;3.887e-01","minp_p_analytic",0.4,2,5,"Remains_nonsignificant"
"MANNCAT-PWY","D-mannose degradation",3,"mvn",0.0295337213504346,0.0751565359503782,0.649246868221306,0.01,0.0807900047221003,0.0285364696596222,0.319132936515336,NA,0.0601147308102741,0.151208832099463,NA,NA,0.0587188256234875,0.153269890577031,NA,NA,NA,NA,NA,NA,0.0587188256234875,0.153269890577031,0.0738254966060583,0.221269912452756,0.153269890577031,"SORBI_3003G087900;SORBI_3005G176100;SORBI_3002G100900","9.604e-03;4.445e-01;7.605e-01","minp_p_analytic",0.4,2,5,"Remains_nonsignificant"
"PWY-5098","chlorophyll <i>a</i> degradation I",9,"mvn",0.0143542643880747,0.184002887394116,0.526954049959862,0.005,2.29316957443441,0.0142068845621509,0.560247468682266,NA,0.0346076322386421,0.102258437517554,NA,NA,0.0591788164236715,0.153269890577031,NA,NA,NA,NA,NA,NA,0.0591788164236715,0.153269890577031,0.0738254966060583,0.221269912452756,0.153269890577031,"SORBI_3004G327200;SORBI_3001G048400;SORBI_3001G504900;SORBI_3001G048500;SORBI_3001G048600;SORBI_3007G010900;SORBI_3003G146500;SORBI_3005G120000;SORBI_3001G306600","6.094e-01;7.479e-01;6.780e-01;7.752e-01;7.458e-01;6.690e-02;6.590e-01;7.422e-01;1.589e-03","minp_p_analytic",0.4,2,5,"Significant_to_nonsig"
"PWY-6124","inosine-5'-phosphate biosynthesis II",6,"mvn",0.0288523735132258,0.143936456616874,0.523930967067495,0.005,0.650352553758723,0.0214772417728405,0.445397632507697,NA,0.0563329196509268,0.14526098777912,NA,NA,0.0594388112237755,0.153269890577031,NA,NA,NA,NA,NA,NA,0.0594388112237755,0.153269890577031,0.0738254966060583,0.221269912452756,0.153269890577031,"SORBI_3007G075200;SORBI_3006G213400;SORBI_3001G392500;SORBI_3006G157000;SORBI_3002G231500;SORBI_3003G028600","9.850e-01;2.511e-01;5.402e-01;4.610e-01;8.473e-01;3.612e-03","minp_p_analytic",0.4,2,5,"Remains_nonsignificant"
"PWY-7205","CMP phosphorylation",10,"mvn",0.0334042437000326,0.041053877186676,0.539344228438388,0.2,12.4727075916494,0.0367767947315852,0.109391889069925,NA,0.0552980093017167,0.144354712470611,NA,NA,0.0614787704245915,0.157539349213016,NA,NA,NA,NA,NA,NA,0.0614787704245915,0.157539349213016,0.0758819664244546,0.227433567525833,0.157539349213016,"SORBI_3002G306900;SORBI_3001G295200;SORBI_3004G184500;SORBI_3008G091400;SORBI_3008G123600;SORBI_3009G259200;SORBI_3010G007500;SORBI_3004G318100;SORBI_3007G223100;SORBI_3006G003300","6.315e-01;4.414e-02;3.740e-03;1.717e-01;4.988e-01;4.852e-01;7.842e-01;5.707e-01;1.105e-01;4.717e-01","acat_p",0.6,3,5,"Remains_nonsignificant"
"PWY-699","brassinosteroid biosynthesis I",7,"mvn",0.0273741836477035,0.104906072230348,0.533265783655311,0.005,0.495846085356865,0.0269970173524773,0.206977046761549,NA,0.0572589863723507,0.146726152579149,NA,NA,0.0622987540249195,0.158649000933025,NA,NA,NA,NA,NA,NA,0.0622987540249195,0.158649000933025,0.0764164522845347,0.229035529515987,0.158649000933025,"SORBI_3003G030600;SORBI_3009G074300;SORBI_3001G172400;SORBI_3005G030400;SORBI_3004G196200;SORBI_3001G445900;SORBI_3006G114600","4.193e-01;3.902e-03;1.703e-01;3.887e-01;5.375e-01;8.701e-01;5.792e-01","minp_p_analytic",0.4,2,5,"Remains_nonsignificant"
"PWY-5041","<i>S</i>-adenosyl-L-methionine cycle II",6,"mvn",0.0502172741081718,0.0288794933920991,0.636299060099999,0.1,6.89493789632618,0.0787633341179259,0.0829035476352381,NA,0.0639995704434004,0.156699684777483,NA,NA,0.0677186456270875,0.171386695722876,NA,NA,NA,NA,NA,NA,0.0677186456270875,0.171386695722876,0.0825518167709112,0.247424455092884,0.171386695722876,"SORBI_3008G178800;SORBI_3001G148900;SORBI_3005G112800;SORBI_3003G151600;SORBI_3003G140000;SORBI_3009G033600","4.875e-01;6.609e-01;2.526e-01;2.344e-02;4.180e-01;1.358e-02","fisher_p",0.2,1,5,"Remains_nonsignificant"
"PWY-5686","UMP biosynthesis I",11,"mvn",0.0363031221914405,0.0346491629629096,0.529963397468263,0.1,11.176328277393,0.0456531606533543,0.151830313846805,NA,0.0590438974340589,0.149432086098544,NA,NA,0.0698586028279434,0.175717958033477,NA,NA,NA,NA,NA,NA,0.0698586028279434,0.175717958033477,0.0846380555605877,0.253677333780724,0.175717958033477,"SORBI_3006G266200;SORBI_3003G427300;SORBI_3003G427200;SORBI_3001G327500;SORBI_3002G413750;SORBI_3003G294100;SORBI_3006G194150;SORBI_3007G092200;SORBI_3003G193700;SORBI_3004G265900;SORBI_3007G104300","4.678e-01;7.577e-01;7.472e-01;4.383e-01;4.239e-03;2.209e-01;2.049e-02;4.818e-01;4.308e-02;5.455e-01;7.905e-01","fisher_p",0.6,3,5,"Remains_nonsignificant"
"PWY-5194","siroheme biosynthesis",2,"mvn",0.0707673282347601,0.0319217251778318,0.708333231803763,0.2,4.12662146826674,0.122122823599,0.0765032528800493,NA,0.0774137777882164,0.186122925790915,NA,NA,0.0716585668286634,0.179146417071659,NA,NA,NA,NA,NA,NA,0.0716585668286634,0.179146417071659,0.0862894411662951,0.258626869716127,0.179146417071659,"SORBI_3003G229600;SORBI_3004G131800","8.059e-02;6.305e-02","fisher_p",0.2,1,5,"Remains_nonsignificant"
"PWY-6606","guanosine nucleotides degradation II",13,"mvn",0.0481255195349871,0.0266224277806294,0.533700239729554,0.2,15.760840861188,0.0632015908752201,0.161032471648697,NA,0.0624408250417139,0.15443796890726,NA,NA,0.0730985380292394,0.181638791466595,NA,NA,NA,NA,NA,NA,0.0730985380292394,0.181638791466595,0.0874899429526647,0.262225015849662,0.181638791466595,"SORBI_3001G325200;SORBI_3002G134400;SORBI_3002G072300;SORBI_3002G206800;SORBI_3001G153300;SORBI_3001G073500;SORBI_3001G125000;SORBI_3003G274200;SORBI_3003G113200;SORBI_3003G061200;SORBI_3001G026900;SORBI_3002G090200;SORBI_3002G090300","8.343e-01;7.647e-01;2.687e-01;6.611e-02;3.974e-01;7.284e-01;1.977e-02;3.712e-01;4.901e-01;8.242e-01;5.010e-03;9.876e-02;1.871e-01","fisher_p",0.4,2,5,"Remains_nonsignificant"
"PWY-4661","1D-<i>myo</i>-inositol hexakisphosphate biosynthesis III (<i>Spirodela polyrrhiza</i>)",10,"mvn",0.0563020027892107,0.0212109435922564,0.528403424965502,0.2,15.4469586068568,0.108659754125305,0.159890916676717,NA,0.0625285435087929,0.15443796890726,NA,NA,0.0739785204295914,0.18271803238634,NA,NA,NA,NA,NA,NA,0.0739785204295914,0.18271803238634,0.088009780844881,0.263783074923942,0.18271803238634,"SORBI_3001G098000;SORBI_3001G472800;SORBI_3001G261416;SORBI_3004G141100;SORBI_3001G106900;SORBI_3001G278700;SORBI_3001G286100;SORBI_3001G447200;SORBI_3002G266300;SORBI_3006G251500","5.559e-01;5.945e-01;6.966e-01;1.442e-01;2.405e-02;1.144e-02;2.263e-01;8.350e-01;9.028e-01;1.785e-02","fisher_p",0.2,1,5,"Remains_nonsignificant"
"PWY-861","dhurrin biosynthesis",25,"mvn",0.0206758617219509,0.16251700964132,0.265047070804449,0.001,0.335417688852219,0.0209268724129478,0.452038074249105,NA,0.0472871881779888,0.130119108409231,NA,NA,0.0803383932321354,0.197237971408237,NA,NA,NA,NA,NA,NA,0.0803383932321354,0.197237971408237,0.0950035987757578,0.284744958723158,0.197237971408237,"SORBI_3005G158000;SORBI_3008G058500;SORBI_3001G018600;SORBI_3001G018300;SORBI_3001G012200;SORBI_3001G012000;SORBI_3002G110100;SORBI_3002G110200;SORBI_3010G172200;SORBI_3005G158200;SORBI_3005G157600;SORBI_3007G090457;SORBI_3001G012300;SORBI_3001G187600;SORBI_3001G187400;SORBI_3001G187500;SORBI_3001G185900;SORBI_3003G328400;SORBI_3009G150800;SORBI_3009G176600;SORBI_3004G191000;SORBI_3001G012400;SORBI_3001G044400;SORBI_3006G100900;SORBI_3002G269900","6.278e-01;4.241e-01;7.515e-01;5.524e-01;1.913e-01;8.456e-04;6.072e-01;5.158e-01;1.594e-01;5.894e-01;5.596e-01;9.309e-01;3.795e-01;4.363e-01;6.418e-01;5.058e-01;2.839e-01;5.767e-01;6.536e-01;1.257e-01;3.810e-01;3.951e-01;7.248e-02;6.330e-02;7.736e-01","acat_p",0.4,2,5,"Significant_to_nonsig"
"PWY-5059","pinobanksin biosynthesis",20,"mvn",0.0716527108906098,0.0253450181350429,0.545284463712462,0.1,12.3216437268817,0.13425453827489,0.0576079958676269,NA,0.0642086513234565,0.156699684777483,NA,NA,0.0816783664326713,0.199334108555924,NA,NA,NA,NA,NA,NA,0.0816783664326713,0.199334108555924,0.0960132449972032,0.287771072211017,0.199334108555924,"SORBI_3002G137800;SORBI_3006G190000;SORBI_3006G257500;SORBI_3006G253900;SORBI_3006G254000;SORBI_3006G190100;SORBI_3006G118400;SORBI_3006G236900;SORBI_3006G257400;SORBI_3006G237300;SORBI_3001G526900;SORBI_3001G166300;SORBI_3001G166500;SORBI_3001G314300;SORBI_3007G167400;SORBI_3007G216201;SORBI_3005G097600;SORBI_3009G028200;SORBI_3003G021700;SORBI_3010G060166","2.475e-01;4.959e-01;5.572e-01;4.286e-01;4.542e-01;5.204e-01;3.817e-01;3.541e-01;6.872e-01;1.917e-01;3.396e-01;1.670e-02;3.098e-01;3.139e-01;1.936e-02;7.182e-03;6.887e-01;9.086e-02;5.549e-01;4.092e-01","fisher_p",0.2,1,5,"Remains_nonsignificant"
"PWY-7343","UDP-&alpha;-D-glucose biosynthesis I",8,"mvn",0.0482370476016328,0.0388403884082765,0.527329071601559,0.1,8.39592306414604,0.0781497087932858,0.188473101920093,NA,0.0776268788054791,0.186122925790915,NA,NA,0.0827183456330873,0.200677643251869,NA,NA,NA,NA,NA,NA,0.0827183456330873,0.200677643251869,0.096660385252619,0.289710682159388,0.200677643251869,"SORBI_3002G125800;SORBI_3002G155900;SORBI_3001G116500;SORBI_3003G222500;SORBI_3009G168600;SORBI_3004G013500;SORBI_3002G291200;SORBI_3010G251200","1.547e-01;8.107e-01;7.622e-01;7.399e-01;1.012e-02;4.004e-01;2.850e-01;1.485e-02","fisher_p",0.4,2,5,"Remains_nonsignificant"
"PWY-6","GDP-L-fucose biosynthesis II (from L-fucose)",2,"mvn",0.0582133327724842,0.0954542496078471,0.708116621252363,0.05,1.76117161450676,0.041024391471,0.337694755198295,NA,0.0955687368199576,0.215292209319685,NA,NA,0.0844383112337753,0.203645338857929,NA,NA,NA,NA,NA,NA,0.0844383112337753,0.203645338857929,0.0980898349708132,0.293995031449827,0.203645338857929,"SORBI_3004G286250;SORBI_3001G533100","2.073e-02;9.307e-01","minp_p_analytic",0.2,1,5,"Remains_nonsignificant"
"PWYQT-1","lysine degradation III",4,"mvn",0.146874648955601,0.0682345349209139,0.795525716497337,0.2,2.19794670768859,0.272406728168753,0.0257982540212801,NA,0.0842497204541525,0.198519456242543,NA,NA,0.0851382972340553,0.204132759450074,NA,NA,NA,NA,NA,NA,0.0851382972340553,0.204132759450074,0.0983246108105798,0.294698702022994,0.204132759450074,"SORBI_3002G058500;SORBI_3010G009200;SORBI_3003G248700;SORBI_3004G321800","2.536e-01;1.744e-01;7.643e-02;2.037e-01","stouffer_p_analytic",0.2,1,5,"Remains_nonsignificant"
"PWY-5936","xyloglucan biosynthesis",52,"mvn",0.0334841076638314,0.0639259480374187,0.0774605689404176,0.2,39.2802004753172,0.0356227937847895,0.248659514229923,NA,0.0556293770008696,0.144354712470611,NA,NA,0.0863782724345513,0.20590169591957,NA,NA,NA,NA,NA,NA,0.0863782724345513,0.20590169591957,0.099176654306099,0.29725244833459,0.20590169591957,"SORBI_3003G308100;SORBI_3003G059600;SORBI_3009G194200;SORBI_3005G144000;SORBI_3005G144500;SORBI_3005G144101;SORBI_3008G035700;SORBI_3008G035800;SORBI_3004G256400;SORBI_3004G164000;SORBI_3007G090600;SORBI_3001G396700;SORBI_3001G075600;SORBI_3001G401600;SORBI_3001G396600;SORBI_3002G022700;SORBI_3002G208200;SORBI_3002G116800;SORBI_3008G077900;SORBI_3008G138100;SORBI_3001G506700;SORBI_3001G506300;SORBI_3001G506800;SORBI_3001G506500;SORBI_3001G303300;SORBI_3001G229000;SORBI_3001G506600;SORBI_3001G506900;SORBI_3001G228900;SORBI_3001G229100;SORBI_3001G541601;SORBI_3006G186200;SORBI_3006G186100;SORBI_3006G260900;SORBI_3010G082100;SORBI_3010G082400;SORBI_3010G082000;SORBI_3010G082201;SORBI_3010G082300;SORBI_3008G054100;SORBI_3004G308600;SORBI_3004G124800;SORBI_3004G308400;SORBI_3004G308500;SORBI_3004G125300;SORBI_3004G125100;SORBI_3004G308200;SORBI_3004G308300;SORBI_3006G097900;SORBI_3002G019200;SORBI_3002G225900;SORBI_3002G019100","3.376e-01;9.802e-02;6.973e-04;2.462e-01;8.246e-01;2.059e-01;4.463e-02;4.745e-02;5.374e-02;8.510e-01;6.823e-01;8.046e-01;7.550e-01;5.915e-01;8.118e-01;3.462e-01;1.654e-01;4.975e-01;4.347e-01;6.380e-01;6.811e-01;2.186e-01;1.742e-01;8.148e-01;2.991e-01;5.404e-01;8.588e-01;6.301e-01;4.966e-01;9.810e-01;2.074e-01;3.137e-02;2.487e-02;4.243e-01;6.878e-01;8.208e-01;7.121e-01;8.871e-01;8.152e-01;8.246e-01;5.911e-01;5.076e-01;2.478e-01;5.793e-01;6.428e-02;7.948e-01;3.839e-02;4.040e-02;1.389e-01;8.039e-01;4.243e-01;8.379e-01","acat_p",0.4,2,5,"Remains_nonsignificant"
"PWY-5136","fatty acid &beta;-oxidation II (peroxisome)",15,"mvn",0.0356742978398486,0.103654057110298,0.535291487471444,0.1,12.6351195769108,0.0418196610761264,0.390121060373185,NA,0.0792624207108041,0.188413122878256,NA,NA,0.0896182076358473,0.212389971853742,NA,NA,NA,NA,NA,NA,0.0896182076358473,0.212389971853742,0.102301861684757,0.306619325563501,0.212389971853742,"SORBI_3010G049100;SORBI_3010G001900;SORBI_3003G354400;SORBI_3003G061800;SORBI_3009G057300;SORBI_3009G057200;SORBI_3005G181000;SORBI_3006G012800;SORBI_3001G230100;SORBI_3004G345800;SORBI_3003G158300;SORBI_3003G324000;SORBI_3009G111400;SORBI_3004G124200;SORBI_3004G297400","2.844e-03;5.251e-01;5.569e-01;4.736e-01;6.549e-01;5.955e-01;3.775e-02;6.806e-01;7.852e-01;8.938e-01;5.102e-01;8.043e-01;1.681e-02;1.545e-01;6.766e-01","acat_p",0.4,2,5,"Remains_nonsignificant"
"PYRIDNUCSYN-PWY","NAD <i>de novo</i> biosynthesis I (from aspartate)",5,"mvn",0.0481219896342888,0.150139920157876,0.659175821124323,0.01,0.0995573051262944,0.0466753338286953,0.115485795835697,NA,0.0891500300979942,0.206505719436032,NA,NA,0.0917181656366873,0.214863499340183,NA,NA,NA,NA,NA,NA,0.0917181656366873,0.214863499340183,0.103493285482136,0.310190263131954,0.214863499340183,"SORBI_3004G032400;SORBI_3008G089500;SORBI_3002G291400;SORBI_3002G112700;SORBI_3004G342600","4.338e-01;3.694e-01;7.105e-01;6.457e-01;9.514e-03","minp_p_analytic",0.4,2,5,"Remains_nonsignificant"
"PWY-5143","long-chain fatty acid activation",18,"mvn",0.093097456753782,0.0374688774931995,0.593280829853992,0.2,15.4647082178539,0.138852813638369,0.0527350500458056,NA,0.0795011469705812,0.188413122878256,NA,NA,0.0919981600367993,0.214863499340183,NA,NA,NA,NA,NA,NA,0.0919981600367993,0.214863499340183,0.103493285482136,0.310190263131954,0.214863499340183,"SORBI_3010G214900;SORBI_3010G045400;SORBI_3010G045500;SORBI_3003G258200;SORBI_3003G004900;SORBI_3003G303900;SORBI_3003G242000;SORBI_3009G031400;SORBI_3005G156100;SORBI_3005G033100;SORBI_3005G020300;SORBI_3005G054900;SORBI_3008G010800;SORBI_3008G051300;SORBI_3006G079500;SORBI_3006G247300;SORBI_3006G247200;SORBI_3006G272600","5.036e-01;3.346e-01;7.581e-01;8.515e-01;3.898e-01;5.541e-01;3.426e-02;8.271e-03;5.009e-01;3.864e-01;8.574e-02;2.082e-01;2.995e-01;8.521e-02;6.776e-02;5.844e-01;2.529e-01;6.886e-01","fisher_p",0.2,1,5,"Remains_nonsignificant"
"PWY-6605","adenine and adenosine salvage II",8,"mvn",0.15226725889656,0.0756938268245846,0.746475713073131,0.2,6.41367707547645,0.328469328085375,0.0254667884307884,NA,0.085582709253279,0.200508061679111,NA,NA,0.0924181516369673,0.214863499340183,NA,NA,NA,NA,NA,NA,0.0924181516369673,0.214863499340183,0.103493285482136,0.310190263131954,0.214863499340183,"SORBI_3009G133800;SORBI_3009G134300;SORBI_3009G133900;SORBI_3002G134400;SORBI_3008G147900;SORBI_3004G214000;SORBI_3007G072400;SORBI_3006G138800","5.292e-02;2.294e-01;4.856e-02;7.647e-01;1.260e-01;6.647e-01;3.855e-01;3.007e-01","stouffer_p_analytic",0.2,1,5,"Remains_nonsignificant"
"PWY-6927","chlorophyll <i>a</i> degradation II",14,"mvn",0.023406547268563,0.573523184401315,0.534394718830008,0.005,2.29316957443441,0.0220122008002679,0.916224483721746,NA,0.0654930766253745,0.158888529091145,NA,NA,0.0927581448371033,0.214863499340183,NA,NA,NA,NA,NA,NA,0.0927581448371033,0.214863499340183,0.103493285482136,0.310190263131954,0.214863499340183,"SORBI_3004G327200;SORBI_3001G048400;SORBI_3001G504900;SORBI_3001G048500;SORBI_3001G048600;SORBI_3003G146500;SORBI_3005G120000;SORBI_3001G306600;SORBI_3003G162500;SORBI_3009G140600;SORBI_3004G267700;SORBI_3004G034600;SORBI_3002G351200;SORBI_3002G275300","6.094e-01;7.479e-01;6.780e-01;7.752e-01;7.458e-01;6.590e-01;7.422e-01;1.589e-03;4.331e-01;9.284e-01;8.060e-02;8.487e-01;8.269e-01;7.190e-01","minp_p_analytic",0.4,2,5,"Remains_nonsignificant"
"PWY-922","mevalonate pathway I",15,"mvn",0.051733820630036,0.0863602215940487,0.546228507656555,0.05,6.65236397525189,0.0580253837258217,0.103776171922633,NA,0.0865659628058258,0.201659345172662,NA,NA,0.0964780704385912,0.221623345310872,NA,NA,NA,NA,NA,NA,0.0964780704385912,0.221623345310872,0.10674929997975,0.319949195695272,0.221623345310872,"SORBI_3009G137700;SORBI_3004G327500;SORBI_3002G330500;SORBI_3004G330600;SORBI_3001G434700;SORBI_3004G012400;SORBI_3004G262100;SORBI_3007G207600;SORBI_3002G250400;SORBI_3007G182000;SORBI_3001G530100;SORBI_3002G268700;SORBI_3001G348100;SORBI_3008G190100;SORBI_3003G100800","2.940e-01;6.008e-01;2.259e-02;4.858e-01;1.864e-01;9.482e-01;3.977e-03;2.863e-01;3.770e-01;7.388e-01;7.503e-01;5.419e-01;1.130e-01;3.354e-01;7.346e-01","acat_p",0,0,5,"Remains_nonsignificant"
"PWY-6369","inositol diphosphates biosynthesis",3,"mvn",0.0539689527407413,0.106051047201115,0.682036180927889,0.02,0.227681632847519,0.0525940321881042,0.32205235105948,NA,0.104295277581144,0.231140885450103,NA,NA,0.0972980540389192,0.221623345310872,NA,NA,NA,NA,NA,NA,0.0972980540389192,0.221623345310872,0.10674929997975,0.319949195695272,0.221623345310872,"SORBI_3003G315166;SORBI_3001G132600;SORBI_3006G251500","5.300e-01;5.619e-01;1.785e-02","minp_p_analytic",0,0,5,"Remains_nonsignificant"
"PWY-7270","L-methionine salvage cycle II (plants)",7,"mvn",0.061616753480415,0.0691578242778482,0.639586069842239,0.1,6.89493789632618,0.0912737280406045,0.0814818836802424,NA,0.0943348363082256,0.215292209319685,NA,NA,0.0972980540389192,0.221623345310872,NA,NA,NA,NA,NA,NA,0.0972980540389192,0.221623345310872,0.10674929997975,0.319949195695272,0.221623345310872,"SORBI_3010G020800;SORBI_3003G033900;SORBI_3001G105900;SORBI_3006G187900;SORBI_3003G151600;SORBI_3003G140000;SORBI_3009G033600","5.359e-01;5.604e-01;8.181e-01;4.007e-01;2.344e-02;4.180e-01;1.358e-02","acat_p",0,0,5,"Remains_nonsignificant"
"PWY-5886","4-hydroxyphenylpyruvate biosynthesis",2,"mvn",0.0811458523049656,0.0698199396368947,0.739060716891504,0.05,0.166415422033386,0.089899263936,0.123950647112938,NA,0.114679826182067,0.246171354631663,NA,NA,0.0985780284394312,0.22329829646501,NA,NA,NA,NA,NA,NA,0.0985780284394312,0.22329829646501,0.107556073575527,0.322367258981176,0.22329829646501,"SORBI_3003G045600;SORBI_3005G200300","4.601e-02;2.844e-01","fisher_p",0,0,5,"Remains_nonsignificant"
"VALDEG-PWY","L-valine degradation I",6,"mvn",0.0500394850931581,0.113049485175344,0.640672373636262,0.01,0.355742946240687,0.049183677182219,0.276170994213829,NA,0.0975580704670638,0.218572726183039,NA,NA,0.101277974440511,0.228153678684668,NA,NA,NA,NA,NA,NA,0.101277974440511,0.228153678684668,0.109894765162172,0.329376789650401,0.228153678684668,"SORBI_3001G290000;SORBI_3001G304000;SORBI_3005G222400;SORBI_3005G222300;SORBI_3003G297400;SORBI_3010G179700","8.122e-01;7.722e-01;7.208e-01;1.406e-01;8.370e-03;2.220e-01","minp_p_analytic",0.2,1,5,"Remains_nonsignificant"
"PWY-5070","gibberellin biosynthesis I (non C-3, non C-13 hydroxylation)",6,"mvn",0.0519368527262913,0.109271036968297,0.649931382465708,0.01,0.211054392429851,0.0527908796815265,0.301862033443416,NA,0.102069687639755,0.22743789093641,NA,NA,0.102597948041039,0.229864255173913,NA,NA,NA,NA,NA,NA,0.102597948041039,0.229864255173913,0.110718698410416,0.331846283877832,0.229864255173913,"SORBI_3003G287100;SORBI_3001G166401;SORBI_3001G005300;SORBI_3006G203900;SORBI_3002G073800;SORBI_3002G046500","8.998e-03;3.481e-01;3.712e-01;3.389e-01;3.991e-01;7.039e-01","acat_p",0,0,5,"Remains_nonsignificant"
"PWY3O-4107","NAD salvage pathway V (PNC V cycle)",11,"mvn",0.0598819831449105,0.0544820009520507,0.537685118655516,0.1,8.91944447572578,0.0998190332231469,0.13088469081611,NA,0.0947618240805415,0.215292209319685,NA,NA,0.105477890442191,0.235032255876622,NA,NA,NA,NA,NA,NA,0.105477890442191,0.235032255876622,0.113207968918156,0.339307129962728,0.235032255876622,"SORBI_3006G123600;SORBI_3008G058100;SORBI_3002G112700;SORBI_3004G208000;SORBI_3004G125700;SORBI_3004G231600;SORBI_3001G120500;SORBI_3006G153600;SORBI_3001G021000;SORBI_3006G080900;SORBI_3004G342600","3.786e-01;8.440e-02;6.457e-01;7.339e-01;6.973e-01;7.305e-01;2.639e-01;1.440e-02;6.752e-01;2.746e-01;9.514e-03","fisher_p",0,0,5,"Remains_nonsignificant"
"PWY-6115","avenacin biosynthesis, initial reactions",12,"mvn",0.123535785429501,0.0443435132176967,0.710459294174405,0.2,9.82452300396475,0.211363559048888,0.0514653776033903,NA,0.0952438774278657,0.215292209319685,NA,NA,0.106117877642447,0.23518016126164,NA,NA,NA,NA,NA,NA,0.106117877642447,0.23518016126164,0.113279210493775,0.339520655342508,0.23518016126164,"SORBI_3010G253500;SORBI_3005G109500;SORBI_3004G014400;SORBI_3004G037100;SORBI_3004G037200;SORBI_3007G090472;SORBI_3007G078200;SORBI_3005G167200;SORBI_3008G142400;SORBI_3008G167100;SORBI_3007G090469;SORBI_3007G085800","5.593e-01;6.150e-01;6.740e-01;3.276e-01;3.078e-01;7.649e-02;4.162e-01;1.040e-01;7.549e-02;3.039e-01;1.959e-02;2.732e-01","fisher_p",0.2,1,5,"Remains_nonsignificant"
"PWY-5063","phytyl diphosphate biosynthesis",2,"mvn",0.0993229728392491,0.0981702045520203,0.761443695909737,0.1,1.20128185617671,0.106683916284,0.0760874759793706,NA,0.12436922546016,0.256981924016093,NA,NA,0.108757824843503,0.239154575197266,NA,NA,NA,NA,NA,NA,0.108757824843503,0.239154575197266,0.115193566153657,0.345258365601687,0.239154575197266,"SORBI_3003G122100;SORBI_3004G238500","5.485e-02;3.643e-01","stouffer_p_analytic",0,0,5,"Remains_nonsignificant"
"PWY-4841","UDP-&alpha;-D-glucuronate biosynthesis (from <i>myo</i>-inositol)",3,"mvn",0.0672893049799362,0.1577517108616,0.672002276848327,0.02,0.595734195020293,0.0438858841241682,0.47715368764885,NA,0.115346309274701,0.246312431263685,NA,NA,0.109077818443631,0.239154575197266,NA,NA,NA,NA,NA,NA,0.109077818443631,0.239154575197266,0.115193566153657,0.345258365601687,0.239154575197266,"SORBI_3010G251200;SORBI_3008G000400;SORBI_3010G168800","1.485e-02;6.776e-01;9.536e-01","minp_p_analytic",0.2,1,5,"Remains_nonsignificant"
"PWY-7897","flavonoid di-C-glucosylation",37,"mvn",0.0365227275789388,0.527976719764058,0.428403567042375,0.02,7.63131557383678,0.0385129058375641,0.665140369201823,NA,0.0938107921889559,0.215292209319685,NA,NA,0.113197736045279,0.24686740307747,NA,NA,NA,NA,NA,NA,0.113197736045279,0.24686740307747,0.118908603375576,0.356393081907616,0.24686740307747,"SORBI_3010G214900;SORBI_3004G062500;SORBI_3004G272700;SORBI_3007G089900;SORBI_3007G145600;SORBI_3001G518800;SORBI_3001G500800;SORBI_3001G465600;SORBI_3001G187000;SORBI_3002G009700;SORBI_3002G009600;SORBI_3005G102100;SORBI_3005G135500;SORBI_3005G137200;SORBI_3005G136800;SORBI_3005G135400;SORBI_3005G107800;SORBI_3005G136300;SORBI_3005G136600;SORBI_3005G135700;SORBI_3005G137000;SORBI_3005G137100;SORBI_3005G136200;SORBI_3005G136450;SORBI_3005G137300;SORBI_3007G058900;SORBI_3001G215000;SORBI_3001G035600;SORBI_3004G318200;SORBI_3004G109000;SORBI_3008G030100;SORBI_3010G076700;SORBI_3007G027200;SORBI_3010G120400;SORBI_3010G012400;SORBI_3010G120200;SORBI_3010G120600","5.036e-01;6.058e-01;3.811e-01;8.304e-03;6.362e-01;1.057e-01;1.061e-03;7.480e-01;6.057e-01;3.502e-01;4.719e-01;4.014e-01;8.492e-01;4.449e-01;5.146e-01;5.586e-01;6.616e-01;5.628e-01;4.289e-01;9.285e-01;9.191e-01;8.879e-01;9.209e-01;5.384e-01;4.524e-01;9.365e-01;8.231e-01;1.973e-01;5.054e-01;5.329e-01;2.153e-01;1.762e-01;4.437e-01;4.266e-01;2.390e-01;6.879e-01;6.161e-01","acat_p",0.4,2,5,"Remains_nonsignificant"
"PWY0-501","lipoate biosynthesis and incorporation I",5,"mvn",0.0617524091844983,0.171004856828951,0.681811546236565,0.02,0.969341332578279,0.0600912444151063,0.169612495045151,NA,0.116420699191283,0.247318583774228,NA,NA,0.116437671246575,0.252209692648252,NA,NA,NA,NA,NA,NA,0.116437671246575,0.252209692648252,0.121481823589224,0.364105542203463,0.252209692648252,"SORBI_3008G152000;SORBI_3001G388900;SORBI_3003G309300;SORBI_3006G103100;SORBI_3006G038901","6.299e-01;4.361e-01;1.232e-02;6.152e-01;4.285e-01","minp_p_analytic",0,0,5,"Remains_nonsignificant"
"PWY-401","galactolipid biosynthesis I",8,"mvn",0.0676603608899879,0.0944888266693107,0.673485927358086,0.01,0.113267691135185,0.0731417434871242,0.143124201476913,NA,0.111814012025939,0.241282868055974,NA,NA,0.116877662446751,0.252209692648252,NA,NA,NA,NA,NA,NA,0.116877662446751,0.252209692648252,0.121481823589224,0.364105542203463,0.252209692648252,"SORBI_3005G045000;SORBI_3004G169000;SORBI_3001G456300;SORBI_3001G424600;SORBI_3006G075100;SORBI_3004G334000;SORBI_3007G211900;SORBI_3002G206200","2.018e-01;5.089e-01;7.923e-01;2.185e-01;9.449e-03;6.271e-01;9.853e-02;6.617e-01","acat_p",0,0,5,"Remains_nonsignificant"
"PWY-7546","diphthamide biosynthesis II (eukaryotes)",7,"mvn",0.095633063211937,0.0562271975011065,0.650206977712788,0.2,8.66963103750639,0.104971630417765,0.0978909632517782,NA,0.106449756949125,0.233392515236049,NA,NA,0.120317593648127,0.256701601719261,NA,NA,NA,NA,NA,NA,0.120317593648127,0.256701601719261,0.12364544109184,0.370590340510201,0.256701601719261,"SORBI_3001G368700;SORBI_3001G368800;SORBI_3006G141000;SORBI_3010G217900;SORBI_3004G343400;SORBI_3001G017700;SORBI_3004G339100","8.429e-02;7.913e-02;8.835e-01;4.086e-01;2.558e-01;1.572e-02;9.205e-01","fisher_p",0,0,5,"Remains_nonsignificant"
"PWY-7388","octanoyl-[acyl-carrier protein] biosynthesis (mitochondria, yeast)",18,"mvn",0.0576124371031273,0.112408248435338,0.552439343807867,0.05,6.99776176232596,0.0715519895274063,0.141897751437632,NA,0.105850684069694,0.233326776712767,NA,NA,0.120677586448271,0.256701601719261,NA,NA,NA,NA,NA,NA,0.120677586448271,0.256701601719261,0.12364544109184,0.370590340510201,0.256701601719261,"SORBI_3002G401301;SORBI_3004G080200;SORBI_3010G073500;SORBI_3007G077400;SORBI_3007G225300;SORBI_3007G079600;SORBI_3009G150900;SORBI_3006G043700;SORBI_3007G209800;SORBI_3004G152800;SORBI_3004G178100;SORBI_3008G087300;SORBI_3001G403400;SORBI_3003G169200;SORBI_3003G142900;SORBI_3008G114300;SORBI_3001G262400;SORBI_3006G030100","3.023e-01;5.986e-01;2.552e-01;8.036e-01;4.996e-01;2.666e-01;5.724e-01;7.672e-02;6.341e-01;4.859e-01;4.116e-03;6.624e-01;4.726e-01;5.261e-01;4.122e-01;7.493e-01;3.066e-01;1.836e-02","acat_p",0,0,5,"Remains_nonsignificant"
"FASYN-ELONG-PWY","fatty acid elongation -- saturated",12,"mvn",0.0497274359647927,0.244664795754551,0.567851835619176,0.005,0.389112188924595,0.0482890635909844,0.454603059379812,NA,0.110269075580768,0.240480430787845,NA,NA,0.120837583248335,0.256701601719261,NA,NA,NA,NA,NA,NA,0.120837583248335,0.256701601719261,0.12364544109184,0.370590340510201,0.256701601719261,"SORBI_3008G087300;SORBI_3004G178100;SORBI_3004G152800;SORBI_3007G209800;SORBI_3006G043700;SORBI_3007G112100;SORBI_3007G225300;SORBI_3007G225200;SORBI_3002G151000;SORBI_3007G077400;SORBI_3009G150900;SORBI_3007G079600","6.624e-01;4.116e-03;4.859e-01;6.341e-01;7.672e-02;9.184e-01;4.996e-01;3.102e-01;6.136e-01;8.036e-01;5.724e-01;2.666e-01","minp_p_analytic",0.4,2,5,"Remains_nonsignificant"
"PWY-84","resveratrol biosynthesis",2,"mvn",0.102240066746487,0.120095413871465,0.761388127374454,0.1,1.27781047542454,0.102787532631,0.104289333220428,NA,0.142824055764744,0.281528186843967,NA,NA,0.122497550048999,0.258886574845823,NA,NA,NA,NA,NA,NA,0.122497550048999,0.258886574845823,0.124697876932513,0.37374470312249,0.258886574845823,"SORBI_3002G115700;SORBI_3005G134301","5.279e-02;4.884e-01","acat_p",0,0,5,"Remains_nonsignificant"
"PWY-6163","chorismate biosynthesis from 3-dehydroquinate",7,"mvn",0.111462142758532,0.0494056798384199,0.741404148093534,0.2,6.02389018581898,0.16586603707632,0.115585106201749,NA,0.120632786484388,0.252997834395079,NA,NA,0.123237535249295,0.25908971616486,NA,NA,NA,NA,NA,NA,0.123237535249295,0.25908971616486,0.124795723996295,0.374037970519693,0.25908971616486,"SORBI_3003G169900;SORBI_3008G116000;SORBI_3008G116100;SORBI_3004G236300;SORBI_3006G235500;SORBI_3010G023800;SORBI_3001G433700","2.725e-01;9.712e-02;1.925e-01;6.316e-01;2.558e-02;5.195e-01;1.646e-01","fisher_p",0.2,1,5,"Remains_nonsignificant"
"PWY-7206","pyrimidine deoxyribonucleotides dephosphorylation",16,"mvn",0.0569127930187774,0.154216374409805,0.564929819483377,0.005,0.5726459928283,0.0584188001451719,0.23836608685749,NA,0.111467542841808,0.241282868055974,NA,NA,0.123857522849543,0.25908971616486,NA,NA,NA,NA,NA,NA,0.123857522849543,0.25908971616486,0.124795723996295,0.374037970519693,0.25908971616486,"SORBI_3010G148866;SORBI_3001G142000;SORBI_3002G008500;SORBI_3002G303700;SORBI_3006G038800;SORBI_3006G036700;SORBI_3001G230200;SORBI_3007G190200;SORBI_3007G194100;SORBI_3004G202900;SORBI_3008G140100;SORBI_3008G140300;SORBI_3003G326100;SORBI_3003G030700;SORBI_3004G146200;SORBI_3006G147200","3.433e-01;2.558e-01;2.143e-01;7.897e-01;3.755e-03;3.953e-01;3.918e-01;1.361e-01;8.151e-01;5.295e-01;1.913e-01;3.368e-01;4.430e-01;8.357e-01;2.945e-01;5.527e-01","acat_p",0,0,5,"Remains_nonsignificant"
"GLUT-REDOX-PWY","glutathione-glutaredoxin redox reactions",5,"mvn",0.0587973737950539,0.159251490860453,0.681671393063005,0.02,1.04832837641034,0.0578194113105288,0.463121489781611,NA,0.124730250924884,0.256981924016093,NA,NA,0.125257494850103,0.260688187251483,NA,NA,NA,NA,NA,NA,0.125257494850103,0.260688187251483,0.125565659443734,0.376345622440522,0.260688187251483,"SORBI_3003G031900;SORBI_3008G117400;SORBI_3008G118000;SORBI_3004G001800;SORBI_3001G258400","4.792e-01;4.708e-01;5.784e-01;5.051e-01;1.184e-02","minp_p_analytic",0,0,5,"Remains_nonsignificant"
"HEME-BIOSYNTHESIS-II","heme <i>b</i> biosynthesis I (aerobic)",9,"mvn",0.047537261017207,0.412275878695603,0.593567860621509,0.005,0.170592969244169,0.0405700254322323,0.847165792252706,NA,0.121035785364614,0.252997834395079,NA,NA,0.127057458850823,0.262435957311004,NA,NA,NA,NA,NA,NA,0.127057458850823,0.262435957311004,0.126407507716161,0.378868811610957,0.262435957311004,"SORBI_3007G076700;SORBI_3006G210800;SORBI_3004G006200;SORBI_3004G179400;SORBI_3002G159300;SORBI_3003G137100;SORBI_3006G129700;SORBI_3003G225100;SORBI_3001G379700","3.857e-01;6.209e-01;7.285e-01;4.591e-03;3.075e-01;7.106e-01;9.484e-01;6.228e-01;8.530e-01","minp_p_analytic",0.4,2,5,"Remains_nonsignificant"
"PWY-8011","L-serine biosynthesis II",9,"mvn",0.105360016164894,0.113098040782733,0.710170891481684,0.02,0.506174855374564,0.131379014701804,0.0582882498292857,NA,0.12101413258639,0.252997834395079,NA,NA,0.127377452450951,0.262435957311004,NA,NA,NA,NA,NA,NA,0.127377452450951,0.262435957311004,0.126407507716161,0.378868811610957,0.262435957311004,"SORBI_3007G213700;SORBI_3004G001300;SORBI_3006G005300;SORBI_3006G004700;SORBI_3006G005200;SORBI_3006G004900;SORBI_3006G004600;SORBI_3006G014000;SORBI_3002G032900","1.992e-01;5.349e-01;5.885e-01;1.553e-02;3.734e-01;7.204e-02;3.567e-01;6.753e-01;4.725e-01","stouffer_p_analytic",0,0,5,"Remains_nonsignificant"
"PWY-6367","D-<i>myo</i>-inositol-5-phosphate metabolism",8,"mvn",0.148279035296531,0.0452325957372593,0.642381937375046,0.2,10.6336924881713,0.193245901453294,0.156633434673092,NA,0.127535346830241,0.261447461001994,NA,NA,0.132257354852903,0.271127577448451,NA,NA,NA,NA,NA,NA,0.132257354852903,0.271127577448451,0.130593999730623,0.391416573076989,0.271127577448451,"SORBI_3009G027800;SORBI_3005G018900;SORBI_3005G002000;SORBI_3008G090600;SORBI_3008G002000;SORBI_3001G408001;SORBI_3002G430500;SORBI_3007G172200","3.690e-01;9.672e-01;1.115e-01;6.388e-02;7.538e-01;7.633e-01;2.649e-02;4.163e-02","fisher_p",0.2,1,5,"Remains_nonsignificant"
"PWYQT-4429","CO<sub>2</sub> fixation into oxaloacetate (anaplerotic)",7,"mvn",0.0576880838052243,0.132197579318302,0.524790098967395,0.1,8.19156850415676,0.0748914874648794,0.664889607461522,NA,0.133139575113631,0.268902590130978,NA,NA,0.133857322853543,0.273042300348023,NA,NA,NA,NA,NA,NA,0.133857322853543,0.273042300348023,0.131516264164894,0.394180785713695,0.273042300348023,"SORBI_3003G234400;SORBI_3010G160700;SORBI_3003G100600;SORBI_3003G301800;SORBI_3004G106900;SORBI_3007G106500;SORBI_3002G167000","1.106e-02;9.508e-01;6.707e-01;5.942e-01;1.505e-02;8.777e-01;8.473e-01","acat_p",0,0,5,"Remains_nonsignificant"
"PWY-6164","3-dehydroquinate biosynthesis I",5,"mvn",0.0695412423115259,0.146242899966787,0.682700552275747,0.02,0.709496459632914,0.068194838753355,0.458242400681377,NA,0.140216096801827,0.279070872275482,NA,NA,0.137157256854863,0.278388491636108,NA,NA,NA,NA,NA,NA,0.137157256854863,0.278388491636108,0.13409136371842,0.401898878770437,0.278388491636108,"SORBI_3007G225700;SORBI_3001G351000;SORBI_3001G294500;SORBI_3002G379600;SORBI_3002G279700","5.450e-01;5.785e-01;1.934e-01;1.403e-02;7.790e-01","minp_p_analytic",0,0,5,"Remains_nonsignificant"
"PWY-4081","glutathione-peroxide redox reactions",11,"mvn",0.0601611972354257,0.20633552232001,0.651741951727294,0.01,1.16070870616965,0.0598726562802829,0.421733876506432,NA,0.13018195133092,0.264667037217698,NA,NA,0.140057198856023,0.282874145472756,NA,NA,NA,NA,NA,NA,0.140057198856023,0.282874145472756,0.136251968262774,0.408374646633203,0.282874145472756,"SORBI_3004G341200;SORBI_3001G248500;SORBI_3001G495200;SORBI_3010G067100;SORBI_3005G110442;SORBI_3006G173900;SORBI_3006G272900;SORBI_3004G290100;SORBI_3004G290200;SORBI_3001G365800;SORBI_3001G378700","4.199e-01;8.225e-01;4.212e-01;4.976e-01;7.544e-01;4.809e-01;8.061e-01;1.303e-01;1.388e-01;5.995e-01;5.597e-03","minp_p_analytic",0,0,5,"Remains_nonsignificant"
"PWY0-166","superpathway of pyrimidine deoxyribonucleotides <i>de novo</i> biosynthesis (<i>E. coli</i>)",28,"mvn",0.050295480048601,0.116172231053784,0.550556724762702,0.02,6.69852803932318,0.099600131534575,0.322034237245667,NA,0.121562374087392,0.252997834395079,NA,NA,0.141097178056439,0.283577661780098,NA,NA,NA,NA,NA,NA,0.141097178056439,0.283577661780098,0.136590830909341,0.409390286372676,0.283577661780098,"SORBI_3005G115500;SORBI_3006G134900;SORBI_3004G336100;SORBI_3005G195700;SORBI_3010G106300;SORBI_3010G054600;SORBI_3003G152900;SORBI_3002G392800;SORBI_3010G148866;SORBI_3001G142000;SORBI_3002G008500;SORBI_3002G303700;SORBI_3006G038800;SORBI_3006G036700;SORBI_3001G230200;SORBI_3007G190200;SORBI_3007G194100;SORBI_3004G202900;SORBI_3008G140100;SORBI_3008G140300;SORBI_3003G326100;SORBI_3003G030700;SORBI_3002G306900;SORBI_3001G295200;SORBI_3004G184500;SORBI_3008G091400;SORBI_3008G123600;SORBI_3009G259200","8.014e-01;3.139e-01;6.780e-01;6.731e-01;8.544e-01;7.861e-01;3.731e-01;7.409e-01;3.433e-01;2.558e-01;2.143e-01;7.897e-01;3.755e-03;3.953e-01;3.918e-01;1.361e-01;8.151e-01;5.295e-01;1.913e-01;3.368e-01;4.430e-01;8.357e-01;6.315e-01;4.414e-02;3.740e-03;1.717e-01;4.988e-01;4.852e-01","acat_p",0,0,5,"Remains_nonsignificant"
"MANNOSYL-CHITO-DOLICHOL-BIOSYNTHESIS","protein <i>N</i>-glycosylation initial phase (eukaryotic)",23,"mvn",0.0598924996461261,0.144886518082156,0.54967505026624,0.05,8.67210259855523,0.0813916215526051,0.339430506192529,NA,0.130396930531646,0.264667037217698,NA,NA,0.146197076058479,0.292394152116958,NA,NA,NA,NA,NA,NA,0.146197076058479,0.292394152116958,0.140837469143314,0.422118318197016,0.292394152116958,"SORBI_3010G158000;SORBI_3004G152501;SORBI_3001G033500;SORBI_3009G228800;SORBI_3009G069100;SORBI_3001G073000;SORBI_3001G031100;SORBI_3006G074000;SORBI_3006G138600;SORBI_3004G277400;SORBI_3001G384400;SORBI_3003G341200;SORBI_3003G023300;SORBI_3009G194000;SORBI_3006G166200;SORBI_3003G050900;SORBI_3008G145100;SORBI_3006G196300;SORBI_3001G141000;SORBI_3001G482900;SORBI_3008G110500;SORBI_3004G141300;SORBI_3002G405400","4.903e-01;3.056e-01;3.645e-01;3.684e-03;4.554e-01;9.110e-01;6.787e-01;8.881e-03;6.718e-01;3.964e-01;1.450e-01;5.335e-01;9.143e-01;7.020e-02;8.190e-01;7.015e-01;7.989e-01;7.725e-01;9.604e-02;6.801e-01;7.791e-01;1.992e-01;2.666e-01","acat_p",0,0,5,"Remains_nonsignificant"
"PWY-7187","pyrimidine deoxyribonucleotides <i>de novo</i> biosynthesis II",17,"mvn",0.0620977472659351,0.238539218426579,0.56878880670702,0.005,0.5726459928283,0.0619545317087467,0.488074162927589,NA,0.135514788405567,0.271029576811134,NA,NA,0.148317033659327,0.293886875885671,NA,NA,NA,NA,NA,NA,0.148317033659327,0.293886875885671,0.14155646928813,0.424273306736355,0.293886875885671,"SORBI_3005G115500;SORBI_3003G152900;SORBI_3002G392800;SORBI_3010G148866;SORBI_3001G142000;SORBI_3002G008500;SORBI_3002G303700;SORBI_3006G038800;SORBI_3006G036700;SORBI_3001G230200;SORBI_3007G190200;SORBI_3007G194100;SORBI_3004G202900;SORBI_3008G140100;SORBI_3008G140300;SORBI_3003G326100;SORBI_3003G030700","8.014e-01;3.731e-01;7.409e-01;3.433e-01;2.558e-01;2.143e-01;7.897e-01;3.755e-03;3.953e-01;3.918e-01;1.361e-01;8.151e-01;5.295e-01;1.913e-01;3.368e-01;4.430e-01;8.357e-01","minp_p_analytic",0,0,5,"Remains_nonsignificant"
"PWY-6468","&omega;- hydroxylation of laurate",2,"mvn",0.122352539231638,0.13430831637424,0.762721707734845,0.1,0.851070342324198,0.126414423036,0.148214718470481,NA,0.177971750717202,0.336259989834345,NA,NA,0.148377032459351,0.293886875885671,NA,NA,NA,NA,NA,NA,0.148377032459351,0.293886875885671,0.14155646928813,0.424273306736355,0.293886875885671,"SORBI_3009G019301;SORBI_3001G514700","4.552e-01;6.534e-02","acat_p",0,0,5,"Remains_nonsignificant"
"PWY-6030","serotonin and melatonin biosynthesis",10,"mvn",0.110480256775328,0.0906621061661897,0.703098904932662,0.02,1.22848716592896,0.103089974849469,0.173899366030425,NA,0.146797615286543,0.287976183098002,NA,NA,0.153896922061559,0.30335450983288,NA,NA,NA,NA,NA,NA,0.153896922061559,0.30335450983288,0.146116743815669,0.437941369829158,0.30335450983288,"SORBI_3007G035500;SORBI_3007G035000;SORBI_3007G035300;SORBI_3009G175500;SORBI_3009G085600;SORBI_3009G197901;SORBI_3005G216100;SORBI_3005G216200;SORBI_3008G014000;SORBI_3007G170500","1.205e-01;7.166e-01;1.873e-01;3.283e-01;9.658e-01;1.082e-02;3.459e-01;6.630e-01;8.129e-02;5.244e-01","fisher_p",0,0,5,"Remains_nonsignificant"
"SULFMETII-PWY","assimilatory sulfate reduction II",5,"mvn",0.119230480259952,0.221309204147259,0.730571088329877,0.05,1.41457334742733,0.117317192081401,0.0993029819277516,NA,0.168477277483645,0.327372908854476,NA,NA,0.159176816463671,0.312260740431124,NA,NA,NA,NA,NA,NA,0.159176816463671,0.312260740431124,0.150406607234558,0.450798956256201,0.312260740431124,"SORBI_3005G152550;SORBI_3002G314300;SORBI_3009G189400;SORBI_3001G094300;SORBI_3006G008700","3.980e-01;6.778e-01;2.465e-02;3.755e-01;5.896e-01","stouffer_p_analytic",0,0,5,"Remains_nonsignificant"
"PWY-7859","jasmonoyl-L-isoleucine inactivation",17,"mvn",0.064254982504118,0.307380222805614,0.570634329106767,0.005,0.552666759656658,0.0625578084449267,0.453725382303208,NA,0.141211104729504,0.279693492459403,NA,NA,0.160216795664087,0.312804220106074,NA,NA,NA,NA,NA,NA,0.160216795664087,0.312804220106074,0.1506683850485,0.451583557195389,0.312804220106074,"SORBI_3003G437300;SORBI_3004G280000;SORBI_3006G154200;SORBI_3010G241200;SORBI_3003G273000;SORBI_3003G190500;SORBI_3006G150600;SORBI_3002G093300;SORBI_3001G451600;SORBI_3001G451700;SORBI_3001G450100;SORBI_3008G015000;SORBI_3005G109000;SORBI_3009G141100;SORBI_3009G121600;SORBI_3003G427500;SORBI_3010G055300","2.548e-01;6.064e-01;4.199e-01;8.041e-01;6.891e-01;3.793e-03;9.270e-02;1.836e-01;8.405e-01;7.784e-01;5.608e-01;2.648e-01;4.046e-01;4.974e-01;6.766e-01;8.950e-01;2.479e-01","minp_p_analytic",0,0,5,"Remains_nonsignificant"
"CITRULLINE-DEG-PWY","L-citrulline degradation",4,"mvn",0.121201933019774,0.107946169810479,0.723057049761486,0.2,4.99529701878504,0.161504548615455,0.201155788474242,NA,0.184190458203073,0.344831451430411,NA,NA,0.169076618467631,0.328537505079282,NA,NA,NA,NA,NA,NA,0.169076618467631,0.328537505079282,0.158246635232009,0.474297102403189,0.328537505079282,"SORBI_3003G193700;SORBI_3004G265900;SORBI_3007G104300;SORBI_3004G268100","4.308e-02;5.455e-01;7.905e-01;7.639e-02","fisher_p",0,0,5,"Remains_nonsignificant"
"PWY-6663","plant sterol biosynthesis II",28,"mvn",0.0807598848369351,0.120104486253114,0.557749048839126,0.1,14.1502360281363,0.111348474116007,0.133601412183327,NA,0.133880603348623,0.269073761632036,NA,NA,0.175696486070279,0.339790374003841,NA,NA,NA,NA,NA,NA,0.175696486070279,0.339790374003841,0.163666803756113,0.490542441343573,0.339790374003841,"SORBI_3002G264300;SORBI_3001G350200;SORBI_3001G343000;SORBI_3001G343832;SORBI_3001G343400;SORBI_3001G343300;SORBI_3001G343601;SORBI_3001G519400;SORBI_3001G343500;SORBI_3001G343100;SORBI_3001G349200;SORBI_3004G261300;SORBI_3005G048700;SORBI_3003G166500;SORBI_3003G083300;SORBI_3002G342400;SORBI_3008G078800;SORBI_3008G025700;SORBI_3005G132300;SORBI_3005G161900;SORBI_3003G231300;SORBI_3010G253500;SORBI_3005G109500;SORBI_3004G014400;SORBI_3004G037100;SORBI_3004G037200;SORBI_3007G090472;SORBI_3007G078200","6.580e-01;5.943e-01;8.080e-01;5.158e-01;2.696e-01;4.126e-01;3.549e-02;3.211e-02;6.425e-01;5.757e-01;4.207e-03;3.310e-01;2.306e-02;4.406e-01;9.056e-01;6.333e-01;4.099e-01;5.634e-01;4.269e-01;5.971e-01;4.641e-01;5.593e-01;6.150e-01;6.740e-01;3.276e-01;3.078e-01;7.649e-02;4.162e-01","acat_p",0,0,5,"Remains_nonsignificant"
"PWY-361","phenylpropanoid biosynthesis",58,"mvn",0.0575134538548206,0.603177819828214,0.582601366453566,0.005,3.10064061590202,0.0597080462629136,0.685438407443654,NA,0.154459291606468,0.301563378850723,NA,NA,0.181836363272735,0.350013657003855,NA,NA,NA,NA,NA,NA,0.181836363272735,0.350013657003855,0.168591051705784,0.50530140623796,0.350013657003855,"SORBI_3004G103901;SORBI_3004G071000;SORBI_3003G327800;SORBI_3009G181800;SORBI_3010G001400;SORBI_3010G001300;SORBI_3003G360000;SORBI_3009G157100;SORBI_3007G012700;SORBI_3001G251300;SORBI_3010G034800;SORBI_3010G066700;SORBI_3010G066601;SORBI_3003G069200;SORBI_3003G068900;SORBI_3003G068300;SORBI_3003G068800;SORBI_3003G068950;SORBI_3003G068600;SORBI_3003G069000;SORBI_3003G082800;SORBI_3004G212300;SORBI_3004G297800;SORBI_3004G328700;SORBI_3007G165800;SORBI_3006G136900;SORBI_3006G136800;SORBI_3002G175600;SORBI_3002G205100;SORBI_3002G205300;SORBI_3007G142200;SORBI_3005G088400;SORBI_3001G196300;SORBI_3002G029500;SORBI_3010G052200;SORBI_3007G218800;SORBI_3007G043200;SORBI_3007G218700;SORBI_3007G217200;SORBI_3002G242300;SORBI_3010G195500;SORBI_3007G141200;SORBI_3001G500100;SORBI_3002G250100;SORBI_3010G066000;SORBI_3001G310166;SORBI_3002G250300;SORBI_3010G214900;SORBI_3004G062500;SORBI_3004G272700;SORBI_3007G089900;SORBI_3007G145600;SORBI_3001G518800;SORBI_3001G500800;SORBI_3001G465600;SORBI_3001G187000;SORBI_3002G009700;SORBI_3002G009600","1.210e-01;5.266e-01;7.744e-01;2.020e-01;3.536e-01;2.879e-01;2.943e-01;1.241e-01;6.425e-01;9.771e-01;6.306e-01;4.767e-01;8.963e-01;7.384e-01;3.899e-01;1.537e-01;2.623e-01;7.644e-01;1.129e-01;8.128e-01;4.565e-01;3.920e-01;2.938e-01;9.470e-01;4.060e-01;6.095e-01;6.137e-01;5.607e-01;7.621e-01;8.167e-01;9.316e-01;6.022e-01;8.021e-01;4.058e-01;2.863e-01;3.446e-01;5.572e-01;3.827e-01;6.874e-01;5.381e-01;3.583e-01;8.099e-01;7.611e-02;7.302e-01;8.415e-01;6.197e-01;7.737e-01;5.036e-01;6.058e-01;3.811e-01;8.304e-03;6.362e-01;1.057e-01;1.061e-03;7.480e-01;6.057e-01;3.502e-01;4.719e-01","acat_p",0,0,5,"Remains_nonsignificant"
"PWY-3881","mannitol biosynthesis",11,"mvn",0.0933536317744035,0.175445828119038,0.692540540530489,0.01,0.0807900047221003,0.100715367789798,0.278529844607629,NA,0.175401748424378,0.332938503953681,NA,NA,0.182976340473191,0.350562147635552,NA,NA,NA,NA,NA,NA,0.182976340473191,0.350562147635552,0.168855243146884,0.506093241304846,0.350562147635552,"SORBI_3003G087900;SORBI_3005G176100;SORBI_3002G100900;SORBI_3003G211500;SORBI_3004G021300;SORBI_3001G202000;SORBI_3001G292000;SORBI_3005G123200;SORBI_3003G290200;SORBI_3010G007200;SORBI_3010G007300","9.604e-03;4.445e-01;7.605e-01;6.071e-01;5.853e-01;1.160e-01;3.105e-01;1.203e-01;5.034e-01;4.188e-01;7.864e-01","acat_p",0,0,5,"Remains_nonsignificant"
"PWY0-1264","biotin-carboxyl carrier protein assembly",5,"mvn",0.0961076422974225,0.2393074742573,0.704654440569934,0.02,0.170897923664965,0.0884997131309204,0.442055297828836,NA,0.192820923656746,0.356110714861557,NA,NA,0.185056298874023,0.352898058317903,NA,NA,NA,NA,NA,NA,0.185056298874023,0.352898058317903,0.169980381068643,0.509465506726551,0.352898058317903,"SORBI_3008G114300;SORBI_3001G262400;SORBI_3006G030100;SORBI_3004G052900;SORBI_3006G233900","7.493e-01;3.066e-01;1.836e-02;6.003e-01;6.803e-01","minp_p_analytic",0,0,5,"Remains_nonsignificant"
"PWYDQC-4","indole-3-acetate biosynthesis I",15,"mvn",0.126434994191618,0.113504015041973,0.683200779264485,0.2,11.6070242888538,0.176866883249706,0.164838268065445,NA,0.181722656636324,0.341771968903179,NA,NA,0.189616207675846,0.357947178955964,NA,NA,NA,NA,NA,NA,0.189616207675846,0.357947178955964,0.172412390624632,0.516754730182906,0.357947178955964,"SORBI_3003G012400;SORBI_3003G128700;SORBI_3003G236900;SORBI_3003G286500;SORBI_3005G104600;SORBI_3005G104700;SORBI_3008G064100;SORBI_3008G154300;SORBI_3008G110700;SORBI_3007G163200;SORBI_3001G495850;SORBI_3006G012200;SORBI_3002G120400;SORBI_3002G120300;SORBI_3003G045600","5.288e-01;7.463e-01;8.185e-01;5.098e-02;1.596e-01;1.289e-02;8.937e-01;5.618e-01;2.197e-01;5.342e-01;2.801e-01;7.321e-01;5.401e-01;2.515e-01;4.601e-02","fisher_p",0,0,5,"Remains_nonsignificant"
"PWY-1001","cellulose biosynthesis",19,"mvn",0.153025311140217,0.0714021483068113,0.698437133272102,0.2,12.9740811560275,0.341372196800992,0.137483500133595,NA,0.172671525268997,0.331021293621534,NA,NA,0.190296194076118,0.357947178955964,NA,NA,NA,NA,NA,NA,0.190296194076118,0.357947178955964,0.172412390624632,0.516754730182906,0.357947178955964,"SORBI_3010G183700;SORBI_3010G196300;SORBI_3003G296400;SORBI_3003G442500;SORBI_3003G049600;SORBI_3009G063400;SORBI_3004G255200;SORBI_3001G224300;SORBI_3001G021500;SORBI_3001G045700;SORBI_3006G080700;SORBI_3006G080800;SORBI_3006G080600;SORBI_3002G118700;SORBI_3002G238300;SORBI_3002G237900;SORBI_3002G075500;SORBI_3002G205500;SORBI_3002G094600","3.943e-01;9.152e-01;2.421e-01;4.268e-01;1.645e-01;4.107e-01;2.453e-02;7.323e-01;5.282e-01;6.788e-01;2.451e-01;2.174e-02;6.930e-02;2.246e-01;5.999e-01;3.932e-01;8.017e-02;6.301e-01;4.199e-01","fisher_p",0,0,5,"Remains_nonsignificant"
"PWY-882","L-ascorbate biosynthesis I (L-galactose pathway)",24,"mvn",0.147512802669618,0.103419356366816,0.741368410678739,0.01,0.0807900047221003,0.206746473779033,0.104059600905123,NA,0.172776967890264,0.331021293621534,NA,NA,0.190456190876182,0.357947178955964,NA,NA,NA,NA,NA,NA,0.190456190876182,0.357947178955964,0.172412390624632,0.516754730182906,0.357947178955964,"SORBI_3001G247600;SORBI_3005G168600;SORBI_3003G355200;SORBI_3001G424500;SORBI_3001G462200;SORBI_3006G271500;SORBI_3006G008200;SORBI_3002G155900;SORBI_3002G125800;SORBI_3003G087900;SORBI_3005G176100;SORBI_3002G100900;SORBI_3003G391500;SORBI_3008G064700;SORBI_3008G167600;SORBI_3003G119900;SORBI_3001G292000;SORBI_3005G123200;SORBI_3003G290200;SORBI_3010G007200;SORBI_3010G007300;SORBI_3008G097000;SORBI_3005G031000;SORBI_3005G031200","2.152e-01;1.852e-01;3.831e-01;4.578e-01;6.582e-01;7.334e-01;1.254e-01;8.107e-01;1.547e-01;9.604e-03;4.445e-01;7.605e-01;7.130e-02;1.314e-01;1.800e-01;1.843e-01;3.105e-01;1.203e-01;5.034e-01;4.188e-01;7.864e-01;5.404e-01;5.965e-01;6.208e-01","fisher_p",0,0,5,"Remains_nonsignificant"
"PWY-1822","indole-3-acetate activation I",7,"mvn",0.0979875292878132,0.204213133509335,0.692447940347784,0.02,0.82045285041975,0.0892727587456216,0.479280770460258,NA,0.190553001626023,0.35351461840122,NA,NA,0.191196176076478,0.357947178955964,NA,NA,NA,NA,NA,NA,0.191196176076478,0.357947178955964,0.172412390624632,0.516754730182906,0.357947178955964,"SORBI_3008G016600;SORBI_3001G022000;SORBI_3001G021900;SORBI_3002G093400;SORBI_3002G093500;SORBI_3002G093300;SORBI_3010G241200","3.554e-01;8.676e-01;7.911e-01;2.511e-01;1.327e-02;1.836e-01;8.041e-01","minp_p_analytic",0,0,5,"Remains_nonsignificant"
"PWY-5337","stachyose biosynthesis",11,"mvn",0.115203908607608,0.106423955415737,0.706610091788315,0.1,5.83110667524297,0.226189124886631,0.174177686449548,NA,0.185909073939109,0.346466910522885,NA,NA,0.19207615847683,0.357960113525002,NA,NA,NA,NA,NA,NA,0.19207615847683,0.357960113525002,0.172418620817522,0.516773403328348,0.357960113525002,"SORBI_3005G210100;SORBI_3010G057300;SORBI_3010G057400;SORBI_3003G052300;SORBI_3001G019000;SORBI_3001G044800;SORBI_3006G122400;SORBI_3002G075800;SORBI_3007G064400;SORBI_3001G391300;SORBI_3002G423600","2.165e-01;2.304e-02;2.351e-02;4.719e-01;5.295e-01;7.552e-01;5.166e-01;4.708e-01;5.893e-01;2.003e-01;3.718e-01","fisher_p",0,0,5,"Remains_nonsignificant"
"PWY-3101","flavonol biosynthesis",33,"mvn",0.162970529484234,0.0666649170217444,0.616455082577367,0.2,21.785329732279,0.32590708868316,0.193121397853187,NA,0.175146172196245,0.332938503953681,NA,NA,0.194796104077918,0.361386437429622,NA,NA,NA,NA,NA,NA,0.194796104077918,0.361386437429622,0.174068977993609,0.521719856852624,0.361386437429622,"SORBI_3001G407800;SORBI_3004G310100;SORBI_3004G260000;SORBI_3003G021700;SORBI_3003G138200;SORBI_3010G060166;SORBI_3010G059800;SORBI_3010G050200;SORBI_3010G060100;SORBI_3002G367600;SORBI_3002G040400;SORBI_3002G272700;SORBI_3002G216200;SORBI_3002G040500;SORBI_3002G216500;SORBI_3002G216100;SORBI_3002G216400;SORBI_3006G223001;SORBI_3001G336200;SORBI_3001G254800;SORBI_3001G369300;SORBI_3001G364200;SORBI_3007G179750;SORBI_3007G044900;SORBI_3004G200900;SORBI_3004G200833;SORBI_3004G201100;SORBI_3004G200800;SORBI_3008G136500;SORBI_3005G214900;SORBI_3005G115800;SORBI_3009G162500;SORBI_3006G237300","7.389e-01;8.169e-01;2.732e-02;5.549e-01;1.188e-02;4.092e-01;4.516e-01;7.912e-02;4.253e-01;1.506e-01;8.001e-02;1.663e-01;8.843e-01;5.306e-01;4.755e-01;2.856e-01;8.664e-01;2.145e-01;7.857e-01;9.014e-01;8.278e-01;4.583e-01;4.061e-02;4.525e-01;3.523e-01;3.346e-01;5.338e-01;4.019e-01;8.052e-02;5.641e-01;5.550e-01;5.902e-02;1.917e-01","fisher_p",0,0,5,"Remains_nonsignificant"
"PWY-1042","glycolysis IV (plant cytosol)",60,"mvn",0.0915161134560057,0.105615407213537,0.425215222482794,0.2,40.5920712410161,0.191098697762068,0.357483951732002,NA,0.169836495257304,0.328457372903276,NA,NA,0.196296074078518,0.362528785460327,NA,NA,NA,NA,NA,NA,0.196296074078518,0.362528785460327,0.174619212683189,0.523369021263148,0.362528785460327,"SORBI_3007G140700;SORBI_3003G244700;SORBI_3003G130800;SORBI_3005G034400;SORBI_3005G101400;SORBI_3008G033600;SORBI_3001G386900;SORBI_3001G057200;SORBI_3001G140700;SORBI_3001G290600;SORBI_3006G267200;SORBI_3002G054400;SORBI_3010G027000;SORBI_3010G026925;SORBI_3001G426100;SORBI_3002G186900;SORBI_3003G336000;SORBI_3008G116600;SORBI_3001G384100;SORBI_3010G221800;SORBI_3009G183700;SORBI_3004G055200;SORBI_3001G236800;SORBI_3010G262466;SORBI_3010G262500;SORBI_3010G262433;SORBI_3010G100200;SORBI_3009G016700;SORBI_3005G159000;SORBI_3004G056400;SORBI_3004G205100;SORBI_3007G025400;SORBI_3003G072300;SORBI_3003G352300;SORBI_3002G277100;SORBI_3010G188300;SORBI_3003G096000;SORBI_3003G393900;SORBI_3005G056400;SORBI_3008G053200;SORBI_3004G146000;SORBI_3010G101600;SORBI_3010G134000;SORBI_3004G261800;SORBI_3007G101800;SORBI_3002G026300;SORBI_3002G156750;SORBI_3002G160300;SORBI_3010G041400;SORBI_3003G034700;SORBI_3003G105000;SORBI_3003G290000;SORBI_3009G204601;SORBI_3009G071800;SORBI_3007G139500;SORBI_3001G052500;SORBI_3001G253300;SORBI_3006G114700;SORBI_3006G074800;SORBI_3002G201700","1.441e-01;7.200e-01;6.642e-01;6.830e-01;8.651e-01;9.145e-01;2.512e-01;3.312e-01;1.089e-01;2.349e-01;5.890e-01;3.580e-01;8.495e-01;7.710e-01;7.696e-01;7.431e-01;3.009e-01;5.094e-01;1.003e-01;6.879e-01;6.136e-02;6.047e-01;9.135e-03;9.694e-01;8.000e-01;9.565e-01;6.563e-01;7.858e-01;6.364e-01;5.993e-01;3.382e-01;8.301e-01;5.533e-02;8.386e-01;5.519e-01;5.370e-01;6.602e-01;5.923e-01;9.084e-01;1.885e-01;4.005e-01;6.818e-01;5.079e-01;4.284e-03;6.700e-01;9.013e-02;4.039e-02;2.370e-01;6.667e-02;6.001e-01;4.000e-01;2.472e-01;5.641e-01;1.296e-01;1.214e-01;8.086e-01;1.128e-01;8.414e-01;3.528e-03;1.677e-01","acat_p",0,0,5,"Remains_nonsignificant"
"PWY-5659","GDP-mannose biosynthesis",12,"mvn",0.104844677920665,0.226740136196704,0.696872799837722,0.01,0.0807900047221003,0.109352187326008,0.264825638991278,NA,0.19576357403125,0.359924059878083,NA,NA,0.200135997280054,0.367963044326557,NA,NA,NA,NA,NA,NA,0.200135997280054,0.367963044326557,0.177236731740422,0.53121425413341,0.367963044326557,"SORBI_3001G071800;SORBI_3002G230600;SORBI_3003G355200;SORBI_3001G424500;SORBI_3001G462200;SORBI_3006G271500;SORBI_3006G008200;SORBI_3002G155900;SORBI_3002G125800;SORBI_3003G087900;SORBI_3005G176100;SORBI_3002G100900","4.326e-01;2.940e-01;3.831e-01;4.578e-01;6.582e-01;7.334e-01;1.254e-01;8.107e-01;1.547e-01;9.604e-03;4.445e-01;7.605e-01","acat_p",0,0,5,"Remains_nonsignificant"
"ARGSYN-PWY","L-arginine biosynthesis I (via L-ornithine)",7,"mvn",0.156319456078107,0.100360614649931,0.742435198775921,0.2,5.86688793461704,0.265272586297719,0.196250086039909,NA,0.213501361528155,0.390783742082784,NA,NA,0.205435891282174,0.376021051007551,NA,NA,NA,NA,NA,NA,0.205435891282174,0.376021051007551,0.18111803120922,0.542847291947521,0.376021051007551,"SORBI_3003G193700;SORBI_3004G265900;SORBI_3007G104300;SORBI_3004G268100;SORBI_3001G397000;SORBI_3009G158800;SORBI_3008G083400","4.308e-02;5.455e-01;7.905e-01;7.639e-02;3.481e-01;1.293e-01;4.203e-01","fisher_p",0,0,5,"Remains_nonsignificant"
"PWY66-423","fructose 2,6-bisphosphate biosynthesis",2,"mvn",0.335921440909119,0.176079219999344,0.732798155085192,0.05,0.225710394840174,0.087333127104,0.61980746244059,NA,0.268635558981875,0.458165059791806,NA,NA,0.216615667686646,0.394721883340111,NA,NA,NA,NA,NA,NA,0.216615667686646,0.394721883340111,0.190125659704942,0.569844972427625,0.394721883340111,"SORBI_3009G056700;SORBI_3001G405300","9.470e-01;4.466e-02","minp_p_analytic",0,0,5,"Remains_nonsignificant"
"UDPNACETYLGALSYN-PWY","UDP-<i>N</i>-acetyl-D-glucosamine biosynthesis II",10,"mvn",0.127743276075494,0.163599927691371,0.712842405452302,0.02,0.595734195020293,0.13894194545441,0.324326289962718,NA,0.218634845856771,0.398401274672339,NA,NA,0.218115637687246,0.395696510848544,NA,NA,NA,NA,NA,NA,0.218115637687246,0.395696510848544,0.190595108463241,0.57125200509825,0.395696510848544,"SORBI_3003G280400;SORBI_3001G071800;SORBI_3002G230600;SORBI_3007G075500;SORBI_3006G213100;SORBI_3010G251200;SORBI_3003G017400;SORBI_3004G259800;SORBI_3002G246800;SORBI_3008G016900","3.261e-01;4.326e-01;2.940e-01;3.888e-01;3.643e-01;1.485e-02;6.041e-01;9.350e-02;9.050e-01;4.901e-01","acat_p",0,0,5,"Remains_nonsignificant"
"PWY-7060","ornithine-citrulline shuttle",10,"mvn",0.170639476168813,0.106831275555677,0.702662583627978,0.2,9.12841060857487,0.356198806380798,0.193640061093078,NA,0.228330661088573,0.41422819047042,NA,NA,0.227055458890822,0.410100168040692,NA,NA,NA,NA,NA,NA,0.227055458890822,0.410100168040692,0.197532916933974,0.592046017241844,0.410100168040692,"SORBI_3003G012300;SORBI_3004G268100;SORBI_3004G247000;SORBI_3001G231000;SORBI_3001G116400;SORBI_3001G451500;SORBI_3006G249400;SORBI_3003G193700;SORBI_3004G265900;SORBI_3007G104300","5.813e-01;7.639e-02;8.166e-02;3.206e-01;7.132e-01;8.238e-01;6.202e-02;4.308e-02;5.455e-01;7.905e-01","fisher_p",0,0,5,"Remains_nonsignificant"
"PWY1F-353","glycine betaine biosynthesis III (plants)",3,"mvn",0.139229117436047,0.23464947682576,0.738802831499255,0.05,0.32739218534158,0.122020487506125,0.582390797904969,NA,0.265938351724576,0.456212235176051,NA,NA,0.229215415691686,0.41170307028642,NA,NA,NA,NA,NA,NA,0.229215415691686,0.41170307028642,0.198304986737485,0.594360066258565,0.41170307028642,"SORBI_3007G130800;SORBI_3006G109500;SORBI_3010G248301","6.874e-01;4.245e-02;6.129e-01","minp_p_analytic",0,0,5,"Remains_nonsignificant"
"PWY-7856","heme <i>a</i> biosynthesis",2,"mvn",0.186332122328391,0.22405074601056,0.769624393148311,0.1,0.475905333935836,0.151434777024,0.370630652399558,NA,0.288107148405779,0.476609403470123,NA,NA,0.23017539649207,0.41170307028642,NA,NA,NA,NA,NA,NA,0.23017539649207,0.41170307028642,0.198304986737485,0.594360066258565,0.41170307028642,"SORBI_3007G219800;SORBI_3001G489700","7.882e-02;7.399e-01","minp_p_analytic",0,0,5,"Remains_nonsignificant"
"PWY-6922","L-<i>N<sup>&delta;</sup></i>-acetylornithine biosynthesis",7,"mvn",0.194978807864337,0.230405197833306,0.759979257404528,0.2,4.6939816136821,0.281393305839338,0.11156381260133,NA,0.248575043142553,0.436839223928893,NA,NA,0.230955380892382,0.41170307028642,NA,NA,NA,NA,NA,NA,0.230955380892382,0.41170307028642,0.198304986737485,0.594360066258565,0.41170307028642,"SORBI_3003G356000;SORBI_3009G160100;SORBI_3001G304700;SORBI_3001G156100;SORBI_3007G003800;SORBI_3001G501600;SORBI_3006G004500","5.406e-01;4.611e-02;6.651e-01;6.034e-01;8.298e-02;3.872e-01;4.924e-01","stouffer_p_analytic",0,0,5,"Remains_nonsignificant"
"PWY-2161","folate polyglutamylation",7,"mvn",0.172256799103125,0.0966186634947927,0.778661745402914,0.2,4.1627737523314,0.32392129971627,0.256055912753933,NA,0.242595858877437,0.432453487564126,NA,NA,0.23197536049279,0.411731159316208,NA,NA,NA,NA,NA,NA,0.23197536049279,0.411731159316208,0.198318516378338,0.594400617322694,0.411731159316208,"SORBI_3003G373600;SORBI_3005G113300;SORBI_3008G144800;SORBI_3001G097100;SORBI_3002G220200;SORBI_3001G535500;SORBI_3001G201900","9.271e-02;3.495e-01;1.979e-01;4.148e-01;6.849e-01;2.514e-01;5.439e-02","fisher_p",0,0,5,"Remains_nonsignificant"
"PWY-4041","&gamma;-glutamyl cycle",3,"mvn",0.194916829385755,0.135746795166636,0.832184990900769,0.2,0.547846455252219,0.422926707193625,0.141341818015582,NA,0.275532837188573,0.465413243755456,NA,NA,0.235635287294254,0.416424430132087,NA,NA,NA,NA,NA,NA,0.235635287294254,0.416424430132087,0.200579123777382,0.601176113923083,0.416424430132087,"SORBI_3004G141000;SORBI_3006G097200;SORBI_3001G322700","1.674e-01;2.515e-01;1.816e-01","fisher_p",0,0,5,"Remains_nonsignificant"
"PWY-641","proanthocyanidins biosynthesis from flavanols",7,"mvn",0.255974933986664,0.26592205958613,0.804757874730087,0.2,3.64446871624875,0.403591506418159,0.0733628408882313,NA,0.249317996096002,0.436839223928893,NA,NA,0.236815263694726,0.416713554140934,NA,NA,NA,NA,NA,NA,0.236815263694726,0.416713554140934,0.200718386116864,0.6015935112598,0.416713554140934,"SORBI_3003G345100;SORBI_3009G028200;SORBI_3005G072400;SORBI_3008G002600;SORBI_3004G000700;SORBI_3002G133150;SORBI_3002G366200","5.917e-01;9.086e-02;7.117e-02;4.358e-01;8.197e-01;3.129e-01;5.206e-01","stouffer_p_analytic",0,0,5,"Remains_nonsignificant"
"PWY-5945","violaxanthin, antheraxanthin and zeaxanthin interconversion",7,"mvn",0.236470439959605,0.195932510579157,0.813136928330692,0.2,3.14048073548363,0.426853452722436,0.0803534610772285,NA,0.246519482084295,0.436839223928893,NA,NA,0.238835223295534,0.418471972440893,NA,NA,NA,NA,NA,NA,0.238835223295534,0.418471972440893,0.201565363326457,0.604132072890022,0.418471972440893,"SORBI_3008G021300;SORBI_3004G213100;SORBI_3007G140200;SORBI_3006G097500;SORBI_3006G222700;SORBI_3003G277400;SORBI_3006G049200","7.114e-01;6.728e-01;7.644e-02;1.222e-01;5.246e-01;1.781e-01;2.616e-01","stouffer_p_analytic",0,0,5,"Remains_nonsignificant"
"ETHYL-PWY","ethylene biosynthesis I (plants)",19,"mvn",0.155157160305337,0.205020072604002,0.681759545397437,0.2,13.7229518181636,0.228784918630771,0.174068696772337,NA,0.238902561257778,0.429605482963549,NA,NA,0.246135077298454,0.427677039679545,NA,NA,NA,NA,NA,NA,0.246135077298454,0.427677039679545,0.205999167367337,0.617421078410611,0.427677039679545,"SORBI_3010G239900;SORBI_3010G174000;SORBI_3010G029700;SORBI_3003G343900;SORBI_3003G197200;SORBI_3003G292800;SORBI_3009G044600;SORBI_3009G044400;SORBI_3005G067500;SORBI_3005G067300;SORBI_3004G313100;SORBI_3002G221900;SORBI_3010G020800;SORBI_3003G033900;SORBI_3001G105900;SORBI_3006G187900;SORBI_3003G151600;SORBI_3003G140000;SORBI_3009G033600","7.031e-01;8.292e-01;1.483e-01;9.463e-01;5.927e-01;8.707e-02;7.003e-01;6.018e-01;4.113e-01;8.158e-02;5.363e-01;4.237e-01;5.359e-01;5.604e-01;8.181e-01;4.007e-01;2.344e-02;4.180e-01;1.358e-02","acat_p",0,0,5,"Remains_nonsignificant"
"PWY-6118","glycerol-3-phosphate shuttle",8,"mvn",0.163358000280355,0.135877350250643,0.756248161906109,0.05,1.17490944000385,0.201837367209736,0.361466129860174,NA,0.257903327370152,0.446161874353428,NA,NA,0.24617507649847,0.427677039679545,NA,NA,NA,NA,NA,NA,0.24617507649847,0.427677039679545,0.205999167367337,0.617421078410611,0.427677039679545,"SORBI_3006G029700;SORBI_3003G326800;SORBI_3003G420800;SORBI_3003G443400;SORBI_3009G183300;SORBI_3007G223801;SORBI_3001G247500;SORBI_3002G081500","3.524e-01;6.922e-01;2.455e-01;2.311e-01;2.779e-02;1.517e-01;8.420e-01;3.029e-01","fisher_p",0,0,5,"Remains_nonsignificant"
"PWY-6596","adenosine nucleotides degradation I",19,"mvn",0.184923227379469,0.145619755934719,0.722051966244146,0.2,12.4591212985293,0.315709945769273,0.153441897578246,NA,0.241298359764823,0.432018897395534,NA,NA,0.248495030099398,0.429698969045829,NA,NA,NA,NA,NA,NA,0.248495030099398,0.429698969045829,0.206973069932324,0.620340060946443,0.429698969045829,"SORBI_3001G325200;SORBI_3003G110400;SORBI_3009G133800;SORBI_3009G134300;SORBI_3009G133900;SORBI_3002G134400;SORBI_3002G072300;SORBI_3002G206800;SORBI_3001G153300;SORBI_3001G073500;SORBI_3001G125000;SORBI_3003G274200;SORBI_3003G113200;SORBI_3003G061200;SORBI_3001G069900;SORBI_3002G029600;SORBI_3009G104800;SORBI_3004G326300;SORBI_3002G429700","8.343e-01;8.853e-01;5.292e-02;2.294e-01;4.856e-02;7.647e-01;2.687e-01;6.611e-02;3.974e-01;7.284e-01;1.977e-02;3.712e-01;4.901e-01;8.242e-01;3.581e-01;4.522e-01;4.520e-01;8.085e-01;1.877e-01","fisher_p",0,0,5,"Remains_nonsignificant"
"PWY-4821","UDP-&alpha;-D-xylose biosynthesis",11,"mvn",0.107908044501435,0.333812283438405,0.66484576458213,0.1,6.4671486205745,0.120020074896254,0.586593259255292,NA,0.247228483238544,0.436839223928893,NA,NA,0.249435011299774,0.429698969045829,NA,NA,NA,NA,NA,NA,0.249435011299774,0.429698969045829,0.206973069932324,0.620340060946443,0.429698969045829,"SORBI_3001G171300;SORBI_3001G084100;SORBI_3001G459800;SORBI_3003G348800;SORBI_3003G149500;SORBI_3003G442300;SORBI_3009G112600;SORBI_3007G218200;SORBI_3001G376501;SORBI_3001G414650;SORBI_3001G418100","7.513e-01;5.515e-01;7.695e-01;6.940e-01;1.156e-02;5.655e-01;8.732e-01;5.363e-01;3.411e-02;5.725e-01;4.084e-01","acat_p",0,0,5,"Remains_nonsignificant"
"PWY-4984","urea cycle",8,"mvn",0.17437072929805,0.128753700170848,0.750897835531968,0.2,5.86688793461704,0.296925378007427,0.248770704012039,NA,0.259216292013834,0.446549074477612,NA,NA,0.251634967300654,0.431675048507398,NA,NA,NA,NA,NA,NA,0.251634967300654,0.431675048507398,0.207924887977174,0.623192851718427,0.431675048507398,"SORBI_3003G193700;SORBI_3004G265900;SORBI_3007G104300;SORBI_3006G004500;SORBI_3001G397000;SORBI_3009G158800;SORBI_3008G083400;SORBI_3004G268100","4.308e-02;5.455e-01;7.905e-01;4.924e-01;3.481e-01;1.293e-01;4.203e-01;7.639e-02","fisher_p",0,0,5,"Remains_nonsignificant"
"PWY-6546","brassinosteroids inactivation",23,"mvn",0.178112650101551,0.132011442222768,0.714720944143135,0.2,14.2364593629079,0.307062583220629,0.168012229392467,NA,0.235526647685101,0.425400553087627,NA,NA,0.257354852902942,0.439647873709193,NA,NA,NA,NA,NA,NA,0.257354852902942,0.439647873709193,0.211765158089326,0.634702916270313,0.439647873709193,"SORBI_3005G166700;SORBI_3005G217600;SORBI_3004G046200;SORBI_3010G069300;SORBI_3010G069800;SORBI_3010G182966;SORBI_3010G070000;SORBI_3010G069700;SORBI_3010G069900;SORBI_3003G156200;SORBI_3003G048200;SORBI_3009G133100;SORBI_3004G086400;SORBI_3001G359100;SORBI_3001G359400;SORBI_3001G359500;SORBI_3001G359300;SORBI_3001G359200;SORBI_3006G232300;SORBI_3002G389000;SORBI_3002G388800;SORBI_3002G388900;SORBI_3002G398600","1.582e-02;6.432e-01;2.734e-01;7.245e-01;6.688e-01;4.626e-01;7.016e-01;9.005e-01;6.888e-01;2.225e-01;3.014e-01;5.106e-01;5.289e-01;6.530e-02;5.128e-01;6.146e-01;4.300e-01;5.303e-01;3.994e-01;5.678e-02;7.652e-02;8.822e-02;1.310e-01","fisher_p",0,0,5,"Remains_nonsignificant"
"PWY-7101","5-deoxystrigol biosynthesis",9,"mvn",0.206664310500777,0.127743963753408,0.705649669770594,0.2,7.8204781799428,0.260057467674549,0.335425141245392,NA,0.269311657097135,0.458165059791806,NA,NA,0.261794764104718,0.445376984576491,NA,NA,NA,NA,NA,NA,0.261794764104718,0.445376984576491,0.21452469848762,0.642973815761836,0.445376984576491,"SORBI_3003G293600;SORBI_3005G002500;SORBI_3005G105700;SORBI_3007G170300;SORBI_3002G380550;SORBI_3006G170300;SORBI_3009G030800;SORBI_3005G168200;SORBI_3007G016600","4.786e-01;4.512e-01;2.738e-01;6.184e-02;3.291e-02;8.130e-01;5.358e-01;9.498e-01;7.875e-02","fisher_p",0,0,5,"Remains_nonsignificant"
"PWY-5115","GDP-L-galactose biosynthesis",2,"mvn",0.199245769052679,0.16831300107052,0.832396564679246,0.2,0.153654100226653,0.3361172559,0.270982495094726,NA,0.336714520360551,0.528037442468529,NA,NA,0.263614727705446,0.446266794828713,NA,NA,NA,NA,NA,NA,0.263614727705446,0.446266794828713,0.214953293324533,0.644258400985113,0.446266794828713,"SORBI_3001G247600;SORBI_3005G168600","2.152e-01;1.852e-01","fisher_p",0,0,5,"Remains_nonsignificant"
"PWY-5410","traumatin and (<i>Z</i>)-3-hexen-1-yl acetate biosynthesis",20,"mvn",0.215792384681819,0.102481799930203,0.554826081542477,0.2,17.4807469509351,0.278284698197331,0.511977433823544,NA,0.254369435180796,0.443721254682842,NA,NA,0.264494710105798,0.446266794828713,NA,NA,NA,NA,NA,NA,0.264494710105798,0.446266794828713,0.214953293324533,0.644258400985113,0.446266794828713,"SORBI_3009G161000;SORBI_3009G037100;SORBI_3004G328601;SORBI_3001G231600;SORBI_3001G231400;SORBI_3001G231700;SORBI_3001G338000;SORBI_3002G046700;SORBI_3002G171600;SORBI_3006G221850;SORBI_3006G209200;SORBI_3006G209300;SORBI_3006G209000;SORBI_3010G040700;SORBI_3010G040200;SORBI_3004G007500;SORBI_3004G078600;SORBI_3007G210400;SORBI_3001G483400;SORBI_3006G095600","1.226e-01;5.528e-01;9.557e-01;4.824e-01;8.225e-01;3.681e-01;5.978e-01;7.544e-01;9.738e-01;5.806e-01;1.180e-01;4.597e-02;9.484e-02;1.617e-02;8.245e-01;7.869e-01;9.155e-01;2.535e-01;2.218e-02;9.043e-02","fisher_p",0,0,5,"Remains_nonsignificant"
"PWY-6607","guanosine nucleotides degradation I",9,"mvn",0.145701964535093,0.208675806381366,0.735363818607615,0.1,4.06993160693197,0.164481832962685,0.490598970921997,NA,0.277326380767882,0.465413243755456,NA,NA,0.265834683306334,0.4466894268672,NA,NA,NA,NA,NA,NA,0.265834683306334,0.4466894268672,0.215156862466557,0.644868538787155,0.4466894268672,"SORBI_3001G325200;SORBI_3002G072300;SORBI_3002G206800;SORBI_3001G153300;SORBI_3001G073500;SORBI_3001G125000;SORBI_3003G274200;SORBI_3003G113200;SORBI_3003G061200","8.343e-01;2.687e-01;6.611e-02;3.974e-01;7.284e-01;1.977e-02;3.712e-01;4.901e-01;8.242e-01","acat_p",0,0,5,"Remains_nonsignificant"
"PWY-5129","sphingolipid biosynthesis (plants)",32,"mvn",0.33516592114318,0.0837468211237045,0.595195744909548,0.2,21.9528354526744,0.447088095037861,0.307543274633063,NA,0.255410283183295,0.443721254682842,NA,NA,0.270634587308254,0.452590948181036,NA,NA,NA,NA,NA,NA,0.270634587308254,0.452590948181036,0.2179994477916,0.65338834068389,0.452590948181036,"SORBI_3010G092200;SORBI_3003G286600;SORBI_3003G243900;SORBI_3005G151100;SORBI_3004G008800;SORBI_3004G008900;SORBI_3004G254200;SORBI_3004G237600;SORBI_3004G008300;SORBI_3004G008200;SORBI_3002G383900;SORBI_3002G339732;SORBI_3002G339500;SORBI_3002G339666;SORBI_3006G163800;SORBI_3001G194200;SORBI_3007G041500;SORBI_3003G317400;SORBI_3003G187800;SORBI_3002G175400;SORBI_3008G181400;SORBI_3001G069700;SORBI_3003G357100;SORBI_3009G159000;SORBI_3008G129000;SORBI_3003G351300;SORBI_3003G412700;SORBI_3005G126701;SORBI_3005G126800;SORBI_3001G434900;SORBI_3004G337066;SORBI_3004G269700","3.507e-01;8.761e-02;7.217e-01;7.440e-01;9.183e-01;7.767e-01;1.672e-01;3.170e-01;1.017e-01;6.774e-02;7.955e-01;8.719e-01;9.283e-01;9.400e-01;5.414e-01;8.082e-01;2.225e-01;5.923e-01;4.933e-02;6.022e-02;9.764e-01;3.848e-01;9.491e-01;3.701e-01;1.835e-02;4.118e-01;9.554e-02;6.975e-02;1.192e-01;1.755e-01;6.966e-01;9.136e-02","fisher_p",0,0,5,"Remains_nonsignificant"
"GLNSYN-PWY","L-glutamine biosynthesis I",5,"mvn",0.195292281175205,0.177169761012218,0.746283249990472,0.2,4.13311358978982,0.273955464259581,0.30033675763267,NA,0.299903721374789,0.491842103054653,NA,NA,0.271554568908622,0.452590948181036,NA,NA,NA,NA,NA,NA,0.271554568908622,0.452590948181036,0.2179994477916,0.65338834068389,0.452590948181036,"SORBI_3004G247000;SORBI_3001G231000;SORBI_3001G116400;SORBI_3001G451500;SORBI_3006G249400","8.166e-02;3.206e-01;7.132e-01;8.238e-01;6.202e-02","fisher_p",0,0,5,"Remains_nonsignificant"
"PWY0-1021","L-alanine biosynthesis III",8,"mvn",0.194140633433897,0.211869670450251,0.758763927712969,0.2,5.31653268797195,0.300549670126811,0.182419085981999,NA,0.28829056600144,0.476609403470123,NA,NA,0.273994520109598,0.45480871759083,NA,NA,NA,NA,NA,NA,0.273994520109598,0.45480871759083,0.219067680615538,0.6565900500431,0.45480871759083,"SORBI_3003G284200;SORBI_3005G014700;SORBI_3005G104200;SORBI_3008G066401;SORBI_3008G066200;SORBI_3004G132600;SORBI_3001G486500;SORBI_3002G174900","7.056e-01;6.395e-01;4.399e-01;6.313e-01;4.370e-02;1.797e-01;5.883e-01;7.136e-02","stouffer_p_analytic",0,0,5,"Remains_nonsignificant"
"NONMEVIPP-PWY","methylerythritol phosphate pathway I",13,"mvn",0.198713601236279,0.248316140285717,0.779247552650341,0.1,3.68746186493499,0.256934674250867,0.145485510580447,NA,0.278112792000211,0.465413243755456,NA,NA,0.27697446051079,0.457901325844451,NA,NA,NA,NA,NA,NA,0.27697446051079,0.457901325844451,0.220557296999239,0.661054730972623,0.457901325844451,"SORBI_3009G137700;SORBI_3004G327500;SORBI_3002G330500;SORBI_3003G381900;SORBI_3003G327200;SORBI_3001G102400;SORBI_3001G102500;SORBI_3004G281900;SORBI_3003G103300;SORBI_3002G064500;SORBI_3002G064700;SORBI_3010G032900;SORBI_3009G135500","2.940e-01;6.008e-01;2.259e-02;5.233e-01;6.398e-01;8.249e-01;7.963e-01;3.076e-01;7.006e-02;2.389e-01;2.966e-01;7.443e-01;2.416e-01","stouffer_p_analytic",0,0,5,"Remains_nonsignificant"
"PWY-1801","formaldehyde oxidation II (glutathione-dependent)",2,"mvn",0.278846305410925,0.27154398263524,0.785157495902987,0.1,0.187698494971636,0.173795354236,0.445165327757078,NA,0.363987945076779,0.550682868935348,NA,NA,0.279214415711686,0.459750644344543,NA,NA,NA,NA,NA,NA,0.279214415711686,0.459750644344543,0.221448058101358,0.663724521765009,0.459750644344543,"SORBI_3004G343200;SORBI_3003G420900","9.104e-02;8.335e-01","minp_p_analytic",0,0,5,"Remains_nonsignificant"
"PWY-5957","L-nicotianamine biosynthesis",2,"mvn",0.255915955744908,0.269189414324014,0.790000960947382,0.1,0.127030090135864,0.178884928284,0.506327120911248,NA,0.371886830651674,0.556472994770753,NA,NA,0.28257434851303,0.462817038479948,NA,NA,NA,NA,NA,NA,0.28257434851303,0.462817038479948,0.222925047932719,0.668151358368938,0.462817038479948,"SORBI_3001G151400;SORBI_3001G395900","7.988e-01;9.385e-02","minp_p_analytic",0,0,5,"Remains_nonsignificant"
"PWY-6801","volatile esters biosynthesis (during fruit ripening)",20,"mvn",0.186576325574767,0.128465869980018,0.679761077779933,0.2,14.5908724844699,0.278284698197331,0.451361637274303,NA,0.277436639911131,0.465413243755456,NA,NA,0.283334333313334,0.462817038479948,NA,NA,NA,NA,NA,NA,0.283334333313334,0.462817038479948,0.222925047932719,0.668151358368938,0.462817038479948,"SORBI_3003G105500;SORBI_3006G209200;SORBI_3006G209300;SORBI_3006G209000;SORBI_3010G040700;SORBI_3010G040200;SORBI_3010G259500;SORBI_3010G259300;SORBI_3010G259600;SORBI_3010G204000;SORBI_3010G179900;SORBI_3007G203600;SORBI_3001G273200;SORBI_3001G277800;SORBI_3001G271600;SORBI_3001G201800;SORBI_3006G020200;SORBI_3006G020300;SORBI_3006G019700;SORBI_3006G247400","3.045e-01;1.180e-01;4.597e-02;9.484e-02;1.617e-02;8.245e-01;6.825e-01;7.698e-01;7.740e-01;5.408e-02;1.346e-01;1.434e-01;8.752e-01;5.416e-01;9.458e-01;6.457e-01;5.667e-01;4.625e-01;5.028e-01;3.623e-01","fisher_p",0,0,5,"Remains_nonsignificant"
"BSUBPOLYAMSYN-PWY","spermidine biosynthesis I",7,"mvn",0.176313072852941,0.224492997316235,0.734974121991225,0.2,6.32869926262049,0.182023056905217,0.508036350683252,NA,0.309466012633083,0.502314014748886,NA,NA,0.287514249715006,0.466094235427544,NA,NA,NA,NA,NA,NA,0.287514249715006,0.466094235427544,0.224503575138691,0.672882522976384,0.466094235427544,"SORBI_3008G125801;SORBI_3004G211900;SORBI_3006G135600;SORBI_3002G206700;SORBI_3004G016000;SORBI_3004G113100;SORBI_3002G113800","9.018e-01;6.493e-01;8.390e-01;5.972e-02;6.804e-01;2.638e-01;2.830e-02","acat_p",0,0,5,"Remains_nonsignificant"
"PWY-6515","phloridzin biosynthesis",3,"mvn",0.223349606565646,0.231009759264015,0.815745549108059,0.2,1.35829132184826,0.274420934933221,0.228332732226841,NA,0.338298932369204,0.528037442468529,NA,NA,0.287614247715046,0.466094235427544,NA,NA,NA,NA,NA,NA,0.287614247715046,0.466094235427544,0.224503575138691,0.672882522976384,0.466094235427544,"SORBI_3003G287500;SORBI_3003G267900;SORBI_3003G290700","3.213e-01;1.014e-01;5.353e-01","acat_p",0,0,5,"Remains_nonsignificant"
"PWY-7464","cyanidin 3,7-diglucoside polyacylation biosynthesis",7,"mvn",0.258361284239542,0.145965786134575,0.713428983938556,0.2,6.61066495081915,0.309563848607342,0.397052242277419,NA,0.318863942721655,0.508693449478127,NA,NA,0.294214115717686,0.474912548993115,NA,NA,NA,NA,NA,NA,0.294214115717686,0.474912548993115,0.228751091567099,0.68561318692668,0.474912548993115,"SORBI_3005G105850;SORBI_3008G163200;SORBI_3001G280200;SORBI_3006G095900;SORBI_3002G121300;SORBI_3002G121100;SORBI_3002G175500","9.127e-01;8.229e-01;9.108e-01;2.873e-01;6.515e-02;8.740e-02;5.154e-02","fisher_p",0,0,5,"Remains_nonsignificant"
"PWY-7458","violdelphin biosynthesis",7,"mvn",0.258361284239542,0.145965786134575,0.713411331948508,0.2,6.61066495081915,0.309563848607342,0.397052242277419,NA,0.31885986175821,0.508693449478127,NA,NA,0.29587408251835,0.475719113068719,NA,NA,NA,NA,NA,NA,0.29587408251835,0.475719113068719,0.229139589224414,0.686777592810475,0.475719113068719,"SORBI_3005G105850;SORBI_3008G163200;SORBI_3001G280200;SORBI_3006G095900;SORBI_3002G121300;SORBI_3002G121100;SORBI_3002G175500","9.127e-01;8.229e-01;9.108e-01;2.873e-01;6.515e-02;8.740e-02;5.154e-02","fisher_p",0,0,5,"Remains_nonsignificant"
"PWY-6959","L-ascorbate degradation V",9,"mvn",0.249009399500245,0.200827836770112,0.847200373946002,0.2,2.58186471049894,0.518707922208972,0.104464172376558,NA,0.312869332774435,0.504008978207183,NA,NA,0.297734045319094,0.476069077840233,NA,NA,NA,NA,NA,NA,0.297734045319094,0.476069077840233,0.229308156729449,0.68728282364259,0.476069077840233,"SORBI_3008G057900;SORBI_3004G175500;SORBI_3007G205600;SORBI_3007G177000;SORBI_3001G410200;SORBI_3006G204000;SORBI_3006G084400;SORBI_3006G021100;SORBI_3002G431100","4.728e-01;5.185e-01;4.534e-01;4.875e-01;1.852e-01;7.804e-02;2.227e-01;4.347e-01;1.522e-01","stouffer_p_analytic",0,0,5,"Remains_nonsignificant"
"PWY-5139","pelargonidin conjugates biosynthesis",3,"mvn",0.272282970979355,0.320120030605879,0.816487228571856,0.2,1.26053256504149,0.286657249089449,0.165090983714025,NA,0.351920855892573,0.540402812419307,NA,NA,0.298414031719366,0.476069077840233,NA,NA,NA,NA,NA,NA,0.298414031719366,0.476069077840233,0.229308156729449,0.68728282364259,0.476069077840233,"SORBI_3010G034800;SORBI_3006G097800;SORBI_3005G032000","6.306e-01;1.065e-01;4.479e-01","stouffer_p_analytic",0,0,5,"Remains_nonsignificant"
"PWY-7219","adenosine ribonucleotides <i>de novo</i> biosynthesis",14,"mvn",0.204856455188588,0.168888123602267,0.761109877444771,0.2,8.37047732333765,0.243283852225318,0.377693235428856,NA,0.309361229926381,0.502314014748886,NA,NA,0.302733945321094,0.479357980407959,NA,NA,NA,NA,NA,NA,0.302733945321094,0.479357980407959,0.230892322180584,0.692030887208674,0.479357980407959,"SORBI_3003G233500;SORBI_3008G084600;SORBI_3008G084100;SORBI_3007G009200;SORBI_3007G022600;SORBI_3007G113600;SORBI_3007G021200;SORBI_3001G518500;SORBI_3006G261300;SORBI_3002G116200;SORBI_3001G392500;SORBI_3006G157000;SORBI_3001G486700;SORBI_3001G126300","4.789e-01;1.090e-01;1.550e-01;3.481e-01;9.298e-01;7.975e-01;8.564e-01;1.149e-01;2.749e-01;1.971e-02;5.402e-01;4.610e-01;6.995e-01;1.272e-01","fisher_p",0,0,5,"Remains_nonsignificant"
"PWY-6733","sporopollenin precursors biosynthesis",62,"mvn",0.141696132518612,0.151586925234904,0.589809969935809,0.2,39.0177839403128,0.381388869989814,0.515941979605224,NA,0.281928655265975,0.469881092109958,NA,NA,0.302813943721126,0.479357980407959,NA,NA,NA,NA,NA,NA,0.302813943721126,0.479357980407959,0.230892322180584,0.692030887208674,0.479357980407959,"SORBI_3002G115700;SORBI_3002G251200;SORBI_3007G206000;SORBI_3003G088200;SORBI_3002G134100;SORBI_3002G237600;SORBI_3001G492400;SORBI_3007G170700;SORBI_3007G170100;SORBI_3007G170800;SORBI_3007G169900;SORBI_3004G144150;SORBI_3004G060700;SORBI_3004G144200;SORBI_3004G060766;SORBI_3008G076401;SORBI_3008G076300;SORBI_3005G063300;SORBI_3005G224601;SORBI_3005G063400;SORBI_3002G128900;SORBI_3002G265300;SORBI_3006G175900;SORBI_3006G175800;SORBI_3006G085601;SORBI_3007G195300;SORBI_3005G232000;SORBI_3009G114800;SORBI_3003G008200;SORBI_3003G008300;SORBI_3003G378301;SORBI_3003G380600;SORBI_3001G491400;SORBI_3006G177000;SORBI_3001G509901;SORBI_3004G288500;SORBI_3008G036000;SORBI_3005G037000;SORBI_3009G155500;SORBI_3003G360600;SORBI_3003G362700;SORBI_3006G272600;SORBI_3006G247200;SORBI_3006G247300;SORBI_3006G079500;SORBI_3008G051300;SORBI_3008G010800;SORBI_3005G054900;SORBI_3005G020300;SORBI_3005G033100;SORBI_3005G156100;SORBI_3009G031400;SORBI_3003G242000;SORBI_3003G303900;SORBI_3003G004900;SORBI_3003G258200;SORBI_3010G045500;SORBI_3010G045400;SORBI_3010G214900;SORBI_3007G029900;SORBI_3001G397400;SORBI_3001G397500","5.279e-02;6.478e-01;6.040e-01;7.426e-01;6.289e-01;7.386e-01;9.222e-01;2.195e-01;4.286e-01;1.749e-01;7.254e-01;8.829e-01;9.246e-01;9.074e-01;5.927e-01;7.754e-01;7.717e-03;7.736e-02;9.197e-01;8.177e-01;6.786e-01;5.928e-01;7.708e-01;8.020e-01;6.996e-01;3.470e-01;4.878e-01;1.202e-01;6.642e-01;6.512e-01;8.683e-01;9.477e-01;8.799e-01;3.806e-01;1.929e-01;2.447e-01;1.421e-01;3.735e-02;1.432e-01;8.266e-01;8.100e-03;6.886e-01;2.529e-01;5.844e-01;6.776e-02;8.521e-02;2.995e-01;2.082e-01;8.574e-02;3.864e-01;5.009e-01;8.271e-03;3.426e-02;5.541e-01;3.898e-01;8.515e-01;7.581e-01;3.346e-01;5.036e-01;5.914e-01;3.879e-01;3.169e-01","acat_p",0,0,5,"Remains_nonsignificant"
"PWY-6754","<i>S</i>-methyl-5'-thioadenosine degradation I",6,"mvn",0.242405497391335,0.403006095085168,0.779082344059922,0.05,0.243341164767152,0.237910709825809,0.186386446146736,NA,0.340004597101687,0.528037442468529,NA,NA,0.307413851722966,0.484760533796958,NA,NA,NA,NA,NA,NA,0.307413851722966,0.484760533796958,0.233494569662995,0.699830348087157,0.484760533796958,"SORBI_3006G259700;SORBI_3006G259600;SORBI_3010G008400;SORBI_3003G007800;SORBI_3003G007900;SORBI_3007G193200","6.048e-01;6.950e-01;4.427e-02;5.969e-01;5.738e-01;2.962e-01","stouffer_p_analytic",0,0,5,"Remains_nonsignificant"
"PWY0A-6303","methyl indole-3-acetate interconversion",6,"mvn",0.291979170894476,0.26038096881183,0.84804030181449,0.2,1.57236517125456,0.517612302498583,0.102386291612012,NA,0.341653640296361,0.52859619819437,NA,NA,0.309113817723646,0.484760533796958,NA,NA,NA,NA,NA,NA,0.309113817723646,0.484760533796958,0.233494569662995,0.699830348087157,0.484760533796958,"SORBI_3003G184900;SORBI_3009G116500;SORBI_3009G116766;SORBI_3005G014500;SORBI_3005G014400;SORBI_3002G367400","1.144e-01;7.971e-01;4.925e-01;3.211e-01;2.849e-01;1.593e-01","stouffer_p_analytic",0,0,5,"Remains_nonsignificant"
"PWY-7478","oryzalexin D and E biosynthesis",6,"mvn",0.206386592111191,0.15612439521738,0.777134817908354,0.2,3.83729444822133,0.336034636807467,0.437627232474692,NA,0.338953582169961,0.528037442468529,NA,NA,0.30977380452391,0.484760533796958,NA,NA,NA,NA,NA,NA,0.30977380452391,0.484760533796958,0.233494569662995,0.699830348087157,0.484760533796958,"SORBI_3008G154400;SORBI_3007G152701;SORBI_3007G152600;SORBI_3007G152500;SORBI_3002G089700;SORBI_3002G220500","2.069e-01;3.067e-01;7.451e-01;7.981e-01;8.900e-02;6.598e-02","fisher_p",0,0,5,"Remains_nonsignificant"
"PWY-321","cutin biosynthesis",56,"mvn",0.163900798642745,0.124215347353531,0.717372716289352,0.2,28.8940357593253,0.365849926659346,0.502755512129821,NA,0.292146526950351,0.481044482127084,NA,NA,0.31147377052459,0.485567474962288,NA,NA,NA,NA,NA,NA,0.31147377052459,0.485567474962288,0.23388324895309,0.700995298361049,0.485567474962288,"SORBI_3006G272600;SORBI_3006G247200;SORBI_3006G247300;SORBI_3006G079500;SORBI_3008G051300;SORBI_3008G010800;SORBI_3005G054900;SORBI_3005G020300;SORBI_3005G033100;SORBI_3005G156100;SORBI_3009G031400;SORBI_3003G242000;SORBI_3003G303900;SORBI_3003G004900;SORBI_3003G258200;SORBI_3010G045500;SORBI_3010G045400;SORBI_3010G214900;SORBI_3001G491400;SORBI_3006G177000;SORBI_3001G509901;SORBI_3004G288500;SORBI_3008G036000;SORBI_3005G037000;SORBI_3009G155500;SORBI_3003G360600;SORBI_3003G362700;SORBI_3003G380600;SORBI_3002G128900;SORBI_3002G265300;SORBI_3006G175900;SORBI_3006G175800;SORBI_3006G085601;SORBI_3007G195300;SORBI_3005G232000;SORBI_3009G114800;SORBI_3003G008200;SORBI_3003G008300;SORBI_3003G378301;SORBI_3004G282800;SORBI_3007G122400;SORBI_3001G530300;SORBI_3001G320300;SORBI_3006G185600;SORBI_3002G181800;SORBI_3003G058600;SORBI_3005G151900;SORBI_3005G219500;SORBI_3008G014200;SORBI_3004G006400;SORBI_3007G015200;SORBI_3007G041200;SORBI_3007G015100;SORBI_3001G137900;SORBI_3001G195300;SORBI_3006G261000","6.886e-01;2.529e-01;5.844e-01;6.776e-02;8.521e-02;2.995e-01;2.082e-01;8.574e-02;3.864e-01;5.009e-01;8.271e-03;3.426e-02;5.541e-01;3.898e-01;8.515e-01;7.581e-01;3.346e-01;5.036e-01;8.799e-01;3.806e-01;1.929e-01;2.447e-01;1.421e-01;3.735e-02;1.432e-01;8.266e-01;8.100e-03;9.477e-01;6.786e-01;5.928e-01;7.708e-01;8.020e-01;6.996e-01;3.470e-01;4.878e-01;1.202e-01;6.642e-01;6.512e-01;8.683e-01;5.654e-01;7.748e-01;1.672e-01;2.009e-01;3.443e-01;4.158e-01;8.359e-01;1.334e-01;9.224e-01;8.430e-01;1.950e-01;2.610e-01;2.891e-01;3.014e-01;8.113e-01;6.958e-01;4.145e-01","fisher_p",0,0,5,"Remains_nonsignificant"
"PWY-181","photorespiration",20,"mvn",0.192401520164618,0.262510986043385,0.766858544617207,0.02,0.506174855374564,0.26874748622891,0.2251032024649,NA,0.313468998641053,0.504008978207183,NA,NA,0.314353712925741,0.488200842043765,NA,NA,NA,NA,NA,NA,0.314353712925741,0.488200842043765,0.235151662676126,0.70479699027445,0.488200842043765,"SORBI_3003G373600;SORBI_3005G113300;SORBI_3008G144800;SORBI_3001G097100;SORBI_3004G055700;SORBI_3002G032900;SORBI_3006G014000;SORBI_3006G004600;SORBI_3006G004900;SORBI_3006G005200;SORBI_3006G004700;SORBI_3006G005300;SORBI_3004G001300;SORBI_3007G213700;SORBI_3002G006600;SORBI_3003G259200;SORBI_3009G004100;SORBI_3007G056300;SORBI_3001G007000;SORBI_3006G130300","9.271e-02;3.495e-01;1.979e-01;4.148e-01;4.165e-01;4.725e-01;6.753e-01;3.567e-01;7.204e-02;3.734e-01;1.553e-02;5.885e-01;5.349e-01;1.992e-01;6.586e-01;4.885e-01;8.298e-01;4.241e-01;7.371e-01;5.451e-01","acat_p",0,0,5,"Remains_nonsignificant"
"PWY-6466","pyridoxal 5'-phosphate biosynthesis II",2,"mvn",0.326945748156346,0.351920798635466,0.84220535896657,0.001,0,0.40540479,0.198743765979625,NA,0.44015607170615,0.630992969928397,NA,NA,0.319173616527669,0.493069085986701,NA,NA,NA,NA,NA,NA,0.319173616527669,0.493069085986701,0.23749654936805,0.711825088924463,0.493069085986701,"SORBI_3002G005600;SORBI_3004G028500","2.289e-01;4.788e-01","stouffer_p_analytic",0,0,5,"Remains_nonsignificant"
"PWY-7560","methylerythritol phosphate pathway II",14,"mvn",0.217625540637751,0.311970417728561,0.785191776850952,0.05,1.58947407264316,0.273716804632911,0.197350564095884,NA,0.332225972455673,0.523894802718561,NA,NA,0.319893602127957,0.493069085986701,NA,NA,NA,NA,NA,NA,0.319893602127957,0.493069085986701,0.23749654936805,0.711825088924463,0.493069085986701,"SORBI_3009G137700;SORBI_3004G327500;SORBI_3002G330500;SORBI_3003G381900;SORBI_3003G327200;SORBI_3001G102400;SORBI_3001G102500;SORBI_3004G207400;SORBI_3004G281900;SORBI_3003G103300;SORBI_3002G064500;SORBI_3002G064700;SORBI_3010G032900;SORBI_3009G135500","2.940e-01;6.008e-01;2.259e-02;5.233e-01;6.398e-01;8.249e-01;7.963e-01;7.267e-01;3.076e-01;7.006e-02;2.389e-01;2.966e-01;7.443e-01;2.416e-01","stouffer_p_analytic",0,0,5,"Remains_nonsignificant"
"PWY-3561","choline biosynthesis III",22,"mvn",0.24302229102584,0.137419400727095,0.685807548599067,0.2,15.2681698151216,0.381510298822742,0.454305603978355,NA,0.323802975322501,0.514570619698548,NA,NA,0.325093498130037,0.495924880037198,NA,NA,NA,NA,NA,NA,0.325093498130037,0.495924880037198,0.238872099472436,0.715947890194546,0.495924880037198,"SORBI_3010G187100;SORBI_3010G077100;SORBI_3004G016400;SORBI_3010G209900;SORBI_3010G185600;SORBI_3003G147000;SORBI_3003G050400;SORBI_3009G109925;SORBI_3009G062600;SORBI_3009G110000;SORBI_3005G222500;SORBI_3008G183400;SORBI_3004G016900;SORBI_3001G529800;SORBI_3001G349800;SORBI_3001G320200;SORBI_3002G098900;SORBI_3002G282500;SORBI_3002G204500;SORBI_3004G058200;SORBI_3007G051200;SORBI_3001G282900","7.804e-01;5.119e-01;9.532e-01;9.729e-01;6.758e-02;2.160e-02;6.265e-01;5.345e-01;1.394e-01;3.671e-02;8.975e-01;3.382e-01;5.869e-01;5.074e-01;7.204e-01;2.102e-01;2.659e-01;3.336e-01;2.373e-02;7.890e-01;1.746e-01;4.403e-01","fisher_p",0,0,5,"Remains_nonsignificant"
"HISTSYN-PWY","L-histidine biosynthesis",11,"mvn",0.224606575270682,0.261570505529974,0.71661288804795,0.1,4.94209408046161,0.206179966493605,0.481373326848962,NA,0.343662289982419,0.529705033431548,NA,NA,0.325773484530309,0.495924880037198,NA,NA,NA,NA,NA,NA,0.325773484530309,0.495924880037198,0.238872099472436,0.715947890194546,0.495924880037198,"SORBI_3002G244500;SORBI_3003G130600;SORBI_3008G162100;SORBI_3003G045450;SORBI_3009G130500;SORBI_3001G334100;SORBI_3001G432300;SORBI_3006G217000;SORBI_3004G264900;SORBI_3003G119900;SORBI_3001G067300","2.496e-01;9.569e-01;6.677e-01;4.068e-02;6.074e-01;7.807e-01;9.033e-01;2.077e-02;6.289e-01;1.843e-01;3.785e-01","minp_p_analytic",0,0,5,"Remains_nonsignificant"
"PWY-3181","L-tryptophan degradation VI (via tryptamine)",10,"mvn",0.214735592491155,0.230948120286674,0.771201624821573,0.2,5.84203965994738,0.297173692532715,0.356856556681301,NA,0.354575202655718,0.542447138391211,NA,NA,0.327933441331173,0.495924880037198,NA,NA,NA,NA,NA,NA,0.327933441331173,0.495924880037198,0.238872099472436,0.715947890194546,0.495924880037198,"SORBI_3001G062500;SORBI_3001G062600;SORBI_3001G062300;SORBI_3002G107200;SORBI_3002G043500;SORBI_3002G107000;SORBI_3002G107400;SORBI_3002G107600;SORBI_3007G035000;SORBI_3007G035300","4.680e-01;6.241e-01;6.642e-02;3.722e-01;3.465e-02;8.847e-01;4.955e-01;3.655e-01;7.166e-01;1.873e-01","acat_p",0,0,5,"Remains_nonsignificant"
"PWY-3982","uracil degradation I (reductive)",3,"mvn",0.277911039646969,0.351327835251418,0.802725124160887,0.1,0.163722052960641,0.251732909492344,0.274335943689446,NA,0.390678742478661,0.578260954571303,NA,NA,0.327993440131197,0.495924880037198,NA,NA,NA,NA,NA,NA,0.327993440131197,0.495924880037198,0.238872099472436,0.715947890194546,0.495924880037198,"SORBI_3002G304000;SORBI_3003G329400;SORBI_3004G246200","5.652e-01;6.800e-01;9.214e-02","minp_p_analytic",0,0,5,"Remains_nonsignificant"
"PWY-6964","ammonia assimilation cycle II",6,"mvn",0.231446996539969,0.246902795866229,0.76320513699074,0.2,4.13311358978982,0.318986198455273,0.332018020144157,NA,0.363872398395464,0.550682868935348,NA,NA,0.329333413331733,0.495924880037198,NA,NA,NA,NA,NA,NA,0.329333413331733,0.495924880037198,0.238872099472436,0.715947890194546,0.495924880037198,"SORBI_3002G402700;SORBI_3004G247000;SORBI_3001G231000;SORBI_3001G116400;SORBI_3001G451500;SORBI_3006G249400","6.091e-01;8.166e-02;3.206e-01;7.132e-01;8.238e-01;6.202e-02","acat_p",0,0,5,"Remains_nonsignificant"
"NAGLIPASYN-PWY","lipid IV<sub>A</sub> biosynthesis",5,"mvn",0.246052280232394,0.234649593156684,0.779907065286366,0.05,0.113013722880876,0.214966934212751,0.500447734773577,NA,0.369901780558736,0.555530146626673,NA,NA,0.329953400931981,0.495924880037198,NA,NA,NA,NA,NA,NA,0.329953400931981,0.495924880037198,0.238872099472436,0.715947890194546,0.495924880037198,"SORBI_3003G279900;SORBI_3001G451100;SORBI_3002G131300;SORBI_3008G152500;SORBI_3003G297700","4.700e-01;4.725e-02;1.811e-01;4.532e-01;9.081e-01","minp_p_analytic",0,0,5,"Remains_nonsignificant"
"PWY-6613","tetrahydrofolate salvage from 5,10-methenyltetrahydrofolate",4,"mvn",0.273771361010381,0.2593113841452,0.813632684901448,0.1,0.203644675905768,0.315211441104446,0.245698053689579,NA,0.380032331594022,0.564540782440395,NA,NA,0.330213395732085,0.495924880037198,NA,NA,NA,NA,NA,NA,0.330213395732085,0.495924880037198,0.238872099472436,0.715947890194546,0.495924880037198,"SORBI_3009G045800;SORBI_3004G018000;SORBI_3002G172600;SORBI_3006G083100","2.532e-01;8.109e-01;3.487e-01;9.032e-02","stouffer_p_analytic",0,0,5,"Remains_nonsignificant"
"GLYCOLYSIS","glycolysis I (from glucose 6-phosphate)",61,"mvn",0.148539539325945,0.339308148099261,0.649511982318765,0.02,5.03690422767185,0.193952825116884,0.520378318629664,NA,0.309964501784069,0.502314014748886,NA,NA,0.331493370132597,0.496030225380894,NA,NA,NA,NA,NA,NA,0.331493370132597,0.496030225380894,0.238922841156169,0.71609997326115,0.496030225380894,"SORBI_3001G071800;SORBI_3002G230600;SORBI_3006G020900;SORBI_3004G234100;SORBI_3010G090100;SORBI_3010G219700;SORBI_3003G367500;SORBI_3009G152700;SORBI_3001G425400;SORBI_3010G041400;SORBI_3003G034700;SORBI_3003G105000;SORBI_3003G290000;SORBI_3009G204601;SORBI_3009G071800;SORBI_3007G139500;SORBI_3001G052500;SORBI_3001G253300;SORBI_3006G114700;SORBI_3006G074800;SORBI_3002G201700;SORBI_3010G188300;SORBI_3003G096000;SORBI_3003G393900;SORBI_3005G056400;SORBI_3008G053200;SORBI_3004G146000;SORBI_3003G072300;SORBI_3003G352300;SORBI_3002G277100;SORBI_3010G262466;SORBI_3010G262500;SORBI_3010G262433;SORBI_3010G100200;SORBI_3009G016700;SORBI_3005G159000;SORBI_3004G056400;SORBI_3004G205100;SORBI_3007G025400;SORBI_3010G221800;SORBI_3009G183700;SORBI_3004G055200;SORBI_3001G236800;SORBI_3003G336000;SORBI_3008G116600;SORBI_3001G384100;SORBI_3010G027000;SORBI_3010G026925;SORBI_3001G426100;SORBI_3002G186900;SORBI_3003G244700;SORBI_3003G130800;SORBI_3005G034400;SORBI_3005G101400;SORBI_3008G033600;SORBI_3001G386900;SORBI_3001G057200;SORBI_3001G140700;SORBI_3001G290600;SORBI_3006G267200;SORBI_3002G054400","4.326e-01;2.940e-01;2.425e-01;2.211e-01;8.638e-01;6.492e-01;6.747e-02;3.036e-01;5.739e-01;6.667e-02;6.001e-01;4.000e-01;2.472e-01;5.641e-01;1.296e-01;1.214e-01;8.086e-01;1.128e-01;8.414e-01;3.528e-03;1.677e-01;5.370e-01;6.602e-01;5.923e-01;9.084e-01;1.885e-01;4.005e-01;5.533e-02;8.386e-01;5.519e-01;9.694e-01;8.000e-01;9.565e-01;6.563e-01;7.858e-01;6.364e-01;5.993e-01;3.382e-01;8.301e-01;6.879e-01;6.136e-02;6.047e-01;9.135e-03;3.009e-01;5.094e-01;1.003e-01;8.495e-01;7.710e-01;7.696e-01;7.431e-01;7.200e-01;6.642e-01;6.830e-01;8.651e-01;9.145e-01;2.512e-01;3.312e-01;1.089e-01;2.349e-01;5.890e-01;3.580e-01","acat_p",0,0,5,"Remains_nonsignificant"
"PWY-5084","2-oxoglutarate decarboxylation to succinyl-CoA",8,"mvn",0.253441145377776,0.38144938743387,0.708069928712267,0.02,0.413433427257352,0.122948720780211,0.690933975843654,NA,0.358675527086619,0.546680171395962,NA,NA,0.334093318133637,0.498102765217423,NA,NA,NA,NA,NA,NA,0.334093318133637,0.498102765217423,0.239921121262533,0.719092020208251,0.498102765217423,"SORBI_3005G044600;SORBI_3009G052200;SORBI_3009G054600;SORBI_3003G155300;SORBI_3003G152900;SORBI_3001G465400;SORBI_3006G052500;SORBI_3006G052800","4.271e-01;8.225e-01;9.711e-01;5.194e-01;3.731e-01;2.704e-01;6.777e-01;1.627e-02","minp_p_analytic",0,0,5,"Remains_nonsignificant"
"PWY-6814","chitin degradation III (carnivorous plants)",43,"mvn",0.206125266301364,0.184530747482808,0.675304150087064,0.2,24.6946045483156,0.37375443840986,0.384757951216616,NA,0.326448271247812,0.516771394639393,NA,NA,0.338073238535229,0.50221024565016,NA,NA,NA,NA,NA,NA,0.338073238535229,0.50221024565016,0.241899571052018,0.725021833509033,0.50221024565016,"SORBI_3010G273600;SORBI_3003G244600;SORBI_3003G318100;SORBI_3003G026000;SORBI_3003G263600;SORBI_3003G026100;SORBI_3003G364000;SORBI_3003G137600;SORBI_3003G317900;SORBI_3003G318001;SORBI_3003G156000;SORBI_3003G364200;SORBI_3003G318200;SORBI_3003G364300;SORBI_3003G364100;SORBI_3003G363900;SORBI_3003G317800;SORBI_3009G035900;SORBI_3009G174000;SORBI_3009G130100;SORBI_3009G012100;SORBI_3005G110600;SORBI_3005G084300;SORBI_3008G158900;SORBI_3004G208700;SORBI_3007G125400;SORBI_3007G006501;SORBI_3001G248000;SORBI_3001G543000;SORBI_3001G247900;SORBI_3001G516000;SORBI_3006G132100;SORBI_3006G132500;SORBI_3006G044200;SORBI_3006G132400;SORBI_3006G078200;SORBI_3006G132200;SORBI_3006G132700;SORBI_3006G132300;SORBI_3002G109800;SORBI_3002G110000;SORBI_3002G109700;SORBI_3002G109900","9.314e-01;5.382e-01;6.733e-01;6.989e-01;4.820e-02;9.508e-01;5.535e-01;3.175e-02;2.164e-01;6.357e-01;5.772e-01;5.476e-01;4.613e-01;4.473e-01;5.714e-01;8.693e-01;1.394e-01;6.661e-01;1.082e-02;6.528e-01;4.304e-01;4.865e-01;1.439e-01;9.450e-02;8.709e-01;9.098e-02;1.067e-01;8.161e-01;4.278e-01;8.537e-01;2.487e-02;4.653e-01;5.678e-01;2.120e-01;6.000e-01;3.465e-01;7.440e-01;5.839e-01;7.512e-01;1.099e-01;7.113e-01;1.068e-01;2.035e-01","fisher_p",0,0,5,"Remains_nonsignificant"
"PWY-4861","UDP-&alpha;-D-galacturonate biosynthesis I (from UDP-D-glucuronate)",5,"mvn",0.231186565347882,0.286167746597898,0.796258904106368,0.1,1.01177566947273,0.267254657387209,0.434880560539669,NA,0.396672873746967,0.582924294753607,NA,NA,0.351132977340453,0.519727511586952,NA,NA,NA,NA,NA,NA,0.351132977340453,0.519727511586952,0.250337111211376,0.750310844192431,0.519727511586952,"SORBI_3010G068001;SORBI_3004G326900;SORBI_3007G196800;SORBI_3001G436100;SORBI_3002G256100","4.432e-01;6.759e-01;4.498e-01;6.030e-02;3.077e-01","acat_p",0,0,5,"Remains_nonsignificant"
"PWY-7484","phytocassanes biosynthesis, shared reactions",10,"mvn",0.165228476306319,0.392590695779906,0.707311503353389,0.02,0.838316870480334,0.124002931353484,0.855933698002821,NA,0.394643171726062,0.58202769930822,NA,NA,0.354672906541869,0.523055488711014,NA,NA,NA,NA,NA,NA,0.354672906541869,0.523055488711014,0.251940097701106,0.755115318209563,0.523055488711014,"SORBI_3004G068900;SORBI_3001G176000;SORBI_3001G235500;SORBI_3001G176600;SORBI_3001G362900;SORBI_3001G229500;SORBI_3001G175900;SORBI_3001G176100;SORBI_3002G065700;SORBI_3005G206601","5.175e-01;4.702e-01;9.348e-01;9.769e-02;8.384e-01;6.122e-01;7.943e-01;2.522e-01;1.315e-02;8.815e-01","minp_p_analytic",0,0,5,"Remains_nonsignificant"
"PWY-6773","1,3-&beta;-D-glucan biosynthesis",14,"mvn",0.237276732378848,0.233043357014618,0.744089469726369,0.2,8.805634876392,0.362023617347055,0.382980454244405,NA,0.374493809514257,0.558336225093983,NA,NA,0.355932881342373,0.523055488711014,NA,NA,NA,NA,NA,NA,0.355932881342373,0.523055488711014,0.251940097701106,0.755115318209563,0.523055488711014,"SORBI_3010G064200;SORBI_3010G275800;SORBI_3003G179600;SORBI_3003G252500;SORBI_3003G298900;SORBI_3003G180100;SORBI_3003G079750;SORBI_3004G358400;SORBI_3004G107800;SORBI_3001G521500;SORBI_3001G542450;SORBI_3001G542500;SORBI_3001G529600;SORBI_3002G200400","3.159e-02;8.706e-02;8.535e-02;4.914e-01;8.221e-01;7.757e-01;8.680e-01;8.344e-02;2.432e-01;4.087e-01;4.956e-01;4.676e-01;8.360e-01;6.412e-01","fisher_p",0,0,5,"Remains_nonsignificant"
"PWY-6717","(1,4)-&beta;-D-xylan degradation",25,"mvn",0.146930598261332,0.333145510106952,0.715097760609659,0.01,0.422232342202983,0.183920847078594,0.772057356243846,NA,0.369593615727995,0.555530146626673,NA,NA,0.361772764544709,0.529738690940467,NA,NA,NA,NA,NA,NA,0.361772764544709,0.529738690940467,0.255159195213674,0.76476360311828,0.529738690940467,"SORBI_3010G152900;SORBI_3003G085900;SORBI_3003G142100;SORBI_3005G110460;SORBI_3005G110457;SORBI_3005G211500;SORBI_3005G110436;SORBI_3008G096401;SORBI_3004G233700;SORBI_3007G150100;SORBI_3006G157700;SORBI_3006G235600;SORBI_3002G217400;SORBI_3003G082700;SORBI_3003G083000;SORBI_3004G154000;SORBI_3001G466000;SORBI_3001G140300;SORBI_3001G466400;SORBI_3001G466100;SORBI_3001G439400;SORBI_3006G032800;SORBI_3002G315000;SORBI_3002G053800;SORBI_3002G127400","1.697e-01;8.883e-01;1.060e-01;7.092e-01;5.654e-01;7.435e-01;4.183e-01;8.060e-01;3.746e-01;8.097e-03;3.901e-01;2.942e-02;8.589e-01;4.208e-01;7.371e-01;7.398e-01;3.181e-01;6.406e-02;6.989e-01;3.268e-01;7.314e-01;6.065e-01;3.123e-01;4.310e-01;7.000e-01","acat_p",0,0,5,"Remains_nonsignificant"
"PROSYN-PWY","L-proline biosynthesis I",4,"mvn",0.293919611172844,0.425957378118188,0.76507741483471,0.05,0.162029693428554,0.172067358959917,0.659785393416492,NA,0.436508801925692,0.630171157709626,NA,NA,0.377572448551029,0.550906419594028,NA,NA,NA,NA,NA,NA,0.377572448551029,0.550906419594028,0.26535505347382,0.795322648005463,0.550906419594028,"SORBI_3003G356000;SORBI_3009G160100;SORBI_3003G424300;SORBI_3007G143600","5.406e-01;4.611e-02;8.254e-01;8.565e-01","minp_p_analytic",0,0,5,"Remains_nonsignificant"
"PWY-241","C4 photosynthetic carbon assimilation cycle, NADP-ME type",18,"mvn",0.170189354722034,0.355075638720003,0.671892509026637,0.05,5.41897978191698,0.181409153131367,0.813473268223749,NA,0.399537116777936,0.585036492424835,NA,NA,0.384052318953621,0.558373938904201,NA,NA,NA,NA,NA,NA,0.384052318953621,0.558373938904201,0.268951932935359,0.806103221657473,0.558373938904201,"SORBI_3003G234400;SORBI_3003G036000;SORBI_3003G036200;SORBI_3003G292400;SORBI_3003G280900;SORBI_3009G108700;SORBI_3009G069600;SORBI_3005G154850;SORBI_3007G166200;SORBI_3007G166300;SORBI_3009G132900;SORBI_3001G326900;SORBI_3010G160700;SORBI_3003G100600;SORBI_3003G301800;SORBI_3004G106900;SORBI_3007G106500;SORBI_3002G167000","1.106e-02;8.655e-01;2.301e-01;2.613e-01;5.430e-01;5.752e-01;7.913e-01;9.686e-01;2.630e-01;8.240e-02;5.194e-01;6.479e-01;9.508e-01;6.707e-01;5.942e-01;1.505e-02;8.777e-01;8.473e-01","acat_p",0,0,5,"Remains_nonsignificant"
"PWY-6275","&beta;-caryophyllene biosynthesis",16,"mvn",0.24145537873316,0.326644526995866,0.806912252967753,0.05,1.21790620352787,0.356711833021647,0.316605939471848,NA,0.415901379148877,0.606831193775942,NA,NA,0.393972120557589,0.568993549706471,NA,NA,NA,NA,NA,NA,0.393972120557589,0.568993549706471,0.274067080067578,0.821434349928356,0.568993549706471,"SORBI_3005G130450;SORBI_3003G368600;SORBI_3005G130400;SORBI_3005G130100;SORBI_3004G153900;SORBI_3007G187100;SORBI_3007G133900;SORBI_3001G363400;SORBI_3001G373300;SORBI_3001G173000;SORBI_3001G369200;SORBI_3006G010100;SORBI_3006G247500;SORBI_3007G034700;SORBI_3007G035800;SORBI_3007G064800","5.048e-01;5.515e-01;7.494e-01;7.443e-01;2.346e-01;8.425e-02;4.794e-01;5.716e-01;6.270e-01;2.758e-01;2.720e-02;2.661e-01;3.768e-01;5.147e-01;5.995e-01;2.031e-01","acat_p",0,0,5,"Remains_nonsignificant"
"PWY-5481","pyruvate fermentation to (<i>S</i>)-lactate",2,"mvn",0.341710938897117,0.369607537303705,0.842164623111505,0.001,0,0.4656536199,0.425596904860266,NA,0.533317101075417,0.733758427654098,NA,NA,0.394132117357653,0.568993549706471,NA,NA,NA,NA,NA,NA,0.394132117357653,0.568993549706471,0.274067080067578,0.821434349928356,0.568993549706471,"SORBI_3004G004500;SORBI_3004G004400","2.690e-01;4.377e-01","acat_p",0,0,5,"Remains_nonsignificant"
"PWY-4201","volatile cinnamoic ester biosynthesis",4,"mvn",0.325852155010017,0.415657837437623,0.829093950850168,0.2,1.30881470448803,0.355342593474112,0.268238232838255,NA,0.463205004928553,0.657142048514556,NA,NA,0.399092018159637,0.574132377001583,NA,NA,NA,NA,NA,NA,0.399092018159637,0.574132377001583,0.276542298622286,0.828853079474116,0.574132377001583,"SORBI_3007G058600;SORBI_3007G058400;SORBI_3007G058800;SORBI_3007G059100","6.630e-01;5.130e-01;1.040e-01;4.724e-01","stouffer_p_analytic",0,0,5,"Remains_nonsignificant"
"PWY-5035","gibberellin biosynthesis III (early C-13 hydroxylation)",10,"mvn",0.25436461960936,0.351882622552302,0.777243541018354,0.1,2.75906680797118,0.390705465866551,0.400755685695597,NA,0.4391797215644,0.630992969928397,NA,NA,0.405071898562029,0.579512020870694,NA,NA,NA,NA,NA,NA,0.405071898562029,0.579512020870694,0.279133511277986,0.836619466749945,0.579512020870694,"SORBI_3003G045900;SORBI_3009G064700;SORBI_3003G379500;SORBI_3009G142400;SORBI_3001G166401;SORBI_3001G005300;SORBI_3002G046500;SORBI_3005G015600;SORBI_3001G383400;SORBI_3002G419600","5.109e-01;5.207e-02;7.985e-01;6.986e-01;3.481e-01;3.712e-01;7.039e-01;4.834e-02;3.515e-01;8.077e-01","acat_p",0,0,5,"Remains_nonsignificant"
"PWYQT-4445","pyrimidine salvage pathway",15,"mvn",0.220710197042009,0.383339740092874,0.778809086471075,0.02,0.0232344386803815,0.258815214863792,0.577777982213374,NA,0.432024236369896,0.625900837143665,NA,NA,0.406191876162477,0.579512020870694,NA,NA,NA,NA,NA,NA,0.406191876162477,0.579512020870694,0.279133511277986,0.836619466749945,0.579512020870694,"SORBI_3009G160500;SORBI_3008G190400;SORBI_3004G000100;SORBI_3007G194700;SORBI_3007G218600;SORBI_3002G257200;SORBI_3007G169700;SORBI_3002G072300;SORBI_3002G206800;SORBI_3001G153300;SORBI_3001G073500;SORBI_3001G125000;SORBI_3003G274200;SORBI_3003G113200;SORBI_3003G061200","1.976e-01;7.433e-01;7.887e-01;8.179e-01;4.032e-01;4.177e-01;5.475e-01;2.687e-01;6.611e-02;3.974e-01;7.284e-01;1.977e-02;3.712e-01;4.901e-01;8.242e-01","acat_p",0,0,5,"Remains_nonsignificant"
"PWY-5934","iron reduction and absorption",2,"mvn",0.341158597058515,0.367350740140338,0.842208298612429,0.001,0,0.5121256896,0.437115777653348,NA,0.544246431672886,0.74380345661961,NA,NA,0.407071858562829,0.579512020870694,NA,NA,NA,NA,NA,NA,0.407071858562829,0.579512020870694,0.279133511277986,0.836619466749945,0.579512020870694,"SORBI_3001G142800;SORBI_3006G093100","3.870e-01;3.015e-01","acat_p",0,0,5,"Remains_nonsignificant"
"COA-PWY","coenzyme A biosynthesis I (prokaryotic)",11,"mvn",0.295976125658681,0.286359978449149,0.852687585835289,0.2,3.14900855129864,0.689624112559541,0.146927410818114,NA,0.445261612047188,0.636088017210269,NA,NA,0.417631647367053,0.591740742504738,NA,NA,NA,NA,NA,NA,0.417631647367053,0.591740742504738,0.285023718702886,0.854273607137121,0.591740742504738,"SORBI_3004G189600;SORBI_3007G060700;SORBI_3010G074500;SORBI_3010G074700;SORBI_3010G074432;SORBI_3003G030200;SORBI_3006G039500;SORBI_3003G161600;SORBI_3007G140300;SORBI_3004G032200;SORBI_3002G052900","1.009e-01;1.896e-01;6.666e-01;5.651e-01;6.226e-01;1.118e-01;6.203e-01;2.479e-01;1.549e-01;4.046e-01;6.882e-01","stouffer_p_analytic",0,0,5,"Remains_nonsignificant"
"GLYSYN2-PWY","glycine biosynthesis",9,"mvn",0.267383274891593,0.213774669241175,0.865559667392822,0.1,0.151452407723181,0.583391581329651,0.243708382497453,NA,0.455634151866993,0.648645841199539,NA,NA,0.418551628967421,0.591740742504738,NA,NA,NA,NA,NA,NA,0.418551628967421,0.591740742504738,0.285023718702886,0.854273607137121,0.591740742504738,"SORBI_3006G147450;SORBI_3006G147600;SORBI_3006G147700;SORBI_3007G213700;SORBI_3002G006600;SORBI_3003G373600;SORBI_3005G113300;SORBI_3008G144800;SORBI_3001G097100","2.318e-01;4.148e-01;4.031e-01;1.992e-01;6.586e-01;9.271e-02;3.495e-01;1.979e-01;4.148e-01","fisher_p",0,0,5,"Remains_nonsignificant"
"PWY-82","UDP-&beta;-L-arabinose biosynthesis II (from &beta;-L-arabinose)",3,"mvn",0.302880234061687,0.306953485776094,0.857835593753301,0.001,0,0.598656979794053,0.301902589048543,NA,0.518089524442163,0.720056627190803,NA,NA,0.419991600167997,0.591740742504738,NA,NA,NA,NA,NA,NA,0.419991600167997,0.591740742504738,0.285023718702886,0.854273607137121,0.591740742504738,"SORBI_3010G253200;SORBI_3004G037900;SORBI_3004G038900","3.447e-01;2.624e-01;3.093e-01","stouffer_p_analytic",0,0,5,"Remains_nonsignificant"
"PWY-63","UDP-&beta;-L-arabinose biosynthesis I (from UDP-&alpha;-D-xylose)",3,"mvn",0.342982525771353,0.358432130945929,0.850739699142598,0.2,0.133562067380703,0.462790819950912,0.368193623531363,NA,0.525587976103065,0.728010372304921,NA,NA,0.423851522969541,0.595133987731204,NA,NA,NA,NA,NA,NA,0.423851522969541,0.595133987731204,0.286658142874567,0.859172306231668,0.595133987731204,"SORBI_3001G400000;SORBI_3006G217300;SORBI_3002G029800","2.822e-01;1.871e-01;6.952e-01","acat_p",0,0,5,"Remains_nonsignificant"
"PWY-1121","suberin monomers biosynthesis",67,"mvn",0.192243500187609,0.260959861021617,0.768118036159661,0.02,3.57368809227676,0.420121624752697,0.566366407255502,NA,0.4186321865405,0.608649632913493,NA,NA,0.427151456970861,0.597365001852505,NA,NA,NA,NA,NA,NA,0.427151456970861,0.597365001852505,0.287732755277696,0.862393136477208,0.597365001852505,"SORBI_3006G272600;SORBI_3006G247200;SORBI_3006G247300;SORBI_3006G079500;SORBI_3008G051300;SORBI_3008G010800;SORBI_3005G054900;SORBI_3005G020300;SORBI_3005G033100;SORBI_3005G156100;SORBI_3009G031400;SORBI_3003G242000;SORBI_3003G303900;SORBI_3003G004900;SORBI_3003G258200;SORBI_3010G045500;SORBI_3010G045400;SORBI_3010G214900;SORBI_3001G491400;SORBI_3006G177000;SORBI_3001G509901;SORBI_3004G288500;SORBI_3008G036000;SORBI_3005G037000;SORBI_3009G155500;SORBI_3003G360600;SORBI_3003G362700;SORBI_3003G380600;SORBI_3002G128900;SORBI_3002G265300;SORBI_3006G175900;SORBI_3006G175800;SORBI_3006G085601;SORBI_3007G195300;SORBI_3005G232000;SORBI_3009G114800;SORBI_3003G008200;SORBI_3003G008300;SORBI_3003G378301;SORBI_3004G282800;SORBI_3007G122400;SORBI_3001G530300;SORBI_3001G320300;SORBI_3006G185600;SORBI_3002G181800;SORBI_3003G327800;SORBI_3009G181800;SORBI_3010G052200;SORBI_3007G218800;SORBI_3007G043200;SORBI_3007G218700;SORBI_3007G217200;SORBI_3002G242300;SORBI_3007G047300;SORBI_3001G346800;SORBI_3002G325000;SORBI_3003G337400;SORBI_3004G141200;SORBI_3002G126600;SORBI_3004G220700;SORBI_3004G220400;SORBI_3004G220500;SORBI_3004G220300;SORBI_3004G220600;SORBI_3001G160500;SORBI_3006G148800;SORBI_3006G148900","6.886e-01;2.529e-01;5.844e-01;6.776e-02;8.521e-02;2.995e-01;2.082e-01;8.574e-02;3.864e-01;5.009e-01;8.271e-03;3.426e-02;5.541e-01;3.898e-01;8.515e-01;7.581e-01;3.346e-01;5.036e-01;8.799e-01;3.806e-01;1.929e-01;2.447e-01;1.421e-01;3.735e-02;1.432e-01;8.266e-01;8.100e-03;9.477e-01;6.786e-01;5.928e-01;7.708e-01;8.020e-01;6.996e-01;3.470e-01;4.878e-01;1.202e-01;6.642e-01;6.512e-01;8.683e-01;5.654e-01;7.748e-01;1.672e-01;2.009e-01;3.443e-01;4.158e-01;7.744e-01;2.020e-01;2.863e-01;3.446e-01;5.572e-01;3.827e-01;6.874e-01;5.381e-01;1.040e-01;7.558e-01;6.714e-01;5.043e-01;2.012e-01;3.988e-01;8.323e-01;8.588e-01;8.925e-01;8.635e-01;7.575e-01;7.692e-01;2.894e-01;2.499e-01","acat_p",0,0,5,"Remains_nonsignificant"
"PWY-5670","epoxysqualene biosynthesis",2,"mvn",0.385002641687748,0.430668528627865,0.842181659860343,0.001,0,0.55697664,0.374239851877361,NA,0.563667258494294,0.760297356151679,NA,NA,0.429091418171637,0.597365001852505,NA,NA,NA,NA,NA,NA,0.429091418171637,0.597365001852505,0.287732755277696,0.862393136477208,0.597365001852505,"SORBI_3001G049600;SORBI_3001G447600","4.424e-01;3.344e-01","stouffer_p_analytic",0,0,5,"Remains_nonsignificant"
"PWY-3341","L-proline biosynthesis III",5,"mvn",0.343003087689692,0.52381996513944,0.77577060385609,0.05,0.162029693428554,0.210242505105634,0.602605597709272,NA,0.484788371156719,0.685153116388404,NA,NA,0.429811403771925,0.597365001852505,NA,NA,NA,NA,NA,NA,0.429811403771925,0.597365001852505,0.287732755277696,0.862393136477208,0.597365001852505,"SORBI_3003G356000;SORBI_3009G160100;SORBI_3003G424300;SORBI_3007G143600;SORBI_3001G156100","5.406e-01;4.611e-02;8.254e-01;8.565e-01;6.034e-01","minp_p_analytic",0,0,5,"Remains_nonsignificant"
"PWY-6908","thiamine diphosphate biosynthesis IV (eukaryotes)",8,"mvn",0.342813302859828,0.428692574667241,0.80863320661242,0.05,0.081185708216516,0.32538585664715,0.419568857238035,NA,0.488702877675245,0.686192396735789,NA,NA,0.441571168576628,0.611635740258168,NA,NA,NA,NA,NA,NA,0.441571168576628,0.611635740258168,0.294606540766592,0.882995258823411,0.611635740258168,"SORBI_3003G160500;SORBI_3003G414600;SORBI_3009G114500;SORBI_3002G169900;SORBI_3003G209600;SORBI_3010G201700;SORBI_3008G067100;SORBI_3004G070700","6.897e-01;2.862e-01;4.801e-02;2.545e-01;9.044e-01;6.065e-01;3.874e-01;5.490e-01","minp_p_analytic",0,0,5,"Remains_nonsignificant"
"DTDPRHAMSYN-PWY","dTDP-L-rhamnose biosynthesis",3,"mvn",0.677794362796199,0.351934816096895,0.813739870870684,0.1,0.0166087723272308,0.268988542826091,0.520101549386792,NA,0.551016726816215,0.75055434549717,NA,NA,0.446371072578548,0.616202490765,NA,NA,NA,NA,NA,NA,0.446371072578548,0.616202490765,0.296806207137942,0.889588102864964,0.616202490765,"SORBI_3008G066100;SORBI_3004G282700;SORBI_3004G352700","9.917e-02;3.805e-01;9.414e-01","minp_p_analytic",0,0,5,"Remains_nonsignificant"
"PWY-6019","pseudouridine degradation",2,"mvn",0.359456176122345,0.393634453834757,0.842204750184508,0.001,0,0.5734342656,0.522911260160698,NA,0.583133032677066,0.783016654705851,NA,NA,0.4497510049799,0.618784939737447,NA,NA,NA,NA,NA,NA,0.4497510049799,0.618784939737447,0.298050095139252,0.89331628624068,0.618784939737447,"SORBI_3009G112300;SORBI_3001G004200","3.725e-01;3.469e-01","acat_p",0,0,5,"Remains_nonsignificant"
"PWY-381","nitrate reduction II (assimilatory)",9,"mvn",0.306551238167347,0.408013461883489,0.810261449260254,0.2,4.13311358978982,0.438003164382832,0.389403777282938,NA,0.495021163696398,0.692691730769704,NA,NA,0.453090938181236,0.621295266402364,NA,NA,NA,NA,NA,NA,0.453090938181236,0.621295266402364,0.299259243994146,0.896940349383695,0.621295266402364,"SORBI_3004G309300;SORBI_3004G247000;SORBI_3001G231000;SORBI_3001G116400;SORBI_3001G451500;SORBI_3006G249400;SORBI_3004G196101;SORBI_3007G153900;SORBI_3004G312500","5.312e-01;8.166e-02;3.206e-01;7.132e-01;8.238e-01;6.202e-02;5.752e-01;4.100e-01;7.132e-01","acat_p",0,0,5,"Remains_nonsignificant"
"PWY-4381","fatty acid biosynthesis initiation I",2,"mvn",0.381131861999101,0.424406925659196,0.842191930017234,0.001,0,0.5185583004,0.536887874283975,NA,0.58630759266999,0.783016654705851,NA,NA,0.458930821383572,0.627205455890882,NA,NA,NA,NA,NA,NA,0.458930821383572,0.627205455890882,0.302106004518232,0.905472665194583,0.627205455890882,"SORBI_3006G237000;SORBI_3001G403400","3.061e-01;4.726e-01","acat_p",0,0,5,"Remains_nonsignificant"
"PWY-7995","tricin biosynthesis",24,"mvn",0.304523062730239,0.264328788064813,0.820038949973563,0.2,10.2177785509529,0.630223916563301,0.326492906192834,NA,0.486291602119574,0.685153116388404,NA,NA,0.466770664586708,0.635800573025084,NA,NA,NA,NA,NA,NA,0.466770664586708,0.635800573025084,0.306246013938418,0.917881108944664,0.635800573025084,"SORBI_3002G367600;SORBI_3002G040400;SORBI_3002G272700;SORBI_3002G216200;SORBI_3002G040500;SORBI_3002G216500;SORBI_3002G216100;SORBI_3002G216400;SORBI_3006G223001;SORBI_3001G336200;SORBI_3001G254800;SORBI_3001G369300;SORBI_3001G364200;SORBI_3007G179750;SORBI_3007G044900;SORBI_3004G200900;SORBI_3004G200833;SORBI_3004G201100;SORBI_3004G200800;SORBI_3008G136500;SORBI_3005G214900;SORBI_3005G115800;SORBI_3009G162500;SORBI_3007G218500","1.506e-01;8.001e-02;1.663e-01;8.843e-01;5.306e-01;4.755e-01;2.856e-01;8.664e-01;2.145e-01;7.857e-01;9.014e-01;8.278e-01;4.583e-01;4.061e-02;4.525e-01;3.523e-01;3.346e-01;5.338e-01;4.019e-01;8.052e-02;5.641e-01;5.550e-01;5.902e-02;4.890e-01","fisher_p",0,0,5,"Remains_nonsignificant"
"PWY-8027","parkeol biosynthesis",2,"mvn",0.40921472937669,0.434563421860086,0.842213333230438,0.001,0,0.39720304,0.684591791524484,NA,0.602492409623672,0.794341067270579,NA,NA,0.47485050298994,0.644664590151906,NA,NA,NA,NA,NA,NA,0.47485050298994,0.644664590151906,0.310515544397717,0.930677753388314,0.644664590151906,"SORBI_3005G109400;SORBI_3005G092500","2.236e-01;6.708e-01","minp_p_analytic",0,0,5,"Remains_nonsignificant"
"ARGSYNBSUB-PWY","L-arginine biosynthesis II (acetyl cycle)",15,"mvn",0.346311674003891,0.330871208195607,0.824680981635156,0.2,5.86688793461704,0.483431801343689,0.404245936160575,NA,0.509796741307156,0.710941033795694,NA,NA,0.478130437391252,0.646546279600724,NA,NA,NA,NA,NA,NA,0.478130437391252,0.646546279600724,0.311421897612262,0.933394276888369,0.646546279600724,"SORBI_3001G416700;SORBI_3001G325700;SORBI_3002G356200;SORBI_3003G193700;SORBI_3004G265900;SORBI_3007G104300;SORBI_3004G295400;SORBI_3006G170200;SORBI_3001G166600;SORBI_3009G029700;SORBI_3004G217000;SORBI_3004G268100;SORBI_3001G397000;SORBI_3009G158800;SORBI_3008G083400","2.224e-01;2.859e-01;3.787e-01;4.308e-02;5.455e-01;7.905e-01;4.961e-01;9.126e-01;3.984e-01;7.034e-01;9.152e-01;7.639e-02;3.481e-01;1.293e-01;4.203e-01","fisher_p",0,0,5,"Remains_nonsignificant"
"PWY-8028","cycloartenol biosynthesis",7,"mvn",0.319199945695107,0.41989409878877,0.83116734126868,0.1,0.535941905220509,0.42709667660821,0.461890287565328,NA,0.528979038913174,0.730240424088894,NA,NA,0.479390412191756,0.646546279600724,NA,NA,NA,NA,NA,NA,0.479390412191756,0.646546279600724,0.311421897612262,0.933394276888369,0.646546279600724,"SORBI_3010G253500;SORBI_3005G109500;SORBI_3004G014400;SORBI_3004G037100;SORBI_3004G037200;SORBI_3007G090472;SORBI_3007G078200","5.593e-01;6.150e-01;6.740e-01;3.276e-01;3.078e-01;7.649e-02;4.162e-01","acat_p",0,0,5,"Remains_nonsignificant"
"PWY-6752","<i>o</i>-diquinones biosynthesis",8,"mvn",0.296460697121465,0.378870022533865,0.824009212162275,0.1,1.05245390201764,0.385657555188804,0.64176370868706,NA,0.536674083295287,0.735907605856414,NA,NA,0.489270214595708,0.657707501587673,NA,NA,NA,NA,NA,NA,0.489270214595708,0.657707501587673,0.316797922562856,0.949507308630091,0.657707501587673,"SORBI_3010G192700;SORBI_3003G322100;SORBI_3003G310400;SORBI_3007G068300;SORBI_3007G068700;SORBI_3007G068500;SORBI_3006G181300;SORBI_3006G181400","5.908e-02;7.625e-01;1.506e-01;4.483e-01;5.815e-01;2.466e-01;7.019e-01;6.311e-01","acat_p",0,0,5,"Remains_nonsignificant"
"PWY-701","L-methionine degradation II",2,"mvn",0.476632387656118,0.540148152190944,0.842216237725398,0.001,0,0.56505975,0.459866605449763,NA,0.62019408268542,0.794341067270579,NA,NA,0.495330093398132,0.66367757612168,NA,NA,NA,NA,NA,NA,0.495330093398132,0.66367757612168,0.319673527912276,0.958126078203834,0.66367757612168,"SORBI_3001G193600;SORBI_3006G232400","6.213e-01;3.405e-01","stouffer_p_analytic",0,0,5,"Remains_nonsignificant"
"PWY-6440","spermine and spermidine degradation II",2,"mvn",0.471358318914971,0.545836013007147,0.842283279377976,0.001,0,0.6119582151,0.453464484199438,NA,0.627910120082083,0.794341067270579,NA,NA,0.502869942601148,0.670316690753564,NA,NA,NA,NA,NA,NA,0.502869942601148,0.670316690753564,0.322871389755056,0.967710715524511,0.670316690753564,"SORBI_3007G073100;SORBI_3001G472000","5.708e-01;3.771e-01","stouffer_p_analytic",0,0,5,"Remains_nonsignificant"
"PWY-6498","eumelanin biosynthesis",3,"mvn",0.403653085262384,0.484142508337412,0.857824075847167,0.001,0,0.697685635254125,0.309112078475366,NA,0.607598324101514,0.794341067270579,NA,NA,0.50384992300154,0.670316690753564,NA,NA,NA,NA,NA,NA,0.50384992300154,0.670316690753564,0.322871389755056,0.967710715524511,0.670316690753564,"SORBI_3010G249600;SORBI_3005G005500;SORBI_3008G006200","3.288e-01;5.194e-01;3.785e-01","stouffer_p_analytic",0,0,5,"Remains_nonsignificant"
"PWY0-1535","D-serine degradation",2,"mvn",0.426911629865841,0.487397375798322,0.842239421936527,0.001,0,0.5703590791,0.594031255472493,NA,0.626859635097905,0.794341067270579,NA,NA,0.505189896202076,0.670316690753564,NA,NA,NA,NA,NA,NA,0.505189896202076,0.670316690753564,0.322871389755056,0.967710715524511,0.670316690753564,"SORBI_3002G317600;SORBI_3006G173600","3.445e-01;5.203e-01","acat_p",0,0,5,"Remains_nonsignificant"
"PWY-7436","vitamin E biosynthesis (tocotrienols)",9,"mvn",0.9113549577327,0.121903310276262,0.822232977279974,0.2,3.85124577762735,0.392836984766107,0.213594804884183,NA,0.563211767646158,0.760297356151679,NA,NA,0.513629727405452,0.678450739666879,NA,NA,NA,NA,NA,NA,0.513629727405452,0.678450739666879,0.326789316480146,0.979453532617677,0.678450739666879,"SORBI_3003G320000;SORBI_3005G190800;SORBI_3008G022000;SORBI_3004G269800;SORBI_3006G183500;SORBI_3004G125800;SORBI_3008G171300;SORBI_3008G171000;SORBI_3010G207900","5.393e-02;9.929e-01;4.317e-01;1.280e-01;3.369e-01;1.948e-01;1.831e-01;1.894e-01;5.235e-01","fisher_p",0,0,5,"Remains_nonsignificant"
"PWY-5032","<i>ent</i>-kaurene biosynthesis I",3,"mvn",0.466478972466038,0.57813381046583,0.857839816994488,0.001,0,0.697063598705719,0.254158258679647,NA,0.61954374354528,0.794341067270579,NA,NA,0.514629707405852,0.678450739666879,NA,NA,NA,NA,NA,NA,0.514629707405852,0.678450739666879,0.326789316480146,0.979453532617677,0.678450739666879,"SORBI_3005G161600;SORBI_3006G211500;SORBI_3001G248600","4.540e-01;6.284e-01;3.284e-01","stouffer_p_analytic",0,0,5,"Remains_nonsignificant"
"PWY-6120","L-tyrosine biosynthesis III",5,"mvn",0.365508512744693,0.401702294436168,0.868886292480621,0.2,0.313782974822423,0.632346859505347,0.331174339508023,NA,0.585443542286605,0.783016654705851,NA,NA,0.520809583808324,0.683258539302057,NA,NA,NA,NA,NA,NA,0.520809583808324,0.683258539302057,0.329105088966923,0.986394370119167,0.683258539302057,"SORBI_3010G258500;SORBI_3010G258700;SORBI_3003G306100;SORBI_3004G065500;SORBI_3007G141500","3.854e-01;1.814e-01;7.590e-01;1.885e-01;5.372e-01","stouffer_p_analytic",0,0,5,"Remains_nonsignificant"
"PWY-4321","L-glutamate degradation IV",10,"mvn",0.70140475464397,0.239821013555463,0.809033633837823,0.2,4.50271177490462,0.554005521904461,0.411416569671881,NA,0.563732673829537,0.760297356151679,NA,NA,0.521609567808644,0.683258539302057,NA,NA,NA,NA,NA,NA,0.521609567808644,0.683258539302057,0.329105088966923,0.986394370119167,0.683258539302057,"SORBI_3007G009100;SORBI_3007G074500;SORBI_3006G214200;SORBI_3004G058600;SORBI_3004G182500;SORBI_3007G152800;SORBI_3001G111000;SORBI_3001G443800;SORBI_3006G095700;SORBI_3006G096500","3.227e-01;7.954e-02;9.697e-01;4.506e-01;9.649e-01;3.805e-01;2.842e-01;4.815e-01;1.365e-01;7.757e-02","fisher_p",0,0,5,"Remains_nonsignificant"
"PWY-6235","hydroxyjasmonate sulfate biosynthesis",3,"mvn",0.409168338086014,0.485041171511897,0.857814743524402,0.001,0,0.586173270592,0.52512152898949,NA,0.626785996241727,0.794341067270579,NA,NA,0.524369512609748,0.684686306273875,NA,NA,NA,NA,NA,NA,0.524369512609748,0.684686306273875,0.32979280137629,0.988455583001016,0.684686306273875,"SORBI_3003G437300;SORBI_3004G280000;SORBI_3006G154200","2.548e-01;6.064e-01;4.199e-01","acat_p",0,0,5,"Remains_nonsignificant"
"PWY-5172","acetyl-CoA biosynthesis III (from citrate)",3,"mvn",0.449541008700624,0.54554686037032,0.857806669804372,0.001,0,0.608033971306496,0.425328700367461,NA,0.631190543119522,0.794341067270579,NA,NA,0.5282494350113,0.687562756681374,NA,NA,NA,NA,NA,NA,0.5282494350113,0.687562756681374,0.331178301026592,0.992608205068181,0.687562756681374,"SORBI_3003G143700;SORBI_3005G222200;SORBI_3008G132700","2.682e-01;4.816e-01;6.399e-01","stouffer_p_analytic",0,0,5,"Remains_nonsignificant"
"PANTO-PWY","phosphopantothenate biosynthesis I",6,"mvn",0.338104066369703,0.369638146634173,0.890965321966152,0.001,0,0.787054825591174,0.17483365917975,NA,0.589476401656872,0.784692612595187,NA,NA,0.53344933101338,0.69035421799401,NA,NA,NA,NA,NA,NA,0.53344933101338,0.69035421799401,0.332522863985997,0.996638131611071,0.69035421799401,"SORBI_3010G078100;SORBI_3002G275700;SORBI_3003G011700;SORBI_3003G011800;SORBI_3003G011600;SORBI_3001G009900","3.783e-01;4.465e-01;2.272e-01;2.585e-01;2.640e-01;5.764e-01","stouffer_p_analytic",0,0,5,"Remains_nonsignificant"
"PWY-4261","glycerol degradation I",4,"mvn",0.335122840428911,0.365690469277011,0.870627484844722,0.001,0,0.725178795443885,0.426695699246991,NA,0.61699461543467,0.794341067270579,NA,NA,0.535529289414212,0.69035421799401,NA,NA,NA,NA,NA,NA,0.535529289414212,0.69035421799401,0.332522863985997,0.996638131611071,0.69035421799401,"SORBI_3006G029700;SORBI_3004G255900;SORBI_3007G103000;SORBI_3006G239800","3.524e-01;2.760e-01;2.779e-01;4.707e-01","acat_p",0,0,5,"Remains_nonsignificant"
"PWY-5173","superpathway of acetyl-CoA biosynthesis",3,"mvn",0.449541008700624,0.54554686037032,0.857815072572511,0.001,0,0.608033971306496,0.425328700367461,NA,0.631198103377083,0.794341067270579,NA,NA,0.536169276614468,0.69035421799401,NA,NA,NA,NA,NA,NA,0.536169276614468,0.69035421799401,0.332522863985997,0.996638131611071,0.69035421799401,"SORBI_3003G143700;SORBI_3005G222200;SORBI_3008G132700","2.682e-01;4.816e-01;6.399e-01","stouffer_p_analytic",0,0,5,"Remains_nonsignificant"
"PWY18C3-22","methylsalicylate biosynthesis",4,"mvn",0.621530474907159,0.67857132895635,0.83123535407692,0.2,1.1673303398859,0.376993094407003,0.373913861890216,NA,0.616188769715043,0.794341067270579,NA,NA,0.537129257414852,0.69035421799401,NA,NA,NA,NA,NA,NA,0.537129257414852,0.69035421799401,0.332522863985997,0.996638131611071,0.69035421799401,"SORBI_3010G130500;SORBI_3010G011700;SORBI_3003G269700;SORBI_3005G226200","7.726e-01;8.505e-01;1.116e-01;7.812e-01","stouffer_p_analytic",0,0,5,"Remains_nonsignificant"
"PWY-7221","guanosine ribonucleotides <i>de novo</i> biosynthesis",5,"mvn",0.418407304002842,0.436455762477087,0.875099604099383,0.2,0.155814977753051,0.64044825594182,0.315686303651379,NA,0.608323583842167,0.794341067270579,NA,NA,0.54494910101798,0.698216035679286,NA,NA,NA,NA,NA,NA,0.54494910101798,0.698216035679286,0.33630966511606,1,0.698216035679286,"SORBI_3008G112600;SORBI_3001G389500;SORBI_3006G278500;SORBI_3001G069900;SORBI_3002G029600","1.850e-01;2.630e-01;8.357e-01;3.581e-01;4.522e-01","stouffer_p_analytic",0,0,5,"Remains_nonsignificant"
"ASPARAGINE-BIOSYNTHESIS","L-asparagine biosynthesis I",4,"mvn",0.537091945435238,0.632879336652499,0.838995933151188,0.2,0.813081372670195,0.435458787402828,0.510289575027258,NA,0.631557830058707,0.794341067270579,NA,NA,0.550228995420092,0.702784698200117,NA,NA,NA,NA,NA,NA,0.550228995420092,0.702784698200117,0.338510252447049,1,0.702784698200117,"SORBI_3001G406800;SORBI_3008G139800;SORBI_3005G003200;SORBI_3010G110000","7.645e-01;1.332e-01;5.721e-01;8.016e-01","minp_p_analytic",0,0,5,"Remains_nonsignificant"
"ASPARAGINESYN-PWY","L-asparagine biosynthesis II",4,"mvn",0.537091945435238,0.632879336652499,0.839014899206856,0.2,0.813081372670195,0.435458787402828,0.510289575027258,NA,0.63157138293867,0.794341067270579,NA,NA,0.552128957420852,0.703021343299842,NA,NA,NA,NA,NA,NA,0.552128957420852,0.703021343299842,0.338624237274342,1,0.703021343299842,"SORBI_3010G110000;SORBI_3005G003200;SORBI_3008G139800;SORBI_3001G406800","8.016e-01;5.721e-01;1.332e-01;7.645e-01","minp_p_analytic",0,0,5,"Remains_nonsignificant"
"PWY-6577","farnesylcysteine salvage pathway",5,"mvn",0.47325816034552,0.654013437637676,0.829115550421775,0.1,0.140995148826755,0.386839288086153,0.582831178585795,NA,0.622024276343882,0.794341067270579,NA,NA,0.55714885702286,0.705211204417887,NA,NA,NA,NA,NA,NA,0.55714885702286,0.705211204417887,0.339679027513503,1,0.705211204417887,"SORBI_3006G221850;SORBI_3003G344800;SORBI_3005G003900;SORBI_3008G004100;SORBI_3006G281500","5.806e-01;9.319e-02;7.547e-01;7.338e-01;6.953e-01","minp_p_analytic",0,0,5,"Remains_nonsignificant"
"PWY0-1325","superpathway of L-asparagine biosynthesis",4,"mvn",0.537091945435238,0.632879336652499,0.839052164669416,0.2,0.813081372670195,0.435458787402828,0.510289575027258,NA,0.631598019341972,0.794341067270579,NA,NA,0.557288854222916,0.705211204417887,NA,NA,NA,NA,NA,NA,0.557288854222916,0.705211204417887,0.339679027513503,1,0.705211204417887,"SORBI_3010G110000;SORBI_3005G003200;SORBI_3008G139800;SORBI_3001G406800","8.016e-01;5.721e-01;1.332e-01;7.645e-01","minp_p_analytic",0,0,5,"Remains_nonsignificant"
"PWY-8001","felinine and 3-methyl-3-sulfanylbutan-1-ol biosynthesis",3,"mvn",0.432604670733787,0.536203552942422,0.857905438662597,0.001,0,0.718383265577677,0.442275064716643,NA,0.65383506191769,0.819793196899856,NA,NA,0.559528809423812,0.705867113426962,NA,NA,NA,NA,NA,NA,0.559528809423812,0.705867113426962,0.339994959156313,1,0.705867113426962,"SORBI_3006G104300;SORBI_3003G070800;SORBI_3002G317600","4.472e-01;5.172e-01;3.445e-01","acat_p",0,0,5,"Remains_nonsignificant"
"PWY-6543","4-aminobenzoate biosynthesis",5,"mvn",0.632437069121939,0.444205350507161,0.854495388253675,0.2,0.731143088892976,0.526171737699384,0.383544366542872,NA,0.620962516666819,0.794341067270579,NA,NA,0.561908761824763,0.706695068552617,NA,NA,NA,NA,NA,NA,0.561908761824763,0.706695068552617,0.340393760239089,1,0.706695068552617,"SORBI_3003G003200;SORBI_3009G088800;SORBI_3008G001400;SORBI_3004G122800;SORBI_3010G250200","2.955e-01;1.388e-01;5.285e-01;3.366e-01;9.435e-01","stouffer_p_analytic",0,0,5,"Remains_nonsignificant"
"PWYQT-94","superpathway of polyamine biosynthesis",2,"mvn",0.560608383132175,0.632730535911524,0.842193873092129,0.001,0,0.6354376359,0.549632786246095,NA,0.676437340053315,0.837883110035828,NA,NA,0.568728625427491,0.71308482087239,NA,NA,NA,NA,NA,NA,0.568728625427491,0.71308482087239,0.343471511755848,1,0.71308482087239,"SORBI_3004G166500;SORBI_3006G111700","6.994e-01;3.962e-01","stouffer_p_analytic",0,0,5,"Remains_nonsignificant"
"GLUTORN-PWY","L-ornithine biosynthesis I",9,"mvn",0.535364053676786,0.525432009929862,0.846702178436694,0.1,0.601453571945179,0.499526956774694,0.5097941127836,NA,0.628418519060197,0.794341067270579,NA,NA,0.579408411831763,0.723828684520534,NA,NA,NA,NA,NA,NA,0.579408411831763,0.723828684520534,0.348646507746945,1,0.723828684520534,"SORBI_3004G275600;SORBI_3009G029700;SORBI_3004G217000;SORBI_3001G166600;SORBI_3004G295400;SORBI_3006G170200;SORBI_3001G416700;SORBI_3001G325700;SORBI_3002G356200","7.403e-02;7.034e-01;9.152e-01;3.984e-01;4.961e-01;9.126e-01;2.224e-01;2.859e-01;3.787e-01","minp_p_analytic",0,0,5,"Remains_nonsignificant"
"PWY-3261","UDP-&beta;-L-rhamnose biosynthesis",4,"mvn",0.517987558920947,0.575514081666527,0.8705988149782,0.001,0,0.736331207225496,0.537758986447941,NA,0.701050594232585,0.860571088728622,NA,NA,0.580828383432331,0.723828684520534,NA,NA,NA,NA,NA,NA,0.580828383432331,0.723828684520534,0.348646507746945,1,0.723828684520534,"SORBI_3009G089200;SORBI_3004G282700;SORBI_3001G418000;SORBI_3001G416600","4.008e-01;3.805e-01;8.349e-01;2.834e-01","acat_p",0,0,5,"Remains_nonsignificant"
"PWY-5441","S-methyl-L-methionine cycle",5,"mvn",0.643766805423805,0.655593422607585,0.833143705889763,0.1,0.0738467082091956,0.39752200572448,0.682803593227191,NA,0.674820554340797,0.837883110035828,NA,NA,0.601387972240555,0.747178995814023,NA,NA,NA,NA,NA,NA,0.601387972240555,0.747178995814023,0.359893650422247,1,0.747178995814023,"SORBI_3003G312300;SORBI_3008G161700;SORBI_3001G453150;SORBI_3001G453100;SORBI_3009G003000","9.638e-02;9.219e-01;6.716e-01;4.534e-01;7.763e-01","minp_p_analytic",0,0,5,"Remains_nonsignificant"
"PWY-5125","anthocyanin biosynthesis",13,"mvn",0.46780637992744,0.59748318296363,0.859767136429609,0.2,3.64446871624875,0.617040534764212,0.524757326517064,NA,0.662442143363451,0.828052679204314,NA,NA,0.622527549449011,0.76726333341201,NA,NA,NA,NA,NA,NA,0.622527549449011,0.76726333341201,0.369567671794566,1,0.76726333341201,"SORBI_3003G345100;SORBI_3009G028200;SORBI_3005G072400;SORBI_3008G002600;SORBI_3004G000700;SORBI_3002G133150;SORBI_3010G070200;SORBI_3005G033801;SORBI_3005G033900;SORBI_3008G035600;SORBI_3002G311601;SORBI_3002G369600;SORBI_3002G070500","5.917e-01;9.086e-02;7.117e-02;4.358e-01;8.197e-01;3.129e-01;8.892e-01;7.915e-01;8.534e-01;4.979e-01;2.392e-01;7.726e-01;3.137e-01","acat_p",0,0,5,"Remains_nonsignificant"
"PWY-7909","formaldehyde oxidation VII (THF pathway)",4,"mvn",0.516102555558542,0.601955130028634,0.870596005419025,0.001,0,0.689042579435308,0.491140220356343,NA,0.688010803968603,0.84965189646725,NA,NA,0.622787544249115,0.76726333341201,NA,NA,NA,NA,NA,NA,0.622787544249115,0.76726333341201,0.369567671794566,1,0.76726333341201,"SORBI_3001G542800;SORBI_3009G045800;SORBI_3004G018000;SORBI_3002G172600","5.678e-01;2.532e-01;8.109e-01;3.487e-01","stouffer_p_analytic",0,0,5,"Remains_nonsignificant"
"ARGSPECAT-PWY","spermine biosynthesis",7,"mvn",0.496997892770908,0.619225299559312,0.815569434820917,0.1,1.0311403895935,0.35014970098747,0.814366184765746,NA,0.668193803476134,0.8327035240888,NA,NA,0.623167536649267,0.76726333341201,NA,NA,NA,NA,NA,NA,0.623167536649267,0.76726333341201,0.369567671794566,1,0.76726333341201,"SORBI_3008G125801;SORBI_3004G211900;SORBI_3006G135600;SORBI_3002G206700;SORBI_3010G153900;SORBI_3004G016000;SORBI_3004G113100","9.018e-01;6.493e-01;8.390e-01;5.972e-02;5.101e-01;6.804e-01;2.638e-01","minp_p_analytic",0,0,5,"Remains_nonsignificant"
"PWY-3841","folate transformations II",13,"mvn",0.386042761277574,0.473089978649529,0.892364917274544,0.1,0.151452407723181,0.717695186951648,0.623244420264239,NA,0.698958040559104,0.860571088728622,NA,NA,0.656306873862523,0.805646162525851,NA,NA,NA,NA,NA,NA,0.656306873862523,0.805646162525851,0.388055526191843,1,0.805646162525851,"SORBI_3005G115500;SORBI_3003G373600;SORBI_3005G113300;SORBI_3008G144800;SORBI_3001G097100;SORBI_3009G045800;SORBI_3004G018000;SORBI_3002G172600;SORBI_3002G220200;SORBI_3004G055700;SORBI_3001G040100;SORBI_3001G181300;SORBI_3002G353000","8.014e-01;9.271e-02;3.495e-01;1.979e-01;4.148e-01;2.532e-01;8.109e-01;3.487e-01;6.849e-01;4.165e-01;3.705e-01;5.416e-01;2.831e-01","acat_p",0,0,5,"Remains_nonsignificant"
"PWY-5034","GA<sub>12</sub> biosynthesis",4,"mvn",0.511616668728527,0.638956921407299,0.87056478225437,0.001,0,0.837245666789236,0.775808929673585,NA,0.773111952588549,0.897948726802564,NA,NA,0.663026739465211,0.810368316443195,NA,NA,NA,NA,NA,NA,0.663026739465211,0.810368316443195,0.390330045712185,1,0.810368316443195,"SORBI_3010G007700;SORBI_3001G423666;SORBI_3001G423633;SORBI_3010G172700","3.648e-01;4.122e-01;4.122e-01;7.741e-01","acat_p",0,0,5,"Remains_nonsignificant"
"PWYQT-4427","sulfoquinovosyl diacylglycerol biosynthesis",4,"mvn",0.571673550194041,0.687668943091928,0.870577754885013,0.001,0,0.607433340025283,0.638085093333678,NA,0.716115166039308,0.873017519417676,NA,NA,0.664106717865643,0.810368316443195,NA,NA,NA,NA,NA,NA,0.664106717865643,0.810368316443195,0.390330045712185,1,0.810368316443195,"SORBI_3003G076900;SORBI_3001G427300;SORBI_3002G000600;SORBI_3009G123300","8.259e-01;2.084e-01;5.700e-01;6.080e-01","acat_p",0,0,5,"Remains_nonsignificant"
"PYRUVDEHYD-PWY","pyruvate decarboxylation to acetyl CoA",18,"mvn",0.656637575500168,0.584748485692367,0.836241499878967,0.2,6.56857372024226,0.593802731479517,0.735196407820786,NA,0.706560076281979,0.8647451679869,NA,NA,0.676566468670627,0.823122409955362,NA,NA,NA,NA,NA,NA,0.676566468670627,0.823122409955362,0.3964733089699,1,0.823122409955362,"SORBI_3002G259700;SORBI_3006G011200;SORBI_3001G155500;SORBI_3007G190100;SORBI_3004G244000;SORBI_3008G173000;SORBI_3010G101300;SORBI_3005G044600;SORBI_3009G052200;SORBI_3009G054600;SORBI_3003G155300;SORBI_3003G152900;SORBI_3003G053600;SORBI_3008G059900;SORBI_3004G093600;SORBI_3007G134800;SORBI_3001G047600;SORBI_3002G197500","5.758e-01;4.415e-01;2.587e-01;9.475e-02;5.062e-01;8.152e-01;1.614e-01;4.271e-01;8.225e-01;9.711e-01;5.194e-01;3.731e-01;8.116e-01;8.029e-02;6.730e-01;9.515e-01;9.186e-01;4.882e-02","fisher_p",0,0,5,"Remains_nonsignificant"
"PWY-6745","phytochelatins biosynthesis",4,"mvn",0.452180207073822,0.605515269266853,0.870595893106407,0.001,0,0.859175047898433,0.41577268301352,NA,0.728107265951868,0.88060170808338,NA,NA,0.679746405071899,0.824544455856445,NA,NA,NA,NA,NA,NA,0.679746405071899,0.824544455856445,0.397158265711559,1,0.824544455856445,"SORBI_3003G070800;SORBI_3003G024200;SORBI_3003G024300;SORBI_3006G104300","5.172e-01;4.611e-01;3.874e-01;4.472e-01","stouffer_p_analytic",0,0,5,"Remains_nonsignificant"
"PWY-7199","pyrimidine deoxyribonucleosides salvage",8,"mvn",0.477827876129527,0.615407786616351,0.884723632046479,0.2,0.757766508857717,0.697481817949766,0.623606483224374,NA,0.717577814740871,0.873017519417676,NA,NA,0.683046339073219,0.82610324194696,NA,NA,NA,NA,NA,NA,0.683046339073219,0.82610324194696,0.397909086089923,1,0.82610324194696,"SORBI_3005G115500;SORBI_3003G372900;SORBI_3009G148200;SORBI_3002G095300;SORBI_3001G324400;SORBI_3003G275300;SORBI_3008G098400;SORBI_3001G261480","8.014e-01;1.973e-01;4.770e-01;3.389e-01;1.388e-01;8.100e-01;7.024e-01;5.052e-01","acat_p",0,0,5,"Remains_nonsignificant"
"PWY0-1507","biotin biosynthesis from 8-amino-7-oxononanoate I",7,"mvn",0.580730147599619,0.782602101552435,0.826016689877367,0.1,0.674753290951269,0.404449477174682,0.813061127920534,NA,0.726988951474842,0.88060170808338,NA,NA,0.693966120677586,0.836841498464148,NA,NA,NA,NA,NA,NA,0.693966120677586,0.836841498464148,0.403081381294677,1,0.836841498464148,"SORBI_3001G465700;SORBI_3002G263100;SORBI_3002G174900;SORBI_3002G213900;SORBI_3007G186000;SORBI_3004G126000;SORBI_3010G073100","6.303e-01;4.843e-01;7.136e-02;7.742e-01;7.720e-01;6.662e-01;8.952e-01","minp_p_analytic",0,0,5,"Remains_nonsignificant"
"ASPSYNII-PWY","cyanide detoxification I",5,"mvn",0.434279917777973,0.5768834160364,0.881466098713405,0.001,0,0.74423789677002,0.760948452122132,NA,0.737868596863382,0.88978271974702,NA,NA,0.701365972680546,0.843284600583648,NA,NA,NA,NA,NA,NA,0.701365972680546,0.843284600583648,0.406184829805436,1,0.843284600583648,"SORBI_3006G153700;SORBI_3004G225100;SORBI_3004G225200;SORBI_3004G225000;SORBI_3006G016900","3.774e-01;6.267e-01;4.446e-01;5.589e-01;2.387e-01","acat_p",0,0,5,"Remains_nonsignificant"
"PWY-6330","acetaldehyde biosynthesis II",4,"mvn",0.61403484062548,0.738390697320151,0.87059420403711,0.001,0,0.826396660940793,0.490946782115925,NA,0.757651298211854,0.897948726802564,NA,NA,0.724005519889602,0.86795983378578,NA,NA,NA,NA,NA,NA,0.724005519889602,0.86795983378578,0.418070147516303,1,0.86795983378578,"SORBI_3002G429000;SORBI_3001G405500;SORBI_3009G169000;SORBI_3003G061300","3.545e-01;4.283e-01;5.822e-01;8.495e-01","stouffer_p_analytic",0,0,5,"Remains_nonsignificant"
"PWY-43","putrescine biosynthesis II",4,"mvn",0.801320728095491,0.684556742313845,0.870624543928559,0.001,0,0.636261271070846,0.690073960252762,NA,0.765230873663999,0.897948726802564,NA,NA,0.732405351892962,0.869718401086524,NA,NA,NA,NA,NA,NA,0.732405351892962,0.869718401086524,0.418917196495093,1,0.869718401086524,"SORBI_3004G166500;SORBI_3006G111700;SORBI_3010G021800;SORBI_3001G013900","6.994e-01;3.962e-01;2.234e-01;9.503e-01","minp_p_analytic",0,0,5,"Remains_nonsignificant"
"PWY-3461","L-tyrosine biosynthesis II",4,"mvn",0.778957132744443,0.729636562835007,0.865178495999338,0.2,0.118226528985013,0.566378026043156,0.743511740087646,NA,0.764281513158995,0.897948726802564,NA,NA,0.734085318293634,0.869718401086524,NA,NA,NA,NA,NA,NA,0.734085318293634,0.869718401086524,0.418917196495093,1,0.869718401086524,"SORBI_3010G160400;SORBI_3003G306100;SORBI_3004G065500;SORBI_3007G141500","9.385e-01;7.590e-01;1.885e-01;5.372e-01","minp_p_analytic",0,0,5,"Remains_nonsignificant"
"PWY-1061","homogalacturonan biosynthesis",25,"mvn",0.582665270720776,0.487048609828298,0.852201156681313,0.2,8.57001909055882,0.849651616041984,0.750929292382952,NA,0.755774447293332,0.897948726802564,NA,NA,0.735405291894162,0.869718401086524,NA,NA,NA,NA,NA,NA,0.735405291894162,0.869718401086524,0.418917196495093,1,0.869718401086524,"SORBI_3010G092400;SORBI_3010G274800;SORBI_3010G101400;SORBI_3003G282600;SORBI_3009G177200;SORBI_3005G169500;SORBI_3008G141800;SORBI_3008G022500;SORBI_3004G336401;SORBI_3004G151400;SORBI_3004G244100;SORBI_3004G237800;SORBI_3007G105700;SORBI_3001G131900;SORBI_3001G338400;SORBI_3001G138200;SORBI_3001G460000;SORBI_3001G384200;SORBI_3001G364700;SORBI_3006G157800;SORBI_3006G232000;SORBI_3002G241100;SORBI_3002G398400;SORBI_3002G420100;SORBI_3002G274700","5.576e-01;7.180e-01;1.295e-01;3.815e-01;9.038e-02;4.870e-01;1.328e-01;3.625e-01;3.426e-01;8.674e-01;7.652e-01;7.299e-02;9.753e-01;8.158e-01;9.242e-01;9.166e-01;7.220e-01;3.857e-01;1.016e-01;3.550e-01;7.633e-01;4.057e-01;1.361e-01;7.388e-01;1.123e-01","fisher_p",0,0,5,"Remains_nonsignificant"
"PWY-702","L-methionine biosynthesis II (plants)",4,"mvn",0.521884989506738,0.708625511555661,0.870610249866133,0.001,0,0.8154086790882,0.724544310046892,NA,0.766263881967017,0.897948726802564,NA,NA,0.73562528749425,0.869718401086524,NA,NA,NA,NA,NA,NA,0.73562528749425,0.869718401086524,0.418917196495093,1,0.869718401086524,"SORBI_3002G317600;SORBI_3008G178800;SORBI_3001G148900;SORBI_3004G357900","3.445e-01;4.875e-01;6.609e-01;5.907e-01","acat_p",0,0,5,"Remains_nonsignificant"
"GLUCOSE1PMETAB-PWY","glucose and glucose-1-phosphate degradation",13,"mvn",0.461814605247878,0.638761634881898,0.904923128748106,0.2,1.53026142494833,0.810992928912758,0.681083711022903,NA,0.771176413551063,0.897948726802564,NA,NA,0.74102517949641,0.869718401086524,NA,NA,NA,NA,NA,NA,0.74102517949641,0.869718401086524,0.418917196495093,1,0.869718401086524,"SORBI_3008G191400;SORBI_3001G131100;SORBI_3002G068000;SORBI_3003G280400;SORBI_3002G125800;SORBI_3002G155900;SORBI_3001G116500;SORBI_3003G222500;SORBI_3001G292000;SORBI_3005G123200;SORBI_3003G290200;SORBI_3010G007200;SORBI_3010G007300","7.517e-01;2.005e-01;4.955e-01;3.261e-01;1.547e-01;8.107e-01;7.622e-01;7.399e-01;3.105e-01;1.203e-01;5.034e-01;4.188e-01;7.864e-01","acat_p",0,0,5,"Remains_nonsignificant"
"PWY-6465","&omega;-hydroxylation of caprate and laurate",13,"mvn",0.488252384014132,0.778253079078669,0.867390368884303,0.1,0.851070342324198,0.58458185848206,0.857602884936627,NA,0.772846603817142,0.897948726802564,NA,NA,0.741845163096738,0.869718401086524,NA,NA,NA,NA,NA,NA,0.741845163096738,0.869718401086524,0.418917196495093,1,0.869718401086524,"SORBI_3009G019301;SORBI_3001G514700;SORBI_3002G128900;SORBI_3002G265300;SORBI_3006G175900;SORBI_3006G175800;SORBI_3006G085601;SORBI_3007G195300;SORBI_3005G232000;SORBI_3009G114800;SORBI_3003G008200;SORBI_3003G008300;SORBI_3003G378301","4.552e-01;6.534e-02;6.786e-01;5.928e-01;7.708e-01;8.020e-01;6.996e-01;3.470e-01;4.878e-01;1.202e-01;6.642e-01;6.512e-01;8.683e-01","acat_p",0,0,5,"Remains_nonsignificant"
"PWY-7183","pyrimidine nucleobases salvage I",6,"mvn",0.593405945763246,0.763226558175247,0.890101347369329,0.2,0.0241451624685385,0.733101876683353,0.658843514687772,NA,0.768377130982864,0.897948726802564,NA,NA,0.74342513149737,0.869718401086524,NA,NA,NA,NA,NA,NA,0.74342513149737,0.869718401086524,0.418917196495093,1,0.869718401086524,"SORBI_3009G160500;SORBI_3008G190400;SORBI_3004G000100;SORBI_3007G194700;SORBI_3007G218600;SORBI_3002G257200","1.976e-01;7.433e-01;7.887e-01;8.179e-01;4.032e-01;4.177e-01","acat_p",0,0,5,"Remains_nonsignificant"
"PWY-7208","superpathway of pyrimidine nucleobases salvage",6,"mvn",0.593405945763246,0.763226558175247,0.890077578747999,0.2,0.0241451624685385,0.733101876683353,0.658843514687772,NA,0.768358773090803,0.897948726802564,NA,NA,0.744865102697946,0.869718401086524,NA,NA,NA,NA,NA,NA,0.744865102697946,0.869718401086524,0.418917196495093,1,0.869718401086524,"SORBI_3009G160500;SORBI_3008G190400;SORBI_3004G000100;SORBI_3007G194700;SORBI_3007G218600;SORBI_3002G257200","1.976e-01;7.433e-01;7.887e-01;8.179e-01;4.032e-01;4.177e-01","acat_p",0,0,5,"Remains_nonsignificant"
"PWY-7196","superpathway of pyrimidine ribonucleosides salvage",6,"mvn",0.593405945763246,0.763226558175247,0.890095122445165,0.2,0.0241451624685385,0.733101876683353,0.658843514687772,NA,0.768372322604059,0.897948726802564,NA,NA,0.74592508149837,0.869718401086524,NA,NA,NA,NA,NA,NA,0.74592508149837,0.869718401086524,0.418917196495093,1,0.869718401086524,"SORBI_3009G160500;SORBI_3008G190400;SORBI_3004G000100;SORBI_3007G194700;SORBI_3007G218600;SORBI_3002G257200","1.976e-01;7.433e-01;7.887e-01;8.179e-01;4.032e-01;4.177e-01","acat_p",0,0,5,"Remains_nonsignificant"
"PWY-2261","ascorbate glutathione cycle",20,"mvn",0.494986793571922,0.61707012655711,0.914761963021089,0.1,0.495897340466362,0.803101873091892,0.539728406037392,NA,0.766427432197748,0.897948726802564,NA,NA,0.746685066298674,0.869718401086524,NA,NA,NA,NA,NA,NA,0.746685066298674,0.869718401086524,0.418917196495093,1,0.869718401086524,"SORBI_3008G057900;SORBI_3004G175500;SORBI_3007G205600;SORBI_3007G177000;SORBI_3001G410200;SORBI_3006G204000;SORBI_3006G084400;SORBI_3006G021100;SORBI_3002G431100;SORBI_3010G095200;SORBI_3003G250600;SORBI_3009G017800;SORBI_3009G017732;SORBI_3005G204000;SORBI_3005G002900;SORBI_3005G203900;SORBI_3008G003400;SORBI_3008G117300;SORBI_3008G117600;SORBI_3008G117900","4.728e-01;5.185e-01;4.534e-01;4.875e-01;1.852e-01;7.804e-02;2.227e-01;4.347e-01;1.522e-01;4.348e-01;8.040e-01;8.059e-01;9.411e-01;7.049e-01;3.308e-01;6.620e-01;8.795e-01;3.061e-01;1.620e-01;5.063e-01","acat_p",0,0,5,"Remains_nonsignificant"
"PWY-5434","(3<i>E</i>)-4,8-dimethylnona-1,3,7-triene biosynthesis I",5,"mvn",0.515278436426233,0.719372087200087,0.881493871252785,0.001,0,0.90785353177605,0.267894263644255,NA,0.776133965635592,0.898912220086421,NA,NA,0.75182496350073,0.873224461856372,NA,NA,NA,NA,NA,NA,0.75182496350073,0.873224461856372,0.420605960521025,1,0.873224461856372,"SORBI_3004G019550;SORBI_3004G019100;SORBI_3004G019300;SORBI_3004G019400;SORBI_3004G018900","3.793e-01;7.011e-01;4.138e-01;4.208e-01;6.316e-01","stouffer_p_analytic",0,0,5,"Remains_nonsignificant"
"ALANINE-SYN2-PWY","L-alanine biosynthesis II",5,"mvn",0.622805770262159,0.79241001644178,0.881509135947946,0.001,0,0.897686610300569,0.573618280106089,NA,0.813137301592451,0.903592250786567,NA,NA,0.758404831903362,0.878378477628188,NA,NA,NA,NA,NA,NA,0.758404831903362,0.878378477628188,0.423088494908159,1,0.878378477628188,"SORBI_3001G260701;SORBI_3001G260800;SORBI_3002G211300;SORBI_3002G375800;SORBI_3002G006600","4.280e-01;3.661e-01;8.642e-01;4.886e-01;6.586e-01","stouffer_p_analytic",0,0,5,"Remains_nonsignificant"
"PWY-5976","dhurrin degradation",9,"mvn",0.52485212250275,0.78293348872793,0.88631704592719,0.2,1.03452593145999,0.681020610146111,0.811281172295228,NA,0.781780550214684,0.902901480529635,NA,NA,0.763104737905242,0.87917904563257,NA,NA,NA,NA,NA,NA,0.763104737905242,0.87917904563257,0.423474104438302,1,0.87917904563257,"SORBI_3005G186600;SORBI_3005G186700;SORBI_3005G186800;SORBI_3005G186500;SORBI_3004G335500;SORBI_3008G079800;SORBI_3008G080100;SORBI_3008G080600;SORBI_3008G080400","7.273e-01;7.320e-01;5.306e-01;6.329e-01;4.178e-01;1.192e-01;3.200e-01;6.030e-01;8.140e-01","acat_p",0,0,5,"Remains_nonsignificant"
"ALANINE-DEG3-PWY","L-alanine degradation III",5,"mvn",0.622805770262159,0.79241001644178,0.881497710507294,0.001,0,0.897686610300569,0.573618280106089,NA,0.813132002181389,0.903592250786567,NA,NA,0.763384732305354,0.87917904563257,NA,NA,NA,NA,NA,NA,0.763384732305354,0.87917904563257,0.423474104438302,1,0.87917904563257,"SORBI_3001G260701;SORBI_3001G260800;SORBI_3002G211300;SORBI_3002G375800;SORBI_3002G006600","4.280e-01;3.661e-01;8.642e-01;4.886e-01;6.586e-01","stouffer_p_analytic",0,0,5,"Remains_nonsignificant"
"TRPSYN-PWY","L-tryptophan biosynthesis",17,"mvn",0.64561559377804,0.846627854808096,0.900658658943164,0.1,0.51953727205493,0.744468182279298,0.780924254909806,NA,0.816411694750675,0.904672418507504,NA,NA,0.765604687906242,0.879265888071594,NA,NA,NA,NA,NA,NA,0.765604687906242,0.879265888071594,0.423515933829341,1,0.879265888071594,"SORBI_3001G056400;SORBI_3001G056500;SORBI_3010G198000;SORBI_3007G032000;SORBI_3001G056601;SORBI_3002G054700;SORBI_3001G427700;SORBI_3001G112700;SORBI_3001G029300;SORBI_3006G109100;SORBI_3001G523800;SORBI_3010G147500;SORBI_3004G118400;SORBI_3004G143900;SORBI_3007G086600;SORBI_3006G112600;SORBI_3002G160600","6.474e-01;4.613e-01;9.347e-01;6.180e-01;1.873e-01;8.841e-01;9.378e-01;7.712e-02;5.488e-01;2.316e-01;3.356e-01;4.007e-01;7.943e-01;4.152e-01;7.637e-01;6.536e-01;4.553e-01","acat_p",0,0,5,"Remains_nonsignificant"
"PWY-2","putrescine degradation IV",2,"mvn",0.6681556634062,0.765240432870744,0.842220241693953,0.001,0,0.7703481916,0.752140437035087,NA,0.770351135023008,0.897948726802564,NA,NA,0.770804583908322,0.88276502626372,NA,NA,NA,NA,NA,NA,0.770804583908322,0.88276502626372,0.425201363457785,1,0.88276502626372,"SORBI_3004G243400;SORBI_3002G347300","7.654e-01;5.208e-01","acat_p",0,0,5,"Remains_nonsignificant"
"PWY-5466","matairesinol biosynthesis",4,"mvn",0.866599721126509,0.67496571147225,0.870571429808458,0.001,0,0.632424258944962,0.775629308628145,NA,0.798118829100615,0.903592250786567,NA,NA,0.786144277114458,0.89293769680162,NA,NA,NA,NA,NA,NA,0.786144277114458,0.89293769680162,0.430101232906656,1,0.89293769680162,"SORBI_3008G106800;SORBI_3008G106700;SORBI_3002G407300;SORBI_3002G407500","9.429e-01;9.423e-01;2.214e-01;2.865e-01","minp_p_analytic",0,0,5,"Remains_nonsignificant"
"PWY-5691","urate conversion to allantoin I",2,"mvn",0.645029385862218,0.780772723585637,0.842185673395456,0.001,0,0.8686227484,0.616968786722492,NA,0.784535859578743,0.902946532295347,NA,NA,0.787184256314874,0.89293769680162,NA,NA,NA,NA,NA,NA,0.787184256314874,0.89293769680162,0.430101232906656,1,0.89293769680162,"SORBI_3001G350400;SORBI_3003G366400","6.375e-01;6.523e-01","stouffer_p_analytic",0,0,5,"Remains_nonsignificant"
"PWY-2301","<i>myo</i>-inositol biosynthesis",2,"mvn",0.649617377011621,0.779181504288818,0.842183254247387,0.001,0,0.8355454191,0.745291184036449,NA,0.786224175681558,0.902946532295347,NA,NA,0.792164156716866,0.89293769680162,NA,NA,NA,NA,NA,NA,0.792164156716866,0.89293769680162,0.430101232906656,1,0.89293769680162,"SORBI_3001G472800;SORBI_3001G261416","5.945e-01;6.966e-01","acat_p",0,0,5,"Remains_nonsignificant"
"ASPARTATE-DEG1-PWY","L-aspartate degradation I",6,"mvn",0.6785455718765,0.729974478091958,0.888732551685476,0.2,0.0600938427045935,0.725999344951448,0.861981168821877,NA,0.808279601435693,0.903592250786567,NA,NA,0.798804023919522,0.89293769680162,NA,NA,NA,NA,NA,NA,0.798804023919522,0.89293769680162,0.430101232906656,1,0.89293769680162,"SORBI_3003G303300;SORBI_3003G370800;SORBI_3009G149400;SORBI_3004G104700;SORBI_3004G331700;SORBI_3007G167950","3.081e-01;6.647e-01;7.059e-01;9.314e-01;1.941e-01;4.987e-01","acat_p",0,0,5,"Remains_nonsignificant"
"THRESYN-PWY","superpathway of L-threonine biosynthesis",6,"mvn",0.6785455718765,0.729974478091958,0.888740679547058,0.2,0.0600938427045935,0.725999344951448,0.861981168821877,NA,0.808284050028709,0.903592250786567,NA,NA,0.799604007919842,0.89293769680162,NA,NA,NA,NA,NA,NA,0.799604007919842,0.89293769680162,0.430101232906656,1,0.89293769680162,"SORBI_3003G303300;SORBI_3003G370800;SORBI_3009G149400;SORBI_3004G104700;SORBI_3004G331700;SORBI_3007G167950","3.081e-01;6.647e-01;7.059e-01;9.314e-01;1.941e-01;4.987e-01","acat_p",0,0,5,"Remains_nonsignificant"
"ASPARTATESYN-PWY","L-aspartate biosynthesis",6,"mvn",0.6785455718765,0.729974478091958,0.888733722824212,0.2,0.0600938427045935,0.725999344951448,0.861981168821877,NA,0.808280242403533,0.903592250786567,NA,NA,0.799704005919882,0.89293769680162,NA,NA,NA,NA,NA,NA,0.799704005919882,0.89293769680162,0.430101232906656,1,0.89293769680162,"SORBI_3003G303300;SORBI_3003G370800;SORBI_3009G149400;SORBI_3004G104700;SORBI_3004G331700;SORBI_3007G167950","3.081e-01;6.647e-01;7.059e-01;9.314e-01;1.941e-01;4.987e-01","acat_p",0,0,5,"Remains_nonsignificant"
"PWY-5997","&alpha;-linolenate biosynthesis I (plants and red algae)",2,"mvn",0.664503418506672,0.792123746002856,0.842213018732027,0.001,0,0.8371393264,0.764016765170308,NA,0.793579512173934,0.903592250786567,NA,NA,0.800783984320314,0.89293769680162,NA,NA,NA,NA,NA,NA,0.800783984320314,0.89293769680162,0.430101232906656,1,0.89293769680162,"SORBI_3001G407600;SORBI_3002G430100","5.964e-01;7.194e-01","acat_p",0,0,5,"Remains_nonsignificant"
"PWY3O-450","phosphatidylcholine biosynthesis I",6,"mvn",0.784194630487616,0.820227041603132,0.881014070543484,0.2,0.271868554481666,0.683735878725867,0.804663398012342,NA,0.811656427673783,0.903592250786567,NA,NA,0.802083958320834,0.89293769680162,NA,NA,NA,NA,NA,NA,0.802083958320834,0.89293769680162,0.430101232906656,1,0.89293769680162,"SORBI_3010G187100;SORBI_3010G077100;SORBI_3004G016400;SORBI_3004G058200;SORBI_3007G051200;SORBI_3001G282900","7.804e-01;5.119e-01;9.532e-01;7.890e-01;1.746e-01;4.403e-01","minp_p_analytic",0,0,5,"Remains_nonsignificant"
"PWY-7590","(7Z,10Z,13Z)-hexadecatrienoate biosynthesis",2,"mvn",0.664503418506672,0.792123746002856,0.842176267097928,0.001,0,0.8371393264,0.764016765170308,NA,0.7935676623962,0.903592250786567,NA,NA,0.802843943121138,0.89293769680162,NA,NA,NA,NA,NA,NA,0.802843943121138,0.89293769680162,0.430101232906656,1,0.89293769680162,"SORBI_3001G407600;SORBI_3002G430100","5.964e-01;7.194e-01","acat_p",0,0,5,"Remains_nonsignificant"
"PWY-5027","phylloquinol biosynthesis",4,"mvn",0.786371681865901,0.804633162558248,0.864597338762116,0.2,0.130784437534104,0.563850342922625,0.864215174026753,NA,0.808629552039922,0.903592250786567,NA,NA,0.80292394152117,0.89293769680162,NA,NA,NA,NA,NA,NA,0.80292394152117,0.89293769680162,0.430101232906656,1,0.89293769680162,"SORBI_3010G083500;SORBI_3004G041900;SORBI_3006G140900;SORBI_3001G475600","9.172e-01;1.873e-01;8.558e-01;6.999e-01","minp_p_analytic",0,0,5,"Remains_nonsignificant"
"PWY-3001","superpathway of L-isoleucine biosynthesis I",6,"mvn",0.6785455718765,0.729974478091958,0.888730981618578,0.2,0.0600938427045935,0.725999344951448,0.861981168821877,NA,0.808278742147651,0.903592250786567,NA,NA,0.803643927121458,0.89293769680162,NA,NA,NA,NA,NA,NA,0.803643927121458,0.89293769680162,0.430101232906656,1,0.89293769680162,"SORBI_3003G303300;SORBI_3003G370800;SORBI_3009G149400;SORBI_3004G104700;SORBI_3004G331700;SORBI_3007G167950","3.081e-01;6.647e-01;7.059e-01;9.314e-01;1.941e-01;4.987e-01","acat_p",0,0,5,"Remains_nonsignificant"
"PWY-5340","sulfate activation for sulfonation",7,"mvn",0.459757626895108,0.683583169190996,0.899404589426826,0.001,0,0.927167771480933,0.559399596476986,NA,0.823336448057434,0.90770174240613,NA,NA,0.814643707125857,0.90193775639312,NA,NA,NA,NA,NA,NA,0.814643707125857,0.90193775639312,0.434436290929633,1,0.90193775639312,"SORBI_3005G195600;SORBI_3008G016850;SORBI_3001G465900;SORBI_3001G129150;SORBI_3002G348400;SORBI_3001G094300;SORBI_3006G008700","5.343e-01;4.784e-01;5.128e-01;4.441e-01;3.122e-01;3.755e-01;5.896e-01","acat_p",0,0,5,"Remains_nonsignificant"
"PWY-5947","lutein biosynthesis",3,"mvn",0.721131269613254,0.859951573229796,0.857836010803892,0.001,0,0.818716944003264,0.735530114929046,NA,0.81323302570791,0.903592250786567,NA,NA,0.816143677126458,0.90193775639312,NA,NA,NA,NA,NA,NA,0.816143677126458,0.90193775639312,0.434436290929633,1,0.90193775639312,"SORBI_3004G346000;SORBI_3004G057900;SORBI_3001G308200","7.893e-01;8.054e-01;4.340e-01","acat_p",0,0,5,"Remains_nonsignificant"
"PWY-6535","4-aminobutanoate degradation I",4,"mvn",0.919225411251327,0.559421915599585,0.800442086536093,0.1,0.457744860095592,0.282182537365961,0.913646168429703,NA,0.825783172999288,0.90770174240613,NA,NA,0.82442351152977,0.908638816470982,NA,NA,NA,NA,NA,NA,0.82442351152977,0.908638816470982,0.437663990030694,1,0.908638816470982,"SORBI_3004G058600;SORBI_3004G182500;SORBI_3007G074500;SORBI_3006G214200","4.506e-01;9.649e-01;7.954e-02;9.697e-01","minp_p_analytic",0,0,5,"Remains_nonsignificant"
"PWY-6473","4-aminobutanoate degradation IV",4,"mvn",0.919225411251327,0.559421915599585,0.80046764094657,0.1,0.457744860095592,0.282182537365961,0.913646168429703,NA,0.825787194920699,0.90770174240613,NA,NA,0.828203435931281,0.91035766416039,NA,NA,NA,NA,NA,NA,0.828203435931281,0.91035766416039,0.438491907267295,1,0.91035766416039,"SORBI_3004G058600;SORBI_3004G182500;SORBI_3007G074500;SORBI_3006G214200","4.506e-01;9.649e-01;7.954e-02;9.697e-01","minp_p_analytic",0,0,5,"Remains_nonsignificant"
"PWY-6457","cinnamoyl-CoA biosynthesis",9,"mvn",0.695716900096347,0.84614292759082,0.881035380602159,0.2,1.27599267219019,0.63400075177898,0.917649996480256,NA,0.844220961484245,0.92056009098016,NA,NA,0.842883142337153,0.92192396152077,NA,NA,NA,NA,NA,NA,0.842883142337153,0.92192396152077,0.444063044842383,1,0.92192396152077,"SORBI_3001G518800;SORBI_3004G220700;SORBI_3004G220400;SORBI_3004G220500;SORBI_3004G220300;SORBI_3004G220600;SORBI_3001G160500;SORBI_3006G148800;SORBI_3006G148900","1.057e-01;8.323e-01;8.588e-01;8.925e-01;8.635e-01;7.575e-01;7.692e-01;2.894e-01;2.499e-01","minp_p_analytic",0,0,5,"Remains_nonsignificant"
"PWY-7141","(3<i>S</i>)-linalool biosynthesis",7,"mvn",0.509205885218285,0.757302417397062,0.899414474322331,0.001,0,0.948607110663888,0.244370515856885,NA,0.842090371299255,0.92056009098016,NA,NA,0.843223135537289,0.92192396152077,NA,NA,NA,NA,NA,NA,0.843223135537289,0.92192396152077,0.444063044842383,1,0.92192396152077,"SORBI_3004G019550;SORBI_3004G019100;SORBI_3004G019300;SORBI_3004G019000;SORBI_3004G019400;SORBI_3004G018900;SORBI_3002G353300","3.793e-01;7.011e-01;4.138e-01;6.449e-01;4.208e-01;6.316e-01;3.456e-01","stouffer_p_analytic",0,0,5,"Remains_nonsignificant"
"PWY-621","sucrose degradation III (sucrose invertase)",9,"mvn",0.640352691045771,0.822164968528857,0.913677123925607,0.001,0,0.894942281354553,0.766350173096453,NA,0.848444521158929,0.922711548209976,NA,NA,0.850962980740385,0.927911760913718,NA,NA,NA,NA,NA,NA,0.850962980740385,0.927911760913718,0.446947187723269,1,0.927911760913718,"SORBI_3005G058800;SORBI_3003G280400;SORBI_3001G071800;SORBI_3002G230600;SORBI_3010G095000;SORBI_3003G358000;SORBI_3003G386000;SORBI_3007G014700;SORBI_3001G172300","6.990e-01;3.261e-01;4.326e-01;2.940e-01;7.462e-01;5.671e-01;9.193e-01;7.854e-01;2.215e-01","acat_p",0,0,5,"Remains_nonsignificant"
"PWY-5925","hydroxylated mugineic acid phytosiderophore biosynthesis",8,"mvn",0.537788849863761,0.799315806094979,0.906885163016024,0.001,0,0.917911077945299,0.797569580125958,NA,0.851849555774505,0.923963803882399,NA,NA,0.856022879542409,0.929394077026111,NA,NA,NA,NA,NA,NA,0.856022879542409,0.929394077026111,0.447661174813053,1,0.929394077026111,"SORBI_3007G182801;SORBI_3003G110301;SORBI_3008G109600;SORBI_3008G109400;SORBI_3008G109700;SORBI_3008G109300;SORBI_3004G348400;SORBI_3002G046400","2.878e-01;7.017e-01;6.457e-01;4.282e-01;4.795e-01;2.684e-01;7.224e-01;7.258e-01","acat_p",0,0,5,"Remains_nonsignificant"
"PWY-5453","methylglyoxal degradation III",9,"mvn",0.861935706655652,0.895758765855906,0.887649598994284,0.2,0.978291349548204,0.691933110192397,0.923722920153453,NA,0.879741718044545,0.939307563537145,NA,NA,0.858302833943321,0.929394077026111,NA,NA,NA,NA,NA,NA,0.858302833943321,0.929394077026111,0.447661174813053,1,0.929394077026111,"SORBI_3009G161000;SORBI_3009G037100;SORBI_3004G328601;SORBI_3001G231600;SORBI_3001G231400;SORBI_3001G231700;SORBI_3001G338000;SORBI_3002G046700;SORBI_3002G171600","1.226e-01;5.528e-01;9.557e-01;4.824e-01;8.225e-01;3.681e-01;5.978e-01;7.544e-01;9.738e-01","minp_p_analytic",0,0,5,"Remains_nonsignificant"
"PWY-5326","sulfite oxidation IV",2,"mvn",0.783291701177019,0.861068275583444,0.842195428312466,0.001,0,0.8452757775,0.84560230740873,NA,0.838846233543619,0.919590790783112,NA,NA,0.859122817543649,0.929394077026111,NA,NA,NA,NA,NA,NA,0.859122817543649,0.929394077026111,0.447661174813053,1,0.929394077026111,"SORBI_3009G043500;SORBI_3007G194300","6.067e-01;8.598e-01","acat_p",0,0,5,"Remains_nonsignificant"
"SERSYN-PWY","L-serine biosynthesis I",6,"mvn",0.674194161330626,0.895015645507407,0.8909627677344,0.001,0,0.918770879833779,0.667092623255938,NA,0.861390042207748,0.931846747507063,NA,NA,0.870482590348193,0.939204900112524,NA,NA,NA,NA,NA,NA,0.870482590348193,0.939204900112524,0.452386753227324,1,0.939204900112524,"SORBI_3010G214100;SORBI_3007G145000;SORBI_3006G243400;SORBI_3002G101400;SORBI_3002G101300;SORBI_3001G498500","6.435e-01;5.399e-01;5.783e-01;3.419e-01;6.701e-01;8.888e-01","stouffer_p_analytic",0,0,5,"Remains_nonsignificant"
"PWY-7120","esterified suberin biosynthesis",5,"mvn",0.728286569398882,0.909756030126234,0.881456963733637,0.001,0,0.902508175503753,0.850547227517354,NA,0.874309729413073,0.939307563537145,NA,NA,0.883542329153417,0.949077353531463,NA,NA,NA,NA,NA,NA,0.883542329153417,0.949077353531463,0.457142017119204,1,0.949077353531463,"SORBI_3003G408900;SORBI_3003G368100;SORBI_3003G411100;SORBI_3005G122800;SORBI_3007G144400","6.330e-01;3.722e-01;8.971e-01;7.592e-01;5.916e-01","acat_p",0,0,5,"Remains_nonsignificant"
"PWY-6556","pyrimidine ribonucleosides salvage II",4,"mvn",0.670638966602622,0.883264911172149,0.870652122591519,0.001,0,0.940069411130821,0.783749762501148,NA,0.87440983858687,0.939307563537145,NA,NA,0.884262314753705,0.949077353531463,NA,NA,NA,NA,NA,NA,0.884262314753705,0.949077353531463,0.457142017119204,1,0.949077353531463,"SORBI_3007G169700;SORBI_3003G275300;SORBI_3008G098400;SORBI_3001G261480","5.475e-01;8.100e-01;7.024e-01;5.052e-01","acat_p",0,0,5,"Remains_nonsignificant"
"ALACAT2-PWY","L-alanine degradation II (to D-lactate)",7,"mvn",0.683935075158906,0.925683951503776,0.899369266995515,0.001,0,0.958893976834645,0.699996932227845,NA,0.905484994088098,0.940737813273352,NA,NA,0.893202135957281,0.951550893794154,NA,NA,NA,NA,NA,NA,0.893202135957281,0.951550893794154,0.458333447070519,1,0.951550893794154,"SORBI_3006G165400;SORBI_3001G059100;SORBI_3001G260701;SORBI_3001G260800;SORBI_3002G211300;SORBI_3002G375800;SORBI_3002G006600","7.771e-01;7.967e-01;4.280e-01;3.661e-01;8.642e-01;4.886e-01;6.586e-01","acat_p",0,0,5,"Remains_nonsignificant"
"PWY-5269","cardiolipin biosynthesis II",3,"mvn",0.708138851559981,0.883630639856905,0.857811162902259,0.001,0,0.890352243835353,0.923780366317531,NA,0.877548676065501,0.939307563537145,NA,NA,0.894442111157777,0.951550893794154,NA,NA,NA,NA,NA,NA,0.894442111157777,0.951550893794154,0.458333447070519,1,0.951550893794154,"SORBI_3001G412100;SORBI_3003G324100;SORBI_3003G321900","5.214e-01;7.657e-01;7.692e-01","acat_p",0,0,5,"Remains_nonsignificant"
"PWY-7346","UDP-&alpha;-D-glucuronate biosynthesis (from UDP-glucose)",3,"mvn",0.708321305859123,0.89157124626847,0.857843072393146,0.001,0,0.909765110961523,0.908264870889334,NA,0.878728060529567,0.939307563537145,NA,NA,0.897602047959041,0.951550893794154,NA,NA,NA,NA,NA,NA,0.897602047959041,0.951550893794154,0.458333447070519,1,0.951550893794154,"SORBI_3001G171300;SORBI_3001G084100;SORBI_3001G459800","7.513e-01;5.515e-01;7.695e-01","acat_p",0,0,5,"Remains_nonsignificant"
"LEUSYN-PWY","L-leucine biosynthesis",10,"mvn",0.833840779237226,0.914857208596,0.916441385067565,0.2,0.130464189875231,0.874417677059027,0.887380867497208,NA,0.892361930564678,0.940737813273352,NA,NA,0.899602007959841,0.951550893794154,NA,NA,NA,NA,NA,NA,0.899602007959841,0.951550893794154,0.458333447070519,1,0.951550893794154,"SORBI_3004G023900;SORBI_3004G296800;SORBI_3005G030100;SORBI_3008G012400;SORBI_3001G305600;SORBI_3001G447500;SORBI_3001G540100;SORBI_3001G365200;SORBI_3006G176600;SORBI_3006G275800","7.439e-01;4.659e-01;5.420e-01;7.428e-01;1.874e-01;3.166e-01;7.547e-01;7.446e-01;9.795e-01;5.346e-01","acat_p",0,0,5,"Remains_nonsignificant"
"PWY-5148","acyl-CoA hydrolysis",11,"mvn",0.622720864030106,0.926045822556401,0.901723878439918,0.2,1.01898635706442,0.755408857470908,0.946082950018088,NA,0.895303285189914,0.940737813273352,NA,NA,0.902161956760865,0.951550893794154,NA,NA,NA,NA,NA,NA,0.902161956760865,0.951550893794154,0.458333447070519,1,0.951550893794154,"SORBI_3002G128900;SORBI_3002G265300;SORBI_3006G175900;SORBI_3006G175800;SORBI_3006G085601;SORBI_3007G195300;SORBI_3005G232000;SORBI_3009G114800;SORBI_3003G008200;SORBI_3003G008300;SORBI_3003G378301","6.786e-01;5.928e-01;7.708e-01;8.020e-01;6.996e-01;3.470e-01;4.878e-01;1.202e-01;6.642e-01;6.512e-01;8.683e-01","acat_p",0,0,5,"Remains_nonsignificant"
"PWY-6012","acyl carrier protein metabolism",3,"mvn",0.850791310611099,0.903351620668387,0.857784302723969,0.001,0,0.898785758701773,0.9138706303296,NA,0.890064932325098,0.940737813273352,NA,NA,0.903681926361473,0.951550893794154,NA,NA,NA,NA,NA,NA,0.903681926361473,0.951550893794154,0.458333447070519,1,0.951550893794154,"SORBI_3005G025300;SORBI_3001G537100;SORBI_3006G125500","9.397e-01;6.732e-01;5.340e-01","acat_p",0,0,5,"Remains_nonsignificant"
"PWY-5837","2-carboxy-1,4-naphthoquinol biosynthesis",10,"mvn",0.805185853465701,0.925183588124308,0.914046333344356,0.2,0.225441740128238,0.860323293902959,0.917519002424851,NA,0.898320156692659,0.940737813273352,NA,NA,0.908561828763425,0.951550893794154,NA,NA,NA,NA,NA,NA,0.908561828763425,0.951550893794154,0.458333447070519,1,0.951550893794154,"SORBI_3009G035100;SORBI_3009G035200;SORBI_3008G190900;SORBI_3004G193800;SORBI_3001G131400;SORBI_3004G044200;SORBI_3003G380600;SORBI_3002G180400;SORBI_3009G085400;SORBI_3007G029300","5.529e-01;4.706e-01;4.892e-01;6.526e-01;1.787e-01;8.390e-01;9.477e-01;5.188e-01;9.574e-01;4.849e-01","acat_p",0,0,5,"Remains_nonsignificant"
"PWY-6040","chlorogenic acid biosynthesis II",23,"mvn",0.666730022899926,0.932353702370372,0.948387348841799,0.2,1.66916042385375,0.936478768205392,0.876641234988369,NA,0.916918383046791,0.941921259071951,NA,NA,0.911701765964681,0.951550893794154,NA,NA,NA,NA,NA,NA,0.911701765964681,0.951550893794154,0.458333447070519,1,0.951550893794154,"SORBI_3003G327800;SORBI_3009G181800;SORBI_3007G142200;SORBI_3010G034800;SORBI_3010G066700;SORBI_3010G066601;SORBI_3003G069200;SORBI_3003G068900;SORBI_3003G068300;SORBI_3003G068800;SORBI_3003G068950;SORBI_3003G068600;SORBI_3003G069000;SORBI_3003G082800;SORBI_3004G212300;SORBI_3004G297800;SORBI_3004G328700;SORBI_3007G165800;SORBI_3006G136900;SORBI_3006G136800;SORBI_3002G175600;SORBI_3002G205100;SORBI_3002G205300","7.744e-01;2.020e-01;9.316e-01;6.306e-01;4.767e-01;8.963e-01;7.384e-01;3.899e-01;1.537e-01;2.623e-01;7.644e-01;1.129e-01;8.128e-01;4.565e-01;3.920e-01;2.938e-01;9.470e-01;4.060e-01;6.095e-01;6.137e-01;5.607e-01;7.621e-01;8.167e-01","acat_p",0,0,5,"Remains_nonsignificant"
"GLUTAMATE-DEG1-PWY","L-glutamate degradation I",2,"mvn",0.787310783821047,0.915981506185635,0.842214165984695,0.001,0,0.9503334204,0.75414692310488,NA,0.892232329511233,0.940737813273352,NA,NA,0.913281734365313,0.951550893794154,NA,NA,NA,NA,NA,NA,0.913281734365313,0.951550893794154,0.458333447070519,1,0.951550893794154,"SORBI_3006G165400;SORBI_3001G059100","7.771e-01;7.967e-01","stouffer_p_analytic",0,0,5,"Remains_nonsignificant"
"PWY-7029","terminal olefins biosynthesis II",2,"mvn",0.840529687490862,0.919759381291987,0.84223293152996,0.001,0,0.9104075376,0.910099405264837,NA,0.894050853814021,0.940737813273352,NA,NA,0.914221715565689,0.951550893794154,NA,NA,NA,NA,NA,NA,0.914221715565689,0.951550893794154,0.458333447070519,1,0.951550893794154,"SORBI_3003G365100;SORBI_3002G291350","8.951e-01;7.007e-01","acat_p",0,0,5,"Remains_nonsignificant"
"ARG-PRO-PWY","L-arginine degradation VI (arginase 2 pathway)",4,"mvn",0.750614485030104,0.926566383891914,0.870543622612382,0.001,0,0.933638632262965,0.900420274609342,NA,0.900079930679211,0.940737813273352,NA,NA,0.914621707565849,0.951550893794154,NA,NA,NA,NA,NA,NA,0.914621707565849,0.951550893794154,0.458333447070519,1,0.951550893794154,"SORBI_3006G004500;SORBI_3001G156100;SORBI_3003G424300;SORBI_3007G143600","4.924e-01;6.034e-01;8.254e-01;8.565e-01","acat_p",0,0,5,"Remains_nonsignificant"
"CHLOROPHYLL-SYN","3,8-divinyl-chlorophyllide <i>a</i> biosynthesis I (aerobic, light-dependent)",12,"mvn",0.710285465961435,0.906612017212131,0.930606887121159,0.001,0,0.936280195529822,0.909068739929135,NA,0.908615058673774,0.940737813273352,NA,NA,0.915801683966321,0.951550893794154,NA,NA,NA,NA,NA,NA,0.915801683966321,0.951550893794154,0.458333447070519,1,0.951550893794154,"SORBI_3003G132100;SORBI_3001G383900;SORBI_3007G076700;SORBI_3006G210800;SORBI_3010G022100;SORBI_3008G051000;SORBI_3001G041800;SORBI_3006G264900;SORBI_3003G225100;SORBI_3001G379700;SORBI_3003G137100;SORBI_3006G129700","8.667e-01;3.679e-01;3.857e-01;6.209e-01;2.050e-01;6.764e-01;3.292e-01;3.524e-01;6.228e-01;8.530e-01;7.106e-01;9.484e-01","acat_p",0,0,5,"Remains_nonsignificant"
"PWY1F-467","phenylpropanoid biosynthesis, initial reactions",11,"mvn",0.691964606580552,0.903558031721362,0.925445403288899,0.001,0,0.915484137654687,0.944657145191823,NA,0.911171563853041,0.941008416069891,NA,NA,0.921361572768545,0.951550893794154,NA,NA,NA,NA,NA,NA,0.921361572768545,0.951550893794154,0.458333447070519,1,0.951550893794154,"SORBI_3003G337400;SORBI_3004G141200;SORBI_3002G126600;SORBI_3004G220700;SORBI_3004G220400;SORBI_3004G220500;SORBI_3004G220300;SORBI_3004G220600;SORBI_3001G160500;SORBI_3006G148800;SORBI_3006G148900","5.043e-01;2.012e-01;3.988e-01;8.323e-01;8.588e-01;8.925e-01;8.635e-01;7.575e-01;7.692e-01;2.894e-01;2.499e-01","acat_p",0,0,5,"Remains_nonsignificant"
"PWY-6950","DIMBOA-glucoside biosynthesis",4,"mvn",0.900969514009478,0.875285809275539,0.870567484444325,0.001,0,0.752713762846893,0.960194705013256,NA,0.908049418471686,0.940737813273352,NA,NA,0.923281534369313,0.951550893794154,NA,NA,NA,NA,NA,NA,0.923281534369313,0.951550893794154,0.458333447070519,1,0.951550893794154,"SORBI_3010G054500;SORBI_3010G105100;SORBI_3010G079700;SORBI_3008G112000","6.946e-01;7.537e-01;9.723e-01;2.948e-01","minp_p_analytic",0,0,5,"Remains_nonsignificant"
"PWY4FS-8","phosphatidylglycerol biosynthesis II (non-plastidic)",2,"mvn",0.767420613524762,0.900729880665624,0.842205734345411,0.001,0,0.9450894511,0.927063448913367,NA,0.904117394046134,0.940737813273352,NA,NA,0.923841523169537,0.951550893794154,NA,NA,NA,NA,NA,NA,0.923841523169537,0.951550893794154,0.458333447070519,1,0.951550893794154,"SORBI_3003G324100;SORBI_3003G321900","7.657e-01;7.692e-01","acat_p",0,0,5,"Remains_nonsignificant"
"PWY4FS-7","phosphatidylglycerol biosynthesis I (plastidic)",2,"mvn",0.767420613524762,0.900729880665624,0.842199407124691,0.001,0,0.9450894511,0.927063448913367,NA,0.904116901754857,0.940737813273352,NA,NA,0.924501509969801,0.951550893794154,NA,NA,NA,NA,NA,NA,0.924501509969801,0.951550893794154,0.458333447070519,1,0.951550893794154,"SORBI_3003G324100;SORBI_3003G321900","7.657e-01;7.692e-01","acat_p",0,0,5,"Remains_nonsignificant"
"PWY-6673","caffeoylglucarate biosynthesis",5,"mvn",0.874545701032464,0.843071732670621,0.844715815374633,0.2,1.11793199818785,0.455138506751659,0.974880503964823,NA,0.916640211449635,0.941921259071951,NA,NA,0.926021479570409,0.951550893794154,NA,NA,NA,NA,NA,NA,0.926021479570409,0.951550893794154,0.458333447070519,1,0.951550893794154,"SORBI_3010G244100;SORBI_3005G127200;SORBI_3004G207800;SORBI_3004G207500;SORBI_3004G207600","7.758e-01;1.144e-01;9.687e-01;8.173e-01;8.407e-01","minp_p_analytic",0,0,5,"Remains_nonsignificant"
"PWY-5350","thiosulfate disproportionation IV (rhodanese)",6,"mvn",0.697506120485129,0.897973672785798,0.878024823903016,0.2,0.358971163949493,0.666241736159151,0.974440028100214,NA,0.918947569826294,0.941921259071951,NA,NA,0.931501369972601,0.954788904221916,NA,NA,NA,NA,NA,NA,0.931501369972601,0.954788904221916,0.459893099308445,1,0.954788904221916,"SORBI_3010G270200;SORBI_3010G270300;SORBI_3008G162000;SORBI_3004G053000;SORBI_3004G002600;SORBI_3006G032700","7.799e-01;6.394e-01;7.816e-01;7.502e-01;1.671e-01;8.594e-01","minp_p_analytic",0,0,5,"Remains_nonsignificant"
"PWY-5068","chlorophyll cycle",7,"mvn",0.779415327416302,0.935026400973522,0.899391598112323,0.001,0,0.960941617271645,0.909956758423101,NA,0.924353894524472,0.945099991907814,NA,NA,0.935261294774104,0.956252196651828,NA,NA,NA,NA,NA,NA,0.935261294774104,0.956252196651828,0.460597923262526,1,0.956252196651828,"SORBI_3007G162600;SORBI_3003G010600;SORBI_3003G258500;SORBI_3009G115100;SORBI_3001G150600;SORBI_3003G435800;SORBI_3009G104700","6.992e-01;6.468e-01;7.258e-01;5.196e-01;5.032e-01;9.529e-01;3.708e-01","acat_p",0,0,5,"Remains_nonsignificant"
"PWY-6786","detoxification of reactive carbonyls in chloroplasts",12,"mvn",0.906482183919571,0.961202783591073,0.909269978802045,0.2,0.978291349548204,0.791937714207834,0.975848940168244,NA,0.946274686707883,0.953414746019949,NA,NA,0.942341153176936,0.961094210951602,NA,NA,NA,NA,NA,NA,0.942341153176936,0.961094210951602,0.462930175924211,1,0.961094210951602,"SORBI_3009G161000;SORBI_3003G298200;SORBI_3007G116700;SORBI_3009G037100;SORBI_3004G328601;SORBI_3001G231600;SORBI_3001G231400;SORBI_3001G231700;SORBI_3001G338000;SORBI_3002G046700;SORBI_3002G171600;SORBI_3006G221850","1.226e-01;5.494e-01;9.839e-01;5.528e-01;9.557e-01;4.824e-01;8.225e-01;3.681e-01;5.978e-01;7.544e-01;9.738e-01;5.806e-01","minp_p_analytic",0,0,5,"Remains_nonsignificant"
"ASPARAGINE-DEG1-PWY","L-asparagine degradation I",9,"mvn",0.800290487801019,0.901124879732216,0.913692990976114,0.001,0,0.97204252489119,0.947265968213356,NA,0.938199067622561,0.953414746019949,NA,NA,0.946421071578568,0.961816407236212,NA,NA,NA,NA,NA,NA,0.946421071578568,0.961816407236212,0.463278036154017,1,0.961816407236212,"SORBI_3004G012300;SORBI_3007G005100;SORBI_3001G174700;SORBI_3006G271700;SORBI_3006G243200;SORBI_3004G225000;SORBI_3004G225200;SORBI_3004G225100;SORBI_3006G153700","9.577e-01;6.766e-01;9.404e-01;3.773e-01;3.280e-01;5.589e-01;4.446e-01;6.267e-01;3.774e-01","acat_p",0,0,5,"Remains_nonsignificant"
"GLYCLEAV-PWY","glycine cleavage",8,"mvn",0.806709773561874,0.851850463515014,0.906917177475734,0.001,0,0.976150717687215,0.941513736304357,NA,0.938261502003545,0.953414746019949,NA,NA,0.947741045179096,0.961816407236212,NA,NA,NA,NA,NA,NA,0.947741045179096,0.961816407236212,0.463278036154017,1,0.961816407236212,"SORBI_3004G055700;SORBI_3005G044600;SORBI_3009G052200;SORBI_3009G054600;SORBI_3003G155300;SORBI_3003G152900;SORBI_3006G220800;SORBI_3008G039900","4.165e-01;4.271e-01;8.225e-01;9.711e-01;5.194e-01;3.731e-01;3.762e-01;5.668e-01","acat_p",0,0,5,"Remains_nonsignificant"
"PWY-6483","ceramide degradation",7,"mvn",0.839118491887115,0.95972084543577,0.899338757776329,0.001,0,0.828309455482526,0.974629425342764,NA,0.941531912202814,0.953414746019949,NA,NA,0.95260094798104,0.963239558738237,NA,NA,NA,NA,NA,NA,0.95260094798104,0.963239558738237,0.463963525430398,1,0.963239558738237,"SORBI_3003G317400;SORBI_3007G041500;SORBI_3001G194200;SORBI_3006G163800;SORBI_3002G339666;SORBI_3002G339500;SORBI_3002G339732","5.923e-01;2.225e-01;8.082e-01;5.414e-01;9.400e-01;9.283e-01;8.719e-01","minp_p_analytic",0,0,5,"Remains_nonsignificant"
"LEU-DEG2-PWY","L-leucine degradation I",12,"mvn",0.86431658158877,0.958632338567944,0.927740627508339,0.2,0.130464189875231,0.917069513232936,0.972389966809394,NA,0.946438540561267,0.953414746019949,NA,NA,0.954480910381792,0.963239558738237,NA,NA,NA,NA,NA,NA,0.954480910381792,0.963239558738237,0.463963525430398,1,0.963239558738237,"SORBI_3009G027000;SORBI_3003G126500;SORBI_3005G026100;SORBI_3004G297400;SORBI_3004G297500;SORBI_3008G160700;SORBI_3007G130600;SORBI_3001G305600;SORBI_3001G447500;SORBI_3001G540100;SORBI_3001G365200;SORBI_3006G176600","6.750e-01;3.604e-01;9.473e-01;6.766e-01;4.596e-01;5.611e-01;9.269e-01;1.874e-01;3.166e-01;7.547e-01;7.446e-01;9.795e-01","acat_p",0,0,5,"Remains_nonsignificant"
"PWY-5698","allantoin degradation to ureidoglycolate II (ammonia producing)",3,"mvn",0.794121871467955,0.957925163107208,0.857793977277383,0.001,0,0.978771377516231,0.896789400326194,NA,0.945432364835736,0.953414746019949,NA,NA,0.957760844783104,0.963239558738237,NA,NA,NA,NA,NA,NA,0.957760844783104,0.963239558738237,0.463963525430398,1,0.963239558738237,"SORBI_3002G309900;SORBI_3010G220500;SORBI_3006G270100","8.599e-01;7.231e-01;7.508e-01","acat_p",0,0,5,"Remains_nonsignificant"
"PWY-6039","chlorogenic acid biosynthesis I",35,"mvn",0.681417737503341,0.915176849076374,0.969287944763305,0.2,2.62313634989411,0.984921613718016,0.859696412308208,NA,0.958194095774452,0.9628911256557,NA,NA,0.958540829183416,0.963239558738237,NA,NA,NA,NA,NA,NA,0.958540829183416,0.963239558738237,0.463963525430398,1,0.963239558738237,"SORBI_3003G327800;SORBI_3009G181800;SORBI_3010G052200;SORBI_3007G218800;SORBI_3007G043200;SORBI_3007G218700;SORBI_3007G217200;SORBI_3002G242300;SORBI_3007G142200;SORBI_3010G001400;SORBI_3010G001300;SORBI_3003G360000;SORBI_3009G157100;SORBI_3007G012700;SORBI_3001G251300;SORBI_3010G034800;SORBI_3010G066700;SORBI_3010G066601;SORBI_3003G069200;SORBI_3003G068900;SORBI_3003G068300;SORBI_3003G068800;SORBI_3003G068950;SORBI_3003G068600;SORBI_3003G069000;SORBI_3003G082800;SORBI_3004G212300;SORBI_3004G297800;SORBI_3004G328700;SORBI_3007G165800;SORBI_3006G136900;SORBI_3006G136800;SORBI_3002G175600;SORBI_3002G205100;SORBI_3002G205300","7.744e-01;2.020e-01;2.863e-01;3.446e-01;5.572e-01;3.827e-01;6.874e-01;5.381e-01;9.316e-01;3.536e-01;2.879e-01;2.943e-01;1.241e-01;6.425e-01;9.771e-01;6.306e-01;4.767e-01;8.963e-01;7.384e-01;3.899e-01;1.537e-01;2.623e-01;7.644e-01;1.129e-01;8.128e-01;4.565e-01;3.920e-01;2.938e-01;9.470e-01;4.060e-01;6.095e-01;6.137e-01;5.607e-01;7.621e-01;8.167e-01","acat_p",0,0,5,"Remains_nonsignificant"
"PWY-5692","allantoin degradation to glyoxylate II",2,"mvn",0.87281206756767,0.968531127136212,0.842200740264786,0.001,0,0.9803775936,0.9671494530307,NA,0.960568503743705,0.962917081992468,NA,NA,0.970080598388032,0.972452433591915,NA,NA,NA,NA,NA,NA,0.970080598388032,0.972452433591915,0.468401090164617,1,0.972452433591915,"SORBI_3002G309900;SORBI_3008G153400","8.599e-01;8.836e-01","tfisher_p_analytic",0,0,5,"Remains_nonsignificant"
"PWY-762","phospholipid desaturation",2,"mvn",0.924421919560306,0.980192682667268,0.842221406545203,0.001,0,0.9775929039,0.996319729014838,NA,0.987036169086444,0.987036169086444,NA,NA,0.990980180396392,0.990980180396392,NA,NA,NA,NA,NA,NA,0.990980180396392,0.990980180396392,0.477325348567114,1,0.990980180396392,"SORBI_3008G005600;SORBI_3007G065600","8.503e-01;9.499e-01","tfisher_p_analytic",0,0,5,"Remains_nonsignificant"
