"pathway_id","pathway_name","pathway_omni_p","pathway_FDR","gene","magma_p","magma_FDR","gwas_min_p","gwas_logP"
"GLUCONEO-PWY","gluconeogenesis I",9.99900009999e-05,0.000561587676848754,"SORBI_3009G240700",1.8634e-07,2.6933662893617e-05,5.40957e-09,8.26683725505039
"GLUCONEO-PWY","gluconeogenesis I",9.99900009999e-05,0.000561587676848754,"SORBI_3001G236800",0.0091355,0.176812266951567,NA,NA
"GLUCONEO-PWY","gluconeogenesis I",9.99900009999e-05,0.000561587676848754,"SORBI_3003G072300",0.055333,0.460330633847661,NA,NA
"GLUCONEO-PWY","gluconeogenesis I",9.99900009999e-05,0.000561587676848754,"SORBI_3009G183700",0.061363,0.483712467161754,NA,NA
"GLUCONEO-PWY","gluconeogenesis I",9.99900009999e-05,0.000561587676848754,"SORBI_3003G367500",0.067474,0.503996837837838,NA,NA
"GLUCONEO-PWY","gluconeogenesis I",9.99900009999e-05,0.000561587676848754,"SORBI_3007G166300",0.082398,0.548954416356148,NA,NA
"GLUCONEO-PWY","gluconeogenesis I",9.99900009999e-05,0.000561587676848754,"SORBI_3008G186200",0.093667,0.576209202751629,NA,NA
"GLUCONEO-PWY","gluconeogenesis I",9.99900009999e-05,0.000561587676848754,"SORBI_3001G384100",0.10031,0.592664771264568,NA,NA
"GLUCONEO-PWY","gluconeogenesis I",9.99900009999e-05,0.000561587676848754,"SORBI_3006G198400",0.10142,0.594759532355479,NA,NA
"GLUCONEO-PWY","gluconeogenesis I",9.99900009999e-05,0.000561587676848754,"SORBI_3002G385700",0.16085,0.700591148717949,NA,NA
"GLUCONEO-PWY","gluconeogenesis I",9.99900009999e-05,0.000561587676848754,"SORBI_3008G053200",0.18855,0.736231503621106,NA,NA
"GLUCONEO-PWY","gluconeogenesis I",9.99900009999e-05,0.000561587676848754,"SORBI_3003G036200",0.23015,0.777774014126542,NA,NA
"GLUCONEO-PWY","gluconeogenesis I",9.99900009999e-05,0.000561587676848754,"SORBI_3003G292400",0.26126,0.800919977442931,NA,NA
"GLUCONEO-PWY","gluconeogenesis I",9.99900009999e-05,0.000561587676848754,"SORBI_3007G166200",0.263,0.801543184999103,NA,NA
"GLUCONEO-PWY","gluconeogenesis I",9.99900009999e-05,0.000561587676848754,"SORBI_3002G230600",0.29396,0.825558724371693,NA,NA
"GLUCONEO-PWY","gluconeogenesis I",9.99900009999e-05,0.000561587676848754,"SORBI_3007G137600",0.29767,0.827632917348609,NA,NA
"GLUCONEO-PWY","gluconeogenesis I",9.99900009999e-05,0.000561587676848754,"SORBI_3003G336000",0.3009,0.828914900656881,NA,NA
"GLUCONEO-PWY","gluconeogenesis I",9.99900009999e-05,0.000561587676848754,"SORBI_3009G152700",0.30356,0.830626187871964,NA,NA
"GLUCONEO-PWY","gluconeogenesis I",9.99900009999e-05,0.000561587676848754,"SORBI_3001G073900",0.31585,0.836072081514963,NA,NA
"GLUCONEO-PWY","gluconeogenesis I",9.99900009999e-05,0.000561587676848754,"SORBI_3004G205100",0.33817,0.84656445980731,NA,NA
"GLUCONEO-PWY","gluconeogenesis I",9.99900009999e-05,0.000561587676848754,"SORBI_3004G146000",0.40051,0.870629901446307,NA,NA
"GLUCONEO-PWY","gluconeogenesis I",9.99900009999e-05,0.000561587676848754,"SORBI_3001G219300",0.41965,0.875945019312121,NA,NA
"GLUCONEO-PWY","gluconeogenesis I",9.99900009999e-05,0.000561587676848754,"SORBI_3001G071800",0.43261,0.879349143677817,NA,NA
"GLUCONEO-PWY","gluconeogenesis I",9.99900009999e-05,0.000561587676848754,"SORBI_3008G116600",0.50936,0.896244684740511,NA,NA
"GLUCONEO-PWY","gluconeogenesis I",9.99900009999e-05,0.000561587676848754,"SORBI_3010G188300",0.53703,0.901275175529551,NA,NA
"GLUCONEO-PWY","gluconeogenesis I",9.99900009999e-05,0.000561587676848754,"SORBI_3003G280900",0.54302,0.902164849107361,NA,NA
"GLUCONEO-PWY","gluconeogenesis I",9.99900009999e-05,0.000561587676848754,"SORBI_3002G277100",0.5519,0.903305417147251,NA,NA
"GLUCONEO-PWY","gluconeogenesis I",9.99900009999e-05,0.000561587676848754,"SORBI_3002G309400",0.56764,0.906228197237361,NA,NA
"GLUCONEO-PWY","gluconeogenesis I",9.99900009999e-05,0.000561587676848754,"SORBI_3003G238500",0.57059,0.906300888868292,NA,NA
"GLUCONEO-PWY","gluconeogenesis I",9.99900009999e-05,0.000561587676848754,"SORBI_3001G425400",0.57391,0.906300888868292,NA,NA
"GLUCONEO-PWY","gluconeogenesis I",9.99900009999e-05,0.000561587676848754,"SORBI_3009G108700",0.57521,0.906300888868292,NA,NA
"GLUCONEO-PWY","gluconeogenesis I",9.99900009999e-05,0.000561587676848754,"SORBI_3003G393900",0.59231,0.906458060992465,NA,NA
"GLUCONEO-PWY","gluconeogenesis I",9.99900009999e-05,0.000561587676848754,"SORBI_3004G056400",0.59927,0.90662853205699,NA,NA
"GLUCONEO-PWY","gluconeogenesis I",9.99900009999e-05,0.000561587676848754,"SORBI_3004G055200",0.60467,0.90732356747496,NA,NA
"GLUCONEO-PWY","gluconeogenesis I",9.99900009999e-05,0.000561587676848754,"SORBI_3005G159000",0.63636,0.912350959959581,NA,NA
"GLUCONEO-PWY","gluconeogenesis I",9.99900009999e-05,0.000561587676848754,"SORBI_3010G219700",0.64916,0.912821848343193,NA,NA
"GLUCONEO-PWY","gluconeogenesis I",9.99900009999e-05,0.000561587676848754,"SORBI_3010G100200",0.65632,0.913506754396703,NA,NA
"GLUCONEO-PWY","gluconeogenesis I",9.99900009999e-05,0.000561587676848754,"SORBI_3003G096000",0.66015,0.913694940374787,NA,NA
"GLUCONEO-PWY","gluconeogenesis I",9.99900009999e-05,0.000561587676848754,"SORBI_3010G221800",0.68791,0.918435679685967,NA,NA
"GLUCONEO-PWY","gluconeogenesis I",9.99900009999e-05,0.000561587676848754,"SORBI_3004G338000",0.74167,0.925120676022715,NA,NA
"GLUCONEO-PWY","gluconeogenesis I",9.99900009999e-05,0.000561587676848754,"SORBI_3002G186900",0.7431,0.925120676022715,NA,NA
"GLUCONEO-PWY","gluconeogenesis I",9.99900009999e-05,0.000561587676848754,"SORBI_3001G426100",0.76963,0.926168150286969,NA,NA
"GLUCONEO-PWY","gluconeogenesis I",9.99900009999e-05,0.000561587676848754,"SORBI_3010G026925",0.77103,0.926367266199774,NA,NA
"GLUCONEO-PWY","gluconeogenesis I",9.99900009999e-05,0.000561587676848754,"SORBI_3009G016700",0.78576,0.928110076816609,NA,NA
"GLUCONEO-PWY","gluconeogenesis I",9.99900009999e-05,0.000561587676848754,"SORBI_3009G069600",0.7913,0.928475070014486,NA,NA
"GLUCONEO-PWY","gluconeogenesis I",9.99900009999e-05,0.000561587676848754,"SORBI_3001G432800",0.79228,0.928475070014486,NA,NA
"GLUCONEO-PWY","gluconeogenesis I",9.99900009999e-05,0.000561587676848754,"SORBI_3010G262500",0.79998,0.930250315901157,NA,NA
"GLUCONEO-PWY","gluconeogenesis I",9.99900009999e-05,0.000561587676848754,"SORBI_3007G025400",0.83006,0.933904113108837,NA,NA
"GLUCONEO-PWY","gluconeogenesis I",9.99900009999e-05,0.000561587676848754,"SORBI_3003G352300",0.83862,0.934109190853698,NA,NA
"GLUCONEO-PWY","gluconeogenesis I",9.99900009999e-05,0.000561587676848754,"SORBI_3010G027000",0.84948,0.935660055379234,NA,NA
"GLUCONEO-PWY","gluconeogenesis I",9.99900009999e-05,0.000561587676848754,"SORBI_3003G036000",0.86554,0.938630904156823,NA,NA
"GLUCONEO-PWY","gluconeogenesis I",9.99900009999e-05,0.000561587676848754,"SORBI_3006G170800",0.90788,0.949436264277578,NA,NA
"GLUCONEO-PWY","gluconeogenesis I",9.99900009999e-05,0.000561587676848754,"SORBI_3005G056400",0.90843,0.949581222034159,NA,NA
"GLUCONEO-PWY","gluconeogenesis I",9.99900009999e-05,0.000561587676848754,"SORBI_3010G262433",0.95645,0.968867852200883,NA,NA
"GLUCONEO-PWY","gluconeogenesis I",9.99900009999e-05,0.000561587676848754,"SORBI_3005G154850",0.9686,0.975351807618201,NA,NA
"GLUCONEO-PWY","gluconeogenesis I",9.99900009999e-05,0.000561587676848754,"SORBI_3010G262466",0.96941,0.975751091027617,NA,NA
"GLUGLNSYN-PWY","L-glutamate biosynthesis IV",9.99900009999e-05,0.000561587676848754,"SORBI_3009G225700",1.036e-12,1.11998462727273e-09,1.851683e-14,13.7324333605993
"GLUGLNSYN-PWY","L-glutamate biosynthesis IV",9.99900009999e-05,0.000561587676848754,"SORBI_3004G209300",0.00014783,0.00938568525233645,NA,NA
"GLUGLNSYN-PWY","L-glutamate biosynthesis IV",9.99900009999e-05,0.000561587676848754,"SORBI_3007G174600",0.0056084,0.133497212894184,NA,NA
"GLUGLNSYN-PWY","L-glutamate biosynthesis IV",9.99900009999e-05,0.000561587676848754,"SORBI_3003G258800",0.32362,0.840852682516627,NA,NA
"GLUGLNSYN-PWY","L-glutamate biosynthesis IV",9.99900009999e-05,0.000561587676848754,"SORBI_3010G060800",0.56298,0.905947586696987,NA,NA
"GLUGLNSYN-PWY","L-glutamate biosynthesis IV",9.99900009999e-05,0.000561587676848754,"SORBI_3005G150250",0.78438,0.928070066183642,NA,NA
"GLUTAMINDEG-PWY","L-glutamine degradation I",9.99900009999e-05,0.000561587676848754,"SORBI_3009G225700",1.036e-12,1.11998462727273e-09,1.851683e-14,13.7324333605993
"GLUTAMINDEG-PWY","L-glutamine degradation I",9.99900009999e-05,0.000561587676848754,"SORBI_3009G239500",3.126e-09,8.42705095238095e-07,1.966017e-11,10.7064127311762
"GLUTAMINDEG-PWY","L-glutamine degradation I",9.99900009999e-05,0.000561587676848754,"SORBI_3009G239301",1.958e-08,3.88932081871345e-06,1.966017e-11,10.7064127311762
"GLUTAMINDEG-PWY","L-glutamine degradation I",9.99900009999e-05,0.000561587676848754,"SORBI_3004G209300",0.00014783,0.00938568525233645,NA,NA
"GLUTAMINDEG-PWY","L-glutamine degradation I",9.99900009999e-05,0.000561587676848754,"SORBI_3006G028000",0.0024477,0.0821551639328063,NA,NA
"GLUTAMINDEG-PWY","L-glutamine degradation I",9.99900009999e-05,0.000561587676848754,"SORBI_3007G174600",0.0056084,0.133497212894184,NA,NA
"GLUTAMINDEG-PWY","L-glutamine degradation I",9.99900009999e-05,0.000561587676848754,"SORBI_3003G241000",0.011137,0.197747244641924,NA,NA
"GLUTAMINDEG-PWY","L-glutamine degradation I",9.99900009999e-05,0.000561587676848754,"SORBI_3006G027900",0.031033,0.347657622361478,NA,NA
"GLUTAMINDEG-PWY","L-glutamine degradation I",9.99900009999e-05,0.000561587676848754,"SORBI_3003G193700",0.043081,0.409637269370629,NA,NA
"GLUTAMINDEG-PWY","L-glutamine degradation I",9.99900009999e-05,0.000561587676848754,"SORBI_3008G139800",0.13319,0.660640293516355,NA,NA
"GLUTAMINDEG-PWY","L-glutamine degradation I",9.99900009999e-05,0.000561587676848754,"SORBI_3005G139300",0.13693,0.667111490246701,NA,NA
"GLUTAMINDEG-PWY","L-glutamine degradation I",9.99900009999e-05,0.000561587676848754,"SORBI_3002G005600",0.2289,0.77671817400859,NA,NA
"GLUTAMINDEG-PWY","L-glutamine degradation I",9.99900009999e-05,0.000561587676848754,"SORBI_3005G143500",0.29113,0.824210074912602,NA,NA
"GLUTAMINDEG-PWY","L-glutamine degradation I",9.99900009999e-05,0.000561587676848754,"SORBI_3006G237100",0.2991,0.828075167195509,NA,NA
"GLUTAMINDEG-PWY","L-glutamine degradation I",9.99900009999e-05,0.000561587676848754,"SORBI_3003G258800",0.32362,0.840852682516627,NA,NA
"GLUTAMINDEG-PWY","L-glutamine degradation I",9.99900009999e-05,0.000561587676848754,"SORBI_3003G221200",0.41697,0.874962894119101,NA,NA
"GLUTAMINDEG-PWY","L-glutamine degradation I",9.99900009999e-05,0.000561587676848754,"SORBI_3004G028500",0.47882,0.891684888317092,NA,NA
"GLUTAMINDEG-PWY","L-glutamine degradation I",9.99900009999e-05,0.000561587676848754,"SORBI_3008G127100",0.51521,0.89788952339466,NA,NA
"GLUTAMINDEG-PWY","L-glutamine degradation I",9.99900009999e-05,0.000561587676848754,"SORBI_3004G265900",0.54553,0.902535181309321,NA,NA
"GLUTAMINDEG-PWY","L-glutamine degradation I",9.99900009999e-05,0.000561587676848754,"SORBI_3010G060800",0.56298,0.905947586696987,NA,NA
"GLUTAMINDEG-PWY","L-glutamine degradation I",9.99900009999e-05,0.000561587676848754,"SORBI_3003G017300",0.564,0.90595706344354,NA,NA
"GLUTAMINDEG-PWY","L-glutamine degradation I",9.99900009999e-05,0.000561587676848754,"SORBI_3005G003200",0.57212,0.906300888868292,NA,NA
"GLUTAMINDEG-PWY","L-glutamine degradation I",9.99900009999e-05,0.000561587676848754,"SORBI_3002G402700",0.60909,0.907882935111657,NA,NA
"GLUTAMINDEG-PWY","L-glutamine degradation I",9.99900009999e-05,0.000561587676848754,"SORBI_3001G151700",0.69039,0.918797834502214,NA,NA
"GLUTAMINDEG-PWY","L-glutamine degradation I",9.99900009999e-05,0.000561587676848754,"SORBI_3002G301700",0.73749,0.924376632107147,NA,NA
"GLUTAMINDEG-PWY","L-glutamine degradation I",9.99900009999e-05,0.000561587676848754,"SORBI_3001G406800",0.7645,0.925206523675491,NA,NA
"GLUTAMINDEG-PWY","L-glutamine degradation I",9.99900009999e-05,0.000561587676848754,"SORBI_3002G301600",0.77003,0.926175926778317,NA,NA
"GLUTAMINDEG-PWY","L-glutamine degradation I",9.99900009999e-05,0.000561587676848754,"SORBI_3005G150250",0.78438,0.928070066183642,NA,NA
"GLUTAMINDEG-PWY","L-glutamine degradation I",9.99900009999e-05,0.000561587676848754,"SORBI_3007G104300",0.7905,0.928312344522418,NA,NA
"GLUTAMINDEG-PWY","L-glutamine degradation I",9.99900009999e-05,0.000561587676848754,"SORBI_3001G265500",0.79107,0.928475070014486,NA,NA
"GLUTAMINDEG-PWY","L-glutamine degradation I",9.99900009999e-05,0.000561587676848754,"SORBI_3010G110000",0.80159,0.930265820360508,NA,NA
"GLUTAMINDEG-PWY","L-glutamine degradation I",9.99900009999e-05,0.000561587676848754,"SORBI_3006G278500",0.83573,0.934109190853698,NA,NA
"GLUTAMINDEG-PWY","L-glutamine degradation I",9.99900009999e-05,0.000561587676848754,"SORBI_3001G432300",0.90333,0.947643527595046,NA,NA
"GLUTAMINDEG-PWY","L-glutamine degradation I",9.99900009999e-05,0.000561587676848754,"SORBI_3002G301500",0.91478,0.951729351588104,NA,NA
"GLYOXYLATE-BYPASS","glyoxylate cycle",9.99900009999e-05,0.000561587676848754,"SORBI_3009G240700",1.8634e-07,2.6933662893617e-05,5.40957e-09,8.26683725505039
"GLYOXYLATE-BYPASS","glyoxylate cycle",9.99900009999e-05,0.000561587676848754,"SORBI_3002G324000",0.023232,0.297108939759036,NA,NA
"GLYOXYLATE-BYPASS","glyoxylate cycle",9.99900009999e-05,0.000561587676848754,"SORBI_3006G000100",0.029245,0.336391776159837,NA,NA
"GLYOXYLATE-BYPASS","glyoxylate cycle",9.99900009999e-05,0.000561587676848754,"SORBI_3008G186200",0.093667,0.576209202751629,NA,NA
"GLYOXYLATE-BYPASS","glyoxylate cycle",9.99900009999e-05,0.000561587676848754,"SORBI_3002G316900",0.095081,0.580022319820628,NA,NA
"GLYOXYLATE-BYPASS","glyoxylate cycle",9.99900009999e-05,0.000561587676848754,"SORBI_3002G385700",0.16085,0.700591148717949,NA,NA
"GLYOXYLATE-BYPASS","glyoxylate cycle",9.99900009999e-05,0.000561587676848754,"SORBI_3007G137600",0.29767,0.827632917348609,NA,NA
"GLYOXYLATE-BYPASS","glyoxylate cycle",9.99900009999e-05,0.000561587676848754,"SORBI_3001G073900",0.31585,0.836072081514963,NA,NA
"GLYOXYLATE-BYPASS","glyoxylate cycle",9.99900009999e-05,0.000561587676848754,"SORBI_3004G101900",0.34077,0.847856328010548,NA,NA
"GLYOXYLATE-BYPASS","glyoxylate cycle",9.99900009999e-05,0.000561587676848754,"SORBI_3001G219300",0.41965,0.875945019312121,NA,NA
"GLYOXYLATE-BYPASS","glyoxylate cycle",9.99900009999e-05,0.000561587676848754,"SORBI_3001G512800",0.54559,0.902535181309321,NA,NA
"GLYOXYLATE-BYPASS","glyoxylate cycle",9.99900009999e-05,0.000561587676848754,"SORBI_3002G309400",0.56764,0.906228197237361,NA,NA
"GLYOXYLATE-BYPASS","glyoxylate cycle",9.99900009999e-05,0.000561587676848754,"SORBI_3003G238500",0.57059,0.906300888868292,NA,NA
"GLYOXYLATE-BYPASS","glyoxylate cycle",9.99900009999e-05,0.000561587676848754,"SORBI_3007G068100",0.61591,0.909424324745616,NA,NA
"GLYOXYLATE-BYPASS","glyoxylate cycle",9.99900009999e-05,0.000561587676848754,"SORBI_3006G127100",0.66176,0.913694940374787,NA,NA
"GLYOXYLATE-BYPASS","glyoxylate cycle",9.99900009999e-05,0.000561587676848754,"SORBI_3004G078000",0.86163,0.937807742617385,NA,NA
"GLYOXYLATE-BYPASS","glyoxylate cycle",9.99900009999e-05,0.000561587676848754,"SORBI_3006G170800",0.90788,0.949436264277578,NA,NA
"HOMOSER-THRESYN-PWY","L-threonine biosynthesis",9.99900009999e-05,0.000561587676848754,"SORBI_3009G220000",8.2762e-06,0.00080988845545977,NA,NA
"HOMOSER-THRESYN-PWY","L-threonine biosynthesis",9.99900009999e-05,0.000561587676848754,"SORBI_3003G265400",0.01062,0.192076157978723,NA,NA
"HOMOSER-THRESYN-PWY","L-threonine biosynthesis",9.99900009999e-05,0.000561587676848754,"SORBI_3004G357900",0.59069,0.906458060992465,NA,NA
"LIPASYN-PWY","phospholipases",9.99900009999e-05,0.000561587676848754,"SORBI_3009G240600",3.1217e-08,5.76275999456522e-06,5.40957e-09,8.26683725505039
"LIPASYN-PWY","phospholipases",9.99900009999e-05,0.000561587676848754,"SORBI_3009G240500",5.317e-08,9.07550447236181e-06,5.40957e-09,8.26683725505039
"LIPASYN-PWY","phospholipases",9.99900009999e-05,0.000561587676848754,"SORBI_3003G239200",0.0083956,0.170660290365051,NA,NA
"LIPASYN-PWY","phospholipases",9.99900009999e-05,0.000561587676848754,"SORBI_3003G147000",0.021603,0.285724745036979,NA,NA
"LIPASYN-PWY","phospholipases",9.99900009999e-05,0.000561587676848754,"SORBI_3002G204500",0.023727,0.301122466940605,NA,NA
"LIPASYN-PWY","phospholipases",9.99900009999e-05,0.000561587676848754,"SORBI_3003G239500",0.024441,0.306455314507198,NA,NA
"LIPASYN-PWY","phospholipases",9.99900009999e-05,0.000561587676848754,"SORBI_3002G430500",0.026485,0.320424452635328,NA,NA
"LIPASYN-PWY","phospholipases",9.99900009999e-05,0.000561587676848754,"SORBI_3009G014600",0.026844,0.322878675388967,NA,NA
"LIPASYN-PWY","phospholipases",9.99900009999e-05,0.000561587676848754,"SORBI_3001G029200",0.036344,0.376027002132196,NA,NA
"LIPASYN-PWY","phospholipases",9.99900009999e-05,0.000561587676848754,"SORBI_3009G110000",0.036705,0.378545406800243,NA,NA
"LIPASYN-PWY","phospholipases",9.99900009999e-05,0.000561587676848754,"SORBI_3001G295700",0.039443,0.393584130728555,NA,NA
"LIPASYN-PWY","phospholipases",9.99900009999e-05,0.000561587676848754,"SORBI_3008G090600",0.063878,0.491559589034889,NA,NA
"LIPASYN-PWY","phospholipases",9.99900009999e-05,0.000561587676848754,"SORBI_3004G300100",0.065403,0.496934475626118,NA,NA
"LIPASYN-PWY","phospholipases",9.99900009999e-05,0.000561587676848754,"SORBI_3010G185600",0.067584,0.504200687019548,NA,NA
"LIPASYN-PWY","phospholipases",9.99900009999e-05,0.000561587676848754,"SORBI_3010G228100",0.096524,0.582143236505682,NA,NA
"LIPASYN-PWY","phospholipases",9.99900009999e-05,0.000561587676848754,"SORBI_3005G002000",0.1115,0.617632175472929,NA,NA
"LIPASYN-PWY","phospholipases",9.99900009999e-05,0.000561587676848754,"SORBI_3007G187000",0.11622,0.627170227128335,NA,NA
"LIPASYN-PWY","phospholipases",9.99900009999e-05,0.000561587676848754,"SORBI_3001G288200",0.12259,0.637511278874101,NA,NA
"LIPASYN-PWY","phospholipases",9.99900009999e-05,0.000561587676848754,"SORBI_3007G158800",0.12671,0.645658351335133,NA,NA
"LIPASYN-PWY","phospholipases",9.99900009999e-05,0.000561587676848754,"SORBI_3009G062600",0.13945,0.670115581329562,NA,NA
"LIPASYN-PWY","phospholipases",9.99900009999e-05,0.000561587676848754,"SORBI_3005G203800",0.19155,0.739529307797227,NA,NA
"LIPASYN-PWY","phospholipases",9.99900009999e-05,0.000561587676848754,"SORBI_3002G401900",0.19834,0.74540260205775,NA,NA
"LIPASYN-PWY","phospholipases",9.99900009999e-05,0.000561587676848754,"SORBI_3001G320200",0.21019,0.757991690200658,NA,NA
"LIPASYN-PWY","phospholipases",9.99900009999e-05,0.000561587676848754,"SORBI_3001G348600",0.22547,0.773736622891201,NA,NA
"LIPASYN-PWY","phospholipases",9.99900009999e-05,0.000561587676848754,"SORBI_3003G074500",0.24592,0.790209417879418,NA,NA
"LIPASYN-PWY","phospholipases",9.99900009999e-05,0.000561587676848754,"SORBI_3001G365100",0.26503,0.80344611155734,NA,NA
"LIPASYN-PWY","phospholipases",9.99900009999e-05,0.000561587676848754,"SORBI_3002G098900",0.2659,0.804066824,NA,NA
"LIPASYN-PWY","phospholipases",9.99900009999e-05,0.000561587676848754,"SORBI_3003G239100",0.28069,0.816562494437789,NA,NA
"LIPASYN-PWY","phospholipases",9.99900009999e-05,0.000561587676848754,"SORBI_3003G389400",0.29742,0.82763094832528,NA,NA
"LIPASYN-PWY","phospholipases",9.99900009999e-05,0.000561587676848754,"SORBI_3010G159900",0.31231,0.833932028450173,NA,NA
"LIPASYN-PWY","phospholipases",9.99900009999e-05,0.000561587676848754,"SORBI_3006G214500",0.33183,0.843594761619639,NA,NA
"LIPASYN-PWY","phospholipases",9.99900009999e-05,0.000561587676848754,"SORBI_3002G282500",0.3336,0.845058632261914,NA,NA
"LIPASYN-PWY","phospholipases",9.99900009999e-05,0.000561587676848754,"SORBI_3008G183400",0.33817,0.84656445980731,NA,NA
"LIPASYN-PWY","phospholipases",9.99900009999e-05,0.000561587676848754,"SORBI_3001G120400",0.33907,0.846727737832672,NA,NA
"LIPASYN-PWY","phospholipases",9.99900009999e-05,0.000561587676848754,"SORBI_3003G391000",0.35142,0.852168167677488,NA,NA
"LIPASYN-PWY","phospholipases",9.99900009999e-05,0.000561587676848754,"SORBI_3001G067500",0.36741,0.858129660411081,NA,NA
"LIPASYN-PWY","phospholipases",9.99900009999e-05,0.000561587676848754,"SORBI_3009G027800",0.36895,0.858334588339705,NA,NA
"LIPASYN-PWY","phospholipases",9.99900009999e-05,0.000561587676848754,"SORBI_3005G186100",0.37135,0.858725623471883,NA,NA
"LIPASYN-PWY","phospholipases",9.99900009999e-05,0.000561587676848754,"SORBI_3002G320900",0.37316,0.858929848495051,NA,NA
"LIPASYN-PWY","phospholipases",9.99900009999e-05,0.000561587676848754,"SORBI_3002G228700",0.37813,0.86067613891863,NA,NA
"LIPASYN-PWY","phospholipases",9.99900009999e-05,0.000561587676848754,"SORBI_3003G029200",0.38697,0.863803058931739,NA,NA
"LIPASYN-PWY","phospholipases",9.99900009999e-05,0.000561587676848754,"SORBI_3003G074600",0.38771,0.863918085496984,NA,NA
"LIPASYN-PWY","phospholipases",9.99900009999e-05,0.000561587676848754,"SORBI_3005G111400",0.41035,0.873023808092196,NA,NA
"LIPASYN-PWY","phospholipases",9.99900009999e-05,0.000561587676848754,"SORBI_3001G433900",0.42879,0.877727533209112,NA,NA
"LIPASYN-PWY","phospholipases",9.99900009999e-05,0.000561587676848754,"SORBI_3001G158200",0.43808,0.880206307928449,NA,NA
"LIPASYN-PWY","phospholipases",9.99900009999e-05,0.000561587676848754,"SORBI_3002G377600",0.44556,0.883498921190893,NA,NA
"LIPASYN-PWY","phospholipases",9.99900009999e-05,0.000561587676848754,"SORBI_3004G297600",0.46695,0.889481287572903,NA,NA
"LIPASYN-PWY","phospholipases",9.99900009999e-05,0.000561587676848754,"SORBI_3008G170100",0.48691,0.892526606276286,NA,NA
"LIPASYN-PWY","phospholipases",9.99900009999e-05,0.000561587676848754,"SORBI_3001G529800",0.50744,0.896001426570524,NA,NA
"LIPASYN-PWY","phospholipases",9.99900009999e-05,0.000561587676848754,"SORBI_3002G262300",0.51079,0.896244684740511,NA,NA
"LIPASYN-PWY","phospholipases",9.99900009999e-05,0.000561587676848754,"SORBI_3001G279800",0.51126,0.896354310932177,NA,NA
"LIPASYN-PWY","phospholipases",9.99900009999e-05,0.000561587676848754,"SORBI_3002G409500",0.52446,0.900133217044479,NA,NA
"LIPASYN-PWY","phospholipases",9.99900009999e-05,0.000561587676848754,"SORBI_3003G274700",0.53428,0.900632758928129,NA,NA
"LIPASYN-PWY","phospholipases",9.99900009999e-05,0.000561587676848754,"SORBI_3009G109925",0.53453,0.900632758928129,NA,NA
"LIPASYN-PWY","phospholipases",9.99900009999e-05,0.000561587676848754,"SORBI_3005G145100",0.53887,0.901399116155399,NA,NA
"LIPASYN-PWY","phospholipases",9.99900009999e-05,0.000561587676848754,"SORBI_3007G158600",0.56467,0.90595706344354,NA,NA
"LIPASYN-PWY","phospholipases",9.99900009999e-05,0.000561587676848754,"SORBI_3010G160000",0.57231,0.906300888868292,NA,NA
"LIPASYN-PWY","phospholipases",9.99900009999e-05,0.000561587676848754,"SORBI_3004G357800",0.5727,0.906300888868292,NA,NA
"LIPASYN-PWY","phospholipases",9.99900009999e-05,0.000561587676848754,"SORBI_3007G158500",0.57473,0.906300888868292,NA,NA
"LIPASYN-PWY","phospholipases",9.99900009999e-05,0.000561587676848754,"SORBI_3009G149700",0.58044,0.906458060992465,NA,NA
"LIPASYN-PWY","phospholipases",9.99900009999e-05,0.000561587676848754,"SORBI_3010G159700",0.58425,0.906458060992465,NA,NA
"LIPASYN-PWY","phospholipases",9.99900009999e-05,0.000561587676848754,"SORBI_3004G016900",0.58695,0.906458060992465,NA,NA
"LIPASYN-PWY","phospholipases",9.99900009999e-05,0.000561587676848754,"SORBI_3010G160033",0.5913,0.906458060992465,NA,NA
"LIPASYN-PWY","phospholipases",9.99900009999e-05,0.000561587676848754,"SORBI_3002G177200",0.59581,0.906458060992465,NA,NA
"LIPASYN-PWY","phospholipases",9.99900009999e-05,0.000561587676848754,"SORBI_3003G432600",0.59595,0.906458060992465,NA,NA
"LIPASYN-PWY","phospholipases",9.99900009999e-05,0.000561587676848754,"SORBI_3007G036900",0.59848,0.906458060992465,NA,NA
"LIPASYN-PWY","phospholipases",9.99900009999e-05,0.000561587676848754,"SORBI_3005G159400",0.62209,0.90978857628724,NA,NA
"LIPASYN-PWY","phospholipases",9.99900009999e-05,0.000561587676848754,"SORBI_3005G186200",0.62373,0.910380940787496,NA,NA
"LIPASYN-PWY","phospholipases",9.99900009999e-05,0.000561587676848754,"SORBI_3003G050400",0.62646,0.91103322491261,NA,NA
"LIPASYN-PWY","phospholipases",9.99900009999e-05,0.000561587676848754,"SORBI_3001G157900",0.63351,0.911917738231431,NA,NA
"LIPASYN-PWY","phospholipases",9.99900009999e-05,0.000561587676848754,"SORBI_3006G276100",0.6362,0.912350959959581,NA,NA
"LIPASYN-PWY","phospholipases",9.99900009999e-05,0.000561587676848754,"SORBI_3005G032700",0.65673,0.913506754396703,NA,NA
"LIPASYN-PWY","phospholipases",9.99900009999e-05,0.000561587676848754,"SORBI_3001G448800",0.68079,0.916872033454891,NA,NA
"LIPASYN-PWY","phospholipases",9.99900009999e-05,0.000561587676848754,"SORBI_3001G373200",0.69682,0.919873557851718,NA,NA
"LIPASYN-PWY","phospholipases",9.99900009999e-05,0.000561587676848754,"SORBI_3009G135100",0.70723,0.920341599418115,NA,NA
"LIPASYN-PWY","phospholipases",9.99900009999e-05,0.000561587676848754,"SORBI_3003G370600",0.70837,0.920385651392289,NA,NA
"LIPASYN-PWY","phospholipases",9.99900009999e-05,0.000561587676848754,"SORBI_3001G349800",0.72044,0.922085643728354,NA,NA
"LIPASYN-PWY","phospholipases",9.99900009999e-05,0.000561587676848754,"SORBI_3001G429900",0.72677,0.923171451697323,NA,NA
"LIPASYN-PWY","phospholipases",9.99900009999e-05,0.000561587676848754,"SORBI_3005G170100",0.72955,0.92376537920512,NA,NA
"LIPASYN-PWY","phospholipases",9.99900009999e-05,0.000561587676848754,"SORBI_3003G390900",0.7461,0.925120676022715,NA,NA
"LIPASYN-PWY","phospholipases",9.99900009999e-05,0.000561587676848754,"SORBI_3005G186400",0.74856,0.925120676022715,NA,NA
"LIPASYN-PWY","phospholipases",9.99900009999e-05,0.000561587676848754,"SORBI_3008G002000",0.75378,0.925136537196951,NA,NA
"LIPASYN-PWY","phospholipases",9.99900009999e-05,0.000561587676848754,"SORBI_3001G408001",0.76333,0.925196496222919,NA,NA
"LIPASYN-PWY","phospholipases",9.99900009999e-05,0.000561587676848754,"SORBI_3009G125300",0.79597,0.929553096359448,NA,NA
"LIPASYN-PWY","phospholipases",9.99900009999e-05,0.000561587676848754,"SORBI_3009G117500",0.79676,0.929680217242089,NA,NA
"LIPASYN-PWY","phospholipases",9.99900009999e-05,0.000561587676848754,"SORBI_3001G157700",0.8044,0.93054523644163,NA,NA
"LIPASYN-PWY","phospholipases",9.99900009999e-05,0.000561587676848754,"SORBI_3003G038000",0.81263,0.93181928062654,NA,NA
"LIPASYN-PWY","phospholipases",9.99900009999e-05,0.000561587676848754,"SORBI_3003G370500",0.8132,0.932040909704414,NA,NA
"LIPASYN-PWY","phospholipases",9.99900009999e-05,0.000561587676848754,"SORBI_3003G418700",0.81802,0.932181008755745,NA,NA
"LIPASYN-PWY","phospholipases",9.99900009999e-05,0.000561587676848754,"SORBI_3008G135401",0.8245,0.933071306172757,NA,NA
"LIPASYN-PWY","phospholipases",9.99900009999e-05,0.000561587676848754,"SORBI_3007G011300",0.83261,0.934028043298901,NA,NA
"LIPASYN-PWY","phospholipases",9.99900009999e-05,0.000561587676848754,"SORBI_3001G008600",0.8338,0.934109190853698,NA,NA
"LIPASYN-PWY","phospholipases",9.99900009999e-05,0.000561587676848754,"SORBI_3001G103800",0.8351,0.934109190853698,NA,NA
"LIPASYN-PWY","phospholipases",9.99900009999e-05,0.000561587676848754,"SORBI_3008G166050",0.84028,0.934167517913817,NA,NA
"LIPASYN-PWY","phospholipases",9.99900009999e-05,0.000561587676848754,"SORBI_3003G029000",0.8483,0.935660055379234,NA,NA
"LIPASYN-PWY","phospholipases",9.99900009999e-05,0.000561587676848754,"SORBI_3005G219100",0.84995,0.935660055379234,NA,NA
"LIPASYN-PWY","phospholipases",9.99900009999e-05,0.000561587676848754,"SORBI_3005G219000",0.84995,0.935660055379234,NA,NA
"LIPASYN-PWY","phospholipases",9.99900009999e-05,0.000561587676848754,"SORBI_3003G107900",0.88229,0.942572231482937,NA,NA
"LIPASYN-PWY","phospholipases",9.99900009999e-05,0.000561587676848754,"SORBI_3005G222500",0.89752,0.94583069270381,NA,NA
"LIPASYN-PWY","phospholipases",9.99900009999e-05,0.000561587676848754,"SORBI_3002G031800",0.90128,0.947283210949582,NA,NA
"LIPASYN-PWY","phospholipases",9.99900009999e-05,0.000561587676848754,"SORBI_3010G047800",0.91636,0.952558249280862,NA,NA
"LIPASYN-PWY","phospholipases",9.99900009999e-05,0.000561587676848754,"SORBI_3002G213300",0.91989,0.953979605556404,NA,NA
"LIPASYN-PWY","phospholipases",9.99900009999e-05,0.000561587676848754,"SORBI_3007G158700",0.93925,0.961412269467213,NA,NA
"LIPASYN-PWY","phospholipases",9.99900009999e-05,0.000561587676848754,"SORBI_3003G430100",0.96465,0.973072388857542,NA,NA
"LIPASYN-PWY","phospholipases",9.99900009999e-05,0.000561587676848754,"SORBI_3005G018900",0.96716,0.97438895803055,NA,NA
"LIPASYN-PWY","phospholipases",9.99900009999e-05,0.000561587676848754,"SORBI_3010G209900",0.97295,0.978046541876295,NA,NA
"PHOSLIPSYN2-PWY","superpathway of phospholipid biosynthesis II (plants)",9.99900009999e-05,0.000561587676848754,"SORBI_3009G225100",3.2776e-12,2.14475476538462e-09,1.638796e-12,11.7854751047507
"PHOSLIPSYN2-PWY","superpathway of phospholipid biosynthesis II (plants)",9.99900009999e-05,0.000561587676848754,"SORBI_3010G223300",0.095047,0.580022319820628,NA,NA
"PHOSLIPSYN2-PWY","superpathway of phospholipid biosynthesis II (plants)",9.99900009999e-05,0.000561587676848754,"SORBI_3006G060000",0.37476,0.858929848495051,NA,NA
"PHOSLIPSYN2-PWY","superpathway of phospholipid biosynthesis II (plants)",9.99900009999e-05,0.000561587676848754,"SORBI_3003G095800",0.5447,0.902535181309321,NA,NA
"PWY-1269","CMP-3-deoxy-D-<I>manno</I>-octulosonate biosynthesis",9.99900009999e-05,0.000561587676848754,"SORBI_3009G231100",8.9936e-14,1.77094502722222e-10,4.820819e-15,14.316879174009
"PWY-1269","CMP-3-deoxy-D-<I>manno</I>-octulosonate biosynthesis",9.99900009999e-05,0.000561587676848754,"SORBI_3008G075200",0.19616,0.743385777083566,NA,NA
"PWY-1269","CMP-3-deoxy-D-<I>manno</I>-octulosonate biosynthesis",9.99900009999e-05,0.000561587676848754,"SORBI_3004G047400",0.94191,0.962481783640685,NA,NA
"PWY-2161B","glutamate removal from folates",9.99900009999e-05,0.000561587676848754,"SORBI_3009G199100",0.00062066,0.0294852562517482,NA,NA
"PWY-2161B","glutamate removal from folates",9.99900009999e-05,0.000561587676848754,"SORBI_3009G199200",0.00063858,0.0299594569889503,NA,NA
"PWY-2161B","glutamate removal from folates",9.99900009999e-05,0.000561587676848754,"SORBI_3009G199001",0.0012994,0.0510251095953757,NA,NA
"PWY-2161B-PMN","folate polyglutamylation II",9.99900009999e-05,0.000561587676848754,"SORBI_3009G199100",0.00062066,0.0294852562517482,NA,NA
"PWY-2161B-PMN","folate polyglutamylation II",9.99900009999e-05,0.000561587676848754,"SORBI_3009G199200",0.00063858,0.0299594569889503,NA,NA
"PWY-2161B-PMN","folate polyglutamylation II",9.99900009999e-05,0.000561587676848754,"SORBI_3009G199001",0.0012994,0.0510251095953757,NA,NA
"PWY-2161B-PMN","folate polyglutamylation II",9.99900009999e-05,0.000561587676848754,"SORBI_3001G201900",0.054386,0.45759951994055,NA,NA
"PWY-2161B-PMN","folate polyglutamylation II",9.99900009999e-05,0.000561587676848754,"SORBI_3001G535500",0.25142,0.793109747563805,NA,NA
"PWY-2681","<i>trans</i>-zeatin biosynthesis",9.99900009999e-05,0.000561587676848754,"SORBI_3009G223100",2.234e-07,3.13563132231405e-05,5.206204e-09,8.28347881848984
"PWY-2681","<i>trans</i>-zeatin biosynthesis",9.99900009999e-05,0.000561587676848754,"SORBI_3009G254900",1.446e-06,0.000167632361774744,4.02088e-08,7.3956788878808
"PWY-2681","<i>trans</i>-zeatin biosynthesis",9.99900009999e-05,0.000561587676848754,"SORBI_3009G214600",0.0025934,0.0852759126815102,NA,NA
"PWY-2681","<i>trans</i>-zeatin biosynthesis",9.99900009999e-05,0.000561587676848754,"SORBI_3001G042901",0.0050811,0.127278557300885,NA,NA
"PWY-2681","<i>trans</i>-zeatin biosynthesis",9.99900009999e-05,0.000561587676848754,"SORBI_3002G076700",0.0055344,0.132946934087694,NA,NA
"PWY-2681","<i>trans</i>-zeatin biosynthesis",9.99900009999e-05,0.000561587676848754,"SORBI_3006G149300",0.0060648,0.140808654545455,NA,NA
"PWY-2681","<i>trans</i>-zeatin biosynthesis",9.99900009999e-05,0.000561587676848754,"SORBI_3007G133600",0.063605,0.491127764264606,NA,NA
"PWY-2681","<i>trans</i>-zeatin biosynthesis",9.99900009999e-05,0.000561587676848754,"SORBI_3002G286400",0.16863,0.711783948577816,NA,NA
"PWY-2681","<i>trans</i>-zeatin biosynthesis",9.99900009999e-05,0.000561587676848754,"SORBI_3002G197000",0.37741,0.859964142349232,NA,NA
"PWY-2681","<i>trans</i>-zeatin biosynthesis",9.99900009999e-05,0.000561587676848754,"SORBI_3006G059900",0.40323,0.871253226114042,NA,NA
"PWY-2681","<i>trans</i>-zeatin biosynthesis",9.99900009999e-05,0.000561587676848754,"SORBI_3003G273700",0.42495,0.877623679090412,NA,NA
"PWY-2681","<i>trans</i>-zeatin biosynthesis",9.99900009999e-05,0.000561587676848754,"SORBI_3001G374200",0.52678,0.900398034984551,NA,NA
"PWY-2681","<i>trans</i>-zeatin biosynthesis",9.99900009999e-05,0.000561587676848754,"SORBI_3002G102900",0.58553,0.906458060992465,NA,NA
"PWY-2681","<i>trans</i>-zeatin biosynthesis",9.99900009999e-05,0.000561587676848754,"SORBI_3001G217700",0.61072,0.908165932930567,NA,NA
"PWY-2681","<i>trans</i>-zeatin biosynthesis",9.99900009999e-05,0.000561587676848754,"SORBI_3001G004500",0.65042,0.913029815687247,NA,NA
"PWY-2681","<i>trans</i>-zeatin biosynthesis",9.99900009999e-05,0.000561587676848754,"SORBI_3003G202200",0.77306,0.92668937451547,NA,NA
"PWY-2681","<i>trans</i>-zeatin biosynthesis",9.99900009999e-05,0.000561587676848754,"SORBI_3001G127700",0.7771,0.927054545231158,NA,NA
"PWY-2681","<i>trans</i>-zeatin biosynthesis",9.99900009999e-05,0.000561587676848754,"SORBI_3003G162200",0.81026,0.931563140400758,NA,NA
"PWY-2681","<i>trans</i>-zeatin biosynthesis",9.99900009999e-05,0.000561587676848754,"SORBI_3003G261700",0.82618,0.933255027062926,NA,NA
"PWY-2681","<i>trans</i>-zeatin biosynthesis",9.99900009999e-05,0.000561587676848754,"SORBI_3004G352000",0.84719,0.935660055379234,NA,NA
"PWY-2681","<i>trans</i>-zeatin biosynthesis",9.99900009999e-05,0.000561587676848754,"SORBI_3004G221100",0.98017,0.983055206389512,NA,NA
"PWY-2781","<i>cis</i>-zeatin biosynthesis",9.99900009999e-05,0.000561587676848754,"SORBI_3009G223100",2.234e-07,3.13563132231405e-05,5.206204e-09,8.28347881848984
"PWY-2781","<i>cis</i>-zeatin biosynthesis",9.99900009999e-05,0.000561587676848754,"SORBI_3002G407800",0.25518,0.79587754175078,NA,NA
"PWY-2781","<i>cis</i>-zeatin biosynthesis",9.99900009999e-05,0.000561587676848754,"SORBI_3010G277700",0.48062,0.892059077199477,NA,NA
"PWY-2781","<i>cis</i>-zeatin biosynthesis",9.99900009999e-05,0.000561587676848754,"SORBI_3003G442000",0.62668,0.91103322491261,NA,NA
"PWY-3385","choline biosynthesis I",9.99900009999e-05,0.000561587676848754,"SORBI_3009G218900",1.5166e-05,0.00135208273490814,6.230986e-08,7.20544322453236
"PWY-3385","choline biosynthesis I",9.99900009999e-05,0.000561587676848754,"SORBI_3009G211000",3.9876e-05,0.0030644074479638,NA,NA
"PWY-3385","choline biosynthesis I",9.99900009999e-05,0.000561587676848754,"SORBI_3004G291700",0.042946,0.408926895208742,NA,NA
"PWY-3385","choline biosynthesis I",9.99900009999e-05,0.000561587676848754,"SORBI_3003G266500",0.058005,0.471353070574163,NA,NA
"PWY-3385","choline biosynthesis I",9.99900009999e-05,0.000561587676848754,"SORBI_3003G266600",0.12097,0.635279528447743,NA,NA
"PWY-3385","choline biosynthesis I",9.99900009999e-05,0.000561587676848754,"SORBI_3002G214400",0.17962,0.725943160147426,NA,NA
"PWY-3385","choline biosynthesis I",9.99900009999e-05,0.000561587676848754,"SORBI_3009G120400",0.33127,0.843594761619639,NA,NA
"PWY-3385","choline biosynthesis I",9.99900009999e-05,0.000561587676848754,"SORBI_3003G277700",0.42098,0.876136735494149,NA,NA
"PWY-3385","choline biosynthesis I",9.99900009999e-05,0.000561587676848754,"SORBI_3003G354500",0.42928,0.877727533209112,NA,NA
"PWY-3385","choline biosynthesis I",9.99900009999e-05,0.000561587676848754,"SORBI_3003G040700",0.6629,0.913694940374787,NA,NA
"PWY-3385","choline biosynthesis I",9.99900009999e-05,0.000561587676848754,"SORBI_3001G219800",0.82652,0.933255027062926,NA,NA
"PWY-3385","choline biosynthesis I",9.99900009999e-05,0.000561587676848754,"SORBI_3002G053600",0.90603,0.948619721657111,NA,NA
"PWY-3462","L-phenylalanine biosynthesis II",9.99900009999e-05,0.000561587676848754,"SORBI_3006G066200",0.00015423,0.00975555011173184,NA,NA
"PWY-3462","L-phenylalanine biosynthesis II",9.99900009999e-05,0.000561587676848754,"SORBI_3004G065500",0.18852,0.736198992871925,NA,NA
"PWY-3462","L-phenylalanine biosynthesis II",9.99900009999e-05,0.000561587676848754,"SORBI_3007G141500",0.53716,0.901275175529551,NA,NA
"PWY-3462","L-phenylalanine biosynthesis II",9.99900009999e-05,0.000561587676848754,"SORBI_3002G133100",0.65667,0.913506754396703,NA,NA
"PWY-3462","L-phenylalanine biosynthesis II",9.99900009999e-05,0.000561587676848754,"SORBI_3003G306100",0.75901,0.925196496222919,NA,NA
"PWY-3462","L-phenylalanine biosynthesis II",9.99900009999e-05,0.000561587676848754,"SORBI_3001G320700",0.81914,0.932547096557965,NA,NA
"PWY-3781","aerobic respiration I (cytochrome c)",9.99900009999e-05,0.000561587676848754,"SORBI_3009G238700",1.5258e-12,1.28859199512195e-09,1.317376e-12,11.8802902528138
"PWY-3781","aerobic respiration I (cytochrome c)",9.99900009999e-05,0.000561587676848754,"SORBI_3009G241200",5.884e-09,1.41745977304965e-06,1.939035e-09,8.71241435174147
"PWY-3781","aerobic respiration I (cytochrome c)",9.99900009999e-05,0.000561587676848754,"SORBI_3009G250700",2.7754e-07,3.81668063967611e-05,2.146291e-08,7.66831139554509
"PWY-3781","aerobic respiration I (cytochrome c)",9.99900009999e-05,0.000561587676848754,"SORBI_3009G245600",9.3112e-07,0.000111757431236749,1.841017e-09,8.73494220119066
"PWY-3781","aerobic respiration I (cytochrome c)",9.99900009999e-05,0.000561587676848754,"SORBI_3009G254200",1.3811e-05,0.00126107052956989,NA,NA
"PWY-3781","aerobic respiration I (cytochrome c)",9.99900009999e-05,0.000561587676848754,"SORBI_3007G006800",1.4532e-05,0.00130930621750663,7.163477e-08,7.14487612917495
"PWY-3781","aerobic respiration I (cytochrome c)",9.99900009999e-05,0.000561587676848754,"SORBI_3001G016100",4.4192e-05,0.00335060192857143,NA,NA
"PWY-3781","aerobic respiration I (cytochrome c)",9.99900009999e-05,0.000561587676848754,"SORBI_3001G016300",7.7138e-05,0.00536915255327869,NA,NA
"PWY-3781","aerobic respiration I (cytochrome c)",9.99900009999e-05,0.000561587676848754,"SORBI_3009G211100",0.00011545,0.00762935826848249,NA,NA
"PWY-3781","aerobic respiration I (cytochrome c)",9.99900009999e-05,0.000561587676848754,"SORBI_3009G251600",0.0002037,0.0122461555752212,NA,NA
"PWY-3781","aerobic respiration I (cytochrome c)",9.99900009999e-05,0.000561587676848754,"SORBI_3007G171500",0.00036796,0.019713718170347,NA,NA
"PWY-3781","aerobic respiration I (cytochrome c)",9.99900009999e-05,0.000561587676848754,"SORBI_3001G134200",0.000538,0.0265228534107402,NA,NA
"PWY-3781","aerobic respiration I (cytochrome c)",9.99900009999e-05,0.000561587676848754,"SORBI_3006G073600",0.00066177,0.0308280769589041,NA,NA
"PWY-3781","aerobic respiration I (cytochrome c)",9.99900009999e-05,0.000561587676848754,"SORBI_3001G212200",0.00069987,0.031909374885906,NA,NA
"PWY-3781","aerobic respiration I (cytochrome c)",9.99900009999e-05,0.000561587676848754,"SORBI_3006G058900",0.00082058,0.0364825142146597,NA,NA
"PWY-3781","aerobic respiration I (cytochrome c)",9.99900009999e-05,0.000561587676848754,"SORBI_3009G209400",0.0012,0.0480745205188679,NA,NA
"PWY-3781","aerobic respiration I (cytochrome c)",9.99900009999e-05,0.000561587676848754,"SORBI_3006G069100",0.001261,0.0497906512195122,NA,NA
"PWY-3781","aerobic respiration I (cytochrome c)",9.99900009999e-05,0.000561587676848754,"SORBI_3004G342100",0.0035843,0.104684366380052,NA,NA
"PWY-3781","aerobic respiration I (cytochrome c)",9.99900009999e-05,0.000561587676848754,"SORBI_3009G210800",0.0046105,0.120930388803089,NA,NA
"PWY-3781","aerobic respiration I (cytochrome c)",9.99900009999e-05,0.000561587676848754,"SORBI_3002G390200",0.0066112,0.148128384168865,NA,NA
"PWY-3781","aerobic respiration I (cytochrome c)",9.99900009999e-05,0.000561587676848754,"SORBI_3006G149500",0.0079852,0.166471519559902,NA,NA
"PWY-3781","aerobic respiration I (cytochrome c)",9.99900009999e-05,0.000561587676848754,"SORBI_3006G085900",0.0090608,0.176038344685714,NA,NA
"PWY-3781","aerobic respiration I (cytochrome c)",9.99900009999e-05,0.000561587676848754,"SORBI_3001G206700",0.014213,0.226308718837863,8.348061e-08,7.07841438616784
"PWY-3781","aerobic respiration I (cytochrome c)",9.99900009999e-05,0.000561587676848754,"SORBI_3006G153300",0.015816,0.240459004026846,NA,NA
"PWY-3781","aerobic respiration I (cytochrome c)",9.99900009999e-05,0.000561587676848754,"SORBI_3002G389200",0.017929,0.258720607476636,NA,NA
"PWY-3781","aerobic respiration I (cytochrome c)",9.99900009999e-05,0.000561587676848754,"SORBI_3009G155400",0.023208,0.297025672946496,NA,NA
"PWY-3781","aerobic respiration I (cytochrome c)",9.99900009999e-05,0.000561587676848754,"SORBI_3009G191400",0.026746,0.322270798864846,NA,NA
"PWY-3781","aerobic respiration I (cytochrome c)",9.99900009999e-05,0.000561587676848754,"SORBI_3010G134600",0.028128,0.329615208104396,NA,NA
"PWY-3781","aerobic respiration I (cytochrome c)",9.99900009999e-05,0.000561587676848754,"SORBI_3004G255300",0.029263,0.336484875084631,NA,NA
"PWY-3781","aerobic respiration I (cytochrome c)",9.99900009999e-05,0.000561587676848754,"SORBI_3008G099900",0.03002,0.341147320173971,NA,NA
"PWY-3781","aerobic respiration I (cytochrome c)",9.99900009999e-05,0.000561587676848754,"SORBI_3009G205000",0.030253,0.342306346102598,NA,NA
"PWY-3781","aerobic respiration I (cytochrome c)",9.99900009999e-05,0.000561587676848754,"SORBI_3003G306800",0.032797,0.357318024374599,NA,NA
"PWY-3781","aerobic respiration I (cytochrome c)",9.99900009999e-05,0.000561587676848754,"SORBI_3003G299200",0.036044,0.374634806609547,NA,NA
"PWY-3781","aerobic respiration I (cytochrome c)",9.99900009999e-05,0.000561587676848754,"SORBI_3006G109400",0.03693,0.379671694007264,NA,NA
"PWY-3781","aerobic respiration I (cytochrome c)",9.99900009999e-05,0.000561587676848754,"SORBI_3010G015700",0.040281,0.398086915042188,NA,NA
"PWY-3781","aerobic respiration I (cytochrome c)",9.99900009999e-05,0.000561587676848754,"SORBI_3006G204600",0.044332,0.415056517089305,NA,NA
"PWY-3781","aerobic respiration I (cytochrome c)",9.99900009999e-05,0.000561587676848754,"SORBI_3007G179600",0.045816,0.423349312295974,NA,NA
"PWY-3781","aerobic respiration I (cytochrome c)",9.99900009999e-05,0.000561587676848754,"SORBI_3007G172300",0.054298,0.457291473227566,NA,NA
"PWY-3781","aerobic respiration I (cytochrome c)",9.99900009999e-05,0.000561587676848754,"SORBI_3004G176500",0.054451,0.457646920583869,NA,NA
"PWY-3781","aerobic respiration I (cytochrome c)",9.99900009999e-05,0.000561587676848754,"SORBI_3010G201266",0.056928,0.466902739014969,NA,NA
"PWY-3781","aerobic respiration I (cytochrome c)",9.99900009999e-05,0.000561587676848754,"SORBI_3004G027700",0.058615,0.473334866001426,NA,NA
"PWY-3781","aerobic respiration I (cytochrome c)",9.99900009999e-05,0.000561587676848754,"SORBI_3010G189200",0.066647,0.501320813383392,NA,NA
"PWY-3781","aerobic respiration I (cytochrome c)",9.99900009999e-05,0.000561587676848754,"SORBI_3003G172966",0.079467,0.539959109621924,NA,NA
"PWY-3781","aerobic respiration I (cytochrome c)",9.99900009999e-05,0.000561587676848754,"SORBI_3003G173032",0.079467,0.539959109621924,NA,NA
"PWY-3781","aerobic respiration I (cytochrome c)",9.99900009999e-05,0.000561587676848754,"SORBI_3004G312000",0.081507,0.546109043940887,NA,NA
"PWY-3781","aerobic respiration I (cytochrome c)",9.99900009999e-05,0.000561587676848754,"SORBI_3003G142400",0.084116,0.554036876478573,NA,NA
"PWY-3781","aerobic respiration I (cytochrome c)",9.99900009999e-05,0.000561587676848754,"SORBI_3006G089900",0.086381,0.560050281924031,NA,NA
"PWY-3781","aerobic respiration I (cytochrome c)",9.99900009999e-05,0.000561587676848754,"SORBI_3006G146400",0.093269,0.57543477432825,NA,NA
"PWY-3781","aerobic respiration I (cytochrome c)",9.99900009999e-05,0.000561587676848754,"SORBI_3002G034400",0.095908,0.581531044440478,NA,NA
"PWY-3781","aerobic respiration I (cytochrome c)",9.99900009999e-05,0.000561587676848754,"SORBI_3010G015200",0.098596,0.587770827664797,NA,NA
"PWY-3781","aerobic respiration I (cytochrome c)",9.99900009999e-05,0.000561587676848754,"SORBI_3009G134400",0.10913,0.611495637473198,NA,NA
"PWY-3781","aerobic respiration I (cytochrome c)",9.99900009999e-05,0.000561587676848754,"SORBI_3002G149550",0.1163,0.627340336668255,NA,NA
"PWY-3781","aerobic respiration I (cytochrome c)",9.99900009999e-05,0.000561587676848754,"SORBI_3006G114300",0.1176,0.62918092254408,NA,NA
"PWY-3781","aerobic respiration I (cytochrome c)",9.99900009999e-05,0.000561587676848754,"SORBI_3005G008400",0.1258,0.643628347642717,NA,NA
"PWY-3781","aerobic respiration I (cytochrome c)",9.99900009999e-05,0.000561587676848754,"SORBI_3004G155100",0.12769,0.64706045502014,NA,NA
"PWY-3781","aerobic respiration I (cytochrome c)",9.99900009999e-05,0.000561587676848754,"SORBI_3003G030100",0.13848,0.669240266040689,NA,NA
"PWY-3781","aerobic respiration I (cytochrome c)",9.99900009999e-05,0.000561587676848754,"SORBI_3005G212201",0.13899,0.66952378240544,NA,NA
"PWY-3781","aerobic respiration I (cytochrome c)",9.99900009999e-05,0.000561587676848754,"SORBI_3010G138700",0.14126,0.671450645025885,NA,NA
"PWY-3781","aerobic respiration I (cytochrome c)",9.99900009999e-05,0.000561587676848754,"SORBI_3003G014700",0.14264,0.674188472241547,NA,NA
"PWY-3781","aerobic respiration I (cytochrome c)",9.99900009999e-05,0.000561587676848754,"SORBI_3001G347100",0.14619,0.678829218045113,NA,NA
"PWY-3781","aerobic respiration I (cytochrome c)",9.99900009999e-05,0.000561587676848754,"SORBI_3005G110400",0.15102,0.685273693825843,NA,NA
"PWY-3781","aerobic respiration I (cytochrome c)",9.99900009999e-05,0.000561587676848754,"SORBI_3010G255800",0.15177,0.685892101902355,NA,NA
"PWY-3781","aerobic respiration I (cytochrome c)",9.99900009999e-05,0.000561587676848754,"SORBI_3002G111700",0.15248,0.686453036447979,NA,NA
"PWY-3781","aerobic respiration I (cytochrome c)",9.99900009999e-05,0.000561587676848754,"SORBI_3001G073600",0.15254,0.686540211976682,NA,NA
"PWY-3781","aerobic respiration I (cytochrome c)",9.99900009999e-05,0.000561587676848754,"SORBI_3003G440600",0.15799,0.696032807313278,NA,NA
"PWY-3781","aerobic respiration I (cytochrome c)",9.99900009999e-05,0.000561587676848754,"SORBI_3003G277100",0.15903,0.697632960092987,NA,NA
"PWY-3781","aerobic respiration I (cytochrome c)",9.99900009999e-05,0.000561587676848754,"SORBI_3004G291100",0.16126,0.701256999103828,NA,NA
"PWY-3781","aerobic respiration I (cytochrome c)",9.99900009999e-05,0.000561587676848754,"SORBI_3004G250100",0.1697,0.71400964944878,NA,NA
"PWY-3781","aerobic respiration I (cytochrome c)",9.99900009999e-05,0.000561587676848754,"SORBI_3004G141600",0.17313,0.719968989960823,NA,NA
"PWY-3781","aerobic respiration I (cytochrome c)",9.99900009999e-05,0.000561587676848754,"SORBI_3003G237100",0.17389,0.720918722262863,NA,NA
"PWY-3781","aerobic respiration I (cytochrome c)",9.99900009999e-05,0.000561587676848754,"SORBI_3003G202700",0.17507,0.721598545520493,NA,NA
"PWY-3781","aerobic respiration I (cytochrome c)",9.99900009999e-05,0.000561587676848754,"SORBI_3003G286200",0.17844,0.724228878002151,NA,NA
"PWY-3781","aerobic respiration I (cytochrome c)",9.99900009999e-05,0.000561587676848754,"SORBI_3010G258600",0.18202,0.729002869944582,NA,NA
"PWY-3781","aerobic respiration I (cytochrome c)",9.99900009999e-05,0.000561587676848754,"SORBI_3001G436600",0.18291,0.729973293785974,NA,NA
"PWY-3781","aerobic respiration I (cytochrome c)",9.99900009999e-05,0.000561587676848754,"SORBI_3004G199400",0.18366,0.73080756206089,NA,NA
"PWY-3781","aerobic respiration I (cytochrome c)",9.99900009999e-05,0.000561587676848754,"SORBI_3001G117600",0.18407,0.731520497250497,NA,NA
"PWY-3781","aerobic respiration I (cytochrome c)",9.99900009999e-05,0.000561587676848754,"SORBI_3001G069300",0.18581,0.733202633596654,NA,NA
"PWY-3781","aerobic respiration I (cytochrome c)",9.99900009999e-05,0.000561587676848754,"SORBI_3001G161100",0.18669,0.734201601250434,NA,NA
"PWY-3781","aerobic respiration I (cytochrome c)",9.99900009999e-05,0.000561587676848754,"SORBI_3004G174800",0.18963,0.737117315259666,NA,NA
"PWY-3781","aerobic respiration I (cytochrome c)",9.99900009999e-05,0.000561587676848754,"SORBI_3002G292300",0.19391,0.741637053591533,NA,NA
"PWY-3781","aerobic respiration I (cytochrome c)",9.99900009999e-05,0.000561587676848754,"SORBI_3001G115700",0.19858,0.745502657164954,NA,NA
"PWY-3781","aerobic respiration I (cytochrome c)",9.99900009999e-05,0.000561587676848754,"SORBI_3005G110550",0.20255,0.750027480932665,NA,NA
"PWY-3781","aerobic respiration I (cytochrome c)",9.99900009999e-05,0.000561587676848754,"SORBI_3007G182600",0.20297,0.750684014590592,NA,NA
"PWY-3781","aerobic respiration I (cytochrome c)",9.99900009999e-05,0.000561587676848754,"SORBI_3004G303466",0.20398,0.751636869169017,NA,NA
"PWY-3781","aerobic respiration I (cytochrome c)",9.99900009999e-05,0.000561587676848754,"SORBI_3010G256000",0.20518,0.753769095825222,NA,NA
"PWY-3781","aerobic respiration I (cytochrome c)",9.99900009999e-05,0.000561587676848754,"SORBI_3002G185100",0.20642,0.755362599849284,NA,NA
"PWY-3781","aerobic respiration I (cytochrome c)",9.99900009999e-05,0.000561587676848754,"SORBI_3008G009300",0.21598,0.765647558127411,NA,NA
"PWY-3781","aerobic respiration I (cytochrome c)",9.99900009999e-05,0.000561587676848754,"SORBI_3005G044900",0.21996,0.769918666666667,NA,NA
"PWY-3781","aerobic respiration I (cytochrome c)",9.99900009999e-05,0.000561587676848754,"SORBI_3005G081000",0.2247,0.773056305074445,NA,NA
"PWY-3781","aerobic respiration I (cytochrome c)",9.99900009999e-05,0.000561587676848754,"SORBI_3009G013800",0.22631,0.774736389644404,NA,NA
"PWY-3781","aerobic respiration I (cytochrome c)",9.99900009999e-05,0.000561587676848754,"SORBI_3007G069101",0.2364,0.785520097809077,NA,NA
"PWY-3781","aerobic respiration I (cytochrome c)",9.99900009999e-05,0.000561587676848754,"SORBI_3001G286200",0.24434,0.790209417879418,NA,NA
"PWY-3781","aerobic respiration I (cytochrome c)",9.99900009999e-05,0.000561587676848754,"SORBI_3001G513000",0.247,0.790898284313725,NA,NA
"PWY-3781","aerobic respiration I (cytochrome c)",9.99900009999e-05,0.000561587676848754,"SORBI_3003G377200",0.24951,0.791728944962687,NA,NA
"PWY-3781","aerobic respiration I (cytochrome c)",9.99900009999e-05,0.000561587676848754,"SORBI_3001G423200",0.25335,0.79454714312062,NA,NA
"PWY-3781","aerobic respiration I (cytochrome c)",9.99900009999e-05,0.000561587676848754,"SORBI_3003G289500",0.25351,0.79454714312062,NA,NA
"PWY-3781","aerobic respiration I (cytochrome c)",9.99900009999e-05,0.000561587676848754,"SORBI_3006G266000",0.26171,0.801263427698391,NA,NA
"PWY-3781","aerobic respiration I (cytochrome c)",9.99900009999e-05,0.000561587676848754,"SORBI_3002G167400",0.26247,0.801263427698391,NA,NA
"PWY-3781","aerobic respiration I (cytochrome c)",9.99900009999e-05,0.000561587676848754,"SORBI_3003G168600",0.26798,0.806028217479855,NA,NA
"PWY-3781","aerobic respiration I (cytochrome c)",9.99900009999e-05,0.000561587676848754,"SORBI_3002G267600",0.27212,0.809385255646997,NA,NA
"PWY-3781","aerobic respiration I (cytochrome c)",9.99900009999e-05,0.000561587676848754,"SORBI_3003G137300",0.27363,0.811016151298588,NA,NA
"PWY-3781","aerobic respiration I (cytochrome c)",9.99900009999e-05,0.000561587676848754,"SORBI_3003G420000",0.27869,0.814933129304408,NA,NA
"PWY-3781","aerobic respiration I (cytochrome c)",9.99900009999e-05,0.000561587676848754,"SORBI_3006G085800",0.28523,0.819244649649227,NA,NA
"PWY-3781","aerobic respiration I (cytochrome c)",9.99900009999e-05,0.000561587676848754,"SORBI_3006G061000",0.28744,0.820735917955615,NA,NA
"PWY-3781","aerobic respiration I (cytochrome c)",9.99900009999e-05,0.000561587676848754,"SORBI_3009G176000",0.2928,0.825230219389022,NA,NA
"PWY-3781","aerobic respiration I (cytochrome c)",9.99900009999e-05,0.000561587676848754,"SORBI_3003G182501",0.29452,0.825868705184208,NA,NA
"PWY-3781","aerobic respiration I (cytochrome c)",9.99900009999e-05,0.000561587676848754,"SORBI_3002G385200",0.30603,0.831190555821754,NA,NA
"PWY-3781","aerobic respiration I (cytochrome c)",9.99900009999e-05,0.000561587676848754,"SORBI_3007G211500",0.30927,0.832736749108204,NA,NA
"PWY-3781","aerobic respiration I (cytochrome c)",9.99900009999e-05,0.000561587676848754,"SORBI_3001G520700",0.31265,0.83419387479381,NA,NA
"PWY-3781","aerobic respiration I (cytochrome c)",9.99900009999e-05,0.000561587676848754,"SORBI_3007G133500",0.31345,0.834771373255996,NA,NA
"PWY-3781","aerobic respiration I (cytochrome c)",9.99900009999e-05,0.000561587676848754,"SORBI_3010G181000",0.31455,0.835352919240091,NA,NA
"PWY-3781","aerobic respiration I (cytochrome c)",9.99900009999e-05,0.000561587676848754,"SORBI_3001G052100",0.3213,0.84059826712856,NA,NA
"PWY-3781","aerobic respiration I (cytochrome c)",9.99900009999e-05,0.000561587676848754,"SORBI_3001G292800",0.32307,0.840852682516627,NA,NA
"PWY-3781","aerobic respiration I (cytochrome c)",9.99900009999e-05,0.000561587676848754,"SORBI_3008G147400",0.33503,0.845768711929877,NA,NA
"PWY-3781","aerobic respiration I (cytochrome c)",9.99900009999e-05,0.000561587676848754,"SORBI_3001G251750",0.33797,0.84656445980731,NA,NA
"PWY-3781","aerobic respiration I (cytochrome c)",9.99900009999e-05,0.000561587676848754,"SORBI_3009G095720",0.34123,0.848280084894614,NA,NA
"PWY-3781","aerobic respiration I (cytochrome c)",9.99900009999e-05,0.000561587676848754,"SORBI_3003G333200",0.34138,0.848404604184958,NA,NA
"PWY-3781","aerobic respiration I (cytochrome c)",9.99900009999e-05,0.000561587676848754,"SORBI_3007G015300",0.34356,0.849051483636364,NA,NA
"PWY-3781","aerobic respiration I (cytochrome c)",9.99900009999e-05,0.000561587676848754,"SORBI_3001G033600",0.34695,0.849811728190339,NA,NA
"PWY-3781","aerobic respiration I (cytochrome c)",9.99900009999e-05,0.000561587676848754,"SORBI_3002G110400",0.34849,0.850356524420856,NA,NA
"PWY-3781","aerobic respiration I (cytochrome c)",9.99900009999e-05,0.000561587676848754,"SORBI_3001G478900",0.35854,0.854333790249036,NA,NA
"PWY-3781","aerobic respiration I (cytochrome c)",9.99900009999e-05,0.000561587676848754,"SORBI_3004G356600",0.36003,0.854945400587248,NA,NA
"PWY-3781","aerobic respiration I (cytochrome c)",9.99900009999e-05,0.000561587676848754,"SORBI_3008G009500",0.36198,0.856329806420166,NA,NA
"PWY-3781","aerobic respiration I (cytochrome c)",9.99900009999e-05,0.000561587676848754,"SORBI_3003G119100",0.36254,0.856653647304348,NA,NA
"PWY-3781","aerobic respiration I (cytochrome c)",9.99900009999e-05,0.000561587676848754,"SORBI_3002G200500",0.36973,0.858334588339705,NA,NA
"PWY-3781","aerobic respiration I (cytochrome c)",9.99900009999e-05,0.000561587676848754,"SORBI_3007G226400",0.37659,0.859693533516742,NA,NA
"PWY-3781","aerobic respiration I (cytochrome c)",9.99900009999e-05,0.000561587676848754,"SORBI_3001G094600",0.38231,0.861804189718076,NA,NA
"PWY-3781","aerobic respiration I (cytochrome c)",9.99900009999e-05,0.000561587676848754,"SORBI_3007G208400",0.38508,0.86258037388724,NA,NA
"PWY-3781","aerobic respiration I (cytochrome c)",9.99900009999e-05,0.000561587676848754,"SORBI_3007G168400",0.38879,0.864388250997841,NA,NA
"PWY-3781","aerobic respiration I (cytochrome c)",9.99900009999e-05,0.000561587676848754,"SORBI_3006G272300",0.39022,0.865634975182863,NA,NA
"PWY-3781","aerobic respiration I (cytochrome c)",9.99900009999e-05,0.000561587676848754,"SORBI_3007G137800",0.39048,0.865815925321496,NA,NA
"PWY-3781","aerobic respiration I (cytochrome c)",9.99900009999e-05,0.000561587676848754,"SORBI_3001G282300",0.40246,0.871253226114042,NA,NA
"PWY-3781","aerobic respiration I (cytochrome c)",9.99900009999e-05,0.000561587676848754,"SORBI_3003G239000",0.40812,0.872555991831605,NA,NA
"PWY-3781","aerobic respiration I (cytochrome c)",9.99900009999e-05,0.000561587676848754,"SORBI_3002G356400",0.41036,0.873023808092196,NA,NA
"PWY-3781","aerobic respiration I (cytochrome c)",9.99900009999e-05,0.000561587676848754,"SORBI_3003G419800",0.41263,0.873651251631347,NA,NA
"PWY-3781","aerobic respiration I (cytochrome c)",9.99900009999e-05,0.000561587676848754,"SORBI_3002G358900",0.41466,0.873876549029337,NA,NA
"PWY-3781","aerobic respiration I (cytochrome c)",9.99900009999e-05,0.000561587676848754,"SORBI_3002G120200",0.415,0.873885355526626,NA,NA
"PWY-3781","aerobic respiration I (cytochrome c)",9.99900009999e-05,0.000561587676848754,"SORBI_3002G198801",0.41669,0.874948933671262,NA,NA
"PWY-3781","aerobic respiration I (cytochrome c)",9.99900009999e-05,0.000561587676848754,"SORBI_3003G034900",0.41682,0.874962894119101,NA,NA
"PWY-3781","aerobic respiration I (cytochrome c)",9.99900009999e-05,0.000561587676848754,"SORBI_3006G192600",0.42004,0.875945019312121,NA,NA
"PWY-3781","aerobic respiration I (cytochrome c)",9.99900009999e-05,0.000561587676848754,"SORBI_3001G072000",0.43069,0.878211503781967,NA,NA
"PWY-3781","aerobic respiration I (cytochrome c)",9.99900009999e-05,0.000561587676848754,"SORBI_3004G282000",0.43101,0.878520140388769,NA,NA
"PWY-3781","aerobic respiration I (cytochrome c)",9.99900009999e-05,0.000561587676848754,"SORBI_3010G098800",0.43594,0.880206307928449,NA,NA
"PWY-3781","aerobic respiration I (cytochrome c)",9.99900009999e-05,0.000561587676848754,"SORBI_3008G179000",0.44102,0.881644776961505,NA,NA
"PWY-3781","aerobic respiration I (cytochrome c)",9.99900009999e-05,0.000561587676848754,"SORBI_3003G128000",0.44346,0.88262493793911,NA,NA
"PWY-3781","aerobic respiration I (cytochrome c)",9.99900009999e-05,0.000561587676848754,"SORBI_3010G085000",0.44686,0.883849934214356,NA,NA
"PWY-3781","aerobic respiration I (cytochrome c)",9.99900009999e-05,0.000561587676848754,"SORBI_3010G067000",0.44961,0.884546635584385,NA,NA
"PWY-3781","aerobic respiration I (cytochrome c)",9.99900009999e-05,0.000561587676848754,"SORBI_3009G136200",0.45,0.884738319249913,NA,NA
"PWY-3781","aerobic respiration I (cytochrome c)",9.99900009999e-05,0.000561587676848754,"SORBI_3001G010000",0.45083,0.884997348576708,NA,NA
"PWY-3781","aerobic respiration I (cytochrome c)",9.99900009999e-05,0.000561587676848754,"SORBI_3002G254500",0.45359,0.885848580545015,NA,NA
"PWY-3781","aerobic respiration I (cytochrome c)",9.99900009999e-05,0.000561587676848754,"SORBI_3008G088812",0.45602,0.885913390469661,NA,NA
"PWY-3781","aerobic respiration I (cytochrome c)",9.99900009999e-05,0.000561587676848754,"SORBI_3008G170600",0.45629,0.885913390469661,NA,NA
"PWY-3781","aerobic respiration I (cytochrome c)",9.99900009999e-05,0.000561587676848754,"SORBI_3010G032600",0.45991,0.887852399545325,NA,NA
"PWY-3781","aerobic respiration I (cytochrome c)",9.99900009999e-05,0.000561587676848754,"SORBI_3001G440300",0.46349,0.888552027881251,NA,NA
"PWY-3781","aerobic respiration I (cytochrome c)",9.99900009999e-05,0.000561587676848754,"SORBI_3001G001200",0.46574,0.889278638558275,NA,NA
"PWY-3781","aerobic respiration I (cytochrome c)",9.99900009999e-05,0.000561587676848754,"SORBI_3010G066900",0.46689,0.889481287572903,NA,NA
"PWY-3781","aerobic respiration I (cytochrome c)",9.99900009999e-05,0.000561587676848754,"SORBI_3005G020000",0.46918,0.890016589969843,NA,NA
"PWY-3781","aerobic respiration I (cytochrome c)",9.99900009999e-05,0.000561587676848754,"SORBI_3008G031200",0.47223,0.891181258880995,NA,NA
"PWY-3781","aerobic respiration I (cytochrome c)",9.99900009999e-05,0.000561587676848754,"SORBI_3010G227000",0.47625,0.891533253151318,NA,NA
"PWY-3781","aerobic respiration I (cytochrome c)",9.99900009999e-05,0.000561587676848754,"SORBI_3010G091500",0.47864,0.891684888317092,NA,NA
"PWY-3781","aerobic respiration I (cytochrome c)",9.99900009999e-05,0.000561587676848754,"SORBI_3009G042500",0.48601,0.892526606276286,NA,NA
"PWY-3781","aerobic respiration I (cytochrome c)",9.99900009999e-05,0.000561587676848754,"SORBI_3010G032300",0.48789,0.892607973176775,NA,NA
"PWY-3781","aerobic respiration I (cytochrome c)",9.99900009999e-05,0.000561587676848754,"SORBI_3001G473400",0.49798,0.894683521633344,NA,NA
"PWY-3781","aerobic respiration I (cytochrome c)",9.99900009999e-05,0.000561587676848754,"SORBI_3008G072300",0.51603,0.897950359118852,NA,NA
"PWY-3781","aerobic respiration I (cytochrome c)",9.99900009999e-05,0.000561587676848754,"SORBI_3003G429000",0.51623,0.89806333589389,NA,NA
"PWY-3781","aerobic respiration I (cytochrome c)",9.99900009999e-05,0.000561587676848754,"SORBI_3006G275900",0.51872,0.89863596210655,NA,NA
"PWY-3781","aerobic respiration I (cytochrome c)",9.99900009999e-05,0.000561587676848754,"SORBI_3004G249200",0.5194,0.89863596210655,NA,NA
"PWY-3781","aerobic respiration I (cytochrome c)",9.99900009999e-05,0.000561587676848754,"SORBI_3003G135600",0.53224,0.900592470113569,NA,NA
"PWY-3781","aerobic respiration I (cytochrome c)",9.99900009999e-05,0.000561587676848754,"SORBI_3006G262800",0.53286,0.900632758928129,NA,NA
"PWY-3781","aerobic respiration I (cytochrome c)",9.99900009999e-05,0.000561587676848754,"SORBI_3004G272600",0.54321,0.902174274197489,NA,NA
"PWY-3781","aerobic respiration I (cytochrome c)",9.99900009999e-05,0.000561587676848754,"SORBI_3003G429300",0.54708,0.903008213713008,NA,NA
"PWY-3781","aerobic respiration I (cytochrome c)",9.99900009999e-05,0.000561587676848754,"SORBI_3010G232700",0.54766,0.903077001456311,NA,NA
"PWY-3781","aerobic respiration I (cytochrome c)",9.99900009999e-05,0.000561587676848754,"SORBI_3010G153600",0.55325,0.903305417147251,NA,NA
"PWY-3781","aerobic respiration I (cytochrome c)",9.99900009999e-05,0.000561587676848754,"SORBI_3006G146900",0.55431,0.90338043319741,NA,NA
"PWY-3781","aerobic respiration I (cytochrome c)",9.99900009999e-05,0.000561587676848754,"SORBI_3003G236150",0.55673,0.903874219868308,NA,NA
"PWY-3781","aerobic respiration I (cytochrome c)",9.99900009999e-05,0.000561587676848754,"SORBI_3002G251800",0.55795,0.903964396933479,NA,NA
"PWY-3781","aerobic respiration I (cytochrome c)",9.99900009999e-05,0.000561587676848754,"SORBI_3003G325900",0.55916,0.904137547717645,NA,NA
"PWY-3781","aerobic respiration I (cytochrome c)",9.99900009999e-05,0.000561587676848754,"SORBI_3001G519000",0.56491,0.90595706344354,NA,NA
"PWY-3781","aerobic respiration I (cytochrome c)",9.99900009999e-05,0.000561587676848754,"SORBI_3002G028700",0.56602,0.90595706344354,NA,NA
"PWY-3781","aerobic respiration I (cytochrome c)",9.99900009999e-05,0.000561587676848754,"SORBI_3003G276800",0.57348,0.906300888868292,NA,NA
"PWY-3781","aerobic respiration I (cytochrome c)",9.99900009999e-05,0.000561587676848754,"SORBI_3005G017100",0.57623,0.906310751712646,NA,NA
"PWY-3781","aerobic respiration I (cytochrome c)",9.99900009999e-05,0.000561587676848754,"SORBI_3003G168300",0.57943,0.906458060992465,NA,NA
"PWY-3781","aerobic respiration I (cytochrome c)",9.99900009999e-05,0.000561587676848754,"SORBI_3002G149000",0.5811,0.906458060992465,NA,NA
"PWY-3781","aerobic respiration I (cytochrome c)",9.99900009999e-05,0.000561587676848754,"SORBI_3003G429200",0.58463,0.906458060992465,NA,NA
"PWY-3781","aerobic respiration I (cytochrome c)",9.99900009999e-05,0.000561587676848754,"SORBI_3001G058400",0.58596,0.906458060992465,NA,NA
"PWY-3781","aerobic respiration I (cytochrome c)",9.99900009999e-05,0.000561587676848754,"SORBI_3002G172500",0.5864,0.906458060992465,NA,NA
"PWY-3781","aerobic respiration I (cytochrome c)",9.99900009999e-05,0.000561587676848754,"SORBI_3002G384800",0.58915,0.906458060992465,NA,NA
"PWY-3781","aerobic respiration I (cytochrome c)",9.99900009999e-05,0.000561587676848754,"SORBI_3004G164100",0.59026,0.906458060992465,NA,NA
"PWY-3781","aerobic respiration I (cytochrome c)",9.99900009999e-05,0.000561587676848754,"SORBI_3009G079400",0.5907,0.906458060992465,NA,NA
"PWY-3781","aerobic respiration I (cytochrome c)",9.99900009999e-05,0.000561587676848754,"SORBI_3010G028700",0.5922,0.906458060992465,NA,NA
"PWY-3781","aerobic respiration I (cytochrome c)",9.99900009999e-05,0.000561587676848754,"SORBI_3005G031000",0.59652,0.906458060992465,NA,NA
"PWY-3781","aerobic respiration I (cytochrome c)",9.99900009999e-05,0.000561587676848754,"SORBI_3004G241000",0.5989,0.90662853205699,NA,NA
"PWY-3781","aerobic respiration I (cytochrome c)",9.99900009999e-05,0.000561587676848754,"SORBI_3001G458800",0.60039,0.906864073102405,NA,NA
"PWY-3781","aerobic respiration I (cytochrome c)",9.99900009999e-05,0.000561587676848754,"SORBI_3003G173200",0.60331,0.90732356747496,NA,NA
"PWY-3781","aerobic respiration I (cytochrome c)",9.99900009999e-05,0.000561587676848754,"SORBI_3007G134900",0.61025,0.908131337944924,NA,NA
"PWY-3781","aerobic respiration I (cytochrome c)",9.99900009999e-05,0.000561587676848754,"SORBI_3002G403500",0.61106,0.908207364900315,NA,NA
"PWY-3781","aerobic respiration I (cytochrome c)",9.99900009999e-05,0.000561587676848754,"SORBI_3008G163400",0.6117,0.908246107080419,NA,NA
"PWY-3781","aerobic respiration I (cytochrome c)",9.99900009999e-05,0.000561587676848754,"SORBI_3007G030000",0.61343,0.908774285153524,NA,NA
"PWY-3781","aerobic respiration I (cytochrome c)",9.99900009999e-05,0.000561587676848754,"SORBI_3001G282500",0.61534,0.909382778454577,NA,NA
"PWY-3781","aerobic respiration I (cytochrome c)",9.99900009999e-05,0.000561587676848754,"SORBI_3004G344800",0.61562,0.909424324745616,NA,NA
"PWY-3781","aerobic respiration I (cytochrome c)",9.99900009999e-05,0.000561587676848754,"SORBI_3004G346200",0.61652,0.909424324745616,NA,NA
"PWY-3781","aerobic respiration I (cytochrome c)",9.99900009999e-05,0.000561587676848754,"SORBI_3002G042900",0.6236,0.910380940787496,NA,NA
"PWY-3781","aerobic respiration I (cytochrome c)",9.99900009999e-05,0.000561587676848754,"SORBI_3006G273900",0.62471,0.910650270351457,NA,NA
"PWY-3781","aerobic respiration I (cytochrome c)",9.99900009999e-05,0.000561587676848754,"SORBI_3007G091500",0.63684,0.912350959959581,NA,NA
"PWY-3781","aerobic respiration I (cytochrome c)",9.99900009999e-05,0.000561587676848754,"SORBI_3003G183900",0.63751,0.912350959959581,NA,NA
"PWY-3781","aerobic respiration I (cytochrome c)",9.99900009999e-05,0.000561587676848754,"SORBI_3009G116400",0.64096,0.912458823504845,NA,NA
"PWY-3781","aerobic respiration I (cytochrome c)",9.99900009999e-05,0.000561587676848754,"SORBI_3003G356100",0.64146,0.912458823504845,NA,NA
"PWY-3781","aerobic respiration I (cytochrome c)",9.99900009999e-05,0.000561587676848754,"SORBI_3001G312700",0.64672,0.912759378364947,NA,NA
"PWY-3781","aerobic respiration I (cytochrome c)",9.99900009999e-05,0.000561587676848754,"SORBI_3001G509700",0.64702,0.912759378364947,NA,NA
"PWY-3781","aerobic respiration I (cytochrome c)",9.99900009999e-05,0.000561587676848754,"SORBI_3003G109000",0.64881,0.912759378364947,NA,NA
"PWY-3781","aerobic respiration I (cytochrome c)",9.99900009999e-05,0.000561587676848754,"SORBI_3004G025100",0.64881,0.912759378364947,NA,NA
"PWY-3781","aerobic respiration I (cytochrome c)",9.99900009999e-05,0.000561587676848754,"SORBI_3004G266300",0.64882,0.912759378364947,NA,NA
"PWY-3781","aerobic respiration I (cytochrome c)",9.99900009999e-05,0.000561587676848754,"SORBI_3002G098600",0.6499,0.912855225534378,NA,NA
"PWY-3781","aerobic respiration I (cytochrome c)",9.99900009999e-05,0.000561587676848754,"SORBI_3003G203100",0.65012,0.912882432410087,NA,NA
"PWY-3781","aerobic respiration I (cytochrome c)",9.99900009999e-05,0.000561587676848754,"SORBI_3008G082800",0.65777,0.913506754396703,NA,NA
"PWY-3781","aerobic respiration I (cytochrome c)",9.99900009999e-05,0.000561587676848754,"SORBI_3003G399100",0.65778,0.913506754396703,NA,NA
"PWY-3781","aerobic respiration I (cytochrome c)",9.99900009999e-05,0.000561587676848754,"SORBI_3001G509600",0.65912,0.913511059245961,NA,NA
"PWY-3781","aerobic respiration I (cytochrome c)",9.99900009999e-05,0.000561587676848754,"SORBI_3003G279200",0.67026,0.915032724209851,NA,NA
"PWY-3781","aerobic respiration I (cytochrome c)",9.99900009999e-05,0.000561587676848754,"SORBI_3004G053100",0.67548,0.916214241023393,NA,NA
"PWY-3781","aerobic respiration I (cytochrome c)",9.99900009999e-05,0.000561587676848754,"SORBI_3003G274800",0.67567,0.916214241023393,NA,NA
"PWY-3781","aerobic respiration I (cytochrome c)",9.99900009999e-05,0.000561587676848754,"SORBI_3008G100400",0.67685,0.916214241023393,NA,NA
"PWY-3781","aerobic respiration I (cytochrome c)",9.99900009999e-05,0.000561587676848754,"SORBI_3007G216401",0.68084,0.916872033454891,NA,NA
"PWY-3781","aerobic respiration I (cytochrome c)",9.99900009999e-05,0.000561587676848754,"SORBI_3002G007000",0.6811,0.916888225269499,NA,NA
"PWY-3781","aerobic respiration I (cytochrome c)",9.99900009999e-05,0.000561587676848754,"SORBI_3002G065200",0.68427,0.91759175246743,NA,NA
"PWY-3781","aerobic respiration I (cytochrome c)",9.99900009999e-05,0.000561587676848754,"SORBI_3002G395000",0.68597,0.918036431188684,NA,NA
"PWY-3781","aerobic respiration I (cytochrome c)",9.99900009999e-05,0.000561587676848754,"SORBI_3008G041000",0.69674,0.919873557851718,NA,NA
"PWY-3781","aerobic respiration I (cytochrome c)",9.99900009999e-05,0.000561587676848754,"SORBI_3003G170300",0.71056,0.920429839334549,NA,NA
"PWY-3781","aerobic respiration I (cytochrome c)",9.99900009999e-05,0.000561587676848754,"SORBI_3010G031000",0.71275,0.920429839334549,NA,NA
"PWY-3781","aerobic respiration I (cytochrome c)",9.99900009999e-05,0.000561587676848754,"SORBI_3001G392800",0.71647,0.92125676852097,NA,NA
"PWY-3781","aerobic respiration I (cytochrome c)",9.99900009999e-05,0.000561587676848754,"SORBI_3003G337200",0.71974,0.921851678226779,NA,NA
"PWY-3781","aerobic respiration I (cytochrome c)",9.99900009999e-05,0.000561587676848754,"SORBI_3003G322300",0.72073,0.922085643728354,NA,NA
"PWY-3781","aerobic respiration I (cytochrome c)",9.99900009999e-05,0.000561587676848754,"SORBI_3001G256400",0.72895,0.92376537920512,NA,NA
"PWY-3781","aerobic respiration I (cytochrome c)",9.99900009999e-05,0.000561587676848754,"SORBI_3010G190900",0.73136,0.923932159112002,NA,NA
"PWY-3781","aerobic respiration I (cytochrome c)",9.99900009999e-05,0.000561587676848754,"SORBI_3001G392100",0.73676,0.924376632107147,NA,NA
"PWY-3781","aerobic respiration I (cytochrome c)",9.99900009999e-05,0.000561587676848754,"SORBI_3008G009000",0.7375,0.924376632107147,NA,NA
"PWY-3781","aerobic respiration I (cytochrome c)",9.99900009999e-05,0.000561587676848754,"SORBI_3007G033900",0.74528,0.925120676022715,NA,NA
"PWY-3781","aerobic respiration I (cytochrome c)",9.99900009999e-05,0.000561587676848754,"SORBI_3003G416200",0.74858,0.925120676022715,NA,NA
"PWY-3781","aerobic respiration I (cytochrome c)",9.99900009999e-05,0.000561587676848754,"SORBI_3001G444200",0.75511,0.925196496222919,NA,NA
"PWY-3781","aerobic respiration I (cytochrome c)",9.99900009999e-05,0.000561587676848754,"SORBI_3006G122100",0.75669,0.925196496222919,NA,NA
"PWY-3781","aerobic respiration I (cytochrome c)",9.99900009999e-05,0.000561587676848754,"SORBI_3008G066900",0.75696,0.925196496222919,NA,NA
"PWY-3781","aerobic respiration I (cytochrome c)",9.99900009999e-05,0.000561587676848754,"SORBI_3001G412200",0.75963,0.925196496222919,NA,NA
"PWY-3781","aerobic respiration I (cytochrome c)",9.99900009999e-05,0.000561587676848754,"SORBI_3004G217900",0.76574,0.925247115829155,NA,NA
"PWY-3781","aerobic respiration I (cytochrome c)",9.99900009999e-05,0.000561587676848754,"SORBI_3010G092801",0.77083,0.926365079606567,NA,NA
"PWY-3781","aerobic respiration I (cytochrome c)",9.99900009999e-05,0.000561587676848754,"SORBI_3007G201400",0.77405,0.92668937451547,NA,NA
"PWY-3781","aerobic respiration I (cytochrome c)",9.99900009999e-05,0.000561587676848754,"SORBI_3002G411700",0.77604,0.927024995430901,NA,NA
"PWY-3781","aerobic respiration I (cytochrome c)",9.99900009999e-05,0.000561587676848754,"SORBI_3002G396700",0.77668,0.927054545231158,NA,NA
"PWY-3781","aerobic respiration I (cytochrome c)",9.99900009999e-05,0.000561587676848754,"SORBI_3004G166400",0.77972,0.927323002835837,NA,NA
"PWY-3781","aerobic respiration I (cytochrome c)",9.99900009999e-05,0.000561587676848754,"SORBI_3003G223000",0.77977,0.927323002835837,NA,NA
"PWY-3781","aerobic respiration I (cytochrome c)",9.99900009999e-05,0.000561587676848754,"SORBI_3008G149200",0.78174,0.927599175254131,NA,NA
"PWY-3781","aerobic respiration I (cytochrome c)",9.99900009999e-05,0.000561587676848754,"SORBI_3003G047400",0.78228,0.927704047826846,NA,NA
"PWY-3781","aerobic respiration I (cytochrome c)",9.99900009999e-05,0.000561587676848754,"SORBI_3008G047100",0.78234,0.927704047826846,NA,NA
"PWY-3781","aerobic respiration I (cytochrome c)",9.99900009999e-05,0.000561587676848754,"SORBI_3003G398900",0.78773,0.928110076816609,NA,NA
"PWY-3781","aerobic respiration I (cytochrome c)",9.99900009999e-05,0.000561587676848754,"SORBI_3003G433600",0.79057,0.928312344522418,NA,NA
"PWY-3781","aerobic respiration I (cytochrome c)",9.99900009999e-05,0.000561587676848754,"SORBI_3003G334200",0.80154,0.930265820360508,NA,NA
"PWY-3781","aerobic respiration I (cytochrome c)",9.99900009999e-05,0.000561587676848754,"SORBI_3001G230050",0.80355,0.93054523644163,NA,NA
"PWY-3781","aerobic respiration I (cytochrome c)",9.99900009999e-05,0.000561587676848754,"SORBI_3007G023400",0.80462,0.93054523644163,NA,NA
"PWY-3781","aerobic respiration I (cytochrome c)",9.99900009999e-05,0.000561587676848754,"SORBI_3002G235600",0.80661,0.930801258194912,NA,NA
"PWY-3781","aerobic respiration I (cytochrome c)",9.99900009999e-05,0.000561587676848754,"SORBI_3005G168300",0.80947,0.931316854316973,NA,NA
"PWY-3781","aerobic respiration I (cytochrome c)",9.99900009999e-05,0.000561587676848754,"SORBI_3001G151300",0.81335,0.932093160628753,NA,NA
"PWY-3781","aerobic respiration I (cytochrome c)",9.99900009999e-05,0.000561587676848754,"SORBI_3001G003900",0.81457,0.93209645399597,NA,NA
"PWY-3781","aerobic respiration I (cytochrome c)",9.99900009999e-05,0.000561587676848754,"SORBI_3002G048200",0.81464,0.93209645399597,NA,NA
"PWY-3781","aerobic respiration I (cytochrome c)",9.99900009999e-05,0.000561587676848754,"SORBI_3001G219700",0.81624,0.93209645399597,NA,NA
"PWY-3781","aerobic respiration I (cytochrome c)",9.99900009999e-05,0.000561587676848754,"SORBI_3010G244400",0.82002,0.932574139567528,NA,NA
"PWY-3781","aerobic respiration I (cytochrome c)",9.99900009999e-05,0.000561587676848754,"SORBI_3001G009400",0.82057,0.932574139567528,NA,NA
"PWY-3781","aerobic respiration I (cytochrome c)",9.99900009999e-05,0.000561587676848754,"SORBI_3003G296800",0.83457,0.934109190853698,NA,NA
"PWY-3781","aerobic respiration I (cytochrome c)",9.99900009999e-05,0.000561587676848754,"SORBI_3005G210700",0.83584,0.934109190853698,NA,NA
"PWY-3781","aerobic respiration I (cytochrome c)",9.99900009999e-05,0.000561587676848754,"SORBI_3010G097700",0.84468,0.934919789189013,NA,NA
"PWY-3781","aerobic respiration I (cytochrome c)",9.99900009999e-05,0.000561587676848754,"SORBI_3004G159000",0.84475,0.934919789189013,NA,NA
"PWY-3781","aerobic respiration I (cytochrome c)",9.99900009999e-05,0.000561587676848754,"SORBI_3002G246200",0.84561,0.935201213492658,NA,NA
"PWY-3781","aerobic respiration I (cytochrome c)",9.99900009999e-05,0.000561587676848754,"SORBI_3002G084400",0.85074,0.935682900533721,NA,NA
"PWY-3781","aerobic respiration I (cytochrome c)",9.99900009999e-05,0.000561587676848754,"SORBI_3003G350000",0.85124,0.935682900533721,NA,NA
"PWY-3781","aerobic respiration I (cytochrome c)",9.99900009999e-05,0.000561587676848754,"SORBI_3002G240900",0.85745,0.936908063354237,NA,NA
"PWY-3781","aerobic respiration I (cytochrome c)",9.99900009999e-05,0.000561587676848754,"SORBI_3001G164350",0.8604,0.937653415939985,NA,NA
"PWY-3781","aerobic respiration I (cytochrome c)",9.99900009999e-05,0.000561587676848754,"SORBI_3009G054200",0.8613,0.937745275338163,NA,NA
"PWY-3781","aerobic respiration I (cytochrome c)",9.99900009999e-05,0.000561587676848754,"SORBI_3003G218400",0.86542,0.938590668284428,NA,NA
"PWY-3781","aerobic respiration I (cytochrome c)",9.99900009999e-05,0.000561587676848754,"SORBI_3001G490700",0.86657,0.938889440847182,NA,NA
"PWY-3781","aerobic respiration I (cytochrome c)",9.99900009999e-05,0.000561587676848754,"SORBI_3010G011800",0.86875,0.939763402120952,NA,NA
"PWY-3781","aerobic respiration I (cytochrome c)",9.99900009999e-05,0.000561587676848754,"SORBI_3003G399900",0.87438,0.940465073715515,NA,NA
"PWY-3781","aerobic respiration I (cytochrome c)",9.99900009999e-05,0.000561587676848754,"SORBI_3001G491500",0.87457,0.940465073715515,NA,NA
"PWY-3781","aerobic respiration I (cytochrome c)",9.99900009999e-05,0.000561587676848754,"SORBI_3010G197400",0.87505,0.940465073715515,NA,NA
"PWY-3781","aerobic respiration I (cytochrome c)",9.99900009999e-05,0.000561587676848754,"SORBI_3001G399800",0.88432,0.942684453929199,NA,NA
"PWY-3781","aerobic respiration I (cytochrome c)",9.99900009999e-05,0.000561587676848754,"SORBI_3009G140400",0.88714,0.943624680151548,NA,NA
"PWY-3781","aerobic respiration I (cytochrome c)",9.99900009999e-05,0.000561587676848754,"SORBI_3001G332700",0.89876,0.946287496357831,NA,NA
"PWY-3781","aerobic respiration I (cytochrome c)",9.99900009999e-05,0.000561587676848754,"SORBI_3010G088200",0.8995,0.946515922621813,NA,NA
"PWY-3781","aerobic respiration I (cytochrome c)",9.99900009999e-05,0.000561587676848754,"SORBI_3001G025800",0.89968,0.946575958935926,NA,NA
"PWY-3781","aerobic respiration I (cytochrome c)",9.99900009999e-05,0.000561587676848754,"SORBI_3002G198100",0.91559,0.952134609049718,NA,NA
"PWY-3781","aerobic respiration I (cytochrome c)",9.99900009999e-05,0.000561587676848754,"SORBI_3001G072900",0.91594,0.952331996081913,NA,NA
"PWY-3781","aerobic respiration I (cytochrome c)",9.99900009999e-05,0.000561587676848754,"SORBI_3008G028400",0.91941,0.953764647895926,NA,NA
"PWY-3781","aerobic respiration I (cytochrome c)",9.99900009999e-05,0.000561587676848754,"SORBI_3004G051600",0.9265,0.956693281653747,NA,NA
"PWY-3781","aerobic respiration I (cytochrome c)",9.99900009999e-05,0.000561587676848754,"SORBI_3002G308300",0.93476,0.95967939912347,NA,NA
"PWY-3781","aerobic respiration I (cytochrome c)",9.99900009999e-05,0.000561587676848754,"SORBI_3001G149100",0.93573,0.960052479915434,NA,NA
"PWY-3781","aerobic respiration I (cytochrome c)",9.99900009999e-05,0.000561587676848754,"SORBI_3002G342600",0.95048,0.966298730096971,NA,NA
"PWY-3781","aerobic respiration I (cytochrome c)",9.99900009999e-05,0.000561587676848754,"SORBI_3003G336400",0.95177,0.96676948534689,NA,NA
"PWY-3781","aerobic respiration I (cytochrome c)",9.99900009999e-05,0.000561587676848754,"SORBI_3010G115400",0.954,0.967558985996238,NA,NA
"PWY-3781","aerobic respiration I (cytochrome c)",9.99900009999e-05,0.000561587676848754,"SORBI_3006G128600",0.95963,0.970315271179377,NA,NA
"PWY-3781","aerobic respiration I (cytochrome c)",9.99900009999e-05,0.000561587676848754,"SORBI_3010G250500",0.96674,0.974221119845743,NA,NA
"PWY-3781","aerobic respiration I (cytochrome c)",9.99900009999e-05,0.000561587676848754,"SORBI_3004G290400",0.96885,0.975455077511338,NA,NA
"PWY-3781","aerobic respiration I (cytochrome c)",9.99900009999e-05,0.000561587676848754,"SORBI_3003G380100",0.97087,0.976620407202298,NA,NA
"PWY-3981","&beta;-alanine biosynthesis I",9.99900009999e-05,0.000561587676848754,"SORBI_3004G300800",0.0033271,0.100342797781721,NA,NA
"PWY-3981","&beta;-alanine biosynthesis I",9.99900009999e-05,0.000561587676848754,"SORBI_3002G318100",0.0073045,0.158537988178914,NA,NA
"PWY-3981","&beta;-alanine biosynthesis I",9.99900009999e-05,0.000561587676848754,"SORBI_3005G064800",0.040761,0.399587552798615,NA,NA
"PWY-3981","&beta;-alanine biosynthesis I",9.99900009999e-05,0.000561587676848754,"SORBI_3010G178300",0.073392,0.522183926267281,NA,NA
"PWY-3981","&beta;-alanine biosynthesis I",9.99900009999e-05,0.000561587676848754,"SORBI_3003G203500",0.089249,0.567220974962631,NA,NA
"PWY-3981","&beta;-alanine biosynthesis I",9.99900009999e-05,0.000561587676848754,"SORBI_3010G113000",0.099775,0.590772394457033,NA,NA
"PWY-3981","&beta;-alanine biosynthesis I",9.99900009999e-05,0.000561587676848754,"SORBI_3002G215700",0.15091,0.684922497327632,NA,NA
"PWY-3981","&beta;-alanine biosynthesis I",9.99900009999e-05,0.000561587676848754,"SORBI_3006G163300",0.45391,0.885913390469661,NA,NA
"PWY-3981","&beta;-alanine biosynthesis I",9.99900009999e-05,0.000561587676848754,"SORBI_3004G250900",0.45419,0.885913390469661,NA,NA
"PWY-3981","&beta;-alanine biosynthesis I",9.99900009999e-05,0.000561587676848754,"SORBI_3008G057500",0.95079,0.966409836914238,NA,NA
"PWY-5046","2-oxoisovalerate decarboxylation to isobutanoyl-CoA",9.99900009999e-05,0.000561587676848754,"SORBI_3003G148800",0.00015933,0.00998516994464945,NA,NA
"PWY-5046","2-oxoisovalerate decarboxylation to isobutanoyl-CoA",9.99900009999e-05,0.000561587676848754,"SORBI_3003G152900",0.37312,0.858929848495051,NA,NA
"PWY-5046","2-oxoisovalerate decarboxylation to isobutanoyl-CoA",9.99900009999e-05,0.000561587676848754,"SORBI_3005G044600",0.42707,0.877636162937949,NA,NA
"PWY-5046","2-oxoisovalerate decarboxylation to isobutanoyl-CoA",9.99900009999e-05,0.000561587676848754,"SORBI_3003G155300",0.51937,0.89863596210655,NA,NA
"PWY-5046","2-oxoisovalerate decarboxylation to isobutanoyl-CoA",9.99900009999e-05,0.000561587676848754,"SORBI_3008G062200",0.5785,0.906458060992465,NA,NA
"PWY-5046","2-oxoisovalerate decarboxylation to isobutanoyl-CoA",9.99900009999e-05,0.000561587676848754,"SORBI_3002G392800",0.74089,0.925111591736206,NA,NA
"PWY-5046","2-oxoisovalerate decarboxylation to isobutanoyl-CoA",9.99900009999e-05,0.000561587676848754,"SORBI_3002G046800",0.80183,0.930265820360508,NA,NA
"PWY-5046","2-oxoisovalerate decarboxylation to isobutanoyl-CoA",9.99900009999e-05,0.000561587676848754,"SORBI_3009G052200",0.82254,0.932768543384636,NA,NA
"PWY-5046","2-oxoisovalerate decarboxylation to isobutanoyl-CoA",9.99900009999e-05,0.000561587676848754,"SORBI_3009G054600",0.97106,0.976724756292567,NA,NA
"PWY-5080","very long chain fatty acid biosynthesis I",9.99900009999e-05,0.000561587676848754,"SORBI_3009G241000",1.3361e-08,2.81883904968944e-06,2.210758e-09,8.65545879474229
"PWY-5080","very long chain fatty acid biosynthesis I",9.99900009999e-05,0.000561587676848754,"SORBI_3009G236100",8.7509e-08,1.40872900616114e-05,7.172846e-10,9.14430849330623
"PWY-5080","very long chain fatty acid biosynthesis I",9.99900009999e-05,0.000561587676848754,"SORBI_3001G093000",0.00046527,0.0237037871748879,NA,NA
"PWY-5080","very long chain fatty acid biosynthesis I",9.99900009999e-05,0.000561587676848754,"SORBI_3001G438100",0.0020954,0.0733001563336766,NA,NA
"PWY-5080","very long chain fatty acid biosynthesis I",9.99900009999e-05,0.000561587676848754,"SORBI_3005G063000",0.027203,0.324781828119508,NA,NA
"PWY-5080","very long chain fatty acid biosynthesis I",9.99900009999e-05,0.000561587676848754,"SORBI_3004G203900",0.044264,0.41481706949807,NA,NA
"PWY-5080","very long chain fatty acid biosynthesis I",9.99900009999e-05,0.000561587676848754,"SORBI_3010G108301",0.049307,0.43773773354232,NA,NA
"PWY-5080","very long chain fatty acid biosynthesis I",9.99900009999e-05,0.000561587676848754,"SORBI_3002G268500",0.051461,0.446411037282942,NA,NA
"PWY-5080","very long chain fatty acid biosynthesis I",9.99900009999e-05,0.000561587676848754,"SORBI_3001G307400",0.069377,0.50962987867647,NA,NA
"PWY-5080","very long chain fatty acid biosynthesis I",9.99900009999e-05,0.000561587676848754,"SORBI_3004G249400",0.089411,0.567349792079208,NA,NA
"PWY-5080","very long chain fatty acid biosynthesis I",9.99900009999e-05,0.000561587676848754,"SORBI_3001G221900",0.095987,0.581589445058866,NA,NA
"PWY-5080","very long chain fatty acid biosynthesis I",9.99900009999e-05,0.000561587676848754,"SORBI_3005G168700",0.14059,0.671450645025885,NA,NA
"PWY-5080","very long chain fatty acid biosynthesis I",9.99900009999e-05,0.000561587676848754,"SORBI_3001G264500",0.15248,0.686453036447979,NA,NA
"PWY-5080","very long chain fatty acid biosynthesis I",9.99900009999e-05,0.000561587676848754,"SORBI_3002G179700",0.17197,0.718134373002213,NA,NA
"PWY-5080","very long chain fatty acid biosynthesis I",9.99900009999e-05,0.000561587676848754,"SORBI_3004G086800",0.17664,0.722575185274302,NA,NA
"PWY-5080","very long chain fatty acid biosynthesis I",9.99900009999e-05,0.000561587676848754,"SORBI_3010G107200",0.19057,0.738418096487226,NA,NA
"PWY-5080","very long chain fatty acid biosynthesis I",9.99900009999e-05,0.000561587676848754,"SORBI_3007G127600",0.22411,0.772861323857868,NA,NA
"PWY-5080","very long chain fatty acid biosynthesis I",9.99900009999e-05,0.000561587676848754,"SORBI_3001G370000",0.22502,0.773530446311102,NA,NA
"PWY-5080","very long chain fatty acid biosynthesis I",9.99900009999e-05,0.000561587676848754,"SORBI_3001G307300",0.2277,0.775814319526627,NA,NA
"PWY-5080","very long chain fatty acid biosynthesis I",9.99900009999e-05,0.000561587676848754,"SORBI_3010G273200",0.23337,0.782041839794811,NA,NA
"PWY-5080","very long chain fatty acid biosynthesis I",9.99900009999e-05,0.000561587676848754,"SORBI_3004G341300",0.2346,0.783622598092241,NA,NA
"PWY-5080","very long chain fatty acid biosynthesis I",9.99900009999e-05,0.000561587676848754,"SORBI_3003G178500",0.27364,0.811016151298588,NA,NA
"PWY-5080","very long chain fatty acid biosynthesis I",9.99900009999e-05,0.000561587676848754,"SORBI_3002G096300",0.27435,0.811069288076588,NA,NA
"PWY-5080","very long chain fatty acid biosynthesis I",9.99900009999e-05,0.000561587676848754,"SORBI_3006G020600",0.31246,0.833987806066321,NA,NA
"PWY-5080","very long chain fatty acid biosynthesis I",9.99900009999e-05,0.000561587676848754,"SORBI_3010G181500",0.32191,0.84078358216971,NA,NA
"PWY-5080","very long chain fatty acid biosynthesis I",9.99900009999e-05,0.000561587676848754,"SORBI_3001G532501",0.33598,0.845952993182155,NA,NA
"PWY-5080","very long chain fatty acid biosynthesis I",9.99900009999e-05,0.000561587676848754,"SORBI_3003G178700",0.33764,0.84656445980731,NA,NA
"PWY-5080","very long chain fatty acid biosynthesis I",9.99900009999e-05,0.000561587676848754,"SORBI_3006G020500",0.35872,0.854403074118224,NA,NA
"PWY-5080","very long chain fatty acid biosynthesis I",9.99900009999e-05,0.000561587676848754,"SORBI_3001G482300",0.36836,0.858334588339705,NA,NA
"PWY-5080","very long chain fatty acid biosynthesis I",9.99900009999e-05,0.000561587676848754,"SORBI_3006G211000",0.39428,0.867715458373826,NA,NA
"PWY-5080","very long chain fatty acid biosynthesis I",9.99900009999e-05,0.000561587676848754,"SORBI_3002G268300",0.40716,0.872375215060545,NA,NA
"PWY-5080","very long chain fatty acid biosynthesis I",9.99900009999e-05,0.000561587676848754,"SORBI_3002G137300",0.40771,0.872465128818898,NA,NA
"PWY-5080","very long chain fatty acid biosynthesis I",9.99900009999e-05,0.000561587676848754,"SORBI_3006G125600",0.45425,0.885913390469661,NA,NA
"PWY-5080","very long chain fatty acid biosynthesis I",9.99900009999e-05,0.000561587676848754,"SORBI_3001G495500",0.46095,0.888481287900175,NA,NA
"PWY-5080","very long chain fatty acid biosynthesis I",9.99900009999e-05,0.000561587676848754,"SORBI_3001G247700",0.47019,0.890436061991303,NA,NA
"PWY-5080","very long chain fatty acid biosynthesis I",9.99900009999e-05,0.000561587676848754,"SORBI_3001G307600",0.4707,0.89081050256296,NA,NA
"PWY-5080","very long chain fatty acid biosynthesis I",9.99900009999e-05,0.000561587676848754,"SORBI_3010G108600",0.47441,0.891411281231041,NA,NA
"PWY-5080","very long chain fatty acid biosynthesis I",9.99900009999e-05,0.000561587676848754,"SORBI_3010G018600",0.4892,0.892791633025553,NA,NA
"PWY-5080","very long chain fatty acid biosynthesis I",9.99900009999e-05,0.000561587676848754,"SORBI_3006G125800",0.5252,0.900144345808534,NA,NA
"PWY-5080","very long chain fatty acid biosynthesis I",9.99900009999e-05,0.000561587676848754,"SORBI_3002G284400",0.53614,0.900958164547568,NA,NA
"PWY-5080","very long chain fatty acid biosynthesis I",9.99900009999e-05,0.000561587676848754,"SORBI_3009G164400",0.55364,0.90338043319741,NA,NA
"PWY-5080","very long chain fatty acid biosynthesis I",9.99900009999e-05,0.000561587676848754,"SORBI_3010G081900",0.55886,0.903964396933479,NA,NA
"PWY-5080","very long chain fatty acid biosynthesis I",9.99900009999e-05,0.000561587676848754,"SORBI_3003G070600",0.59811,0.906458060992465,NA,NA
"PWY-5080","very long chain fatty acid biosynthesis I",9.99900009999e-05,0.000561587676848754,"SORBI_3002G284200",0.61325,0.908666146833013,NA,NA
"PWY-5080","very long chain fatty acid biosynthesis I",9.99900009999e-05,0.000561587676848754,"SORBI_3007G076100",0.61901,0.909606143207962,NA,NA
"PWY-5080","very long chain fatty acid biosynthesis I",9.99900009999e-05,0.000561587676848754,"SORBI_3010G124500",0.62872,0.91103322491261,NA,NA
"PWY-5080","very long chain fatty acid biosynthesis I",9.99900009999e-05,0.000561587676848754,"SORBI_3006G016500",0.63286,0.91172683391297,NA,NA
"PWY-5080","very long chain fatty acid biosynthesis I",9.99900009999e-05,0.000561587676848754,"SORBI_3001G124500",0.64315,0.912458823504845,NA,NA
"PWY-5080","very long chain fatty acid biosynthesis I",9.99900009999e-05,0.000561587676848754,"SORBI_3010G124300",0.66721,0.91462053493626,NA,NA
"PWY-5080","very long chain fatty acid biosynthesis I",9.99900009999e-05,0.000561587676848754,"SORBI_3003G071600",0.70593,0.920311614029702,NA,NA
"PWY-5080","very long chain fatty acid biosynthesis I",9.99900009999e-05,0.000561587676848754,"SORBI_3001G510200",0.73792,0.924461647180319,NA,NA
"PWY-5080","very long chain fatty acid biosynthesis I",9.99900009999e-05,0.000561587676848754,"SORBI_3001G453200",0.76518,0.925247115829155,NA,NA
"PWY-5080","very long chain fatty acid biosynthesis I",9.99900009999e-05,0.000561587676848754,"SORBI_3010G108100",0.78879,0.928110076816609,NA,NA
"PWY-5080","very long chain fatty acid biosynthesis I",9.99900009999e-05,0.000561587676848754,"SORBI_3005G193600",0.7925,0.928475070014486,NA,NA
"PWY-5080","very long chain fatty acid biosynthesis I",9.99900009999e-05,0.000561587676848754,"SORBI_3010G108001",0.81324,0.932055305192833,NA,NA
"PWY-5080","very long chain fatty acid biosynthesis I",9.99900009999e-05,0.000561587676848754,"SORBI_3010G108200",0.81673,0.93209645399597,NA,NA
"PWY-5080","very long chain fatty acid biosynthesis I",9.99900009999e-05,0.000561587676848754,"SORBI_3001G354700",0.81739,0.93211131021518,NA,NA
"PWY-5080","very long chain fatty acid biosynthesis I",9.99900009999e-05,0.000561587676848754,"SORBI_3003G071400",0.8301,0.933904113108837,NA,NA
"PWY-5080","very long chain fatty acid biosynthesis I",9.99900009999e-05,0.000561587676848754,"SORBI_3008G188400",0.83039,0.933906930997947,NA,NA
"PWY-5080","very long chain fatty acid biosynthesis I",9.99900009999e-05,0.000561587676848754,"SORBI_3003G071300",0.84265,0.934799706718051,NA,NA
"PWY-5080","very long chain fatty acid biosynthesis I",9.99900009999e-05,0.000561587676848754,"SORBI_3003G071100",0.84423,0.93489522752461,NA,NA
"PWY-5080","very long chain fatty acid biosynthesis I",9.99900009999e-05,0.000561587676848754,"SORBI_3010G124600",0.85516,0.936625309540681,NA,NA
"PWY-5080","very long chain fatty acid biosynthesis I",9.99900009999e-05,0.000561587676848754,"SORBI_3006G166900",0.87115,0.940331512965552,NA,NA
"PWY-5080","very long chain fatty acid biosynthesis I",9.99900009999e-05,0.000561587676848754,"SORBI_3010G124900",0.88989,0.944279841646625,NA,NA
"PWY-5080","very long chain fatty acid biosynthesis I",9.99900009999e-05,0.000561587676848754,"SORBI_3010G107400",0.91254,0.951184404210268,NA,NA
"PWY-5097","L-lysine biosynthesis VI",9.99900009999e-05,0.000561587676848754,"SORBI_3006G186600",6.1907e-05,0.00445507429872881,NA,NA
"PWY-5097","L-lysine biosynthesis VI",9.99900009999e-05,0.000561587676848754,"SORBI_3007G171200",0.0006857,0.0316886692517007,NA,NA
"PWY-5097","L-lysine biosynthesis VI",9.99900009999e-05,0.000561587676848754,"SORBI_3001G011700",0.00096616,0.0409707324843945,NA,NA
"PWY-5097","L-lysine biosynthesis VI",9.99900009999e-05,0.000561587676848754,"SORBI_3001G531800",0.017586,0.25560276508344,NA,NA
"PWY-5097","L-lysine biosynthesis VI",9.99900009999e-05,0.000561587676848754,"SORBI_3008G133600",0.027123,0.324456611267606,NA,NA
"PWY-5097","L-lysine biosynthesis VI",9.99900009999e-05,0.000561587676848754,"SORBI_3001G438600",0.11484,0.624522939481268,NA,NA
"PWY-5097","L-lysine biosynthesis VI",9.99900009999e-05,0.000561587676848754,"SORBI_3008G133500",0.27008,0.808069963889378,NA,NA
"PWY-5097","L-lysine biosynthesis VI",9.99900009999e-05,0.000561587676848754,"SORBI_3001G401700",0.3206,0.839616052428682,NA,NA
"PWY-5097","L-lysine biosynthesis VI",9.99900009999e-05,0.000561587676848754,"SORBI_3001G081900",0.52506,0.900144345808534,NA,NA
"PWY-5097","L-lysine biosynthesis VI",9.99900009999e-05,0.000561587676848754,"SORBI_3002G155100",0.53531,0.900632758928129,NA,NA
"PWY-5097","L-lysine biosynthesis VI",9.99900009999e-05,0.000561587676848754,"SORBI_3003G412100",0.55994,0.904429924869234,NA,NA
"PWY-5097","L-lysine biosynthesis VI",9.99900009999e-05,0.000561587676848754,"SORBI_3002G111800",0.69066,0.918827703062583,NA,NA
"PWY-5097","L-lysine biosynthesis VI",9.99900009999e-05,0.000561587676848754,"SORBI_3010G216300",0.769,0.92609583873826,NA,NA
"PWY-5097","L-lysine biosynthesis VI",9.99900009999e-05,0.000561587676848754,"SORBI_3008G038600",0.89134,0.944623529173546,NA,NA
"PWY-5097","L-lysine biosynthesis VI",9.99900009999e-05,0.000561587676848754,"SORBI_3001G471100",0.95012,0.966271201161642,NA,NA
"PWY-5120","geranylgeranyl diphosphate biosynthesis",9.99900009999e-05,0.000561587676848754,"SORBI_3009G246400",6.3153e-07,7.91556439483395e-05,5.052275e-09,8.2965130184231
"PWY-5120","geranylgeranyl diphosphate biosynthesis",9.99900009999e-05,0.000561587676848754,"SORBI_3009G216800",1.9152e-06,0.000215409266225166,5.483475e-08,7.26094413220446
"PWY-5120","geranylgeranyl diphosphate biosynthesis",9.99900009999e-05,0.000561587676848754,"SORBI_3004G287300",0.021917,0.287767583687669,NA,NA
"PWY-5120","geranylgeranyl diphosphate biosynthesis",9.99900009999e-05,0.000561587676848754,"SORBI_3003G270500",0.044473,0.416032605618287,NA,NA
"PWY-5120","geranylgeranyl diphosphate biosynthesis",9.99900009999e-05,0.000561587676848754,"SORBI_3002G353300",0.3456,0.84946917147806,NA,NA
"PWY-5120","geranylgeranyl diphosphate biosynthesis",9.99900009999e-05,0.000561587676848754,"SORBI_3003G111500",0.52736,0.900398034984551,NA,NA
"PWY-5121","superpathway of geranylgeranyl diphosphate biosynthesis II (via MEP)",9.99900009999e-05,0.000561587676848754,"SORBI_3009G246400",6.3153e-07,7.91556439483395e-05,5.052275e-09,8.2965130184231
"PWY-5121","superpathway of geranylgeranyl diphosphate biosynthesis II (via MEP)",9.99900009999e-05,0.000561587676848754,"SORBI_3009G216800",1.9152e-06,0.000215409266225166,5.483475e-08,7.26094413220446
"PWY-5121","superpathway of geranylgeranyl diphosphate biosynthesis II (via MEP)",9.99900009999e-05,0.000561587676848754,"SORBI_3004G287300",0.021917,0.287767583687669,NA,NA
"PWY-5121","superpathway of geranylgeranyl diphosphate biosynthesis II (via MEP)",9.99900009999e-05,0.000561587676848754,"SORBI_3003G270500",0.044473,0.416032605618287,NA,NA
"PWY-5121","superpathway of geranylgeranyl diphosphate biosynthesis II (via MEP)",9.99900009999e-05,0.000561587676848754,"SORBI_3002G353300",0.3456,0.84946917147806,NA,NA
"PWY-5121","superpathway of geranylgeranyl diphosphate biosynthesis II (via MEP)",9.99900009999e-05,0.000561587676848754,"SORBI_3003G111500",0.52736,0.900398034984551,NA,NA
"PWY-5123","<i>trans, trans</i>-farnesyl diphosphate biosynthesis",9.99900009999e-05,0.000561587676848754,"SORBI_3009G216800",1.9152e-06,0.000215409266225166,5.483475e-08,7.26094413220446
"PWY-5123","<i>trans, trans</i>-farnesyl diphosphate biosynthesis",9.99900009999e-05,0.000561587676848754,"SORBI_3002G330500",0.022585,0.292915118365788,NA,NA
"PWY-5123","<i>trans, trans</i>-farnesyl diphosphate biosynthesis",9.99900009999e-05,0.000561587676848754,"SORBI_3003G270500",0.044473,0.416032605618287,NA,NA
"PWY-5123","<i>trans, trans</i>-farnesyl diphosphate biosynthesis",9.99900009999e-05,0.000561587676848754,"SORBI_3006G248000",0.12827,0.648644795295519,NA,NA
"PWY-5123","<i>trans, trans</i>-farnesyl diphosphate biosynthesis",9.99900009999e-05,0.000561587676848754,"SORBI_3009G137700",0.29403,0.825562628533642,NA,NA
"PWY-5123","<i>trans, trans</i>-farnesyl diphosphate biosynthesis",9.99900009999e-05,0.000561587676848754,"SORBI_3002G353300",0.3456,0.84946917147806,NA,NA
"PWY-5123","<i>trans, trans</i>-farnesyl diphosphate biosynthesis",9.99900009999e-05,0.000561587676848754,"SORBI_3004G327500",0.60083,0.906908636242446,NA,NA
"PWY-5147","oleate biosynthesis I (plants)",9.99900009999e-05,0.000561587676848754,"SORBI_3002G111500",0.0016892,0.0618287245689655,NA,NA
"PWY-5147","oleate biosynthesis I (plants)",9.99900009999e-05,0.000561587676848754,"SORBI_3009G031400",0.0082706,0.16912173387485,NA,NA
"PWY-5147","oleate biosynthesis I (plants)",9.99900009999e-05,0.000561587676848754,"SORBI_3004G293800",0.0093594,0.179202237464789,NA,NA
"PWY-5147","oleate biosynthesis I (plants)",9.99900009999e-05,0.000561587676848754,"SORBI_3001G280700",0.013146,0.215500653660886,NA,NA
"PWY-5147","oleate biosynthesis I (plants)",9.99900009999e-05,0.000561587676848754,"SORBI_3004G293900",0.013435,0.21802112124105,NA,NA
"PWY-5147","oleate biosynthesis I (plants)",9.99900009999e-05,0.000561587676848754,"SORBI_3004G294000",0.020262,0.275405903961585,NA,NA
"PWY-5147","oleate biosynthesis I (plants)",9.99900009999e-05,0.000561587676848754,"SORBI_3010G180400",0.033073,0.359140214514066,NA,NA
"PWY-5147","oleate biosynthesis I (plants)",9.99900009999e-05,0.000561587676848754,"SORBI_3003G242000",0.034265,0.365081322145546,NA,NA
"PWY-5147","oleate biosynthesis I (plants)",9.99900009999e-05,0.000561587676848754,"SORBI_3006G079500",0.067757,0.504494085708023,NA,NA
"PWY-5147","oleate biosynthesis I (plants)",9.99900009999e-05,0.000561587676848754,"SORBI_3004G088100",0.074264,0.525749164132472,NA,NA
"PWY-5147","oleate biosynthesis I (plants)",9.99900009999e-05,0.000561587676848754,"SORBI_3008G051300",0.085213,0.556942461227631,NA,NA
"PWY-5147","oleate biosynthesis I (plants)",9.99900009999e-05,0.000561587676848754,"SORBI_3005G020300",0.08574,0.558024636903621,NA,NA
"PWY-5147","oleate biosynthesis I (plants)",9.99900009999e-05,0.000561587676848754,"SORBI_3002G256800",0.093056,0.575309504270398,NA,NA
"PWY-5147","oleate biosynthesis I (plants)",9.99900009999e-05,0.000561587676848754,"SORBI_3005G054900",0.20825,0.756772260376551,NA,NA
"PWY-5147","oleate biosynthesis I (plants)",9.99900009999e-05,0.000561587676848754,"SORBI_3002G256900",0.23658,0.785711041259288,NA,NA
"PWY-5147","oleate biosynthesis I (plants)",9.99900009999e-05,0.000561587676848754,"SORBI_3006G247200",0.25289,0.79454714312062,NA,NA
"PWY-5147","oleate biosynthesis I (plants)",9.99900009999e-05,0.000561587676848754,"SORBI_3003G377100",0.2638,0.802439227947755,NA,NA
"PWY-5147","oleate biosynthesis I (plants)",9.99900009999e-05,0.000561587676848754,"SORBI_3007G071600",0.28346,0.818412706332342,NA,NA
"PWY-5147","oleate biosynthesis I (plants)",9.99900009999e-05,0.000561587676848754,"SORBI_3008G010800",0.29948,0.828075167195509,NA,NA
"PWY-5147","oleate biosynthesis I (plants)",9.99900009999e-05,0.000561587676848754,"SORBI_3010G033300",0.32233,0.84078358216971,NA,NA
"PWY-5147","oleate biosynthesis I (plants)",9.99900009999e-05,0.000561587676848754,"SORBI_3010G045400",0.3346,0.845768711929877,NA,NA
"PWY-5147","oleate biosynthesis I (plants)",9.99900009999e-05,0.000561587676848754,"SORBI_3008G029200",0.37122,0.858576229318445,NA,NA
"PWY-5147","oleate biosynthesis I (plants)",9.99900009999e-05,0.000561587676848754,"SORBI_3003G404000",0.38334,0.862206364779874,NA,NA
"PWY-5147","oleate biosynthesis I (plants)",9.99900009999e-05,0.000561587676848754,"SORBI_3005G033100",0.38643,0.863698450861729,NA,NA
"PWY-5147","oleate biosynthesis I (plants)",9.99900009999e-05,0.000561587676848754,"SORBI_3003G004900",0.38984,0.865413716750539,NA,NA
"PWY-5147","oleate biosynthesis I (plants)",9.99900009999e-05,0.000561587676848754,"SORBI_3006G171900",0.41606,0.874632381482857,NA,NA
"PWY-5147","oleate biosynthesis I (plants)",9.99900009999e-05,0.000561587676848754,"SORBI_3006G048700",0.45351,0.885817951121334,NA,NA
"PWY-5147","oleate biosynthesis I (plants)",9.99900009999e-05,0.000561587676848754,"SORBI_3004G153300",0.47739,0.89160107146784,NA,NA
"PWY-5147","oleate biosynthesis I (plants)",9.99900009999e-05,0.000561587676848754,"SORBI_3005G156100",0.50089,0.895437087170364,NA,NA
"PWY-5147","oleate biosynthesis I (plants)",9.99900009999e-05,0.000561587676848754,"SORBI_3010G214900",0.50362,0.895437087170364,NA,NA
"PWY-5147","oleate biosynthesis I (plants)",9.99900009999e-05,0.000561587676848754,"SORBI_3003G337500",0.5324,0.900632758928129,NA,NA
"PWY-5147","oleate biosynthesis I (plants)",9.99900009999e-05,0.000561587676848754,"SORBI_3003G303900",0.55405,0.90338043319741,NA,NA
"PWY-5147","oleate biosynthesis I (plants)",9.99900009999e-05,0.000561587676848754,"SORBI_3001G265300",0.57524,0.906300888868292,NA,NA
"PWY-5147","oleate biosynthesis I (plants)",9.99900009999e-05,0.000561587676848754,"SORBI_3006G247300",0.58442,0.906458060992465,NA,NA
"PWY-5147","oleate biosynthesis I (plants)",9.99900009999e-05,0.000561587676848754,"SORBI_3006G259300",0.60221,0.90732356747496,NA,NA
"PWY-5147","oleate biosynthesis I (plants)",9.99900009999e-05,0.000561587676848754,"SORBI_3006G272600",0.68862,0.918435679685967,NA,NA
"PWY-5147","oleate biosynthesis I (plants)",9.99900009999e-05,0.000561587676848754,"SORBI_3004G157550",0.70286,0.920004984981516,NA,NA
"PWY-5147","oleate biosynthesis I (plants)",9.99900009999e-05,0.000561587676848754,"SORBI_3002G258500",0.71802,0.921312531731641,NA,NA
"PWY-5147","oleate biosynthesis I (plants)",9.99900009999e-05,0.000561587676848754,"SORBI_3001G334501",0.72603,0.923085087725861,NA,NA
"PWY-5147","oleate biosynthesis I (plants)",9.99900009999e-05,0.000561587676848754,"SORBI_3010G235300",0.74791,0.925120676022715,NA,NA
"PWY-5147","oleate biosynthesis I (plants)",9.99900009999e-05,0.000561587676848754,"SORBI_3010G045500",0.75815,0.925196496222919,NA,NA
"PWY-5147","oleate biosynthesis I (plants)",9.99900009999e-05,0.000561587676848754,"SORBI_3003G258200",0.85146,0.935682900533721,NA,NA
"PWY-5398","crocetin esters biosynthesis",9.99900009999e-05,0.000561587676848754,"SORBI_3003G042900",0.00015738,0.00989949344444444,NA,NA
"PWY-5398","crocetin esters biosynthesis",9.99900009999e-05,0.000561587676848754,"SORBI_3010G179500",0.33848,0.84656445980731,NA,NA
"PWY-5398","crocetin esters biosynthesis",9.99900009999e-05,0.000561587676848754,"SORBI_3008G011700",0.45948,0.887590864078222,NA,NA
"PWY-5398","crocetin esters biosynthesis",9.99900009999e-05,0.000561587676848754,"SORBI_3009G066100",0.52633,0.900155423105965,NA,NA
"PWY-5398","crocetin esters biosynthesis",9.99900009999e-05,0.000561587676848754,"SORBI_3010G179000",0.63281,0.91172683391297,NA,NA
"PWY-5398","crocetin esters biosynthesis",9.99900009999e-05,0.000561587676848754,"SORBI_3010G178900",0.66518,0.914183250799045,NA,NA
"PWY-5398","crocetin esters biosynthesis",9.99900009999e-05,0.000561587676848754,"SORBI_3010G179150",0.73176,0.923932159112002,NA,NA
"PWY-5398","crocetin esters biosynthesis",9.99900009999e-05,0.000561587676848754,"SORBI_3001G223400",0.81073,0.931604895812191,NA,NA
"PWY-5486","pyruvate fermentation to ethanol II",9.99900009999e-05,0.000561587676848754,"SORBI_3002G379200",2.3443e-09,6.89325126724138e-07,1.079294e-10,9.96686023725804
"PWY-5486","pyruvate fermentation to ethanol II",9.99900009999e-05,0.000561587676848754,"SORBI_3002G379100",3.6903e-09,9.7928453203125e-07,1.079294e-10,9.96686023725804
"PWY-5486","pyruvate fermentation to ethanol II",9.99900009999e-05,0.000561587676848754,"SORBI_3001G263900",0.08342,0.55142383122691,NA,NA
"PWY-5486","pyruvate fermentation to ethanol II",9.99900009999e-05,0.000561587676848754,"SORBI_3004G343200",0.091042,0.572777109464716,NA,NA
"PWY-5486","pyruvate fermentation to ethanol II",9.99900009999e-05,0.000561587676848754,"SORBI_3004G226500",0.09984,0.590915713538944,NA,NA
"PWY-5486","pyruvate fermentation to ethanol II",9.99900009999e-05,0.000561587676848754,"SORBI_3001G264000",0.12653,0.645138533913565,NA,NA
"PWY-5486","pyruvate fermentation to ethanol II",9.99900009999e-05,0.000561587676848754,"SORBI_3001G097600",0.14925,0.682953510638298,NA,NA
"PWY-5486","pyruvate fermentation to ethanol II",9.99900009999e-05,0.000561587676848754,"SORBI_3002G429000",0.35451,0.853605059540686,NA,NA
"PWY-5486","pyruvate fermentation to ethanol II",9.99900009999e-05,0.000561587676848754,"SORBI_3001G405500",0.42833,0.877636162937949,NA,NA
"PWY-5486","pyruvate fermentation to ethanol II",9.99900009999e-05,0.000561587676848754,"SORBI_3005G103300",0.43804,0.880206307928449,NA,NA
"PWY-5486","pyruvate fermentation to ethanol II",9.99900009999e-05,0.000561587676848754,"SORBI_3009G169000",0.58218,0.906458060992465,NA,NA
"PWY-5486","pyruvate fermentation to ethanol II",9.99900009999e-05,0.000561587676848754,"SORBI_3005G103500",0.58883,0.906458060992465,NA,NA
"PWY-5486","pyruvate fermentation to ethanol II",9.99900009999e-05,0.000561587676848754,"SORBI_3001G475800",0.65706,0.913506754396703,NA,NA
"PWY-5486","pyruvate fermentation to ethanol II",9.99900009999e-05,0.000561587676848754,"SORBI_3001G475900",0.66087,0.913694940374787,NA,NA
"PWY-5486","pyruvate fermentation to ethanol II",9.99900009999e-05,0.000561587676848754,"SORBI_3003G061300",0.84946,0.935660055379234,NA,NA
"PWY-5667","CDP-diacylglycerol biosynthesis I",9.99900009999e-05,0.000561587676848754,"SORBI_3009G202600",0.00059127,0.0284874724680851,NA,NA
"PWY-5667","CDP-diacylglycerol biosynthesis I",9.99900009999e-05,0.000561587676848754,"SORBI_3005G197100",0.0047371,0.122922135752483,NA,NA
"PWY-5667","CDP-diacylglycerol biosynthesis I",9.99900009999e-05,0.000561587676848754,"SORBI_3008G130800",0.0063628,0.144890199798928,NA,NA
"PWY-5667","CDP-diacylglycerol biosynthesis I",9.99900009999e-05,0.000561587676848754,"SORBI_3009G162000",0.011228,0.198158469366563,NA,NA
"PWY-5667","CDP-diacylglycerol biosynthesis I",9.99900009999e-05,0.000561587676848754,"SORBI_3003G114200",0.016733,0.247871701264719,NA,NA
"PWY-5667","CDP-diacylglycerol biosynthesis I",9.99900009999e-05,0.000561587676848754,"SORBI_3009G188900",0.017381,0.25338215751073,NA,NA
"PWY-5667","CDP-diacylglycerol biosynthesis I",9.99900009999e-05,0.000561587676848754,"SORBI_3009G157000",0.14101,0.671450645025885,NA,NA
"PWY-5667","CDP-diacylglycerol biosynthesis I",9.99900009999e-05,0.000561587676848754,"SORBI_3001G206000",0.1508,0.684880812942907,NA,NA
"PWY-5667","CDP-diacylglycerol biosynthesis I",9.99900009999e-05,0.000561587676848754,"SORBI_3003G142500",0.18586,0.733314742711116,NA,NA
"PWY-5667","CDP-diacylglycerol biosynthesis I",9.99900009999e-05,0.000561587676848754,"SORBI_3003G301900",0.19491,0.742222126777915,NA,NA
"PWY-5667","CDP-diacylglycerol biosynthesis I",9.99900009999e-05,0.000561587676848754,"SORBI_3001G026100",0.23687,0.785725081471363,NA,NA
"PWY-5667","CDP-diacylglycerol biosynthesis I",9.99900009999e-05,0.000561587676848754,"SORBI_3002G167100",0.25042,0.792215343205737,NA,NA
"PWY-5667","CDP-diacylglycerol biosynthesis I",9.99900009999e-05,0.000561587676848754,"SORBI_3006G221500",0.30738,0.83139921560836,NA,NA
"PWY-5667","CDP-diacylglycerol biosynthesis I",9.99900009999e-05,0.000561587676848754,"SORBI_3001G493300",0.33176,0.843594761619639,NA,NA
"PWY-5667","CDP-diacylglycerol biosynthesis I",9.99900009999e-05,0.000561587676848754,"SORBI_3001G283700",0.33978,0.847230324427481,NA,NA
"PWY-5667","CDP-diacylglycerol biosynthesis I",9.99900009999e-05,0.000561587676848754,"SORBI_3001G099300",0.35257,0.85254824446501,NA,NA
"PWY-5667","CDP-diacylglycerol biosynthesis I",9.99900009999e-05,0.000561587676848754,"SORBI_3005G149300",0.35688,0.854333790249036,NA,NA
"PWY-5667","CDP-diacylglycerol biosynthesis I",9.99900009999e-05,0.000561587676848754,"SORBI_3003G317500",0.36203,0.856329806420166,NA,NA
"PWY-5667","CDP-diacylglycerol biosynthesis I",9.99900009999e-05,0.000561587676848754,"SORBI_3003G073800",0.3666,0.858060763458626,NA,NA
"PWY-5667","CDP-diacylglycerol biosynthesis I",9.99900009999e-05,0.000561587676848754,"SORBI_3002G267500",0.43883,0.880206307928449,NA,NA
"PWY-5667","CDP-diacylglycerol biosynthesis I",9.99900009999e-05,0.000561587676848754,"SORBI_3001G250200",0.48248,0.892079808393664,NA,NA
"PWY-5667","CDP-diacylglycerol biosynthesis I",9.99900009999e-05,0.000561587676848754,"SORBI_3005G214400",0.5347,0.900632758928129,NA,NA
"PWY-5667","CDP-diacylglycerol biosynthesis I",9.99900009999e-05,0.000561587676848754,"SORBI_3006G041266",0.57001,0.906300888868292,NA,NA
"PWY-5667","CDP-diacylglycerol biosynthesis I",9.99900009999e-05,0.000561587676848754,"SORBI_3003G360700",0.68265,0.917076780886886,NA,NA
"PWY-5667","CDP-diacylglycerol biosynthesis I",9.99900009999e-05,0.000561587676848754,"SORBI_3002G325300",0.68405,0.917550304071398,NA,NA
"PWY-5667","CDP-diacylglycerol biosynthesis I",9.99900009999e-05,0.000561587676848754,"SORBI_3009G015800",0.70366,0.920006039180971,NA,NA
"PWY-5667","CDP-diacylglycerol biosynthesis I",9.99900009999e-05,0.000561587676848754,"SORBI_3003G229700",0.75373,0.925136537196951,NA,NA
"PWY-5667","CDP-diacylglycerol biosynthesis I",9.99900009999e-05,0.000561587676848754,"SORBI_3008G112100",0.77946,0.927323002835837,NA,NA
"PWY-5667","CDP-diacylglycerol biosynthesis I",9.99900009999e-05,0.000561587676848754,"SORBI_3004G025400",0.90784,0.949431980048647,NA,NA
"PWY-5669","phosphatidylserine and phosphatidylethanolamine biosynthesis I",9.99900009999e-05,0.000561587676848754,"SORBI_3009G225100",3.2776e-12,2.14475476538462e-09,1.638796e-12,11.7854751047507
"PWY-5669","phosphatidylserine and phosphatidylethanolamine biosynthesis I",9.99900009999e-05,0.000561587676848754,"SORBI_3003G095800",0.5447,0.902535181309321,NA,NA
"PWY-5669","phosphatidylserine and phosphatidylethanolamine biosynthesis I",9.99900009999e-05,0.000561587676848754,"SORBI_3003G433750",0.73717,0.924376632107147,NA,NA
"PWY-5687","pyrimidine ribonucleotides interconversion",9.99900009999e-05,0.000561587676848754,"SORBI_3009G239500",3.126e-09,8.42705095238095e-07,1.966017e-11,10.7064127311762
"PWY-5687","pyrimidine ribonucleotides interconversion",9.99900009999e-05,0.000561587676848754,"SORBI_3009G239301",1.958e-08,3.88932081871345e-06,1.966017e-11,10.7064127311762
"PWY-5687","pyrimidine ribonucleotides interconversion",9.99900009999e-05,0.000561587676848754,"SORBI_3009G211900",0.00084068,0.0372299577053455,NA,NA
"PWY-5687","pyrimidine ribonucleotides interconversion",9.99900009999e-05,0.000561587676848754,"SORBI_3004G184500",0.00374,0.107475956006768,NA,NA
"PWY-5687","pyrimidine ribonucleotides interconversion",9.99900009999e-05,0.000561587676848754,"SORBI_3006G065800",0.0054097,0.131438683762518,NA,NA
"PWY-5687","pyrimidine ribonucleotides interconversion",9.99900009999e-05,0.000561587676848754,"SORBI_3003G241000",0.011137,0.197747244641924,NA,NA
"PWY-5687","pyrimidine ribonucleotides interconversion",9.99900009999e-05,0.000561587676848754,"SORBI_3001G295200",0.044135,0.414125288674033,NA,NA
"PWY-5687","pyrimidine ribonucleotides interconversion",9.99900009999e-05,0.000561587676848754,"SORBI_3001G518200",0.091723,0.574165975358588,NA,NA
"PWY-5687","pyrimidine ribonucleotides interconversion",9.99900009999e-05,0.000561587676848754,"SORBI_3007G223100",0.11046,0.614879518190757,NA,NA
"PWY-5687","pyrimidine ribonucleotides interconversion",9.99900009999e-05,0.000561587676848754,"SORBI_3005G099500",0.1212,0.635690573189522,NA,NA
"PWY-5687","pyrimidine ribonucleotides interconversion",9.99900009999e-05,0.000561587676848754,"SORBI_3008G091400",0.17173,0.717661529281496,NA,NA
"PWY-5687","pyrimidine ribonucleotides interconversion",9.99900009999e-05,0.000561587676848754,"SORBI_3009G166600",0.1983,0.745342049352661,NA,NA
"PWY-5687","pyrimidine ribonucleotides interconversion",9.99900009999e-05,0.000561587676848754,"SORBI_3005G086000",0.23012,0.777774014126542,NA,NA
"PWY-5687","pyrimidine ribonucleotides interconversion",9.99900009999e-05,0.000561587676848754,"SORBI_3003G439600",0.24298,0.789726252869166,NA,NA
"PWY-5687","pyrimidine ribonucleotides interconversion",9.99900009999e-05,0.000561587676848754,"SORBI_3005G131500",0.3844,0.86258037388724,NA,NA
"PWY-5687","pyrimidine ribonucleotides interconversion",9.99900009999e-05,0.000561587676848754,"SORBI_3003G221200",0.41697,0.874962894119101,NA,NA
"PWY-5687","pyrimidine ribonucleotides interconversion",9.99900009999e-05,0.000561587676848754,"SORBI_3008G022100",0.43309,0.879418198338215,NA,NA
"PWY-5687","pyrimidine ribonucleotides interconversion",9.99900009999e-05,0.000561587676848754,"SORBI_3005G018300",0.4472,0.884015736483734,NA,NA
"PWY-5687","pyrimidine ribonucleotides interconversion",9.99900009999e-05,0.000561587676848754,"SORBI_3005G018200",0.45042,0.884905448343643,NA,NA
"PWY-5687","pyrimidine ribonucleotides interconversion",9.99900009999e-05,0.000561587676848754,"SORBI_3006G003300",0.47169,0.891181258880995,NA,NA
"PWY-5687","pyrimidine ribonucleotides interconversion",9.99900009999e-05,0.000561587676848754,"SORBI_3009G259200",0.48519,0.892526606276286,NA,NA
"PWY-5687","pyrimidine ribonucleotides interconversion",9.99900009999e-05,0.000561587676848754,"SORBI_3008G123600",0.49882,0.895151042899408,NA,NA
"PWY-5687","pyrimidine ribonucleotides interconversion",9.99900009999e-05,0.000561587676848754,"SORBI_3008G127100",0.51521,0.89788952339466,NA,NA
"PWY-5687","pyrimidine ribonucleotides interconversion",9.99900009999e-05,0.000561587676848754,"SORBI_3001G356200",0.53614,0.900958164547568,NA,NA
"PWY-5687","pyrimidine ribonucleotides interconversion",9.99900009999e-05,0.000561587676848754,"SORBI_3008G021900",0.55665,0.903874219868308,NA,NA
"PWY-5687","pyrimidine ribonucleotides interconversion",9.99900009999e-05,0.000561587676848754,"SORBI_3003G017300",0.564,0.90595706344354,NA,NA
"PWY-5687","pyrimidine ribonucleotides interconversion",9.99900009999e-05,0.000561587676848754,"SORBI_3004G318100",0.57073,0.906300888868292,NA,NA
"PWY-5687","pyrimidine ribonucleotides interconversion",9.99900009999e-05,0.000561587676848754,"SORBI_3001G385000",0.57368,0.906300888868292,NA,NA
"PWY-5687","pyrimidine ribonucleotides interconversion",9.99900009999e-05,0.000561587676848754,"SORBI_3002G306900",0.63153,0.911555119826634,NA,NA
"PWY-5687","pyrimidine ribonucleotides interconversion",9.99900009999e-05,0.000561587676848754,"SORBI_3005G085901",0.66036,0.913694940374787,NA,NA
"PWY-5687","pyrimidine ribonucleotides interconversion",9.99900009999e-05,0.000561587676848754,"SORBI_3007G137900",0.71491,0.921184627669664,NA,NA
"PWY-5687","pyrimidine ribonucleotides interconversion",9.99900009999e-05,0.000561587676848754,"SORBI_3010G007500",0.78418,0.928040064794816,NA,NA
"PWY-5687","pyrimidine ribonucleotides interconversion",9.99900009999e-05,0.000561587676848754,"SORBI_3002G420600",0.96025,0.970693650755862,NA,NA
"PWY-5690","TCA cycle II (plants and fungi)",9.99900009999e-05,0.000561587676848754,"SORBI_3009G240700",1.8634e-07,2.6933662893617e-05,5.40957e-09,8.26683725505039
"PWY-5690","TCA cycle II (plants and fungi)",9.99900009999e-05,0.000561587676848754,"SORBI_3001G378800",0.008728,0.173162298657326,NA,NA
"PWY-5690","TCA cycle II (plants and fungi)",9.99900009999e-05,0.000561587676848754,"SORBI_3001G206700",0.014213,0.226308718837863,8.348061e-08,7.07841438616784
"PWY-5690","TCA cycle II (plants and fungi)",9.99900009999e-05,0.000561587676848754,"SORBI_3006G000100",0.029245,0.336391776159837,NA,NA
"PWY-5690","TCA cycle II (plants and fungi)",9.99900009999e-05,0.000561587676848754,"SORBI_3004G202100",0.077316,0.53432198819939,NA,NA
"PWY-5690","TCA cycle II (plants and fungi)",9.99900009999e-05,0.000561587676848754,"SORBI_3008G186200",0.093667,0.576209202751629,NA,NA
"PWY-5690","TCA cycle II (plants and fungi)",9.99900009999e-05,0.000561587676848754,"SORBI_3002G316900",0.095081,0.580022319820628,NA,NA
"PWY-5690","TCA cycle II (plants and fungi)",9.99900009999e-05,0.000561587676848754,"SORBI_3010G015200",0.098596,0.587770827664797,NA,NA
"PWY-5690","TCA cycle II (plants and fungi)",9.99900009999e-05,0.000561587676848754,"SORBI_3002G385700",0.16085,0.700591148717949,NA,NA
"PWY-5690","TCA cycle II (plants and fungi)",9.99900009999e-05,0.000561587676848754,"SORBI_3002G185100",0.20642,0.755362599849284,NA,NA
"PWY-5690","TCA cycle II (plants and fungi)",9.99900009999e-05,0.000561587676848754,"SORBI_3007G137600",0.29767,0.827632917348609,NA,NA
"PWY-5690","TCA cycle II (plants and fungi)",9.99900009999e-05,0.000561587676848754,"SORBI_3001G073900",0.31585,0.836072081514963,NA,NA
"PWY-5690","TCA cycle II (plants and fungi)",9.99900009999e-05,0.000561587676848754,"SORBI_3004G101900",0.34077,0.847856328010548,NA,NA
"PWY-5690","TCA cycle II (plants and fungi)",9.99900009999e-05,0.000561587676848754,"SORBI_3001G219300",0.41965,0.875945019312121,NA,NA
"PWY-5690","TCA cycle II (plants and fungi)",9.99900009999e-05,0.000561587676848754,"SORBI_3001G072000",0.43069,0.878211503781967,NA,NA
"PWY-5690","TCA cycle II (plants and fungi)",9.99900009999e-05,0.000561587676848754,"SORBI_3004G218600",0.48616,0.892526606276286,NA,NA
"PWY-5690","TCA cycle II (plants and fungi)",9.99900009999e-05,0.000561587676848754,"SORBI_3003G129900",0.54302,0.902164849107361,NA,NA
"PWY-5690","TCA cycle II (plants and fungi)",9.99900009999e-05,0.000561587676848754,"SORBI_3001G512800",0.54559,0.902535181309321,NA,NA
"PWY-5690","TCA cycle II (plants and fungi)",9.99900009999e-05,0.000561587676848754,"SORBI_3002G028700",0.56602,0.90595706344354,NA,NA
"PWY-5690","TCA cycle II (plants and fungi)",9.99900009999e-05,0.000561587676848754,"SORBI_3002G309400",0.56764,0.906228197237361,NA,NA
"PWY-5690","TCA cycle II (plants and fungi)",9.99900009999e-05,0.000561587676848754,"SORBI_3003G238500",0.57059,0.906300888868292,NA,NA
"PWY-5690","TCA cycle II (plants and fungi)",9.99900009999e-05,0.000561587676848754,"SORBI_3002G149000",0.5811,0.906458060992465,NA,NA
"PWY-5690","TCA cycle II (plants and fungi)",9.99900009999e-05,0.000561587676848754,"SORBI_3007G068100",0.61591,0.909424324745616,NA,NA
"PWY-5690","TCA cycle II (plants and fungi)",9.99900009999e-05,0.000561587676848754,"SORBI_3006G120900",0.61969,0.909606143207962,NA,NA
"PWY-5690","TCA cycle II (plants and fungi)",9.99900009999e-05,0.000561587676848754,"SORBI_3002G352200",0.64864,0.912759378364947,NA,NA
"PWY-5690","TCA cycle II (plants and fungi)",9.99900009999e-05,0.000561587676848754,"SORBI_3010G031000",0.71275,0.920429839334549,NA,NA
"PWY-5690","TCA cycle II (plants and fungi)",9.99900009999e-05,0.000561587676848754,"SORBI_3007G023400",0.80462,0.93054523644163,NA,NA
"PWY-5690","TCA cycle II (plants and fungi)",9.99900009999e-05,0.000561587676848754,"SORBI_3004G078000",0.86163,0.937807742617385,NA,NA
"PWY-5690","TCA cycle II (plants and fungi)",9.99900009999e-05,0.000561587676848754,"SORBI_3006G170800",0.90788,0.949436264277578,NA,NA
"PWY-5800","xylan biosynthesis",9.99900009999e-05,0.000561587676848754,"SORBI_3009G229300",4.8629e-13,7.18165757826087e-10,1.982972e-14,13.7026834180848
"PWY-5800","xylan biosynthesis",9.99900009999e-05,0.000561587676848754,"SORBI_3006G242100",0.096284,0.581940941825298,NA,NA
"PWY-5800","xylan biosynthesis",9.99900009999e-05,0.000561587676848754,"SORBI_3006G002600",0.13381,0.661985681222708,NA,NA
"PWY-5800","xylan biosynthesis",9.99900009999e-05,0.000561587676848754,"SORBI_3001G409100",0.19287,0.740512068692803,NA,NA
"PWY-5800","xylan biosynthesis",9.99900009999e-05,0.000561587676848754,"SORBI_3003G129400",0.21707,0.766676651070909,NA,NA
"PWY-5800","xylan biosynthesis",9.99900009999e-05,0.000561587676848754,"SORBI_3010G008600",0.27065,0.808321425180236,NA,NA
"PWY-5800","xylan biosynthesis",9.99900009999e-05,0.000561587676848754,"SORBI_3001G242000",0.30262,0.830258719812616,NA,NA
"PWY-5800","xylan biosynthesis",9.99900009999e-05,0.000561587676848754,"SORBI_3010G146000",0.34721,0.850178926614764,NA,NA
"PWY-5800","xylan biosynthesis",9.99900009999e-05,0.000561587676848754,"SORBI_3002G334500",0.36851,0.858334588339705,NA,NA
"PWY-5800","xylan biosynthesis",9.99900009999e-05,0.000561587676848754,"SORBI_3002G334100",0.37504,0.858929848495051,NA,NA
"PWY-5800","xylan biosynthesis",9.99900009999e-05,0.000561587676848754,"SORBI_3002G334200",0.37676,0.859693533516742,NA,NA
"PWY-5800","xylan biosynthesis",9.99900009999e-05,0.000561587676848754,"SORBI_3002G334000",0.37972,0.861225904812763,NA,NA
"PWY-5800","xylan biosynthesis",9.99900009999e-05,0.000561587676848754,"SORBI_3002G334300",0.39188,0.866257947950553,NA,NA
"PWY-5800","xylan biosynthesis",9.99900009999e-05,0.000561587676848754,"SORBI_3002G171200",0.45724,0.886799745917552,NA,NA
"PWY-5800","xylan biosynthesis",9.99900009999e-05,0.000561587676848754,"SORBI_3010G238800",0.50382,0.895437087170364,NA,NA
"PWY-5800","xylan biosynthesis",9.99900009999e-05,0.000561587676848754,"SORBI_3002G334400",0.50664,0.896001426570524,NA,NA
"PWY-5800","xylan biosynthesis",9.99900009999e-05,0.000561587676848754,"SORBI_3009G026101",0.53079,0.900398034984551,NA,NA
"PWY-5800","xylan biosynthesis",9.99900009999e-05,0.000561587676848754,"SORBI_3008G125700",0.56975,0.906300888868292,NA,NA
"PWY-5800","xylan biosynthesis",9.99900009999e-05,0.000561587676848754,"SORBI_3002G333900",0.61139,0.908207364900315,NA,NA
"PWY-5800","xylan biosynthesis",9.99900009999e-05,0.000561587676848754,"SORBI_3003G063400",0.6311,0.911515471746248,NA,NA
"PWY-5800","xylan biosynthesis",9.99900009999e-05,0.000561587676848754,"SORBI_3002G430700",0.77348,0.92668937451547,NA,NA
"PWY-5800","xylan biosynthesis",9.99900009999e-05,0.000561587676848754,"SORBI_3003G254700",0.78822,0.928110076816609,NA,NA
"PWY-5800","xylan biosynthesis",9.99900009999e-05,0.000561587676848754,"SORBI_3010G136250",0.79815,0.929681352453399,NA,NA
"PWY-5800","xylan biosynthesis",9.99900009999e-05,0.000561587676848754,"SORBI_3001G283400",0.83579,0.934109190853698,NA,NA
"PWY-5800","xylan biosynthesis",9.99900009999e-05,0.000561587676848754,"SORBI_3007G050600",0.84193,0.934550373517205,NA,NA
"PWY-5800","xylan biosynthesis",9.99900009999e-05,0.000561587676848754,"SORBI_3002G333800",0.85921,0.937509708706683,NA,NA
"PWY-5800","xylan biosynthesis",9.99900009999e-05,0.000561587676848754,"SORBI_3007G100800",0.88389,0.942684453929199,NA,NA
"PWY-5805","nonaprenyl diphosphate biosynthesis I",9.99900009999e-05,0.000561587676848754,"SORBI_3009G246400",6.3153e-07,7.91556439483395e-05,5.052275e-09,8.2965130184231
"PWY-5805","nonaprenyl diphosphate biosynthesis I",9.99900009999e-05,0.000561587676848754,"SORBI_3008G088821",0.52757,0.900398034984551,NA,NA
"PWY-5805","nonaprenyl diphosphate biosynthesis I",9.99900009999e-05,0.000561587676848754,"SORBI_3010G229400",0.79821,0.929681352453399,NA,NA
"PWY-5805","nonaprenyl diphosphate biosynthesis I",9.99900009999e-05,0.000561587676848754,"SORBI_3007G070000",0.8039,0.93054523644163,NA,NA
"PWY-5807","heptaprenyl diphosphate biosynthesis",9.99900009999e-05,0.000561587676848754,"SORBI_3009G246400",6.3153e-07,7.91556439483395e-05,5.052275e-09,8.2965130184231
"PWY-5807","heptaprenyl diphosphate biosynthesis",9.99900009999e-05,0.000561587676848754,"SORBI_3002G298400",0.027027,0.323932995412844,NA,NA
"PWY-5807","heptaprenyl diphosphate biosynthesis",9.99900009999e-05,0.000561587676848754,"SORBI_3002G123500",0.14912,0.682910654986523,NA,NA
"PWY-5807","heptaprenyl diphosphate biosynthesis",9.99900009999e-05,0.000561587676848754,"SORBI_3002G130000",0.20906,0.7574912736,NA,NA
"PWY-5807","heptaprenyl diphosphate biosynthesis",9.99900009999e-05,0.000561587676848754,"SORBI_3003G361900",0.84816,0.935660055379234,NA,NA
"PWY-5863","superpathway of phylloquinol biosynthesis",9.99900009999e-05,0.000561587676848754,"SORBI_3009G246400",6.3153e-07,7.91556439483395e-05,5.052275e-09,8.2965130184231
"PWY-5863","superpathway of phylloquinol biosynthesis",9.99900009999e-05,0.000561587676848754,"SORBI_3009G216800",1.9152e-06,0.000215409266225166,5.483475e-08,7.26094413220446
"PWY-5863","superpathway of phylloquinol biosynthesis",9.99900009999e-05,0.000561587676848754,"SORBI_3004G287300",0.021917,0.287767583687669,NA,NA
"PWY-5863","superpathway of phylloquinol biosynthesis",9.99900009999e-05,0.000561587676848754,"SORBI_3003G270500",0.044473,0.416032605618287,NA,NA
"PWY-5863","superpathway of phylloquinol biosynthesis",9.99900009999e-05,0.000561587676848754,"SORBI_3003G122100",0.054846,0.459316580128205,NA,NA
"PWY-5863","superpathway of phylloquinol biosynthesis",9.99900009999e-05,0.000561587676848754,"SORBI_3002G353300",0.3456,0.84946917147806,NA,NA
"PWY-5863","superpathway of phylloquinol biosynthesis",9.99900009999e-05,0.000561587676848754,"SORBI_3004G238500",0.36433,0.857250067132673,NA,NA
"PWY-5863","superpathway of phylloquinol biosynthesis",9.99900009999e-05,0.000561587676848754,"SORBI_3003G111500",0.52736,0.900398034984551,NA,NA
"PWY-5864","superpathway of plastoquinol biosynthesis",9.99900009999e-05,0.000561587676848754,"SORBI_3009G246400",6.3153e-07,7.91556439483395e-05,5.052275e-09,8.2965130184231
"PWY-5864","superpathway of plastoquinol biosynthesis",9.99900009999e-05,0.000561587676848754,"SORBI_3003G045600",0.046008,0.424085138670285,NA,NA
"PWY-5864","superpathway of plastoquinol biosynthesis",9.99900009999e-05,0.000561587676848754,"SORBI_3005G200300",0.28438,0.819210893598983,NA,NA
"PWY-5864","superpathway of plastoquinol biosynthesis",9.99900009999e-05,0.000561587676848754,"SORBI_3008G088821",0.52757,0.900398034984551,NA,NA
"PWY-5864","superpathway of plastoquinol biosynthesis",9.99900009999e-05,0.000561587676848754,"SORBI_3010G229400",0.79821,0.929681352453399,NA,NA
"PWY-5864","superpathway of plastoquinol biosynthesis",9.99900009999e-05,0.000561587676848754,"SORBI_3007G070000",0.8039,0.93054523644163,NA,NA
"PWY-5910","superpathway of geranylgeranyldiphosphate biosynthesis I (via mevalonate)",9.99900009999e-05,0.000561587676848754,"SORBI_3009G246400",6.3153e-07,7.91556439483395e-05,5.052275e-09,8.2965130184231
"PWY-5910","superpathway of geranylgeranyldiphosphate biosynthesis I (via mevalonate)",9.99900009999e-05,0.000561587676848754,"SORBI_3009G216800",1.9152e-06,0.000215409266225166,5.483475e-08,7.26094413220446
"PWY-5910","superpathway of geranylgeranyldiphosphate biosynthesis I (via mevalonate)",9.99900009999e-05,0.000561587676848754,"SORBI_3004G287300",0.021917,0.287767583687669,NA,NA
"PWY-5910","superpathway of geranylgeranyldiphosphate biosynthesis I (via mevalonate)",9.99900009999e-05,0.000561587676848754,"SORBI_3003G270500",0.044473,0.416032605618287,NA,NA
"PWY-5910","superpathway of geranylgeranyldiphosphate biosynthesis I (via mevalonate)",9.99900009999e-05,0.000561587676848754,"SORBI_3002G353300",0.3456,0.84946917147806,NA,NA
"PWY-5910","superpathway of geranylgeranyldiphosphate biosynthesis I (via mevalonate)",9.99900009999e-05,0.000561587676848754,"SORBI_3003G111500",0.52736,0.900398034984551,NA,NA
"PWY-5921","glutaminyl-tRNA<sup>gln</sup> biosynthesis via transamidation",9.99900009999e-05,0.000561587676848754,"SORBI_3009G225700",1.036e-12,1.11998462727273e-09,1.851683e-14,13.7324333605993
"PWY-5921","glutaminyl-tRNA<sup>gln</sup> biosynthesis via transamidation",9.99900009999e-05,0.000561587676848754,"SORBI_3009G239500",3.126e-09,8.42705095238095e-07,1.966017e-11,10.7064127311762
"PWY-5921","glutaminyl-tRNA<sup>gln</sup> biosynthesis via transamidation",9.99900009999e-05,0.000561587676848754,"SORBI_3009G239301",1.958e-08,3.88932081871345e-06,1.966017e-11,10.7064127311762
"PWY-5921","glutaminyl-tRNA<sup>gln</sup> biosynthesis via transamidation",9.99900009999e-05,0.000561587676848754,"SORBI_3004G209300",0.00014783,0.00938568525233645,NA,NA
"PWY-5921","glutaminyl-tRNA<sup>gln</sup> biosynthesis via transamidation",9.99900009999e-05,0.000561587676848754,"SORBI_3006G028000",0.0024477,0.0821551639328063,NA,NA
"PWY-5921","glutaminyl-tRNA<sup>gln</sup> biosynthesis via transamidation",9.99900009999e-05,0.000561587676848754,"SORBI_3007G174600",0.0056084,0.133497212894184,NA,NA
"PWY-5921","glutaminyl-tRNA<sup>gln</sup> biosynthesis via transamidation",9.99900009999e-05,0.000561587676848754,"SORBI_3003G241000",0.011137,0.197747244641924,NA,NA
"PWY-5921","glutaminyl-tRNA<sup>gln</sup> biosynthesis via transamidation",9.99900009999e-05,0.000561587676848754,"SORBI_3006G027900",0.031033,0.347657622361478,NA,NA
"PWY-5921","glutaminyl-tRNA<sup>gln</sup> biosynthesis via transamidation",9.99900009999e-05,0.000561587676848754,"SORBI_3003G193700",0.043081,0.409637269370629,NA,NA
"PWY-5921","glutaminyl-tRNA<sup>gln</sup> biosynthesis via transamidation",9.99900009999e-05,0.000561587676848754,"SORBI_3008G139800",0.13319,0.660640293516355,NA,NA
"PWY-5921","glutaminyl-tRNA<sup>gln</sup> biosynthesis via transamidation",9.99900009999e-05,0.000561587676848754,"SORBI_3005G139300",0.13693,0.667111490246701,NA,NA
"PWY-5921","glutaminyl-tRNA<sup>gln</sup> biosynthesis via transamidation",9.99900009999e-05,0.000561587676848754,"SORBI_3002G005600",0.2289,0.77671817400859,NA,NA
"PWY-5921","glutaminyl-tRNA<sup>gln</sup> biosynthesis via transamidation",9.99900009999e-05,0.000561587676848754,"SORBI_3005G143500",0.29113,0.824210074912602,NA,NA
"PWY-5921","glutaminyl-tRNA<sup>gln</sup> biosynthesis via transamidation",9.99900009999e-05,0.000561587676848754,"SORBI_3006G237100",0.2991,0.828075167195509,NA,NA
"PWY-5921","glutaminyl-tRNA<sup>gln</sup> biosynthesis via transamidation",9.99900009999e-05,0.000561587676848754,"SORBI_3003G258800",0.32362,0.840852682516627,NA,NA
"PWY-5921","glutaminyl-tRNA<sup>gln</sup> biosynthesis via transamidation",9.99900009999e-05,0.000561587676848754,"SORBI_3003G221200",0.41697,0.874962894119101,NA,NA
"PWY-5921","glutaminyl-tRNA<sup>gln</sup> biosynthesis via transamidation",9.99900009999e-05,0.000561587676848754,"SORBI_3004G028500",0.47882,0.891684888317092,NA,NA
"PWY-5921","glutaminyl-tRNA<sup>gln</sup> biosynthesis via transamidation",9.99900009999e-05,0.000561587676848754,"SORBI_3008G127100",0.51521,0.89788952339466,NA,NA
"PWY-5921","glutaminyl-tRNA<sup>gln</sup> biosynthesis via transamidation",9.99900009999e-05,0.000561587676848754,"SORBI_3004G265900",0.54553,0.902535181309321,NA,NA
"PWY-5921","glutaminyl-tRNA<sup>gln</sup> biosynthesis via transamidation",9.99900009999e-05,0.000561587676848754,"SORBI_3010G060800",0.56298,0.905947586696987,NA,NA
"PWY-5921","glutaminyl-tRNA<sup>gln</sup> biosynthesis via transamidation",9.99900009999e-05,0.000561587676848754,"SORBI_3003G017300",0.564,0.90595706344354,NA,NA
"PWY-5921","glutaminyl-tRNA<sup>gln</sup> biosynthesis via transamidation",9.99900009999e-05,0.000561587676848754,"SORBI_3005G003200",0.57212,0.906300888868292,NA,NA
"PWY-5921","glutaminyl-tRNA<sup>gln</sup> biosynthesis via transamidation",9.99900009999e-05,0.000561587676848754,"SORBI_3002G402700",0.60909,0.907882935111657,NA,NA
"PWY-5921","glutaminyl-tRNA<sup>gln</sup> biosynthesis via transamidation",9.99900009999e-05,0.000561587676848754,"SORBI_3001G151700",0.69039,0.918797834502214,NA,NA
"PWY-5921","glutaminyl-tRNA<sup>gln</sup> biosynthesis via transamidation",9.99900009999e-05,0.000561587676848754,"SORBI_3002G301700",0.73749,0.924376632107147,NA,NA
"PWY-5921","glutaminyl-tRNA<sup>gln</sup> biosynthesis via transamidation",9.99900009999e-05,0.000561587676848754,"SORBI_3001G406800",0.7645,0.925206523675491,NA,NA
"PWY-5921","glutaminyl-tRNA<sup>gln</sup> biosynthesis via transamidation",9.99900009999e-05,0.000561587676848754,"SORBI_3002G301600",0.77003,0.926175926778317,NA,NA
"PWY-5921","glutaminyl-tRNA<sup>gln</sup> biosynthesis via transamidation",9.99900009999e-05,0.000561587676848754,"SORBI_3005G150250",0.78438,0.928070066183642,NA,NA
"PWY-5921","glutaminyl-tRNA<sup>gln</sup> biosynthesis via transamidation",9.99900009999e-05,0.000561587676848754,"SORBI_3007G104300",0.7905,0.928312344522418,NA,NA
"PWY-5921","glutaminyl-tRNA<sup>gln</sup> biosynthesis via transamidation",9.99900009999e-05,0.000561587676848754,"SORBI_3001G265500",0.79107,0.928475070014486,NA,NA
"PWY-5921","glutaminyl-tRNA<sup>gln</sup> biosynthesis via transamidation",9.99900009999e-05,0.000561587676848754,"SORBI_3010G110000",0.80159,0.930265820360508,NA,NA
"PWY-5921","glutaminyl-tRNA<sup>gln</sup> biosynthesis via transamidation",9.99900009999e-05,0.000561587676848754,"SORBI_3006G278500",0.83573,0.934109190853698,NA,NA
"PWY-5921","glutaminyl-tRNA<sup>gln</sup> biosynthesis via transamidation",9.99900009999e-05,0.000561587676848754,"SORBI_3001G432300",0.90333,0.947643527595046,NA,NA
"PWY-5921","glutaminyl-tRNA<sup>gln</sup> biosynthesis via transamidation",9.99900009999e-05,0.000561587676848754,"SORBI_3002G301500",0.91478,0.951729351588104,NA,NA
"PWY-5968","cinnamate esters biosynthesis",9.99900009999e-05,0.000561587676848754,"SORBI_3009G224100",2.0003e-08,3.95024361046512e-06,6.773765e-13,12.1691698742656
"PWY-5968","cinnamate esters biosynthesis",9.99900009999e-05,0.000561587676848754,"SORBI_3001G093100",0.00081187,0.0361900108792651,NA,NA
"PWY-5968","cinnamate esters biosynthesis",9.99900009999e-05,0.000561587676848754,"SORBI_3002G366500",0.22354,0.772382295882054,NA,NA
"PWY-5968","cinnamate esters biosynthesis",9.99900009999e-05,0.000561587676848754,"SORBI_3003G232900",0.29622,0.826658679152292,NA,NA
"PWY-5968","cinnamate esters biosynthesis",9.99900009999e-05,0.000561587676848754,"SORBI_3003G233000",0.4159,0.874602422479421,NA,NA
"PWY-5968","cinnamate esters biosynthesis",9.99900009999e-05,0.000561587676848754,"SORBI_3003G233100",0.56061,0.904952678325334,NA,NA
"PWY-5968","cinnamate esters biosynthesis",9.99900009999e-05,0.000561587676848754,"SORBI_3001G459700",0.73584,0.924376632107147,NA,NA
"PWY-5980","xylogalacturonan biosynthesis",9.99900009999e-05,0.000561587676848754,"SORBI_3009G220200",1.563e-05,0.00138980159685864,8.898792e-10,9.05066894429231
"PWY-5980","xylogalacturonan biosynthesis",9.99900009999e-05,0.000561587676848754,"SORBI_3009G220100",2.8433e-05,0.00233281089613527,1.707769e-08,7.76757087416809
"PWY-5980","xylogalacturonan biosynthesis",9.99900009999e-05,0.000561587676848754,"SORBI_3006G059000",0.00063591,0.0298754563900415,NA,NA
"PWY-5980","xylogalacturonan biosynthesis",9.99900009999e-05,0.000561587676848754,"SORBI_3003G234701",0.0051148,0.127558305139501,NA,NA
"PWY-5980","xylogalacturonan biosynthesis",9.99900009999e-05,0.000561587676848754,"SORBI_3001G387300",0.035801,0.373480518120393,NA,NA
"PWY-5980","xylogalacturonan biosynthesis",9.99900009999e-05,0.000561587676848754,"SORBI_3007G139300",0.11892,0.631939242803504,NA,NA
"PWY-5980","xylogalacturonan biosynthesis",9.99900009999e-05,0.000561587676848754,"SORBI_3010G059400",0.16316,0.70441283318511,NA,NA
"PWY-5980","xylogalacturonan biosynthesis",9.99900009999e-05,0.000561587676848754,"SORBI_3009G162700",0.20495,0.753499262144325,NA,NA
"PWY-5980","xylogalacturonan biosynthesis",9.99900009999e-05,0.000561587676848754,"SORBI_3001G538700",0.3378,0.84656445980731,NA,NA
"PWY-5980","xylogalacturonan biosynthesis",9.99900009999e-05,0.000561587676848754,"SORBI_3003G102700",0.36808,0.858195881828164,NA,NA
"PWY-5980","xylogalacturonan biosynthesis",9.99900009999e-05,0.000561587676848754,"SORBI_3006G260900",0.42429,0.877551473005052,NA,NA
"PWY-5980","xylogalacturonan biosynthesis",9.99900009999e-05,0.000561587676848754,"SORBI_3004G213500",0.48176,0.892059077199477,NA,NA
"PWY-5980","xylogalacturonan biosynthesis",9.99900009999e-05,0.000561587676848754,"SORBI_3008G021000",0.51822,0.89863596210655,NA,NA
"PWY-5980","xylogalacturonan biosynthesis",9.99900009999e-05,0.000561587676848754,"SORBI_3003G331000",0.61659,0.909424324745616,NA,NA
"PWY-5980","xylogalacturonan biosynthesis",9.99900009999e-05,0.000561587676848754,"SORBI_3002G342300",0.62315,0.910324949251677,NA,NA
"PWY-5980","xylogalacturonan biosynthesis",9.99900009999e-05,0.000561587676848754,"SORBI_3003G410700",0.68118,0.916900365761839,NA,NA
"PWY-5980","xylogalacturonan biosynthesis",9.99900009999e-05,0.000561587676848754,"SORBI_3004G070100",0.75524,0.925196496222919,NA,NA
"PWY-5980","xylogalacturonan biosynthesis",9.99900009999e-05,0.000561587676848754,"SORBI_3002G062100",0.75975,0.925196496222919,NA,NA
"PWY-5980","xylogalacturonan biosynthesis",9.99900009999e-05,0.000561587676848754,"SORBI_3003G410800",0.77959,0.927323002835837,NA,NA
"PWY-5980","xylogalacturonan biosynthesis",9.99900009999e-05,0.000561587676848754,"SORBI_3003G410600",0.83943,0.934109190853698,NA,NA
"PWY-5980","xylogalacturonan biosynthesis",9.99900009999e-05,0.000561587676848754,"SORBI_3003G405600",0.84729,0.935660055379234,NA,NA
"PWY-5980","xylogalacturonan biosynthesis",9.99900009999e-05,0.000561587676848754,"SORBI_3003G360300",0.90753,0.94923514026174,NA,NA
"PWY-5980","xylogalacturonan biosynthesis",9.99900009999e-05,0.000561587676848754,"SORBI_3004G159100",0.97664,0.980566074901717,NA,NA
"PWY-6066","IAA biosynthesis VII",9.99900009999e-05,0.000561587676848754,"SORBI_3009G219500",4.4624e-09,1.13115179701493e-06,2.104908e-11,10.6767668812846
"PWY-6066","IAA biosynthesis VII",9.99900009999e-05,0.000561587676848754,"SORBI_3002G111200",0.0061255,0.141458353976886,NA,NA
"PWY-6066","IAA biosynthesis VII",9.99900009999e-05,0.000561587676848754,"SORBI_3002G415900",0.35665,0.854333790249036,NA,NA
"PWY-6147","6-hydroxymethyl-dihydropterin diphosphate biosynthesis I",9.99900009999e-05,0.000561587676848754,"SORBI_3007G172600",0.0044159,0.118072710062893,NA,NA
"PWY-6147","6-hydroxymethyl-dihydropterin diphosphate biosynthesis I",9.99900009999e-05,0.000561587676848754,"SORBI_3003G146800",0.0053549,0.13076196139468,NA,NA
"PWY-6147","6-hydroxymethyl-dihydropterin diphosphate biosynthesis I",9.99900009999e-05,0.000561587676848754,"SORBI_3002G296500",0.24842,0.791702925227507,NA,NA
"PWY-6147","6-hydroxymethyl-dihydropterin diphosphate biosynthesis I",9.99900009999e-05,0.000561587676848754,"SORBI_3002G376200",0.54133,0.901620127891023,NA,NA
"PWY-6147","6-hydroxymethyl-dihydropterin diphosphate biosynthesis I",9.99900009999e-05,0.000561587676848754,"SORBI_3006G254100",0.68999,0.918661427171527,NA,NA
"PWY-622","starch biosynthesis",9.99900009999e-05,0.000561587676848754,"SORBI_3009G245000",2.058e-08,4.01747620689655e-06,1.196494e-10,9.9220894748804
"PWY-622","starch biosynthesis",9.99900009999e-05,0.000561587676848754,"SORBI_3004G338100",0.0012223,0.048558905380117,NA,NA
"PWY-622","starch biosynthesis",9.99900009999e-05,0.000561587676848754,"SORBI_3009G209300",0.0026252,0.0860715911196911,NA,NA
"PWY-622","starch biosynthesis",9.99900009999e-05,0.000561587676848754,"SORBI_3001G376266",0.043468,0.410883507234279,NA,NA
"PWY-622","starch biosynthesis",9.99900009999e-05,0.000561587676848754,"SORBI_3006G221000",0.055385,0.460642089862879,NA,NA
"PWY-622","starch biosynthesis",9.99900009999e-05,0.000561587676848754,"SORBI_3002G088600",0.094594,0.578723774855908,NA,NA
"PWY-622","starch biosynthesis",9.99900009999e-05,0.000561587676848754,"SORBI_3002G125800",0.15473,0.690808101681555,NA,NA
"PWY-622","starch biosynthesis",9.99900009999e-05,0.000561587676848754,"SORBI_3007G101500",0.20995,0.757728159515718,NA,NA
"PWY-622","starch biosynthesis",9.99900009999e-05,0.000561587676848754,"SORBI_3004G238600",0.23099,0.778612601190476,NA,NA
"PWY-622","starch biosynthesis",9.99900009999e-05,0.000561587676848754,"SORBI_3002G160400",0.24364,0.789851073678183,NA,NA
"PWY-622","starch biosynthesis",9.99900009999e-05,0.000561587676848754,"SORBI_3002G230600",0.29396,0.825558724371693,NA,NA
"PWY-622","starch biosynthesis",9.99900009999e-05,0.000561587676848754,"SORBI_3008G098032",0.41431,0.873819793231915,NA,NA
"PWY-622","starch biosynthesis",9.99900009999e-05,0.000561587676848754,"SORBI_3001G071800",0.43261,0.879349143677817,NA,NA
"PWY-622","starch biosynthesis",9.99900009999e-05,0.000561587676848754,"SORBI_3003G230500",0.49679,0.894683521633344,NA,NA
"PWY-622","starch biosynthesis",9.99900009999e-05,0.000561587676848754,"SORBI_3001G100000",0.57526,0.906300888868292,NA,NA
"PWY-622","starch biosynthesis",9.99900009999e-05,0.000561587676848754,"SORBI_3010G093400",0.67581,0.916214241023393,NA,NA
"PWY-622","starch biosynthesis",9.99900009999e-05,0.000561587676848754,"SORBI_3001G239500",0.72772,0.923467898531774,NA,NA
"PWY-622","starch biosynthesis",9.99900009999e-05,0.000561587676848754,"SORBI_3003G222500",0.73985,0.92487945752981,NA,NA
"PWY-622","starch biosynthesis",9.99900009999e-05,0.000561587676848754,"SORBI_3001G116500",0.76218,0.925196496222919,NA,NA
"PWY-622","starch biosynthesis",9.99900009999e-05,0.000561587676848754,"SORBI_3010G047700",0.79142,0.928475070014486,NA,NA
"PWY-622","starch biosynthesis",9.99900009999e-05,0.000561587676848754,"SORBI_3002G155900",0.8107,0.931604895812191,NA,NA
"PWY-622","starch biosynthesis",9.99900009999e-05,0.000561587676848754,"SORBI_3007G068200",0.85144,0.935682900533721,NA,NA
"PWY-6233","jasmonoyl-amino acid conjugates biosynthesis II",9.99900009999e-05,0.000561587676848754,"SORBI_3009G249900",3.9526e-08,7.02921278534031e-06,1.361283e-09,8.86605157901271
"PWY-6233","jasmonoyl-amino acid conjugates biosynthesis II",9.99900009999e-05,0.000561587676848754,"SORBI_3005G108300",0.26291,0.801484636991833,NA,NA
"PWY-6233","jasmonoyl-amino acid conjugates biosynthesis II",9.99900009999e-05,0.000561587676848754,"SORBI_3003G015100",0.74406,0.925120676022715,NA,NA
"PWY-6233","jasmonoyl-amino acid conjugates biosynthesis II",9.99900009999e-05,0.000561587676848754,"SORBI_3003G015000",0.74794,0.925120676022715,NA,NA
"PWY-6233","jasmonoyl-amino acid conjugates biosynthesis II",9.99900009999e-05,0.000561587676848754,"SORBI_3003G224100",0.89651,0.945413075752872,NA,NA
"PWY-6333","acetaldehyde biosynthesis I",9.99900009999e-05,0.000561587676848754,"SORBI_3002G379200",2.3443e-09,6.89325126724138e-07,1.079294e-10,9.96686023725804
"PWY-6333","acetaldehyde biosynthesis I",9.99900009999e-05,0.000561587676848754,"SORBI_3002G379100",3.6903e-09,9.7928453203125e-07,1.079294e-10,9.96686023725804
"PWY-6333","acetaldehyde biosynthesis I",9.99900009999e-05,0.000561587676848754,"SORBI_3001G263900",0.08342,0.55142383122691,NA,NA
"PWY-6333","acetaldehyde biosynthesis I",9.99900009999e-05,0.000561587676848754,"SORBI_3004G343200",0.091042,0.572777109464716,NA,NA
"PWY-6333","acetaldehyde biosynthesis I",9.99900009999e-05,0.000561587676848754,"SORBI_3004G226500",0.09984,0.590915713538944,NA,NA
"PWY-6333","acetaldehyde biosynthesis I",9.99900009999e-05,0.000561587676848754,"SORBI_3001G264000",0.12653,0.645138533913565,NA,NA
"PWY-6333","acetaldehyde biosynthesis I",9.99900009999e-05,0.000561587676848754,"SORBI_3001G097600",0.14925,0.682953510638298,NA,NA
"PWY-6333","acetaldehyde biosynthesis I",9.99900009999e-05,0.000561587676848754,"SORBI_3005G103300",0.43804,0.880206307928449,NA,NA
"PWY-6333","acetaldehyde biosynthesis I",9.99900009999e-05,0.000561587676848754,"SORBI_3005G103500",0.58883,0.906458060992465,NA,NA
"PWY-6333","acetaldehyde biosynthesis I",9.99900009999e-05,0.000561587676848754,"SORBI_3001G475800",0.65706,0.913506754396703,NA,NA
"PWY-6333","acetaldehyde biosynthesis I",9.99900009999e-05,0.000561587676848754,"SORBI_3001G475900",0.66087,0.913694940374787,NA,NA
"PWY-6348","phosphate acquisition",9.99900009999e-05,0.000561587676848754,"SORBI_3009G250300",9.9318e-07,0.000118369631789474,6.32598e-09,8.19887218546857
"PWY-6348","phosphate acquisition",9.99900009999e-05,0.000561587676848754,"SORBI_3006G068100",0.00041357,0.0218661902177294,NA,NA
"PWY-6348","phosphate acquisition",9.99900009999e-05,0.000561587676848754,"SORBI_3007G171400",0.00053719,0.0265214138517442,NA,NA
"PWY-6348","phosphate acquisition",9.99900009999e-05,0.000561587676848754,"SORBI_3007G179266",0.026101,0.318219723717259,NA,NA
"PWY-6348","phosphate acquisition",9.99900009999e-05,0.000561587676848754,"SORBI_3001G382900",0.14132,0.671546787912703,NA,NA
"PWY-6348","phosphate acquisition",9.99900009999e-05,0.000561587676848754,"SORBI_3008G113000",0.1474,0.680216746365983,NA,NA
"PWY-6348","phosphate acquisition",9.99900009999e-05,0.000561587676848754,"SORBI_3004G097300",0.24905,0.791728944962687,NA,NA
"PWY-6348","phosphate acquisition",9.99900009999e-05,0.000561587676848754,"SORBI_3008G189500",0.3437,0.849051483636364,NA,NA
"PWY-6348","phosphate acquisition",9.99900009999e-05,0.000561587676848754,"SORBI_3005G147800",0.36807,0.858195881828164,NA,NA
"PWY-6348","phosphate acquisition",9.99900009999e-05,0.000561587676848754,"SORBI_3010G205200",0.39222,0.866469941474834,NA,NA
"PWY-6348","phosphate acquisition",9.99900009999e-05,0.000561587676848754,"SORBI_3001G186800",0.43393,0.879820926401242,NA,NA
"PWY-6348","phosphate acquisition",9.99900009999e-05,0.000561587676848754,"SORBI_3010G249300",0.46126,0.888481287900175,NA,NA
"PWY-6348","phosphate acquisition",9.99900009999e-05,0.000561587676848754,"SORBI_3008G037000",0.4627,0.888481287900175,NA,NA
"PWY-6348","phosphate acquisition",9.99900009999e-05,0.000561587676848754,"SORBI_3009G071300",0.47315,0.89132768160142,NA,NA
"PWY-6348","phosphate acquisition",9.99900009999e-05,0.000561587676848754,"SORBI_3009G070700",0.48786,0.892607973176775,NA,NA
"PWY-6348","phosphate acquisition",9.99900009999e-05,0.000561587676848754,"SORBI_3009G071100",0.58926,0.906458060992465,NA,NA
"PWY-6348","phosphate acquisition",9.99900009999e-05,0.000561587676848754,"SORBI_3010G168200",0.62413,0.910380940787496,NA,NA
"PWY-6348","phosphate acquisition",9.99900009999e-05,0.000561587676848754,"SORBI_3003G314400",0.63419,0.912008413699674,NA,NA
"PWY-6348","phosphate acquisition",9.99900009999e-05,0.000561587676848754,"SORBI_3010G029300",0.66793,0.914779529089223,NA,NA
"PWY-6348","phosphate acquisition",9.99900009999e-05,0.000561587676848754,"SORBI_3009G070600",0.69982,0.919873557851718,NA,NA
"PWY-6348","phosphate acquisition",9.99900009999e-05,0.000561587676848754,"SORBI_3005G107700",0.70211,0.919873557851718,NA,NA
"PWY-6348","phosphate acquisition",9.99900009999e-05,0.000561587676848754,"SORBI_3009G070800",0.77754,0.927061000737126,NA,NA
"PWY-6348","phosphate acquisition",9.99900009999e-05,0.000561587676848754,"SORBI_3003G279300",0.77965,0.927323002835837,NA,NA
"PWY-6348","phosphate acquisition",9.99900009999e-05,0.000561587676848754,"SORBI_3009G071000",0.79774,0.929681352453399,NA,NA
"PWY-6348","phosphate acquisition",9.99900009999e-05,0.000561587676848754,"SORBI_3005G037850",0.80543,0.930664611120558,NA,NA
"PWY-6348","phosphate acquisition",9.99900009999e-05,0.000561587676848754,"SORBI_3002G419500",0.80837,0.931066416098735,NA,NA
"PWY-6348","phosphate acquisition",9.99900009999e-05,0.000561587676848754,"SORBI_3005G146300",0.82917,0.933802506216637,NA,NA
"PWY-6348","phosphate acquisition",9.99900009999e-05,0.000561587676848754,"SORBI_3001G442300",0.8534,0.936055847003358,NA,NA
"PWY-6348","phosphate acquisition",9.99900009999e-05,0.000561587676848754,"SORBI_3009G130700",0.85572,0.936625309540681,NA,NA
"PWY-6348","phosphate acquisition",9.99900009999e-05,0.000561587676848754,"SORBI_3008G036300",0.89545,0.944970023612017,NA,NA
"PWY-6348","phosphate acquisition",9.99900009999e-05,0.000561587676848754,"SORBI_3001G442100",0.92076,0.954309471853547,NA,NA
"PWY-6348","phosphate acquisition",9.99900009999e-05,0.000561587676848754,"SORBI_3001G442000",0.92213,0.954766017008565,NA,NA
"PWY-6348","phosphate acquisition",9.99900009999e-05,0.000561587676848754,"SORBI_3001G442200",0.94792,0.96539933557208,NA,NA
"PWY-6363","D-<i>myo</i>-inositol (1,4,5)-trisphosphate degradation",9.99900009999e-05,0.000561587676848754,"SORBI_3009G211400",0.00029108,0.0164508613289037,NA,NA
"PWY-6363","D-<i>myo</i>-inositol (1,4,5)-trisphosphate degradation",9.99900009999e-05,0.000561587676848754,"SORBI_3009G211600",0.054215,0.456953078163772,NA,NA
"PWY-6363","D-<i>myo</i>-inositol (1,4,5)-trisphosphate degradation",9.99900009999e-05,0.000561587676848754,"SORBI_3009G048900",0.11921,0.632315294209458,NA,NA
"PWY-6363","D-<i>myo</i>-inositol (1,4,5)-trisphosphate degradation",9.99900009999e-05,0.000561587676848754,"SORBI_3002G254700",0.53174,0.900398034984551,NA,NA
"PWY-6363","D-<i>myo</i>-inositol (1,4,5)-trisphosphate degradation",9.99900009999e-05,0.000561587676848754,"SORBI_3004G355000",0.7785,0.927288384858044,NA,NA
"PWY-6363","D-<i>myo</i>-inositol (1,4,5)-trisphosphate degradation",9.99900009999e-05,0.000561587676848754,"SORBI_3007G198300",0.86362,0.938128951826871,NA,NA
"PWY-6363","D-<i>myo</i>-inositol (1,4,5)-trisphosphate degradation",9.99900009999e-05,0.000561587676848754,"SORBI_3004G023000",0.94022,0.96185443303316,NA,NA
"PWY-6540","costunolide biosynthesis",9.99900009999e-05,0.000561587676848754,"SORBI_3009G172800",0.00038007,0.0202984869339623,NA,NA
"PWY-6540","costunolide biosynthesis",9.99900009999e-05,0.000561587676848754,"SORBI_3009G196700",0.0079209,0.166425696289425,NA,NA
"PWY-6540","costunolide biosynthesis",9.99900009999e-05,0.000561587676848754,"SORBI_3009G064400",0.09118,0.57315934653099,NA,NA
"PWY-6540","costunolide biosynthesis",9.99900009999e-05,0.000561587676848754,"SORBI_3006G121800",0.7595,0.925196496222919,NA,NA
"PWY-6540","costunolide biosynthesis",9.99900009999e-05,0.000561587676848754,"SORBI_3005G211400",0.87467,0.940465073715515,NA,NA
"PWY-6549","L-glutamine biosynthesis III",9.99900009999e-05,0.000561587676848754,"SORBI_3009G238900",3.093e-08,5.74097983606557e-06,5.570696e-11,10.2540905408988
"PWY-6549","L-glutamine biosynthesis III",9.99900009999e-05,0.000561587676848754,"SORBI_3004G106900",0.015049,0.23405191529304,NA,NA
"PWY-6549","L-glutamine biosynthesis III",9.99900009999e-05,0.000561587676848754,"SORBI_3006G000100",0.029245,0.336391776159837,NA,NA
"PWY-6549","L-glutamine biosynthesis III",9.99900009999e-05,0.000561587676848754,"SORBI_3006G249400",0.062022,0.486104816382881,NA,NA
"PWY-6549","L-glutamine biosynthesis III",9.99900009999e-05,0.000561587676848754,"SORBI_3004G202100",0.077316,0.53432198819939,NA,NA
"PWY-6549","L-glutamine biosynthesis III",9.99900009999e-05,0.000561587676848754,"SORBI_3004G247000",0.081662,0.546241267034265,NA,NA
"PWY-6549","L-glutamine biosynthesis III",9.99900009999e-05,0.000561587676848754,"SORBI_3002G316900",0.095081,0.580022319820628,NA,NA
"PWY-6549","L-glutamine biosynthesis III",9.99900009999e-05,0.000561587676848754,"SORBI_3001G231000",0.32063,0.839629882815512,NA,NA
"PWY-6549","L-glutamine biosynthesis III",9.99900009999e-05,0.000561587676848754,"SORBI_3004G101900",0.34077,0.847856328010548,NA,NA
"PWY-6549","L-glutamine biosynthesis III",9.99900009999e-05,0.000561587676848754,"SORBI_3006G141600",0.383,0.862102486916198,NA,NA
"PWY-6549","L-glutamine biosynthesis III",9.99900009999e-05,0.000561587676848754,"SORBI_3009G132900",0.51937,0.89863596210655,NA,NA
"PWY-6549","L-glutamine biosynthesis III",9.99900009999e-05,0.000561587676848754,"SORBI_3003G129900",0.54302,0.902164849107361,NA,NA
"PWY-6549","L-glutamine biosynthesis III",9.99900009999e-05,0.000561587676848754,"SORBI_3001G512800",0.54559,0.902535181309321,NA,NA
"PWY-6549","L-glutamine biosynthesis III",9.99900009999e-05,0.000561587676848754,"SORBI_3003G301800",0.59425,0.906458060992465,NA,NA
"PWY-6549","L-glutamine biosynthesis III",9.99900009999e-05,0.000561587676848754,"SORBI_3002G402700",0.60909,0.907882935111657,NA,NA
"PWY-6549","L-glutamine biosynthesis III",9.99900009999e-05,0.000561587676848754,"SORBI_3007G068100",0.61591,0.909424324745616,NA,NA
"PWY-6549","L-glutamine biosynthesis III",9.99900009999e-05,0.000561587676848754,"SORBI_3006G120900",0.61969,0.909606143207962,NA,NA
"PWY-6549","L-glutamine biosynthesis III",9.99900009999e-05,0.000561587676848754,"SORBI_3001G326900",0.64792,0.912759378364947,NA,NA
"PWY-6549","L-glutamine biosynthesis III",9.99900009999e-05,0.000561587676848754,"SORBI_3003G100600",0.67067,0.915032724209851,NA,NA
"PWY-6549","L-glutamine biosynthesis III",9.99900009999e-05,0.000561587676848754,"SORBI_3001G116400",0.71323,0.920429839334549,NA,NA
"PWY-6549","L-glutamine biosynthesis III",9.99900009999e-05,0.000561587676848754,"SORBI_3003G241500",0.75665,0.925196496222919,NA,NA
"PWY-6549","L-glutamine biosynthesis III",9.99900009999e-05,0.000561587676848754,"SORBI_3001G451500",0.82383,0.932866816560552,NA,NA
"PWY-6549","L-glutamine biosynthesis III",9.99900009999e-05,0.000561587676848754,"SORBI_3002G167000",0.84727,0.935660055379234,NA,NA
"PWY-6549","L-glutamine biosynthesis III",9.99900009999e-05,0.000561587676848754,"SORBI_3004G078000",0.86163,0.937807742617385,NA,NA
"PWY-6549","L-glutamine biosynthesis III",9.99900009999e-05,0.000561587676848754,"SORBI_3007G106500",0.87767,0.941512423658698,NA,NA
"PWY-6549","L-glutamine biosynthesis III",9.99900009999e-05,0.000561587676848754,"SORBI_3010G160700",0.95076,0.966409836914238,NA,NA
"PWY-6554","1D-<i>myo</i>-inositol hexakisphosphate biosynthesis V (from Ins(1,3,4)P3)",9.99900009999e-05,0.000561587676848754,"SORBI_3001G278700",0.011437,0.199938537828101,NA,NA
"PWY-6554","1D-<i>myo</i>-inositol hexakisphosphate biosynthesis V (from Ins(1,3,4)P3)",9.99900009999e-05,0.000561587676848754,"SORBI_3006G251500",0.017848,0.258195492333901,NA,NA
"PWY-6554","1D-<i>myo</i>-inositol hexakisphosphate biosynthesis V (from Ins(1,3,4)P3)",9.99900009999e-05,0.000561587676848754,"SORBI_3001G106900",0.024048,0.30354456187291,NA,NA
"PWY-6554","1D-<i>myo</i>-inositol hexakisphosphate biosynthesis V (from Ins(1,3,4)P3)",9.99900009999e-05,0.000561587676848754,"SORBI_3004G160800",0.064494,0.493677204596665,NA,NA
"PWY-6554","1D-<i>myo</i>-inositol hexakisphosphate biosynthesis V (from Ins(1,3,4)P3)",9.99900009999e-05,0.000561587676848754,"SORBI_3004G141100",0.14417,0.675690150158424,NA,NA
"PWY-6554","1D-<i>myo</i>-inositol hexakisphosphate biosynthesis V (from Ins(1,3,4)P3)",9.99900009999e-05,0.000561587676848754,"SORBI_3001G286100",0.22628,0.774725608305614,NA,NA
"PWY-6554","1D-<i>myo</i>-inositol hexakisphosphate biosynthesis V (from Ins(1,3,4)P3)",9.99900009999e-05,0.000561587676848754,"SORBI_3001G447200",0.83501,0.934109190853698,NA,NA
"PWY-6554","1D-<i>myo</i>-inositol hexakisphosphate biosynthesis V (from Ins(1,3,4)P3)",9.99900009999e-05,0.000561587676848754,"SORBI_3002G266300",0.90275,0.947566262089423,NA,NA
"PWY-6665","pterostilbene biosynthesis",9.99900009999e-05,0.000561587676848754,"SORBI_3009G197000",4.8968e-05,0.00367510942825607,NA,NA
"PWY-6665","pterostilbene biosynthesis",9.99900009999e-05,0.000561587676848754,"SORBI_3009G197400",0.00070867,0.0321810078743316,NA,NA
"PWY-6665","pterostilbene biosynthesis",9.99900009999e-05,0.000561587676848754,"SORBI_3009G197100",0.00086824,0.0379640165167095,NA,NA
"PWY-6665","pterostilbene biosynthesis",9.99900009999e-05,0.000561587676848754,"SORBI_3009G197600",0.0021862,0.075696896432212,NA,NA
"PWY-6665","pterostilbene biosynthesis",9.99900009999e-05,0.000561587676848754,"SORBI_3006G007850",0.0086221,0.172274629823529,NA,NA
"PWY-6665","pterostilbene biosynthesis",9.99900009999e-05,0.000561587676848754,"SORBI_3009G198000",0.01229,0.208393050872818,NA,NA
"PWY-6665","pterostilbene biosynthesis",9.99900009999e-05,0.000561587676848754,"SORBI_3006G008000",0.014622,0.230792506505576,NA,NA
"PWY-6665","pterostilbene biosynthesis",9.99900009999e-05,0.000561587676848754,"SORBI_3006G007900",0.024026,0.303467996654275,NA,NA
"PWY-6665","pterostilbene biosynthesis",9.99900009999e-05,0.000561587676848754,"SORBI_3001G246700",0.02587,0.316109286947141,NA,NA
"PWY-6665","pterostilbene biosynthesis",9.99900009999e-05,0.000561587676848754,"SORBI_3009G197800",0.058629,0.473334866001426,NA,NA
"PWY-6665","pterostilbene biosynthesis",9.99900009999e-05,0.000561587676848754,"SORBI_3008G013900",0.068399,0.506167501742919,NA,NA
"PWY-6665","pterostilbene biosynthesis",9.99900009999e-05,0.000561587676848754,"SORBI_3010G231000",0.20713,0.755458467733276,NA,NA
"PWY-6665","pterostilbene biosynthesis",9.99900009999e-05,0.000561587676848754,"SORBI_3004G128400",0.24006,0.787457075808788,NA,NA
"PWY-6665","pterostilbene biosynthesis",9.99900009999e-05,0.000561587676848754,"SORBI_3004G341600",0.26169,0.801263427698391,NA,NA
"PWY-6665","pterostilbene biosynthesis",9.99900009999e-05,0.000561587676848754,"SORBI_3005G110451",0.28,0.815866309064403,NA,NA
"PWY-6665","pterostilbene biosynthesis",9.99900009999e-05,0.000561587676848754,"SORBI_3004G341500",0.30704,0.83139921560836,NA,NA
"PWY-6665","pterostilbene biosynthesis",9.99900009999e-05,0.000561587676848754,"SORBI_3001G246650",0.45387,0.885913390469661,NA,NA
"PWY-6665","pterostilbene biosynthesis",9.99900009999e-05,0.000561587676848754,"SORBI_3001G354400",0.47338,0.891334893864657,NA,NA
"PWY-6665","pterostilbene biosynthesis",9.99900009999e-05,0.000561587676848754,"SORBI_3005G129100",0.47877,0.891684888317092,NA,NA
"PWY-6665","pterostilbene biosynthesis",9.99900009999e-05,0.000561587676848754,"SORBI_3005G045600",0.52909,0.900398034984551,NA,NA
"PWY-6665","pterostilbene biosynthesis",9.99900009999e-05,0.000561587676848754,"SORBI_3010G230800",0.54745,0.903026731086724,NA,NA
"PWY-6665","pterostilbene biosynthesis",9.99900009999e-05,0.000561587676848754,"SORBI_3003G298500",0.59017,0.906458060992465,NA,NA
"PWY-6665","pterostilbene biosynthesis",9.99900009999e-05,0.000561587676848754,"SORBI_3007G074800",0.67699,0.916294203458719,NA,NA
"PWY-6665","pterostilbene biosynthesis",9.99900009999e-05,0.000561587676848754,"SORBI_3005G086600",0.7579,0.925196496222919,NA,NA
"PWY-6665","pterostilbene biosynthesis",9.99900009999e-05,0.000561587676848754,"SORBI_3010G234500",0.77554,0.927024995430901,NA,NA
"PWY-6665","pterostilbene biosynthesis",9.99900009999e-05,0.000561587676848754,"SORBI_3009G043900",0.78848,0.928110076816609,NA,NA
"PWY-6665","pterostilbene biosynthesis",9.99900009999e-05,0.000561587676848754,"SORBI_3010G234400",0.81394,0.93209645399597,NA,NA
"PWY-6665","pterostilbene biosynthesis",9.99900009999e-05,0.000561587676848754,"SORBI_3001G354200",0.82946,0.933850441498177,NA,NA
"PWY-6803","phosphatidylcholine acyl editing",9.99900009999e-05,0.000561587676848754,"SORBI_3009G240600",3.1217e-08,5.76275999456522e-06,5.40957e-09,8.26683725505039
"PWY-6803","phosphatidylcholine acyl editing",9.99900009999e-05,0.000561587676848754,"SORBI_3009G240500",5.317e-08,9.07550447236181e-06,5.40957e-09,8.26683725505039
"PWY-6803","phosphatidylcholine acyl editing",9.99900009999e-05,0.000561587676848754,"SORBI_3009G031400",0.0082706,0.16912173387485,NA,NA
"PWY-6803","phosphatidylcholine acyl editing",9.99900009999e-05,0.000561587676848754,"SORBI_3003G239200",0.0083956,0.170660290365051,NA,NA
"PWY-6803","phosphatidylcholine acyl editing",9.99900009999e-05,0.000561587676848754,"SORBI_3003G239500",0.024441,0.306455314507198,NA,NA
"PWY-6803","phosphatidylcholine acyl editing",9.99900009999e-05,0.000561587676848754,"SORBI_3009G014600",0.026844,0.322878675388967,NA,NA
"PWY-6803","phosphatidylcholine acyl editing",9.99900009999e-05,0.000561587676848754,"SORBI_3003G242000",0.034265,0.365081322145546,NA,NA
"PWY-6803","phosphatidylcholine acyl editing",9.99900009999e-05,0.000561587676848754,"SORBI_3001G295700",0.039443,0.393584130728555,NA,NA
"PWY-6803","phosphatidylcholine acyl editing",9.99900009999e-05,0.000561587676848754,"SORBI_3004G300100",0.065403,0.496934475626118,NA,NA
"PWY-6803","phosphatidylcholine acyl editing",9.99900009999e-05,0.000561587676848754,"SORBI_3006G079500",0.067757,0.504494085708023,NA,NA
"PWY-6803","phosphatidylcholine acyl editing",9.99900009999e-05,0.000561587676848754,"SORBI_3008G051300",0.085213,0.556942461227631,NA,NA
"PWY-6803","phosphatidylcholine acyl editing",9.99900009999e-05,0.000561587676848754,"SORBI_3005G020300",0.08574,0.558024636903621,NA,NA
"PWY-6803","phosphatidylcholine acyl editing",9.99900009999e-05,0.000561587676848754,"SORBI_3004G283600",0.0932,0.575309504270398,NA,NA
"PWY-6803","phosphatidylcholine acyl editing",9.99900009999e-05,0.000561587676848754,"SORBI_3010G228100",0.096524,0.582143236505682,NA,NA
"PWY-6803","phosphatidylcholine acyl editing",9.99900009999e-05,0.000561587676848754,"SORBI_3007G187000",0.11622,0.627170227128335,NA,NA
"PWY-6803","phosphatidylcholine acyl editing",9.99900009999e-05,0.000561587676848754,"SORBI_3001G288200",0.12259,0.637511278874101,NA,NA
"PWY-6803","phosphatidylcholine acyl editing",9.99900009999e-05,0.000561587676848754,"SORBI_3007G158800",0.12671,0.645658351335133,NA,NA
"PWY-6803","phosphatidylcholine acyl editing",9.99900009999e-05,0.000561587676848754,"SORBI_3005G203800",0.19155,0.739529307797227,NA,NA
"PWY-6803","phosphatidylcholine acyl editing",9.99900009999e-05,0.000561587676848754,"SORBI_3002G401900",0.19834,0.74540260205775,NA,NA
"PWY-6803","phosphatidylcholine acyl editing",9.99900009999e-05,0.000561587676848754,"SORBI_3005G054900",0.20825,0.756772260376551,NA,NA
"PWY-6803","phosphatidylcholine acyl editing",9.99900009999e-05,0.000561587676848754,"SORBI_3001G348600",0.22547,0.773736622891201,NA,NA
"PWY-6803","phosphatidylcholine acyl editing",9.99900009999e-05,0.000561587676848754,"SORBI_3003G074500",0.24592,0.790209417879418,NA,NA
"PWY-6803","phosphatidylcholine acyl editing",9.99900009999e-05,0.000561587676848754,"SORBI_3006G247200",0.25289,0.79454714312062,NA,NA
"PWY-6803","phosphatidylcholine acyl editing",9.99900009999e-05,0.000561587676848754,"SORBI_3001G365100",0.26503,0.80344611155734,NA,NA
"PWY-6803","phosphatidylcholine acyl editing",9.99900009999e-05,0.000561587676848754,"SORBI_3003G239100",0.28069,0.816562494437789,NA,NA
"PWY-6803","phosphatidylcholine acyl editing",9.99900009999e-05,0.000561587676848754,"SORBI_3003G389400",0.29742,0.82763094832528,NA,NA
"PWY-6803","phosphatidylcholine acyl editing",9.99900009999e-05,0.000561587676848754,"SORBI_3008G010800",0.29948,0.828075167195509,NA,NA
"PWY-6803","phosphatidylcholine acyl editing",9.99900009999e-05,0.000561587676848754,"SORBI_3010G159900",0.31231,0.833932028450173,NA,NA
"PWY-6803","phosphatidylcholine acyl editing",9.99900009999e-05,0.000561587676848754,"SORBI_3006G214500",0.33183,0.843594761619639,NA,NA
"PWY-6803","phosphatidylcholine acyl editing",9.99900009999e-05,0.000561587676848754,"SORBI_3010G045400",0.3346,0.845768711929877,NA,NA
"PWY-6803","phosphatidylcholine acyl editing",9.99900009999e-05,0.000561587676848754,"SORBI_3001G120400",0.33907,0.846727737832672,NA,NA
"PWY-6803","phosphatidylcholine acyl editing",9.99900009999e-05,0.000561587676848754,"SORBI_3003G391000",0.35142,0.852168167677488,NA,NA
"PWY-6803","phosphatidylcholine acyl editing",9.99900009999e-05,0.000561587676848754,"SORBI_3003G414500",0.3613,0.856065962771891,NA,NA
"PWY-6803","phosphatidylcholine acyl editing",9.99900009999e-05,0.000561587676848754,"SORBI_3001G067500",0.36741,0.858129660411081,NA,NA
"PWY-6803","phosphatidylcholine acyl editing",9.99900009999e-05,0.000561587676848754,"SORBI_3005G186100",0.37135,0.858725623471883,NA,NA
"PWY-6803","phosphatidylcholine acyl editing",9.99900009999e-05,0.000561587676848754,"SORBI_3002G320900",0.37316,0.858929848495051,NA,NA
"PWY-6803","phosphatidylcholine acyl editing",9.99900009999e-05,0.000561587676848754,"SORBI_3002G228700",0.37813,0.86067613891863,NA,NA
"PWY-6803","phosphatidylcholine acyl editing",9.99900009999e-05,0.000561587676848754,"SORBI_3005G033100",0.38643,0.863698450861729,NA,NA
"PWY-6803","phosphatidylcholine acyl editing",9.99900009999e-05,0.000561587676848754,"SORBI_3003G029200",0.38697,0.863803058931739,NA,NA
"PWY-6803","phosphatidylcholine acyl editing",9.99900009999e-05,0.000561587676848754,"SORBI_3003G074600",0.38771,0.863918085496984,NA,NA
"PWY-6803","phosphatidylcholine acyl editing",9.99900009999e-05,0.000561587676848754,"SORBI_3003G004900",0.38984,0.865413716750539,NA,NA
"PWY-6803","phosphatidylcholine acyl editing",9.99900009999e-05,0.000561587676848754,"SORBI_3005G111400",0.41035,0.873023808092196,NA,NA
"PWY-6803","phosphatidylcholine acyl editing",9.99900009999e-05,0.000561587676848754,"SORBI_3001G433900",0.42879,0.877727533209112,NA,NA
"PWY-6803","phosphatidylcholine acyl editing",9.99900009999e-05,0.000561587676848754,"SORBI_3001G158200",0.43808,0.880206307928449,NA,NA
"PWY-6803","phosphatidylcholine acyl editing",9.99900009999e-05,0.000561587676848754,"SORBI_3002G377600",0.44556,0.883498921190893,NA,NA
"PWY-6803","phosphatidylcholine acyl editing",9.99900009999e-05,0.000561587676848754,"SORBI_3004G297600",0.46695,0.889481287572903,NA,NA
"PWY-6803","phosphatidylcholine acyl editing",9.99900009999e-05,0.000561587676848754,"SORBI_3008G170100",0.48691,0.892526606276286,NA,NA
"PWY-6803","phosphatidylcholine acyl editing",9.99900009999e-05,0.000561587676848754,"SORBI_3005G156100",0.50089,0.895437087170364,NA,NA
"PWY-6803","phosphatidylcholine acyl editing",9.99900009999e-05,0.000561587676848754,"SORBI_3010G214900",0.50362,0.895437087170364,NA,NA
"PWY-6803","phosphatidylcholine acyl editing",9.99900009999e-05,0.000561587676848754,"SORBI_3002G262300",0.51079,0.896244684740511,NA,NA
"PWY-6803","phosphatidylcholine acyl editing",9.99900009999e-05,0.000561587676848754,"SORBI_3001G279800",0.51126,0.896354310932177,NA,NA
"PWY-6803","phosphatidylcholine acyl editing",9.99900009999e-05,0.000561587676848754,"SORBI_3002G409500",0.52446,0.900133217044479,NA,NA
"PWY-6803","phosphatidylcholine acyl editing",9.99900009999e-05,0.000561587676848754,"SORBI_3003G274700",0.53428,0.900632758928129,NA,NA
"PWY-6803","phosphatidylcholine acyl editing",9.99900009999e-05,0.000561587676848754,"SORBI_3006G257300",0.53667,0.901152284344258,NA,NA
"PWY-6803","phosphatidylcholine acyl editing",9.99900009999e-05,0.000561587676848754,"SORBI_3005G145100",0.53887,0.901399116155399,NA,NA
"PWY-6803","phosphatidylcholine acyl editing",9.99900009999e-05,0.000561587676848754,"SORBI_3003G303900",0.55405,0.90338043319741,NA,NA
"PWY-6803","phosphatidylcholine acyl editing",9.99900009999e-05,0.000561587676848754,"SORBI_3007G158600",0.56467,0.90595706344354,NA,NA
"PWY-6803","phosphatidylcholine acyl editing",9.99900009999e-05,0.000561587676848754,"SORBI_3010G160000",0.57231,0.906300888868292,NA,NA
"PWY-6803","phosphatidylcholine acyl editing",9.99900009999e-05,0.000561587676848754,"SORBI_3004G357800",0.5727,0.906300888868292,NA,NA
"PWY-6803","phosphatidylcholine acyl editing",9.99900009999e-05,0.000561587676848754,"SORBI_3007G158500",0.57473,0.906300888868292,NA,NA
"PWY-6803","phosphatidylcholine acyl editing",9.99900009999e-05,0.000561587676848754,"SORBI_3009G149700",0.58044,0.906458060992465,NA,NA
"PWY-6803","phosphatidylcholine acyl editing",9.99900009999e-05,0.000561587676848754,"SORBI_3010G159700",0.58425,0.906458060992465,NA,NA
"PWY-6803","phosphatidylcholine acyl editing",9.99900009999e-05,0.000561587676848754,"SORBI_3006G247300",0.58442,0.906458060992465,NA,NA
"PWY-6803","phosphatidylcholine acyl editing",9.99900009999e-05,0.000561587676848754,"SORBI_3010G160033",0.5913,0.906458060992465,NA,NA
"PWY-6803","phosphatidylcholine acyl editing",9.99900009999e-05,0.000561587676848754,"SORBI_3002G177200",0.59581,0.906458060992465,NA,NA
"PWY-6803","phosphatidylcholine acyl editing",9.99900009999e-05,0.000561587676848754,"SORBI_3003G432600",0.59595,0.906458060992465,NA,NA
"PWY-6803","phosphatidylcholine acyl editing",9.99900009999e-05,0.000561587676848754,"SORBI_3007G036900",0.59848,0.906458060992465,NA,NA
"PWY-6803","phosphatidylcholine acyl editing",9.99900009999e-05,0.000561587676848754,"SORBI_3005G159400",0.62209,0.90978857628724,NA,NA
"PWY-6803","phosphatidylcholine acyl editing",9.99900009999e-05,0.000561587676848754,"SORBI_3005G186200",0.62373,0.910380940787496,NA,NA
"PWY-6803","phosphatidylcholine acyl editing",9.99900009999e-05,0.000561587676848754,"SORBI_3001G157900",0.63351,0.911917738231431,NA,NA
"PWY-6803","phosphatidylcholine acyl editing",9.99900009999e-05,0.000561587676848754,"SORBI_3006G276100",0.6362,0.912350959959581,NA,NA
"PWY-6803","phosphatidylcholine acyl editing",9.99900009999e-05,0.000561587676848754,"SORBI_3005G032700",0.65673,0.913506754396703,NA,NA
"PWY-6803","phosphatidylcholine acyl editing",9.99900009999e-05,0.000561587676848754,"SORBI_3001G448800",0.68079,0.916872033454891,NA,NA
"PWY-6803","phosphatidylcholine acyl editing",9.99900009999e-05,0.000561587676848754,"SORBI_3006G272600",0.68862,0.918435679685967,NA,NA
"PWY-6803","phosphatidylcholine acyl editing",9.99900009999e-05,0.000561587676848754,"SORBI_3001G373200",0.69682,0.919873557851718,NA,NA
"PWY-6803","phosphatidylcholine acyl editing",9.99900009999e-05,0.000561587676848754,"SORBI_3009G135100",0.70723,0.920341599418115,NA,NA
"PWY-6803","phosphatidylcholine acyl editing",9.99900009999e-05,0.000561587676848754,"SORBI_3003G370600",0.70837,0.920385651392289,NA,NA
"PWY-6803","phosphatidylcholine acyl editing",9.99900009999e-05,0.000561587676848754,"SORBI_3001G429900",0.72677,0.923171451697323,NA,NA
"PWY-6803","phosphatidylcholine acyl editing",9.99900009999e-05,0.000561587676848754,"SORBI_3003G390900",0.7461,0.925120676022715,NA,NA
"PWY-6803","phosphatidylcholine acyl editing",9.99900009999e-05,0.000561587676848754,"SORBI_3005G186400",0.74856,0.925120676022715,NA,NA
"PWY-6803","phosphatidylcholine acyl editing",9.99900009999e-05,0.000561587676848754,"SORBI_3010G045500",0.75815,0.925196496222919,NA,NA
"PWY-6803","phosphatidylcholine acyl editing",9.99900009999e-05,0.000561587676848754,"SORBI_3009G125300",0.79597,0.929553096359448,NA,NA
"PWY-6803","phosphatidylcholine acyl editing",9.99900009999e-05,0.000561587676848754,"SORBI_3009G117500",0.79676,0.929680217242089,NA,NA
"PWY-6803","phosphatidylcholine acyl editing",9.99900009999e-05,0.000561587676848754,"SORBI_3001G157700",0.8044,0.93054523644163,NA,NA
"PWY-6803","phosphatidylcholine acyl editing",9.99900009999e-05,0.000561587676848754,"SORBI_3003G038000",0.81263,0.93181928062654,NA,NA
"PWY-6803","phosphatidylcholine acyl editing",9.99900009999e-05,0.000561587676848754,"SORBI_3003G370500",0.8132,0.932040909704414,NA,NA
"PWY-6803","phosphatidylcholine acyl editing",9.99900009999e-05,0.000561587676848754,"SORBI_3003G418700",0.81802,0.932181008755745,NA,NA
"PWY-6803","phosphatidylcholine acyl editing",9.99900009999e-05,0.000561587676848754,"SORBI_3008G135401",0.8245,0.933071306172757,NA,NA
"PWY-6803","phosphatidylcholine acyl editing",9.99900009999e-05,0.000561587676848754,"SORBI_3007G011300",0.83261,0.934028043298901,NA,NA
"PWY-6803","phosphatidylcholine acyl editing",9.99900009999e-05,0.000561587676848754,"SORBI_3001G103800",0.8351,0.934109190853698,NA,NA
"PWY-6803","phosphatidylcholine acyl editing",9.99900009999e-05,0.000561587676848754,"SORBI_3008G166050",0.84028,0.934167517913817,NA,NA
"PWY-6803","phosphatidylcholine acyl editing",9.99900009999e-05,0.000561587676848754,"SORBI_3003G029000",0.8483,0.935660055379234,NA,NA
"PWY-6803","phosphatidylcholine acyl editing",9.99900009999e-05,0.000561587676848754,"SORBI_3005G219100",0.84995,0.935660055379234,NA,NA
"PWY-6803","phosphatidylcholine acyl editing",9.99900009999e-05,0.000561587676848754,"SORBI_3005G219000",0.84995,0.935660055379234,NA,NA
"PWY-6803","phosphatidylcholine acyl editing",9.99900009999e-05,0.000561587676848754,"SORBI_3003G258200",0.85146,0.935682900533721,NA,NA
"PWY-6803","phosphatidylcholine acyl editing",9.99900009999e-05,0.000561587676848754,"SORBI_3002G031800",0.90128,0.947283210949582,NA,NA
"PWY-6803","phosphatidylcholine acyl editing",9.99900009999e-05,0.000561587676848754,"SORBI_3010G047800",0.91636,0.952558249280862,NA,NA
"PWY-6803","phosphatidylcholine acyl editing",9.99900009999e-05,0.000561587676848754,"SORBI_3002G213300",0.91989,0.953979605556404,NA,NA
"PWY-6803","phosphatidylcholine acyl editing",9.99900009999e-05,0.000561587676848754,"SORBI_3007G158700",0.93925,0.961412269467213,NA,NA
"PWY-6949","DIBOA-glucoside biosynthesis",9.99900009999e-05,0.000561587676848754,"SORBI_3009G230400",3.1737e-12,2.14475476538462e-09,3.121722e-14,13.5056057749577
"PWY-6949","DIBOA-glucoside biosynthesis",9.99900009999e-05,0.000561587676848754,"SORBI_3006G044100",5.9149e-05,0.00428382533688699,NA,NA
"PWY-6949","DIBOA-glucoside biosynthesis",9.99900009999e-05,0.000561587676848754,"SORBI_3006G043800",9.5142e-05,0.00648933396385542,NA,NA
"PWY-6949","DIBOA-glucoside biosynthesis",9.99900009999e-05,0.000561587676848754,"SORBI_3007G003600",0.00042189,0.0221831851857585,NA,NA
"PWY-6949","DIBOA-glucoside biosynthesis",9.99900009999e-05,0.000561587676848754,"SORBI_3001G030500",0.04231,0.406317152954481,NA,NA
"PWY-6949","DIBOA-glucoside biosynthesis",9.99900009999e-05,0.000561587676848754,"SORBI_3002G085800",0.044978,0.41892943789416,NA,NA
"PWY-6949","DIBOA-glucoside biosynthesis",9.99900009999e-05,0.000561587676848754,"SORBI_3001G030600",0.045863,0.423668349469676,NA,NA
"PWY-6949","DIBOA-glucoside biosynthesis",9.99900009999e-05,0.000561587676848754,"SORBI_3007G003900",0.062708,0.488795885956861,NA,NA
"PWY-6949","DIBOA-glucoside biosynthesis",9.99900009999e-05,0.000561587676848754,"SORBI_3005G127000",0.08828,0.565254419227144,NA,NA
"PWY-6949","DIBOA-glucoside biosynthesis",9.99900009999e-05,0.000561587676848754,"SORBI_3007G133766",0.13012,0.653717799142139,NA,NA
"PWY-6949","DIBOA-glucoside biosynthesis",9.99900009999e-05,0.000561587676848754,"SORBI_3001G056601",0.18731,0.734945875634518,NA,NA
"PWY-6949","DIBOA-glucoside biosynthesis",9.99900009999e-05,0.000561587676848754,"SORBI_3002G085300",0.2134,0.76227519873817,NA,NA
"PWY-6949","DIBOA-glucoside biosynthesis",9.99900009999e-05,0.000561587676848754,"SORBI_3006G022900",0.23017,0.777774014126542,NA,NA
"PWY-6949","DIBOA-glucoside biosynthesis",9.99900009999e-05,0.000561587676848754,"SORBI_3010G249800",0.31927,0.838821927682918,NA,NA
"PWY-6949","DIBOA-glucoside biosynthesis",9.99900009999e-05,0.000561587676848754,"SORBI_3007G003500",0.32209,0.84078358216971,NA,NA
"PWY-6949","DIBOA-glucoside biosynthesis",9.99900009999e-05,0.000561587676848754,"SORBI_3002G088000",0.35901,0.854441109400154,NA,NA
"PWY-6949","DIBOA-glucoside biosynthesis",9.99900009999e-05,0.000561587676848754,"SORBI_3002G085200",0.37337,0.858929848495051,NA,NA
"PWY-6949","DIBOA-glucoside biosynthesis",9.99900009999e-05,0.000561587676848754,"SORBI_3010G230900",0.43189,0.878947237228245,NA,NA
"PWY-6949","DIBOA-glucoside biosynthesis",9.99900009999e-05,0.000561587676848754,"SORBI_3007G003300",0.43355,0.879656644567879,NA,NA
"PWY-6949","DIBOA-glucoside biosynthesis",9.99900009999e-05,0.000561587676848754,"SORBI_3007G003250",0.44149,0.881644776961505,NA,NA
"PWY-6949","DIBOA-glucoside biosynthesis",9.99900009999e-05,0.000561587676848754,"SORBI_3007G003400",0.45048,0.884905448343643,NA,NA
"PWY-6949","DIBOA-glucoside biosynthesis",9.99900009999e-05,0.000561587676848754,"SORBI_3001G056500",0.46135,0.888481287900175,NA,NA
"PWY-6949","DIBOA-glucoside biosynthesis",9.99900009999e-05,0.000561587676848754,"SORBI_3007G093000",0.48757,0.892590089988145,NA,NA
"PWY-6949","DIBOA-glucoside biosynthesis",9.99900009999e-05,0.000561587676848754,"SORBI_3005G206100",0.53826,0.901283846343387,NA,NA
"PWY-6949","DIBOA-glucoside biosynthesis",9.99900009999e-05,0.000561587676848754,"SORBI_3003G089600",0.56831,0.906300888868292,NA,NA
"PWY-6949","DIBOA-glucoside biosynthesis",9.99900009999e-05,0.000561587676848754,"SORBI_3007G032000",0.61802,0.909424324745616,NA,NA
"PWY-6949","DIBOA-glucoside biosynthesis",9.99900009999e-05,0.000561587676848754,"SORBI_3007G092900",0.62428,0.91045326464022,NA,NA
"PWY-6949","DIBOA-glucoside biosynthesis",9.99900009999e-05,0.000561587676848754,"SORBI_3007G003700",0.64062,0.912458823504845,NA,NA
"PWY-6949","DIBOA-glucoside biosynthesis",9.99900009999e-05,0.000561587676848754,"SORBI_3001G056400",0.64745,0.912759378364947,NA,NA
"PWY-6949","DIBOA-glucoside biosynthesis",9.99900009999e-05,0.000561587676848754,"SORBI_3002G085700",0.64818,0.912759378364947,NA,NA
"PWY-6949","DIBOA-glucoside biosynthesis",9.99900009999e-05,0.000561587676848754,"SORBI_3004G108800",0.67463,0.916068183053014,NA,NA
"PWY-6949","DIBOA-glucoside biosynthesis",9.99900009999e-05,0.000561587676848754,"SORBI_3001G030900",0.6785,0.916532555939748,NA,NA
"PWY-6949","DIBOA-glucoside biosynthesis",9.99900009999e-05,0.000561587676848754,"SORBI_3006G136500",0.69214,0.919660143879266,NA,NA
"PWY-6949","DIBOA-glucoside biosynthesis",9.99900009999e-05,0.000561587676848754,"SORBI_3001G349900",0.80773,0.931066416098735,NA,NA
"PWY-6949","DIBOA-glucoside biosynthesis",9.99900009999e-05,0.000561587676848754,"SORBI_3002G054700",0.88405,0.942684453929199,NA,NA
"PWY-6949","DIBOA-glucoside biosynthesis",9.99900009999e-05,0.000561587676848754,"SORBI_3007G034900",0.91943,0.953764647895926,NA,NA
"PWY-6949","DIBOA-glucoside biosynthesis",9.99900009999e-05,0.000561587676848754,"SORBI_3002G085100",0.93008,0.957983110861787,NA,NA
"PWY-6949","DIBOA-glucoside biosynthesis",9.99900009999e-05,0.000561587676848754,"SORBI_3010G198000",0.93467,0.959667338894934,NA,NA
"PWY-6949","DIBOA-glucoside biosynthesis",9.99900009999e-05,0.000561587676848754,"SORBI_3001G369500",0.94624,0.964642818812089,NA,NA
"PWY-6963","ammonia assimilation cycle I",9.99900009999e-05,0.000561587676848754,"SORBI_3009G225700",1.036e-12,1.11998462727273e-09,1.851683e-14,13.7324333605993
"PWY-6963","ammonia assimilation cycle I",9.99900009999e-05,0.000561587676848754,"SORBI_3004G209300",0.00014783,0.00938568525233645,NA,NA
"PWY-6963","ammonia assimilation cycle I",9.99900009999e-05,0.000561587676848754,"SORBI_3007G174600",0.0056084,0.133497212894184,NA,NA
"PWY-6963","ammonia assimilation cycle I",9.99900009999e-05,0.000561587676848754,"SORBI_3006G249400",0.062022,0.486104816382881,NA,NA
"PWY-6963","ammonia assimilation cycle I",9.99900009999e-05,0.000561587676848754,"SORBI_3004G247000",0.081662,0.546241267034265,NA,NA
"PWY-6963","ammonia assimilation cycle I",9.99900009999e-05,0.000561587676848754,"SORBI_3001G231000",0.32063,0.839629882815512,NA,NA
"PWY-6963","ammonia assimilation cycle I",9.99900009999e-05,0.000561587676848754,"SORBI_3003G258800",0.32362,0.840852682516627,NA,NA
"PWY-6963","ammonia assimilation cycle I",9.99900009999e-05,0.000561587676848754,"SORBI_3010G060800",0.56298,0.905947586696987,NA,NA
"PWY-6963","ammonia assimilation cycle I",9.99900009999e-05,0.000561587676848754,"SORBI_3001G116400",0.71323,0.920429839334549,NA,NA
"PWY-6963","ammonia assimilation cycle I",9.99900009999e-05,0.000561587676848754,"SORBI_3005G150250",0.78438,0.928070066183642,NA,NA
"PWY-6963","ammonia assimilation cycle I",9.99900009999e-05,0.000561587676848754,"SORBI_3001G451500",0.82383,0.932866816560552,NA,NA
"PWY-7039","phosphatidate metabolism, as a signaling molecule",9.99900009999e-05,0.000561587676848754,"SORBI_3009G221500",2.4525e-08,4.73318565340909e-06,1.65855e-09,8.78027143135175
"PWY-7039","phosphatidate metabolism, as a signaling molecule",9.99900009999e-05,0.000561587676848754,"SORBI_3003G265100",0.017564,0.255392289383562,NA,NA
"PWY-7039","phosphatidate metabolism, as a signaling molecule",9.99900009999e-05,0.000561587676848754,"SORBI_3003G318700",0.020951,0.279963948092804,NA,NA
"PWY-7039","phosphatidate metabolism, as a signaling molecule",9.99900009999e-05,0.000561587676848754,"SORBI_3003G147000",0.021603,0.285724745036979,NA,NA
"PWY-7039","phosphatidate metabolism, as a signaling molecule",9.99900009999e-05,0.000561587676848754,"SORBI_3002G204500",0.023727,0.301122466940605,NA,NA
"PWY-7039","phosphatidate metabolism, as a signaling molecule",9.99900009999e-05,0.000561587676848754,"SORBI_3002G430500",0.026485,0.320424452635328,NA,NA
"PWY-7039","phosphatidate metabolism, as a signaling molecule",9.99900009999e-05,0.000561587676848754,"SORBI_3009G110000",0.036705,0.378545406800243,NA,NA
"PWY-7039","phosphatidate metabolism, as a signaling molecule",9.99900009999e-05,0.000561587676848754,"SORBI_3008G090600",0.063878,0.491559589034889,NA,NA
"PWY-7039","phosphatidate metabolism, as a signaling molecule",9.99900009999e-05,0.000561587676848754,"SORBI_3010G185600",0.067584,0.504200687019548,NA,NA
"PWY-7039","phosphatidate metabolism, as a signaling molecule",9.99900009999e-05,0.000561587676848754,"SORBI_3005G002000",0.1115,0.617632175472929,NA,NA
"PWY-7039","phosphatidate metabolism, as a signaling molecule",9.99900009999e-05,0.000561587676848754,"SORBI_3009G062600",0.13945,0.670115581329562,NA,NA
"PWY-7039","phosphatidate metabolism, as a signaling molecule",9.99900009999e-05,0.000561587676848754,"SORBI_3001G320200",0.21019,0.757991690200658,NA,NA
"PWY-7039","phosphatidate metabolism, as a signaling molecule",9.99900009999e-05,0.000561587676848754,"SORBI_3007G062000",0.23846,0.786876869049932,NA,NA
"PWY-7039","phosphatidate metabolism, as a signaling molecule",9.99900009999e-05,0.000561587676848754,"SORBI_3002G098900",0.2659,0.804066824,NA,NA
"PWY-7039","phosphatidate metabolism, as a signaling molecule",9.99900009999e-05,0.000561587676848754,"SORBI_3002G282500",0.3336,0.845058632261914,NA,NA
"PWY-7039","phosphatidate metabolism, as a signaling molecule",9.99900009999e-05,0.000561587676848754,"SORBI_3008G183400",0.33817,0.84656445980731,NA,NA
"PWY-7039","phosphatidate metabolism, as a signaling molecule",9.99900009999e-05,0.000561587676848754,"SORBI_3008G140400",0.34464,0.849211917976958,NA,NA
"PWY-7039","phosphatidate metabolism, as a signaling molecule",9.99900009999e-05,0.000561587676848754,"SORBI_3009G027800",0.36895,0.858334588339705,NA,NA
"PWY-7039","phosphatidate metabolism, as a signaling molecule",9.99900009999e-05,0.000561587676848754,"SORBI_3004G324100",0.39093,0.86614520740934,NA,NA
"PWY-7039","phosphatidate metabolism, as a signaling molecule",9.99900009999e-05,0.000561587676848754,"SORBI_3007G108500",0.44669,0.883818649231128,NA,NA
"PWY-7039","phosphatidate metabolism, as a signaling molecule",9.99900009999e-05,0.000561587676848754,"SORBI_3001G529800",0.50744,0.896001426570524,NA,NA
"PWY-7039","phosphatidate metabolism, as a signaling molecule",9.99900009999e-05,0.000561587676848754,"SORBI_3001G524300",0.50914,0.896244684740511,NA,NA
"PWY-7039","phosphatidate metabolism, as a signaling molecule",9.99900009999e-05,0.000561587676848754,"SORBI_3009G109925",0.53453,0.900632758928129,NA,NA
"PWY-7039","phosphatidate metabolism, as a signaling molecule",9.99900009999e-05,0.000561587676848754,"SORBI_3002G250700",0.53843,0.901283846343387,NA,NA
"PWY-7039","phosphatidate metabolism, as a signaling molecule",9.99900009999e-05,0.000561587676848754,"SORBI_3004G016900",0.58695,0.906458060992465,NA,NA
"PWY-7039","phosphatidate metabolism, as a signaling molecule",9.99900009999e-05,0.000561587676848754,"SORBI_3007G091400",0.5895,0.906458060992465,NA,NA
"PWY-7039","phosphatidate metabolism, as a signaling molecule",9.99900009999e-05,0.000561587676848754,"SORBI_3010G190300",0.62095,0.909606143207962,NA,NA
"PWY-7039","phosphatidate metabolism, as a signaling molecule",9.99900009999e-05,0.000561587676848754,"SORBI_3003G050400",0.62646,0.91103322491261,NA,NA
"PWY-7039","phosphatidate metabolism, as a signaling molecule",9.99900009999e-05,0.000561587676848754,"SORBI_3002G165140",0.62997,0.91112707164446,NA,NA
"PWY-7039","phosphatidate metabolism, as a signaling molecule",9.99900009999e-05,0.000561587676848754,"SORBI_3006G230400",0.63386,0.912008413699674,NA,NA
"PWY-7039","phosphatidate metabolism, as a signaling molecule",9.99900009999e-05,0.000561587676848754,"SORBI_3003G078700",0.63552,0.912350959959581,NA,NA
"PWY-7039","phosphatidate metabolism, as a signaling molecule",9.99900009999e-05,0.000561587676848754,"SORBI_3001G349800",0.72044,0.922085643728354,NA,NA
"PWY-7039","phosphatidate metabolism, as a signaling molecule",9.99900009999e-05,0.000561587676848754,"SORBI_3001G333900",0.73313,0.924050120969238,NA,NA
"PWY-7039","phosphatidate metabolism, as a signaling molecule",9.99900009999e-05,0.000561587676848754,"SORBI_3008G002000",0.75378,0.925136537196951,NA,NA
"PWY-7039","phosphatidate metabolism, as a signaling molecule",9.99900009999e-05,0.000561587676848754,"SORBI_3001G408001",0.76333,0.925196496222919,NA,NA
"PWY-7039","phosphatidate metabolism, as a signaling molecule",9.99900009999e-05,0.000561587676848754,"SORBI_3008G077600",0.84412,0.93489522752461,NA,NA
"PWY-7039","phosphatidate metabolism, as a signaling molecule",9.99900009999e-05,0.000561587676848754,"SORBI_3005G222500",0.89752,0.94583069270381,NA,NA
"PWY-7039","phosphatidate metabolism, as a signaling molecule",9.99900009999e-05,0.000561587676848754,"SORBI_3005G018900",0.96716,0.97438895803055,NA,NA
"PWY-7039","phosphatidate metabolism, as a signaling molecule",9.99900009999e-05,0.000561587676848754,"SORBI_3010G209900",0.97295,0.978046541876295,NA,NA
"PWY-7176","UTP and CTP <i>de novo</i> biosynthesis",9.99900009999e-05,0.000561587676848754,"SORBI_3009G239500",3.126e-09,8.42705095238095e-07,1.966017e-11,10.7064127311762
"PWY-7176","UTP and CTP <i>de novo</i> biosynthesis",9.99900009999e-05,0.000561587676848754,"SORBI_3009G239301",1.958e-08,3.88932081871345e-06,1.966017e-11,10.7064127311762
"PWY-7176","UTP and CTP <i>de novo</i> biosynthesis",9.99900009999e-05,0.000561587676848754,"SORBI_3006G065800",0.0054097,0.131438683762518,NA,NA
"PWY-7176","UTP and CTP <i>de novo</i> biosynthesis",9.99900009999e-05,0.000561587676848754,"SORBI_3003G241000",0.011137,0.197747244641924,NA,NA
"PWY-7176","UTP and CTP <i>de novo</i> biosynthesis",9.99900009999e-05,0.000561587676848754,"SORBI_3007G223100",0.11046,0.614879518190757,NA,NA
"PWY-7176","UTP and CTP <i>de novo</i> biosynthesis",9.99900009999e-05,0.000561587676848754,"SORBI_3003G439600",0.24298,0.789726252869166,NA,NA
"PWY-7176","UTP and CTP <i>de novo</i> biosynthesis",9.99900009999e-05,0.000561587676848754,"SORBI_3003G221200",0.41697,0.874962894119101,NA,NA
"PWY-7176","UTP and CTP <i>de novo</i> biosynthesis",9.99900009999e-05,0.000561587676848754,"SORBI_3006G003300",0.47169,0.891181258880995,NA,NA
"PWY-7176","UTP and CTP <i>de novo</i> biosynthesis",9.99900009999e-05,0.000561587676848754,"SORBI_3008G127100",0.51521,0.89788952339466,NA,NA
"PWY-7176","UTP and CTP <i>de novo</i> biosynthesis",9.99900009999e-05,0.000561587676848754,"SORBI_3003G017300",0.564,0.90595706344354,NA,NA
"PWY-7176","UTP and CTP <i>de novo</i> biosynthesis",9.99900009999e-05,0.000561587676848754,"SORBI_3004G318100",0.57073,0.906300888868292,NA,NA
"PWY-7176","UTP and CTP <i>de novo</i> biosynthesis",9.99900009999e-05,0.000561587676848754,"SORBI_3010G007500",0.78418,0.928040064794816,NA,NA
"PWY-7185","UTP and CTP dephosphorylation I",9.99900009999e-05,0.000561587676848754,"SORBI_3009G239500",3.126e-09,8.42705095238095e-07,1.966017e-11,10.7064127311762
"PWY-7185","UTP and CTP dephosphorylation I",9.99900009999e-05,0.000561587676848754,"SORBI_3009G239301",1.958e-08,3.88932081871345e-06,1.966017e-11,10.7064127311762
"PWY-7185","UTP and CTP dephosphorylation I",9.99900009999e-05,0.000561587676848754,"SORBI_3003G241000",0.011137,0.197747244641924,NA,NA
"PWY-7185","UTP and CTP dephosphorylation I",9.99900009999e-05,0.000561587676848754,"SORBI_3001G125000",0.019769,0.271887208822339,NA,NA
"PWY-7185","UTP and CTP dephosphorylation I",9.99900009999e-05,0.000561587676848754,"SORBI_3002G206800",0.066106,0.499426713078292,NA,NA
"PWY-7185","UTP and CTP dephosphorylation I",9.99900009999e-05,0.000561587676848754,"SORBI_3005G099500",0.1212,0.635690573189522,NA,NA
"PWY-7185","UTP and CTP dephosphorylation I",9.99900009999e-05,0.000561587676848754,"SORBI_3009G166600",0.1983,0.745342049352661,NA,NA
"PWY-7185","UTP and CTP dephosphorylation I",9.99900009999e-05,0.000561587676848754,"SORBI_3005G086000",0.23012,0.777774014126542,NA,NA
"PWY-7185","UTP and CTP dephosphorylation I",9.99900009999e-05,0.000561587676848754,"SORBI_3002G072300",0.26871,0.806937721686854,NA,NA
"PWY-7185","UTP and CTP dephosphorylation I",9.99900009999e-05,0.000561587676848754,"SORBI_3003G274200",0.3712,0.858576229318445,NA,NA
"PWY-7185","UTP and CTP dephosphorylation I",9.99900009999e-05,0.000561587676848754,"SORBI_3001G153300",0.39739,0.869771987389822,NA,NA
"PWY-7185","UTP and CTP dephosphorylation I",9.99900009999e-05,0.000561587676848754,"SORBI_3003G221200",0.41697,0.874962894119101,NA,NA
"PWY-7185","UTP and CTP dephosphorylation I",9.99900009999e-05,0.000561587676848754,"SORBI_3008G022100",0.43309,0.879418198338215,NA,NA
"PWY-7185","UTP and CTP dephosphorylation I",9.99900009999e-05,0.000561587676848754,"SORBI_3005G018300",0.4472,0.884015736483734,NA,NA
"PWY-7185","UTP and CTP dephosphorylation I",9.99900009999e-05,0.000561587676848754,"SORBI_3005G018200",0.45042,0.884905448343643,NA,NA
"PWY-7185","UTP and CTP dephosphorylation I",9.99900009999e-05,0.000561587676848754,"SORBI_3003G113200",0.49014,0.892940523324397,NA,NA
"PWY-7185","UTP and CTP dephosphorylation I",9.99900009999e-05,0.000561587676848754,"SORBI_3008G127100",0.51521,0.89788952339466,NA,NA
"PWY-7185","UTP and CTP dephosphorylation I",9.99900009999e-05,0.000561587676848754,"SORBI_3001G356200",0.53614,0.900958164547568,NA,NA
"PWY-7185","UTP and CTP dephosphorylation I",9.99900009999e-05,0.000561587676848754,"SORBI_3008G021900",0.55665,0.903874219868308,NA,NA
"PWY-7185","UTP and CTP dephosphorylation I",9.99900009999e-05,0.000561587676848754,"SORBI_3003G017300",0.564,0.90595706344354,NA,NA
"PWY-7185","UTP and CTP dephosphorylation I",9.99900009999e-05,0.000561587676848754,"SORBI_3001G385000",0.57368,0.906300888868292,NA,NA
"PWY-7185","UTP and CTP dephosphorylation I",9.99900009999e-05,0.000561587676848754,"SORBI_3005G085901",0.66036,0.913694940374787,NA,NA
"PWY-7185","UTP and CTP dephosphorylation I",9.99900009999e-05,0.000561587676848754,"SORBI_3007G137900",0.71491,0.921184627669664,NA,NA
"PWY-7185","UTP and CTP dephosphorylation I",9.99900009999e-05,0.000561587676848754,"SORBI_3001G073500",0.7284,0.923606196804539,NA,NA
"PWY-7185","UTP and CTP dephosphorylation I",9.99900009999e-05,0.000561587676848754,"SORBI_3003G061200",0.82422,0.933002979638085,NA,NA
"PWY-7185","UTP and CTP dephosphorylation I",9.99900009999e-05,0.000561587676848754,"SORBI_3002G420600",0.96025,0.970693650755862,NA,NA
"PWY-7204","pyridoxal 5'-phosphate salvage II (plants)",9.99900009999e-05,0.000561587676848754,"SORBI_3006G140700",0.0017302,0.0630576216738197,NA,NA
"PWY-7204","pyridoxal 5'-phosphate salvage II (plants)",9.99900009999e-05,0.000561587676848754,"SORBI_3002G388400",0.010055,0.185968400979325,NA,NA
"PWY-7204","pyridoxal 5'-phosphate salvage II (plants)",9.99900009999e-05,0.000561587676848754,"SORBI_3001G125000",0.019769,0.271887208822339,NA,NA
"PWY-7204","pyridoxal 5'-phosphate salvage II (plants)",9.99900009999e-05,0.000561587676848754,"SORBI_3008G156300",0.032868,0.357829280769231,NA,NA
"PWY-7204","pyridoxal 5'-phosphate salvage II (plants)",9.99900009999e-05,0.000561587676848754,"SORBI_3003G444200",0.13994,0.670523625335026,NA,NA
"PWY-7204","pyridoxal 5'-phosphate salvage II (plants)",9.99900009999e-05,0.000561587676848754,"SORBI_3007G184200",0.14436,0.675690150158424,NA,NA
"PWY-7204","pyridoxal 5'-phosphate salvage II (plants)",9.99900009999e-05,0.000561587676848754,"SORBI_3001G027300",0.20739,0.75591974782702,NA,NA
"PWY-7204","pyridoxal 5'-phosphate salvage II (plants)",9.99900009999e-05,0.000561587676848754,"SORBI_3002G030900",0.23548,0.784084346206626,NA,NA
"PWY-7204","pyridoxal 5'-phosphate salvage II (plants)",9.99900009999e-05,0.000561587676848754,"SORBI_3001G532600",0.49059,0.893165168551369,NA,NA
"PWY-7204","pyridoxal 5'-phosphate salvage II (plants)",9.99900009999e-05,0.000561587676848754,"SORBI_3004G098000",0.6692,0.914976665191147,NA,NA
"PWY-7204","pyridoxal 5'-phosphate salvage II (plants)",9.99900009999e-05,0.000561587676848754,"SORBI_3001G193700",0.66992,0.915032724209851,NA,NA
"PWY-7204","pyridoxal 5'-phosphate salvage II (plants)",9.99900009999e-05,0.000561587676848754,"SORBI_3001G422100",0.77296,0.92668937451547,NA,NA
"PWY-7252","luteolinidin 5-<i>O</i>-glucoside biosynthesis",9.99900009999e-05,0.000561587676848754,"SORBI_3009G206400",0.00013728,0.00878152497175141,NA,NA
"PWY-7252","luteolinidin 5-<i>O</i>-glucoside biosynthesis",9.99900009999e-05,0.000561587676848754,"SORBI_3009G205800",0.00096431,0.0409707324843945,NA,NA
"PWY-7252","luteolinidin 5-<i>O</i>-glucoside biosynthesis",9.99900009999e-05,0.000561587676848754,"SORBI_3009G206000",0.0010942,0.0449959944309927,NA,NA
"PWY-7252","luteolinidin 5-<i>O</i>-glucoside biosynthesis",9.99900009999e-05,0.000561587676848754,"SORBI_3009G206300",0.0014658,0.0557545673012318,NA,NA
"PWY-7252","luteolinidin 5-<i>O</i>-glucoside biosynthesis",9.99900009999e-05,0.000561587676848754,"SORBI_3009G205900",0.0015569,0.0583700025386314,NA,NA
"PWY-7252","luteolinidin 5-<i>O</i>-glucoside biosynthesis",9.99900009999e-05,0.000561587676848754,"SORBI_3009G205600",0.00507,0.127278557300885,NA,NA
"PWY-7252","luteolinidin 5-<i>O</i>-glucoside biosynthesis",9.99900009999e-05,0.000561587676848754,"SORBI_3009G205700",0.0056955,0.134843072404181,NA,NA
"PWY-7252","luteolinidin 5-<i>O</i>-glucoside biosynthesis",9.99900009999e-05,0.000561587676848754,"SORBI_3001G377200",0.045471,0.421767738121245,NA,NA
"PWY-7252","luteolinidin 5-<i>O</i>-glucoside biosynthesis",9.99900009999e-05,0.000561587676848754,"SORBI_3010G022700",0.068234,0.505623057142857,NA,NA
"PWY-7252","luteolinidin 5-<i>O</i>-glucoside biosynthesis",9.99900009999e-05,0.000561587676848754,"SORBI_3010G022850",0.077278,0.534276781192754,NA,NA
"PWY-7252","luteolinidin 5-<i>O</i>-glucoside biosynthesis",9.99900009999e-05,0.000561587676848754,"SORBI_3003G288100",0.15428,0.690256685985248,NA,NA
"PWY-7252","luteolinidin 5-<i>O</i>-glucoside biosynthesis",9.99900009999e-05,0.000561587676848754,"SORBI_3003G288000",0.16765,0.711109833916084,NA,NA
"PWY-7252","luteolinidin 5-<i>O</i>-glucoside biosynthesis",9.99900009999e-05,0.000561587676848754,"SORBI_3002G079801",0.21289,0.761102476581413,NA,NA
"PWY-7252","luteolinidin 5-<i>O</i>-glucoside biosynthesis",9.99900009999e-05,0.000561587676848754,"SORBI_3007G100700",0.2686,0.806828872679045,NA,NA
"PWY-7252","luteolinidin 5-<i>O</i>-glucoside biosynthesis",9.99900009999e-05,0.000561587676848754,"SORBI_3002G311700",0.27751,0.813613139996548,NA,NA
"PWY-7252","luteolinidin 5-<i>O</i>-glucoside biosynthesis",9.99900009999e-05,0.000561587676848754,"SORBI_3003G293700",0.28121,0.816618816340484,NA,NA
"PWY-7252","luteolinidin 5-<i>O</i>-glucoside biosynthesis",9.99900009999e-05,0.000561587676848754,"SORBI_3010G048600",0.33171,0.843594761619639,NA,NA
"PWY-7252","luteolinidin 5-<i>O</i>-glucoside biosynthesis",9.99900009999e-05,0.000561587676848754,"SORBI_3003G287600",0.33517,0.845768711929877,NA,NA
"PWY-7252","luteolinidin 5-<i>O</i>-glucoside biosynthesis",9.99900009999e-05,0.000561587676848754,"SORBI_3002G311501",0.36072,0.855719884110584,NA,NA
"PWY-7252","luteolinidin 5-<i>O</i>-glucoside biosynthesis",9.99900009999e-05,0.000561587676848754,"SORBI_3002G130200",0.39384,0.867612340466926,NA,NA
"PWY-7252","luteolinidin 5-<i>O</i>-glucoside biosynthesis",9.99900009999e-05,0.000561587676848754,"SORBI_3006G124100",0.45611,0.885913390469661,NA,NA
"PWY-7252","luteolinidin 5-<i>O</i>-glucoside biosynthesis",9.99900009999e-05,0.000561587676848754,"SORBI_3010G048500",0.52849,0.900398034984551,NA,NA
"PWY-7252","luteolinidin 5-<i>O</i>-glucoside biosynthesis",9.99900009999e-05,0.000561587676848754,"SORBI_3007G027301",0.53981,0.901620127891023,NA,NA
"PWY-7252","luteolinidin 5-<i>O</i>-glucoside biosynthesis",9.99900009999e-05,0.000561587676848754,"SORBI_3010G245701",0.55589,0.903765982296651,NA,NA
"PWY-7252","luteolinidin 5-<i>O</i>-glucoside biosynthesis",9.99900009999e-05,0.000561587676848754,"SORBI_3003G287800",0.58427,0.906458060992465,NA,NA
"PWY-7252","luteolinidin 5-<i>O</i>-glucoside biosynthesis",9.99900009999e-05,0.000561587676848754,"SORBI_3008G149000",0.63523,0.912229492686227,NA,NA
"PWY-7252","luteolinidin 5-<i>O</i>-glucoside biosynthesis",9.99900009999e-05,0.000561587676848754,"SORBI_3003G287700",0.7073,0.920341599418115,NA,NA
"PWY-7252","luteolinidin 5-<i>O</i>-glucoside biosynthesis",9.99900009999e-05,0.000561587676848754,"SORBI_3002G311400",0.70942,0.920429839334549,NA,NA
"PWY-7252","luteolinidin 5-<i>O</i>-glucoside biosynthesis",9.99900009999e-05,0.000561587676848754,"SORBI_3002G312000",0.76915,0.92609583873826,NA,NA
"PWY-7252","luteolinidin 5-<i>O</i>-glucoside biosynthesis",9.99900009999e-05,0.000561587676848754,"SORBI_3002G311300",0.87249,0.940465073715515,NA,NA
"PWY-7252","luteolinidin 5-<i>O</i>-glucoside biosynthesis",9.99900009999e-05,0.000561587676848754,"SORBI_3002G337400",0.89648,0.945410790772765,NA,NA
"PWY-7253","apigeninidin 5-<i>O</i>-glucoside biosynthesis",9.99900009999e-05,0.000561587676848754,"SORBI_3009G206400",0.00013728,0.00878152497175141,NA,NA
"PWY-7253","apigeninidin 5-<i>O</i>-glucoside biosynthesis",9.99900009999e-05,0.000561587676848754,"SORBI_3009G205800",0.00096431,0.0409707324843945,NA,NA
"PWY-7253","apigeninidin 5-<i>O</i>-glucoside biosynthesis",9.99900009999e-05,0.000561587676848754,"SORBI_3009G206000",0.0010942,0.0449959944309927,NA,NA
"PWY-7253","apigeninidin 5-<i>O</i>-glucoside biosynthesis",9.99900009999e-05,0.000561587676848754,"SORBI_3009G206300",0.0014658,0.0557545673012318,NA,NA
"PWY-7253","apigeninidin 5-<i>O</i>-glucoside biosynthesis",9.99900009999e-05,0.000561587676848754,"SORBI_3009G205900",0.0015569,0.0583700025386314,NA,NA
"PWY-7253","apigeninidin 5-<i>O</i>-glucoside biosynthesis",9.99900009999e-05,0.000561587676848754,"SORBI_3009G205600",0.00507,0.127278557300885,NA,NA
"PWY-7253","apigeninidin 5-<i>O</i>-glucoside biosynthesis",9.99900009999e-05,0.000561587676848754,"SORBI_3009G205700",0.0056955,0.134843072404181,NA,NA
"PWY-7253","apigeninidin 5-<i>O</i>-glucoside biosynthesis",9.99900009999e-05,0.000561587676848754,"SORBI_3001G377200",0.045471,0.421767738121245,NA,NA
"PWY-7253","apigeninidin 5-<i>O</i>-glucoside biosynthesis",9.99900009999e-05,0.000561587676848754,"SORBI_3010G022700",0.068234,0.505623057142857,NA,NA
"PWY-7253","apigeninidin 5-<i>O</i>-glucoside biosynthesis",9.99900009999e-05,0.000561587676848754,"SORBI_3010G022850",0.077278,0.534276781192754,NA,NA
"PWY-7253","apigeninidin 5-<i>O</i>-glucoside biosynthesis",9.99900009999e-05,0.000561587676848754,"SORBI_3003G288100",0.15428,0.690256685985248,NA,NA
"PWY-7253","apigeninidin 5-<i>O</i>-glucoside biosynthesis",9.99900009999e-05,0.000561587676848754,"SORBI_3003G288000",0.16765,0.711109833916084,NA,NA
"PWY-7253","apigeninidin 5-<i>O</i>-glucoside biosynthesis",9.99900009999e-05,0.000561587676848754,"SORBI_3002G079801",0.21289,0.761102476581413,NA,NA
"PWY-7253","apigeninidin 5-<i>O</i>-glucoside biosynthesis",9.99900009999e-05,0.000561587676848754,"SORBI_3007G100700",0.2686,0.806828872679045,NA,NA
"PWY-7253","apigeninidin 5-<i>O</i>-glucoside biosynthesis",9.99900009999e-05,0.000561587676848754,"SORBI_3002G311700",0.27751,0.813613139996548,NA,NA
"PWY-7253","apigeninidin 5-<i>O</i>-glucoside biosynthesis",9.99900009999e-05,0.000561587676848754,"SORBI_3003G293700",0.28121,0.816618816340484,NA,NA
"PWY-7253","apigeninidin 5-<i>O</i>-glucoside biosynthesis",9.99900009999e-05,0.000561587676848754,"SORBI_3010G048600",0.33171,0.843594761619639,NA,NA
"PWY-7253","apigeninidin 5-<i>O</i>-glucoside biosynthesis",9.99900009999e-05,0.000561587676848754,"SORBI_3003G287600",0.33517,0.845768711929877,NA,NA
"PWY-7253","apigeninidin 5-<i>O</i>-glucoside biosynthesis",9.99900009999e-05,0.000561587676848754,"SORBI_3002G311501",0.36072,0.855719884110584,NA,NA
"PWY-7253","apigeninidin 5-<i>O</i>-glucoside biosynthesis",9.99900009999e-05,0.000561587676848754,"SORBI_3002G130200",0.39384,0.867612340466926,NA,NA
"PWY-7253","apigeninidin 5-<i>O</i>-glucoside biosynthesis",9.99900009999e-05,0.000561587676848754,"SORBI_3006G124100",0.45611,0.885913390469661,NA,NA
"PWY-7253","apigeninidin 5-<i>O</i>-glucoside biosynthesis",9.99900009999e-05,0.000561587676848754,"SORBI_3010G048500",0.52849,0.900398034984551,NA,NA
"PWY-7253","apigeninidin 5-<i>O</i>-glucoside biosynthesis",9.99900009999e-05,0.000561587676848754,"SORBI_3007G027301",0.53981,0.901620127891023,NA,NA
"PWY-7253","apigeninidin 5-<i>O</i>-glucoside biosynthesis",9.99900009999e-05,0.000561587676848754,"SORBI_3010G245701",0.55589,0.903765982296651,NA,NA
"PWY-7253","apigeninidin 5-<i>O</i>-glucoside biosynthesis",9.99900009999e-05,0.000561587676848754,"SORBI_3003G287800",0.58427,0.906458060992465,NA,NA
"PWY-7253","apigeninidin 5-<i>O</i>-glucoside biosynthesis",9.99900009999e-05,0.000561587676848754,"SORBI_3008G149000",0.63523,0.912229492686227,NA,NA
"PWY-7253","apigeninidin 5-<i>O</i>-glucoside biosynthesis",9.99900009999e-05,0.000561587676848754,"SORBI_3003G287700",0.7073,0.920341599418115,NA,NA
"PWY-7253","apigeninidin 5-<i>O</i>-glucoside biosynthesis",9.99900009999e-05,0.000561587676848754,"SORBI_3002G311400",0.70942,0.920429839334549,NA,NA
"PWY-7253","apigeninidin 5-<i>O</i>-glucoside biosynthesis",9.99900009999e-05,0.000561587676848754,"SORBI_3002G312000",0.76915,0.92609583873826,NA,NA
"PWY-7253","apigeninidin 5-<i>O</i>-glucoside biosynthesis",9.99900009999e-05,0.000561587676848754,"SORBI_3002G311300",0.87249,0.940465073715515,NA,NA
"PWY-7253","apigeninidin 5-<i>O</i>-glucoside biosynthesis",9.99900009999e-05,0.000561587676848754,"SORBI_3002G337400",0.89648,0.945410790772765,NA,NA
"PWY-735","jasmonic acid biosynthesis",9.99900009999e-05,0.000561587676848754,"SORBI_3001G500800",0.0010609,0.0438923146163216,NA,NA
"PWY-735","jasmonic acid biosynthesis",9.99900009999e-05,0.000561587676848754,"SORBI_3010G049100",0.0028439,0.0908737077140169,NA,NA
"PWY-735","jasmonic acid biosynthesis",9.99900009999e-05,0.000561587676848754,"SORBI_3004G180500",0.01118,0.198010962982273,NA,NA
"PWY-735","jasmonic acid biosynthesis",9.99900009999e-05,0.000561587676848754,"SORBI_3006G091900",0.011964,0.205536412032356,NA,NA
"PWY-735","jasmonic acid biosynthesis",9.99900009999e-05,0.000561587676848754,"SORBI_3004G093200",0.014952,0.233291035369775,NA,NA
"PWY-735","jasmonic acid biosynthesis",9.99900009999e-05,0.000561587676848754,"SORBI_3006G091800",0.017019,0.250144687581134,NA,NA
"PWY-735","jasmonic acid biosynthesis",9.99900009999e-05,0.000561587676848754,"SORBI_3001G483400",0.022184,0.290263454545455,NA,NA
"PWY-735","jasmonic acid biosynthesis",9.99900009999e-05,0.000561587676848754,"SORBI_3002G158900",0.028723,0.333094619665415,NA,NA
"PWY-735","jasmonic acid biosynthesis",9.99900009999e-05,0.000561587676848754,"SORBI_3006G091700",0.031239,0.348814961538462,NA,NA
"PWY-735","jasmonic acid biosynthesis",9.99900009999e-05,0.000561587676848754,"SORBI_3006G095600",0.090433,0.570530778417533,NA,NA
"PWY-735","jasmonic acid biosynthesis",9.99900009999e-05,0.000561587676848754,"SORBI_3001G516600",0.16524,0.707603010590015,NA,NA
"PWY-735","jasmonic acid biosynthesis",9.99900009999e-05,0.000561587676848754,"SORBI_3007G210400",0.25355,0.79454714312062,NA,NA
"PWY-735","jasmonic acid biosynthesis",9.99900009999e-05,0.000561587676848754,"SORBI_3003G391600",0.30892,0.832322173395732,NA,NA
"PWY-735","jasmonic acid biosynthesis",9.99900009999e-05,0.000561587676848754,"SORBI_3009G003600",0.4134,0.873651251631347,NA,NA
"PWY-735","jasmonic acid biosynthesis",9.99900009999e-05,0.000561587676848754,"SORBI_3008G079600",0.425,0.877636162937949,NA,NA
"PWY-735","jasmonic acid biosynthesis",9.99900009999e-05,0.000561587676848754,"SORBI_3006G091600",0.42836,0.877636162937949,NA,NA
"PWY-735","jasmonic acid biosynthesis",9.99900009999e-05,0.000561587676848754,"SORBI_3001G282800",0.43355,0.879656644567879,NA,NA
"PWY-735","jasmonic acid biosynthesis",9.99900009999e-05,0.000561587676848754,"SORBI_3010G084100",0.45859,0.887590864078222,NA,NA
"PWY-735","jasmonic acid biosynthesis",9.99900009999e-05,0.000561587676848754,"SORBI_3001G077400",0.47888,0.891684888317092,NA,NA
"PWY-735","jasmonic acid biosynthesis",9.99900009999e-05,0.000561587676848754,"SORBI_3002G171001",0.49622,0.894683521633344,NA,NA
"PWY-735","jasmonic acid biosynthesis",9.99900009999e-05,0.000561587676848754,"SORBI_3010G001900",0.52513,0.900144345808534,NA,NA
"PWY-735","jasmonic acid biosynthesis",9.99900009999e-05,0.000561587676848754,"SORBI_3010G084600",0.54176,0.901659166054192,NA,NA
"PWY-735","jasmonic acid biosynthesis",9.99900009999e-05,0.000561587676848754,"SORBI_3004G350600",0.54953,0.903228349622605,NA,NA
"PWY-735","jasmonic acid biosynthesis",9.99900009999e-05,0.000561587676848754,"SORBI_3001G329800",0.56473,0.90595706344354,NA,NA
"PWY-735","jasmonic acid biosynthesis",9.99900009999e-05,0.000561587676848754,"SORBI_3010G084400",0.59853,0.906458060992465,NA,NA
"PWY-735","jasmonic acid biosynthesis",9.99900009999e-05,0.000561587676848754,"SORBI_3010G084300",0.63782,0.912350959959581,NA,NA
"PWY-735","jasmonic acid biosynthesis",9.99900009999e-05,0.000561587676848754,"SORBI_3008G164450",0.64869,0.912759378364947,NA,NA
"PWY-735","jasmonic acid biosynthesis",9.99900009999e-05,0.000561587676848754,"SORBI_3010G084700",0.68309,0.917076780886886,NA,NA
"PWY-735","jasmonic acid biosynthesis",9.99900009999e-05,0.000561587676848754,"SORBI_3007G151100",0.75003,0.925120676022715,NA,NA
"PWY-735","jasmonic acid biosynthesis",9.99900009999e-05,0.000561587676848754,"SORBI_3001G449700",0.81002,0.931476380933035,NA,NA
"PWY-735","jasmonic acid biosynthesis",9.99900009999e-05,0.000561587676848754,"SORBI_3001G189300",0.85041,0.935660055379234,NA,NA
"PWY-735","jasmonic acid biosynthesis",9.99900009999e-05,0.000561587676848754,"SORBI_3004G078600",0.91551,0.95210971495928,NA,NA
"PWY-7411","phosphatidate biosynthesis (yeast)",9.99900009999e-05,0.000561587676848754,"SORBI_3009G202600",0.00059127,0.0284874724680851,NA,NA
"PWY-7411","phosphatidate biosynthesis (yeast)",9.99900009999e-05,0.000561587676848754,"SORBI_3005G197100",0.0047371,0.122922135752483,NA,NA
"PWY-7411","phosphatidate biosynthesis (yeast)",9.99900009999e-05,0.000561587676848754,"SORBI_3008G130800",0.0063628,0.144890199798928,NA,NA
"PWY-7411","phosphatidate biosynthesis (yeast)",9.99900009999e-05,0.000561587676848754,"SORBI_3009G162000",0.011228,0.198158469366563,NA,NA
"PWY-7411","phosphatidate biosynthesis (yeast)",9.99900009999e-05,0.000561587676848754,"SORBI_3003G114200",0.016733,0.247871701264719,NA,NA
"PWY-7411","phosphatidate biosynthesis (yeast)",9.99900009999e-05,0.000561587676848754,"SORBI_3009G188900",0.017381,0.25338215751073,NA,NA
"PWY-7411","phosphatidate biosynthesis (yeast)",9.99900009999e-05,0.000561587676848754,"SORBI_3009G183300",0.027787,0.327997531966643,NA,NA
"PWY-7411","phosphatidate biosynthesis (yeast)",9.99900009999e-05,0.000561587676848754,"SORBI_3009G157000",0.14101,0.671450645025885,NA,NA
"PWY-7411","phosphatidate biosynthesis (yeast)",9.99900009999e-05,0.000561587676848754,"SORBI_3001G206000",0.1508,0.684880812942907,NA,NA
"PWY-7411","phosphatidate biosynthesis (yeast)",9.99900009999e-05,0.000561587676848754,"SORBI_3007G223801",0.15168,0.685850379342473,NA,NA
"PWY-7411","phosphatidate biosynthesis (yeast)",9.99900009999e-05,0.000561587676848754,"SORBI_3003G142500",0.18586,0.733314742711116,NA,NA
"PWY-7411","phosphatidate biosynthesis (yeast)",9.99900009999e-05,0.000561587676848754,"SORBI_3003G443400",0.23111,0.778660289625074,NA,NA
"PWY-7411","phosphatidate biosynthesis (yeast)",9.99900009999e-05,0.000561587676848754,"SORBI_3001G026100",0.23687,0.785725081471363,NA,NA
"PWY-7411","phosphatidate biosynthesis (yeast)",9.99900009999e-05,0.000561587676848754,"SORBI_3003G420800",0.24545,0.790209417879418,NA,NA
"PWY-7411","phosphatidate biosynthesis (yeast)",9.99900009999e-05,0.000561587676848754,"SORBI_3002G081500",0.30293,0.830286181143641,NA,NA
"PWY-7411","phosphatidate biosynthesis (yeast)",9.99900009999e-05,0.000561587676848754,"SORBI_3006G221500",0.30738,0.83139921560836,NA,NA
"PWY-7411","phosphatidate biosynthesis (yeast)",9.99900009999e-05,0.000561587676848754,"SORBI_3001G493300",0.33176,0.843594761619639,NA,NA
"PWY-7411","phosphatidate biosynthesis (yeast)",9.99900009999e-05,0.000561587676848754,"SORBI_3001G283700",0.33978,0.847230324427481,NA,NA
"PWY-7411","phosphatidate biosynthesis (yeast)",9.99900009999e-05,0.000561587676848754,"SORBI_3001G099300",0.35257,0.85254824446501,NA,NA
"PWY-7411","phosphatidate biosynthesis (yeast)",9.99900009999e-05,0.000561587676848754,"SORBI_3003G317500",0.36203,0.856329806420166,NA,NA
"PWY-7411","phosphatidate biosynthesis (yeast)",9.99900009999e-05,0.000561587676848754,"SORBI_3002G267500",0.43883,0.880206307928449,NA,NA
"PWY-7411","phosphatidate biosynthesis (yeast)",9.99900009999e-05,0.000561587676848754,"SORBI_3001G250200",0.48248,0.892079808393664,NA,NA
"PWY-7411","phosphatidate biosynthesis (yeast)",9.99900009999e-05,0.000561587676848754,"SORBI_3005G214400",0.5347,0.900632758928129,NA,NA
"PWY-7411","phosphatidate biosynthesis (yeast)",9.99900009999e-05,0.000561587676848754,"SORBI_3006G041266",0.57001,0.906300888868292,NA,NA
"PWY-7411","phosphatidate biosynthesis (yeast)",9.99900009999e-05,0.000561587676848754,"SORBI_3008G187200",0.63359,0.911917738231431,NA,NA
"PWY-7411","phosphatidate biosynthesis (yeast)",9.99900009999e-05,0.000561587676848754,"SORBI_3003G360700",0.68265,0.917076780886886,NA,NA
"PWY-7411","phosphatidate biosynthesis (yeast)",9.99900009999e-05,0.000561587676848754,"SORBI_3002G325300",0.68405,0.917550304071398,NA,NA
"PWY-7411","phosphatidate biosynthesis (yeast)",9.99900009999e-05,0.000561587676848754,"SORBI_3003G326800",0.69222,0.919660143879266,NA,NA
"PWY-7411","phosphatidate biosynthesis (yeast)",9.99900009999e-05,0.000561587676848754,"SORBI_3009G015800",0.70366,0.920006039180971,NA,NA
"PWY-7411","phosphatidate biosynthesis (yeast)",9.99900009999e-05,0.000561587676848754,"SORBI_3003G229700",0.75373,0.925136537196951,NA,NA
"PWY-7411","phosphatidate biosynthesis (yeast)",9.99900009999e-05,0.000561587676848754,"SORBI_3008G112100",0.77946,0.927323002835837,NA,NA
"PWY-7411","phosphatidate biosynthesis (yeast)",9.99900009999e-05,0.000561587676848754,"SORBI_3001G247500",0.842,0.934555893213084,NA,NA
"PWY-7489","oryzalexin A, B, and C biosynthesis",9.99900009999e-05,0.000561587676848754,"SORBI_3006G065300",0.00025405,0.01473970721843,NA,NA
"PWY-7489","oryzalexin A, B, and C biosynthesis",9.99900009999e-05,0.000561587676848754,"SORBI_3006G041700",0.113,0.620946368038741,NA,NA
"PWY0-1319","CDP-diacylglycerol biosynthesis II",9.99900009999e-05,0.000561587676848754,"SORBI_3009G202600",0.00059127,0.0284874724680851,NA,NA
"PWY0-1319","CDP-diacylglycerol biosynthesis II",9.99900009999e-05,0.000561587676848754,"SORBI_3008G130800",0.0063628,0.144890199798928,NA,NA
"PWY0-1319","CDP-diacylglycerol biosynthesis II",9.99900009999e-05,0.000561587676848754,"SORBI_3009G162000",0.011228,0.198158469366563,NA,NA
"PWY0-1319","CDP-diacylglycerol biosynthesis II",9.99900009999e-05,0.000561587676848754,"SORBI_3003G114200",0.016733,0.247871701264719,NA,NA
"PWY0-1319","CDP-diacylglycerol biosynthesis II",9.99900009999e-05,0.000561587676848754,"SORBI_3009G157000",0.14101,0.671450645025885,NA,NA
"PWY0-1319","CDP-diacylglycerol biosynthesis II",9.99900009999e-05,0.000561587676848754,"SORBI_3003G142500",0.18586,0.733314742711116,NA,NA
"PWY0-1319","CDP-diacylglycerol biosynthesis II",9.99900009999e-05,0.000561587676848754,"SORBI_3003G301900",0.19491,0.742222126777915,NA,NA
"PWY0-1319","CDP-diacylglycerol biosynthesis II",9.99900009999e-05,0.000561587676848754,"SORBI_3001G026100",0.23687,0.785725081471363,NA,NA
"PWY0-1319","CDP-diacylglycerol biosynthesis II",9.99900009999e-05,0.000561587676848754,"SORBI_3002G167100",0.25042,0.792215343205737,NA,NA
"PWY0-1319","CDP-diacylglycerol biosynthesis II",9.99900009999e-05,0.000561587676848754,"SORBI_3001G493300",0.33176,0.843594761619639,NA,NA
"PWY0-1319","CDP-diacylglycerol biosynthesis II",9.99900009999e-05,0.000561587676848754,"SORBI_3001G283700",0.33978,0.847230324427481,NA,NA
"PWY0-1319","CDP-diacylglycerol biosynthesis II",9.99900009999e-05,0.000561587676848754,"SORBI_3001G099300",0.35257,0.85254824446501,NA,NA
"PWY0-1319","CDP-diacylglycerol biosynthesis II",9.99900009999e-05,0.000561587676848754,"SORBI_3005G149300",0.35688,0.854333790249036,NA,NA
"PWY0-1319","CDP-diacylglycerol biosynthesis II",9.99900009999e-05,0.000561587676848754,"SORBI_3003G073800",0.3666,0.858060763458626,NA,NA
"PWY0-1319","CDP-diacylglycerol biosynthesis II",9.99900009999e-05,0.000561587676848754,"SORBI_3001G250200",0.48248,0.892079808393664,NA,NA
"PWY0-1319","CDP-diacylglycerol biosynthesis II",9.99900009999e-05,0.000561587676848754,"SORBI_3005G214400",0.5347,0.900632758928129,NA,NA
"PWY0-1319","CDP-diacylglycerol biosynthesis II",9.99900009999e-05,0.000561587676848754,"SORBI_3006G041266",0.57001,0.906300888868292,NA,NA
"PWY0-1319","CDP-diacylglycerol biosynthesis II",9.99900009999e-05,0.000561587676848754,"SORBI_3003G360700",0.68265,0.917076780886886,NA,NA
"PWY0-1319","CDP-diacylglycerol biosynthesis II",9.99900009999e-05,0.000561587676848754,"SORBI_3002G325300",0.68405,0.917550304071398,NA,NA
"PWY0-1319","CDP-diacylglycerol biosynthesis II",9.99900009999e-05,0.000561587676848754,"SORBI_3003G229700",0.75373,0.925136537196951,NA,NA
"PWY0-1319","CDP-diacylglycerol biosynthesis II",9.99900009999e-05,0.000561587676848754,"SORBI_3004G025400",0.90784,0.949431980048647,NA,NA
"PWY4FS-2","phosphatidylcholine biosynthesis II",9.99900009999e-05,0.000561587676848754,"SORBI_3009G218900",1.5166e-05,0.00135208273490814,6.230986e-08,7.20544322453236
"PWY4FS-2","phosphatidylcholine biosynthesis II",9.99900009999e-05,0.000561587676848754,"SORBI_3004G291700",0.042946,0.408926895208742,NA,NA
"PWY4FS-2","phosphatidylcholine biosynthesis II",9.99900009999e-05,0.000561587676848754,"SORBI_3003G266500",0.058005,0.471353070574163,NA,NA
"PWY4FS-2","phosphatidylcholine biosynthesis II",9.99900009999e-05,0.000561587676848754,"SORBI_3003G266600",0.12097,0.635279528447743,NA,NA
"PWY4FS-2","phosphatidylcholine biosynthesis II",9.99900009999e-05,0.000561587676848754,"SORBI_3007G051200",0.17458,0.721318435713417,NA,NA
"PWY4FS-2","phosphatidylcholine biosynthesis II",9.99900009999e-05,0.000561587676848754,"SORBI_3009G120400",0.33127,0.843594761619639,NA,NA
"PWY4FS-2","phosphatidylcholine biosynthesis II",9.99900009999e-05,0.000561587676848754,"SORBI_3003G354500",0.42928,0.877727533209112,NA,NA
"PWY4FS-2","phosphatidylcholine biosynthesis II",9.99900009999e-05,0.000561587676848754,"SORBI_3001G282900",0.44031,0.881292965712266,NA,NA
"PWY4FS-2","phosphatidylcholine biosynthesis II",9.99900009999e-05,0.000561587676848754,"SORBI_3010G077100",0.51185,0.896601977721624,NA,NA
"PWY4FS-2","phosphatidylcholine biosynthesis II",9.99900009999e-05,0.000561587676848754,"SORBI_3010G187100",0.78043,0.927340195817889,NA,NA
"PWY4FS-2","phosphatidylcholine biosynthesis II",9.99900009999e-05,0.000561587676848754,"SORBI_3004G058200",0.78902,0.928110076816609,NA,NA
"PWY4FS-2","phosphatidylcholine biosynthesis II",9.99900009999e-05,0.000561587676848754,"SORBI_3001G219800",0.82652,0.933255027062926,NA,NA
"PWY4FS-2","phosphatidylcholine biosynthesis II",9.99900009999e-05,0.000561587676848754,"SORBI_3004G016400",0.95316,0.96720969081404,NA,NA
"PWY4FS-3","phosphatidylcholine biosynthesis III",9.99900009999e-05,0.000561587676848754,"SORBI_3009G218900",1.5166e-05,0.00135208273490814,6.230986e-08,7.20544322453236
"PWY4FS-3","phosphatidylcholine biosynthesis III",9.99900009999e-05,0.000561587676848754,"SORBI_3004G291700",0.042946,0.408926895208742,NA,NA
"PWY4FS-3","phosphatidylcholine biosynthesis III",9.99900009999e-05,0.000561587676848754,"SORBI_3003G266500",0.058005,0.471353070574163,NA,NA
"PWY4FS-3","phosphatidylcholine biosynthesis III",9.99900009999e-05,0.000561587676848754,"SORBI_3003G266600",0.12097,0.635279528447743,NA,NA
"PWY4FS-3","phosphatidylcholine biosynthesis III",9.99900009999e-05,0.000561587676848754,"SORBI_3009G120400",0.33127,0.843594761619639,NA,NA
"PWY4FS-3","phosphatidylcholine biosynthesis III",9.99900009999e-05,0.000561587676848754,"SORBI_3003G354500",0.42928,0.877727533209112,NA,NA
"PWY4FS-3","phosphatidylcholine biosynthesis III",9.99900009999e-05,0.000561587676848754,"SORBI_3004G212500",0.66114,0.913694940374787,NA,NA
"PWY4FS-3","phosphatidylcholine biosynthesis III",9.99900009999e-05,0.000561587676848754,"SORBI_3001G219800",0.82652,0.933255027062926,NA,NA
"PWY4FS-4","phosphatidylcholine biosynthesis IV",9.99900009999e-05,0.000561587676848754,"SORBI_3009G218900",1.5166e-05,0.00135208273490814,6.230986e-08,7.20544322453236
"PWY4FS-4","phosphatidylcholine biosynthesis IV",9.99900009999e-05,0.000561587676848754,"SORBI_3004G291700",0.042946,0.408926895208742,NA,NA
"PWY4FS-4","phosphatidylcholine biosynthesis IV",9.99900009999e-05,0.000561587676848754,"SORBI_3003G266500",0.058005,0.471353070574163,NA,NA
"PWY4FS-4","phosphatidylcholine biosynthesis IV",9.99900009999e-05,0.000561587676848754,"SORBI_3003G266600",0.12097,0.635279528447743,NA,NA
"PWY4FS-4","phosphatidylcholine biosynthesis IV",9.99900009999e-05,0.000561587676848754,"SORBI_3009G120400",0.33127,0.843594761619639,NA,NA
"PWY4FS-4","phosphatidylcholine biosynthesis IV",9.99900009999e-05,0.000561587676848754,"SORBI_3003G354500",0.42928,0.877727533209112,NA,NA
"PWY4FS-4","phosphatidylcholine biosynthesis IV",9.99900009999e-05,0.000561587676848754,"SORBI_3001G219800",0.82652,0.933255027062926,NA,NA
"PWY4FS-6","phosphatidylethanolamine biosynthesis II",9.99900009999e-05,0.000561587676848754,"SORBI_3009G211000",3.9876e-05,0.0030644074479638,NA,NA
"PWY4FS-6","phosphatidylethanolamine biosynthesis II",9.99900009999e-05,0.000561587676848754,"SORBI_3002G214400",0.17962,0.725943160147426,NA,NA
"PWY4FS-6","phosphatidylethanolamine biosynthesis II",9.99900009999e-05,0.000561587676848754,"SORBI_3003G277700",0.42098,0.876136735494149,NA,NA
"PWY4FS-6","phosphatidylethanolamine biosynthesis II",9.99900009999e-05,0.000561587676848754,"SORBI_3007G079400",0.44745,0.884092043172982,NA,NA
"PWY4FS-6","phosphatidylethanolamine biosynthesis II",9.99900009999e-05,0.000561587676848754,"SORBI_3010G077100",0.51185,0.896601977721624,NA,NA
"PWY4FS-6","phosphatidylethanolamine biosynthesis II",9.99900009999e-05,0.000561587676848754,"SORBI_3005G017200",0.51745,0.898299391864268,NA,NA
"PWY4FS-6","phosphatidylethanolamine biosynthesis II",9.99900009999e-05,0.000561587676848754,"SORBI_3003G040700",0.6629,0.913694940374787,NA,NA
"PWY4FS-6","phosphatidylethanolamine biosynthesis II",9.99900009999e-05,0.000561587676848754,"SORBI_3002G053600",0.90603,0.948619721657111,NA,NA
"PWY4FS-6","phosphatidylethanolamine biosynthesis II",9.99900009999e-05,0.000561587676848754,"SORBI_3004G016400",0.95316,0.96720969081404,NA,NA
"PWY4LZ-81","Organic Nitrogen Assimilation",9.99900009999e-05,0.000561587676848754,"SORBI_3009G225700",1.036e-12,1.11998462727273e-09,1.851683e-14,13.7324333605993
"PWY4LZ-81","Organic Nitrogen Assimilation",9.99900009999e-05,0.000561587676848754,"SORBI_3004G209300",0.00014783,0.00938568525233645,NA,NA
"PWY4LZ-81","Organic Nitrogen Assimilation",9.99900009999e-05,0.000561587676848754,"SORBI_3001G026900",0.0050095,0.126699692107223,NA,NA
"PWY4LZ-81","Organic Nitrogen Assimilation",9.99900009999e-05,0.000561587676848754,"SORBI_3007G174600",0.0056084,0.133497212894184,NA,NA
"PWY4LZ-81","Organic Nitrogen Assimilation",9.99900009999e-05,0.000561587676848754,"SORBI_3006G249400",0.062022,0.486104816382881,NA,NA
"PWY4LZ-81","Organic Nitrogen Assimilation",9.99900009999e-05,0.000561587676848754,"SORBI_3004G268100",0.076394,0.532500512620562,NA,NA
"PWY4LZ-81","Organic Nitrogen Assimilation",9.99900009999e-05,0.000561587676848754,"SORBI_3004G247000",0.081662,0.546241267034265,NA,NA
"PWY4LZ-81","Organic Nitrogen Assimilation",9.99900009999e-05,0.000561587676848754,"SORBI_3002G090200",0.098756,0.587963650543288,NA,NA
"PWY4LZ-81","Organic Nitrogen Assimilation",9.99900009999e-05,0.000561587676848754,"SORBI_3002G090300",0.18713,0.73494378265896,NA,NA
"PWY4LZ-81","Organic Nitrogen Assimilation",9.99900009999e-05,0.000561587676848754,"SORBI_3001G231000",0.32063,0.839629882815512,NA,NA
"PWY4LZ-81","Organic Nitrogen Assimilation",9.99900009999e-05,0.000561587676848754,"SORBI_3003G258800",0.32362,0.840852682516627,NA,NA
"PWY4LZ-81","Organic Nitrogen Assimilation",9.99900009999e-05,0.000561587676848754,"SORBI_3010G060800",0.56298,0.905947586696987,NA,NA
"PWY4LZ-81","Organic Nitrogen Assimilation",9.99900009999e-05,0.000561587676848754,"SORBI_3001G156100",0.60344,0.90732356747496,NA,NA
"PWY4LZ-81","Organic Nitrogen Assimilation",9.99900009999e-05,0.000561587676848754,"SORBI_3002G402700",0.60909,0.907882935111657,NA,NA
"PWY4LZ-81","Organic Nitrogen Assimilation",9.99900009999e-05,0.000561587676848754,"SORBI_3001G116400",0.71323,0.920429839334549,NA,NA
"PWY4LZ-81","Organic Nitrogen Assimilation",9.99900009999e-05,0.000561587676848754,"SORBI_3006G270100",0.75082,0.925120676022715,NA,NA
"PWY4LZ-81","Organic Nitrogen Assimilation",9.99900009999e-05,0.000561587676848754,"SORBI_3005G150250",0.78438,0.928070066183642,NA,NA
"PWY4LZ-81","Organic Nitrogen Assimilation",9.99900009999e-05,0.000561587676848754,"SORBI_3004G351000",0.79793,0.929681352453399,NA,NA
"PWY4LZ-81","Organic Nitrogen Assimilation",9.99900009999e-05,0.000561587676848754,"SORBI_3001G451500",0.82383,0.932866816560552,NA,NA
"PWY4LZ-81","Organic Nitrogen Assimilation",9.99900009999e-05,0.000561587676848754,"SORBI_3001G325200",0.83426,0.934109190853698,NA,NA
"PWYIO2-7","triacylglycerol biosynthesis (Chlamydomonas)",9.99900009999e-05,0.000561587676848754,"SORBI_3009G226600",1.0209e-12,1.11998462727273e-09,5.867061e-15,14.2315793963881
"PWYIO2-7","triacylglycerol biosynthesis (Chlamydomonas)",9.99900009999e-05,0.000561587676848754,"SORBI_3009G221500",2.4525e-08,4.73318565340909e-06,1.65855e-09,8.78027143135175
"PWYIO2-7","triacylglycerol biosynthesis (Chlamydomonas)",9.99900009999e-05,0.000561587676848754,"SORBI_3009G202600",0.00059127,0.0284874724680851,NA,NA
"PWYIO2-7","triacylglycerol biosynthesis (Chlamydomonas)",9.99900009999e-05,0.000561587676848754,"SORBI_3004G261900",0.0031363,0.0965067826558266,NA,NA
"PWYIO2-7","triacylglycerol biosynthesis (Chlamydomonas)",9.99900009999e-05,0.000561587676848754,"SORBI_3005G197100",0.0047371,0.122922135752483,NA,NA
"PWYIO2-7","triacylglycerol biosynthesis (Chlamydomonas)",9.99900009999e-05,0.000561587676848754,"SORBI_3008G130800",0.0063628,0.144890199798928,NA,NA
"PWYIO2-7","triacylglycerol biosynthesis (Chlamydomonas)",9.99900009999e-05,0.000561587676848754,"SORBI_3009G162000",0.011228,0.198158469366563,NA,NA
"PWYIO2-7","triacylglycerol biosynthesis (Chlamydomonas)",9.99900009999e-05,0.000561587676848754,"SORBI_3003G309600",0.012465,0.209827860257681,NA,NA
"PWYIO2-7","triacylglycerol biosynthesis (Chlamydomonas)",9.99900009999e-05,0.000561587676848754,"SORBI_3004G293100",0.012726,0.211745359099804,NA,NA
"PWYIO2-7","triacylglycerol biosynthesis (Chlamydomonas)",9.99900009999e-05,0.000561587676848754,"SORBI_3003G114200",0.016733,0.247871701264719,NA,NA
"PWYIO2-7","triacylglycerol biosynthesis (Chlamydomonas)",9.99900009999e-05,0.000561587676848754,"SORBI_3009G188900",0.017381,0.25338215751073,NA,NA
"PWYIO2-7","triacylglycerol biosynthesis (Chlamydomonas)",9.99900009999e-05,0.000561587676848754,"SORBI_3003G265100",0.017564,0.255392289383562,NA,NA
"PWYIO2-7","triacylglycerol biosynthesis (Chlamydomonas)",9.99900009999e-05,0.000561587676848754,"SORBI_3004G268300",0.021068,0.281017912838634,NA,NA
"PWYIO2-7","triacylglycerol biosynthesis (Chlamydomonas)",9.99900009999e-05,0.000561587676848754,"SORBI_3009G165400",0.026893,0.322896617532697,NA,NA
"PWYIO2-7","triacylglycerol biosynthesis (Chlamydomonas)",9.99900009999e-05,0.000561587676848754,"SORBI_3009G157000",0.14101,0.671450645025885,NA,NA
"PWYIO2-7","triacylglycerol biosynthesis (Chlamydomonas)",9.99900009999e-05,0.000561587676848754,"SORBI_3001G206000",0.1508,0.684880812942907,NA,NA
"PWYIO2-7","triacylglycerol biosynthesis (Chlamydomonas)",9.99900009999e-05,0.000561587676848754,"SORBI_3006G034200",0.17569,0.721598545520493,NA,NA
"PWYIO2-7","triacylglycerol biosynthesis (Chlamydomonas)",9.99900009999e-05,0.000561587676848754,"SORBI_3003G249000",0.18355,0.73080756206089,NA,NA
"PWYIO2-7","triacylglycerol biosynthesis (Chlamydomonas)",9.99900009999e-05,0.000561587676848754,"SORBI_3003G142500",0.18586,0.733314742711116,NA,NA
"PWYIO2-7","triacylglycerol biosynthesis (Chlamydomonas)",9.99900009999e-05,0.000561587676848754,"SORBI_3010G134400",0.22177,0.771281797706798,NA,NA
"PWYIO2-7","triacylglycerol biosynthesis (Chlamydomonas)",9.99900009999e-05,0.000561587676848754,"SORBI_3001G026100",0.23687,0.785725081471363,NA,NA
"PWYIO2-7","triacylglycerol biosynthesis (Chlamydomonas)",9.99900009999e-05,0.000561587676848754,"SORBI_3002G020000",0.28703,0.820323770298696,NA,NA
"PWYIO2-7","triacylglycerol biosynthesis (Chlamydomonas)",9.99900009999e-05,0.000561587676848754,"SORBI_3009G034600",0.28747,0.820740698436712,NA,NA
"PWYIO2-7","triacylglycerol biosynthesis (Chlamydomonas)",9.99900009999e-05,0.000561587676848754,"SORBI_3004G341900",0.29342,0.825230219389022,NA,NA
"PWYIO2-7","triacylglycerol biosynthesis (Chlamydomonas)",9.99900009999e-05,0.000561587676848754,"SORBI_3006G221500",0.30738,0.83139921560836,NA,NA
"PWYIO2-7","triacylglycerol biosynthesis (Chlamydomonas)",9.99900009999e-05,0.000561587676848754,"SORBI_3010G170000",0.31909,0.838727052541979,NA,NA
"PWYIO2-7","triacylglycerol biosynthesis (Chlamydomonas)",9.99900009999e-05,0.000561587676848754,"SORBI_3008G049000",0.3193,0.838821927682918,NA,NA
"PWYIO2-7","triacylglycerol biosynthesis (Chlamydomonas)",9.99900009999e-05,0.000561587676848754,"SORBI_3001G493300",0.33176,0.843594761619639,NA,NA
"PWYIO2-7","triacylglycerol biosynthesis (Chlamydomonas)",9.99900009999e-05,0.000561587676848754,"SORBI_3001G283700",0.33978,0.847230324427481,NA,NA
"PWYIO2-7","triacylglycerol biosynthesis (Chlamydomonas)",9.99900009999e-05,0.000561587676848754,"SORBI_3001G099300",0.35257,0.85254824446501,NA,NA
"PWYIO2-7","triacylglycerol biosynthesis (Chlamydomonas)",9.99900009999e-05,0.000561587676848754,"SORBI_3003G317500",0.36203,0.856329806420166,NA,NA
"PWYIO2-7","triacylglycerol biosynthesis (Chlamydomonas)",9.99900009999e-05,0.000561587676848754,"SORBI_3009G040250",0.4112,0.873473554277138,NA,NA
"PWYIO2-7","triacylglycerol biosynthesis (Chlamydomonas)",9.99900009999e-05,0.000561587676848754,"SORBI_3001G408400",0.43833,0.880206307928449,NA,NA
"PWYIO2-7","triacylglycerol biosynthesis (Chlamydomonas)",9.99900009999e-05,0.000561587676848754,"SORBI_3002G267500",0.43883,0.880206307928449,NA,NA
"PWYIO2-7","triacylglycerol biosynthesis (Chlamydomonas)",9.99900009999e-05,0.000561587676848754,"SORBI_3007G108500",0.44669,0.883818649231128,NA,NA
"PWYIO2-7","triacylglycerol biosynthesis (Chlamydomonas)",9.99900009999e-05,0.000561587676848754,"SORBI_3001G049300",0.48057,0.892059077199477,NA,NA
"PWYIO2-7","triacylglycerol biosynthesis (Chlamydomonas)",9.99900009999e-05,0.000561587676848754,"SORBI_3001G250200",0.48248,0.892079808393664,NA,NA
"PWYIO2-7","triacylglycerol biosynthesis (Chlamydomonas)",9.99900009999e-05,0.000561587676848754,"SORBI_3010G193300",0.51254,0.896853353247155,NA,NA
"PWYIO2-7","triacylglycerol biosynthesis (Chlamydomonas)",9.99900009999e-05,0.000561587676848754,"SORBI_3005G214400",0.5347,0.900632758928129,NA,NA
"PWYIO2-7","triacylglycerol biosynthesis (Chlamydomonas)",9.99900009999e-05,0.000561587676848754,"SORBI_3006G041266",0.57001,0.906300888868292,NA,NA
"PWYIO2-7","triacylglycerol biosynthesis (Chlamydomonas)",9.99900009999e-05,0.000561587676848754,"SORBI_3010G190300",0.62095,0.909606143207962,NA,NA
"PWYIO2-7","triacylglycerol biosynthesis (Chlamydomonas)",9.99900009999e-05,0.000561587676848754,"SORBI_3002G165140",0.62997,0.91112707164446,NA,NA
"PWYIO2-7","triacylglycerol biosynthesis (Chlamydomonas)",9.99900009999e-05,0.000561587676848754,"SORBI_3003G078700",0.63552,0.912350959959581,NA,NA
"PWYIO2-7","triacylglycerol biosynthesis (Chlamydomonas)",9.99900009999e-05,0.000561587676848754,"SORBI_3003G360700",0.68265,0.917076780886886,NA,NA
"PWYIO2-7","triacylglycerol biosynthesis (Chlamydomonas)",9.99900009999e-05,0.000561587676848754,"SORBI_3002G325300",0.68405,0.917550304071398,NA,NA
"PWYIO2-7","triacylglycerol biosynthesis (Chlamydomonas)",9.99900009999e-05,0.000561587676848754,"SORBI_3009G015800",0.70366,0.920006039180971,NA,NA
"PWYIO2-7","triacylglycerol biosynthesis (Chlamydomonas)",9.99900009999e-05,0.000561587676848754,"SORBI_3002G260000",0.71056,0.920429839334549,NA,NA
"PWYIO2-7","triacylglycerol biosynthesis (Chlamydomonas)",9.99900009999e-05,0.000561587676848754,"SORBI_3003G229700",0.75373,0.925136537196951,NA,NA
"PWYIO2-7","triacylglycerol biosynthesis (Chlamydomonas)",9.99900009999e-05,0.000561587676848754,"SORBI_3005G187300",0.75824,0.925196496222919,NA,NA
"PWYIO2-7","triacylglycerol biosynthesis (Chlamydomonas)",9.99900009999e-05,0.000561587676848754,"SORBI_3008G112100",0.77946,0.927323002835837,NA,NA
"PWYIO2-7","triacylglycerol biosynthesis (Chlamydomonas)",9.99900009999e-05,0.000561587676848754,"SORBI_3002G218500",0.8161,0.93209645399597,NA,NA
"PWYIO2-7","triacylglycerol biosynthesis (Chlamydomonas)",9.99900009999e-05,0.000561587676848754,"SORBI_3003G258000",0.84001,0.934167517913817,NA,NA
"PWYIO2-7","triacylglycerol biosynthesis (Chlamydomonas)",9.99900009999e-05,0.000561587676848754,"SORBI_3009G072700",0.95736,0.969240463473518,NA,NA
"PWYQT-4449","polyisoprenoid biosynthesis",9.99900009999e-05,0.000561587676848754,"SORBI_3009G246400",6.3153e-07,7.91556439483395e-05,5.052275e-09,8.2965130184231
"PWYQT-4449","polyisoprenoid biosynthesis",9.99900009999e-05,0.000561587676848754,"SORBI_3009G216800",1.9152e-06,0.000215409266225166,5.483475e-08,7.26094413220446
"PWYQT-4449","polyisoprenoid biosynthesis",9.99900009999e-05,0.000561587676848754,"SORBI_3003G270500",0.044473,0.416032605618287,NA,NA
"PWYQT-4449","polyisoprenoid biosynthesis",9.99900009999e-05,0.000561587676848754,"SORBI_3006G248000",0.12827,0.648644795295519,NA,NA
"PWYQT-4449","polyisoprenoid biosynthesis",9.99900009999e-05,0.000561587676848754,"SORBI_3002G353300",0.3456,0.84946917147806,NA,NA
"SUCSYN-PWY","sucrose biosynthesis I (from photosynthesis)",9.99900009999e-05,0.000561587676848754,"SORBI_3009G233200",2.008e-10,7.66356584269663e-08,1.003976e-10,9.99827666885648
"SUCSYN-PWY","sucrose biosynthesis I (from photosynthesis)",9.99900009999e-05,0.000561587676848754,"SORBI_3001G236800",0.0091355,0.176812266951567,NA,NA
"SUCSYN-PWY","sucrose biosynthesis I (from photosynthesis)",9.99900009999e-05,0.000561587676848754,"SORBI_3009G183700",0.061363,0.483712467161754,NA,NA
"SUCSYN-PWY","sucrose biosynthesis I (from photosynthesis)",9.99900009999e-05,0.000561587676848754,"SORBI_3003G367500",0.067474,0.503996837837838,NA,NA
"SUCSYN-PWY","sucrose biosynthesis I (from photosynthesis)",9.99900009999e-05,0.000561587676848754,"SORBI_3008G053200",0.18855,0.736231503621106,NA,NA
"SUCSYN-PWY","sucrose biosynthesis I (from photosynthesis)",9.99900009999e-05,0.000561587676848754,"SORBI_3002G230600",0.29396,0.825558724371693,NA,NA
"SUCSYN-PWY","sucrose biosynthesis I (from photosynthesis)",9.99900009999e-05,0.000561587676848754,"SORBI_3009G152700",0.30356,0.830626187871964,NA,NA
"SUCSYN-PWY","sucrose biosynthesis I (from photosynthesis)",9.99900009999e-05,0.000561587676848754,"SORBI_3004G205100",0.33817,0.84656445980731,NA,NA
"SUCSYN-PWY","sucrose biosynthesis I (from photosynthesis)",9.99900009999e-05,0.000561587676848754,"SORBI_3004G146000",0.40051,0.870629901446307,NA,NA
"SUCSYN-PWY","sucrose biosynthesis I (from photosynthesis)",9.99900009999e-05,0.000561587676848754,"SORBI_3001G071800",0.43261,0.879349143677817,NA,NA
"SUCSYN-PWY","sucrose biosynthesis I (from photosynthesis)",9.99900009999e-05,0.000561587676848754,"SORBI_3003G403300",0.45121,0.884997348576708,NA,NA
"SUCSYN-PWY","sucrose biosynthesis I (from photosynthesis)",9.99900009999e-05,0.000561587676848754,"SORBI_3010G188300",0.53703,0.901275175529551,NA,NA
"SUCSYN-PWY","sucrose biosynthesis I (from photosynthesis)",9.99900009999e-05,0.000561587676848754,"SORBI_3001G425400",0.57391,0.906300888868292,NA,NA
"SUCSYN-PWY","sucrose biosynthesis I (from photosynthesis)",9.99900009999e-05,0.000561587676848754,"SORBI_3003G393900",0.59231,0.906458060992465,NA,NA
"SUCSYN-PWY","sucrose biosynthesis I (from photosynthesis)",9.99900009999e-05,0.000561587676848754,"SORBI_3004G056400",0.59927,0.90662853205699,NA,NA
"SUCSYN-PWY","sucrose biosynthesis I (from photosynthesis)",9.99900009999e-05,0.000561587676848754,"SORBI_3004G055200",0.60467,0.90732356747496,NA,NA
"SUCSYN-PWY","sucrose biosynthesis I (from photosynthesis)",9.99900009999e-05,0.000561587676848754,"SORBI_3005G159000",0.63636,0.912350959959581,NA,NA
"SUCSYN-PWY","sucrose biosynthesis I (from photosynthesis)",9.99900009999e-05,0.000561587676848754,"SORBI_3010G219700",0.64916,0.912821848343193,NA,NA
"SUCSYN-PWY","sucrose biosynthesis I (from photosynthesis)",9.99900009999e-05,0.000561587676848754,"SORBI_3010G100200",0.65632,0.913506754396703,NA,NA
"SUCSYN-PWY","sucrose biosynthesis I (from photosynthesis)",9.99900009999e-05,0.000561587676848754,"SORBI_3003G096000",0.66015,0.913694940374787,NA,NA
"SUCSYN-PWY","sucrose biosynthesis I (from photosynthesis)",9.99900009999e-05,0.000561587676848754,"SORBI_3010G221800",0.68791,0.918435679685967,NA,NA
"SUCSYN-PWY","sucrose biosynthesis I (from photosynthesis)",9.99900009999e-05,0.000561587676848754,"SORBI_3009G041000",0.70581,0.920311614029702,NA,NA
"SUCSYN-PWY","sucrose biosynthesis I (from photosynthesis)",9.99900009999e-05,0.000561587676848754,"SORBI_3004G151800",0.76229,0.925196496222919,NA,NA
"SUCSYN-PWY","sucrose biosynthesis I (from photosynthesis)",9.99900009999e-05,0.000561587676848754,"SORBI_3010G205100",0.77194,0.92668937451547,NA,NA
"SUCSYN-PWY","sucrose biosynthesis I (from photosynthesis)",9.99900009999e-05,0.000561587676848754,"SORBI_3009G016700",0.78576,0.928110076816609,NA,NA
"SUCSYN-PWY","sucrose biosynthesis I (from photosynthesis)",9.99900009999e-05,0.000561587676848754,"SORBI_3010G262500",0.79998,0.930250315901157,NA,NA
"SUCSYN-PWY","sucrose biosynthesis I (from photosynthesis)",9.99900009999e-05,0.000561587676848754,"SORBI_3007G025400",0.83006,0.933904113108837,NA,NA
"SUCSYN-PWY","sucrose biosynthesis I (from photosynthesis)",9.99900009999e-05,0.000561587676848754,"SORBI_3009G040900",0.83509,0.934109190853698,NA,NA
"SUCSYN-PWY","sucrose biosynthesis I (from photosynthesis)",9.99900009999e-05,0.000561587676848754,"SORBI_3005G089600",0.89706,0.945640774005338,NA,NA
"SUCSYN-PWY","sucrose biosynthesis I (from photosynthesis)",9.99900009999e-05,0.000561587676848754,"SORBI_3005G056400",0.90843,0.949581222034159,NA,NA
"SUCSYN-PWY","sucrose biosynthesis I (from photosynthesis)",9.99900009999e-05,0.000561587676848754,"SORBI_3004G068400",0.93296,0.958924342168966,NA,NA
"SUCSYN-PWY","sucrose biosynthesis I (from photosynthesis)",9.99900009999e-05,0.000561587676848754,"SORBI_3010G262433",0.95645,0.968867852200883,NA,NA
"SUCSYN-PWY","sucrose biosynthesis I (from photosynthesis)",9.99900009999e-05,0.000561587676848754,"SORBI_3010G262466",0.96941,0.975751091027617,NA,NA
"TRIGLSYN-PWY","diacylglycerol and triacylglycerol biosynthesis",9.99900009999e-05,0.000561587676848754,"SORBI_3009G226600",1.0209e-12,1.11998462727273e-09,5.867061e-15,14.2315793963881
"TRIGLSYN-PWY","diacylglycerol and triacylglycerol biosynthesis",9.99900009999e-05,0.000561587676848754,"SORBI_3009G221500",2.4525e-08,4.73318565340909e-06,1.65855e-09,8.78027143135175
"TRIGLSYN-PWY","diacylglycerol and triacylglycerol biosynthesis",9.99900009999e-05,0.000561587676848754,"SORBI_3009G202600",0.00059127,0.0284874724680851,NA,NA
"TRIGLSYN-PWY","diacylglycerol and triacylglycerol biosynthesis",9.99900009999e-05,0.000561587676848754,"SORBI_3004G261900",0.0031363,0.0965067826558266,NA,NA
"TRIGLSYN-PWY","diacylglycerol and triacylglycerol biosynthesis",9.99900009999e-05,0.000561587676848754,"SORBI_3005G197100",0.0047371,0.122922135752483,NA,NA
"TRIGLSYN-PWY","diacylglycerol and triacylglycerol biosynthesis",9.99900009999e-05,0.000561587676848754,"SORBI_3008G130800",0.0063628,0.144890199798928,NA,NA
"TRIGLSYN-PWY","diacylglycerol and triacylglycerol biosynthesis",9.99900009999e-05,0.000561587676848754,"SORBI_3009G162000",0.011228,0.198158469366563,NA,NA
"TRIGLSYN-PWY","diacylglycerol and triacylglycerol biosynthesis",9.99900009999e-05,0.000561587676848754,"SORBI_3003G309600",0.012465,0.209827860257681,NA,NA
"TRIGLSYN-PWY","diacylglycerol and triacylglycerol biosynthesis",9.99900009999e-05,0.000561587676848754,"SORBI_3004G293100",0.012726,0.211745359099804,NA,NA
"TRIGLSYN-PWY","diacylglycerol and triacylglycerol biosynthesis",9.99900009999e-05,0.000561587676848754,"SORBI_3003G114200",0.016733,0.247871701264719,NA,NA
"TRIGLSYN-PWY","diacylglycerol and triacylglycerol biosynthesis",9.99900009999e-05,0.000561587676848754,"SORBI_3009G188900",0.017381,0.25338215751073,NA,NA
"TRIGLSYN-PWY","diacylglycerol and triacylglycerol biosynthesis",9.99900009999e-05,0.000561587676848754,"SORBI_3003G265100",0.017564,0.255392289383562,NA,NA
"TRIGLSYN-PWY","diacylglycerol and triacylglycerol biosynthesis",9.99900009999e-05,0.000561587676848754,"SORBI_3004G268300",0.021068,0.281017912838634,NA,NA
"TRIGLSYN-PWY","diacylglycerol and triacylglycerol biosynthesis",9.99900009999e-05,0.000561587676848754,"SORBI_3009G165400",0.026893,0.322896617532697,NA,NA
"TRIGLSYN-PWY","diacylglycerol and triacylglycerol biosynthesis",9.99900009999e-05,0.000561587676848754,"SORBI_3009G157000",0.14101,0.671450645025885,NA,NA
"TRIGLSYN-PWY","diacylglycerol and triacylglycerol biosynthesis",9.99900009999e-05,0.000561587676848754,"SORBI_3001G206000",0.1508,0.684880812942907,NA,NA
"TRIGLSYN-PWY","diacylglycerol and triacylglycerol biosynthesis",9.99900009999e-05,0.000561587676848754,"SORBI_3006G034200",0.17569,0.721598545520493,NA,NA
"TRIGLSYN-PWY","diacylglycerol and triacylglycerol biosynthesis",9.99900009999e-05,0.000561587676848754,"SORBI_3003G249000",0.18355,0.73080756206089,NA,NA
"TRIGLSYN-PWY","diacylglycerol and triacylglycerol biosynthesis",9.99900009999e-05,0.000561587676848754,"SORBI_3003G142500",0.18586,0.733314742711116,NA,NA
"TRIGLSYN-PWY","diacylglycerol and triacylglycerol biosynthesis",9.99900009999e-05,0.000561587676848754,"SORBI_3010G134400",0.22177,0.771281797706798,NA,NA
"TRIGLSYN-PWY","diacylglycerol and triacylglycerol biosynthesis",9.99900009999e-05,0.000561587676848754,"SORBI_3001G026100",0.23687,0.785725081471363,NA,NA
"TRIGLSYN-PWY","diacylglycerol and triacylglycerol biosynthesis",9.99900009999e-05,0.000561587676848754,"SORBI_3002G020000",0.28703,0.820323770298696,NA,NA
"TRIGLSYN-PWY","diacylglycerol and triacylglycerol biosynthesis",9.99900009999e-05,0.000561587676848754,"SORBI_3009G034600",0.28747,0.820740698436712,NA,NA
"TRIGLSYN-PWY","diacylglycerol and triacylglycerol biosynthesis",9.99900009999e-05,0.000561587676848754,"SORBI_3004G341900",0.29342,0.825230219389022,NA,NA
"TRIGLSYN-PWY","diacylglycerol and triacylglycerol biosynthesis",9.99900009999e-05,0.000561587676848754,"SORBI_3006G221500",0.30738,0.83139921560836,NA,NA
"TRIGLSYN-PWY","diacylglycerol and triacylglycerol biosynthesis",9.99900009999e-05,0.000561587676848754,"SORBI_3010G170000",0.31909,0.838727052541979,NA,NA
"TRIGLSYN-PWY","diacylglycerol and triacylglycerol biosynthesis",9.99900009999e-05,0.000561587676848754,"SORBI_3008G049000",0.3193,0.838821927682918,NA,NA
"TRIGLSYN-PWY","diacylglycerol and triacylglycerol biosynthesis",9.99900009999e-05,0.000561587676848754,"SORBI_3001G493300",0.33176,0.843594761619639,NA,NA
"TRIGLSYN-PWY","diacylglycerol and triacylglycerol biosynthesis",9.99900009999e-05,0.000561587676848754,"SORBI_3001G283700",0.33978,0.847230324427481,NA,NA
"TRIGLSYN-PWY","diacylglycerol and triacylglycerol biosynthesis",9.99900009999e-05,0.000561587676848754,"SORBI_3001G099300",0.35257,0.85254824446501,NA,NA
"TRIGLSYN-PWY","diacylglycerol and triacylglycerol biosynthesis",9.99900009999e-05,0.000561587676848754,"SORBI_3003G317500",0.36203,0.856329806420166,NA,NA
"TRIGLSYN-PWY","diacylglycerol and triacylglycerol biosynthesis",9.99900009999e-05,0.000561587676848754,"SORBI_3009G040250",0.4112,0.873473554277138,NA,NA
"TRIGLSYN-PWY","diacylglycerol and triacylglycerol biosynthesis",9.99900009999e-05,0.000561587676848754,"SORBI_3001G408400",0.43833,0.880206307928449,NA,NA
"TRIGLSYN-PWY","diacylglycerol and triacylglycerol biosynthesis",9.99900009999e-05,0.000561587676848754,"SORBI_3002G267500",0.43883,0.880206307928449,NA,NA
"TRIGLSYN-PWY","diacylglycerol and triacylglycerol biosynthesis",9.99900009999e-05,0.000561587676848754,"SORBI_3007G108500",0.44669,0.883818649231128,NA,NA
"TRIGLSYN-PWY","diacylglycerol and triacylglycerol biosynthesis",9.99900009999e-05,0.000561587676848754,"SORBI_3001G049300",0.48057,0.892059077199477,NA,NA
"TRIGLSYN-PWY","diacylglycerol and triacylglycerol biosynthesis",9.99900009999e-05,0.000561587676848754,"SORBI_3001G250200",0.48248,0.892079808393664,NA,NA
"TRIGLSYN-PWY","diacylglycerol and triacylglycerol biosynthesis",9.99900009999e-05,0.000561587676848754,"SORBI_3010G193300",0.51254,0.896853353247155,NA,NA
"TRIGLSYN-PWY","diacylglycerol and triacylglycerol biosynthesis",9.99900009999e-05,0.000561587676848754,"SORBI_3005G214400",0.5347,0.900632758928129,NA,NA
"TRIGLSYN-PWY","diacylglycerol and triacylglycerol biosynthesis",9.99900009999e-05,0.000561587676848754,"SORBI_3006G041266",0.57001,0.906300888868292,NA,NA
"TRIGLSYN-PWY","diacylglycerol and triacylglycerol biosynthesis",9.99900009999e-05,0.000561587676848754,"SORBI_3010G190300",0.62095,0.909606143207962,NA,NA
"TRIGLSYN-PWY","diacylglycerol and triacylglycerol biosynthesis",9.99900009999e-05,0.000561587676848754,"SORBI_3002G165140",0.62997,0.91112707164446,NA,NA
"TRIGLSYN-PWY","diacylglycerol and triacylglycerol biosynthesis",9.99900009999e-05,0.000561587676848754,"SORBI_3003G078700",0.63552,0.912350959959581,NA,NA
"TRIGLSYN-PWY","diacylglycerol and triacylglycerol biosynthesis",9.99900009999e-05,0.000561587676848754,"SORBI_3003G360700",0.68265,0.917076780886886,NA,NA
"TRIGLSYN-PWY","diacylglycerol and triacylglycerol biosynthesis",9.99900009999e-05,0.000561587676848754,"SORBI_3002G325300",0.68405,0.917550304071398,NA,NA
"TRIGLSYN-PWY","diacylglycerol and triacylglycerol biosynthesis",9.99900009999e-05,0.000561587676848754,"SORBI_3009G015800",0.70366,0.920006039180971,NA,NA
"TRIGLSYN-PWY","diacylglycerol and triacylglycerol biosynthesis",9.99900009999e-05,0.000561587676848754,"SORBI_3002G260000",0.71056,0.920429839334549,NA,NA
"TRIGLSYN-PWY","diacylglycerol and triacylglycerol biosynthesis",9.99900009999e-05,0.000561587676848754,"SORBI_3003G229700",0.75373,0.925136537196951,NA,NA
"TRIGLSYN-PWY","diacylglycerol and triacylglycerol biosynthesis",9.99900009999e-05,0.000561587676848754,"SORBI_3005G187300",0.75824,0.925196496222919,NA,NA
"TRIGLSYN-PWY","diacylglycerol and triacylglycerol biosynthesis",9.99900009999e-05,0.000561587676848754,"SORBI_3008G112100",0.77946,0.927323002835837,NA,NA
"TRIGLSYN-PWY","diacylglycerol and triacylglycerol biosynthesis",9.99900009999e-05,0.000561587676848754,"SORBI_3002G218500",0.8161,0.93209645399597,NA,NA
"TRIGLSYN-PWY","diacylglycerol and triacylglycerol biosynthesis",9.99900009999e-05,0.000561587676848754,"SORBI_3003G258000",0.84001,0.934167517913817,NA,NA
"TRIGLSYN-PWY","diacylglycerol and triacylglycerol biosynthesis",9.99900009999e-05,0.000561587676848754,"SORBI_3009G072700",0.95736,0.969240463473518,NA,NA
"TYRFUMCAT-PWY","L-tyrosine degradation I",9.99900009999e-05,0.000561587676848754,"SORBI_3004G053700",0.0097736,0.183313015571507,NA,NA
"TYRFUMCAT-PWY","L-tyrosine degradation I",9.99900009999e-05,0.000561587676848754,"SORBI_3002G104200",0.011729,0.203559130745659,NA,NA
"TYRFUMCAT-PWY","L-tyrosine degradation I",9.99900009999e-05,0.000561587676848754,"SORBI_3003G045600",0.046008,0.424085138670285,NA,NA
"TYRFUMCAT-PWY","L-tyrosine degradation I",9.99900009999e-05,0.000561587676848754,"SORBI_3010G001600",0.07527,0.528140891757901,NA,NA
"TYRFUMCAT-PWY","L-tyrosine degradation I",9.99900009999e-05,0.000561587676848754,"SORBI_3004G182800",0.13943,0.670115581329562,NA,NA
"TYRFUMCAT-PWY","L-tyrosine degradation I",9.99900009999e-05,0.000561587676848754,"SORBI_3002G105600",0.21948,0.769397911725276,NA,NA
"TYRFUMCAT-PWY","L-tyrosine degradation I",9.99900009999e-05,0.000561587676848754,"SORBI_3005G200300",0.28438,0.819210893598983,NA,NA
"TYRFUMCAT-PWY","L-tyrosine degradation I",9.99900009999e-05,0.000561587676848754,"SORBI_3004G080100",0.50099,0.895437087170364,NA,NA
"VALSYN-PWY","L-valine biosynthesis",9.99900009999e-05,0.000561587676848754,"SORBI_3009G239900",1.1486e-07,1.77320035746606e-05,3.193851e-11,10.4956853484941
"VALSYN-PWY","L-valine biosynthesis",9.99900009999e-05,0.000561587676848754,"SORBI_3004G155800",0.034913,0.367439179987608,NA,NA
"VALSYN-PWY","L-valine biosynthesis",9.99900009999e-05,0.000561587676848754,"SORBI_3007G167800",0.17474,0.721452969490701,NA,NA
"VALSYN-PWY","L-valine biosynthesis",9.99900009999e-05,0.000561587676848754,"SORBI_3004G210000",0.24157,0.788863580009611,NA,NA
"VALSYN-PWY","L-valine biosynthesis",9.99900009999e-05,0.000561587676848754,"SORBI_3003G239900",0.29784,0.827747609229259,NA,NA
"VALSYN-PWY","L-valine biosynthesis",9.99900009999e-05,0.000561587676848754,"SORBI_3005G082200",0.47717,0.891556683900776,NA,NA
"NONOXIPENT-PWY","pentose phosphate pathway (non-oxidative branch)",0.0001999800019998,0.00109322401093224,"SORBI_3002G051100",0.00063458,0.0298754563900415,NA,NA
"NONOXIPENT-PWY","pentose phosphate pathway (non-oxidative branch)",0.0001999800019998,0.00109322401093224,"SORBI_3006G034300",0.0022951,0.0781138894789579,NA,NA
"NONOXIPENT-PWY","pentose phosphate pathway (non-oxidative branch)",0.0001999800019998,0.00109322401093224,"SORBI_3009G062800",0.092483,0.574631143978102,NA,NA
"NONOXIPENT-PWY","pentose phosphate pathway (non-oxidative branch)",0.0001999800019998,0.00109322401093224,"SORBI_3001G069000",0.21943,0.769397911725276,NA,NA
"NONOXIPENT-PWY","pentose phosphate pathway (non-oxidative branch)",0.0001999800019998,0.00109322401093224,"SORBI_3003G410500",0.28934,0.822562354220698,NA,NA
"NONOXIPENT-PWY","pentose phosphate pathway (non-oxidative branch)",0.0001999800019998,0.00109322401093224,"SORBI_3008G135701",0.29568,0.826658679152292,NA,NA
"NONOXIPENT-PWY","pentose phosphate pathway (non-oxidative branch)",0.0001999800019998,0.00109322401093224,"SORBI_3002G257300",0.40388,0.871407082910107,NA,NA
"NONOXIPENT-PWY","pentose phosphate pathway (non-oxidative branch)",0.0001999800019998,0.00109322401093224,"SORBI_3007G078400",0.45431,0.885913390469661,NA,NA
"NONOXIPENT-PWY","pentose phosphate pathway (non-oxidative branch)",0.0001999800019998,0.00109322401093224,"SORBI_3007G043400",0.65523,0.913506754396703,NA,NA
"NONOXIPENT-PWY","pentose phosphate pathway (non-oxidative branch)",0.0001999800019998,0.00109322401093224,"SORBI_3010G024000",0.67261,0.915471822989703,NA,NA
"NONOXIPENT-PWY","pentose phosphate pathway (non-oxidative branch)",0.0001999800019998,0.00109322401093224,"SORBI_3010G023700",0.68846,0.918435679685967,NA,NA
"NONOXIPENT-PWY","pentose phosphate pathway (non-oxidative branch)",0.0001999800019998,0.00109322401093224,"SORBI_3005G033000",0.7111,0.920429839334549,NA,NA
"NONOXIPENT-PWY","pentose phosphate pathway (non-oxidative branch)",0.0001999800019998,0.00109322401093224,"SORBI_3003G182400",0.8034,0.93054523644163,NA,NA
"NONOXIPENT-PWY","pentose phosphate pathway (non-oxidative branch)",0.0001999800019998,0.00109322401093224,"SORBI_3001G491000",0.9126,0.951188566694283,NA,NA
"PWY-5142","acyl-[acyl-carrier protein] thioesterase pathway",0.0001999800019998,0.00109322401093224,"SORBI_3004G293800",0.0093594,0.179202237464789,NA,NA
"PWY-5142","acyl-[acyl-carrier protein] thioesterase pathway",0.0001999800019998,0.00109322401093224,"SORBI_3004G293900",0.013435,0.21802112124105,NA,NA
"PWY-5142","acyl-[acyl-carrier protein] thioesterase pathway",0.0001999800019998,0.00109322401093224,"SORBI_3004G294000",0.020262,0.275405903961585,NA,NA
"PWY-5142","acyl-[acyl-carrier protein] thioesterase pathway",0.0001999800019998,0.00109322401093224,"SORBI_3002G256800",0.093056,0.575309504270398,NA,NA
"PWY-5142","acyl-[acyl-carrier protein] thioesterase pathway",0.0001999800019998,0.00109322401093224,"SORBI_3002G256900",0.23658,0.785711041259288,NA,NA
"PWY-5142","acyl-[acyl-carrier protein] thioesterase pathway",0.0001999800019998,0.00109322401093224,"SORBI_3008G029200",0.37122,0.858576229318445,NA,NA
"PWY-5142","acyl-[acyl-carrier protein] thioesterase pathway",0.0001999800019998,0.00109322401093224,"SORBI_3006G171900",0.41606,0.874632381482857,NA,NA
"PWY-5142","acyl-[acyl-carrier protein] thioesterase pathway",0.0001999800019998,0.00109322401093224,"SORBI_3003G337500",0.5324,0.900632758928129,NA,NA
"PWY-5142","acyl-[acyl-carrier protein] thioesterase pathway",0.0001999800019998,0.00109322401093224,"SORBI_3006G259300",0.60221,0.90732356747496,NA,NA
"PWY-4203","volatile benzenoid biosynthesis I (ester formation)",0.0002999700029997,0.00159724287311529,"SORBI_3002G044800",0.00069775,0.0318646070564516,NA,NA
"PWY-4203","volatile benzenoid biosynthesis I (ester formation)",0.0002999700029997,0.00159724287311529,"SORBI_3002G044700",0.00091406,0.0393742024303797,NA,NA
"PWY-4203","volatile benzenoid biosynthesis I (ester formation)",0.0002999700029997,0.00159724287311529,"SORBI_3010G040700",0.016174,0.243953045293073,NA,NA
"PWY-4203","volatile benzenoid biosynthesis I (ester formation)",0.0002999700029997,0.00159724287311529,"SORBI_3006G209300",0.045974,0.424025071389794,NA,NA
"PWY-4203","volatile benzenoid biosynthesis I (ester formation)",0.0002999700029997,0.00159724287311529,"SORBI_3010G204000",0.054079,0.456713424415714,NA,NA
"PWY-4203","volatile benzenoid biosynthesis I (ester formation)",0.0002999700029997,0.00159724287311529,"SORBI_3006G209000",0.09484,0.579498161539845,NA,NA
"PWY-4203","volatile benzenoid biosynthesis I (ester formation)",0.0002999700029997,0.00159724287311529,"SORBI_3003G269700",0.11157,0.617919157019403,NA,NA
"PWY-4203","volatile benzenoid biosynthesis I (ester formation)",0.0002999700029997,0.00159724287311529,"SORBI_3006G209200",0.11804,0.629825888906324,NA,NA
"PWY-4203","volatile benzenoid biosynthesis I (ester formation)",0.0002999700029997,0.00159724287311529,"SORBI_3010G179900",0.13455,0.662550976953182,NA,NA
"PWY-4203","volatile benzenoid biosynthesis I (ester formation)",0.0002999700029997,0.00159724287311529,"SORBI_3007G203600",0.14341,0.674963536990856,NA,NA
"PWY-4203","volatile benzenoid biosynthesis I (ester formation)",0.0002999700029997,0.00159724287311529,"SORBI_3002G302400",0.14564,0.678362063339731,NA,NA
"PWY-4203","volatile benzenoid biosynthesis I (ester formation)",0.0002999700029997,0.00159724287311529,"SORBI_3006G247400",0.3623,0.856653647304348,NA,NA
"PWY-4203","volatile benzenoid biosynthesis I (ester formation)",0.0002999700029997,0.00159724287311529,"SORBI_3006G020300",0.4625,0.888481287900175,NA,NA
"PWY-4203","volatile benzenoid biosynthesis I (ester formation)",0.0002999700029997,0.00159724287311529,"SORBI_3006G019700",0.50284,0.895437087170364,NA,NA
"PWY-4203","volatile benzenoid biosynthesis I (ester formation)",0.0002999700029997,0.00159724287311529,"SORBI_3001G277800",0.54161,0.901620127891023,NA,NA
"PWY-4203","volatile benzenoid biosynthesis I (ester formation)",0.0002999700029997,0.00159724287311529,"SORBI_3006G020200",0.56673,0.90595706344354,NA,NA
"PWY-4203","volatile benzenoid biosynthesis I (ester formation)",0.0002999700029997,0.00159724287311529,"SORBI_3001G201800",0.64566,0.912663663839694,NA,NA
"PWY-4203","volatile benzenoid biosynthesis I (ester formation)",0.0002999700029997,0.00159724287311529,"SORBI_3010G259500",0.68247,0.917076780886886,NA,NA
"PWY-4203","volatile benzenoid biosynthesis I (ester formation)",0.0002999700029997,0.00159724287311529,"SORBI_3010G259300",0.76975,0.926175926778317,NA,NA
"PWY-4203","volatile benzenoid biosynthesis I (ester formation)",0.0002999700029997,0.00159724287311529,"SORBI_3010G130500",0.77258,0.92668937451547,NA,NA
"PWY-4203","volatile benzenoid biosynthesis I (ester formation)",0.0002999700029997,0.00159724287311529,"SORBI_3010G259600",0.77395,0.92668937451547,NA,NA
"PWY-4203","volatile benzenoid biosynthesis I (ester formation)",0.0002999700029997,0.00159724287311529,"SORBI_3005G226200",0.78124,0.927521114295701,NA,NA
"PWY-4203","volatile benzenoid biosynthesis I (ester formation)",0.0002999700029997,0.00159724287311529,"SORBI_3004G036100",0.80004,0.930250315901157,NA,NA
"PWY-4203","volatile benzenoid biosynthesis I (ester formation)",0.0002999700029997,0.00159724287311529,"SORBI_3010G040200",0.82445,0.933071306172757,NA,NA
"PWY-4203","volatile benzenoid biosynthesis I (ester formation)",0.0002999700029997,0.00159724287311529,"SORBI_3004G036200",0.84893,0.935660055379234,NA,NA
"PWY-4203","volatile benzenoid biosynthesis I (ester formation)",0.0002999700029997,0.00159724287311529,"SORBI_3010G011700",0.85047,0.935660055379234,NA,NA
"PWY-4203","volatile benzenoid biosynthesis I (ester formation)",0.0002999700029997,0.00159724287311529,"SORBI_3001G273200",0.87519,0.940470043340715,NA,NA
"PWY-4203","volatile benzenoid biosynthesis I (ester formation)",0.0002999700029997,0.00159724287311529,"SORBI_3001G271600",0.94584,0.964509034882325,NA,NA
"PWY-7634","vernolate biosynthesis II",0.0002999700029997,0.00159724287311529,"SORBI_3006G066400",0.00029156,0.0164508613289037,NA,NA
"PWY-7634","vernolate biosynthesis II",0.0002999700029997,0.00159724287311529,"SORBI_3003G413800",0.045077,0.419515715068493,NA,NA
"PWY-7634","vernolate biosynthesis II",0.0002999700029997,0.00159724287311529,"SORBI_3001G270200",0.12059,0.634559338497289,NA,NA
"PWY-7634","vernolate biosynthesis II",0.0002999700029997,0.00159724287311529,"SORBI_3010G197700",0.1383,0.668750999288256,NA,NA
"PWY-7634","vernolate biosynthesis II",0.0002999700029997,0.00159724287311529,"SORBI_3003G076700",0.34771,0.850356524420856,NA,NA
"PWY-7634","vernolate biosynthesis II",0.0002999700029997,0.00159724287311529,"SORBI_3001G195100",0.62733,0.91103322491261,NA,NA
"PWY-7634","vernolate biosynthesis II",0.0002999700029997,0.00159724287311529,"SORBI_3001G195200",0.63251,0.91172683391297,NA,NA
"PWY-7634","vernolate biosynthesis II",0.0002999700029997,0.00159724287311529,"SORBI_3004G006100",0.73312,0.924050120969238,NA,NA
"PWY-7634","vernolate biosynthesis II",0.0002999700029997,0.00159724287311529,"SORBI_3010G231600",0.75375,0.925136537196951,NA,NA
"PWY-7634","vernolate biosynthesis II",0.0002999700029997,0.00159724287311529,"SORBI_3002G348900",0.76322,0.925196496222919,NA,NA
"PWY-7634","vernolate biosynthesis II",0.0002999700029997,0.00159724287311529,"SORBI_3003G076800",0.83393,0.934109190853698,NA,NA
"PWY-7634","vernolate biosynthesis II",0.0002999700029997,0.00159724287311529,"SORBI_3001G195500",0.85055,0.935660055379234,NA,NA
"PWY-6351","D-<i>myo</i>-inositol (1,4,5)-trisphosphate biosynthesis",0.0003999600039996,0.00210235386717738,"SORBI_3009G253700",4.9013e-05,0.00367510942825607,NA,NA
"PWY-6351","D-<i>myo</i>-inositol (1,4,5)-trisphosphate biosynthesis",0.0003999600039996,0.00210235386717738,"SORBI_3002G430500",0.026485,0.320424452635328,NA,NA
"PWY-6351","D-<i>myo</i>-inositol (1,4,5)-trisphosphate biosynthesis",0.0003999600039996,0.00210235386717738,"SORBI_3010G118200",0.027917,0.328524026998962,NA,NA
"PWY-6351","D-<i>myo</i>-inositol (1,4,5)-trisphosphate biosynthesis",0.0003999600039996,0.00210235386717738,"SORBI_3008G090600",0.063878,0.491559589034889,NA,NA
"PWY-6351","D-<i>myo</i>-inositol (1,4,5)-trisphosphate biosynthesis",0.0003999600039996,0.00210235386717738,"SORBI_3010G223300",0.095047,0.580022319820628,NA,NA
"PWY-6351","D-<i>myo</i>-inositol (1,4,5)-trisphosphate biosynthesis",0.0003999600039996,0.00210235386717738,"SORBI_3005G002000",0.1115,0.617632175472929,NA,NA
"PWY-6351","D-<i>myo</i>-inositol (1,4,5)-trisphosphate biosynthesis",0.0003999600039996,0.00210235386717738,"SORBI_3002G292800",0.16088,0.700591148717949,NA,NA
"PWY-6351","D-<i>myo</i>-inositol (1,4,5)-trisphosphate biosynthesis",0.0003999600039996,0.00210235386717738,"SORBI_3006G258500",0.19709,0.744576887233096,NA,NA
"PWY-6351","D-<i>myo</i>-inositol (1,4,5)-trisphosphate biosynthesis",0.0003999600039996,0.00210235386717738,"SORBI_3002G403100",0.20372,0.75154430572142,NA,NA
"PWY-6351","D-<i>myo</i>-inositol (1,4,5)-trisphosphate biosynthesis",0.0003999600039996,0.00210235386717738,"SORBI_3001G121900",0.2038,0.75154430572142,NA,NA
"PWY-6351","D-<i>myo</i>-inositol (1,4,5)-trisphosphate biosynthesis",0.0003999600039996,0.00210235386717738,"SORBI_3004G130300",0.2811,0.816618816340484,NA,NA
"PWY-6351","D-<i>myo</i>-inositol (1,4,5)-trisphosphate biosynthesis",0.0003999600039996,0.00210235386717738,"SORBI_3001G429500",0.32917,0.842534834586466,NA,NA
"PWY-6351","D-<i>myo</i>-inositol (1,4,5)-trisphosphate biosynthesis",0.0003999600039996,0.00210235386717738,"SORBI_3009G027800",0.36895,0.858334588339705,NA,NA
"PWY-6351","D-<i>myo</i>-inositol (1,4,5)-trisphosphate biosynthesis",0.0003999600039996,0.00210235386717738,"SORBI_3006G060000",0.37476,0.858929848495051,NA,NA
"PWY-6351","D-<i>myo</i>-inositol (1,4,5)-trisphosphate biosynthesis",0.0003999600039996,0.00210235386717738,"SORBI_3001G118000",0.37988,0.861259108263249,NA,NA
"PWY-6351","D-<i>myo</i>-inositol (1,4,5)-trisphosphate biosynthesis",0.0003999600039996,0.00210235386717738,"SORBI_3001G203400",0.41217,0.87361275801822,NA,NA
"PWY-6351","D-<i>myo</i>-inositol (1,4,5)-trisphosphate biosynthesis",0.0003999600039996,0.00210235386717738,"SORBI_3010G279800",0.424,0.877551473005052,NA,NA
"PWY-6351","D-<i>myo</i>-inositol (1,4,5)-trisphosphate biosynthesis",0.0003999600039996,0.00210235386717738,"SORBI_3001G367301",0.48987,0.892911955460156,NA,NA
"PWY-6351","D-<i>myo</i>-inositol (1,4,5)-trisphosphate biosynthesis",0.0003999600039996,0.00210235386717738,"SORBI_3005G104500",0.52153,0.899502869401848,NA,NA
"PWY-6351","D-<i>myo</i>-inositol (1,4,5)-trisphosphate biosynthesis",0.0003999600039996,0.00210235386717738,"SORBI_3002G223600",0.55426,0.90338043319741,NA,NA
"PWY-6351","D-<i>myo</i>-inositol (1,4,5)-trisphosphate biosynthesis",0.0003999600039996,0.00210235386717738,"SORBI_3001G294100",0.56084,0.905162609522,NA,NA
"PWY-6351","D-<i>myo</i>-inositol (1,4,5)-trisphosphate biosynthesis",0.0003999600039996,0.00210235386717738,"SORBI_3007G154701",0.61795,0.909424324745616,NA,NA
"PWY-6351","D-<i>myo</i>-inositol (1,4,5)-trisphosphate biosynthesis",0.0003999600039996,0.00210235386717738,"SORBI_3003G127200",0.70133,0.919873557851718,NA,NA
"PWY-6351","D-<i>myo</i>-inositol (1,4,5)-trisphosphate biosynthesis",0.0003999600039996,0.00210235386717738,"SORBI_3008G011901",0.7226,0.922555923559698,NA,NA
"PWY-6351","D-<i>myo</i>-inositol (1,4,5)-trisphosphate biosynthesis",0.0003999600039996,0.00210235386717738,"SORBI_3002G235900",0.73497,0.924376632107147,NA,NA
"PWY-6351","D-<i>myo</i>-inositol (1,4,5)-trisphosphate biosynthesis",0.0003999600039996,0.00210235386717738,"SORBI_3005G031700",0.74564,0.925120676022715,NA,NA
"PWY-6351","D-<i>myo</i>-inositol (1,4,5)-trisphosphate biosynthesis",0.0003999600039996,0.00210235386717738,"SORBI_3008G002000",0.75378,0.925136537196951,NA,NA
"PWY-6351","D-<i>myo</i>-inositol (1,4,5)-trisphosphate biosynthesis",0.0003999600039996,0.00210235386717738,"SORBI_3001G408001",0.76333,0.925196496222919,NA,NA
"PWY-6351","D-<i>myo</i>-inositol (1,4,5)-trisphosphate biosynthesis",0.0003999600039996,0.00210235386717738,"SORBI_3010G145900",0.81176,0.931607921481181,NA,NA
"PWY-6351","D-<i>myo</i>-inositol (1,4,5)-trisphosphate biosynthesis",0.0003999600039996,0.00210235386717738,"SORBI_3001G124100",0.81793,0.932181008755745,NA,NA
"PWY-6351","D-<i>myo</i>-inositol (1,4,5)-trisphosphate biosynthesis",0.0003999600039996,0.00210235386717738,"SORBI_3005G018900",0.96716,0.97438895803055,NA,NA
"PWY-6014","vernolate biosynthesis I",0.0004999500049995,0.00253061113641722,"SORBI_3006G066400",0.00029156,0.0164508613289037,NA,NA
"PWY-6014","vernolate biosynthesis I",0.0004999500049995,0.00253061113641722,"SORBI_3003G413800",0.045077,0.419515715068493,NA,NA
"PWY-6014","vernolate biosynthesis I",0.0004999500049995,0.00253061113641722,"SORBI_3001G270200",0.12059,0.634559338497289,NA,NA
"PWY-6014","vernolate biosynthesis I",0.0004999500049995,0.00253061113641722,"SORBI_3010G197700",0.1383,0.668750999288256,NA,NA
"PWY-6014","vernolate biosynthesis I",0.0004999500049995,0.00253061113641722,"SORBI_3003G076700",0.34771,0.850356524420856,NA,NA
"PWY-6014","vernolate biosynthesis I",0.0004999500049995,0.00253061113641722,"SORBI_3001G195100",0.62733,0.91103322491261,NA,NA
"PWY-6014","vernolate biosynthesis I",0.0004999500049995,0.00253061113641722,"SORBI_3001G195200",0.63251,0.91172683391297,NA,NA
"PWY-6014","vernolate biosynthesis I",0.0004999500049995,0.00253061113641722,"SORBI_3004G006100",0.73312,0.924050120969238,NA,NA
"PWY-6014","vernolate biosynthesis I",0.0004999500049995,0.00253061113641722,"SORBI_3010G231600",0.75375,0.925136537196951,NA,NA
"PWY-6014","vernolate biosynthesis I",0.0004999500049995,0.00253061113641722,"SORBI_3002G348900",0.76322,0.925196496222919,NA,NA
"PWY-6014","vernolate biosynthesis I",0.0004999500049995,0.00253061113641722,"SORBI_3003G076800",0.83393,0.934109190853698,NA,NA
"PWY-6014","vernolate biosynthesis I",0.0004999500049995,0.00253061113641722,"SORBI_3001G195500",0.85055,0.935660055379234,NA,NA
"PWY-6352","3-phosphoinositide biosynthesis",0.0004999500049995,0.00253061113641722,"SORBI_3009G253700",4.9013e-05,0.00367510942825607,NA,NA
"PWY-6352","3-phosphoinositide biosynthesis",0.0004999500049995,0.00253061113641722,"SORBI_3007G133000",0.005368,0.130814373170732,NA,NA
"PWY-6352","3-phosphoinositide biosynthesis",0.0004999500049995,0.00253061113641722,"SORBI_3007G004500",0.013397,0.217625967957915,NA,NA
"PWY-6352","3-phosphoinositide biosynthesis",0.0004999500049995,0.00253061113641722,"SORBI_3010G118200",0.027917,0.328524026998962,NA,NA
"PWY-6352","3-phosphoinositide biosynthesis",0.0004999500049995,0.00253061113641722,"SORBI_3007G088100",0.031045,0.347677387075503,NA,NA
"PWY-6352","3-phosphoinositide biosynthesis",0.0004999500049995,0.00253061113641722,"SORBI_3010G072400",0.037535,0.383098360877404,NA,NA
"PWY-6352","3-phosphoinositide biosynthesis",0.0004999500049995,0.00253061113641722,"SORBI_3010G223300",0.095047,0.580022319820628,NA,NA
"PWY-6352","3-phosphoinositide biosynthesis",0.0004999500049995,0.00253061113641722,"SORBI_3001G481900",0.1213,0.635690573189522,NA,NA
"PWY-6352","3-phosphoinositide biosynthesis",0.0004999500049995,0.00253061113641722,"SORBI_3002G292800",0.16088,0.700591148717949,NA,NA
"PWY-6352","3-phosphoinositide biosynthesis",0.0004999500049995,0.00253061113641722,"SORBI_3006G258500",0.19709,0.744576887233096,NA,NA
"PWY-6352","3-phosphoinositide biosynthesis",0.0004999500049995,0.00253061113641722,"SORBI_3002G403100",0.20372,0.75154430572142,NA,NA
"PWY-6352","3-phosphoinositide biosynthesis",0.0004999500049995,0.00253061113641722,"SORBI_3001G121900",0.2038,0.75154430572142,NA,NA
"PWY-6352","3-phosphoinositide biosynthesis",0.0004999500049995,0.00253061113641722,"SORBI_3007G008900",0.24798,0.791234296178045,NA,NA
"PWY-6352","3-phosphoinositide biosynthesis",0.0004999500049995,0.00253061113641722,"SORBI_3004G130300",0.2811,0.816618816340484,NA,NA
"PWY-6352","3-phosphoinositide biosynthesis",0.0004999500049995,0.00253061113641722,"SORBI_3001G429500",0.32917,0.842534834586466,NA,NA
"PWY-6352","3-phosphoinositide biosynthesis",0.0004999500049995,0.00253061113641722,"SORBI_3009G179600",0.3406,0.847619620485017,NA,NA
"PWY-6352","3-phosphoinositide biosynthesis",0.0004999500049995,0.00253061113641722,"SORBI_3006G060000",0.37476,0.858929848495051,NA,NA
"PWY-6352","3-phosphoinositide biosynthesis",0.0004999500049995,0.00253061113641722,"SORBI_3001G118000",0.37988,0.861259108263249,NA,NA
"PWY-6352","3-phosphoinositide biosynthesis",0.0004999500049995,0.00253061113641722,"SORBI_3010G279300",0.39228,0.866469941474834,NA,NA
"PWY-6352","3-phosphoinositide biosynthesis",0.0004999500049995,0.00253061113641722,"SORBI_3001G203400",0.41217,0.87361275801822,NA,NA
"PWY-6352","3-phosphoinositide biosynthesis",0.0004999500049995,0.00253061113641722,"SORBI_3003G373500",0.41293,0.873651251631347,NA,NA
"PWY-6352","3-phosphoinositide biosynthesis",0.0004999500049995,0.00253061113641722,"SORBI_3005G137500",0.41344,0.873651251631347,NA,NA
"PWY-6352","3-phosphoinositide biosynthesis",0.0004999500049995,0.00253061113641722,"SORBI_3010G279800",0.424,0.877551473005052,NA,NA
"PWY-6352","3-phosphoinositide biosynthesis",0.0004999500049995,0.00253061113641722,"SORBI_3001G367301",0.48987,0.892911955460156,NA,NA
"PWY-6352","3-phosphoinositide biosynthesis",0.0004999500049995,0.00253061113641722,"SORBI_3002G196600",0.49779,0.894683521633344,NA,NA
"PWY-6352","3-phosphoinositide biosynthesis",0.0004999500049995,0.00253061113641722,"SORBI_3005G104500",0.52153,0.899502869401848,NA,NA
"PWY-6352","3-phosphoinositide biosynthesis",0.0004999500049995,0.00253061113641722,"SORBI_3001G345100",0.54858,0.903141953961716,NA,NA
"PWY-6352","3-phosphoinositide biosynthesis",0.0004999500049995,0.00253061113641722,"SORBI_3002G223600",0.55426,0.90338043319741,NA,NA
"PWY-6352","3-phosphoinositide biosynthesis",0.0004999500049995,0.00253061113641722,"SORBI_3001G294100",0.56084,0.905162609522,NA,NA
"PWY-6352","3-phosphoinositide biosynthesis",0.0004999500049995,0.00253061113641722,"SORBI_3010G107000",0.60488,0.90732356747496,NA,NA
"PWY-6352","3-phosphoinositide biosynthesis",0.0004999500049995,0.00253061113641722,"SORBI_3007G154701",0.61795,0.909424324745616,NA,NA
"PWY-6352","3-phosphoinositide biosynthesis",0.0004999500049995,0.00253061113641722,"SORBI_3004G321100",0.63943,0.912458823504845,NA,NA
"PWY-6352","3-phosphoinositide biosynthesis",0.0004999500049995,0.00253061113641722,"SORBI_3003G127200",0.70133,0.919873557851718,NA,NA
"PWY-6352","3-phosphoinositide biosynthesis",0.0004999500049995,0.00253061113641722,"SORBI_3001G162700",0.71328,0.920429839334549,NA,NA
"PWY-6352","3-phosphoinositide biosynthesis",0.0004999500049995,0.00253061113641722,"SORBI_3008G011901",0.7226,0.922555923559698,NA,NA
"PWY-6352","3-phosphoinositide biosynthesis",0.0004999500049995,0.00253061113641722,"SORBI_3002G235900",0.73497,0.924376632107147,NA,NA
"PWY-6352","3-phosphoinositide biosynthesis",0.0004999500049995,0.00253061113641722,"SORBI_3005G031700",0.74564,0.925120676022715,NA,NA
"PWY-6352","3-phosphoinositide biosynthesis",0.0004999500049995,0.00253061113641722,"SORBI_3006G280400",0.79558,0.929553096359448,NA,NA
"PWY-6352","3-phosphoinositide biosynthesis",0.0004999500049995,0.00253061113641722,"SORBI_3010G145900",0.81176,0.931607921481181,NA,NA
"PWY-6352","3-phosphoinositide biosynthesis",0.0004999500049995,0.00253061113641722,"SORBI_3001G124100",0.81793,0.932181008755745,NA,NA
"PWY-6352","3-phosphoinositide biosynthesis",0.0004999500049995,0.00253061113641722,"SORBI_3007G146400",0.85799,0.936994705655403,NA,NA
"PWY-6352","3-phosphoinositide biosynthesis",0.0004999500049995,0.00253061113641722,"SORBI_3008G018500",0.87149,0.940391377426221,NA,NA
"PWY-6710","poly-hydroxy fatty acids biosynthesis",0.0004999500049995,0.00253061113641722,"SORBI_3006G066400",0.00029156,0.0164508613289037,NA,NA
"PWY-6710","poly-hydroxy fatty acids biosynthesis",0.0004999500049995,0.00253061113641722,"SORBI_3003G413800",0.045077,0.419515715068493,NA,NA
"PWY-6710","poly-hydroxy fatty acids biosynthesis",0.0004999500049995,0.00253061113641722,"SORBI_3001G270200",0.12059,0.634559338497289,NA,NA
"PWY-6710","poly-hydroxy fatty acids biosynthesis",0.0004999500049995,0.00253061113641722,"SORBI_3010G197700",0.1383,0.668750999288256,NA,NA
"PWY-6710","poly-hydroxy fatty acids biosynthesis",0.0004999500049995,0.00253061113641722,"SORBI_3003G076700",0.34771,0.850356524420856,NA,NA
"PWY-6710","poly-hydroxy fatty acids biosynthesis",0.0004999500049995,0.00253061113641722,"SORBI_3001G195100",0.62733,0.91103322491261,NA,NA
"PWY-6710","poly-hydroxy fatty acids biosynthesis",0.0004999500049995,0.00253061113641722,"SORBI_3001G195200",0.63251,0.91172683391297,NA,NA
"PWY-6710","poly-hydroxy fatty acids biosynthesis",0.0004999500049995,0.00253061113641722,"SORBI_3004G006100",0.73312,0.924050120969238,NA,NA
"PWY-6710","poly-hydroxy fatty acids biosynthesis",0.0004999500049995,0.00253061113641722,"SORBI_3010G231600",0.75375,0.925136537196951,NA,NA
"PWY-6710","poly-hydroxy fatty acids biosynthesis",0.0004999500049995,0.00253061113641722,"SORBI_3002G348900",0.76322,0.925196496222919,NA,NA
"PWY-6710","poly-hydroxy fatty acids biosynthesis",0.0004999500049995,0.00253061113641722,"SORBI_3003G076800",0.83393,0.934109190853698,NA,NA
"PWY-6710","poly-hydroxy fatty acids biosynthesis",0.0004999500049995,0.00253061113641722,"SORBI_3001G195500",0.85055,0.935660055379234,NA,NA
"GALACTMETAB-PWY","UDP-galactose biosynthesis (salvage pathway from galactose using UDP-glucose)",0.0005999400059994,0.002999700029997,"SORBI_3009G168600",0.01012,0.186413253796095,NA,NA
"GALACTMETAB-PWY","UDP-galactose biosynthesis (salvage pathway from galactose using UDP-glucose)",0.0005999400059994,0.002999700029997,"SORBI_3010G251200",0.014848,0.232630081180812,NA,NA
"GALACTMETAB-PWY","UDP-galactose biosynthesis (salvage pathway from galactose using UDP-glucose)",0.0005999400059994,0.002999700029997,"SORBI_3002G271200",0.01623,0.244472022172949,NA,NA
"GALACTMETAB-PWY","UDP-galactose biosynthesis (salvage pathway from galactose using UDP-glucose)",0.0005999400059994,0.002999700029997,"SORBI_3007G114500",0.10975,0.613147325008216,NA,NA
"GALACTMETAB-PWY","UDP-galactose biosynthesis (salvage pathway from galactose using UDP-glucose)",0.0005999400059994,0.002999700029997,"SORBI_3002G170100",0.16097,0.700710831624808,NA,NA
"GALACTMETAB-PWY","UDP-galactose biosynthesis (salvage pathway from galactose using UDP-glucose)",0.0005999400059994,0.002999700029997,"SORBI_3001G026000",0.2167,0.766095847210658,NA,NA
"GALACTMETAB-PWY","UDP-galactose biosynthesis (salvage pathway from galactose using UDP-glucose)",0.0005999400059994,0.002999700029997,"SORBI_3002G291200",0.28499,0.819212566813261,NA,NA
"GALACTMETAB-PWY","UDP-galactose biosynthesis (salvage pathway from galactose using UDP-glucose)",0.0005999400059994,0.002999700029997,"SORBI_3004G013500",0.40044,0.870589167306708,NA,NA
"GALACTMETAB-PWY","UDP-galactose biosynthesis (salvage pathway from galactose using UDP-glucose)",0.0005999400059994,0.002999700029997,"SORBI_3001G372500",0.56581,0.90595706344354,NA,NA
"PWY-5989","stearate biosynthesis II (bacteria and plants)",0.000999900009999,0.00493926510963361,"SORBI_3004G178100",0.004116,0.113839157804878,NA,NA
"PWY-5989","stearate biosynthesis II (bacteria and plants)",0.000999900009999,0.00493926510963361,"SORBI_3009G031400",0.0082706,0.16912173387485,NA,NA
"PWY-5989","stearate biosynthesis II (bacteria and plants)",0.000999900009999,0.00493926510963361,"SORBI_3004G293800",0.0093594,0.179202237464789,NA,NA
"PWY-5989","stearate biosynthesis II (bacteria and plants)",0.000999900009999,0.00493926510963361,"SORBI_3004G293900",0.013435,0.21802112124105,NA,NA
"PWY-5989","stearate biosynthesis II (bacteria and plants)",0.000999900009999,0.00493926510963361,"SORBI_3004G294000",0.020262,0.275405903961585,NA,NA
"PWY-5989","stearate biosynthesis II (bacteria and plants)",0.000999900009999,0.00493926510963361,"SORBI_3003G242000",0.034265,0.365081322145546,NA,NA
"PWY-5989","stearate biosynthesis II (bacteria and plants)",0.000999900009999,0.00493926510963361,"SORBI_3006G079500",0.067757,0.504494085708023,NA,NA
"PWY-5989","stearate biosynthesis II (bacteria and plants)",0.000999900009999,0.00493926510963361,"SORBI_3006G043700",0.076722,0.53336393246009,NA,NA
"PWY-5989","stearate biosynthesis II (bacteria and plants)",0.000999900009999,0.00493926510963361,"SORBI_3008G051300",0.085213,0.556942461227631,NA,NA
"PWY-5989","stearate biosynthesis II (bacteria and plants)",0.000999900009999,0.00493926510963361,"SORBI_3005G020300",0.08574,0.558024636903621,NA,NA
"PWY-5989","stearate biosynthesis II (bacteria and plants)",0.000999900009999,0.00493926510963361,"SORBI_3002G256800",0.093056,0.575309504270398,NA,NA
"PWY-5989","stearate biosynthesis II (bacteria and plants)",0.000999900009999,0.00493926510963361,"SORBI_3005G054900",0.20825,0.756772260376551,NA,NA
"PWY-5989","stearate biosynthesis II (bacteria and plants)",0.000999900009999,0.00493926510963361,"SORBI_3002G256900",0.23658,0.785711041259288,NA,NA
"PWY-5989","stearate biosynthesis II (bacteria and plants)",0.000999900009999,0.00493926510963361,"SORBI_3006G247200",0.25289,0.79454714312062,NA,NA
"PWY-5989","stearate biosynthesis II (bacteria and plants)",0.000999900009999,0.00493926510963361,"SORBI_3007G079600",0.26662,0.804100736729984,NA,NA
"PWY-5989","stearate biosynthesis II (bacteria and plants)",0.000999900009999,0.00493926510963361,"SORBI_3008G010800",0.29948,0.828075167195509,NA,NA
"PWY-5989","stearate biosynthesis II (bacteria and plants)",0.000999900009999,0.00493926510963361,"SORBI_3007G225200",0.31023,0.833105717334598,NA,NA
"PWY-5989","stearate biosynthesis II (bacteria and plants)",0.000999900009999,0.00493926510963361,"SORBI_3010G045400",0.3346,0.845768711929877,NA,NA
"PWY-5989","stearate biosynthesis II (bacteria and plants)",0.000999900009999,0.00493926510963361,"SORBI_3008G029200",0.37122,0.858576229318445,NA,NA
"PWY-5989","stearate biosynthesis II (bacteria and plants)",0.000999900009999,0.00493926510963361,"SORBI_3005G033100",0.38643,0.863698450861729,NA,NA
"PWY-5989","stearate biosynthesis II (bacteria and plants)",0.000999900009999,0.00493926510963361,"SORBI_3003G004900",0.38984,0.865413716750539,NA,NA
"PWY-5989","stearate biosynthesis II (bacteria and plants)",0.000999900009999,0.00493926510963361,"SORBI_3006G171900",0.41606,0.874632381482857,NA,NA
"PWY-5989","stearate biosynthesis II (bacteria and plants)",0.000999900009999,0.00493926510963361,"SORBI_3004G152800",0.48591,0.892526606276286,NA,NA
"PWY-5989","stearate biosynthesis II (bacteria and plants)",0.000999900009999,0.00493926510963361,"SORBI_3007G225300",0.49956,0.895333995568685,NA,NA
"PWY-5989","stearate biosynthesis II (bacteria and plants)",0.000999900009999,0.00493926510963361,"SORBI_3005G156100",0.50089,0.895437087170364,NA,NA
"PWY-5989","stearate biosynthesis II (bacteria and plants)",0.000999900009999,0.00493926510963361,"SORBI_3010G214900",0.50362,0.895437087170364,NA,NA
"PWY-5989","stearate biosynthesis II (bacteria and plants)",0.000999900009999,0.00493926510963361,"SORBI_3003G337500",0.5324,0.900632758928129,NA,NA
"PWY-5989","stearate biosynthesis II (bacteria and plants)",0.000999900009999,0.00493926510963361,"SORBI_3003G303900",0.55405,0.90338043319741,NA,NA
"PWY-5989","stearate biosynthesis II (bacteria and plants)",0.000999900009999,0.00493926510963361,"SORBI_3009G150900",0.57239,0.906300888868292,NA,NA
"PWY-5989","stearate biosynthesis II (bacteria and plants)",0.000999900009999,0.00493926510963361,"SORBI_3006G247300",0.58442,0.906458060992465,NA,NA
"PWY-5989","stearate biosynthesis II (bacteria and plants)",0.000999900009999,0.00493926510963361,"SORBI_3006G259300",0.60221,0.90732356747496,NA,NA
"PWY-5989","stearate biosynthesis II (bacteria and plants)",0.000999900009999,0.00493926510963361,"SORBI_3002G151000",0.61364,0.90887717886108,NA,NA
"PWY-5989","stearate biosynthesis II (bacteria and plants)",0.000999900009999,0.00493926510963361,"SORBI_3007G209800",0.63412,0.912008413699674,NA,NA
"PWY-5989","stearate biosynthesis II (bacteria and plants)",0.000999900009999,0.00493926510963361,"SORBI_3008G087300",0.66242,0.913694940374787,NA,NA
"PWY-5989","stearate biosynthesis II (bacteria and plants)",0.000999900009999,0.00493926510963361,"SORBI_3006G272600",0.68862,0.918435679685967,NA,NA
"PWY-5989","stearate biosynthesis II (bacteria and plants)",0.000999900009999,0.00493926510963361,"SORBI_3010G045500",0.75815,0.925196496222919,NA,NA
"PWY-5989","stearate biosynthesis II (bacteria and plants)",0.000999900009999,0.00493926510963361,"SORBI_3003G258200",0.85146,0.935682900533721,NA,NA
"PWY-5989","stearate biosynthesis II (bacteria and plants)",0.000999900009999,0.00493926510963361,"SORBI_3007G112100",0.91838,0.953409745407867,NA,NA
"CALVIN-PWY","Calvin-Benson-Bassham cycle",0.0013998600139986,0.0067522659498756,"SORBI_3002G051100",0.00063458,0.0298754563900415,NA,NA
"CALVIN-PWY","Calvin-Benson-Bassham cycle",0.0013998600139986,0.0067522659498756,"SORBI_3006G034300",0.0022951,0.0781138894789579,NA,NA
"CALVIN-PWY","Calvin-Benson-Bassham cycle",0.0013998600139986,0.0067522659498756,"SORBI_3001G236800",0.0091355,0.176812266951567,NA,NA
"CALVIN-PWY","Calvin-Benson-Bassham cycle",0.0013998600139986,0.0067522659498756,"SORBI_3004G272100",0.02466,0.307724548126378,NA,NA
"CALVIN-PWY","Calvin-Benson-Bassham cycle",0.0013998600139986,0.0067522659498756,"SORBI_3003G072300",0.055333,0.460330633847661,NA,NA
"CALVIN-PWY","Calvin-Benson-Bassham cycle",0.0013998600139986,0.0067522659498756,"SORBI_3009G183700",0.061363,0.483712467161754,NA,NA
"CALVIN-PWY","Calvin-Benson-Bassham cycle",0.0013998600139986,0.0067522659498756,"SORBI_3003G367500",0.067474,0.503996837837838,NA,NA
"CALVIN-PWY","Calvin-Benson-Bassham cycle",0.0013998600139986,0.0067522659498756,"SORBI_3009G062800",0.092483,0.574631143978102,NA,NA
"CALVIN-PWY","Calvin-Benson-Bassham cycle",0.0013998600139986,0.0067522659498756,"SORBI_3005G042000",0.17571,0.721598545520493,NA,NA
"CALVIN-PWY","Calvin-Benson-Bassham cycle",0.0013998600139986,0.0067522659498756,"SORBI_3008G053200",0.18855,0.736231503621106,NA,NA
"CALVIN-PWY","Calvin-Benson-Bassham cycle",0.0013998600139986,0.0067522659498756,"SORBI_3001G069000",0.21943,0.769397911725276,NA,NA
"CALVIN-PWY","Calvin-Benson-Bassham cycle",0.0013998600139986,0.0067522659498756,"SORBI_3008G135701",0.29568,0.826658679152292,NA,NA
"CALVIN-PWY","Calvin-Benson-Bassham cycle",0.0013998600139986,0.0067522659498756,"SORBI_3009G152700",0.30356,0.830626187871964,NA,NA
"CALVIN-PWY","Calvin-Benson-Bassham cycle",0.0013998600139986,0.0067522659498756,"SORBI_3003G359100",0.35932,0.854441109400154,NA,NA
"CALVIN-PWY","Calvin-Benson-Bassham cycle",0.0013998600139986,0.0067522659498756,"SORBI_3004G146000",0.40051,0.870629901446307,NA,NA
"CALVIN-PWY","Calvin-Benson-Bassham cycle",0.0013998600139986,0.0067522659498756,"SORBI_3002G257300",0.40388,0.871407082910107,NA,NA
"CALVIN-PWY","Calvin-Benson-Bassham cycle",0.0013998600139986,0.0067522659498756,"SORBI_3007G078400",0.45431,0.885913390469661,NA,NA
"CALVIN-PWY","Calvin-Benson-Bassham cycle",0.0013998600139986,0.0067522659498756,"SORBI_3007G080150",0.47856,0.891684888317092,NA,NA
"CALVIN-PWY","Calvin-Benson-Bassham cycle",0.0013998600139986,0.0067522659498756,"SORBI_3006G200800",0.52227,0.899662297982358,NA,NA
"CALVIN-PWY","Calvin-Benson-Bassham cycle",0.0013998600139986,0.0067522659498756,"SORBI_3010G188300",0.53703,0.901275175529551,NA,NA
"CALVIN-PWY","Calvin-Benson-Bassham cycle",0.0013998600139986,0.0067522659498756,"SORBI_3002G277100",0.5519,0.903305417147251,NA,NA
"CALVIN-PWY","Calvin-Benson-Bassham cycle",0.0013998600139986,0.0067522659498756,"SORBI_3001G425400",0.57391,0.906300888868292,NA,NA
"CALVIN-PWY","Calvin-Benson-Bassham cycle",0.0013998600139986,0.0067522659498756,"SORBI_3003G393900",0.59231,0.906458060992465,NA,NA
"CALVIN-PWY","Calvin-Benson-Bassham cycle",0.0013998600139986,0.0067522659498756,"SORBI_3005G194400",0.60223,0.90732356747496,NA,NA
"CALVIN-PWY","Calvin-Benson-Bassham cycle",0.0013998600139986,0.0067522659498756,"SORBI_3004G055200",0.60467,0.90732356747496,NA,NA
"CALVIN-PWY","Calvin-Benson-Bassham cycle",0.0013998600139986,0.0067522659498756,"SORBI_3010G219700",0.64916,0.912821848343193,NA,NA
"CALVIN-PWY","Calvin-Benson-Bassham cycle",0.0013998600139986,0.0067522659498756,"SORBI_3003G096000",0.66015,0.913694940374787,NA,NA
"CALVIN-PWY","Calvin-Benson-Bassham cycle",0.0013998600139986,0.0067522659498756,"SORBI_3010G024000",0.67261,0.915471822989703,NA,NA
"CALVIN-PWY","Calvin-Benson-Bassham cycle",0.0013998600139986,0.0067522659498756,"SORBI_3010G221800",0.68791,0.918435679685967,NA,NA
"CALVIN-PWY","Calvin-Benson-Bassham cycle",0.0013998600139986,0.0067522659498756,"SORBI_3010G023700",0.68846,0.918435679685967,NA,NA
"CALVIN-PWY","Calvin-Benson-Bassham cycle",0.0013998600139986,0.0067522659498756,"SORBI_3005G033000",0.7111,0.920429839334549,NA,NA
"CALVIN-PWY","Calvin-Benson-Bassham cycle",0.0013998600139986,0.0067522659498756,"SORBI_3003G172800",0.76426,0.925196496222919,NA,NA
"CALVIN-PWY","Calvin-Benson-Bassham cycle",0.0013998600139986,0.0067522659498756,"SORBI_3001G519800",0.79795,0.929681352453399,NA,NA
"CALVIN-PWY","Calvin-Benson-Bassham cycle",0.0013998600139986,0.0067522659498756,"SORBI_3003G182400",0.8034,0.93054523644163,NA,NA
"CALVIN-PWY","Calvin-Benson-Bassham cycle",0.0013998600139986,0.0067522659498756,"SORBI_3003G352300",0.83862,0.934109190853698,NA,NA
"CALVIN-PWY","Calvin-Benson-Bassham cycle",0.0013998600139986,0.0067522659498756,"SORBI_3006G105900",0.8454,0.9351433222613,NA,NA
"CALVIN-PWY","Calvin-Benson-Bassham cycle",0.0013998600139986,0.0067522659498756,"SORBI_3005G056400",0.90843,0.949581222034159,NA,NA
"CALVIN-PWY","Calvin-Benson-Bassham cycle",0.0013998600139986,0.0067522659498756,"SORBI_3001G491000",0.9126,0.951188566694283,NA,NA
"PWY-5987","sorgoleone biosynthesis",0.0013998600139986,0.0067522659498756,"SORBI_3004G175800",0.0039837,0.111737686127168,NA,NA
"PWY-5987","sorgoleone biosynthesis",0.0013998600139986,0.0067522659498756,"SORBI_3004G179000",0.0084207,0.170965879796772,NA,NA
"PWY-5987","sorgoleone biosynthesis",0.0013998600139986,0.0067522659498756,"SORBI_3005G164200",0.020257,0.275405903961585,NA,NA
"PWY-5987","sorgoleone biosynthesis",0.0013998600139986,0.0067522659498756,"SORBI_3005G164300",0.031927,0.352786079700716,NA,NA
"PWY-5987","sorgoleone biosynthesis",0.0013998600139986,0.0067522659498756,"SORBI_3004G260800",0.060877,0.481333579841713,NA,NA
"PWY-5987","sorgoleone biosynthesis",0.0013998600139986,0.0067522659498756,"SORBI_3004G260600",0.0735,0.522733354271357,NA,NA
"PWY-5987","sorgoleone biosynthesis",0.0013998600139986,0.0067522659498756,"SORBI_3002G063800",0.14791,0.680581685621446,NA,NA
"PWY-5987","sorgoleone biosynthesis",0.0013998600139986,0.0067522659498756,"SORBI_3002G310400",0.19548,0.742382508944544,NA,NA
"PWY-5987","sorgoleone biosynthesis",0.0013998600139986,0.0067522659498756,"SORBI_3002G045000",0.20942,0.757728159515718,NA,NA
"PWY-5987","sorgoleone biosynthesis",0.0013998600139986,0.0067522659498756,"SORBI_3008G003200",0.23945,0.786976115142719,NA,NA
"PWY-5987","sorgoleone biosynthesis",0.0013998600139986,0.0067522659498756,"SORBI_3002G310500",0.24949,0.791728944962687,NA,NA
"PWY-5987","sorgoleone biosynthesis",0.0013998600139986,0.0067522659498756,"SORBI_3005G134400",0.26621,0.804066824,NA,NA
"PWY-5987","sorgoleone biosynthesis",0.0013998600139986,0.0067522659498756,"SORBI_3005G134700",0.27089,0.808630083472454,NA,NA
"PWY-5987","sorgoleone biosynthesis",0.0013998600139986,0.0067522659498756,"SORBI_3005G002800",0.35536,0.854041160240538,NA,NA
"PWY-5987","sorgoleone biosynthesis",0.0013998600139986,0.0067522659498756,"SORBI_3009G037200",0.47999,0.891821774643267,NA,NA
"PWY-5987","sorgoleone biosynthesis",0.0013998600139986,0.0067522659498756,"SORBI_3005G002700",0.48163,0.892059077199477,NA,NA
"PWY-5987","sorgoleone biosynthesis",0.0013998600139986,0.0067522659498756,"SORBI_3008G036800",0.51223,0.896805134271429,NA,NA
"PWY-5987","sorgoleone biosynthesis",0.0013998600139986,0.0067522659498756,"SORBI_3007G170400",0.52445,0.900133217044479,NA,NA
"PWY-5987","sorgoleone biosynthesis",0.0013998600139986,0.0067522659498756,"SORBI_3009G037300",0.53841,0.901283846343387,NA,NA
"PWY-5987","sorgoleone biosynthesis",0.0013998600139986,0.0067522659498756,"SORBI_3005G134900",0.71787,0.921312531731641,NA,NA
"PWY-5987","sorgoleone biosynthesis",0.0013998600139986,0.0067522659498756,"SORBI_3008G002800",0.73398,0.924376632107147,NA,NA
"PWY-5987","sorgoleone biosynthesis",0.0013998600139986,0.0067522659498756,"SORBI_3005G135800",0.90778,0.94939846234374,NA,NA
"THIOREDOX-PWY","thioredoxin pathway",0.0020997900209979,0.0100106268442923,"SORBI_3004G262300",0.0013704,0.0530163744874715,NA,NA
"THIOREDOX-PWY","thioredoxin pathway",0.0020997900209979,0.0100106268442923,"SORBI_3006G054600",0.0096403,0.18212017246941,NA,NA
"THIOREDOX-PWY","thioredoxin pathway",0.0020997900209979,0.0100106268442923,"SORBI_3001G010900",0.011252,0.198220072058061,NA,NA
"THIOREDOX-PWY","thioredoxin pathway",0.0020997900209979,0.0100106268442923,"SORBI_3007G162300",0.051443,0.446411037282942,NA,NA
"THIOREDOX-PWY","thioredoxin pathway",0.0020997900209979,0.0100106268442923,"SORBI_3004G156900",0.15883,0.697069545219638,NA,NA
"THIOREDOX-PWY","thioredoxin pathway",0.0020997900209979,0.0100106268442923,"SORBI_3002G401800",0.18967,0.737117315259666,NA,NA
"THIOREDOX-PWY","thioredoxin pathway",0.0020997900209979,0.0100106268442923,"SORBI_3003G163500",0.23339,0.782041839794811,NA,NA
"THIOREDOX-PWY","thioredoxin pathway",0.0020997900209979,0.0100106268442923,"SORBI_3004G300900",0.23401,0.782806546188694,NA,NA
"THIOREDOX-PWY","thioredoxin pathway",0.0020997900209979,0.0100106268442923,"SORBI_3004G216600",0.30463,0.83066733974359,NA,NA
"THIOREDOX-PWY","thioredoxin pathway",0.0020997900209979,0.0100106268442923,"SORBI_3002G035000",0.33654,0.846010840603283,NA,NA
"THIOREDOX-PWY","thioredoxin pathway",0.0020997900209979,0.0100106268442923,"SORBI_3005G154000",0.34354,0.849051483636364,NA,NA
"THIOREDOX-PWY","thioredoxin pathway",0.0020997900209979,0.0100106268442923,"SORBI_3002G039100",0.53348,0.900632758928129,NA,NA
"THIOREDOX-PWY","thioredoxin pathway",0.0020997900209979,0.0100106268442923,"SORBI_3006G141700",0.57379,0.906300888868292,NA,NA
"THIOREDOX-PWY","thioredoxin pathway",0.0020997900209979,0.0100106268442923,"SORBI_3009G073000",0.57477,0.906300888868292,NA,NA
"THIOREDOX-PWY","thioredoxin pathway",0.0020997900209979,0.0100106268442923,"SORBI_3010G216200",0.59574,0.906458060992465,NA,NA
"THIOREDOX-PWY","thioredoxin pathway",0.0020997900209979,0.0100106268442923,"SORBI_3003G163700",0.62622,0.91103322491261,NA,NA
"THIOREDOX-PWY","thioredoxin pathway",0.0020997900209979,0.0100106268442923,"SORBI_3008G117800",0.77279,0.92668937451547,NA,NA
"THIOREDOX-PWY","thioredoxin pathway",0.0020997900209979,0.0100106268442923,"SORBI_3010G135000",0.79338,0.928626411440386,NA,NA
"THIOREDOX-PWY","thioredoxin pathway",0.0020997900209979,0.0100106268442923,"SORBI_3001G197600",0.81066,0.931604895812191,NA,NA
"THIOREDOX-PWY","thioredoxin pathway",0.0020997900209979,0.0100106268442923,"SORBI_3003G418500",0.81069,0.931604895812191,NA,NA
"PWY-2541","phytosterol biosynthesis (plants)",0.0024997500249975,0.0117804311522871,"SORBI_3009G178000",0.00066254,0.0308280769589041,NA,NA
"PWY-2541","phytosterol biosynthesis (plants)",0.0024997500249975,0.0117804311522871,"SORBI_3001G349200",0.0042072,0.115217048550725,NA,NA
"PWY-2541","phytosterol biosynthesis (plants)",0.0024997500249975,0.0117804311522871,"SORBI_3005G048700",0.023061,0.29614857731569,NA,NA
"PWY-2541","phytosterol biosynthesis (plants)",0.0024997500249975,0.0117804311522871,"SORBI_3001G519400",0.032112,0.353587111183144,NA,NA
"PWY-2541","phytosterol biosynthesis (plants)",0.0024997500249975,0.0117804311522871,"SORBI_3001G343601",0.035494,0.371304187865722,NA,NA
"PWY-2541","phytosterol biosynthesis (plants)",0.0024997500249975,0.0117804311522871,"SORBI_3009G025700",0.049278,0.43773773354232,NA,NA
"PWY-2541","phytosterol biosynthesis (plants)",0.0024997500249975,0.0117804311522871,"SORBI_3009G031100",0.22749,0.775814319526627,NA,NA
"PWY-2541","phytosterol biosynthesis (plants)",0.0024997500249975,0.0117804311522871,"SORBI_3001G343400",0.26961,0.807756942338212,NA,NA
"PWY-2541","phytosterol biosynthesis (plants)",0.0024997500249975,0.0117804311522871,"SORBI_3001G386700",0.29339,0.825230219389022,NA,NA
"PWY-2541","phytosterol biosynthesis (plants)",0.0024997500249975,0.0117804311522871,"SORBI_3003G106600",0.31056,0.83336485669167,NA,NA
"PWY-2541","phytosterol biosynthesis (plants)",0.0024997500249975,0.0117804311522871,"SORBI_3004G261300",0.33101,0.843594761619639,NA,NA
"PWY-2541","phytosterol biosynthesis (plants)",0.0024997500249975,0.0117804311522871,"SORBI_3003G106800",0.40574,0.87186620170724,NA,NA
"PWY-2541","phytosterol biosynthesis (plants)",0.0024997500249975,0.0117804311522871,"SORBI_3001G343300",0.41263,0.873651251631347,NA,NA
"PWY-2541","phytosterol biosynthesis (plants)",0.0024997500249975,0.0117804311522871,"SORBI_3003G166500",0.44063,0.88144164958775,NA,NA
"PWY-2541","phytosterol biosynthesis (plants)",0.0024997500249975,0.0117804311522871,"SORBI_3001G513600",0.47711,0.891556683900776,NA,NA
"PWY-2541","phytosterol biosynthesis (plants)",0.0024997500249975,0.0117804311522871,"SORBI_3007G137300",0.49895,0.895244111650998,NA,NA
"PWY-2541","phytosterol biosynthesis (plants)",0.0024997500249975,0.0117804311522871,"SORBI_3001G343832",0.51578,0.89788952339466,NA,NA
"PWY-2541","phytosterol biosynthesis (plants)",0.0024997500249975,0.0117804311522871,"SORBI_3003G106400",0.54547,0.902535181309321,NA,NA
"PWY-2541","phytosterol biosynthesis (plants)",0.0024997500249975,0.0117804311522871,"SORBI_3001G343100",0.57573,0.906300888868292,NA,NA
"PWY-2541","phytosterol biosynthesis (plants)",0.0024997500249975,0.0117804311522871,"SORBI_3001G350200",0.59429,0.906458060992465,NA,NA
"PWY-2541","phytosterol biosynthesis (plants)",0.0024997500249975,0.0117804311522871,"SORBI_3001G343500",0.64252,0.912458823504845,NA,NA
"PWY-2541","phytosterol biosynthesis (plants)",0.0024997500249975,0.0117804311522871,"SORBI_3003G106300",0.64695,0.912759378364947,NA,NA
"PWY-2541","phytosterol biosynthesis (plants)",0.0024997500249975,0.0117804311522871,"SORBI_3002G264300",0.65804,0.913506754396703,NA,NA
"PWY-2541","phytosterol biosynthesis (plants)",0.0024997500249975,0.0117804311522871,"SORBI_3003G107400",0.71588,0.92125676852097,NA,NA
"PWY-2541","phytosterol biosynthesis (plants)",0.0024997500249975,0.0117804311522871,"SORBI_3003G107600",0.73711,0.924376632107147,NA,NA
"PWY-2541","phytosterol biosynthesis (plants)",0.0024997500249975,0.0117804311522871,"SORBI_3001G343000",0.808,0.931066416098735,NA,NA
"PWY-2541","phytosterol biosynthesis (plants)",0.0024997500249975,0.0117804311522871,"SORBI_3003G083300",0.90563,0.948347079261337,NA,NA
"PWY-5971","palmitate biosynthesis II (bacteria and plants)",0.0033996600339966,0.0158393251583933,"SORBI_3004G178100",0.004116,0.113839157804878,NA,NA
"PWY-5971","palmitate biosynthesis II (bacteria and plants)",0.0033996600339966,0.0158393251583933,"SORBI_3009G031400",0.0082706,0.16912173387485,NA,NA
"PWY-5971","palmitate biosynthesis II (bacteria and plants)",0.0033996600339966,0.0158393251583933,"SORBI_3004G293800",0.0093594,0.179202237464789,NA,NA
"PWY-5971","palmitate biosynthesis II (bacteria and plants)",0.0033996600339966,0.0158393251583933,"SORBI_3004G293900",0.013435,0.21802112124105,NA,NA
"PWY-5971","palmitate biosynthesis II (bacteria and plants)",0.0033996600339966,0.0158393251583933,"SORBI_3004G294000",0.020262,0.275405903961585,NA,NA
"PWY-5971","palmitate biosynthesis II (bacteria and plants)",0.0033996600339966,0.0158393251583933,"SORBI_3003G242000",0.034265,0.365081322145546,NA,NA
"PWY-5971","palmitate biosynthesis II (bacteria and plants)",0.0033996600339966,0.0158393251583933,"SORBI_3006G079500",0.067757,0.504494085708023,NA,NA
"PWY-5971","palmitate biosynthesis II (bacteria and plants)",0.0033996600339966,0.0158393251583933,"SORBI_3006G043700",0.076722,0.53336393246009,NA,NA
"PWY-5971","palmitate biosynthesis II (bacteria and plants)",0.0033996600339966,0.0158393251583933,"SORBI_3008G051300",0.085213,0.556942461227631,NA,NA
"PWY-5971","palmitate biosynthesis II (bacteria and plants)",0.0033996600339966,0.0158393251583933,"SORBI_3005G020300",0.08574,0.558024636903621,NA,NA
"PWY-5971","palmitate biosynthesis II (bacteria and plants)",0.0033996600339966,0.0158393251583933,"SORBI_3002G256800",0.093056,0.575309504270398,NA,NA
"PWY-5971","palmitate biosynthesis II (bacteria and plants)",0.0033996600339966,0.0158393251583933,"SORBI_3005G054900",0.20825,0.756772260376551,NA,NA
"PWY-5971","palmitate biosynthesis II (bacteria and plants)",0.0033996600339966,0.0158393251583933,"SORBI_3002G256900",0.23658,0.785711041259288,NA,NA
"PWY-5971","palmitate biosynthesis II (bacteria and plants)",0.0033996600339966,0.0158393251583933,"SORBI_3006G247200",0.25289,0.79454714312062,NA,NA
"PWY-5971","palmitate biosynthesis II (bacteria and plants)",0.0033996600339966,0.0158393251583933,"SORBI_3010G073500",0.25518,0.79587754175078,NA,NA
"PWY-5971","palmitate biosynthesis II (bacteria and plants)",0.0033996600339966,0.0158393251583933,"SORBI_3007G079600",0.26662,0.804100736729984,NA,NA
"PWY-5971","palmitate biosynthesis II (bacteria and plants)",0.0033996600339966,0.0158393251583933,"SORBI_3008G010800",0.29948,0.828075167195509,NA,NA
"PWY-5971","palmitate biosynthesis II (bacteria and plants)",0.0033996600339966,0.0158393251583933,"SORBI_3002G401301",0.30225,0.830118332255457,NA,NA
"PWY-5971","palmitate biosynthesis II (bacteria and plants)",0.0033996600339966,0.0158393251583933,"SORBI_3007G225200",0.31023,0.833105717334598,NA,NA
"PWY-5971","palmitate biosynthesis II (bacteria and plants)",0.0033996600339966,0.0158393251583933,"SORBI_3001G397500",0.31686,0.837338335407592,NA,NA
"PWY-5971","palmitate biosynthesis II (bacteria and plants)",0.0033996600339966,0.0158393251583933,"SORBI_3010G045400",0.3346,0.845768711929877,NA,NA
"PWY-5971","palmitate biosynthesis II (bacteria and plants)",0.0033996600339966,0.0158393251583933,"SORBI_3008G029200",0.37122,0.858576229318445,NA,NA
"PWY-5971","palmitate biosynthesis II (bacteria and plants)",0.0033996600339966,0.0158393251583933,"SORBI_3005G033100",0.38643,0.863698450861729,NA,NA
"PWY-5971","palmitate biosynthesis II (bacteria and plants)",0.0033996600339966,0.0158393251583933,"SORBI_3001G397400",0.38792,0.863918085496984,NA,NA
"PWY-5971","palmitate biosynthesis II (bacteria and plants)",0.0033996600339966,0.0158393251583933,"SORBI_3003G004900",0.38984,0.865413716750539,NA,NA
"PWY-5971","palmitate biosynthesis II (bacteria and plants)",0.0033996600339966,0.0158393251583933,"SORBI_3006G171900",0.41606,0.874632381482857,NA,NA
"PWY-5971","palmitate biosynthesis II (bacteria and plants)",0.0033996600339966,0.0158393251583933,"SORBI_3004G152800",0.48591,0.892526606276286,NA,NA
"PWY-5971","palmitate biosynthesis II (bacteria and plants)",0.0033996600339966,0.0158393251583933,"SORBI_3007G225300",0.49956,0.895333995568685,NA,NA
"PWY-5971","palmitate biosynthesis II (bacteria and plants)",0.0033996600339966,0.0158393251583933,"SORBI_3005G156100",0.50089,0.895437087170364,NA,NA
"PWY-5971","palmitate biosynthesis II (bacteria and plants)",0.0033996600339966,0.0158393251583933,"SORBI_3010G214900",0.50362,0.895437087170364,NA,NA
"PWY-5971","palmitate biosynthesis II (bacteria and plants)",0.0033996600339966,0.0158393251583933,"SORBI_3003G337500",0.5324,0.900632758928129,NA,NA
"PWY-5971","palmitate biosynthesis II (bacteria and plants)",0.0033996600339966,0.0158393251583933,"SORBI_3003G303900",0.55405,0.90338043319741,NA,NA
"PWY-5971","palmitate biosynthesis II (bacteria and plants)",0.0033996600339966,0.0158393251583933,"SORBI_3009G150900",0.57239,0.906300888868292,NA,NA
"PWY-5971","palmitate biosynthesis II (bacteria and plants)",0.0033996600339966,0.0158393251583933,"SORBI_3006G247300",0.58442,0.906458060992465,NA,NA
"PWY-5971","palmitate biosynthesis II (bacteria and plants)",0.0033996600339966,0.0158393251583933,"SORBI_3004G080200",0.59859,0.906473113409415,NA,NA
"PWY-5971","palmitate biosynthesis II (bacteria and plants)",0.0033996600339966,0.0158393251583933,"SORBI_3006G259300",0.60221,0.90732356747496,NA,NA
"PWY-5971","palmitate biosynthesis II (bacteria and plants)",0.0033996600339966,0.0158393251583933,"SORBI_3002G151000",0.61364,0.90887717886108,NA,NA
"PWY-5971","palmitate biosynthesis II (bacteria and plants)",0.0033996600339966,0.0158393251583933,"SORBI_3007G209800",0.63412,0.912008413699674,NA,NA
"PWY-5971","palmitate biosynthesis II (bacteria and plants)",0.0033996600339966,0.0158393251583933,"SORBI_3008G087300",0.66242,0.913694940374787,NA,NA
"PWY-5971","palmitate biosynthesis II (bacteria and plants)",0.0033996600339966,0.0158393251583933,"SORBI_3006G272600",0.68862,0.918435679685967,NA,NA
"PWY-5971","palmitate biosynthesis II (bacteria and plants)",0.0033996600339966,0.0158393251583933,"SORBI_3010G045500",0.75815,0.925196496222919,NA,NA
"PWY-5971","palmitate biosynthesis II (bacteria and plants)",0.0033996600339966,0.0158393251583933,"SORBI_3003G258200",0.85146,0.935682900533721,NA,NA
"PWY-5971","palmitate biosynthesis II (bacteria and plants)",0.0033996600339966,0.0158393251583933,"SORBI_3007G112100",0.91838,0.953409745407867,NA,NA
"LIPAS-PWY","triacylglycerol degradation",0.0036996300369963,0.0170432394962751,"SORBI_3009G200100",0.0027242,0.0880427225499524,NA,NA
"LIPAS-PWY","triacylglycerol degradation",0.0036996300369963,0.0170432394962751,"SORBI_3003G146900",0.003137,0.0965067826558266,NA,NA
"LIPAS-PWY","triacylglycerol degradation",0.0036996300369963,0.0170432394962751,"SORBI_3003G341900",0.0038197,0.109120058788898,NA,NA
"LIPAS-PWY","triacylglycerol degradation",0.0036996300369963,0.0170432394962751,"SORBI_3001G041900",0.0064286,0.1455961488,NA,NA
"LIPAS-PWY","triacylglycerol degradation",0.0036996300369963,0.0170432394962751,"SORBI_3003G239200",0.0083956,0.170660290365051,NA,NA
"LIPAS-PWY","triacylglycerol degradation",0.0036996300369963,0.0170432394962751,"SORBI_3002G372200",0.014227,0.226345905854801,NA,NA
"LIPAS-PWY","triacylglycerol degradation",0.0036996300369963,0.0170432394962751,"SORBI_3007G014100",0.02159,0.285724745036979,NA,NA
"LIPAS-PWY","triacylglycerol degradation",0.0036996300369963,0.0170432394962751,"SORBI_3006G037500",0.023534,0.29961745802099,NA,NA
"LIPAS-PWY","triacylglycerol degradation",0.0036996300369963,0.0170432394962751,"SORBI_3009G168500",0.034674,0.366678629514321,NA,NA
"LIPAS-PWY","triacylglycerol degradation",0.0036996300369963,0.0170432394962751,"SORBI_3001G135600",0.039183,0.392372924823113,NA,NA
"LIPAS-PWY","triacylglycerol degradation",0.0036996300369963,0.0170432394962751,"SORBI_3001G295700",0.039443,0.393584130728555,NA,NA
"LIPAS-PWY","triacylglycerol degradation",0.0036996300369963,0.0170432394962751,"SORBI_3001G182600",0.04195,0.404346098183882,NA,NA
"LIPAS-PWY","triacylglycerol degradation",0.0036996300369963,0.0170432394962751,"SORBI_3004G260400",0.043542,0.411402257023644,NA,NA
"LIPAS-PWY","triacylglycerol degradation",0.0036996300369963,0.0170432394962751,"SORBI_3002G113700",0.044727,0.417833335808581,NA,NA
"LIPAS-PWY","triacylglycerol degradation",0.0036996300369963,0.0170432394962751,"SORBI_3001G269200",0.047611,0.430909362376765,NA,NA
"LIPAS-PWY","triacylglycerol degradation",0.0036996300369963,0.0170432394962751,"SORBI_3007G162200",0.052089,0.448379894323365,NA,NA
"LIPAS-PWY","triacylglycerol degradation",0.0036996300369963,0.0170432394962751,"SORBI_3004G319300",0.052245,0.448757647876643,NA,NA
"LIPAS-PWY","triacylglycerol degradation",0.0036996300369963,0.0170432394962751,"SORBI_3010G001700",0.074793,0.527319023414836,NA,NA
"LIPAS-PWY","triacylglycerol degradation",0.0036996300369963,0.0170432394962751,"SORBI_3001G117000",0.091978,0.574193347666299,NA,NA
"LIPAS-PWY","triacylglycerol degradation",0.0036996300369963,0.0170432394962751,"SORBI_3004G080600",0.11236,0.619868786746792,NA,NA
"LIPAS-PWY","triacylglycerol degradation",0.0036996300369963,0.0170432394962751,"SORBI_3003G295100",0.11285,0.620857782636864,NA,NA
"LIPAS-PWY","triacylglycerol degradation",0.0036996300369963,0.0170432394962751,"SORBI_3007G187000",0.11622,0.627170227128335,NA,NA
"LIPAS-PWY","triacylglycerol degradation",0.0036996300369963,0.0170432394962751,"SORBI_3010G037600",0.11733,0.628702967345007,NA,NA
"LIPAS-PWY","triacylglycerol degradation",0.0036996300369963,0.0170432394962751,"SORBI_3004G146600",0.13538,0.663751161783807,NA,NA
"LIPAS-PWY","triacylglycerol degradation",0.0036996300369963,0.0170432394962751,"SORBI_3010G038500",0.13841,0.669044040130924,NA,NA
"LIPAS-PWY","triacylglycerol degradation",0.0036996300369963,0.0170432394962751,"SORBI_3006G118800",0.14718,0.680216746365983,NA,NA
"LIPAS-PWY","triacylglycerol degradation",0.0036996300369963,0.0170432394962751,"SORBI_3006G248100",0.16229,0.703484485706993,NA,NA
"LIPAS-PWY","triacylglycerol degradation",0.0036996300369963,0.0170432394962751,"SORBI_3002G192700",0.17988,0.72599619296578,NA,NA
"LIPAS-PWY","triacylglycerol degradation",0.0036996300369963,0.0170432394962751,"SORBI_3008G133200",0.18636,0.733839878359592,NA,NA
"LIPAS-PWY","triacylglycerol degradation",0.0036996300369963,0.0170432394962751,"SORBI_3001G261484",0.20227,0.749978025081788,NA,NA
"LIPAS-PWY","triacylglycerol degradation",0.0036996300369963,0.0170432394962751,"SORBI_3001G484000",0.21658,0.766095847210658,NA,NA
"LIPAS-PWY","triacylglycerol degradation",0.0036996300369963,0.0170432394962751,"SORBI_3010G189000",0.21892,0.768505130219099,NA,NA
"LIPAS-PWY","triacylglycerol degradation",0.0036996300369963,0.0170432394962751,"SORBI_3001G484100",0.22946,0.777230536497806,NA,NA
"LIPAS-PWY","triacylglycerol degradation",0.0036996300369963,0.0170432394962751,"SORBI_3010G081100",0.23929,0.786976115142719,NA,NA
"LIPAS-PWY","triacylglycerol degradation",0.0036996300369963,0.0170432394962751,"SORBI_3001G394000",0.24964,0.791728944962687,NA,NA
"LIPAS-PWY","triacylglycerol degradation",0.0036996300369963,0.0170432394962751,"SORBI_3004G266700",0.26163,0.801263427698391,NA,NA
"LIPAS-PWY","triacylglycerol degradation",0.0036996300369963,0.0170432394962751,"SORBI_3008G125200",0.2678,0.805832397909469,NA,NA
"LIPAS-PWY","triacylglycerol degradation",0.0036996300369963,0.0170432394962751,"SORBI_3004G130500",0.2708,0.808496405027687,NA,NA
"LIPAS-PWY","triacylglycerol degradation",0.0036996300369963,0.0170432394962751,"SORBI_3001G275400",0.27719,0.813494391845197,NA,NA
"LIPAS-PWY","triacylglycerol degradation",0.0036996300369963,0.0170432394962751,"SORBI_3001G228100",0.29328,0.825230219389022,NA,NA
"LIPAS-PWY","triacylglycerol degradation",0.0036996300369963,0.0170432394962751,"SORBI_3001G238800",0.31689,0.837338335407592,NA,NA
"LIPAS-PWY","triacylglycerol degradation",0.0036996300369963,0.0170432394962751,"SORBI_3006G128100",0.32263,0.84078358216971,NA,NA
"LIPAS-PWY","triacylglycerol degradation",0.0036996300369963,0.0170432394962751,"SORBI_3009G048100",0.32316,0.840852682516627,NA,NA
"LIPAS-PWY","triacylglycerol degradation",0.0036996300369963,0.0170432394962751,"SORBI_3001G182500",0.32439,0.840885311165345,NA,NA
"LIPAS-PWY","triacylglycerol degradation",0.0036996300369963,0.0170432394962751,"SORBI_3002G033100",0.33852,0.84656445980731,NA,NA
"LIPAS-PWY","triacylglycerol degradation",0.0036996300369963,0.0170432394962751,"SORBI_3002G194000",0.33873,0.84656445980731,NA,NA
"LIPAS-PWY","triacylglycerol degradation",0.0036996300369963,0.0170432394962751,"SORBI_3004G072900",0.34183,0.848592141657539,NA,NA
"LIPAS-PWY","triacylglycerol degradation",0.0036996300369963,0.0170432394962751,"SORBI_3010G168700",0.34246,0.848642213467571,NA,NA
"LIPAS-PWY","triacylglycerol degradation",0.0036996300369963,0.0170432394962751,"SORBI_3010G200000",0.34762,0.850349143741898,NA,NA
"LIPAS-PWY","triacylglycerol degradation",0.0036996300369963,0.0170432394962751,"SORBI_3003G283400",0.35186,0.852287571846253,NA,NA
"LIPAS-PWY","triacylglycerol degradation",0.0036996300369963,0.0170432394962751,"SORBI_3004G248500",0.35529,0.854041160240538,NA,NA
"LIPAS-PWY","triacylglycerol degradation",0.0036996300369963,0.0170432394962751,"SORBI_3002G379800",0.36205,0.856329806420166,NA,NA
"LIPAS-PWY","triacylglycerol degradation",0.0036996300369963,0.0170432394962751,"SORBI_3002G033000",0.38187,0.861801760015946,NA,NA
"LIPAS-PWY","triacylglycerol degradation",0.0036996300369963,0.0170432394962751,"SORBI_3005G111400",0.41035,0.873023808092196,NA,NA
"LIPAS-PWY","triacylglycerol degradation",0.0036996300369963,0.0170432394962751,"SORBI_3001G182200",0.42056,0.875945019312121,NA,NA
"LIPAS-PWY","triacylglycerol degradation",0.0036996300369963,0.0170432394962751,"SORBI_3001G024200",0.42077,0.875955992523135,NA,NA
"LIPAS-PWY","triacylglycerol degradation",0.0036996300369963,0.0170432394962751,"SORBI_3006G178300",0.43178,0.878871700023969,NA,NA
"LIPAS-PWY","triacylglycerol degradation",0.0036996300369963,0.0170432394962751,"SORBI_3004G297600",0.46695,0.889481287572903,NA,NA
"LIPAS-PWY","triacylglycerol degradation",0.0036996300369963,0.0170432394962751,"SORBI_3002G156700",0.48149,0.892059077199477,NA,NA
"LIPAS-PWY","triacylglycerol degradation",0.0036996300369963,0.0170432394962751,"SORBI_3008G170100",0.48691,0.892526606276286,NA,NA
"LIPAS-PWY","triacylglycerol degradation",0.0036996300369963,0.0170432394962751,"SORBI_3002G139100",0.51331,0.897066425374286,NA,NA
"LIPAS-PWY","triacylglycerol degradation",0.0036996300369963,0.0170432394962751,"SORBI_3006G178200",0.52229,0.899662297982358,NA,NA
"LIPAS-PWY","triacylglycerol degradation",0.0036996300369963,0.0170432394962751,"SORBI_3003G274700",0.53428,0.900632758928129,NA,NA
"LIPAS-PWY","triacylglycerol degradation",0.0036996300369963,0.0170432394962751,"SORBI_3008G077800",0.55761,0.903874219868308,NA,NA
"LIPAS-PWY","triacylglycerol degradation",0.0036996300369963,0.0170432394962751,"SORBI_3004G286800",0.55802,0.903964396933479,NA,NA
"LIPAS-PWY","triacylglycerol degradation",0.0036996300369963,0.0170432394962751,"SORBI_3004G001200",0.55843,0.903964396933479,NA,NA
"LIPAS-PWY","triacylglycerol degradation",0.0036996300369963,0.0170432394962751,"SORBI_3004G072400",0.56193,0.905362408101314,NA,NA
"LIPAS-PWY","triacylglycerol degradation",0.0036996300369963,0.0170432394962751,"SORBI_3003G304200",0.56431,0.90595706344354,NA,NA
"LIPAS-PWY","triacylglycerol degradation",0.0036996300369963,0.0170432394962751,"SORBI_3010G270500",0.57042,0.906300888868292,NA,NA
"LIPAS-PWY","triacylglycerol degradation",0.0036996300369963,0.0170432394962751,"SORBI_3001G182300",0.57106,0.906300888868292,NA,NA
"LIPAS-PWY","triacylglycerol degradation",0.0036996300369963,0.0170432394962751,"SORBI_3004G215500",0.58601,0.906458060992465,NA,NA
"LIPAS-PWY","triacylglycerol degradation",0.0036996300369963,0.0170432394962751,"SORBI_3002G177200",0.59581,0.906458060992465,NA,NA
"LIPAS-PWY","triacylglycerol degradation",0.0036996300369963,0.0170432394962751,"SORBI_3003G432600",0.59595,0.906458060992465,NA,NA
"LIPAS-PWY","triacylglycerol degradation",0.0036996300369963,0.0170432394962751,"SORBI_3005G144300",0.596,0.906458060992465,NA,NA
"LIPAS-PWY","triacylglycerol degradation",0.0036996300369963,0.0170432394962751,"SORBI_3007G036900",0.59848,0.906458060992465,NA,NA
"LIPAS-PWY","triacylglycerol degradation",0.0036996300369963,0.0170432394962751,"SORBI_3010G106500",0.59944,0.90662853205699,NA,NA
"LIPAS-PWY","triacylglycerol degradation",0.0036996300369963,0.0170432394962751,"SORBI_3010G193400",0.61052,0.908131337944924,NA,NA
"LIPAS-PWY","triacylglycerol degradation",0.0036996300369963,0.0170432394962751,"SORBI_3010G233700",0.61634,0.909424324745616,NA,NA
"LIPAS-PWY","triacylglycerol degradation",0.0036996300369963,0.0170432394962751,"SORBI_3005G204900",0.61817,0.909424324745616,NA,NA
"LIPAS-PWY","triacylglycerol degradation",0.0036996300369963,0.0170432394962751,"SORBI_3010G218800",0.62799,0.91103322491261,NA,NA
"LIPAS-PWY","triacylglycerol degradation",0.0036996300369963,0.0170432394962751,"SORBI_3004G243500",0.64563,0.912663663839694,NA,NA
"LIPAS-PWY","triacylglycerol degradation",0.0036996300369963,0.0170432394962751,"SORBI_3002G409000",0.64947,0.912821848343193,NA,NA
"LIPAS-PWY","triacylglycerol degradation",0.0036996300369963,0.0170432394962751,"SORBI_3010G211900",0.66852,0.914976665191147,NA,NA
"LIPAS-PWY","triacylglycerol degradation",0.0036996300369963,0.0170432394962751,"SORBI_3003G176000",0.66897,0.914976665191147,NA,NA
"LIPAS-PWY","triacylglycerol degradation",0.0036996300369963,0.0170432394962751,"SORBI_3002G302900",0.67719,0.916371616411073,NA,NA
"LIPAS-PWY","triacylglycerol degradation",0.0036996300369963,0.0170432394962751,"SORBI_3009G141300",0.69247,0.919660143879266,NA,NA
"LIPAS-PWY","triacylglycerol degradation",0.0036996300369963,0.0170432394962751,"SORBI_3004G286700",0.69679,0.919873557851718,NA,NA
"LIPAS-PWY","triacylglycerol degradation",0.0036996300369963,0.0170432394962751,"SORBI_3003G433000",0.6972,0.919873557851718,NA,NA
"LIPAS-PWY","triacylglycerol degradation",0.0036996300369963,0.0170432394962751,"SORBI_3009G135100",0.70723,0.920341599418115,NA,NA
"LIPAS-PWY","triacylglycerol degradation",0.0036996300369963,0.0170432394962751,"SORBI_3002G140700",0.70821,0.920385651392289,NA,NA
"LIPAS-PWY","triacylglycerol degradation",0.0036996300369963,0.0170432394962751,"SORBI_3002G141100",0.71049,0.920429839334549,NA,NA
"LIPAS-PWY","triacylglycerol degradation",0.0036996300369963,0.0170432394962751,"SORBI_3010G270800",0.72238,0.922428394105706,NA,NA
"LIPAS-PWY","triacylglycerol degradation",0.0036996300369963,0.0170432394962751,"SORBI_3007G194800",0.77645,0.927024995430901,NA,NA
"LIPAS-PWY","triacylglycerol degradation",0.0036996300369963,0.0170432394962751,"SORBI_3002G280500",0.77767,0.927092282154764,NA,NA
"LIPAS-PWY","triacylglycerol degradation",0.0036996300369963,0.0170432394962751,"SORBI_3010G200900",0.78071,0.927340195817889,NA,NA
"LIPAS-PWY","triacylglycerol degradation",0.0036996300369963,0.0170432394962751,"SORBI_3009G125300",0.79597,0.929553096359448,NA,NA
"LIPAS-PWY","triacylglycerol degradation",0.0036996300369963,0.0170432394962751,"SORBI_3002G422200",0.80201,0.930265820360508,NA,NA
"LIPAS-PWY","triacylglycerol degradation",0.0036996300369963,0.0170432394962751,"SORBI_3006G187300",0.80246,0.930377250699611,NA,NA
"LIPAS-PWY","triacylglycerol degradation",0.0036996300369963,0.0170432394962751,"SORBI_3003G038000",0.81263,0.93181928062654,NA,NA
"LIPAS-PWY","triacylglycerol degradation",0.0036996300369963,0.0170432394962751,"SORBI_3003G162400",0.81691,0.93209645399597,NA,NA
"LIPAS-PWY","triacylglycerol degradation",0.0036996300369963,0.0170432394962751,"SORBI_3006G140801",0.81927,0.932574139567528,NA,NA
"LIPAS-PWY","triacylglycerol degradation",0.0036996300369963,0.0170432394962751,"SORBI_3003G390800",0.82004,0.932574139567528,NA,NA
"LIPAS-PWY","triacylglycerol degradation",0.0036996300369963,0.0170432394962751,"SORBI_3004G344100",0.82138,0.932574139567528,NA,NA
"LIPAS-PWY","triacylglycerol degradation",0.0036996300369963,0.0170432394962751,"SORBI_3010G270900",0.82261,0.932788519161437,NA,NA
"LIPAS-PWY","triacylglycerol degradation",0.0036996300369963,0.0170432394962751,"SORBI_3004G310000",0.82325,0.932866816560552,NA,NA
"LIPAS-PWY","triacylglycerol degradation",0.0036996300369963,0.0170432394962751,"SORBI_3010G105800",0.82736,0.933255027062926,NA,NA
"LIPAS-PWY","triacylglycerol degradation",0.0036996300369963,0.0170432394962751,"SORBI_3001G003600",0.84266,0.934799706718051,NA,NA
"LIPAS-PWY","triacylglycerol degradation",0.0036996300369963,0.0170432394962751,"SORBI_3003G205900",0.85127,0.935682900533721,NA,NA
"LIPAS-PWY","triacylglycerol degradation",0.0036996300369963,0.0170432394962751,"SORBI_3004G071300",0.87562,0.940702297498181,NA,NA
"LIPAS-PWY","triacylglycerol degradation",0.0036996300369963,0.0170432394962751,"SORBI_3003G110600",0.88001,0.942181155519133,NA,NA
"LIPAS-PWY","triacylglycerol degradation",0.0036996300369963,0.0170432394962751,"SORBI_3001G365600",0.88213,0.942572231482937,NA,NA
"LIPAS-PWY","triacylglycerol degradation",0.0036996300369963,0.0170432394962751,"SORBI_3001G111700",0.91,0.950140620831668,NA,NA
"LIPAS-PWY","triacylglycerol degradation",0.0036996300369963,0.0170432394962751,"SORBI_3004G016600",0.91278,0.951230234398969,NA,NA
"LIPAS-PWY","triacylglycerol degradation",0.0036996300369963,0.0170432394962751,"SORBI_3010G047800",0.91636,0.952558249280862,NA,NA
"LIPAS-PWY","triacylglycerol degradation",0.0036996300369963,0.0170432394962751,"SORBI_3010G093300",0.92876,0.957658640033999,NA,NA
"LIPAS-PWY","triacylglycerol degradation",0.0036996300369963,0.0170432394962751,"SORBI_3008G037500",0.94243,0.962723521397853,NA,NA
"LIPAS-PWY","triacylglycerol degradation",0.0036996300369963,0.0170432394962751,"SORBI_3003G028900",0.96035,0.970695088528493,NA,NA
"LIPAS-PWY","triacylglycerol degradation",0.0036996300369963,0.0170432394962751,"SORBI_3010G270700",0.96786,0.974911925745804,NA,NA
"PWY-6527","stachyose degradation",0.0038996100389961,0.0175696716042681,"SORBI_3009G168600",0.01012,0.186413253796095,NA,NA
"PWY-6527","stachyose degradation",0.0038996100389961,0.0175696716042681,"SORBI_3010G251200",0.014848,0.232630081180812,NA,NA
"PWY-6527","stachyose degradation",0.0038996100389961,0.0175696716042681,"SORBI_3002G271200",0.01623,0.244472022172949,NA,NA
"PWY-6527","stachyose degradation",0.0038996100389961,0.0175696716042681,"SORBI_3007G114500",0.10975,0.613147325008216,NA,NA
"PWY-6527","stachyose degradation",0.0038996100389961,0.0175696716042681,"SORBI_3002G170100",0.16097,0.700710831624808,NA,NA
"PWY-6527","stachyose degradation",0.0038996100389961,0.0175696716042681,"SORBI_3007G219900",0.17914,0.725331075089392,NA,NA
"PWY-6527","stachyose degradation",0.0038996100389961,0.0175696716042681,"SORBI_3001G026000",0.2167,0.766095847210658,NA,NA
"PWY-6527","stachyose degradation",0.0038996100389961,0.0175696716042681,"SORBI_3002G291200",0.28499,0.819212566813261,NA,NA
"PWY-6527","stachyose degradation",0.0038996100389961,0.0175696716042681,"SORBI_3004G013500",0.40044,0.870589167306708,NA,NA
"PWY-6527","stachyose degradation",0.0038996100389961,0.0175696716042681,"SORBI_3002G047500",0.43706,0.880206307928449,NA,NA
"PWY-6527","stachyose degradation",0.0038996100389961,0.0175696716042681,"SORBI_3001G372500",0.56581,0.90595706344354,NA,NA
"PWY-7184","pyrimidine deoxyribonucleotides <i>de novo</i> biosynthesis I",0.0038996100389961,0.0175696716042681,"SORBI_3009G211900",0.00084068,0.0372299577053455,NA,NA
"PWY-7184","pyrimidine deoxyribonucleotides <i>de novo</i> biosynthesis I",0.0038996100389961,0.0175696716042681,"SORBI_3004G184500",0.00374,0.107475956006768,NA,NA
"PWY-7184","pyrimidine deoxyribonucleotides <i>de novo</i> biosynthesis I",0.0038996100389961,0.0175696716042681,"SORBI_3006G038800",0.0037551,0.107636693417722,NA,NA
"PWY-7184","pyrimidine deoxyribonucleotides <i>de novo</i> biosynthesis I",0.0038996100389961,0.0175696716042681,"SORBI_3001G295200",0.044135,0.414125288674033,NA,NA
"PWY-7184","pyrimidine deoxyribonucleotides <i>de novo</i> biosynthesis I",0.0038996100389961,0.0175696716042681,"SORBI_3001G518200",0.091723,0.574165975358588,NA,NA
"PWY-7184","pyrimidine deoxyribonucleotides <i>de novo</i> biosynthesis I",0.0038996100389961,0.0175696716042681,"SORBI_3005G099500",0.1212,0.635690573189522,NA,NA
"PWY-7184","pyrimidine deoxyribonucleotides <i>de novo</i> biosynthesis I",0.0038996100389961,0.0175696716042681,"SORBI_3007G190200",0.13612,0.664977425571696,NA,NA
"PWY-7184","pyrimidine deoxyribonucleotides <i>de novo</i> biosynthesis I",0.0038996100389961,0.0175696716042681,"SORBI_3008G091400",0.17173,0.717661529281496,NA,NA
"PWY-7184","pyrimidine deoxyribonucleotides <i>de novo</i> biosynthesis I",0.0038996100389961,0.0175696716042681,"SORBI_3008G140100",0.1913,0.739061348800182,NA,NA
"PWY-7184","pyrimidine deoxyribonucleotides <i>de novo</i> biosynthesis I",0.0038996100389961,0.0175696716042681,"SORBI_3009G166600",0.1983,0.745342049352661,NA,NA
"PWY-7184","pyrimidine deoxyribonucleotides <i>de novo</i> biosynthesis I",0.0038996100389961,0.0175696716042681,"SORBI_3002G008500",0.2143,0.763731832966111,NA,NA
"PWY-7184","pyrimidine deoxyribonucleotides <i>de novo</i> biosynthesis I",0.0038996100389961,0.0175696716042681,"SORBI_3005G086000",0.23012,0.777774014126542,NA,NA
"PWY-7184","pyrimidine deoxyribonucleotides <i>de novo</i> biosynthesis I",0.0038996100389961,0.0175696716042681,"SORBI_3001G142000",0.2558,0.796527706691109,NA,NA
"PWY-7184","pyrimidine deoxyribonucleotides <i>de novo</i> biosynthesis I",0.0038996100389961,0.0175696716042681,"SORBI_3006G134900",0.31388,0.835087488055142,NA,NA
"PWY-7184","pyrimidine deoxyribonucleotides <i>de novo</i> biosynthesis I",0.0038996100389961,0.0175696716042681,"SORBI_3008G140300",0.33681,0.846010840603283,NA,NA
"PWY-7184","pyrimidine deoxyribonucleotides <i>de novo</i> biosynthesis I",0.0038996100389961,0.0175696716042681,"SORBI_3010G148866",0.34332,0.849051483636364,NA,NA
"PWY-7184","pyrimidine deoxyribonucleotides <i>de novo</i> biosynthesis I",0.0038996100389961,0.0175696716042681,"SORBI_3003G152900",0.37312,0.858929848495051,NA,NA
"PWY-7184","pyrimidine deoxyribonucleotides <i>de novo</i> biosynthesis I",0.0038996100389961,0.0175696716042681,"SORBI_3001G230200",0.39177,0.866244733107668,NA,NA
"PWY-7184","pyrimidine deoxyribonucleotides <i>de novo</i> biosynthesis I",0.0038996100389961,0.0175696716042681,"SORBI_3006G036700",0.39527,0.86847518077744,NA,NA
"PWY-7184","pyrimidine deoxyribonucleotides <i>de novo</i> biosynthesis I",0.0038996100389961,0.0175696716042681,"SORBI_3008G022100",0.43309,0.879418198338215,NA,NA
"PWY-7184","pyrimidine deoxyribonucleotides <i>de novo</i> biosynthesis I",0.0038996100389961,0.0175696716042681,"SORBI_3003G326100",0.44296,0.88220594077983,NA,NA
"PWY-7184","pyrimidine deoxyribonucleotides <i>de novo</i> biosynthesis I",0.0038996100389961,0.0175696716042681,"SORBI_3005G018300",0.4472,0.884015736483734,NA,NA
"PWY-7184","pyrimidine deoxyribonucleotides <i>de novo</i> biosynthesis I",0.0038996100389961,0.0175696716042681,"SORBI_3005G018200",0.45042,0.884905448343643,NA,NA
"PWY-7184","pyrimidine deoxyribonucleotides <i>de novo</i> biosynthesis I",0.0038996100389961,0.0175696716042681,"SORBI_3009G259200",0.48519,0.892526606276286,NA,NA
"PWY-7184","pyrimidine deoxyribonucleotides <i>de novo</i> biosynthesis I",0.0038996100389961,0.0175696716042681,"SORBI_3008G123600",0.49882,0.895151042899408,NA,NA
"PWY-7184","pyrimidine deoxyribonucleotides <i>de novo</i> biosynthesis I",0.0038996100389961,0.0175696716042681,"SORBI_3004G202900",0.52954,0.900398034984551,NA,NA
"PWY-7184","pyrimidine deoxyribonucleotides <i>de novo</i> biosynthesis I",0.0038996100389961,0.0175696716042681,"SORBI_3001G356200",0.53614,0.900958164547568,NA,NA
"PWY-7184","pyrimidine deoxyribonucleotides <i>de novo</i> biosynthesis I",0.0038996100389961,0.0175696716042681,"SORBI_3008G021900",0.55665,0.903874219868308,NA,NA
"PWY-7184","pyrimidine deoxyribonucleotides <i>de novo</i> biosynthesis I",0.0038996100389961,0.0175696716042681,"SORBI_3001G385000",0.57368,0.906300888868292,NA,NA
"PWY-7184","pyrimidine deoxyribonucleotides <i>de novo</i> biosynthesis I",0.0038996100389961,0.0175696716042681,"SORBI_3002G306900",0.63153,0.911555119826634,NA,NA
"PWY-7184","pyrimidine deoxyribonucleotides <i>de novo</i> biosynthesis I",0.0038996100389961,0.0175696716042681,"SORBI_3005G085901",0.66036,0.913694940374787,NA,NA
"PWY-7184","pyrimidine deoxyribonucleotides <i>de novo</i> biosynthesis I",0.0038996100389961,0.0175696716042681,"SORBI_3005G195700",0.67307,0.915575989347643,NA,NA
"PWY-7184","pyrimidine deoxyribonucleotides <i>de novo</i> biosynthesis I",0.0038996100389961,0.0175696716042681,"SORBI_3004G336100",0.67799,0.916473723836052,NA,NA
"PWY-7184","pyrimidine deoxyribonucleotides <i>de novo</i> biosynthesis I",0.0038996100389961,0.0175696716042681,"SORBI_3007G137900",0.71491,0.921184627669664,NA,NA
"PWY-7184","pyrimidine deoxyribonucleotides <i>de novo</i> biosynthesis I",0.0038996100389961,0.0175696716042681,"SORBI_3002G392800",0.74089,0.925111591736206,NA,NA
"PWY-7184","pyrimidine deoxyribonucleotides <i>de novo</i> biosynthesis I",0.0038996100389961,0.0175696716042681,"SORBI_3010G054600",0.78609,0.928110076816609,NA,NA
"PWY-7184","pyrimidine deoxyribonucleotides <i>de novo</i> biosynthesis I",0.0038996100389961,0.0175696716042681,"SORBI_3002G303700",0.78966,0.928110076816609,NA,NA
"PWY-7184","pyrimidine deoxyribonucleotides <i>de novo</i> biosynthesis I",0.0038996100389961,0.0175696716042681,"SORBI_3005G115500",0.8014,0.930265820360508,NA,NA
"PWY-7184","pyrimidine deoxyribonucleotides <i>de novo</i> biosynthesis I",0.0038996100389961,0.0175696716042681,"SORBI_3007G194100",0.81506,0.93209645399597,NA,NA
"PWY-7184","pyrimidine deoxyribonucleotides <i>de novo</i> biosynthesis I",0.0038996100389961,0.0175696716042681,"SORBI_3003G030700",0.83569,0.934109190853698,NA,NA
"PWY-7184","pyrimidine deoxyribonucleotides <i>de novo</i> biosynthesis I",0.0038996100389961,0.0175696716042681,"SORBI_3010G106300",0.85442,0.936259335785025,NA,NA
"PWY-7184","pyrimidine deoxyribonucleotides <i>de novo</i> biosynthesis I",0.0038996100389961,0.0175696716042681,"SORBI_3002G420600",0.96025,0.970693650755862,NA,NA
"PWY-3742","tetrahydrofolate biosynthesis II",0.0047995200479952,0.021389165431283,"SORBI_3007G172600",0.0044159,0.118072710062893,NA,NA
"PWY-3742","tetrahydrofolate biosynthesis II",0.0047995200479952,0.021389165431283,"SORBI_3003G146800",0.0053549,0.13076196139468,NA,NA
"PWY-3742","tetrahydrofolate biosynthesis II",0.0047995200479952,0.021389165431283,"SORBI_3008G125100",0.016877,0.248718015618221,NA,NA
"PWY-3742","tetrahydrofolate biosynthesis II",0.0047995200479952,0.021389165431283,"SORBI_3001G201900",0.054386,0.45759951994055,NA,NA
"PWY-3742","tetrahydrofolate biosynthesis II",0.0047995200479952,0.021389165431283,"SORBI_3008G137200",0.097404,0.58521284117439,NA,NA
"PWY-3742","tetrahydrofolate biosynthesis II",0.0047995200479952,0.021389165431283,"SORBI_3009G088800",0.13876,0.669502879045997,NA,NA
"PWY-3742","tetrahydrofolate biosynthesis II",0.0047995200479952,0.021389165431283,"SORBI_3002G296500",0.24842,0.791702925227507,NA,NA
"PWY-3742","tetrahydrofolate biosynthesis II",0.0047995200479952,0.021389165431283,"SORBI_3001G535500",0.25142,0.793109747563805,NA,NA
"PWY-3742","tetrahydrofolate biosynthesis II",0.0047995200479952,0.021389165431283,"SORBI_3009G045800",0.25325,0.79454714312062,NA,NA
"PWY-3742","tetrahydrofolate biosynthesis II",0.0047995200479952,0.021389165431283,"SORBI_3003G003200",0.29547,0.826503293255373,NA,NA
"PWY-3742","tetrahydrofolate biosynthesis II",0.0047995200479952,0.021389165431283,"SORBI_3004G122800",0.33658,0.846010840603283,NA,NA
"PWY-3742","tetrahydrofolate biosynthesis II",0.0047995200479952,0.021389165431283,"SORBI_3002G172600",0.34865,0.850356524420856,NA,NA
"PWY-3742","tetrahydrofolate biosynthesis II",0.0047995200479952,0.021389165431283,"SORBI_3008G001400",0.52853,0.900398034984551,NA,NA
"PWY-3742","tetrahydrofolate biosynthesis II",0.0047995200479952,0.021389165431283,"SORBI_3002G376200",0.54133,0.901620127891023,NA,NA
"PWY-3742","tetrahydrofolate biosynthesis II",0.0047995200479952,0.021389165431283,"SORBI_3002G220200",0.68491,0.91794262823548,NA,NA
"PWY-3742","tetrahydrofolate biosynthesis II",0.0047995200479952,0.021389165431283,"SORBI_3006G254100",0.68999,0.918661427171527,NA,NA
"PWY-3742","tetrahydrofolate biosynthesis II",0.0047995200479952,0.021389165431283,"SORBI_3008G177850",0.76109,0.925196496222919,NA,NA
"PWY-3742","tetrahydrofolate biosynthesis II",0.0047995200479952,0.021389165431283,"SORBI_3005G115500",0.8014,0.930265820360508,NA,NA
"PWY-3742","tetrahydrofolate biosynthesis II",0.0047995200479952,0.021389165431283,"SORBI_3004G018000",0.81093,0.931607921481181,NA,NA
"PWY-3742","tetrahydrofolate biosynthesis II",0.0047995200479952,0.021389165431283,"SORBI_3010G250200",0.94354,0.963162229301277,NA,NA
"PWY-46","putrescine biosynthesis III",0.0050994900509949,0.0224816228054614,"SORBI_3002G282800",0.019336,0.268844008186656,NA,NA
"PWY-46","putrescine biosynthesis III",0.0050994900509949,0.0224816228054614,"SORBI_3002G282900",0.02181,0.287148049554781,NA,NA
"PWY-46","putrescine biosynthesis III",0.0050994900509949,0.0224816228054614,"SORBI_3005G156000",0.11422,0.623337256381442,NA,NA
"PWY-46","putrescine biosynthesis III",0.0050994900509949,0.0224816228054614,"SORBI_3004G319100",0.11766,0.62918092254408,NA,NA
"PWY-46","putrescine biosynthesis III",0.0050994900509949,0.0224816228054614,"SORBI_3002G302100",0.13327,0.660940588407067,NA,NA
"PWY-46","putrescine biosynthesis III",0.0050994900509949,0.0224816228054614,"SORBI_3002G284000",0.71391,0.920655288914199,NA,NA
"PWY-4302","aerobic respiration III (alternative oxidase pathway)",0.005999400059994,0.0261675960063568,"SORBI_3001G134200",0.000538,0.0265228534107402,NA,NA
"PWY-4302","aerobic respiration III (alternative oxidase pathway)",0.005999400059994,0.0261675960063568,"SORBI_3009G209400",0.0012,0.0480745205188679,NA,NA
"PWY-4302","aerobic respiration III (alternative oxidase pathway)",0.005999400059994,0.0261675960063568,"SORBI_3004G270500",0.0061451,0.141512279118644,NA,NA
"PWY-4302","aerobic respiration III (alternative oxidase pathway)",0.005999400059994,0.0261675960063568,"SORBI_3001G206700",0.014213,0.226308718837863,8.348061e-08,7.07841438616784
"PWY-4302","aerobic respiration III (alternative oxidase pathway)",0.005999400059994,0.0261675960063568,"SORBI_3009G191400",0.026746,0.322270798864846,NA,NA
"PWY-4302","aerobic respiration III (alternative oxidase pathway)",0.005999400059994,0.0261675960063568,"SORBI_3007G172300",0.054298,0.457291473227566,NA,NA
"PWY-4302","aerobic respiration III (alternative oxidase pathway)",0.005999400059994,0.0261675960063568,"SORBI_3010G201266",0.056928,0.466902739014969,NA,NA
"PWY-4302","aerobic respiration III (alternative oxidase pathway)",0.005999400059994,0.0261675960063568,"SORBI_3003G172966",0.079467,0.539959109621924,NA,NA
"PWY-4302","aerobic respiration III (alternative oxidase pathway)",0.005999400059994,0.0261675960063568,"SORBI_3003G173032",0.079467,0.539959109621924,NA,NA
"PWY-4302","aerobic respiration III (alternative oxidase pathway)",0.005999400059994,0.0261675960063568,"SORBI_3010G015200",0.098596,0.587770827664797,NA,NA
"PWY-4302","aerobic respiration III (alternative oxidase pathway)",0.005999400059994,0.0261675960063568,"SORBI_3002G149550",0.1163,0.627340336668255,NA,NA
"PWY-4302","aerobic respiration III (alternative oxidase pathway)",0.005999400059994,0.0261675960063568,"SORBI_3004G155100",0.12769,0.64706045502014,NA,NA
"PWY-4302","aerobic respiration III (alternative oxidase pathway)",0.005999400059994,0.0261675960063568,"SORBI_3001G073600",0.15254,0.686540211976682,NA,NA
"PWY-4302","aerobic respiration III (alternative oxidase pathway)",0.005999400059994,0.0261675960063568,"SORBI_3003G286200",0.17844,0.724228878002151,NA,NA
"PWY-4302","aerobic respiration III (alternative oxidase pathway)",0.005999400059994,0.0261675960063568,"SORBI_3001G115700",0.19858,0.745502657164954,NA,NA
"PWY-4302","aerobic respiration III (alternative oxidase pathway)",0.005999400059994,0.0261675960063568,"SORBI_3002G185100",0.20642,0.755362599849284,NA,NA
"PWY-4302","aerobic respiration III (alternative oxidase pathway)",0.005999400059994,0.0261675960063568,"SORBI_3001G286200",0.24434,0.790209417879418,NA,NA
"PWY-4302","aerobic respiration III (alternative oxidase pathway)",0.005999400059994,0.0261675960063568,"SORBI_3009G176000",0.2928,0.825230219389022,NA,NA
"PWY-4302","aerobic respiration III (alternative oxidase pathway)",0.005999400059994,0.0261675960063568,"SORBI_3007G211500",0.30927,0.832736749108204,NA,NA
"PWY-4302","aerobic respiration III (alternative oxidase pathway)",0.005999400059994,0.0261675960063568,"SORBI_3007G133500",0.31345,0.834771373255996,NA,NA
"PWY-4302","aerobic respiration III (alternative oxidase pathway)",0.005999400059994,0.0261675960063568,"SORBI_3001G251750",0.33797,0.84656445980731,NA,NA
"PWY-4302","aerobic respiration III (alternative oxidase pathway)",0.005999400059994,0.0261675960063568,"SORBI_3009G095720",0.34123,0.848280084894614,NA,NA
"PWY-4302","aerobic respiration III (alternative oxidase pathway)",0.005999400059994,0.0261675960063568,"SORBI_3007G168400",0.38879,0.864388250997841,NA,NA
"PWY-4302","aerobic respiration III (alternative oxidase pathway)",0.005999400059994,0.0261675960063568,"SORBI_3002G356400",0.41036,0.873023808092196,NA,NA
"PWY-4302","aerobic respiration III (alternative oxidase pathway)",0.005999400059994,0.0261675960063568,"SORBI_3006G258700",0.41629,0.874778371877319,NA,NA
"PWY-4302","aerobic respiration III (alternative oxidase pathway)",0.005999400059994,0.0261675960063568,"SORBI_3001G072000",0.43069,0.878211503781967,NA,NA
"PWY-4302","aerobic respiration III (alternative oxidase pathway)",0.005999400059994,0.0261675960063568,"SORBI_3010G098800",0.43594,0.880206307928449,NA,NA
"PWY-4302","aerobic respiration III (alternative oxidase pathway)",0.005999400059994,0.0261675960063568,"SORBI_3002G254500",0.45359,0.885848580545015,NA,NA
"PWY-4302","aerobic respiration III (alternative oxidase pathway)",0.005999400059994,0.0261675960063568,"SORBI_3006G258800",0.48149,0.892059077199477,NA,NA
"PWY-4302","aerobic respiration III (alternative oxidase pathway)",0.005999400059994,0.0261675960063568,"SORBI_3001G473400",0.49798,0.894683521633344,NA,NA
"PWY-4302","aerobic respiration III (alternative oxidase pathway)",0.005999400059994,0.0261675960063568,"SORBI_3003G429000",0.51623,0.89806333589389,NA,NA
"PWY-4302","aerobic respiration III (alternative oxidase pathway)",0.005999400059994,0.0261675960063568,"SORBI_3004G249200",0.5194,0.89863596210655,NA,NA
"PWY-4302","aerobic respiration III (alternative oxidase pathway)",0.005999400059994,0.0261675960063568,"SORBI_3003G135600",0.53224,0.900592470113569,NA,NA
"PWY-4302","aerobic respiration III (alternative oxidase pathway)",0.005999400059994,0.0261675960063568,"SORBI_3003G429300",0.54708,0.903008213713008,NA,NA
"PWY-4302","aerobic respiration III (alternative oxidase pathway)",0.005999400059994,0.0261675960063568,"SORBI_3001G519000",0.56491,0.90595706344354,NA,NA
"PWY-4302","aerobic respiration III (alternative oxidase pathway)",0.005999400059994,0.0261675960063568,"SORBI_3002G028700",0.56602,0.90595706344354,NA,NA
"PWY-4302","aerobic respiration III (alternative oxidase pathway)",0.005999400059994,0.0261675960063568,"SORBI_3003G168300",0.57943,0.906458060992465,NA,NA
"PWY-4302","aerobic respiration III (alternative oxidase pathway)",0.005999400059994,0.0261675960063568,"SORBI_3002G149000",0.5811,0.906458060992465,NA,NA
"PWY-4302","aerobic respiration III (alternative oxidase pathway)",0.005999400059994,0.0261675960063568,"SORBI_3003G429200",0.58463,0.906458060992465,NA,NA
"PWY-4302","aerobic respiration III (alternative oxidase pathway)",0.005999400059994,0.0261675960063568,"SORBI_3005G031000",0.59652,0.906458060992465,NA,NA
"PWY-4302","aerobic respiration III (alternative oxidase pathway)",0.005999400059994,0.0261675960063568,"SORBI_3003G173200",0.60331,0.90732356747496,NA,NA
"PWY-4302","aerobic respiration III (alternative oxidase pathway)",0.005999400059994,0.0261675960063568,"SORBI_3007G134900",0.61025,0.908131337944924,NA,NA
"PWY-4302","aerobic respiration III (alternative oxidase pathway)",0.005999400059994,0.0261675960063568,"SORBI_3001G282500",0.61534,0.909382778454577,NA,NA
"PWY-4302","aerobic respiration III (alternative oxidase pathway)",0.005999400059994,0.0261675960063568,"SORBI_3004G344800",0.61562,0.909424324745616,NA,NA
"PWY-4302","aerobic respiration III (alternative oxidase pathway)",0.005999400059994,0.0261675960063568,"SORBI_3003G279200",0.67026,0.915032724209851,NA,NA
"PWY-4302","aerobic respiration III (alternative oxidase pathway)",0.005999400059994,0.0261675960063568,"SORBI_3002G395000",0.68597,0.918036431188684,NA,NA
"PWY-4302","aerobic respiration III (alternative oxidase pathway)",0.005999400059994,0.0261675960063568,"SORBI_3003G170300",0.71056,0.920429839334549,NA,NA
"PWY-4302","aerobic respiration III (alternative oxidase pathway)",0.005999400059994,0.0261675960063568,"SORBI_3010G031000",0.71275,0.920429839334549,NA,NA
"PWY-4302","aerobic respiration III (alternative oxidase pathway)",0.005999400059994,0.0261675960063568,"SORBI_3001G392800",0.71647,0.92125676852097,NA,NA
"PWY-4302","aerobic respiration III (alternative oxidase pathway)",0.005999400059994,0.0261675960063568,"SORBI_3003G322300",0.72073,0.922085643728354,NA,NA
"PWY-4302","aerobic respiration III (alternative oxidase pathway)",0.005999400059994,0.0261675960063568,"SORBI_3003G416200",0.74858,0.925120676022715,NA,NA
"PWY-4302","aerobic respiration III (alternative oxidase pathway)",0.005999400059994,0.0261675960063568,"SORBI_3002G396700",0.77668,0.927054545231158,NA,NA
"PWY-4302","aerobic respiration III (alternative oxidase pathway)",0.005999400059994,0.0261675960063568,"SORBI_3004G166400",0.77972,0.927323002835837,NA,NA
"PWY-4302","aerobic respiration III (alternative oxidase pathway)",0.005999400059994,0.0261675960063568,"SORBI_3001G230050",0.80355,0.93054523644163,NA,NA
"PWY-4302","aerobic respiration III (alternative oxidase pathway)",0.005999400059994,0.0261675960063568,"SORBI_3007G023400",0.80462,0.93054523644163,NA,NA
"PWY-4302","aerobic respiration III (alternative oxidase pathway)",0.005999400059994,0.0261675960063568,"SORBI_3006G202500",0.82707,0.933255027062926,NA,NA
"PWY-4302","aerobic respiration III (alternative oxidase pathway)",0.005999400059994,0.0261675960063568,"SORBI_3003G296800",0.83457,0.934109190853698,NA,NA
"PWY-4302","aerobic respiration III (alternative oxidase pathway)",0.005999400059994,0.0261675960063568,"SORBI_3002G246200",0.84561,0.935201213492658,NA,NA
"PWY-4302","aerobic respiration III (alternative oxidase pathway)",0.005999400059994,0.0261675960063568,"SORBI_3006G202600",0.84949,0.935660055379234,NA,NA
"PWY-4302","aerobic respiration III (alternative oxidase pathway)",0.005999400059994,0.0261675960063568,"SORBI_3001G164350",0.8604,0.937653415939985,NA,NA
"PWY-4302","aerobic respiration III (alternative oxidase pathway)",0.005999400059994,0.0261675960063568,"SORBI_3006G203000",0.88974,0.944279841646625,NA,NA
"PWY-4302","aerobic respiration III (alternative oxidase pathway)",0.005999400059994,0.0261675960063568,"SORBI_3002G308300",0.93476,0.95967939912347,NA,NA
"PWY-6360","flavonol glucosylation I",0.0076992300769923,0.0332282561217562,"SORBI_3006G251301",0.0062417,0.143057910863698,NA,NA
"PWY-6360","flavonol glucosylation I",0.0076992300769923,0.0332282561217562,"SORBI_3006G153100",0.018406,0.261469218645485,NA,NA
"PWY-6360","flavonol glucosylation I",0.0076992300769923,0.0332282561217562,"SORBI_3006G242900",0.026432,0.320191064194009,NA,NA
"PWY-6360","flavonol glucosylation I",0.0076992300769923,0.0332282561217562,"SORBI_3002G085800",0.044978,0.41892943789416,NA,NA
"PWY-6360","flavonol glucosylation I",0.0076992300769923,0.0332282561217562,"SORBI_3010G178100",0.046576,0.427233862273832,NA,NA
"PWY-6360","flavonol glucosylation I",0.0076992300769923,0.0332282561217562,"SORBI_3006G242200",0.067527,0.503996837837838,NA,NA
"PWY-6360","flavonol glucosylation I",0.0076992300769923,0.0332282561217562,"SORBI_3007G223900",0.11977,0.633701636307022,NA,NA
"PWY-6360","flavonol glucosylation I",0.0076992300769923,0.0332282561217562,"SORBI_3002G173500",0.14155,0.672169558227317,NA,NA
"PWY-6360","flavonol glucosylation I",0.0076992300769923,0.0332282561217562,"SORBI_3001G084300",0.16284,0.704071573319756,NA,NA
"PWY-6360","flavonol glucosylation I",0.0076992300769923,0.0332282561217562,"SORBI_3001G084600",0.1826,0.729347859830668,NA,NA
"PWY-6360","flavonol glucosylation I",0.0076992300769923,0.0332282561217562,"SORBI_3001G084700",0.22674,0.775231138285024,NA,NA
"PWY-6360","flavonol glucosylation I",0.0076992300769923,0.0332282561217562,"SORBI_3004G087300",0.23267,0.781281293001186,NA,NA
"PWY-6360","flavonol glucosylation I",0.0076992300769923,0.0332282561217562,"SORBI_3002G173600",0.28002,0.815866309064403,NA,NA
"PWY-6360","flavonol glucosylation I",0.0076992300769923,0.0332282561217562,"SORBI_3004G224400",0.28479,0.819212566813261,NA,NA
"PWY-6360","flavonol glucosylation I",0.0076992300769923,0.0332282561217562,"SORBI_3010G068300",0.3298,0.842534834586466,NA,NA
"PWY-6360","flavonol glucosylation I",0.0076992300769923,0.0332282561217562,"SORBI_3010G116900",0.33971,0.847142615813817,NA,NA
"PWY-6360","flavonol glucosylation I",0.0076992300769923,0.0332282561217562,"SORBI_3010G117000",0.34513,0.849248787834902,NA,NA
"PWY-6360","flavonol glucosylation I",0.0076992300769923,0.0332282561217562,"SORBI_3010G113200",0.40831,0.872555991831605,NA,NA
"PWY-6360","flavonol glucosylation I",0.0076992300769923,0.0332282561217562,"SORBI_3002G188900",0.46718,0.889546705856007,NA,NA
"PWY-6360","flavonol glucosylation I",0.0076992300769923,0.0332282561217562,"SORBI_3002G311900",0.58668,0.906458060992465,NA,NA
"PWY-6360","flavonol glucosylation I",0.0076992300769923,0.0332282561217562,"SORBI_3002G312100",0.65684,0.913506754396703,NA,NA
"PWY-6360","flavonol glucosylation I",0.0076992300769923,0.0332282561217562,"SORBI_3005G192200",0.93728,0.960785543215838,NA,NA
"PWY-6360","flavonol glucosylation I",0.0076992300769923,0.0332282561217562,"SORBI_3009G024650",0.9532,0.96720969081404,NA,NA
"PWY-6443","benzoate biosynthesis I (CoA-dependent, &beta;-oxidative)",0.0081991800819918,0.0350173316001733,"SORBI_3006G098300",0.0051119,0.127558305139501,NA,NA
"PWY-6443","benzoate biosynthesis I (CoA-dependent, &beta;-oxidative)",0.0081991800819918,0.0350173316001733,"SORBI_3006G098400",0.0060894,0.141086924199046,NA,NA
"PWY-6443","benzoate biosynthesis I (CoA-dependent, &beta;-oxidative)",0.0081991800819918,0.0350173316001733,"SORBI_3009G215400",0.0088361,0.174080382724638,NA,NA
"PWY-6443","benzoate biosynthesis I (CoA-dependent, &beta;-oxidative)",0.0081991800819918,0.0350173316001733,"SORBI_3001G258600",0.012154,0.207557145728643,NA,NA
"PWY-6443","benzoate biosynthesis I (CoA-dependent, &beta;-oxidative)",0.0081991800819918,0.0350173316001733,"SORBI_3004G111100",0.020053,0.274542624345022,NA,NA
"PWY-6443","benzoate biosynthesis I (CoA-dependent, &beta;-oxidative)",0.0081991800819918,0.0350173316001733,"SORBI_3003G065300",0.023941,0.303095023108461,NA,NA
"PWY-6443","benzoate biosynthesis I (CoA-dependent, &beta;-oxidative)",0.0081991800819918,0.0350173316001733,"SORBI_3003G065400",0.024472,0.306655228697897,NA,NA
"PWY-6443","benzoate biosynthesis I (CoA-dependent, &beta;-oxidative)",0.0081991800819918,0.0350173316001733,"SORBI_3003G020300",0.026405,0.320159878701391,NA,NA
"PWY-6443","benzoate biosynthesis I (CoA-dependent, &beta;-oxidative)",0.0081991800819918,0.0350173316001733,"SORBI_3003G065501",0.029718,0.339818627061595,NA,NA
"PWY-6443","benzoate biosynthesis I (CoA-dependent, &beta;-oxidative)",0.0081991800819918,0.0350173316001733,"SORBI_3003G020200",0.032252,0.35418806466214,NA,NA
"PWY-6443","benzoate biosynthesis I (CoA-dependent, &beta;-oxidative)",0.0081991800819918,0.0350173316001733,"SORBI_3004G133100",0.034577,0.366678629514321,NA,NA
"PWY-6443","benzoate biosynthesis I (CoA-dependent, &beta;-oxidative)",0.0081991800819918,0.0350173316001733,"SORBI_3003G019800",0.053582,0.454056625436409,NA,NA
"PWY-6443","benzoate biosynthesis I (CoA-dependent, &beta;-oxidative)",0.0081991800819918,0.0350173316001733,"SORBI_3010G204000",0.054079,0.456713424415714,NA,NA
"PWY-6443","benzoate biosynthesis I (CoA-dependent, &beta;-oxidative)",0.0081991800819918,0.0350173316001733,"SORBI_3003G020400",0.05686,0.466625663203672,NA,NA
"PWY-6443","benzoate biosynthesis I (CoA-dependent, &beta;-oxidative)",0.0081991800819918,0.0350173316001733,"SORBI_3007G178900",0.067686,0.504494085708023,NA,NA
"PWY-6443","benzoate biosynthesis I (CoA-dependent, &beta;-oxidative)",0.0081991800819918,0.0350173316001733,"SORBI_3003G019700",0.070985,0.514519969916791,NA,NA
"PWY-6443","benzoate biosynthesis I (CoA-dependent, &beta;-oxidative)",0.0081991800819918,0.0350173316001733,"SORBI_3004G186500",0.077315,0.53432198819939,NA,NA
"PWY-6443","benzoate biosynthesis I (CoA-dependent, &beta;-oxidative)",0.0081991800819918,0.0350173316001733,"SORBI_3009G079000",0.092122,0.574416248623853,NA,NA
"PWY-6443","benzoate biosynthesis I (CoA-dependent, &beta;-oxidative)",0.0081991800819918,0.0350173316001733,"SORBI_3009G078500",0.093641,0.576209202751629,NA,NA
"PWY-6443","benzoate biosynthesis I (CoA-dependent, &beta;-oxidative)",0.0081991800819918,0.0350173316001733,"SORBI_3003G013100",0.116,0.626617684478372,NA,NA
"PWY-6443","benzoate biosynthesis I (CoA-dependent, &beta;-oxidative)",0.0081991800819918,0.0350173316001733,"SORBI_3007G157400",0.12356,0.638612678027998,NA,NA
"PWY-6443","benzoate biosynthesis I (CoA-dependent, &beta;-oxidative)",0.0081991800819918,0.0350173316001733,"SORBI_3010G179900",0.13455,0.662550976953182,NA,NA
"PWY-6443","benzoate biosynthesis I (CoA-dependent, &beta;-oxidative)",0.0081991800819918,0.0350173316001733,"SORBI_3007G203600",0.14341,0.674963536990856,NA,NA
"PWY-6443","benzoate biosynthesis I (CoA-dependent, &beta;-oxidative)",0.0081991800819918,0.0350173316001733,"SORBI_3007G157500",0.14669,0.679571635297327,NA,NA
"PWY-6443","benzoate biosynthesis I (CoA-dependent, &beta;-oxidative)",0.0081991800819918,0.0350173316001733,"SORBI_3007G157550",0.14703,0.67989486523278,NA,NA
"PWY-6443","benzoate biosynthesis I (CoA-dependent, &beta;-oxidative)",0.0081991800819918,0.0350173316001733,"SORBI_3001G435000",0.15088,0.684922497327632,NA,NA
"PWY-6443","benzoate biosynthesis I (CoA-dependent, &beta;-oxidative)",0.0081991800819918,0.0350173316001733,"SORBI_3008G171100",0.2065,0.755362599849284,NA,NA
"PWY-6443","benzoate biosynthesis I (CoA-dependent, &beta;-oxidative)",0.0081991800819918,0.0350173316001733,"SORBI_3003G020500",0.21453,0.763741338293859,NA,NA
"PWY-6443","benzoate biosynthesis I (CoA-dependent, &beta;-oxidative)",0.0081991800819918,0.0350173316001733,"SORBI_3010G044900",0.23972,0.787167576607056,NA,NA
"PWY-6443","benzoate biosynthesis I (CoA-dependent, &beta;-oxidative)",0.0081991800819918,0.0350173316001733,"SORBI_3002G042300",0.25836,0.798651825778908,NA,NA
"PWY-6443","benzoate biosynthesis I (CoA-dependent, &beta;-oxidative)",0.0081991800819918,0.0350173316001733,"SORBI_3004G266700",0.26163,0.801263427698391,NA,NA
"PWY-6443","benzoate biosynthesis I (CoA-dependent, &beta;-oxidative)",0.0081991800819918,0.0350173316001733,"SORBI_3008G124000",0.26778,0.805832397909469,NA,NA
"PWY-6443","benzoate biosynthesis I (CoA-dependent, &beta;-oxidative)",0.0081991800819918,0.0350173316001733,"SORBI_3009G134600",0.27917,0.815511772293404,NA,NA
"PWY-6443","benzoate biosynthesis I (CoA-dependent, &beta;-oxidative)",0.0081991800819918,0.0350173316001733,"SORBI_3005G014400",0.28493,0.819212566813261,NA,NA
"PWY-6443","benzoate biosynthesis I (CoA-dependent, &beta;-oxidative)",0.0081991800819918,0.0350173316001733,"SORBI_3005G014500",0.32114,0.840382309707242,NA,NA
"PWY-6443","benzoate biosynthesis I (CoA-dependent, &beta;-oxidative)",0.0081991800819918,0.0350173316001733,"SORBI_3010G044500",0.32351,0.840852682516627,NA,NA
"PWY-6443","benzoate biosynthesis I (CoA-dependent, &beta;-oxidative)",0.0081991800819918,0.0350173316001733,"SORBI_3002G193400",0.32494,0.841124598384393,NA,NA
"PWY-6443","benzoate biosynthesis I (CoA-dependent, &beta;-oxidative)",0.0081991800819918,0.0350173316001733,"SORBI_3010G044600",0.33746,0.846440985083444,NA,NA
"PWY-6443","benzoate biosynthesis I (CoA-dependent, &beta;-oxidative)",0.0081991800819918,0.0350173316001733,"SORBI_3004G170600",0.33807,0.84656445980731,NA,NA
"PWY-6443","benzoate biosynthesis I (CoA-dependent, &beta;-oxidative)",0.0081991800819918,0.0350173316001733,"SORBI_3005G072200",0.33929,0.846866272319788,NA,NA
"PWY-6443","benzoate biosynthesis I (CoA-dependent, &beta;-oxidative)",0.0081991800819918,0.0350173316001733,"SORBI_3007G156600",0.34095,0.847907018006148,NA,NA
"PWY-6443","benzoate biosynthesis I (CoA-dependent, &beta;-oxidative)",0.0081991800819918,0.0350173316001733,"SORBI_3003G016800",0.3466,0.849542661278684,NA,NA
"PWY-6443","benzoate biosynthesis I (CoA-dependent, &beta;-oxidative)",0.0081991800819918,0.0350173316001733,"SORBI_3008G048501",0.34963,0.85070789469914,NA,NA
"PWY-6443","benzoate biosynthesis I (CoA-dependent, &beta;-oxidative)",0.0081991800819918,0.0350173316001733,"SORBI_3002G041533",0.35451,0.853605059540686,NA,NA
"PWY-6443","benzoate biosynthesis I (CoA-dependent, &beta;-oxidative)",0.0081991800819918,0.0350173316001733,"SORBI_3003G037200",0.36167,0.856179480980911,NA,NA
"PWY-6443","benzoate biosynthesis I (CoA-dependent, &beta;-oxidative)",0.0081991800819918,0.0350173316001733,"SORBI_3006G247400",0.3623,0.856653647304348,NA,NA
"PWY-6443","benzoate biosynthesis I (CoA-dependent, &beta;-oxidative)",0.0081991800819918,0.0350173316001733,"SORBI_3002G041800",0.37116,0.858576229318445,NA,NA
"PWY-6443","benzoate biosynthesis I (CoA-dependent, &beta;-oxidative)",0.0081991800819918,0.0350173316001733,"SORBI_3002G228500",0.37578,0.859189503231018,NA,NA
"PWY-6443","benzoate biosynthesis I (CoA-dependent, &beta;-oxidative)",0.0081991800819918,0.0350173316001733,"SORBI_3003G016600",0.3813,0.861568334331138,NA,NA
"PWY-6443","benzoate biosynthesis I (CoA-dependent, &beta;-oxidative)",0.0081991800819918,0.0350173316001733,"SORBI_3001G095750",0.39581,0.868794135547228,NA,NA
"PWY-6443","benzoate biosynthesis I (CoA-dependent, &beta;-oxidative)",0.0081991800819918,0.0350173316001733,"SORBI_3007G157100",0.39587,0.868794135547228,NA,NA
"PWY-6443","benzoate biosynthesis I (CoA-dependent, &beta;-oxidative)",0.0081991800819918,0.0350173316001733,"SORBI_3002G019900",0.39766,0.869771987389822,NA,NA
"PWY-6443","benzoate biosynthesis I (CoA-dependent, &beta;-oxidative)",0.0081991800819918,0.0350173316001733,"SORBI_3002G042200",0.40582,0.87186620170724,NA,NA
"PWY-6443","benzoate biosynthesis I (CoA-dependent, &beta;-oxidative)",0.0081991800819918,0.0350173316001733,"SORBI_3002G228600",0.40722,0.872375215060545,NA,NA
"PWY-6443","benzoate biosynthesis I (CoA-dependent, &beta;-oxidative)",0.0081991800819918,0.0350173316001733,"SORBI_3002G224800",0.42068,0.875955992523135,NA,NA
"PWY-6443","benzoate biosynthesis I (CoA-dependent, &beta;-oxidative)",0.0081991800819918,0.0350173316001733,"SORBI_3002G395300",0.44691,0.883849934214356,NA,NA
"PWY-6443","benzoate biosynthesis I (CoA-dependent, &beta;-oxidative)",0.0081991800819918,0.0350173316001733,"SORBI_3002G394700",0.45207,0.885551423875433,NA,NA
"PWY-6443","benzoate biosynthesis I (CoA-dependent, &beta;-oxidative)",0.0081991800819918,0.0350173316001733,"SORBI_3002G395200",0.46201,0.888481287900175,NA,NA
"PWY-6443","benzoate biosynthesis I (CoA-dependent, &beta;-oxidative)",0.0081991800819918,0.0350173316001733,"SORBI_3006G020300",0.4625,0.888481287900175,NA,NA
"PWY-6443","benzoate biosynthesis I (CoA-dependent, &beta;-oxidative)",0.0081991800819918,0.0350173316001733,"SORBI_3009G078600",0.47454,0.891411281231041,NA,NA
"PWY-6443","benzoate biosynthesis I (CoA-dependent, &beta;-oxidative)",0.0081991800819918,0.0350173316001733,"SORBI_3008G074800",0.47552,0.891411281231041,NA,NA
"PWY-6443","benzoate biosynthesis I (CoA-dependent, &beta;-oxidative)",0.0081991800819918,0.0350173316001733,"SORBI_3008G127000",0.47702,0.891556683900776,NA,NA
"PWY-6443","benzoate biosynthesis I (CoA-dependent, &beta;-oxidative)",0.0081991800819918,0.0350173316001733,"SORBI_3001G258500",0.47975,0.891789429759755,NA,NA
"PWY-6443","benzoate biosynthesis I (CoA-dependent, &beta;-oxidative)",0.0081991800819918,0.0350173316001733,"SORBI_3003G392200",0.49326,0.894683521633344,NA,NA
"PWY-6443","benzoate biosynthesis I (CoA-dependent, &beta;-oxidative)",0.0081991800819918,0.0350173316001733,"SORBI_3002G370000",0.49424,0.894683521633344,NA,NA
"PWY-6443","benzoate biosynthesis I (CoA-dependent, &beta;-oxidative)",0.0081991800819918,0.0350173316001733,"SORBI_3006G019700",0.50284,0.895437087170364,NA,NA
"PWY-6443","benzoate biosynthesis I (CoA-dependent, &beta;-oxidative)",0.0081991800819918,0.0350173316001733,"SORBI_3003G019300",0.5053,0.895986902276049,NA,NA
"PWY-6443","benzoate biosynthesis I (CoA-dependent, &beta;-oxidative)",0.0081991800819918,0.0350173316001733,"SORBI_3002G228000",0.50685,0.896001426570524,NA,NA
"PWY-6443","benzoate biosynthesis I (CoA-dependent, &beta;-oxidative)",0.0081991800819918,0.0350173316001733,"SORBI_3009G098200",0.51469,0.897463900210461,NA,NA
"PWY-6443","benzoate biosynthesis I (CoA-dependent, &beta;-oxidative)",0.0081991800819918,0.0350173316001733,"SORBI_3001G431500",0.53419,0.900632758928129,NA,NA
"PWY-6443","benzoate biosynthesis I (CoA-dependent, &beta;-oxidative)",0.0081991800819918,0.0350173316001733,"SORBI_3002G227900",0.53835,0.901283846343387,NA,NA
"PWY-6443","benzoate biosynthesis I (CoA-dependent, &beta;-oxidative)",0.0081991800819918,0.0350173316001733,"SORBI_3001G277800",0.54161,0.901620127891023,NA,NA
"PWY-6443","benzoate biosynthesis I (CoA-dependent, &beta;-oxidative)",0.0081991800819918,0.0350173316001733,"SORBI_3006G020200",0.56673,0.90595706344354,NA,NA
"PWY-6443","benzoate biosynthesis I (CoA-dependent, &beta;-oxidative)",0.0081991800819918,0.0350173316001733,"SORBI_3002G042000",0.59337,0.906458060992465,NA,NA
"PWY-6443","benzoate biosynthesis I (CoA-dependent, &beta;-oxidative)",0.0081991800819918,0.0350173316001733,"SORBI_3002G394900",0.60779,0.90732356747496,NA,NA
"PWY-6443","benzoate biosynthesis I (CoA-dependent, &beta;-oxidative)",0.0081991800819918,0.0350173316001733,"SORBI_3003G363300",0.61172,0.908246107080419,NA,NA
"PWY-6443","benzoate biosynthesis I (CoA-dependent, &beta;-oxidative)",0.0081991800819918,0.0350173316001733,"SORBI_3002G228400",0.6192,0.909606143207962,NA,NA
"PWY-6443","benzoate biosynthesis I (CoA-dependent, &beta;-oxidative)",0.0081991800819918,0.0350173316001733,"SORBI_3005G097400",0.63301,0.911792789297375,NA,NA
"PWY-6443","benzoate biosynthesis I (CoA-dependent, &beta;-oxidative)",0.0081991800819918,0.0350173316001733,"SORBI_3001G201800",0.64566,0.912663663839694,NA,NA
"PWY-6443","benzoate biosynthesis I (CoA-dependent, &beta;-oxidative)",0.0081991800819918,0.0350173316001733,"SORBI_3002G164400",0.64915,0.912821848343193,NA,NA
"PWY-6443","benzoate biosynthesis I (CoA-dependent, &beta;-oxidative)",0.0081991800819918,0.0350173316001733,"SORBI_3005G089000",0.65321,0.913331163211583,NA,NA
"PWY-6443","benzoate biosynthesis I (CoA-dependent, &beta;-oxidative)",0.0081991800819918,0.0350173316001733,"SORBI_3001G063000",0.67044,0.915032724209851,NA,NA
"PWY-6443","benzoate biosynthesis I (CoA-dependent, &beta;-oxidative)",0.0081991800819918,0.0350173316001733,"SORBI_3005G089200",0.67443,0.916068183053014,NA,NA
"PWY-6443","benzoate biosynthesis I (CoA-dependent, &beta;-oxidative)",0.0081991800819918,0.0350173316001733,"SORBI_3003G065600",0.67794,0.916473723836052,NA,NA
"PWY-6443","benzoate biosynthesis I (CoA-dependent, &beta;-oxidative)",0.0081991800819918,0.0350173316001733,"SORBI_3010G259500",0.68247,0.917076780886886,NA,NA
"PWY-6443","benzoate biosynthesis I (CoA-dependent, &beta;-oxidative)",0.0081991800819918,0.0350173316001733,"SORBI_3005G099800",0.6885,0.918435679685967,NA,NA
"PWY-6443","benzoate biosynthesis I (CoA-dependent, &beta;-oxidative)",0.0081991800819918,0.0350173316001733,"SORBI_3009G136400",0.7262,0.923085087725861,NA,NA
"PWY-6443","benzoate biosynthesis I (CoA-dependent, &beta;-oxidative)",0.0081991800819918,0.0350173316001733,"SORBI_3010G083300",0.73915,0.924764926906507,NA,NA
"PWY-6443","benzoate biosynthesis I (CoA-dependent, &beta;-oxidative)",0.0081991800819918,0.0350173316001733,"SORBI_3009G078700",0.75798,0.925196496222919,NA,NA
"PWY-6443","benzoate biosynthesis I (CoA-dependent, &beta;-oxidative)",0.0081991800819918,0.0350173316001733,"SORBI_3004G121200",0.76624,0.925326666785156,NA,NA
"PWY-6443","benzoate biosynthesis I (CoA-dependent, &beta;-oxidative)",0.0081991800819918,0.0350173316001733,"SORBI_3010G259300",0.76975,0.926175926778317,NA,NA
"PWY-6443","benzoate biosynthesis I (CoA-dependent, &beta;-oxidative)",0.0081991800819918,0.0350173316001733,"SORBI_3010G259600",0.77395,0.92668937451547,NA,NA
"PWY-6443","benzoate biosynthesis I (CoA-dependent, &beta;-oxidative)",0.0081991800819918,0.0350173316001733,"SORBI_3007G041701",0.79235,0.928475070014486,NA,NA
"PWY-6443","benzoate biosynthesis I (CoA-dependent, &beta;-oxidative)",0.0081991800819918,0.0350173316001733,"SORBI_3007G157900",0.80876,0.931143875808801,NA,NA
"PWY-6443","benzoate biosynthesis I (CoA-dependent, &beta;-oxidative)",0.0081991800819918,0.0350173316001733,"SORBI_3010G156000",0.81128,0.931607921481181,NA,NA
"PWY-6443","benzoate biosynthesis I (CoA-dependent, &beta;-oxidative)",0.0081991800819918,0.0350173316001733,"SORBI_3010G083400",0.83839,0.934109190853698,NA,NA
"PWY-6443","benzoate biosynthesis I (CoA-dependent, &beta;-oxidative)",0.0081991800819918,0.0350173316001733,"SORBI_3002G227800",0.83869,0.934109190853698,NA,NA
"PWY-6443","benzoate biosynthesis I (CoA-dependent, &beta;-oxidative)",0.0081991800819918,0.0350173316001733,"SORBI_3002G042100",0.84944,0.935660055379234,NA,NA
"PWY-6443","benzoate biosynthesis I (CoA-dependent, &beta;-oxidative)",0.0081991800819918,0.0350173316001733,"SORBI_3009G136300",0.85799,0.936994705655403,NA,NA
"PWY-6443","benzoate biosynthesis I (CoA-dependent, &beta;-oxidative)",0.0081991800819918,0.0350173316001733,"SORBI_3009G078900",0.86603,0.938807128270581,NA,NA
"PWY-6443","benzoate biosynthesis I (CoA-dependent, &beta;-oxidative)",0.0081991800819918,0.0350173316001733,"SORBI_3001G273200",0.87519,0.940470043340715,NA,NA
"PWY-6443","benzoate biosynthesis I (CoA-dependent, &beta;-oxidative)",0.0081991800819918,0.0350173316001733,"SORBI_3007G157800",0.89493,0.944822643420971,NA,NA
"PWY-6443","benzoate biosynthesis I (CoA-dependent, &beta;-oxidative)",0.0081991800819918,0.0350173316001733,"SORBI_3001G271600",0.94584,0.964509034882325,NA,NA
"PWY-6443","benzoate biosynthesis I (CoA-dependent, &beta;-oxidative)",0.0081991800819918,0.0350173316001733,"SORBI_3010G083200",0.97099,0.976712192904525,NA,NA
"PWY-5048","rosmarinic acid biosynthesis I",0.0084991500849915,0.0359242426272837,"SORBI_3001G500800",0.0010609,0.0438923146163216,NA,NA
"PWY-5048","rosmarinic acid biosynthesis I",0.0084991500849915,0.0359242426272837,"SORBI_3007G089900",0.0083036,0.169398427147147,NA,NA
"PWY-5048","rosmarinic acid biosynthesis I",0.0084991500849915,0.0359242426272837,"SORBI_3003G008900",0.019757,0.271887208822339,NA,NA
"PWY-5048","rosmarinic acid biosynthesis I",0.0084991500849915,0.0359242426272837,"SORBI_3003G045600",0.046008,0.424085138670285,NA,NA
"PWY-5048","rosmarinic acid biosynthesis I",0.0084991500849915,0.0359242426272837,"SORBI_3001G518800",0.10567,0.604480023553163,NA,NA
"PWY-5048","rosmarinic acid biosynthesis I",0.0084991500849915,0.0359242426272837,"SORBI_3004G141200",0.20118,0.748211123275673,NA,NA
"PWY-5048","rosmarinic acid biosynthesis I",0.0084991500849915,0.0359242426272837,"SORBI_3006G148900",0.24986,0.791728944962687,NA,NA
"PWY-5048","rosmarinic acid biosynthesis I",0.0084991500849915,0.0359242426272837,"SORBI_3005G200300",0.28438,0.819210893598983,NA,NA
"PWY-5048","rosmarinic acid biosynthesis I",0.0084991500849915,0.0359242426272837,"SORBI_3006G148800",0.2894,0.822562354220698,NA,NA
"PWY-5048","rosmarinic acid biosynthesis I",0.0084991500849915,0.0359242426272837,"SORBI_3002G009700",0.35019,0.851338658030346,NA,NA
"PWY-5048","rosmarinic acid biosynthesis I",0.0084991500849915,0.0359242426272837,"SORBI_3004G272700",0.38108,0.861335131754059,NA,NA
"PWY-5048","rosmarinic acid biosynthesis I",0.0084991500849915,0.0359242426272837,"SORBI_3002G126600",0.39879,0.870283142123837,NA,NA
"PWY-5048","rosmarinic acid biosynthesis I",0.0084991500849915,0.0359242426272837,"SORBI_3002G009600",0.47189,0.891181258880995,NA,NA
"PWY-5048","rosmarinic acid biosynthesis I",0.0084991500849915,0.0359242426272837,"SORBI_3010G214900",0.50362,0.895437087170364,NA,NA
"PWY-5048","rosmarinic acid biosynthesis I",0.0084991500849915,0.0359242426272837,"SORBI_3003G337400",0.50434,0.895546906790737,NA,NA
"PWY-5048","rosmarinic acid biosynthesis I",0.0084991500849915,0.0359242426272837,"SORBI_3001G187000",0.60571,0.90732356747496,NA,NA
"PWY-5048","rosmarinic acid biosynthesis I",0.0084991500849915,0.0359242426272837,"SORBI_3004G062500",0.60584,0.90732356747496,NA,NA
"PWY-5048","rosmarinic acid biosynthesis I",0.0084991500849915,0.0359242426272837,"SORBI_3007G145600",0.63622,0.912350959959581,NA,NA
"PWY-5048","rosmarinic acid biosynthesis I",0.0084991500849915,0.0359242426272837,"SORBI_3001G465600",0.74805,0.925120676022715,NA,NA
"PWY-5048","rosmarinic acid biosynthesis I",0.0084991500849915,0.0359242426272837,"SORBI_3004G220600",0.75753,0.925196496222919,NA,NA
"PWY-5048","rosmarinic acid biosynthesis I",0.0084991500849915,0.0359242426272837,"SORBI_3001G160500",0.76919,0.92609583873826,NA,NA
"PWY-5048","rosmarinic acid biosynthesis I",0.0084991500849915,0.0359242426272837,"SORBI_3004G220700",0.83227,0.934028043298901,NA,NA
"PWY-5048","rosmarinic acid biosynthesis I",0.0084991500849915,0.0359242426272837,"SORBI_3004G220400",0.85883,0.937435064104624,NA,NA
"PWY-5048","rosmarinic acid biosynthesis I",0.0084991500849915,0.0359242426272837,"SORBI_3004G220300",0.86353,0.938128951826871,NA,NA
"PWY-5048","rosmarinic acid biosynthesis I",0.0084991500849915,0.0359242426272837,"SORBI_3004G220500",0.8925,0.944623529173546,NA,NA
"PWY-5137","fatty acid &beta;-oxidation III (unsaturated, odd number)",0.0106989301069893,0.0446855314468553,"SORBI_3009G207100",0.0018464,0.066156823628692,NA,NA
"PWY-5137","fatty acid &beta;-oxidation III (unsaturated, odd number)",0.0106989301069893,0.0446855314468553,"SORBI_3009G111400",0.016806,0.248279431986093,NA,NA
"PWY-5137","fatty acid &beta;-oxidation III (unsaturated, odd number)",0.0106989301069893,0.0446855314468553,"SORBI_3004G124200",0.15455,0.690775497106786,NA,NA
"PWY-5137","fatty acid &beta;-oxidation III (unsaturated, odd number)",0.0106989301069893,0.0446855314468553,"SORBI_3003G158300",0.51021,0.896244684740511,NA,NA
"PWY-5137","fatty acid &beta;-oxidation III (unsaturated, odd number)",0.0106989301069893,0.0446855314468553,"SORBI_3003G025000",0.94368,0.963247244643447,NA,NA
"PWY-5137","fatty acid &beta;-oxidation III (unsaturated, odd number)",0.0106989301069893,0.0446855314468553,"SORBI_3003G024900",0.94535,0.964247876704102,NA,NA
"PWY-5723","Rubisco shunt",0.0108989101089891,0.0446855314468553,"SORBI_3002G051100",0.00063458,0.0298754563900415,NA,NA
"PWY-5723","Rubisco shunt",0.0108989101089891,0.0446855314468553,"SORBI_3006G034300",0.0022951,0.0781138894789579,NA,NA
"PWY-5723","Rubisco shunt",0.0108989101089891,0.0446855314468553,"SORBI_3004G272100",0.02466,0.307724548126378,NA,NA
"PWY-5723","Rubisco shunt",0.0108989101089891,0.0446855314468553,"SORBI_3009G062800",0.092483,0.574631143978102,NA,NA
"PWY-5723","Rubisco shunt",0.0108989101089891,0.0446855314468553,"SORBI_3001G384100",0.10031,0.592664771264568,NA,NA
"PWY-5723","Rubisco shunt",0.0108989101089891,0.0446855314468553,"SORBI_3001G140700",0.10886,0.611181424793388,NA,NA
"PWY-5723","Rubisco shunt",0.0108989101089891,0.0446855314468553,"SORBI_3005G042000",0.17571,0.721598545520493,NA,NA
"PWY-5723","Rubisco shunt",0.0108989101089891,0.0446855314468553,"SORBI_3001G069000",0.21943,0.769397911725276,NA,NA
"PWY-5723","Rubisco shunt",0.0108989101089891,0.0446855314468553,"SORBI_3001G290600",0.2349,0.783935946582875,NA,NA
"PWY-5723","Rubisco shunt",0.0108989101089891,0.0446855314468553,"SORBI_3001G386900",0.25119,0.793109747563805,NA,NA
"PWY-5723","Rubisco shunt",0.0108989101089891,0.0446855314468553,"SORBI_3003G410500",0.28934,0.822562354220698,NA,NA
"PWY-5723","Rubisco shunt",0.0108989101089891,0.0446855314468553,"SORBI_3008G135701",0.29568,0.826658679152292,NA,NA
"PWY-5723","Rubisco shunt",0.0108989101089891,0.0446855314468553,"SORBI_3003G336000",0.3009,0.828914900656881,NA,NA
"PWY-5723","Rubisco shunt",0.0108989101089891,0.0446855314468553,"SORBI_3001G057200",0.33121,0.843594761619639,NA,NA
"PWY-5723","Rubisco shunt",0.0108989101089891,0.0446855314468553,"SORBI_3002G054400",0.35799,0.854333790249036,NA,NA
"PWY-5723","Rubisco shunt",0.0108989101089891,0.0446855314468553,"SORBI_3002G257300",0.40388,0.871407082910107,NA,NA
"PWY-5723","Rubisco shunt",0.0108989101089891,0.0446855314468553,"SORBI_3007G078400",0.45431,0.885913390469661,NA,NA
"PWY-5723","Rubisco shunt",0.0108989101089891,0.0446855314468553,"SORBI_3007G080150",0.47856,0.891684888317092,NA,NA
"PWY-5723","Rubisco shunt",0.0108989101089891,0.0446855314468553,"SORBI_3008G116600",0.50936,0.896244684740511,NA,NA
"PWY-5723","Rubisco shunt",0.0108989101089891,0.0446855314468553,"SORBI_3006G200800",0.52227,0.899662297982358,NA,NA
"PWY-5723","Rubisco shunt",0.0108989101089891,0.0446855314468553,"SORBI_3006G267200",0.58904,0.906458060992465,NA,NA
"PWY-5723","Rubisco shunt",0.0108989101089891,0.0446855314468553,"SORBI_3005G194400",0.60223,0.90732356747496,NA,NA
"PWY-5723","Rubisco shunt",0.0108989101089891,0.0446855314468553,"SORBI_3007G043400",0.65523,0.913506754396703,NA,NA
"PWY-5723","Rubisco shunt",0.0108989101089891,0.0446855314468553,"SORBI_3003G130800",0.66422,0.914081365974163,NA,NA
"PWY-5723","Rubisco shunt",0.0108989101089891,0.0446855314468553,"SORBI_3010G024000",0.67261,0.915471822989703,NA,NA
"PWY-5723","Rubisco shunt",0.0108989101089891,0.0446855314468553,"SORBI_3005G034400",0.68297,0.917076780886886,NA,NA
"PWY-5723","Rubisco shunt",0.0108989101089891,0.0446855314468553,"SORBI_3010G023700",0.68846,0.918435679685967,NA,NA
"PWY-5723","Rubisco shunt",0.0108989101089891,0.0446855314468553,"SORBI_3005G033000",0.7111,0.920429839334549,NA,NA
"PWY-5723","Rubisco shunt",0.0108989101089891,0.0446855314468553,"SORBI_3003G244700",0.72005,0.921932162916054,NA,NA
"PWY-5723","Rubisco shunt",0.0108989101089891,0.0446855314468553,"SORBI_3002G186900",0.7431,0.925120676022715,NA,NA
"PWY-5723","Rubisco shunt",0.0108989101089891,0.0446855314468553,"SORBI_3003G172800",0.76426,0.925196496222919,NA,NA
"PWY-5723","Rubisco shunt",0.0108989101089891,0.0446855314468553,"SORBI_3001G426100",0.76963,0.926168150286969,NA,NA
"PWY-5723","Rubisco shunt",0.0108989101089891,0.0446855314468553,"SORBI_3010G026925",0.77103,0.926367266199774,NA,NA
"PWY-5723","Rubisco shunt",0.0108989101089891,0.0446855314468553,"SORBI_3003G182400",0.8034,0.93054523644163,NA,NA
"PWY-5723","Rubisco shunt",0.0108989101089891,0.0446855314468553,"SORBI_3010G027000",0.84948,0.935660055379234,NA,NA
"PWY-5723","Rubisco shunt",0.0108989101089891,0.0446855314468553,"SORBI_3005G101400",0.86506,0.93852986521017,NA,NA
"PWY-5723","Rubisco shunt",0.0108989101089891,0.0446855314468553,"SORBI_3001G491000",0.9126,0.951188566694283,NA,NA
"PWY-5723","Rubisco shunt",0.0108989101089891,0.0446855314468553,"SORBI_3008G033600",0.91453,0.951729351588104,NA,NA
"PWY4FS-10","scopolin biosynthesis",0.0107989201079892,0.0446855314468553,"SORBI_3001G093100",0.00081187,0.0361900108792651,NA,NA
"PWY4FS-10","scopolin biosynthesis",0.0107989201079892,0.0446855314468553,"SORBI_3002G366500",0.22354,0.772382295882054,NA,NA
"PWY4FS-10","scopolin biosynthesis",0.0107989201079892,0.0446855314468553,"SORBI_3003G232900",0.29622,0.826658679152292,NA,NA
"PWY4FS-10","scopolin biosynthesis",0.0107989201079892,0.0446855314468553,"SORBI_3003G233000",0.4159,0.874602422479421,NA,NA
"PWY4FS-10","scopolin biosynthesis",0.0107989201079892,0.0446855314468553,"SORBI_3003G233100",0.56061,0.904952678325334,NA,NA
"PWY4FS-10","scopolin biosynthesis",0.0107989201079892,0.0446855314468553,"SORBI_3001G459700",0.73584,0.924376632107147,NA,NA
"PWY-5083","NAD/NADH phosphorylation and dephosphorylation",0.0118988101189881,0.048302100483021,"SORBI_3001G134200",0.000538,0.0265228534107402,NA,NA
"PWY-5083","NAD/NADH phosphorylation and dephosphorylation",0.0118988101189881,0.048302100483021,"SORBI_3009G209400",0.0012,0.0480745205188679,NA,NA
"PWY-5083","NAD/NADH phosphorylation and dephosphorylation",0.0118988101189881,0.048302100483021,"SORBI_3009G191400",0.026746,0.322270798864846,NA,NA
"PWY-5083","NAD/NADH phosphorylation and dephosphorylation",0.0118988101189881,0.048302100483021,"SORBI_3007G172300",0.054298,0.457291473227566,NA,NA
"PWY-5083","NAD/NADH phosphorylation and dephosphorylation",0.0118988101189881,0.048302100483021,"SORBI_3010G201266",0.056928,0.466902739014969,NA,NA
"PWY-5083","NAD/NADH phosphorylation and dephosphorylation",0.0118988101189881,0.048302100483021,"SORBI_3003G172966",0.079467,0.539959109621924,NA,NA
"PWY-5083","NAD/NADH phosphorylation and dephosphorylation",0.0118988101189881,0.048302100483021,"SORBI_3003G173032",0.079467,0.539959109621924,NA,NA
"PWY-5083","NAD/NADH phosphorylation and dephosphorylation",0.0118988101189881,0.048302100483021,"SORBI_3002G149550",0.1163,0.627340336668255,NA,NA
"PWY-5083","NAD/NADH phosphorylation and dephosphorylation",0.0118988101189881,0.048302100483021,"SORBI_3004G155100",0.12769,0.64706045502014,NA,NA
"PWY-5083","NAD/NADH phosphorylation and dephosphorylation",0.0118988101189881,0.048302100483021,"SORBI_3005G068700",0.15176,0.685892101902355,NA,NA
"PWY-5083","NAD/NADH phosphorylation and dephosphorylation",0.0118988101189881,0.048302100483021,"SORBI_3001G073600",0.15254,0.686540211976682,NA,NA
"PWY-5083","NAD/NADH phosphorylation and dephosphorylation",0.0118988101189881,0.048302100483021,"SORBI_3003G286200",0.17844,0.724228878002151,NA,NA
"PWY-5083","NAD/NADH phosphorylation and dephosphorylation",0.0118988101189881,0.048302100483021,"SORBI_3001G115700",0.19858,0.745502657164954,NA,NA
"PWY-5083","NAD/NADH phosphorylation and dephosphorylation",0.0118988101189881,0.048302100483021,"SORBI_3001G286200",0.24434,0.790209417879418,NA,NA
"PWY-5083","NAD/NADH phosphorylation and dephosphorylation",0.0118988101189881,0.048302100483021,"SORBI_3009G176000",0.2928,0.825230219389022,NA,NA
"PWY-5083","NAD/NADH phosphorylation and dephosphorylation",0.0118988101189881,0.048302100483021,"SORBI_3007G211500",0.30927,0.832736749108204,NA,NA
"PWY-5083","NAD/NADH phosphorylation and dephosphorylation",0.0118988101189881,0.048302100483021,"SORBI_3007G133500",0.31345,0.834771373255996,NA,NA
"PWY-5083","NAD/NADH phosphorylation and dephosphorylation",0.0118988101189881,0.048302100483021,"SORBI_3001G251750",0.33797,0.84656445980731,NA,NA
"PWY-5083","NAD/NADH phosphorylation and dephosphorylation",0.0118988101189881,0.048302100483021,"SORBI_3009G095720",0.34123,0.848280084894614,NA,NA
"PWY-5083","NAD/NADH phosphorylation and dephosphorylation",0.0118988101189881,0.048302100483021,"SORBI_3003G432100",0.3722,0.858725623471883,NA,NA
"PWY-5083","NAD/NADH phosphorylation and dephosphorylation",0.0118988101189881,0.048302100483021,"SORBI_3007G168400",0.38879,0.864388250997841,NA,NA
"PWY-5083","NAD/NADH phosphorylation and dephosphorylation",0.0118988101189881,0.048302100483021,"SORBI_3002G356400",0.41036,0.873023808092196,NA,NA
"PWY-5083","NAD/NADH phosphorylation and dephosphorylation",0.0118988101189881,0.048302100483021,"SORBI_3010G098800",0.43594,0.880206307928449,NA,NA
"PWY-5083","NAD/NADH phosphorylation and dephosphorylation",0.0118988101189881,0.048302100483021,"SORBI_3002G254500",0.45359,0.885848580545015,NA,NA
"PWY-5083","NAD/NADH phosphorylation and dephosphorylation",0.0118988101189881,0.048302100483021,"SORBI_3001G473400",0.49798,0.894683521633344,NA,NA
"PWY-5083","NAD/NADH phosphorylation and dephosphorylation",0.0118988101189881,0.048302100483021,"SORBI_3003G429000",0.51623,0.89806333589389,NA,NA
"PWY-5083","NAD/NADH phosphorylation and dephosphorylation",0.0118988101189881,0.048302100483021,"SORBI_3004G249200",0.5194,0.89863596210655,NA,NA
"PWY-5083","NAD/NADH phosphorylation and dephosphorylation",0.0118988101189881,0.048302100483021,"SORBI_3003G135600",0.53224,0.900592470113569,NA,NA
"PWY-5083","NAD/NADH phosphorylation and dephosphorylation",0.0118988101189881,0.048302100483021,"SORBI_3003G429300",0.54708,0.903008213713008,NA,NA
"PWY-5083","NAD/NADH phosphorylation and dephosphorylation",0.0118988101189881,0.048302100483021,"SORBI_3001G519000",0.56491,0.90595706344354,NA,NA
"PWY-5083","NAD/NADH phosphorylation and dephosphorylation",0.0118988101189881,0.048302100483021,"SORBI_3003G168300",0.57943,0.906458060992465,NA,NA
"PWY-5083","NAD/NADH phosphorylation and dephosphorylation",0.0118988101189881,0.048302100483021,"SORBI_3003G429200",0.58463,0.906458060992465,NA,NA
"PWY-5083","NAD/NADH phosphorylation and dephosphorylation",0.0118988101189881,0.048302100483021,"SORBI_3005G031000",0.59652,0.906458060992465,NA,NA
"PWY-5083","NAD/NADH phosphorylation and dephosphorylation",0.0118988101189881,0.048302100483021,"SORBI_3003G173200",0.60331,0.90732356747496,NA,NA
"PWY-5083","NAD/NADH phosphorylation and dephosphorylation",0.0118988101189881,0.048302100483021,"SORBI_3007G134900",0.61025,0.908131337944924,NA,NA
"PWY-5083","NAD/NADH phosphorylation and dephosphorylation",0.0118988101189881,0.048302100483021,"SORBI_3001G282500",0.61534,0.909382778454577,NA,NA
"PWY-5083","NAD/NADH phosphorylation and dephosphorylation",0.0118988101189881,0.048302100483021,"SORBI_3004G344800",0.61562,0.909424324745616,NA,NA
"PWY-5083","NAD/NADH phosphorylation and dephosphorylation",0.0118988101189881,0.048302100483021,"SORBI_3003G279200",0.67026,0.915032724209851,NA,NA
"PWY-5083","NAD/NADH phosphorylation and dephosphorylation",0.0118988101189881,0.048302100483021,"SORBI_3002G395000",0.68597,0.918036431188684,NA,NA
"PWY-5083","NAD/NADH phosphorylation and dephosphorylation",0.0118988101189881,0.048302100483021,"SORBI_3003G170300",0.71056,0.920429839334549,NA,NA
"PWY-5083","NAD/NADH phosphorylation and dephosphorylation",0.0118988101189881,0.048302100483021,"SORBI_3001G392800",0.71647,0.92125676852097,NA,NA
"PWY-5083","NAD/NADH phosphorylation and dephosphorylation",0.0118988101189881,0.048302100483021,"SORBI_3003G322300",0.72073,0.922085643728354,NA,NA
"PWY-5083","NAD/NADH phosphorylation and dephosphorylation",0.0118988101189881,0.048302100483021,"SORBI_3002G176800",0.72979,0.92376537920512,NA,NA
"PWY-5083","NAD/NADH phosphorylation and dephosphorylation",0.0118988101189881,0.048302100483021,"SORBI_3003G416200",0.74858,0.925120676022715,NA,NA
"PWY-5083","NAD/NADH phosphorylation and dephosphorylation",0.0118988101189881,0.048302100483021,"SORBI_3002G396700",0.77668,0.927054545231158,NA,NA
"PWY-5083","NAD/NADH phosphorylation and dephosphorylation",0.0118988101189881,0.048302100483021,"SORBI_3009G123700",0.77855,0.927288384858044,NA,NA
"PWY-5083","NAD/NADH phosphorylation and dephosphorylation",0.0118988101189881,0.048302100483021,"SORBI_3004G166400",0.77972,0.927323002835837,NA,NA
"PWY-5083","NAD/NADH phosphorylation and dephosphorylation",0.0118988101189881,0.048302100483021,"SORBI_3001G230050",0.80355,0.93054523644163,NA,NA
"PWY-5083","NAD/NADH phosphorylation and dephosphorylation",0.0118988101189881,0.048302100483021,"SORBI_3003G296800",0.83457,0.934109190853698,NA,NA
"PWY-5083","NAD/NADH phosphorylation and dephosphorylation",0.0118988101189881,0.048302100483021,"SORBI_3002G246200",0.84561,0.935201213492658,NA,NA
"PWY-5083","NAD/NADH phosphorylation and dephosphorylation",0.0118988101189881,0.048302100483021,"SORBI_3001G164350",0.8604,0.937653415939985,NA,NA
"PWY-5083","NAD/NADH phosphorylation and dephosphorylation",0.0118988101189881,0.048302100483021,"SORBI_3002G308300",0.93476,0.95967939912347,NA,NA
"PWY-1422","vitamin E biosynthesis (tocopherols)",0.0121987801219878,0.049034312255049,"SORBI_3004G053700",0.0097736,0.183313015571507,NA,NA
"PWY-1422","vitamin E biosynthesis (tocopherols)",0.0121987801219878,0.049034312255049,"SORBI_3002G104200",0.011729,0.203559130745659,NA,NA
"PWY-1422","vitamin E biosynthesis (tocopherols)",0.0121987801219878,0.049034312255049,"SORBI_3003G320000",0.053931,0.456030439880508,NA,NA
"PWY-1422","vitamin E biosynthesis (tocopherols)",0.0121987801219878,0.049034312255049,"SORBI_3004G269800",0.12802,0.648106558867362,NA,NA
"PWY-1422","vitamin E biosynthesis (tocopherols)",0.0121987801219878,0.049034312255049,"SORBI_3010G215600",0.14367,0.67525098796181,NA,NA
"PWY-1422","vitamin E biosynthesis (tocopherols)",0.0121987801219878,0.049034312255049,"SORBI_3008G171300",0.18309,0.730210765258216,NA,NA
"PWY-1422","vitamin E biosynthesis (tocopherols)",0.0121987801219878,0.049034312255049,"SORBI_3008G171000",0.18942,0.737117315259666,NA,NA
"PWY-1422","vitamin E biosynthesis (tocopherols)",0.0121987801219878,0.049034312255049,"SORBI_3004G125800",0.19483,0.742222126777915,NA,NA
"PWY-1422","vitamin E biosynthesis (tocopherols)",0.0121987801219878,0.049034312255049,"SORBI_3002G105600",0.21948,0.769397911725276,NA,NA
"PWY-1422","vitamin E biosynthesis (tocopherols)",0.0121987801219878,0.049034312255049,"SORBI_3002G351600",0.29097,0.824210074912602,NA,NA
"PWY-1422","vitamin E biosynthesis (tocopherols)",0.0121987801219878,0.049034312255049,"SORBI_3006G183500",0.33689,0.846010840603283,NA,NA
"PWY-1422","vitamin E biosynthesis (tocopherols)",0.0121987801219878,0.049034312255049,"SORBI_3008G022000",0.4317,0.878866860653281,NA,NA
"PWY-1422","vitamin E biosynthesis (tocopherols)",0.0121987801219878,0.049034312255049,"SORBI_3005G190800",0.9929,0.993455705785319,NA,NA
