"pathway_id","pathway_name","n_genes","calib_mode","acat_p","fisher_p","tfisher_p_analytic","tau_hat","tfisher_stat_hat","minp_p_analytic","stouffer_p_analytic","magma_pvalue","omni_p_analytic","omni_p_analytic_BH","omni_p_global","omni_p_global_BH","omni_p_mvn","omni_p_mvn_BH","acat_p_mvn_cal","fisher_p_mvn_cal","tfisher_p_mvn_cal","minp_p_mvn_cal","stouffer_p_mvn_cal","omni_p_mvn_compcal","omni_p_final","omni_p_final_BH","omni_p_final_q_storey","omni_p_final_q_bky10","omni_p_final_q_ihw10","genes_used","gene_pvals_used"
"PWY-5884","wax esters biosynthesis I",30,"mvn",0.00181998352985926,9.35099697931754e-08,1e-50,0.05,64.7539886525078,0.00590685247805566,2.54122249416507e-07,NA,5.55111512312578e-17,1.78190795452338e-14,NA,NA,7.6999923000077e-05,0.0247169752830247,NA,NA,NA,NA,NA,NA,7.6999923000077e-05,0.0247169752830247,0.0247169752830247,0.0247942158307842,0.0247169752830247,"AT5G22500;AT3G56700;AT3G44560;AT3G11980;AT3G60060;AT3G44550;AT3G44540;AT1G72110;AT2G38995;AT2G43255;AT3G49190;AT3G49200;AT3G49210;AT5G12420;AT5G16350;AT5G22490;AT5G53380;AT5G53390;AT5G55380;AT5G55360;AT3G51970;AT1G34490;AT5G55320;AT5G55370;AT5G55340;AT5G55330;AT5G55350;AT1G34500;AT1G34520;AT5G51420","1.457e-01;6.377e-01;3.337e-01;4.312e-01;6.244e-01;3.742e-01;2.709e-01;5.003e-01;9.322e-01;4.977e-01;9.896e-01;9.147e-01;7.619e-01;3.481e-01;8.742e-01;7.453e-01;6.892e-01;9.009e-01;1.975e-04;5.697e-04;3.710e-01;4.374e-01;9.795e-04;9.663e-04;3.121e-04;5.670e-04;3.602e-04;4.980e-01;6.112e-01;6.123e-01"
"PWY-5936","xyloglucan biosynthesis",27,"mvn",0.00547123721533784,0.749809580220067,0.000184932890674228,0.001,4.11745057570559,0.00343993629158868,0.250002139994878,NA,0.00085021986269751,0.13646028796295,NA,NA,0.00111999888000112,0.17975982024018,NA,NA,NA,NA,NA,NA,0.00111999888000112,0.17975982024018,0.17975982024018,0.18032156967843,0.17975982024018,"AT3G28180;AT4G31590;AT4G07960;AT3G07330;AT2G24630;AT1G18690;AT4G02500;AT3G62720;AT1G74380;AT2G22900;AT4G38310;AT4G37690;AT5G07720;AT1G63450;AT1G68470;AT2G29040;AT2G31990;AT2G32740;AT2G32750;AT4G13990;AT4G22580;AT5G41250;AT5G62220;AT2G20370;AT1G74420;AT2G03210;AT2G03220","2.791e-01;9.317e-01;8.593e-01;3.976e-01;9.996e-01;4.332e-01;7.152e-01;7.613e-01;7.613e-02;3.407e-01;3.526e-01;7.483e-01;8.168e-01;5.759e-01;7.558e-01;4.278e-01;8.157e-01;8.882e-01;8.478e-01;7.977e-01;4.808e-01;9.225e-01;9.282e-01;8.944e-01;1.276e-04;4.271e-01;3.405e-01"
"PWY-622","starch biosynthesis",23,"mvn",0.00877520988926049,0.555732562324431,0.00111052082971586,0.001,1.95480573741345,0.00861887466102679,0.102811072894348,NA,0.00438865304820973,0.469585876158442,NA,NA,0.00646299353700646,0.597701402298598,NA,NA,NA,NA,NA,NA,0.00646299353700646,0.597701402298598,0.597701402298598,0.599569219180781,0.597701402298598,"AT5G51820;AT1G70820;AT5G17530;AT1G70730;AT1G23190;AT5G42740;AT4G24620;AT2G39930;AT1G03310;AT1G32900;AT5G03650;AT2G36390;AT5G24300;AT3G01180;AT4G18240;AT1G11720;AT5G65685;AT1G05610;AT5G48300;AT5G19220;AT4G39210;AT2G21590;AT1G27680","5.595e-01;8.897e-01;7.456e-01;9.001e-01;5.200e-01;9.116e-01;4.955e-01;2.655e-01;7.946e-01;4.163e-01;3.589e-01;7.155e-01;3.763e-04;6.367e-01;4.887e-01;2.554e-01;4.103e-01;4.705e-01;8.420e-01;8.151e-01;3.259e-01;2.517e-01;4.812e-01"
"PWY-5064","chlorophyll <i>a</i> biosynthesis II",2,"mvn",0.00416919239776084,0.0135168764521105,0.512616716992225,0.005,1.79383981105729,0.00407408062484297,0.0118594929403311,NA,0.00776996432386362,0.623539636990056,NA,NA,0.00744799255200745,0.597701402298598,NA,NA,NA,NA,NA,NA,0.00744799255200745,0.597701402298598,0.597701402298598,0.599569219180781,0.597701402298598,"AT1G74470;AT3G51820","2.039e-03;9.093e-01"
"PWY-7193","pyrimidine ribonucleosides salvage I",18,"mvn",0.0133423668432244,0.469953885185807,0.0638545089115686,0.001,0.61893427309532,0.0131270102985136,0.607202249713666,NA,0.0300872067530539,0.999999464264088,NA,NA,0.0365849634150366,0.999978000022,NA,NA,NA,NA,NA,NA,0.0365849634150366,0.999978000022,0.999978000022,1,0.999978000022,"AT4G26510;AT3G27440;AT3G27190;AT1G03030;AT1G55810;AT5G40870;AT1G26190;AT1G73980;AT2G01460;AT4G29600;AT4G29620;AT4G29640;AT4G29570;AT4G29630;AT4G29650;AT4G29610;AT4G29580;AT2G19570","1.157e-01;7.196e-01;7.312e-01;4.470e-01;5.888e-01;6.073e-01;4.145e-01;7.338e-04;6.582e-01;6.693e-01;5.788e-01;8.450e-01;3.238e-01;6.960e-01;8.369e-01;3.615e-01;5.717e-01;6.211e-01"
"PWY-5084","2-oxoglutarate decarboxylation to succinyl-CoA",7,"mvn",0.0171384739845771,0.0811108037620284,0.52386253483445,0.005,1.40628872889506,0.0171977984870572,0.143964566540728,NA,0.0369599540611275,0.999999464264088,NA,NA,0.0419239580760419,0.999978000022,NA,NA,NA,NA,NA,NA,0.0419239580760419,0.999978000022,0.999978000022,1,0.999978000022,"AT3G17240;AT3G16950;AT4G16155;AT4G26910;AT5G55070;AT5G65750;AT3G55410","5.532e-01;6.150e-01;4.622e-01;1.311e-01;2.475e-03;5.954e-01;5.836e-01"
"PWY-4","UDP-&alpha;-D-galacturonate biosynthesis II (from D-galacturonate)",2,"mvn",0.0710448989534825,0.0779099761059759,0.712370851746981,0.05,0.585351562782084,0.0732341303208497,0.0194283167781017,NA,0.0557513972528015,0.999999464264088,NA,NA,0.0506519493480507,0.999978000022,NA,NA,NA,NA,NA,NA,0.0506519493480507,0.999978000022,0.999978000022,1,0.999978000022,"AT3G10700;AT5G52560","4.015e-01;3.731e-02"
"PWY-6122","5-aminoimidazole ribonucleotide biosynthesis II",7,"mvn",0.044397509544976,0.158415293971153,0.639779466644236,0.01,1.02595670657808,0.0411643970630272,0.0357422411777067,NA,0.0627067356638192,0.999999464264088,NA,NA,0.0675059324940675,0.999978000022,NA,NA,NA,NA,NA,NA,0.0675059324940675,0.999978000022,0.999978000022,1,0.999978000022,"AT1G31220;AT3G55010;AT1G74260;AT1G09830;AT4G38880;AT4G34740;AT2G16570","5.361e-01;7.002e-01;5.987e-03;8.897e-01;9.063e-01;9.367e-02;4.043e-01"
"PWY-6121","5-aminoimidazole ribonucleotide biosynthesis I",7,"mvn",0.044397509544976,0.158415293971153,0.639778243024171,0.01,1.02595670657808,0.0411643970630272,0.0357422411777067,NA,0.0627067242201744,0.999999464264088,NA,NA,0.0681509318490681,0.999978000022,NA,NA,NA,NA,NA,NA,0.0681509318490681,0.999978000022,0.999978000022,1,0.999978000022,"AT3G55010;AT1G74260;AT1G31220;AT1G09830;AT4G38880;AT4G34740;AT2G16570","7.002e-01;5.987e-03;5.361e-01;8.897e-01;9.063e-01;9.367e-02;4.043e-01"
"PWY-7343","UDP-&alpha;-D-glucose biosynthesis I",10,"mvn",0.0348612864403876,0.225772218070314,0.534369459570507,0.005,0.731782367327757,0.0341427057685569,0.056482142477785,NA,0.0627977363833218,0.999999464264088,NA,NA,0.0731399268600731,0.999978000022,NA,NA,NA,NA,NA,NA,0.0731399268600731,0.999978000022,0.999978000022,1,0.999978000022,"AT5G51820;AT1G70820;AT5G17530;AT1G70730;AT1G23190;AT3G56040;AT5G17310;AT3G03250;AT2G35020;AT5G52560","5.595e-01;8.897e-01;7.456e-01;9.001e-01;5.200e-01;7.443e-01;3.618e-01;8.353e-01;3.468e-03;3.731e-02"
"PWY-6287","neurosporene biosynthesis",3,"mvn",0.0486554251373092,0.162368576978793,0.671709343155438,0.02,0.902787117700794,0.0377199514610605,0.0781741047549084,NA,0.0777229674164778,0.999999464264088,NA,NA,0.0744669255330745,0.999978000022,NA,NA,NA,NA,NA,NA,0.0744669255330745,0.999978000022,0.999978000022,1,0.999978000022,"AT5G17230;AT4G14210;AT3G04870","1.273e-02;8.732e-01;9.016e-01"
"PWY-6623","salicylate glucosides biosynthesis II",2,"mvn",0.0941412192576089,0.11679048839528,0.747438086533905,0.05,0.0977545217302627,0.0929626219417214,0.0319610118305443,NA,0.0855570864706715,0.999999464264088,NA,NA,0.0762869237130763,0.999978000022,NA,NA,NA,NA,NA,NA,0.0762869237130763,0.999978000022,0.999978000022,1,0.999978000022,"AT3G21750;AT1G73880","5.226e-01;4.761e-02"
"PWY-5863","superpathway of phylloquinol biosynthesis",15,"mvn",0.0370707597898505,0.629056026708911,0.536926091458117,0.005,1.79383981105729,0.0301540332491802,0.57763776997905,NA,0.0849969328360029,0.999999464264088,NA,NA,0.0964949035050965,0.999978000022,NA,NA,NA,NA,NA,NA,0.0964949035050965,0.999978000022,0.999978000022,1,0.999978000022,"AT4G38460;AT3G14530;AT3G14510;AT1G17050;AT1G78510;AT3G59380;AT4G36810;AT2G23800;AT3G14550;AT2G18640;AT3G20160;AT3G29430;AT2G18620;AT1G49530;AT1G74470","5.395e-01;8.108e-01;9.014e-01;7.680e-01;9.543e-01;3.507e-01;3.835e-01;3.248e-01;8.308e-01;8.504e-01;2.517e-01;8.496e-01;9.743e-01;3.823e-01;2.039e-03"
"PYRIDNUCSYN-PWY","NAD <i>de novo</i> biosynthesis I (from aspartate)",5,"mvn",0.0590917219163946,0.0913645682038902,0.681910157687077,0.02,0.918250357263155,0.0616067990842307,0.114440244400915,NA,0.0973716889994779,0.999999464264088,NA,NA,0.0991459008540991,0.999978000022,NA,NA,NA,NA,NA,NA,0.0991459008540991,0.999978000022,0.999978000022,1,0.999978000022,"AT5G14760;AT5G50210;AT2G01350;AT1G55090;AT5G55810","2.271e-01;3.830e-01;5.592e-01;4.698e-01;1.264e-02"
"PWY-6066","IAA biosynthesis VII",2,"mvn",0.14472959785899,0.18870462634783,0.761984054539642,0.1,0.995911535418919,0.117860497668677,0.0618369907133292,NA,0.146187830513578,0.999999464264088,NA,NA,0.125560874439126,0.999978000022,NA,NA,NA,NA,NA,NA,0.125560874439126,0.999978000022,0.999978000022,1,0.999978000022,"AT3G06810;AT4G05530","7.626e-01;6.078e-02"
"UDPNACETYLGALSYN-PWY","UDP-<i>N</i>-acetyl-D-glucosamine biosynthesis II",13,"mvn",0.0485769874812602,0.554401070047411,0.544036750162241,0.005,0.731782367327757,0.0441563635317955,0.555926297889242,NA,0.115457756138722,0.999999464264088,NA,NA,0.126539873460127,0.999978000022,NA,NA,NA,NA,NA,NA,0.126539873460127,0.999978000022,0.999978000022,1,0.999978000022,"AT4G37840;AT3G20040;AT1G50460;AT1G47840;AT2G19860;AT4G29130;AT5G42740;AT4G24620;AT2G35020;AT1G31070;AT5G18070;AT5G15770;AT3G24090","7.997e-01;5.419e-01;3.910e-01;5.748e-01;7.022e-01;5.836e-01;9.116e-01;4.955e-01;3.468e-03;8.287e-01;5.554e-01;3.314e-01;5.335e-01"
"PWY-82","UDP-&beta;-L-arabinose biosynthesis II (from &beta;-L-arabinose)",3,"mvn",0.640836539736888,0.193898862124348,0.724943190797717,0.05,0.585351562782084,0.107814733079611,0.0402706772995572,NA,0.137940658923149,0.999999464264088,NA,NA,0.126796873203127,0.999978000022,NA,NA,NA,NA,NA,NA,0.126796873203127,0.999978000022,0.999978000022,1,0.999978000022,"AT3G42850;AT4G16130;AT5G52560","3.649e-01;9.694e-01;3.731e-02"
"PWYQT-4466","superpathway of sucrose and starch metabolism I (non-photosynthetic tissue)",17,"mvn",0.0650697533946557,0.627686865294907,0.557427992574614,0.005,0.731782367327757,0.0573465989568668,0.237750544428856,NA,0.138153936699252,0.999999464264088,NA,NA,0.155709844290156,0.999978000022,NA,NA,NA,NA,NA,NA,0.155709844290156,0.999978000022,0.999978000022,1,0.999978000022,"AT3G56040;AT5G17310;AT3G03250;AT2G35020;AT5G52560;AT5G51820;AT1G70820;AT5G17530;AT1G70730;AT1G23190;AT3G01590;AT3G61610;AT4G23730;AT4G25900;AT5G14500;AT5G57330;AT5G66530","7.443e-01;3.618e-01;8.353e-01;3.468e-03;3.731e-02;5.595e-01;8.897e-01;7.456e-01;9.001e-01;5.200e-01;9.345e-01;5.068e-01;9.025e-01;6.304e-01;6.395e-01;6.403e-01;3.767e-01"
"PWY-6477","gibberellin inactivation II (methylation)",3,"mvn",0.166235364690581,0.122823044196354,0.783236419675172,0.2,2.07367070890721,0.301541470846751,0.0841790589661946,NA,0.189604025851621,0.999999464264088,NA,NA,0.16966083033917,0.999978000022,NA,NA,NA,NA,NA,NA,0.16966083033917,0.999978000022,0.999978000022,1,0.999978000022,"AT5G56300;AT4G26460;AT4G26420","4.648e-01;1.258e-01;1.127e-01"
"PWY-5079","L-phenylalanine degradation III",8,"mvn",0.191992843734407,0.250284239598332,0.750957567195645,0.05,1.4619756679711,0.177106861487247,0.0543420416186934,NA,0.16365911340255,0.999999464264088,NA,NA,0.175150824849175,0.999978000022,NA,NA,NA,NA,NA,NA,0.175150824849175,0.999978000022,0.999978000022,1,0.999978000022,"AT5G53970;AT1G62960;AT1G70560;AT5G51690;AT4G33070;AT5G01330;AT5G54960;AT5G01320","3.223e-01;6.905e-01;1.948e-01;9.186e-01;5.939e-01;3.008e-01;2.407e-02;3.644e-01"
"PWY-7177","UTP and CTP dephosphorylation II",10,"mvn",0.240297763183503,0.531665971289285,0.654743800707921,0.01,0.475216275154146,0.0761113110185126,0.0834738707821013,NA,0.173225989085267,0.999999464264088,NA,NA,0.177605822394178,0.999978000022,NA,NA,NA,NA,NA,NA,0.177605822394178,0.999978000022,0.999978000022,1,0.999978000022,"AT1G14240;AT1G14230;AT4G19180;AT1G14250;AT2G02970;AT4G20320;AT2G34890;AT1G30820;AT3G12670;AT4G02120","7.735e-01;9.876e-01;2.343e-01;6.414e-01;3.530e-01;7.372e-01;7.885e-03;5.261e-01;7.740e-01;8.416e-01"
"PWY-5530","sorbitol biosynthesis II",2,"mvn",0.261611090010968,0.275791588818229,0.798371459270007,0.1,0.0321401650157529,0.187127962063752,0.0871009978105278,NA,0.235404635990015,0.999999464264088,NA,NA,0.192809807190193,0.999978000022,NA,NA,NA,NA,NA,NA,0.192809807190193,0.999978000022,0.999978000022,1,0.999978000022,"AT2G16790;AT3G20790","7.879e-01;9.841e-02"
"CAROTENOID-PWY","superpathway of carotenoid biosynthesis in plants",3,"mvn",0.292733687077824,0.206316846104747,0.717663449477906,0.05,0.960702421822944,0.0899448205440888,0.206480548324789,NA,0.220340940794462,0.999999464264088,NA,NA,0.193665806334194,0.999978000022,NA,NA,NA,NA,NA,NA,0.193665806334194,0.999978000022,0.999978000022,1,0.999978000022,"AT4G25700;AT5G52570;AT5G57030","9.604e-01;3.093e-02;4.900e-01"
"PWY-6475","<i>trans</i>-lycopene biosynthesis II (oxygenic phototrophs and green sulfur bacteria)",7,"mvn",0.135747529462107,0.534117839579179,0.69178504607258,0.02,0.902787117700794,0.0858093187836967,0.194708183284629,NA,0.209894599149838,0.999999464264088,NA,NA,0.204194795805204,0.999978000022,NA,NA,NA,NA,NA,NA,0.204194795805204,0.999978000022,0.999978000022,1,0.999978000022,"AT3G09580;AT4G14210;AT3G04870;AT1G57770;AT1G06820;AT5G17230;AT1G10830","8.869e-01;8.732e-01;9.016e-01;8.198e-01;4.101e-01;1.273e-02;5.276e-01"
"PWY-3462","L-phenylalanine biosynthesis II",10,"mvn",0.142499743811342,0.317333020336521,0.707609990659161,0.02,0.818559689582427,0.12516124850202,0.141296621431524,NA,0.209217101253346,0.999999464264088,NA,NA,0.210721789278211,0.999978000022,NA,NA,NA,NA,NA,NA,0.210721789278211,0.999978000022,0.999978000022,1,0.999978000022,"AT1G08250;AT3G44720;AT2G27820;AT3G07630;AT1G11790;AT5G22630;AT2G22250;AT3G29200;AT5G10870;AT1G69370","1.405e-01;9.327e-01;7.487e-01;6.061e-01;2.854e-01;1.328e-02;4.212e-01;3.998e-01;6.247e-01;5.661e-01"
"PWY-7238","sucrose biosynthesis II",28,"mvn",0.169553116636158,0.668626068672726,0.592863355427423,0.005,0.731782367327757,0.0926887430712792,0.154397326520442,NA,0.219989764833911,0.999999464264088,NA,NA,0.238576761423239,0.999978000022,NA,NA,NA,NA,NA,NA,0.238576761423239,0.999978000022,0.999978000022,1,0.999978000022,"AT4G37840;AT3G20040;AT1G50460;AT1G47840;AT2G19860;AT4G29130;AT5G51820;AT1G70820;AT5G17530;AT1G70730;AT1G23190;AT5G42740;AT4G24620;AT3G56040;AT5G17310;AT3G03250;AT2G35020;AT5G52560;AT3G46970;AT2G40840;AT1G51420;AT3G52340;AT3G54270;AT2G35840;AT5G11110;AT1G04920;AT5G20280;AT4G10120","7.997e-01;5.419e-01;3.910e-01;5.748e-01;7.022e-01;5.836e-01;5.595e-01;8.897e-01;7.456e-01;9.001e-01;5.200e-01;9.116e-01;4.955e-01;7.443e-01;3.618e-01;8.353e-01;3.468e-03;3.731e-02;8.189e-01;2.718e-01;7.650e-01;9.930e-01;3.471e-01;8.857e-01;1.260e-01;2.726e-02;7.351e-01;7.487e-01"
"PWY-5034","GA<sub>12</sub> biosynthesis",3,"mvn",0.420381965228526,0.373170565301847,0.773374279019095,0.1,1.08736245524176,0.164264681817413,0.110566398456282,NA,0.283582678047041,0.999999464264088,NA,NA,0.244724755275245,0.999978000022,NA,NA,NA,NA,NA,NA,0.244724755275245,0.999978000022,0.999978000022,1,0.999978000022,"AT2G32440;AT1G05160;AT5G25900","5.806e-02;7.419e-01;9.161e-01"
"GLYCOLYSIS","glycolysis I (from glucose 6-phosphate)",62,"mvn",0.401652618949227,0.940682005484662,0.79745664741235,0.01,0.59768655287313,0.369695744636636,0.0267275690019805,NA,0.221741471422359,0.999999464264088,NA,NA,0.252977747022253,0.999978000022,NA,NA,NA,NA,NA,NA,0.252977747022253,0.999978000022,0.999978000022,1,0.999978000022,"AT5G42740;AT4G24620;AT1G22170;AT3G26780;AT5G62840;AT1G08940;AT3G05170;AT5G64380;AT3G54050;AT1G43670;AT1G06730;AT1G19600;AT4G27600;AT5G47810;AT2G22480;AT5G56630;AT5G61580;AT4G29220;AT4G32840;AT4G26270;AT2G01140;AT2G36460;AT4G38970;AT2G21330;AT3G52930;AT5G03690;AT4G26530;AT4G26520;AT3G55440;AT2G21170;AT1G13440;AT3G62410;AT1G12900;AT3G26650;AT1G42970;AT3G04120;AT1G79530;AT1G16300;AT3G12780;AT1G56190;AT1G79550;AT3G08590;AT1G09780;AT3G30841;AT4G09520;AT2G29560;AT2G36530;AT1G74030;AT3G55650;AT3G55810;AT5G56350;AT5G63680;AT3G25960;AT4G26390;AT2G36580;AT3G04050;AT3G49160;AT5G08570;AT3G52990;AT3G22960;AT1G32440;AT5G52920","9.116e-01;4.955e-01;8.180e-01;1.859e-02;3.413e-01;1.291e-01;8.169e-01;7.726e-01;4.565e-01;6.417e-02;1.766e-01;8.843e-01;7.787e-01;8.824e-01;5.151e-01;6.351e-01;5.572e-01;4.151e-01;8.525e-01;7.018e-01;5.237e-01;6.145e-01;6.637e-01;8.252e-01;3.835e-01;8.188e-01;1.131e-01;1.126e-01;5.858e-01;1.748e-01;4.525e-01;9.234e-01;5.998e-01;2.105e-01;2.308e-01;7.063e-01;2.051e-01;5.414e-01;8.981e-01;7.801e-01;6.595e-01;4.695e-01;2.809e-01;5.940e-01;5.985e-01;3.610e-01;6.461e-01;7.417e-03;1.607e-01;7.812e-01;8.750e-01;4.086e-01;6.005e-01;3.693e-01;7.438e-01;7.626e-01;9.694e-01;6.986e-01;9.639e-01;8.993e-01;8.218e-01;8.124e-01"
"PWY-5670","epoxysqualene biosynthesis",9,"mvn",0.766302290327942,0.142064223293177,0.697933604181995,0.2,8.97473354054588,0.291291015684474,0.105576787824532,NA,0.287649400529999,0.999999464264088,NA,NA,0.261540738459262,0.999978000022,NA,NA,NA,NA,NA,NA,0.261540738459262,0.999978000022,0.999978000022,1,0.999978000022,"AT4G34640;AT4G34650;AT5G24140;AT5G24155;AT5G24160;AT4G37760;AT2G22830;AT1G58440;AT5G24150","3.206e-01;3.934e-01;5.278e-01;6.211e-02;3.861e-02;9.575e-01;3.753e-02;9.858e-01;8.851e-01"
"PWY4FS-4","phosphatidylcholine biosynthesis IV",7,"mvn",0.912410634495609,0.394500813304391,0.640033404751538,0.01,0.884837785641474,0.0441160137644265,0.402976370355544,NA,0.292529026789735,0.999999464264088,NA,NA,0.273706726293274,0.999978000022,NA,NA,NA,NA,NA,NA,0.273706726293274,0.999978000022,0.999978000022,1,0.999978000022,"AT3G18000;AT1G73600;AT1G48600;AT1G04430;AT5G06050;AT5G14430;AT1G80860","9.954e-01;6.425e-03;5.772e-01;9.020e-01;3.957e-01;6.131e-01;7.705e-01"
"PWY-6902","chitin degradation II (Vibrio)",22,"mvn",0.635381234361489,0.611551372321342,0.846947320823249,0.2,7.6462708572808,0.72295703549626,0.0405621058662838,NA,0.276624238678926,0.999999464264088,NA,NA,0.282978717021283,0.999978000022,NA,NA,NA,NA,NA,NA,0.282978717021283,0.999978000022,0.999978000022,1,0.999978000022,"AT4G19820;AT4G19800;AT4G19760;AT4G19750;AT4G19730;AT4G19720;AT1G02360;AT1G56680;AT2G43600;AT4G19740;AT5G24090;AT4G19770;AT3G54420;AT2G43570;AT3G47540;AT4G01700;AT2G43620;AT2G43580;AT2G43590;AT4G19810;AT2G43610;AT3G12500","9.828e-01;7.521e-01;7.112e-01;6.865e-01;5.286e-01;6.358e-01;7.349e-01;7.862e-01;2.612e-01;6.339e-01;3.251e-01;8.353e-01;8.897e-01;1.164e-01;6.013e-01;4.592e-01;6.978e-02;1.247e-01;1.218e-01;6.785e-01;5.668e-02;3.849e-01"
"PWY3O-4107","NAD salvage pathway V (PNC V cycle)",12,"mvn",0.306027846263746,0.500568924878502,0.71551139783676,0.02,0.918250357263155,0.141532919687552,0.163077787770436,NA,0.294383071770943,0.999999464264088,NA,NA,0.284465715534284,0.999978000022,NA,NA,NA,NA,NA,NA,0.284465715534284,0.999978000022,0.999978000022,1,0.999978000022,"AT5G55760;AT5G09230;AT1G55090;AT3G17970;AT5G09420;AT5G23230;AT1G08980;AT5G23220;AT2G22570;AT2G23420;AT4G36940;AT5G55810","1.069e-01;6.536e-01;4.698e-01;9.381e-01;9.472e-01;7.801e-01;1.025e-01;7.580e-01;9.133e-01;9.429e-01;4.473e-01;1.264e-02"
"PWY-6799","fatty acid biosynthesis (plant mitochondria)",2,"mvn",0.263526116666346,0.275321079393449,0.822415919083264,0.2,0.33704946874314,0.309409204949301,0.327244086505586,NA,0.40993597460197,0.999999464264088,NA,NA,0.298480701519299,0.999978000022,NA,NA,NA,NA,NA,NA,0.298480701519299,0.999978000022,0.999978000022,1,0.999978000022,"AT2G30200;AT2G04540","4.577e-01;1.690e-01"
"PWY-5947","lutein biosynthesis",5,"mvn",0.71628472827222,0.530676707510607,0.736069216340057,0.05,0.960702421822944,0.145367227002043,0.113925675942309,NA,0.333253423966162,0.999999464264088,NA,NA,0.299118700881299,0.999978000022,NA,NA,NA,NA,NA,NA,0.299118700881299,0.999978000022,0.999978000022,1,0.999978000022,"AT1G31800;AT4G15110;AT3G53130;AT5G52570;AT4G25700","4.770e-01;8.350e-01;9.321e-01;3.093e-02;9.604e-01"
"PWY-7432","L-phenylalanine biosynthesis III (cytosolic, plants)",4,"mvn",0.380476719830189,0.432264771381805,0.842132873744714,0.2,0.705735237233989,0.454349296208734,0.0855598448704578,NA,0.350550907940022,0.999999464264088,NA,NA,0.306939693060307,0.999978000022,NA,NA,NA,NA,NA,NA,0.306939693060307,0.999978000022,0.999978000022,1,0.999978000022,"AT1G08250;AT2G27820;AT1G11790;AT3G07630","1.405e-01;7.487e-01;2.854e-01;6.061e-01"
"PWY-882","L-ascorbate biosynthesis I (L-galactose pathway)",19,"mvn",0.125583098421775,0.876071818532417,0.623965665639187,0.005,0.224540534467164,0.0815809899883352,0.501844394417103,NA,0.311480084241021,0.999999464264088,NA,NA,0.310945689054311,0.999978000022,NA,NA,NA,NA,NA,NA,0.310945689054311,0.999978000022,0.999978000022,1,0.999978000022,"AT5G28840;AT4G30570;AT2G04650;AT3G55590;AT1G74910;AT2G39770;AT5G17530;AT1G70820;AT2G45790;AT3G02570;AT1G67070;AT5G55120;AT4G26850;AT4G39120;AT3G02870;AT2G38740;AT2G25870;AT4G33670;AT3G47930","8.871e-01;6.521e-01;1.480e-01;5.415e-01;9.700e-01;8.527e-01;7.456e-01;8.897e-01;9.023e-01;4.312e-01;4.562e-01;4.469e-03;5.592e-01;5.255e-01;8.787e-01;4.575e-01;6.360e-01;8.353e-01;5.847e-01"
"HOMOCYSDEGR-PWY","L-cysteine biosynthesis III (from L-homocysteine)",3,"mvn",0.281334790439893,0.331712045640768,0.818521456745611,0.2,1.09258410940914,0.30876757781443,0.192541781198212,NA,0.38017529412377,0.999999464264088,NA,NA,0.316154683845316,0.999978000022,NA,NA,NA,NA,NA,NA,0.316154683845316,0.999978000022,0.999978000022,1,0.999978000022,"AT3G62130;AT5G26600;AT5G28030","5.484e-01;5.039e-01;1.158e-01"
"PWY-5686","UMP biosynthesis I",5,"mvn",0.391680883314557,0.529736996645925,0.840330257178491,0.2,1.35741767889363,0.414265463013804,0.0885821291533387,NA,0.367360628831114,0.999999464264088,NA,NA,0.328023671976328,0.999978000022,NA,NA,NA,NA,NA,NA,0.328023671976328,0.999978000022,0.999978000022,1,0.999978000022,"AT3G54470;AT4G22930;AT3G20330;AT1G29900;AT3G27740","4.053e-01;7.074e-01;1.015e-01;6.777e-01;5.565e-01"
"PWY-5409","divinyl ether biosynthesis II",4,"mvn",0.247299780474213,0.258318147632083,0.824456974706384,0.1,0.0351885284621797,0.338799580958205,0.247235609454682,NA,0.383698364277948,0.999999464264088,NA,NA,0.335202664797335,0.999978000022,NA,NA,NA,NA,NA,NA,0.335202664797335,0.999978000022,0.999978000022,1,0.999978000022,"AT1G67560;AT3G45140;AT1G72520;AT1G17420","4.954e-01;9.826e-02;2.730e-01;4.831e-01"
"PWY-5989","stearate biosynthesis II (bacteria and plants)",30,"mvn",0.216742568048069,0.731442710439054,0.624848052473022,0.05,7.2813874233749,0.116248739587473,0.385602976221299,NA,0.331656069550611,0.999999464264088,NA,NA,0.337365662634337,0.999978000022,NA,NA,NA,NA,NA,NA,0.337365662634337,0.999978000022,0.999978000022,1,0.999978000022,"AT3G05970;AT1G77590;AT1G49430;AT1G64400;AT2G04350;AT2G47240;AT4G11030;AT4G23850;AT5G27600;AT1G62940;AT3G16170;AT3G25110;AT1G08510;AT1G35290;AT1G35250;AT1G68260;AT1G68280;AT1G66550;AT2G05990;AT5G64250;AT2G22230;AT5G10160;AT1G24360;AT1G62610;AT2G17845;AT1G10310;AT3G55290;AT3G46170;AT3G55310;AT1G63380","5.174e-01;1.595e-02;8.419e-01;2.187e-01;3.536e-01;3.719e-01;9.069e-01;4.610e-01;4.111e-03;3.330e-01;4.863e-01;5.188e-01;3.439e-01;9.019e-01;6.735e-01;6.894e-01;9.633e-01;9.147e-01;4.562e-01;7.231e-01;5.529e-01;8.556e-01;4.476e-01;9.916e-01;5.359e-01;8.227e-01;7.433e-01;4.121e-01;6.851e-01;1.410e-01"
"PWY-801","homocysteine and cysteine interconversion",7,"mvn",0.327071851732696,0.391603992532677,0.866951811204117,0.2,1.09258410940914,0.57753613514889,0.0851145018733785,NA,0.372973331332119,0.999999464264088,NA,NA,0.340850659149341,0.999978000022,NA,NA,NA,NA,NA,NA,0.340850659149341,0.999978000022,0.999978000022,1,0.999978000022,"AT3G57050;AT4G23600;AT1G33320;AT3G01120;AT3G62130;AT5G26600;AT5G28030","2.102e-01;4.847e-01;4.402e-01;4.248e-01;5.484e-01;5.039e-01;1.158e-01"
"PWY-2781","<i>cis</i>-zeatin biosynthesis",3,"mvn",0.311564250872813,0.38110424820854,0.798123657132087,0.1,0.232724225023253,0.243980019273342,0.305366397410546,NA,0.410474537675483,0.999999464264088,NA,NA,0.341587658412342,0.999978000022,NA,NA,NA,NA,NA,NA,0.341587658412342,0.999978000022,0.999978000022,1,0.999978000022,"AT1G25410;AT5G20040;AT2G27760","8.902e-02;5.961e-01;7.727e-01"
"PWY-6773","1,3-&beta;-D-glucan biosynthesis",14,"mvn",0.164533948906327,0.888886767519326,0.663750795081308,0.01,0.798024638213809,0.0899485203545428,0.3456976001569,NA,0.35665516593275,0.999999464264088,NA,NA,0.344052655947344,0.999978000022,NA,NA,NA,NA,NA,NA,0.344052655947344,0.999978000022,0.999978000022,1,0.999978000022,"AT2G30680;AT3G07160;AT3G14780;AT5G36870;AT4G03550;AT5G13000;AT2G36850;AT2G13680;AT3G14570;AT3G59100;AT2G31960;AT4G04970;AT1G06490;AT1G05570","8.930e-01;9.499e-01;8.128e-01;6.644e-01;8.907e-01;6.883e-01;5.975e-01;8.450e-01;4.860e-01;8.074e-01;9.362e-01;3.642e-01;5.082e-01;6.710e-03"
"PWY-6724","starch degradation II",8,"mvn",0.542170669855282,0.290285094589877,0.759375916150959,0.05,1.05028379435329,0.213496020500662,0.222051161409607,NA,0.377036808150786,0.999999464264088,NA,NA,0.347311652688347,0.999978000022,NA,NA,NA,NA,NA,NA,0.347311652688347,0.999978000022,0.999978000022,1,0.999978000022,"AT5G64860;AT4G17090;AT4G09020;AT3G01510;AT3G52180;AT5G01260;AT5G26570;AT1G10760","9.763e-01;4.263e-01;1.366e-01;4.936e-01;2.957e-02;3.244e-01;8.362e-01;4.076e-01"
"PWY-7185","UTP and CTP dephosphorylation I",16,"mvn",0.341198373739865,0.714132012127188,0.679258883189744,0.01,0.475216275154146,0.118968491935666,0.350819618317103,NA,0.369505124504629,0.999999464264088,NA,NA,0.357135642864357,0.999978000022,NA,NA,NA,NA,NA,NA,0.357135642864357,0.999978000022,0.999978000022,1,0.999978000022,"AT1G14240;AT1G14230;AT4G19180;AT1G14250;AT2G02970;AT5G48960;AT1G75210;AT4G14930;AT2G38680;AT2G23890;AT1G72880;AT4G20320;AT2G34890;AT1G30820;AT3G12670;AT4G02120","7.735e-01;9.876e-01;2.343e-01;6.414e-01;3.530e-01;3.286e-01;7.352e-01;8.675e-01;3.478e-01;5.420e-01;4.136e-01;7.372e-01;7.885e-03;5.261e-01;7.740e-01;8.416e-01"
"PROSYN-PWY","L-proline biosynthesis I",3,"mvn",0.647379620491218,0.482276334739796,0.857822928475749,0.001,0,0.503349886412708,0.0893056879886797,NA,0.441564711762488,0.999999464264088,NA,NA,0.364199635800364,0.999978000022,NA,NA,NA,NA,NA,NA,0.364199635800364,0.999978000022,0.999978000022,1,0.999978000022,"AT3G55610;AT2G39800;AT5G14800","2.081e-01;9.078e-01;3.396e-01"
"ALANINE-DEG3-PWY","L-alanine degradation III",6,"mvn",0.32027506770457,0.287958719467407,0.849990155032794,0.2,1.42949742998031,0.565965443082711,0.132793371245756,NA,0.407049809638765,0.999999464264088,NA,NA,0.367002632997367,0.999978000022,NA,NA,NA,NA,NA,NA,0.367002632997367,0.999978000022,0.999978000022,1,0.999978000022,"AT1G17300;AT1G72330;AT1G70560;AT1G23310;AT1G17290;AT1G70580","7.932e-01;1.299e-01;1.948e-01;3.530e-01;7.519e-01;1.547e-01"
"ALANINE-SYN2-PWY","L-alanine biosynthesis II",6,"mvn",0.32027506770457,0.287958719467407,0.850109367299974,0.2,1.42949742998031,0.565965443082711,0.132793371245756,NA,0.40715597829654,0.999999464264088,NA,NA,0.367033632966367,0.999978000022,NA,NA,NA,NA,NA,NA,0.367033632966367,0.999978000022,0.999978000022,1,0.999978000022,"AT1G17300;AT1G72330;AT1G70560;AT1G23310;AT1G17290;AT1G70580","7.932e-01;1.299e-01;1.948e-01;3.530e-01;7.519e-01;1.547e-01"
"PWY-5036","gibberellin biosynthesis II (early C-3 hydroxylation)",2,"mvn",0.446312272661907,0.447492344546208,0.84215119052532,0.001,0,0.3800131344361,0.259532920388547,NA,0.511073617937043,0.999999464264088,NA,NA,0.37002762997237,0.999978000022,NA,NA,NA,NA,NA,NA,0.37002762997237,0.999978000022,0.999978000022,1,0.999978000022,"AT4G25420;AT1G15550","7.380e-01;2.126e-01"
"PWY-6930","phenolic malonylglucosides biosynthesis",4,"mvn",0.552638093367562,0.639349568080636,0.864413818629261,0.2,0.133918791253998,0.563220213055894,0.29510055609523,NA,0.636700659018585,0.999999464264088,NA,NA,0.378631621368379,0.999978000022,NA,NA,NA,NA,NA,NA,0.378631621368379,0.999978000022,0.999978000022,1,0.999978000022,"AT5G39080;AT5G39090;AT3G29670;AT5G39050","7.722e-01;4.227e-01;7.873e-01;1.870e-01"
"PWY-5971","palmitate biosynthesis II (bacteria and plants)",35,"mvn",0.250793892549256,0.785563703226817,0.649301965937715,0.005,0.391616954047025,0.134264843840929,0.347590139687411,NA,0.379810968753492,0.999999464264088,NA,NA,0.381437618562381,0.999978000022,NA,NA,NA,NA,NA,NA,0.381437618562381,0.999978000022,0.999978000022,1,0.999978000022,"AT3G05970;AT5G27600;AT3G06460;AT1G66120;AT3G16910;AT1G77590;AT1G49430;AT1G64400;AT2G04350;AT2G47240;AT4G11030;AT4G23850;AT1G62940;AT3G16170;AT2G22230;AT5G10160;AT3G25110;AT1G08510;AT1G35290;AT1G35250;AT1G68260;AT1G68280;AT1G66550;AT2G05990;AT5G64250;AT1G24360;AT1G62610;AT2G17845;AT1G10310;AT3G55290;AT3G46170;AT3G55310;AT1G63380;AT1G74960;AT5G46290","5.174e-01;4.111e-03;5.588e-01;4.311e-01;4.390e-01;1.595e-02;8.419e-01;2.187e-01;3.536e-01;3.719e-01;9.069e-01;4.610e-01;3.330e-01;4.863e-01;5.529e-01;8.556e-01;5.188e-01;3.439e-01;9.019e-01;6.735e-01;6.894e-01;9.633e-01;9.147e-01;4.562e-01;7.231e-01;4.476e-01;9.916e-01;5.359e-01;8.227e-01;7.433e-01;4.121e-01;6.851e-01;1.410e-01;9.120e-01;2.356e-01"
"PWY490-4","L-asparagine biosynthesis III (tRNA-dependent)",27,"mvn",0.200647428710387,0.84050270236163,0.644910143648902,0.05,6.749159151893,0.192443242865174,0.218976579566348,NA,0.394576603742767,0.999999464264088,NA,NA,0.389153610846389,0.999978000022,NA,NA,NA,NA,NA,NA,0.389153610846389,0.999978000022,0.999978000022,1,0.999978000022,"AT4G32915;AT4G34880;AT1G48520;AT5G60540;AT5G53460;AT4G05400;AT3G25660;AT5G07360;AT4G26900;AT1G63660;AT4G02120;AT4G20320;AT2G34890;AT1G30820;AT3G12670;AT2G03667;AT5G10240;AT5G65010;AT3G47340;AT1G29900;AT3G27740;AT2G38210;AT3G16050;AT5G01410;AT2G38230;AT2G41220;AT5G04140","9.474e-01;9.516e-01;3.728e-01;6.923e-01;7.268e-01;4.095e-01;4.482e-01;6.750e-01;1.126e-01;6.752e-01;8.416e-01;7.372e-01;7.885e-03;5.261e-01;7.740e-01;5.940e-01;7.882e-01;8.114e-01;5.947e-01;6.777e-01;5.565e-01;5.460e-01;8.849e-01;1.085e-02;4.242e-01;5.557e-01;9.685e-01"
"GLUTAMINDEG-PWY","L-glutamine degradation I",27,"mvn",0.200647428710387,0.84050270236163,0.644825495375442,0.05,6.749159151893,0.192443242865174,0.218976579566348,NA,0.394557838785912,0.999999464264088,NA,NA,0.389156610843389,0.999978000022,NA,NA,NA,NA,NA,NA,0.389156610843389,0.999978000022,0.999978000022,1,0.999978000022,"AT5G60540;AT5G53460;AT4G32915;AT4G34880;AT4G05400;AT1G48520;AT3G25660;AT5G07360;AT4G26900;AT1G63660;AT4G02120;AT4G20320;AT2G34890;AT1G30820;AT3G12670;AT2G03667;AT5G10240;AT5G65010;AT3G47340;AT1G29900;AT3G27740;AT2G38210;AT3G16050;AT5G01410;AT2G38230;AT2G41220;AT5G04140","6.923e-01;7.268e-01;9.474e-01;9.516e-01;4.095e-01;3.728e-01;4.482e-01;6.750e-01;1.126e-01;6.752e-01;8.416e-01;7.372e-01;7.885e-03;5.261e-01;7.740e-01;5.940e-01;7.882e-01;8.114e-01;5.947e-01;6.777e-01;5.565e-01;5.460e-01;8.849e-01;1.085e-02;4.242e-01;5.557e-01;9.685e-01"
"PWY-6220","jasmonoyl-amino acid conjugates biosynthesis I",2,"mvn",0.592901597186758,0.551531854859975,0.842230773044559,0.001,0,0.467016865691869,0.171298530194528,NA,0.533871889038213,0.999999464264088,NA,NA,0.393206606793393,0.999978000022,NA,NA,NA,NA,NA,NA,0.393206606793393,0.999978000022,0.999978000022,1,0.999978000022,"AT4G03400;AT2G46370","8.111e-01;2.699e-01"
"PWY4FS-2","phosphatidylcholine biosynthesis II",10,"mvn",0.885845959762913,0.582113501230221,0.649815279446799,0.01,0.884837785641474,0.0624219991772948,0.621520958152155,NA,0.425515396565425,0.999999464264088,NA,NA,0.393940606059394,0.999978000022,NA,NA,NA,NA,NA,NA,0.393940606059394,0.999978000022,0.999978000022,1,0.999978000022,"AT3G25585;AT1G13560;AT4G15130;AT2G32260;AT3G18000;AT1G73600;AT1G48600;AT1G04430;AT5G06050;AT5G14430","8.722e-01;6.840e-01;4.230e-01;5.814e-01;9.954e-01;6.425e-03;5.772e-01;9.020e-01;3.957e-01;6.131e-01"
"PWY-6233","jasmonoyl-amino acid conjugates biosynthesis II",2,"mvn",0.592901597186758,0.551531854859975,0.842181957240325,0.001,0,0.467016865691869,0.171298530194528,NA,0.53382922502307,0.999999464264088,NA,NA,0.394695605304395,0.999978000022,NA,NA,NA,NA,NA,NA,0.394695605304395,0.999978000022,0.999978000022,1,0.999978000022,"AT4G03400;AT2G46370","8.111e-01;2.699e-01"
"SUCSYN-PWY","sucrose biosynthesis I (from photosynthesis)",34,"mvn",0.77688276833297,0.771284416173557,0.880401881720797,0.2,10.3482364509059,0.609256553667124,0.046057042710416,NA,0.399001879463745,0.999999464264088,NA,NA,0.397582602417398,0.999978000022,NA,NA,NA,NA,NA,NA,0.397582602417398,0.999978000022,0.999978000022,1,0.999978000022,"AT5G42740;AT4G24620;AT1G08940;AT3G05170;AT5G64380;AT3G54050;AT1G43670;AT2G01140;AT2G36460;AT4G38970;AT2G21330;AT3G52930;AT5G03690;AT4G26530;AT4G26520;AT1G13440;AT3G62410;AT1G12900;AT3G26650;AT1G42970;AT3G04120;AT1G79530;AT1G16300;AT3G12780;AT1G56190;AT1G79550;AT1G51420;AT3G52340;AT3G54270;AT2G35840;AT5G11110;AT1G04920;AT5G20280;AT4G10120","9.116e-01;4.955e-01;1.291e-01;8.169e-01;7.726e-01;4.565e-01;6.417e-02;5.237e-01;6.145e-01;6.637e-01;8.252e-01;3.835e-01;8.188e-01;1.131e-01;1.126e-01;4.525e-01;9.234e-01;5.998e-01;2.105e-01;2.308e-01;7.063e-01;2.051e-01;5.414e-01;8.981e-01;7.801e-01;6.595e-01;7.650e-01;9.930e-01;3.471e-01;8.857e-01;1.260e-01;2.726e-02;7.351e-01;7.487e-01"
"PWY-4841","UDP-&alpha;-D-glucuronate biosynthesis (from <i>myo</i>-inositol)",7,"mvn",0.302894904102784,0.361651953677968,0.768020688699422,0.05,0.585351562782084,0.233706555508317,0.649610661073522,NA,0.458422860476291,0.999999464264088,NA,NA,0.412734587265413,0.999978000022,NA,NA,NA,NA,NA,NA,0.412734587265413,0.999978000022,0.999978000022,1,0.999978000022,"AT5G52560;AT5G14470;AT3G01640;AT5G56640;AT2G19800;AT1G14520;AT4G26260","3.731e-02;3.480e-01;9.273e-01;5.071e-01;3.262e-01;3.386e-01;7.260e-01"
"NAGLIPASYN-PWY","lipid IV<sub>A</sub> biosynthesis",7,"mvn",0.80015942749368,0.37841846460394,0.795582980942291,0.2,3.81208793538186,0.366085201753857,0.125277940416803,NA,0.465593583537907,0.999999464264088,NA,NA,0.421949578050422,0.999978000022,NA,NA,NA,NA,NA,NA,0.421949578050422,0.999978000022,0.999978000022,1,0.999978000022,"AT4G29540;AT1G24793;AT1G25210;AT4G21220;AT4G05210;AT3G20480;AT2G04560","3.463e-01;8.094e-01;5.225e-01;9.806e-01;6.490e-01;9.432e-02;6.305e-02"
"PWY0-1021","L-alanine biosynthesis III",3,"mvn",0.322703696841207,0.341884424651916,0.857799884331217,0.001,0,0.629611533117657,0.26587693948078,NA,0.528512727243542,0.999999464264088,NA,NA,0.426637573362427,0.999978000022,NA,NA,NA,NA,NA,NA,0.426637573362427,0.999978000022,0.999978000022,1,0.999978000022,"AT5G65720;AT1G08490;AT1G51310","3.478e-01;2.818e-01;3.443e-01"
"PWY-6733","sporopollenin precursors biosynthesis",45,"mvn",0.189043297441013,0.812544252483651,0.67529817831138,0.005,0.391616954047025,0.169202713691053,0.468909703803348,NA,0.426924684632351,0.999999464264088,NA,NA,0.427171572828427,0.999978000022,NA,NA,NA,NA,NA,NA,0.427171572828427,0.999978000022,0.999978000022,1,0.999978000022,"AT1G02050;AT4G34850;AT4G00040;AT4G35420;AT1G68540;AT3G44540;AT3G44550;AT3G60060;AT3G11980;AT3G44560;AT3G56700;AT5G22500;AT5G48370;AT2G30720;AT3G61200;AT3G16175;AT2G29590;AT1G52191;AT1G04290;AT4G00520;AT1G01710;AT3G52570;AT4G10030;AT1G01600;AT1G63710;AT4G00360;AT5G58860;AT1G69500;AT2G27690;AT2G45970;AT3G05970;AT1G77590;AT1G49430;AT1G64400;AT2G04350;AT2G47240;AT4G11030;AT4G23850;AT5G27600;AT1G62940;AT3G16170;AT1G01280;AT3G06460;AT1G66120;AT3G16910","6.245e-01;8.956e-01;9.826e-01;3.982e-01;5.296e-01;2.709e-01;3.742e-01;6.244e-01;4.312e-01;3.337e-01;6.377e-01;1.457e-01;5.235e-01;4.551e-01;5.748e-01;4.295e-01;3.431e-01;8.600e-01;7.772e-01;3.240e-01;4.710e-01;7.452e-01;3.510e-01;8.176e-01;6.234e-01;4.902e-01;9.116e-01;7.774e-01;4.810e-01;5.601e-01;5.174e-01;1.595e-02;8.419e-01;2.187e-01;3.536e-01;3.719e-01;9.069e-01;4.610e-01;4.111e-03;3.330e-01;4.863e-01;7.795e-01;5.588e-01;4.311e-01;4.390e-01"
"PWY0-1507","biotin biosynthesis from 8-amino-7-oxononanoate I",6,"mvn",0.296477253317211,0.350894356256556,0.830446695156127,0.1,0.320819515747258,0.413841027561766,0.40085406202491,NA,0.490282683015199,0.999999464264088,NA,NA,0.436731563268437,0.999978000022,NA,NA,NA,NA,NA,NA,0.436731563268437,0.999978000022,0.999978000022,1,0.999978000022,"AT5G57590;AT4G05450;AT4G32360;AT2G43360;AT4G21090;AT5G65720","6.539e-01;3.314e-01;3.591e-01;8.518e-02;5.744e-01;3.478e-01"
"PWY-5350","thiosulfate disproportionation IV (rhodanese)",5,"mvn",0.403894058367252,0.46164829052589,0.841951124381733,0.2,1.25816170931551,0.430898021942018,0.288552237117638,NA,0.526019530967998,0.999999464264088,NA,NA,0.439192560807439,0.999978000022,NA,NA,NA,NA,NA,NA,0.439192560807439,0.999978000022,0.999978000022,1,0.999978000022,"AT4G35770;AT5G66170;AT5G66040;AT1G16460;AT1G79230","5.981e-01;4.881e-01;2.906e-01;1.066e-01;8.391e-01"
"PWY-3801","sucrose degradation II (sucrose synthase)",33,"mvn",0.129154420380812,0.927952547402028,0.607673733936791,0.005,0.731782367327757,0.108312289404454,0.433324154537847,NA,0.457551354410914,0.999999464264088,NA,NA,0.442626557373443,0.999978000022,NA,NA,NA,NA,NA,NA,0.442626557373443,0.999978000022,0.999978000022,1,0.999978000022,"AT5G51820;AT1G70820;AT5G17530;AT1G70730;AT1G23190;AT5G42740;AT4G24620;AT3G56040;AT5G17310;AT3G03250;AT2G35020;AT5G52560;AT1G06020;AT1G50390;AT5G51830;AT2G31390;AT3G59480;AT1G06030;AT4G10260;AT1G69200;AT1G66430;AT3G54090;AT4G37840;AT3G20040;AT1G50460;AT1G47840;AT4G29130;AT5G49190;AT5G37180;AT5G20830;AT4G02280;AT3G43190;AT1G73370","5.595e-01;8.897e-01;7.456e-01;9.001e-01;5.200e-01;9.116e-01;4.955e-01;7.443e-01;3.618e-01;8.353e-01;3.468e-03;3.731e-02;4.755e-01;7.250e-01;5.009e-01;5.775e-01;7.660e-01;4.850e-01;9.408e-01;6.100e-01;3.310e-01;6.072e-01;7.997e-01;5.419e-01;3.910e-01;5.748e-01;5.836e-01;5.077e-01;7.097e-01;6.254e-01;7.283e-01;2.338e-01;6.394e-01"
"PWY-3261","UDP-&beta;-L-rhamnose biosynthesis",4,"mvn",0.775606562322588,0.61087823397403,0.84679109494913,0.2,0.566091427625939,0.479703993468983,0.0983970937491744,NA,0.516414605810884,0.999999464264088,NA,NA,0.444698555301445,0.999978000022,NA,NA,NA,NA,NA,NA,0.444698555301445,0.999978000022,0.999978000022,1,0.999978000022,"AT3G14790;AT1G53500;AT1G78570;AT1G63000","6.225e-01;4.748e-01;1.507e-01;9.501e-01"
"P401-PWY","cyanide degradation",3,"mvn",0.432285192470957,0.480677702769211,0.836342482871198,0.2,0.439937361289636,0.408372347154511,0.395328374455205,NA,0.553996959652941,0.999999464264088,NA,NA,0.448626551373449,0.999978000022,NA,NA,NA,NA,NA,NA,0.448626551373449,0.999978000022,0.999978000022,1,0.999978000022,"AT3G04940;AT5G28020;AT3G61440","7.661e-01;1.605e-01;5.182e-01"
"PWY-5486","pyruvate fermentation to ethanol II",13,"mvn",0.358925797117259,0.674760804041478,0.782582282850263,0.05,1.4619756679711,0.271494069149542,0.411135763284872,NA,0.513110710228899,0.999999464264088,NA,NA,0.462976537023463,0.999978000022,NA,NA,NA,NA,NA,NA,0.462976537023463,0.999978000022,0.999978000022,1,0.999978000022,"AT4G33070;AT5G01330;AT5G54960;AT5G01320;AT1G77120;AT2G29350;AT1G22440;AT1G32780;AT1G22430;AT1G64710;AT4G22110;AT5G42250;AT5G24760","5.939e-01;3.008e-01;2.407e-02;3.644e-01;5.769e-01;7.740e-01;7.574e-01;8.667e-01;7.293e-01;9.158e-01;4.251e-01;3.202e-01;3.523e-01"
"PWY0-501","lipoate biosynthesis and incorporation I",5,"mvn",0.664033375843296,0.537540240868064,0.843730636704991,0.2,1.16161243295586,0.447496294577907,0.157818928026065,NA,0.534251359488132,0.999999464264088,NA,NA,0.473238526761473,0.999978000022,NA,NA,NA,NA,NA,NA,0.473238526761473,0.999978000022,0.999978000022,1,0.999978000022,"AT1G04640;AT1G47578;AT4G31050;AT5G08415;AT2G20860","2.608e-01;1.119e-01;4.783e-01;8.962e-01;9.139e-01"
"PWY-6235","hydroxyjasmonate sulfate biosynthesis",2,"mvn",0.37103032117577,0.41063481223728,0.842269863801384,0.001,0,0.564250460159551,0.896823915264454,NA,0.726590434712631,0.999999464264088,NA,NA,0.485053514946485,0.999978000022,NA,NA,NA,NA,NA,NA,0.485053514946485,0.999978000022,0.999978000022,1,0.999978000022,"AT5G07000;AT5G07010","4.050e-01;3.399e-01"
"PWY-6199","quercetin sulfate biosynthesis",10,"mvn",0.607826029870396,0.625821505239085,0.801003694075808,0.2,4.72166560602289,0.421092467954656,0.23707619549743,NA,0.551576429344035,0.999999464264088,NA,NA,0.505356494643505,0.999978000022,NA,NA,NA,NA,NA,NA,0.505356494643505,0.999978000022,0.999978000022,1,0.999978000022,"AT4G26220;AT5G54160;AT3G51210;AT2G03750;AT2G27570;AT4G26280;AT3G45080;AT5G43690;AT1G28170;AT3G45070","4.664e-01;9.621e-01;7.109e-01;8.594e-01;7.549e-01;6.336e-01;5.319e-02;8.151e-01;4.097e-01;7.094e-02"
"ARGDEG-V-PWY","L-arginine degradation X (arginine monooxygenase pathway)",2,"mvn",0.597411325400138,0.697275009067837,0.842226086749822,0.001,0,0.725398498621921,0.21760654076325,NA,0.647980099091141,0.999999464264088,NA,NA,0.531946468053532,0.999978000022,NA,NA,NA,NA,NA,NA,0.531946468053532,0.999978000022,0.999978000022,1,0.999978000022,"AT2G16500;AT4G34710","6.960e-01;4.760e-01"
"PWY-321","cutin biosynthesis",40,"mvn",0.156439783732268,0.88147893824687,0.662706086268365,0.005,0.391616954047025,0.151913672790789,0.828189619754071,NA,0.562127490062631,0.999999464264088,NA,NA,0.537319462680537,0.999978000022,NA,NA,NA,NA,NA,NA,0.537319462680537,0.999978000022,0.999978000022,1,0.999978000022,"AT3G05970;AT1G77590;AT1G49430;AT1G64400;AT2G04350;AT2G47240;AT4G11030;AT4G23850;AT5G27600;AT1G62940;AT3G16170;AT1G01600;AT1G63710;AT4G00360;AT5G58860;AT1G69500;AT2G27690;AT2G45970;AT3G52570;AT4G10030;AT5G48370;AT2G30720;AT3G61200;AT3G16175;AT2G29590;AT1G52191;AT1G04290;AT4G00520;AT1G01710;AT5G51950;AT5G51930;AT3G56060;AT1G72970;AT1G14185;AT1G12570;AT2G12190;AT5G61320;AT1G64950;AT1G64940;AT3G10570","5.174e-01;1.595e-02;8.419e-01;2.187e-01;3.536e-01;3.719e-01;9.069e-01;4.610e-01;4.111e-03;3.330e-01;4.863e-01;8.176e-01;6.234e-01;4.902e-01;9.116e-01;7.774e-01;4.810e-01;5.601e-01;7.452e-01;3.510e-01;5.235e-01;4.551e-01;5.748e-01;4.295e-01;3.431e-01;8.600e-01;7.772e-01;3.240e-01;4.710e-01;8.651e-01;8.330e-01;6.973e-01;1.936e-01;8.057e-01;6.596e-01;9.389e-01;5.301e-01;6.193e-01;6.052e-01;4.640e-01"
"ASPSYNII-PWY","cyanide detoxification I",4,"mvn",0.450289168644912,0.550752080565317,0.851439121129894,0.2,0.439937361289636,0.503333783799486,0.540943607159922,NA,0.628076437199569,0.999999464264088,NA,NA,0.538443461556538,0.999978000022,NA,NA,NA,NA,NA,NA,0.538443461556538,0.999978000022,0.999978000022,1,0.999978000022,"AT5G22300;AT3G04940;AT5G28020;AT3G61440","5.058e-01;7.661e-01;1.605e-01;5.182e-01"
"GLNSYN-PWY","L-glutamine biosynthesis I",7,"mvn",0.383742799241681,0.537016705653926,0.836153148653905,0.1,0.415557055426075,0.447389826945673,0.564048404796318,NA,0.595083766761266,0.999999464264088,NA,NA,0.541274458725541,0.999978000022,NA,NA,NA,NA,NA,NA,0.541274458725541,0.999978000022,0.999978000022,1,0.999978000022,"AT5G35630;AT3G53180;AT5G37600;AT1G66200;AT3G17820;AT5G16570;AT1G48470","4.236e-01;4.297e-01;7.747e-01;3.264e-01;8.124e-02;6.594e-01;6.517e-01"
"PWY-5905","hypusine biosynthesis",4,"mvn",0.616034462306326,0.608749220391798,0.842173182341416,0.2,0.705182394394581,0.454447953647696,0.405539204615899,NA,0.62851634360017,0.999999464264088,NA,NA,0.548766451233549,0.999978000022,NA,NA,NA,NA,NA,NA,0.548766451233549,0.999978000022,0.999978000022,1,0.999978000022,"AT5G05920;AT3G43260;AT3G62530;AT3G58180","9.019e-01;6.198e-01;1.406e-01;5.334e-01"
"PWY-381","nitrate reduction II (assimilatory)",10,"mvn",0.386399123955509,0.542770085743925,0.842759904824384,0.2,3.17667883615125,0.571424870364779,0.431050301381253,NA,0.600163907353639,0.999999464264088,NA,NA,0.552972447027553,0.999978000022,NA,NA,NA,NA,NA,NA,0.552972447027553,0.999978000022,0.999978000022,1,0.999978000022,"AT2G15620;AT5G35630;AT3G53180;AT5G37600;AT1G66200;AT3G17820;AT5G16570;AT1G48470;AT1G77760;AT1G37130","6.803e-01;4.236e-01;4.297e-01;7.747e-01;3.264e-01;8.124e-02;6.594e-01;6.517e-01;7.994e-01;1.006e-01"
"PWY-6137","copper transport II",5,"mvn",0.446407314219287,0.528603272529524,0.846422827438894,0.2,1.03321810426136,0.47018984614342,0.563893845207227,NA,0.617753264526412,0.999999464264088,NA,NA,0.554228445771554,0.999978000022,NA,NA,NA,NA,NA,NA,0.554228445771554,0.999978000022,0.999978000022,1,0.999978000022,"AT1G63440;AT5G21930;AT5G44790;AT4G37270;AT4G33520","5.795e-01;3.724e-01;1.193e-01;5.028e-01;8.424e-01"
"ALACAT2-PWY","L-alanine degradation II (to D-lactate)",9,"mvn",0.51385435699936,0.622121500040354,0.877963526156704,0.2,1.42949742998031,0.714052395423562,0.170919578851449,NA,0.623467643598178,0.999999464264088,NA,NA,0.573338426661573,0.999978000022,NA,NA,NA,NA,NA,NA,0.573338426661573,0.999978000022,0.999978000022,1,0.999978000022,"AT5G07440;AT5G18170;AT3G03910;AT1G17300;AT1G72330;AT1G70560;AT1G23310;AT1G17290;AT1G70580","8.067e-01;8.374e-01;7.450e-01;7.932e-01;1.299e-01;1.948e-01;3.530e-01;7.519e-01;1.547e-01"
"CITRULBIO-PWY","L-citrulline biosynthesis",35,"mvn",0.270161245419938,0.916084285674418,0.710571148973314,0.05,6.749159151893,0.242000750719825,0.267456491378353,NA,0.601763152975963,0.999999464264088,NA,NA,0.576222423777576,0.999978000022,NA,NA,NA,NA,NA,NA,0.576222423777576,0.999978000022,0.999978000022,1,0.999978000022,"AT3G30775;AT5G38710;AT2G39800;AT3G55610;AT1G75330;AT5G46180;AT4G08870;AT4G08900;AT5G60540;AT5G53460;AT4G32915;AT4G34880;AT4G05400;AT1G48520;AT3G25660;AT5G07360;AT4G26900;AT1G63660;AT4G02120;AT4G20320;AT2G34890;AT1G30820;AT3G12670;AT2G03667;AT5G10240;AT5G65010;AT3G47340;AT1G29900;AT3G27740;AT2G38210;AT3G16050;AT5G01410;AT2G38230;AT2G41220;AT5G04140","5.849e-01;4.313e-01;9.078e-01;2.081e-01;5.667e-01;3.126e-01;6.260e-01;9.241e-01;6.923e-01;7.268e-01;9.474e-01;9.516e-01;4.095e-01;3.728e-01;4.482e-01;6.750e-01;1.126e-01;6.752e-01;8.416e-01;7.372e-01;7.885e-03;5.261e-01;7.740e-01;5.940e-01;7.882e-01;8.114e-01;5.947e-01;6.777e-01;5.565e-01;5.460e-01;8.849e-01;1.085e-02;4.242e-01;5.557e-01;9.685e-01"
"PWY-7450","anthocyanidin modification (<i>Arabidopsis</i>)",19,"mvn",0.441835957400252,0.772276038933435,0.907735431762635,0.2,3.292193634494,0.818236005512086,0.103467501525646,NA,0.66768350541795,0.999999464264088,NA,NA,0.590895409104591,0.999978000022,NA,NA,NA,NA,NA,NA,0.590895409104591,0.999978000022,0.999978000022,1,0.999978000022,"AT3G12230;AT1G64910;AT2G22930;AT5G53990;AT4G09500;AT1G64920;AT5G54010;AT1G03940;AT1G03495;AT4G27560;AT5G54060;AT4G27570;AT3G29630;AT1G50580;AT5G17050;AT2G18570;AT4G36770;AT2G18560;AT5G17030","6.539e-01;3.119e-01;8.015e-01;4.160e-01;5.972e-01;3.840e-01;3.357e-01;5.470e-01;5.943e-01;8.583e-02;3.331e-01;8.985e-02;5.040e-01;6.682e-01;7.596e-01;6.778e-01;5.235e-01;5.970e-01;6.873e-01"
"PWY-6963","ammonia assimilation cycle I",8,"mvn",0.429061777611427,0.635510565292857,0.845466428341162,0.1,0.415557055426075,0.492283155584242,0.608099406557296,NA,0.64509125237489,0.999999464264088,NA,NA,0.595515404484596,0.999978000022,NA,NA,NA,NA,NA,NA,0.595515404484596,0.999978000022,0.999978000022,1,0.999978000022,"AT5G35630;AT3G53180;AT5G37600;AT1G66200;AT3G17820;AT5G16570;AT1G48470;AT5G53460","4.236e-01;4.297e-01;7.747e-01;3.264e-01;8.124e-02;6.594e-01;6.517e-01;7.268e-01"
"PWY-5129","sphingolipid biosynthesis (plants)",20,"mvn",0.644520405942958,0.839580416798978,0.774125463342622,0.02,0.379848714987904,0.283641889550604,0.37921751144008,NA,0.635061896461294,0.999999464264088,NA,NA,0.603461396538603,0.999978000022,NA,NA,NA,NA,NA,NA,0.603461396538603,0.999978000022,0.999978000022,1,0.999978000022,"AT4G04930;AT4G21540;AT4G21534;AT5G51290;AT2G46210;AT3G61580;AT4G20870;AT2G34770;AT2G29525;AT3G54020;AT2G37940;AT1G69640;AT1G14290;AT1G06515;AT3G48790;AT4G36480;AT5G23670;AT3G48780;AT3G06060;AT5G19200","7.042e-01;1.654e-02;1.390e-01;8.091e-01;5.563e-01;3.594e-01;8.983e-01;6.460e-01;3.541e-01;8.832e-01;4.159e-01;1.181e-01;6.433e-01;8.357e-01;9.826e-01;7.947e-01;4.501e-01;9.099e-01;7.748e-01;5.439e-01"
"PWY-2161","folate polyglutamylation",13,"mvn",0.342861567356967,0.422055492782579,0.872426274582066,0.1,0.69493819613358,0.614213672616982,0.64310174660327,NA,0.643979972836476,0.999999464264088,NA,NA,0.604276395723604,0.999978000022,NA,NA,NA,NA,NA,NA,0.604276395723604,0.999978000022,0.999978000022,1,0.999978000022,"AT2G12200;AT2G12280;AT1G50480;AT3G10160;AT5G05980;AT3G55630;AT5G26780;AT4G13890;AT1G36370;AT4G32520;AT1G22020;AT4G13930;AT4G37930","3.329e-01;4.407e-01;4.274e-01;3.917e-01;3.652e-01;7.065e-02;8.255e-01;5.126e-01;2.033e-01;5.833e-01;4.299e-01;2.964e-01;3.817e-01"
"PWY-7417","phospholipid remodeling (phosphatidate, yeast)",7,"mvn",0.413716737472629,0.573615955904344,0.871395025579065,0.2,0.909508052389793,0.613298851732269,0.477453008947331,NA,0.652502062262363,0.999999464264088,NA,NA,0.604796395203605,0.999978000022,NA,NA,NA,NA,NA,NA,0.604796395203605,0.999978000022,0.999978000022,1,0.999978000022,"AT4G30580;AT3G57650;AT1G51260;AT4G24160;AT3G18850;AT1G75020;AT1G64670","6.192e-01;4.011e-01;4.796e-01;7.297e-01;4.227e-01;1.269e-01;4.336e-01"
"PWY-695","abscisic acid biosynthesis",13,"mvn",0.697157290384244,0.420312777228659,0.855574313266847,0.2,3.8786745325819,0.673061003196278,0.366763826080755,NA,0.655998393081978,0.999999464264088,NA,NA,0.616437383562616,0.999978000022,NA,NA,NA,NA,NA,NA,0.616437383562616,0.999978000022,0.999978000022,1,0.999978000022,"AT1G67080;AT4G19170;AT4G18350;AT3G24220;AT1G78390;AT3G14440;AT1G30100;AT2G27150;AT3G26760;AT3G26770;AT3G51680;AT3G42960;AT1G52340","4.277e-01;2.130e-01;4.748e-01;6.138e-01;5.429e-01;4.720e-01;9.821e-01;3.415e-01;9.032e-02;8.240e-02;1.546e-01;7.058e-01;8.212e-01"
"PWY-5138","unsaturated, even numbered fatty acid &beta;-oxidation",8,"mvn",0.380556290860912,0.506822841871162,0.888238186055629,0.2,0.628910410651956,0.717179322477433,0.40833405639184,NA,0.666051073318023,0.999999464264088,NA,NA,0.621128378871621,0.999978000022,NA,NA,NA,NA,NA,NA,0.621128378871621,0.999978000022,0.999978000022,1,0.999978000022,"AT5G42890;AT5G60335;AT1G76150;AT4G29010;AT3G06860;AT4G14440;AT4G14430;AT1G65520","3.864e-01;3.613e-01;3.827e-01;6.332e-01;4.231e-01;4.732e-01;4.948e-01;1.460e-01"
"PWY-5698","allantoin degradation to ureidoglycolate II (ammonia producing)",3,"mvn",0.447371405271247,0.563618193661688,0.8578334309817,0.001,0,0.77332367845967,0.667040017188014,NA,0.709313679556586,0.999999464264088,NA,NA,0.641848358151642,0.999978000022,NA,NA,NA,NA,NA,NA,0.641848358151642,0.999978000022,0.999978000022,1,0.999978000022,"AT4G17050;AT4G20070;AT4G04955","5.123e-01;4.433e-01;3.903e-01"
"PWYQT-4432","glutathione degradation",3,"mvn",0.459416643061403,0.582376305395772,0.857885615919435,0.001,0,0.749236078912294,0.686432823598616,NA,0.710225184690145,0.999999464264088,NA,NA,0.642501357498642,0.999978000022,NA,NA,NA,NA,NA,NA,0.642501357498642,0.999978000022,0.999978000022,1,0.999978000022,"AT4G29210;AT4G39650;AT4G39640","3.694e-01;5.260e-01;4.900e-01"
"PWY-6520","nonaprenyl diphosphate biosynthesis II",3,"mvn",0.86361166836902,0.684364488467754,0.85229843205371,0.2,0.102890197606813,0.468502230927568,0.290018068584106,NA,0.713474022428068,0.999999464264088,NA,NA,0.647684352315648,0.999978000022,NA,NA,NA,NA,NA,NA,0.647684352315648,0.999978000022,0.999978000022,1,0.999978000022,"AT2G34630;AT1G78510;AT1G17050","1.900e-01;9.543e-01;7.680e-01"
"PWY-7985","oxalate degradation VI",3,"mvn",0.867237797337299,0.485218925880026,0.857821152789545,0.001,0,0.494198144224631,0.441319144446309,NA,0.718378989500117,0.999999464264088,NA,NA,0.651752348247652,0.999978000022,NA,NA,NA,NA,NA,NA,0.651752348247652,0.999978000022,0.999978000022,1,0.999978000022,"AT3G48990;AT5G17380;AT5G14780","9.636e-01;3.315e-01;2.032e-01"
"PWY-7208","superpathway of pyrimidine nucleobases salvage",6,"mvn",0.532266680171456,0.762858661848607,0.856572759482113,0.2,1.09383826656533,0.521962281623253,0.585311563098176,NA,0.698495571349001,0.999999464264088,NA,NA,0.653531346468654,0.999978000022,NA,NA,NA,NA,NA,NA,0.653531346468654,0.999978000022,0.999978000022,1,0.999978000022,"AT4G26510;AT3G27440;AT3G27190;AT1G55810;AT5G40870;AT3G53900","1.157e-01;7.196e-01;7.312e-01;5.888e-01;6.073e-01;7.311e-01"
"PWY-5348","kaempferol triglucoside biosynthesis",13,"mvn",0.849890366321121,0.817397037457545,0.841489068186472,0.05,0.0977545217302627,0.469648626873459,0.180875053119497,NA,0.702210560643112,0.999999464264088,NA,NA,0.656667343332657,0.999978000022,NA,NA,NA,NA,NA,NA,0.656667343332657,0.999978000022,0.999978000022,1,0.999978000022,"AT4G34135;AT3G46660;AT5G38010;AT5G38040;AT2G29710;AT1G07250;AT2G29730;AT1G51210;AT2G29750;AT5G03490;AT1G73880;AT3G21750;AT5G17050","9.879e-01;4.187e-01;3.825e-01;2.279e-01;8.891e-01;7.972e-01;7.888e-01;6.209e-01;7.852e-01;3.236e-01;4.761e-02;5.226e-01;7.596e-01"
"PROUT-PWY","L-proline degradation",5,"mvn",0.633378115705243,0.694656618667635,0.881473763046218,0.001,0,0.688529037279328,0.327110984807183,NA,0.705890674317433,0.999999464264088,NA,NA,0.656920343079657,0.999978000022,NA,NA,NA,NA,NA,NA,0.656920343079657,0.999978000022,0.999978000022,1,0.999978000022,"AT3G30775;AT5G38710;AT5G62530;AT2G39800;AT3G55610","5.849e-01;4.313e-01;5.393e-01;9.078e-01;2.081e-01"
"PWY-6842","glutathione-mediated detoxification II",68,"mvn",0.327335072730523,0.893668746248224,0.773340245147494,0.02,3.44607974289688,0.349896196458788,0.6775830258031,NA,0.696580184149206,0.999999464264088,NA,NA,0.665902334097666,0.999978000022,NA,NA,NA,NA,NA,NA,0.665902334097666,0.999978000022,0.999978000022,1,0.999978000022,"AT2G43910;AT3G57050;AT4G39650;AT4G39640;AT1G69820;AT4G29210;AT5G44070;AT2G30870;AT2G02930;AT1G02930;AT1G02940;AT1G02950;AT1G09640;AT1G24380;AT1G57720;AT1G65820;AT1G66235;AT1G77290;AT3G47680;AT3G55040;AT4G10230;AT5G02780;AT5G02790;AT5G52547;AT1G19550;AT5G16710;AT2G02390;AT1G75270;AT2G02380;AT1G19570;AT1G27130;AT5G17220;AT1G27140;AT2G29480;AT1G69920;AT3G43800;AT1G59700;AT1G74590;AT5G41210;AT1G78320;AT1G10360;AT1G59670;AT5G41220;AT1G78370;AT3G09270;AT2G29490;AT1G78340;AT1G10370;AT2G29440;AT5G41240;AT3G62760;AT1G78360;AT2G29470;AT5G62480;AT3G03190;AT1G17180;AT2G29460;AT1G69930;AT1G49860;AT1G02920;AT1G53680;AT1G78380;AT1G17170;AT4G02520;AT2G47730;AT2G29450;AT2G29420;AT1G17190","4.778e-01;2.102e-01;5.260e-01;4.900e-01;5.593e-01;3.694e-01;7.912e-01;3.360e-01;5.396e-01;9.750e-01;9.585e-01;9.081e-01;1.649e-01;1.303e-01;7.195e-01;5.987e-01;8.521e-01;7.362e-01;6.036e-01;9.301e-01;4.388e-01;7.162e-01;6.221e-01;4.085e-02;3.487e-01;3.885e-01;7.872e-01;9.462e-01;3.358e-01;3.957e-01;4.694e-01;1.131e-02;6.010e-01;3.143e-01;7.755e-01;5.670e-01;3.883e-01;6.313e-03;4.949e-01;4.583e-01;4.768e-01;4.830e-01;4.719e-01;3.387e-01;2.868e-01;4.111e-01;5.559e-01;3.888e-01;3.171e-01;6.250e-01;3.129e-01;3.574e-01;3.287e-01;8.400e-01;9.080e-01;5.623e-01;6.951e-01;4.752e-01;6.182e-01;9.515e-01;3.468e-01;3.894e-01;4.490e-01;9.114e-01;4.635e-01;5.253e-01;3.282e-01;4.949e-01"
"PANTO-PWY","phosphopantothenate biosynthesis I",6,"mvn",0.803957807058028,0.727563590004756,0.853644959050095,0.2,1.22916406514678,0.496867257550387,0.373077365211482,NA,0.709642221205717,0.999999464264088,NA,NA,0.667550332449668,0.999978000022,NA,NA,NA,NA,NA,NA,0.667550332449668,0.999978000022,0.999978000022,1,0.999978000022,"AT1G60440;AT4G32180;AT2G46110;AT3G61530;AT5G34780;AT5G48840","9.604e-01;1.082e-01;6.119e-01;4.348e-01;5.161e-01;9.006e-01"
"PWY-8011","L-serine biosynthesis II",7,"mvn",0.723864972533587,0.839747180644589,0.86669306444929,0.2,1.10092468967155,0.575921419955345,0.222322254239182,NA,0.713303796602095,0.999999464264088,NA,NA,0.672071327928672,0.999978000022,NA,NA,NA,NA,NA,NA,0.672071327928672,0.999978000022,0.999978000022,1,0.999978000022,"AT3G25530;AT5G28310;AT1G72190;AT1G79870;AT1G12550;AT2G45630;AT5G34850","7.386e-01;1.153e-01;4.668e-01;5.094e-01;7.793e-01;8.032e-01;9.385e-01"
"PWY-6040","chlorogenic acid biosynthesis II",15,"mvn",0.801324727124906,0.901262479917764,0.848921146642633,0.05,0.165830736549719,0.506736326642178,0.299539252587168,NA,0.77208709834559,0.999999464264088,NA,NA,0.67949432050568,0.999978000022,NA,NA,NA,NA,NA,NA,0.67949432050568,0.999978000022,0.999978000022,1,0.999978000022,"AT5G09970;AT2G40890;AT5G48930;AT3G50280;AT5G07870;AT5G07850;AT5G01210;AT2G39980;AT5G57840;AT3G50300;AT3G50270;AT5G67150;AT5G23940;AT5G67160;AT5G42830","3.500e-01;5.347e-01;2.446e-01;9.255e-01;3.513e-01;4.454e-01;4.602e-02;3.968e-01;8.919e-01;9.728e-01;9.341e-01;8.194e-01;9.139e-01;7.710e-01;6.071e-01"
"PWY-7060","ornithine-citrulline shuttle",11,"mvn",0.468491452600797,0.775870718788757,0.869205107000536,0.1,0.415557055426075,0.606241754090769,0.648111073134452,NA,0.723208958549308,0.999999464264088,NA,NA,0.682771317228683,0.999978000022,NA,NA,NA,NA,NA,NA,0.682771317228683,0.999978000022,0.999978000022,1,0.999978000022,"AT1G79900;AT1G75330;AT5G35630;AT3G53180;AT5G37600;AT1G66200;AT3G17820;AT5G16570;AT1G48470;AT1G29900;AT3G27740","6.644e-01;5.667e-01;4.236e-01;4.297e-01;7.747e-01;3.264e-01;8.124e-02;6.594e-01;6.517e-01;6.777e-01;5.565e-01"
"PWY-4381","fatty acid biosynthesis initiation I",2,"mvn",0.40480025631871,0.459222450695705,0.842236661932214,0.001,0,0.586224609293898,0.880349184427506,NA,0.723286268147177,0.999999464264088,NA,NA,0.685054314945685,0.999978000022,NA,NA,NA,NA,NA,NA,0.685054314945685,0.999978000022,0.999978000022,1,0.999978000022,"AT1G62640;AT2G30200","3.567e-01;4.577e-01"
"PWY-5995","linoleate biosynthesis I (plants)",2,"mvn",0.41677171734343,0.477112798355246,0.842292894464386,0.001,0,0.619491417256885,0.874517229381836,NA,0.726407938878507,0.999999464264088,NA,NA,0.691802308197692,0.999978000022,NA,NA,NA,NA,NA,NA,0.691802308197692,0.999978000022,0.999978000022,1,0.999978000022,"AT4G30950;AT3G12120","4.524e-01;3.831e-01"
"PWY-63","UDP-&beta;-L-arabinose biosynthesis I (from UDP-&alpha;-D-xylose)",10,"mvn",0.684251585759614,0.900390412558414,0.856494389846876,0.1,0.554610221139854,0.545281417825451,0.195798665090942,NA,0.734585682856675,0.999999464264088,NA,NA,0.697206302793697,0.999978000022,NA,NA,NA,NA,NA,NA,0.697206302793697,0.999978000022,0.999978000022,1,0.999978000022,"AT3G28530;AT4G20460;AT2G34850;AT5G44480;AT1G63180;AT4G10960;AT1G12780;AT1G64440;AT4G23920;AT1G30620","6.776e-01;7.432e-01;7.578e-02;6.662e-01;6.243e-01;8.931e-01;6.587e-01;3.673e-01;6.237e-01;9.334e-01"
"PWY-6936","seleno-amino acid biosynthesis (plants)",7,"mvn",0.500278228454834,0.673522513894518,0.899396592682275,0.001,0,0.80830486092343,0.345144258071556,NA,0.736437374344694,0.999999464264088,NA,NA,0.704851295148705,0.999978000022,NA,NA,NA,NA,NA,NA,0.704851295148705,0.999978000022,0.999978000022,1,0.999978000022,"AT3G13110;AT1G55920;AT5G56760;AT4G35640;AT2G17640;AT3G57050;AT3G01120","3.340e-01;8.295e-01;6.381e-01;4.235e-01;5.646e-01;2.102e-01;4.248e-01"
"PWY-6890","4-amino-2-methyl-5-diphosphomethylpyrimidine biosynthesis",2,"mvn",0.501077092513645,0.594820786074461,0.842197702009263,0.001,0,0.700713760727068,0.830025450560663,NA,0.736078687137344,0.999999464264088,NA,NA,0.711209288790711,0.999978000022,NA,NA,NA,NA,NA,NA,0.711209288790711,0.999978000022,0.999978000022,1,0.999978000022,"AT2G29630;AT1G22940","4.529e-01;5.492e-01"
"PWY-6498","eumelanin biosynthesis",3,"mvn",0.532241481618241,0.698526348603158,0.857848257678098,0.001,0,0.825563146466555,0.676085477272119,NA,0.755176566606955,0.999999464264088,NA,NA,0.717523282476717,0.999978000022,NA,NA,NA,NA,NA,NA,0.717523282476717,0.999978000022,0.999978000022,1,0.999978000022,"AT3G51660;AT5G01650;AT5G57170","4.413e-01;5.839e-01;5.695e-01"
"PWY-7176","UTP and CTP <i>de novo</i> biosynthesis",13,"mvn",0.955323693830719,0.820110650535735,0.667217841101255,0.01,0.475216275154146,0.0977943444330777,0.249207427530013,NA,0.75245586405427,0.999999464264088,NA,NA,0.718991281008719,0.999978000022,NA,NA,NA,NA,NA,NA,0.718991281008719,0.999978000022,0.999978000022,1,0.999978000022,"AT4G20320;AT2G34890;AT1G30820;AT3G12670;AT4G02120;AT4G09320;AT5G63310;AT3G60961;AT3G18680;AT3G60180;AT4G25280;AT3G10030;AT5G26667","7.372e-01;7.885e-03;5.261e-01;7.740e-01;8.416e-01;3.678e-01;7.224e-01;5.283e-01;8.121e-01;4.179e-01;9.967e-01;9.893e-01;6.624e-01"
"GLYSYN-PWY","glycine biosynthesis I",7,"mvn",0.465598662510319,0.603804954964603,0.899396295832865,0.001,0,0.796276113965016,0.614724869490369,NA,0.750240571760936,0.999999464264088,NA,NA,0.721767278232722,0.999978000022,NA,NA,NA,NA,NA,NA,0.721767278232722,0.999978000022,0.999978000022,1,0.999978000022,"AT5G26780;AT4G13890;AT1G36370;AT4G32520;AT1G22020;AT4G13930;AT4G37930","8.255e-01;5.126e-01;2.033e-01;5.833e-01;4.299e-01;2.964e-01;3.817e-01"
"ARG-PRO-PWY","L-arginine degradation VI (arginase 2 pathway)",4,"mvn",0.720121348891313,0.694115244446094,0.870543622612382,0.001,0,0.776716510740911,0.588405380339622,NA,0.75978132563211,0.999999464264088,NA,NA,0.726841273158727,0.999978000022,NA,NA,NA,NA,NA,NA,0.726841273158727,0.999978000022,0.999978000022,1,0.999978000022,"AT4G08870;AT4G08900;AT5G46180;AT5G14800","6.260e-01;9.241e-01;3.126e-01;3.396e-01"
"PWY-6898","thiamine salvage III",4,"mvn",0.584565846975402,0.735567252642017,0.870650441126352,0.001,0,0.839873253878076,0.8914582407577,NA,0.824743216399729,0.999999464264088,NA,NA,0.72983727016273,0.999978000022,NA,NA,NA,NA,NA,NA,0.72983727016273,0.999978000022,0.999978000022,1,0.999978000022,"AT5G19470;AT5G19460;AT1G02880;AT2G44750","7.985e-01;6.619e-01;3.817e-01;3.674e-01"
"PWY-282","cuticular wax biosynthesis",20,"mvn",0.509243176026771,0.878122698674185,0.901180595769045,0.1,0.969117581705185,0.719593058058035,0.241901217512719,NA,0.762287877443382,0.999999464264088,NA,NA,0.732877267122733,0.999978000022,NA,NA,NA,NA,NA,NA,0.732877267122733,0.999978000022,0.999978000022,1,0.999978000022,"AT5G37300;AT4G33790;AT2G37700;AT1G02190;AT5G57800;AT1G02205;AT1G47620;AT1G65340;AT2G21910;AT2G23180;AT4G32170;AT4G39480;AT4G39500;AT4G39510;AT5G02900;AT5G51900;AT5G52320;AT4G39490;AT1G66030;AT1G57750","7.883e-01;4.736e-01;6.895e-01;6.403e-01;8.125e-01;6.010e-01;3.573e-01;5.110e-01;8.115e-01;6.116e-01;6.160e-02;6.825e-01;2.277e-01;2.362e-01;5.437e-01;3.496e-01;7.664e-01;2.354e-01;7.495e-01;7.611e-01"
"PWY-7546","diphthamide biosynthesis II (eukaryotes)",5,"mvn",0.684400012719962,0.76710677205015,0.881490832451449,0.001,0,0.755694438728559,0.587243024901706,NA,0.769296092426459,0.999999464264088,NA,NA,0.738667261332739,0.999978000022,NA,NA,NA,NA,NA,NA,0.738667261332739,0.999978000022,0.999978000022,1,0.999978000022,"AT4G31790;AT5G63010;AT3G59630;AT5G62030;AT3G04480","5.210e-01;4.589e-01;7.044e-01;2.456e-01;9.141e-01"
"CYSTSYN-PWY","L-cysteine biosynthesis I",15,"mvn",0.507219839515838,0.759616754404084,0.916519475526967,0.2,1.53252147069877,0.842195093433442,0.474448170841894,NA,0.793136597113457,0.999999464264088,NA,NA,0.741431258568741,0.999978000022,NA,NA,NA,NA,NA,NA,0.741431258568741,0.999978000022,0.999978000022,1,0.999978000022,"AT1G55880;AT5G28030;AT3G04940;AT5G28020;AT3G22460;AT3G03630;AT3G61440;AT4G14880;AT2G43750;AT3G59760;AT3G13110;AT1G55920;AT5G56760;AT4G35640;AT2G17640","5.806e-01;1.158e-01;7.661e-01;1.605e-01;4.056e-01;2.581e-01;5.182e-01;4.541e-01;7.111e-01;8.762e-01;3.340e-01;8.295e-01;6.381e-01;4.235e-01;5.646e-01"
"PWY-1581","plastoquinol-9 biosynthesis I",4,"mvn",0.740999418012055,0.83004495187597,0.870575909505013,0.001,0,0.760418686550403,0.40799641061901,NA,0.771599358086064,0.999999464264088,NA,NA,0.744820255179745,0.999978000022,NA,NA,NA,NA,NA,NA,0.744820255179745,0.999978000022,0.999978000022,1,0.999978000022,"AT3G63410;AT3G11950;AT3G11945;AT1G06570","3.004e-01;8.359e-01;8.854e-01;5.266e-01"
"PWY-1001","cellulose biosynthesis",22,"mvn",0.453451817204463,0.907779340486481,0.824922883555398,0.05,1.58361287443018,0.395926169357619,0.791221517250448,NA,0.773494831004283,0.999999464264088,NA,NA,0.74956625043375,0.999978000022,NA,NA,NA,NA,NA,NA,0.74956625043375,0.999978000022,0.999978000022,1,0.999978000022,"AT5G09870;AT2G21770;AT4G39350;AT4G24010;AT4G24000;AT4G23990;AT4G15320;AT4G15290;AT2G32620;AT2G32610;AT2G32540;AT2G32530;AT2G25540;AT1G55850;AT1G02730;AT4G32410;AT5G05170;AT5G64740;AT5G44030;AT5G17420;AT4G18780;AT3G28180","7.224e-01;5.704e-01;7.868e-01;7.884e-01;5.964e-01;5.531e-01;3.145e-01;4.827e-01;5.050e-01;4.762e-01;9.219e-01;8.847e-01;3.197e-01;5.931e-01;7.958e-01;5.421e-01;2.265e-02;4.469e-01;4.962e-01;6.613e-01;5.512e-01;2.791e-01"
"PWY-6163","chorismate biosynthesis from 3-dehydroquinate",6,"mvn",0.788084059981442,0.827245578555787,0.890987204353001,0.001,0,0.874828295326728,0.149533161635843,NA,0.783395330247349,0.999999464264088,NA,NA,0.766169233830766,0.999978000022,NA,NA,NA,NA,NA,NA,0.766169233830766,0.999978000022,0.999978000022,1,0.999978000022,"AT3G06350;AT2G21940;AT4G39540;AT1G48860;AT2G45300;AT1G48850","3.855e-01;8.888e-01;3.029e-01;8.547e-01;2.927e-01;9.334e-01"
"PWY-702","L-methionine biosynthesis II (plants)",9,"mvn",0.602255899030036,0.766585970551567,0.913687652398566,0.001,0,0.880424324394652,0.223762202901109,NA,0.788783474069757,0.999999464264088,NA,NA,0.766381233618766,0.999978000022,NA,NA,NA,NA,NA,NA,0.766381233618766,0.999978000022,0.999978000022,1,0.999978000022,"AT3G20390;AT3G57050;AT4G23600;AT3G03780;AT5G17920;AT5G20980;AT3G01120;AT4G35295;AT2G17265","5.542e-01;2.102e-01;4.847e-01;9.273e-01;2.868e-01;6.770e-01;4.248e-01;6.271e-01;4.519e-01"
"PWY-66","GDP-L-fucose biosynthesis I (from GDP-D-mannose)",4,"mvn",0.566846131554703,0.724428678335223,0.870512527964172,0.001,0,0.870277815738847,0.667555288906657,NA,0.786033694425642,0.999999464264088,NA,NA,0.767422232577767,0.999978000022,NA,NA,NA,NA,NA,NA,0.767422232577767,0.999978000022,0.999978000022,1,0.999978000022,"AT1G17890;AT1G73250;AT5G66280;AT3G51160","7.955e-01;4.038e-01;5.484e-01;3.999e-01"
"PYRUVDEHYD-PWY","pyruvate decarboxylation to acetyl CoA",15,"mvn",0.901956970748857,0.828241433325548,0.870021521755068,0.1,1.18021020996701,0.574858419054484,0.289860703915086,NA,0.793341623241551,0.999999464264088,NA,NA,0.767621232378768,0.999978000022,NA,NA,NA,NA,NA,NA,0.767621232378768,0.999978000022,0.999978000022,1,0.999978000022,"AT1G59900;AT1G30120;AT1G24180;AT1G01090;AT5G50850;AT2G34590;AT3G17240;AT3G16950;AT4G16155;AT5G17780;AT3G13930;AT1G34430;AT1G54220;AT3G52200;AT3G25860","6.205e-01;9.933e-01;4.442e-01;8.570e-01;7.611e-01;1.598e-01;5.532e-01;6.150e-01;4.622e-01;6.890e-01;9.056e-01;7.307e-01;6.323e-01;5.543e-02;1.659e-01"
"PWY-6668","(<i>E,E</i>)-4,8,12-trimethyltrideca-1,3,7,11-tetraene biosynthesis",2,"mvn",0.724767496962574,0.76963458838126,0.84222419398019,0.001,0,0.732554810135106,0.739898181856385,NA,0.76991705850007,0.999999464264088,NA,NA,0.769108230891769,0.999978000022,NA,NA,NA,NA,NA,NA,0.769108230891769,0.999978000022,0.999978000022,1,0.999978000022,"AT3G25180;AT1G61120","8.355e-01;4.828e-01"
"PWY-6577","farnesylcysteine salvage pathway",4,"mvn",0.6178297438819,0.824277302540465,0.870605905757535,0.001,0,0.911268543527844,0.208039495515249,NA,0.79182470382486,0.999999464264088,NA,NA,0.771526228473772,0.999978000022,NA,NA,NA,NA,NA,NA,0.771526228473772,0.999978000022,0.999978000022,1,0.999978000022,"AT3G03350;AT5G58560;AT5G63910;AT2G22650","6.220e-01;7.862e-01;5.116e-01;4.542e-01"
"PWY-2821","glucosinolate biosynthesis from phenylalanine",22,"mvn",0.887392496705398,0.899905820170484,0.814770950863516,0.1,4.64215870702653,0.495776227441814,0.397285724829168,NA,0.801590330295177,0.999999464264088,NA,NA,0.772067227932772,0.999978000022,NA,NA,NA,NA,NA,NA,0.772067227932772,0.999978000022,0.999978000022,1,0.999978000022,"AT4G28420;AT4G28410;AT2G24850;AT2G20610;AT1G24100;AT5G35920;AT5G35917;AT5G05260;AT2G23960;AT2G23970;AT4G30540;AT4G30550;AT4G30530;AT4G29210;AT1G69820;AT4G39640;AT4G39650;AT4G13770;AT4G31500;AT1G74090;AT1G18590;AT1G74100","9.695e-01;9.946e-01;7.704e-01;3.558e-01;5.400e-01;4.320e-01;6.427e-01;4.941e-01;8.302e-01;7.173e-01;8.165e-01;7.176e-01;7.519e-01;3.694e-01;5.593e-01;4.900e-01;5.260e-01;9.072e-01;6.905e-01;3.203e-02;5.233e-01;3.064e-02"
"ARGININE-SYN4-PWY","L-ornithine biosynthesis II",6,"mvn",0.738280013560473,0.855478920253098,0.890991282265809,0.001,0,0.753338664673731,0.420794908036971,NA,0.79246521940231,0.999999464264088,NA,NA,0.773115226884773,0.999978000022,NA,NA,NA,NA,NA,NA,0.773115226884773,0.999978000022,0.999978000022,1,0.999978000022,"AT2G39800;AT3G55610;AT5G46180;AT5G18170;AT5G07440;AT3G03910","9.078e-01;2.081e-01;3.126e-01;8.374e-01;8.067e-01;7.450e-01"
"PWY-7856","heme <i>a</i> biosynthesis",2,"mvn",0.679943204018142,0.774311386249914,0.842160665207171,0.001,0,0.775043036252352,0.741750149331039,NA,0.772700923580337,0.999999464264088,NA,NA,0.773372226627773,0.999978000022,NA,NA,NA,NA,NA,NA,0.773372226627773,0.999978000022,0.999978000022,1,0.999978000022,"AT5G56090;AT2G44520","5.257e-01;7.773e-01"
"ARGASEDEG-PWY","L-arginine degradation I (arginase pathway)",6,"mvn",0.750957543685656,0.786023756869535,0.8909570695076,0.001,0,0.753338664673731,0.603218535390641,NA,0.789470482166484,0.999999464264088,NA,NA,0.774308225691774,0.999978000022,NA,NA,NA,NA,NA,NA,0.774308225691774,0.999978000022,0.999978000022,1,0.999978000022,"AT5G62530;AT2G39800;AT3G55610;AT5G46180;AT4G08870;AT4G08900","5.393e-01;9.078e-01;2.081e-01;3.126e-01;6.260e-01;9.241e-01"
"PWY-762","phospholipid desaturation",8,"mvn",0.821138950572366,0.682878019060417,0.90135877664296,0.2,0.180239211028275,0.801034253066781,0.410004617522236,NA,0.790191051661934,0.999999464264088,NA,NA,0.774897225102775,0.999978000022,NA,NA,NA,NA,NA,NA,0.774897225102775,0.999978000022,0.999978000022,1,0.999978000022,"AT2G29980;AT3G12120;AT1G62190;AT2G22890;AT4G27030;AT5G05580;AT3G11170;AT4G30950","5.315e-01;3.831e-01;1.828e-01;2.277e-01;5.355e-01;9.778e-01;8.028e-01;4.524e-01"
"PWY-6619","adenine and adenosine salvage VI",2,"mvn",0.668760561905439,0.798427997262015,0.842233817181076,0.001,0,0.845712061315945,0.54344598600197,NA,0.774461582969413,0.999999464264088,NA,NA,0.775934224065776,0.999978000022,NA,NA,NA,NA,NA,NA,0.775934224065776,0.999978000022,0.999978000022,1,0.999978000022,"AT3G09820;AT5G03300","7.190e-01;6.072e-01"
"NONMEVIPP-PWY","methylerythritol phosphate pathway I",11,"mvn",0.840363323025043,0.88540131747644,0.858677847091944,0.1,0.701115246731852,0.55217788782194,0.589672968735238,NA,0.803376076097972,0.999999464264088,NA,NA,0.778641221358779,0.999978000022,NA,NA,NA,NA,NA,NA,0.778641221358779,0.999978000022,0.999978000022,1,0.999978000022,"AT1G79690;AT5G16440;AT3G02780;AT2G02500;AT2G26930;AT4G34350;AT1G63970;AT5G62790;AT3G21500;AT4G15560;AT5G11380","9.795e-01;4.664e-01;6.939e-01;9.414e-01;4.804e-01;8.116e-01;8.350e-01;6.366e-01;7.043e-02;4.010e-01;4.204e-01"
"PWY-6792","scopoletin biosynthesis",11,"mvn",0.608458343525978,0.628033449988914,0.915714939523515,0.2,0.411218022599994,0.867828006558794,0.578904656436644,NA,0.802337166815721,0.999999464264088,NA,NA,0.779374220625779,0.999978000022,NA,NA,NA,NA,NA,NA,0.779374220625779,0.999978000022,0.999978000022,1,0.999978000022,"AT1G55290;AT3G12900;AT5G12270;AT3G13610;AT1G67980;AT1G24735;AT4G26220;AT3G62000;AT3G61990;AT1G67990;AT4G34050","2.471e-01;3.495e-01;1.938e-01;1.680e-01;9.208e-01;8.821e-01;4.664e-01;3.366e-01;3.569e-01;8.979e-01;5.662e-01"
"PWY-5060","luteolin biosynthesis",4,"mvn",0.684399066563344,0.784305163464253,0.870537646744135,0.001,0,0.805154757033184,0.746266781253551,NA,0.794082956436434,0.999999464264088,NA,NA,0.77973122026878,0.999978000022,NA,NA,NA,NA,NA,NA,0.77973122026878,0.999978000022,0.999978000022,1,0.999978000022,"AT5G07990;AT2G46660;AT1G01190;AT3G61880","4.887e-01;8.891e-01;6.390e-01;3.356e-01"
"PWY-7270","L-methionine salvage cycle II (plants)",13,"mvn",0.760242529644043,0.869008312136536,0.892155741924958,0.1,0.159852260493786,0.716119489512564,0.554842027318651,NA,0.806301838413983,0.999999464264088,NA,NA,0.780801219198781,0.999978000022,NA,NA,NA,NA,NA,NA,0.780801219198781,0.999978000022,0.999978000022,1,0.999978000022,"AT3G61510;AT1G01480;AT2G22810;AT5G65800;AT4G37770;AT4G26200;AT4G11280;AT4G08040;AT3G49700;AT2G36880;AT4G01850;AT3G17390;AT1G02500","5.173e-01;3.749e-01;9.232e-02;4.415e-01;8.597e-01;4.585e-01;6.879e-01;3.217e-01;9.615e-01;7.798e-01;9.506e-01;4.139e-01;5.537e-01"
"PWY-6606","guanosine nucleotides degradation II",14,"mvn",0.673502173992953,0.899252144464729,0.872874603400987,0.1,0.873106367125397,0.607541235088914,0.777294532628509,NA,0.814163442549279,0.999999464264088,NA,NA,0.79042320957679,0.999978000022,NA,NA,NA,NA,NA,NA,0.79042320957679,0.999978000022,0.999978000022,1,0.999978000022,"AT3G04390;AT4G02180;AT4G31196;AT4G37500;AT4G34900;AT4G34890;AT5G48960;AT1G75210;AT4G14930;AT2G38680;AT2G23890;AT1G72880;AT3G05300;AT5G28050","5.225e-01;8.099e-01;5.360e-01;4.331e-01;8.994e-01;8.793e-01;3.286e-01;7.352e-01;8.675e-01;3.478e-01;5.420e-01;4.136e-01;9.293e-01;6.463e-02"
"PWY-7560","methylerythritol phosphate pathway II",12,"mvn",0.82857871006992,0.895477464667578,0.865743429984449,0.1,0.701115246731852,0.583717786409504,0.658552972466788,NA,0.815743129301781,0.999999464264088,NA,NA,0.79047820952179,0.999978000022,NA,NA,NA,NA,NA,NA,0.79047820952179,0.999978000022,0.999978000022,1,0.999978000022,"AT1G79690;AT5G16440;AT3G02780;AT2G02500;AT2G26930;AT4G34350;AT5G60600;AT1G63970;AT5G62790;AT3G21500;AT4G15560;AT5G11380","9.795e-01;4.664e-01;6.939e-01;9.414e-01;4.804e-01;8.116e-01;5.072e-01;8.350e-01;6.366e-01;7.043e-02;4.010e-01;4.204e-01"
"PWY-6938","NADH repair",2,"mvn",0.633666483058067,0.765409740511692,0.842224175334299,0.001,0,0.84065592137092,0.750918275386115,NA,0.784762728946026,0.999999464264088,NA,NA,0.79049520950479,0.999978000022,NA,NA,NA,NA,NA,NA,0.79049520950479,0.999978000022,0.999978000022,1,0.999978000022,"AT5G49970;AT5G19150","6.008e-01;6.637e-01"
"PWY-8001","felinine and 3-methyl-3-sulfanylbutan-1-ol biosynthesis",5,"mvn",0.498465500100151,0.721099940724445,0.881488387035527,0.001,0,0.900281649303248,0.645366984274298,NA,0.801861195675782,0.999999464264088,NA,NA,0.790990209009791,0.999978000022,NA,NA,NA,NA,NA,NA,0.790990209009791,0.999978000022,0.999978000022,1,0.999978000022,"AT4G29210;AT1G69820;AT4G39640;AT4G39650;AT3G20390","3.694e-01;5.593e-01;4.900e-01;5.260e-01;5.542e-01"
"DETOX1-PWY-1","reactive oxygen species degradation",20,"mvn",0.647210343134809,0.762967650211158,0.909515936425931,0.2,3.51017942221682,0.862019293136191,0.703104474886813,NA,0.820537769957276,0.999999464264088,NA,NA,0.8003621996378,0.999978000022,NA,NA,NA,NA,NA,NA,0.8003621996378,0.999978000022,0.999978000022,1,0.999978000022,"AT2G30870;AT2G43350;AT3G63080;AT2G48150;AT1G63460;AT2G30860;AT1G20630;AT4G35090;AT1G20620;AT3G09090;AT4G00651;AT4G26820;AT3G56350;AT4G25100;AT5G51100;AT5G23310;AT1G08830;AT2G28190;AT5G18100;AT3G10920","3.360e-01;9.429e-02;9.798e-02;7.605e-01;5.721e-01;3.353e-01;7.837e-01;4.808e-01;7.946e-01;5.568e-01;8.175e-01;4.149e-01;1.497e-01;4.270e-01;4.567e-01;9.777e-01;5.399e-01;5.401e-01;5.127e-01;5.294e-01"
"PWY-6837","fatty acid beta-oxidation V (unsaturated, odd number, di-isomerase-dependent)",8,"mvn",0.819210084434117,0.930480402344846,0.888224372678511,0.2,0.628910410651956,0.717179322477433,0.13441197609881,NA,0.810642000142064,0.999999464264088,NA,NA,0.801316198683801,0.999978000022,NA,NA,NA,NA,NA,NA,0.801316198683801,0.999978000022,0.999978000022,1,0.999978000022,"AT4G14440;AT4G14430;AT1G65520;AT5G43280;AT5G65110;AT4G16760;AT3G51840;AT1G06290","4.732e-01;4.948e-01;1.460e-01;8.495e-01;8.934e-01;9.598e-01;7.323e-01;7.594e-01"
"PWY-6710","poly-hydroxy fatty acids biosynthesis",7,"mvn",0.68101883163328,0.822588121375665,0.899364714171104,0.001,0,0.915833146661885,0.403056572324048,NA,0.833638605438588,0.999999464264088,NA,NA,0.802516197483803,0.999978000022,NA,NA,NA,NA,NA,NA,0.802516197483803,0.999978000022,0.999978000022,1,0.999978000022,"AT1G11600;AT3G03470;AT3G10560;AT5G04630;AT1G64900;AT1G64930;AT5G04660","7.189e-01;9.091e-01;3.832e-01;8.511e-01;2.978e-01;4.594e-01;3.569e-01"
"PWY-6014","vernolate biosynthesis I",7,"mvn",0.68101883163328,0.822588121375665,0.899397159321731,0.001,0,0.915833146661885,0.403056572324048,NA,0.833655335176288,0.999999464264088,NA,NA,0.803174196825803,0.999978000022,NA,NA,NA,NA,NA,NA,0.803174196825803,0.999978000022,0.999978000022,1,0.999978000022,"AT1G11600;AT3G03470;AT3G10560;AT5G04630;AT1G64900;AT1G64930;AT5G04660","7.189e-01;9.091e-01;3.832e-01;8.511e-01;2.978e-01;4.594e-01;3.569e-01"
"XYLCAT-PWY","D-xylose degradation I",2,"mvn",0.676659865242519,0.815526645427931,0.842203059048946,0.001,0,0.893877507410889,0.501861266253278,NA,0.800186381886064,0.999999464264088,NA,NA,0.803837196162804,0.999978000022,NA,NA,NA,NA,NA,NA,0.803837196162804,0.999978000022,0.999978000022,1,0.999978000022,"AT5G57655;AT5G49650","6.742e-01;6.791e-01"
"TYRFUMCAT-PWY","L-tyrosine degradation I",10,"mvn",0.591072330121293,0.776685862119729,0.918513701052252,0.2,0.0524841387890137,0.885467013553567,0.623115635619335,NA,0.828490615844398,0.999999464264088,NA,NA,0.804642195357805,0.999978000022,NA,NA,NA,NA,NA,NA,0.804642195357805,0.999978000022,0.999978000022,1,0.999978000022,"AT1G12050;AT2G02380;AT2G02390;AT5G54080;AT1G06570;AT1G80360;AT5G36160;AT1G70560;AT5G53970;AT5G51690","3.349e-01;3.358e-01;7.872e-01;5.113e-01;5.266e-01;6.037e-01;6.679e-01;1.948e-01;3.223e-01;9.186e-01"
"PWY-283","benzoate degradation II (aerobic and anaerobic)",3,"mvn",0.687800381312901,0.858289857210994,0.857830486523105,0.001,0,0.895773005330213,0.311752286517686,NA,0.805244091244159,0.999999464264088,NA,NA,0.805951194048806,0.999978000022,NA,NA,NA,NA,NA,NA,0.805951194048806,0.999978000022,0.999978000022,1,0.999978000022,"AT1G68270;AT1G65890;AT1G65880","8.068e-01;5.294e-01;6.413e-01"
"HISTSYN-PWY","L-histidine biosynthesis",11,"mvn",0.817935455118024,0.917086217313283,0.898984210787543,0.2,1.14956883664823,0.731155719307406,0.216746221225434,NA,0.822257130248509,0.999999464264088,NA,NA,0.807280192719807,0.999978000022,NA,NA,NA,NA,NA,NA,0.807280192719807,0.999978000022,0.999978000022,1,0.999978000022,"AT1G58080;AT1G09795;AT1G31860;AT2G36230;AT4G26900;AT3G22425;AT4G14910;AT5G10330;AT1G71920;AT4G39120;AT5G63890","6.651e-01;8.107e-01;2.732e-01;9.288e-01;1.126e-01;3.699e-01;8.179e-01;9.673e-01;9.034e-01;5.255e-01;5.370e-01"
"PWYQT-4477","indole glucosinolate activation (intact plant cell)",16,"mvn",0.712724541300669,0.853919059211716,0.913499932165762,0.1,0.0057418160200542,0.813751326688915,0.777282064710537,NA,0.840067955584012,0.999999464264088,NA,NA,0.814291185708814,0.999978000022,NA,NA,NA,NA,NA,NA,0.814291185708814,0.999978000022,0.999978000022,1,0.999978000022,"AT5G44070;AT5G53810;AT1G21130;AT1G21110;AT1G21120;AT1G21100;AT2G23220;AT2G23190;AT1G66540;AT4G37320;AT5G67310;AT5G36220;AT4G37430;AT4G37400;AT5G57220;AT2G44490","7.912e-01;8.779e-01;3.582e-01;2.258e-01;3.814e-01;9.971e-02;4.437e-01;7.202e-01;9.697e-01;3.729e-01;8.643e-01;4.679e-01;5.051e-01;4.358e-01;3.822e-01;8.360e-01"
"CITRULLINE-DEG-PWY","L-citrulline degradation",3,"mvn",0.603997681506247,0.797970756401778,0.857830834628302,0.001,0,0.912787363990027,0.59144330732916,NA,0.815511274156195,0.999999464264088,NA,NA,0.81958518041482,0.999978000022,NA,NA,NA,NA,NA,NA,0.81958518041482,0.999978000022,0.999978000022,1,0.999978000022,"AT1G29900;AT3G27740;AT1G75330","6.777e-01;5.565e-01;5.667e-01"
"PWY-5068","chlorophyll cycle",5,"mvn",0.830185396640203,0.925319838873409,0.881463332917442,0.001,0,0.702321804501385,0.238160677945887,NA,0.823919895599184,0.999999464264088,NA,NA,0.820803179196821,0.999978000022,NA,NA,NA,NA,NA,NA,0.820803179196821,0.999978000022,0.999978000022,1,0.999978000022,"AT1G04620;AT4G13250;AT5G04900;AT1G44446;AT3G51820","2.152e-01;9.164e-01;8.314e-01;7.284e-01;9.093e-01"
"PWY4FS-12","VTC2 cycle",2,"mvn",0.807147908529387,0.843784974026815,0.84217900564364,0.001,0,0.805656150448617,0.696182653847327,NA,0.808865674424752,0.999999464264088,NA,NA,0.822528177471822,0.999978000022,NA,NA,NA,NA,NA,NA,0.822528177471822,0.999978000022,0.999978000022,1,0.999978000022,"AT5G28840;AT4G26850","8.871e-01;5.592e-01"
"PWY4FS-13","extended VTC2 cycle",2,"mvn",0.807147908529387,0.843784974026815,0.842187776701171,0.001,0,0.805656150448617,0.696182653847327,NA,0.808868148949813,0.999999464264088,NA,NA,0.822649177350823,0.999978000022,NA,NA,NA,NA,NA,NA,0.822649177350823,0.999978000022,0.999978000022,1,0.999978000022,"AT5G28840;AT4G26850","8.871e-01;5.592e-01"
"PWY-1822","indole-3-acetate activation I",4,"mvn",0.847279859929437,0.749840564232658,0.87057509100628,0.001,0,0.855360766296939,0.717878801160038,NA,0.824077481592109,0.999999464264088,NA,NA,0.824717175282825,0.999978000022,NA,NA,NA,NA,NA,NA,0.824717175282825,0.999978000022,0.999978000022,1,0.999978000022,"AT3G02875;AT1G51780;AT1G44350;AT5G56650","3.976e-01;5.402e-01;9.617e-01;3.833e-01"
"PWY-2901","cytokinins 9-<i>N</i>-glucoside biosynthesis",3,"mvn",0.72627185955258,0.921762979251765,0.857826223077852,0.001,0,0.967800393252627,0.381663100437846,NA,0.905788353285882,0.999999464264088,NA,NA,0.827161172838827,0.999978000022,NA,NA,NA,NA,NA,NA,0.827161172838827,0.999978000022,0.999978000022,1,0.999978000022,"AT3G55700;AT5G05860;AT5G05870","7.820e-01;6.978e-01;6.819e-01"
"PWY-4861","UDP-&alpha;-D-galacturonate biosynthesis I (from UDP-D-glucuronate)",6,"mvn",0.556561610584372,0.780156993248129,0.890983238207037,0.001,0,0.901588979413888,0.774640095263595,NA,0.830637310394323,0.999999464264088,NA,NA,0.82965317034683,0.999978000022,NA,NA,NA,NA,NA,NA,0.82965317034683,0.999978000022,0.999978000022,1,0.999978000022,"AT3G23820;AT4G12250;AT4G00110;AT1G02000;AT4G30440;AT2G45310","3.881e-01;6.759e-01;7.996e-01;5.011e-01;5.267e-01;3.205e-01"
"TRPSYN-PWY","L-tryptophan biosynthesis",20,"mvn",0.637703300124767,0.943283899063466,0.91517978263844,0.1,0.481244863447779,0.805538470127467,0.24373212375858,NA,0.85325127440698,0.999999464264088,NA,NA,0.832586167413833,0.999978000022,NA,NA,NA,NA,NA,NA,0.832586167413833,0.999978000022,0.999978000022,1,0.999978000022,"AT5G38530;AT5G28237;AT5G54810;AT4G02610;AT4G27070;AT3G54640;AT1G70570;AT3G55870;AT1G25155;AT1G24807;AT5G57890;AT5G05730;AT2G29690;AT1G25220;AT5G17990;AT5G05590;AT1G29410;AT1G07780;AT5G48220;AT2G04400","4.369e-01;1.393e-01;5.310e-01;4.867e-01;3.454e-01;7.977e-01;7.861e-02;8.468e-01;7.219e-01;8.937e-01;4.064e-01;7.406e-01;6.069e-01;4.345e-01;3.459e-01;8.581e-01;7.975e-01;8.705e-01;8.955e-01;5.205e-01"
"ASPARAGINE-DEG1-PWY","L-asparagine degradation I",4,"mvn",0.712264173017614,0.846418396840466,0.870661315234403,0.001,0,0.84209799070651,0.84125495251723,NA,0.83403122492603,0.999999464264088,NA,NA,0.836004163995836,0.999978000022,NA,NA,NA,NA,NA,NA,0.836004163995836,0.999978000022,0.999978000022,1,0.999978000022,"AT4G00590;AT5G08100;AT3G16150;AT5G22300","3.696e-01;7.843e-01;8.706e-01;5.058e-01"
"PWY-5267","glucosinolate activation",14,"mvn",0.514696231353826,0.863162476507932,0.919463854156297,0.2,1.05765577041328,0.82720478526264,0.914578474943684,NA,0.868319311591534,0.999999464264088,NA,NA,0.838050161949838,0.999978000022,NA,NA,NA,NA,NA,NA,0.838050161949838,0.999978000022,0.999978000022,1,0.999978000022,"AT5G26000;AT5G25980;AT1G47600;AT1G51470;AT5G48375;AT1G51490;AT1G54040;AT3G07720;AT3G59610;AT5G48180;AT3G16410;AT3G16390;AT2G33070;AT3G16400","4.359e-01;6.585e-01;1.179e-01;5.377e-01;6.070e-01;5.248e-01;3.330e-01;6.087e-01;6.289e-01;8.175e-01;4.832e-01;7.361e-01;4.577e-01;4.539e-01"
"PWY-5032","<i>ent</i>-kaurene biosynthesis I",2,"mvn",0.728701014064334,0.861012016135519,0.842204194254116,0.001,0,0.897245181600754,0.533135003117233,NA,0.821478821152514,0.999999464264088,NA,NA,0.838489161510839,0.999978000022,NA,NA,NA,NA,NA,NA,0.838489161510839,0.999978000022,0.999978000022,1,0.999978000022,"AT1G79460;AT4G02780","6.794e-01;7.675e-01"
"GLUTSYNIII-PWY","L-glutamate biosynthesis III",4,"mvn",0.739834991792163,0.908864597597769,0.870581283194408,0.001,0,0.840501322036781,0.650901945656817,NA,0.838528883046115,0.999999464264088,NA,NA,0.838603161396839,0.999978000022,NA,NA,NA,NA,NA,NA,0.838603161396839,0.999978000022,0.999978000022,1,0.999978000022,"AT1G51720;AT3G03910;AT5G07440;AT5G18170","3.680e-01;7.450e-01;8.067e-01;8.374e-01"
"METHIONINE-DEG1-PWY","L-methionine degradation I (to L-homocysteine)",6,"mvn",0.767065509825763,0.826394224125748,0.890961720056191,0.001,0,0.886216569828932,0.705946572720436,NA,0.838561420047501,0.999999464264088,NA,NA,0.83965216034784,0.999978000022,NA,NA,NA,NA,NA,NA,0.83965216034784,0.999978000022,0.999978000022,1,0.999978000022,"AT3G23810;AT4G13940;AT2G36880;AT4G01850;AT3G17390;AT1G02500","4.667e-01;3.039e-01;7.798e-01;9.506e-01;4.139e-01;5.537e-01"
"PWY-601","glucosinolate biosynthesis from tryptophan",37,"mvn",0.844908246206495,0.933602409409174,0.870851957608077,0.05,1.86956998478675,0.683869434345814,0.724754342791846,NA,0.857876415360429,0.999999464264088,NA,NA,0.848118151881848,0.999978000022,NA,NA,NA,NA,NA,NA,0.848118151881848,0.999978000022,0.999978000022,1,0.999978000022,"AT4G37410;AT1G58265;AT4G39950;AT2G22330;AT4G28420;AT4G28410;AT2G24850;AT2G20610;AT4G30530;AT2G23960;AT2G23970;AT4G30540;AT4G30550;AT4G29210;AT1G69820;AT4G39640;AT4G39650;AT4G31500;AT5G53810;AT1G21130;AT1G21110;AT1G21120;AT1G21100;AT2G23220;AT2G23190;AT1G66540;AT4G37320;AT5G67310;AT5G36220;AT4G37430;AT4G37400;AT5G57220;AT1G76790;AT1G18590;AT1G74090;AT1G74100;AT1G24100","6.215e-01;3.690e-01;8.425e-01;3.930e-01;9.695e-01;9.946e-01;7.704e-01;3.558e-01;7.519e-01;8.302e-01;7.173e-01;8.165e-01;7.176e-01;3.694e-01;5.593e-01;4.900e-01;5.260e-01;6.905e-01;8.779e-01;3.582e-01;2.258e-01;3.814e-01;9.971e-02;4.437e-01;7.202e-01;9.697e-01;3.729e-01;8.643e-01;4.679e-01;5.051e-01;4.358e-01;3.822e-01;8.910e-01;5.233e-01;3.203e-02;3.064e-02;5.400e-01"
"PWY-6367","D-<i>myo</i>-inositol-5-phosphate metabolism",13,"mvn",0.698581265838903,0.860895442718263,0.935036363180242,0.2,0.0142462276554664,0.943742659262663,0.808720568458783,NA,0.895967495127137,0.999999464264088,NA,NA,0.855837144162856,0.999978000022,NA,NA,NA,NA,NA,NA,0.855837144162856,0.999978000022,0.999978000022,1,0.999978000022,"AT1G13680;AT3G08510;AT3G47290;AT4G34930;AT5G58670;AT3G55940;AT4G38530;AT5G58700;AT5G58690;AT2G40116;AT3G47220;AT5G04540;AT3G10550","3.517e-01;5.725e-01;2.360e-01;9.382e-01;8.338e-01;8.275e-01;7.476e-01;3.887e-01;3.513e-01;3.383e-01;1.986e-01;5.206e-01;9.220e-01"
"PWY-1269","CMP-3-deoxy-D-<I>manno</I>-octulosonate biosynthesis",4,"mvn",0.733695220830805,0.90397308873697,0.870607402169284,0.001,0,0.888020441069383,0.65611248226762,NA,0.848468015835089,0.999999464264088,NA,NA,0.857458142541857,0.999978000022,NA,NA,NA,NA,NA,NA,0.857458142541857,0.999978000022,0.999978000022,1,0.999978000022,"AT3G54690;AT1G16340;AT1G79500;AT1G53000","4.215e-01;6.412e-01;8.696e-01;7.628e-01"
"HOMOSER-THRESYN-PWY","L-threonine biosynthesis",4,"mvn",0.549714613327113,0.769973854368464,0.870629674820184,0.001,0,0.909740654729286,0.886744987698697,NA,0.849003201613394,0.999999464264088,NA,NA,0.857591142408858,0.999978000022,NA,NA,NA,NA,NA,NA,0.857591142408858,0.999978000022,0.999978000022,1,0.999978000022,"AT1G72810;AT4G29840;AT4G35295;AT2G17265","5.977e-01;5.138e-01;6.271e-01;4.519e-01"
"PWY-6064","methylquercetin biosynthesis",2,"mvn",0.92437262219665,0.808353049001196,0.8421773367061,0.001,0,0.715321107595775,0.708340855467437,NA,0.838640184283806,0.999999464264088,NA,NA,0.858587141412859,0.999978000022,NA,NA,NA,NA,NA,NA,0.858587141412859,0.999978000022,0.999978000022,1,0.999978000022,"AT4G26220;AT5G54160","4.664e-01;9.621e-01"
"PWY-5114","UDP-sugars interconversion",26,"mvn",0.616197932204282,0.942872777611778,0.934351324411429,0.1,0.554610221139854,0.871136172824412,0.171575512892611,NA,0.867768601116166,0.999999464264088,NA,NA,0.858808141191859,0.999978000022,NA,NA,NA,NA,NA,NA,0.858808141191859,0.999978000022,0.999978000022,1,0.999978000022,"AT3G29360;AT1G26570;AT5G15490;AT3G01010;AT5G39320;AT3G28530;AT1G12780;AT3G06580;AT1G63180;AT4G23920;AT4G10960;AT1G64440;AT2G27860;AT3G23820;AT4G12250;AT4G00110;AT1G02000;AT4G30440;AT2G45310;AT4G20460;AT2G34850;AT5G44480;AT1G30620;AT1G53500;AT1G78570;AT3G14790","4.431e-01;5.743e-01;8.998e-01;2.365e-01;2.702e-01;6.776e-01;6.587e-01;4.546e-01;6.243e-01;6.237e-01;8.931e-01;3.673e-01;8.955e-01;3.881e-01;6.759e-01;7.996e-01;5.011e-01;5.267e-01;3.205e-01;7.432e-01;7.578e-02;6.662e-01;9.334e-01;4.748e-01;1.507e-01;6.225e-01"
"PWY-6039","chlorogenic acid biosynthesis I",22,"mvn",0.795547581288996,0.970308531855181,0.881618435739643,0.05,0.165830736549719,0.645309632085758,0.6273733327681,NA,0.900697473856712,0.999999464264088,NA,NA,0.85951914048086,0.999978000022,NA,NA,NA,NA,NA,NA,0.85951914048086,0.999978000022,0.999978000022,1,0.999978000022,"AT5G09970;AT2G40890;AT1G67980;AT1G24735;AT4G26220;AT3G62000;AT3G61990;AT1G67990;AT4G34050;AT5G48930;AT3G50280;AT5G07870;AT5G07850;AT5G01210;AT2G39980;AT5G57840;AT3G50300;AT3G50270;AT5G67150;AT5G23940;AT5G67160;AT5G42830","3.500e-01;5.347e-01;9.208e-01;8.821e-01;4.664e-01;3.366e-01;3.569e-01;8.979e-01;5.662e-01;2.446e-01;9.255e-01;3.513e-01;4.454e-01;4.602e-02;3.968e-01;8.919e-01;9.728e-01;9.341e-01;8.194e-01;9.139e-01;7.710e-01;6.071e-01"
"PWY-5687","pyrimidine ribonucleotides interconversion",23,"mvn",0.941482585937086,0.96675422142486,0.705190145684483,0.01,0.475216275154146,0.166462399686593,0.132314178835022,NA,0.871145612836171,0.999999464264088,NA,NA,0.85990214009786,0.999978000022,NA,NA,NA,NA,NA,NA,0.85990214009786,0.999978000022,0.999978000022,1,0.999978000022,"AT3G60961;AT3G60180;AT4G25280;AT5G26667;AT3G18680;AT3G10030;AT1G14240;AT1G14230;AT4G19180;AT1G14250;AT2G02970;AT5G66005;AT5G63310;AT4G11010;AT1G17410;AT4G23900;AT4G09320;AT4G23895;AT4G20320;AT2G34890;AT1G30820;AT3G12670;AT4G02120","5.283e-01;4.179e-01;9.967e-01;6.624e-01;8.121e-01;9.893e-01;7.735e-01;9.876e-01;2.343e-01;6.414e-01;3.530e-01;3.956e-01;7.224e-01;9.251e-01;6.266e-01;6.817e-01;3.678e-01;7.603e-01;7.372e-01;7.885e-03;5.261e-01;7.740e-01;8.416e-01"
"PWY3O-450","phosphatidylcholine biosynthesis I",4,"mvn",0.705975208616979,0.871410112729835,0.870575122279274,0.001,0,0.889154751742918,0.831518842624656,NA,0.850891048388657,0.999999464264088,NA,NA,0.86019613980386,0.999978000022,NA,NA,NA,NA,NA,NA,0.86019613980386,0.999978000022,0.999978000022,1,0.999978000022,"AT3G25585;AT1G13560;AT4G15130;AT2G32260","8.722e-01;6.840e-01;4.230e-01;5.814e-01"
"NONOXIPENT-PWY","pentose phosphate pathway (non-oxidative branch)",12,"mvn",0.745876808042725,0.91305590917985,0.925708273756071,0.2,0.222997573816662,0.90607911506634,0.266572342257911,NA,0.86570806321012,0.999999464264088,NA,NA,0.860761139238861,0.999978000022,NA,NA,NA,NA,NA,NA,0.860761139238861,0.999978000022,0.999978000022,1,0.999978000022,"AT3G04880;AT5G44520;AT3G04790;AT1G71100;AT2G01290;AT1G63290;AT3G01850;AT5G61410;AT2G45290;AT3G60750;AT5G13420;AT1G12230","7.851e-01;4.403e-01;8.299e-01;1.789e-01;9.508e-01;8.895e-01;8.580e-01;4.126e-01;3.242e-01;7.696e-01;3.728e-01;3.407e-01"
"PWY-43","putrescine biosynthesis II",4,"mvn",0.725884104013736,0.92284323419595,0.870617708448177,0.001,0,0.924594015440905,0.205582382398179,NA,0.852945613336066,0.999999464264088,NA,NA,0.862619137380863,0.999978000022,NA,NA,NA,NA,NA,NA,0.862619137380863,0.999978000022,0.999978000022,1,0.999978000022,"AT2G27450;AT5G08170;AT2G16500;AT4G34710","8.484e-01;7.271e-01;6.960e-01;4.760e-01"
"PWY-4702","phytate degradation I",4,"mvn",0.694446828614519,0.848649903199065,0.870588096429612,0.001,0,0.916044925724146,0.807040811455444,NA,0.853811940037306,0.999999464264088,NA,NA,0.864056135943864,0.999978000022,NA,NA,NA,NA,NA,NA,0.864056135943864,0.999978000022,0.999978000022,1,0.999978000022,"AT3G02870;AT4G39120;AT1G31190;AT1G09870","8.787e-01;5.255e-01;4.617e-01;6.060e-01"
"PWY0A-6303","methyl indole-3-acetate interconversion",15,"mvn",0.952141404954102,0.944499472389345,0.738135360680536,0.02,0.621899940671738,0.198645487599869,0.641026264806532,NA,0.877025464203686,0.999999464264088,NA,NA,0.864152135847864,0.999978000022,NA,NA,NA,NA,NA,NA,0.864152135847864,0.999978000022,0.999978000022,1,0.999978000022,"AT3G29770;AT2G23550;AT1G69240;AT2G23570;AT4G37140;AT2G23590;AT5G58310;AT4G16690;AT4G37150;AT2G23610;AT2G23600;AT2G23560;AT2G23620;AT3G10870;AT5G55250","5.868e-01;4.784e-01;7.343e-01;5.871e-01;9.950e-01;6.726e-01;9.925e-01;5.562e-01;9.613e-01;8.131e-01;7.741e-01;4.777e-01;8.529e-01;5.174e-01;1.466e-02"
"PWY-6303","methyl indole-3-acetate interconversion",15,"mvn",0.952141404954102,0.944499472389345,0.738263476757605,0.02,0.621899940671738,0.198645487599869,0.641026264806532,NA,0.877032237811408,0.999999464264088,NA,NA,0.865060134939865,0.999978000022,NA,NA,NA,NA,NA,NA,0.865060134939865,0.999978000022,0.999978000022,1,0.999978000022,"AT5G58310;AT1G69240;AT2G23610;AT4G16690;AT2G23560;AT2G23600;AT2G23620;AT4G37150;AT2G23570;AT2G23550;AT4G37140;AT3G29770;AT2G23590;AT3G10870;AT5G55250","9.925e-01;7.343e-01;8.131e-01;5.562e-01;4.777e-01;7.741e-01;8.529e-01;9.613e-01;5.871e-01;4.784e-01;9.950e-01;5.868e-01;6.726e-01;5.174e-01;1.466e-02"
"PWY-5172","acetyl-CoA biosynthesis III (from citrate)",5,"mvn",0.878380106409141,0.8532969930843,0.88150539416868,0.001,0,0.908992182257404,0.526833929809949,NA,0.859121461601553,0.999999464264088,NA,NA,0.867919132080868,0.999978000022,NA,NA,NA,NA,NA,NA,0.867919132080868,0.999978000022,0.999978000022,1,0.999978000022,"AT5G49460;AT1G60810;AT1G09430;AT3G06650;AT1G10670","4.319e-01;9.739e-01;6.612e-01;3.808e-01;5.954e-01"
"THIOREDOX-PWY","thioredoxin pathway",27,"mvn",0.852466176142499,0.934499151198815,0.929819939974273,0.1,0.867570780055027,0.836183703193102,0.313510551296069,NA,0.87762496932638,0.999999464264088,NA,NA,0.868522131477868,0.999978000022,NA,NA,NA,NA,NA,NA,0.868522131477868,0.999978000022,0.999978000022,1,0.999978000022,"AT1G03020;AT1G06830;AT1G77370;AT2G20270;AT2G30540;AT2G47870;AT2G47880;AT3G02000;AT3G21460;AT3G54900;AT3G62930;AT3G62950;AT3G62960;AT4G15660;AT4G15670;AT4G15680;AT4G15690;AT4G15700;AT4G28730;AT5G14070;AT5G18600;AT5G20500;AT5G40370;AT5G63030;AT2G41680;AT4G35460;AT2G17420","3.743e-01;5.695e-01;4.649e-01;9.938e-01;8.709e-01;6.365e-01;7.160e-01;9.230e-01;6.481e-02;3.532e-01;2.039e-01;3.565e-01;7.976e-01;4.135e-01;6.630e-01;6.316e-01;4.772e-01;6.547e-01;7.343e-01;4.640e-01;2.692e-01;4.263e-01;3.191e-01;4.593e-01;5.638e-01;4.906e-01;7.359e-01"
"PWY-7618","ricinoleate biosynthesis",2,"mvn",0.813209680263957,0.904756997884505,0.842161380356475,0.001,0,0.900173221330843,0.65598007842537,NA,0.855058583515385,0.999999464264088,NA,NA,0.876025123974876,0.999978000022,NA,NA,NA,NA,NA,NA,0.876025123974876,0.999978000022,0.999978000022,1,0.999978000022,"AT1G13560;AT3G25585","6.840e-01;8.722e-01"
"PWY-7528","L-methionine salvage cycle I (bacteria and plants)",4,"mvn",0.843925299270595,0.895643000481582,0.870603656552103,0.001,0,0.882006799728189,0.792026440804703,NA,0.864371032463556,0.999999464264088,NA,NA,0.876290123709876,0.999978000022,NA,NA,NA,NA,NA,NA,0.876290123709876,0.999978000022,0.999978000022,1,0.999978000022,"AT2G36880;AT4G01850;AT3G17390;AT1G02500","7.798e-01;9.506e-01;4.139e-01;5.537e-01"
"SAM-PWY","S-adenosyl-L-methionine biosynthesis",4,"mvn",0.843925299270595,0.895643000481582,0.870604900004577,0.001,0,0.882006799728189,0.792026440804703,NA,0.864371304192201,0.999999464264088,NA,NA,0.876346123653876,0.999978000022,NA,NA,NA,NA,NA,NA,0.876346123653876,0.999978000022,0.999978000022,1,0.999978000022,"AT2G36880;AT4G01850;AT3G17390;AT1G02500","7.798e-01;9.506e-01;4.139e-01;5.537e-01"
"GLYCLEAV-PWY","glycine cleavage",10,"mvn",0.623752731138176,0.890314386551289,0.919847363584892,0.001,0,0.925473380522514,0.64354382262541,NA,0.872033448205455,0.999999464264088,NA,NA,0.876390123609876,0.999978000022,NA,NA,NA,NA,NA,NA,0.876390123609876,0.999978000022,0.999978000022,1,0.999978000022,"AT1G48030;AT2G35370;AT2G35120;AT3G17240;AT3G16950;AT4G16155;AT1G11860;AT1G60990;AT2G26080;AT4G33010","9.021e-01;4.314e-01;7.797e-01;5.532e-01;6.150e-01;4.622e-01;7.261e-01;2.287e-01;4.669e-01;4.747e-01"
"PLPSAL-PWY","pyridoxal 5'-phosphate salvage I",3,"mvn",0.891845189634081,0.875926681808829,0.857817256839015,0.001,0,0.884646719142668,0.742586198644634,NA,0.863576759013682,0.999999464264088,NA,NA,0.878727121272879,0.999978000022,NA,NA,NA,NA,NA,NA,0.878727121272879,0.999978000022,0.999978000022,1,0.999978000022,"AT5G37850;AT2G46580;AT5G49970","9.610e-01;5.132e-01;6.008e-01"
"PWY66-399","gluconeogenesis III",52,"mvn",0.97903242041477,0.892628353239984,0.777182648758743,0.01,0.59768655287313,0.320982690008771,0.0675540629696824,NA,0.890278961806282,0.999999464264088,NA,NA,0.882749117250883,0.999978000022,NA,NA,NA,NA,NA,NA,0.882749117250883,0.999978000022,0.999978000022,1,0.999978000022,"AT5G42740;AT4G24620;AT3G53910;AT5G43330;AT1G04410;AT5G56720;AT1G53240;AT2G22780;AT3G15020;AT3G47520;AT5G09660;AT4G00570;AT2G13560;AT5G34850;AT2G38740;AT2G25870;AT5G65690;AT5G17670;AT4G37870;AT3G56130;AT3G55440;AT2G21170;AT2G29560;AT2G36530;AT1G74030;AT1G22170;AT3G26780;AT5G62840;AT3G12780;AT1G56190;AT1G79550;AT1G13440;AT3G62410;AT1G12900;AT3G26650;AT1G42970;AT3G04120;AT1G79530;AT1G16300;AT2G01140;AT2G36460;AT4G38970;AT2G21330;AT3G52930;AT5G03690;AT4G26530;AT4G26520;AT1G08940;AT3G05170;AT5G64380;AT3G54050;AT1G43670","9.116e-01;4.955e-01;7.696e-01;9.587e-01;8.867e-01;9.905e-01;7.903e-01;2.764e-01;3.536e-01;6.871e-01;5.190e-01;9.137e-01;9.996e-01;9.385e-01;4.575e-01;6.360e-01;4.912e-01;9.555e-01;3.527e-01;7.181e-01;5.858e-01;1.748e-01;3.610e-01;6.461e-01;7.417e-03;8.180e-01;1.859e-02;3.413e-01;8.981e-01;7.801e-01;6.595e-01;4.525e-01;9.234e-01;5.998e-01;2.105e-01;2.308e-01;7.063e-01;2.051e-01;5.414e-01;5.237e-01;6.145e-01;6.637e-01;8.252e-01;3.835e-01;8.188e-01;1.131e-01;1.126e-01;1.291e-01;8.169e-01;7.726e-01;4.565e-01;6.417e-02"
"PWY-5320","kaempferol glycoside biosynthesis (Arabidopsis)",18,"mvn",0.861066487259267,0.971069090791307,0.867724891519586,0.05,0.0977545217302627,0.584446773916887,0.274404643756908,NA,0.896272022524658,0.999999464264088,NA,NA,0.883061116938883,0.999978000022,NA,NA,NA,NA,NA,NA,0.883061116938883,0.999978000022,0.999978000022,1,0.999978000022,"AT1G06000;AT4G34135;AT3G46660;AT5G38010;AT5G38040;AT2G29710;AT1G07250;AT2G29730;AT1G51210;AT2G29750;AT5G03490;AT1G73880;AT3G21750;AT5G17050;AT2G36790;AT4G34131;AT4G34138;AT1G30530","5.477e-01;9.879e-01;4.187e-01;3.825e-01;2.279e-01;8.891e-01;7.972e-01;7.888e-01;6.209e-01;7.852e-01;3.236e-01;4.761e-02;5.226e-01;7.596e-01;8.341e-01;8.532e-01;9.552e-01;8.607e-01"
"PWY-5868","simple coumarins biosynthesis",24,"mvn",0.815353854525759,0.978138684550608,0.889310169401307,0.05,0.165830736549719,0.677205138624549,0.48233200719899,NA,0.91966591120961,0.999999464264088,NA,NA,0.883113116886883,0.999978000022,NA,NA,NA,NA,NA,NA,0.883113116886883,0.999978000022,0.999978000022,1,0.999978000022,"AT1G33030;AT1G51990;AT4G26220;AT5G54160;AT5G09970;AT2G40890;AT3G50280;AT5G07870;AT5G07850;AT5G01210;AT2G39980;AT5G57840;AT3G50300;AT3G50270;AT5G67150;AT5G23940;AT5G67160;AT5G42830;AT5G48930;AT4G05160;AT3G21230;AT3G21240;AT1G65060;AT1G51680","7.360e-01;8.616e-01;4.664e-01;9.621e-01;3.500e-01;5.347e-01;9.255e-01;3.513e-01;4.454e-01;4.602e-02;3.968e-01;8.919e-01;9.728e-01;9.341e-01;8.194e-01;9.139e-01;7.710e-01;6.071e-01;2.446e-01;3.483e-01;9.410e-01;3.443e-01;3.267e-01;7.137e-01"
"DETOX1-PWY","superoxide radicals degradation",14,"mvn",0.77343580088311,0.927870281551923,0.928587499296591,0.2,0.579068480228464,0.896759498931439,0.782247799783812,NA,0.891381237916421,0.999999464264088,NA,NA,0.883995116004884,0.999978000022,NA,NA,NA,NA,NA,NA,0.883995116004884,0.999978000022,0.999978000022,1,0.999978000022,"AT1G20630;AT4G35090;AT1G20620;AT3G09090;AT4G00651;AT4G26820;AT3G56350;AT4G25100;AT5G51100;AT5G23310;AT1G08830;AT2G28190;AT5G18100;AT3G10920","7.837e-01;4.808e-01;7.946e-01;5.568e-01;8.175e-01;4.149e-01;1.497e-01;4.270e-01;4.567e-01;9.777e-01;5.399e-01;5.401e-01;5.127e-01;5.294e-01"
"PWY-1187","glucosinolate biosynthesis from homomethionine",31,"mvn",0.95773528436606,0.929569435480008,0.843504551516862,0.1,5.42236069554055,0.618961183123429,0.402395859564506,NA,0.889908061050846,0.999999464264088,NA,NA,0.885289114710885,0.999978000022,NA,NA,NA,NA,NA,NA,0.885289114710885,0.999978000022,0.999978000022,1,0.999978000022,"AT4G28420;AT4G28410;AT2G24850;AT2G20610;AT4G30550;AT4G30540;AT2G23970;AT2G23960;AT4G30530;AT4G29210;AT1G69820;AT4G39640;AT4G39650;AT4G13770;AT4G31500;AT4G03050;AT1G12140;AT1G62540;AT1G62560;AT1G65860;AT5G07800;AT1G62570;AT1G62600;AT1G18590;AT1G74090;AT1G74100;AT1G24100;AT1G16400;AT1G16410;AT1G58260;AT1G79370","9.695e-01;9.946e-01;7.704e-01;3.558e-01;7.176e-01;8.165e-01;7.173e-01;8.302e-01;7.519e-01;3.694e-01;5.593e-01;4.900e-01;5.260e-01;9.072e-01;6.905e-01;9.982e-01;4.641e-01;7.106e-01;6.105e-01;5.303e-01;6.701e-01;3.912e-01;8.005e-01;5.233e-01;3.203e-02;3.064e-02;5.400e-01;2.610e-01;6.770e-02;3.665e-01;8.812e-01"
"PWY-5441","S-methyl-L-methionine cycle",4,"mvn",0.642903334350359,0.866887694355106,0.870594054238598,0.001,0,0.949840863543262,0.640995343079048,NA,0.872641329420004,0.999999464264088,NA,NA,0.885587114412886,0.999978000022,NA,NA,NA,NA,NA,NA,0.885587114412886,0.999978000022,0.999978000022,1,0.999978000022,"AT3G22740;AT3G63250;AT3G25900;AT5G49810","5.268e-01;5.827e-01;5.898e-01;7.898e-01"
"COA-PWY","coenzyme A biosynthesis I (prokaryotic)",6,"mvn",0.902323530859136,0.873606538581065,0.890972773895952,0.001,0,0.903597255561496,0.670377937585738,NA,0.87562373834111,0.999999464264088,NA,NA,0.885655114344886,0.999978000022,NA,NA,NA,NA,NA,NA,0.885655114344886,0.999978000022,0.999978000022,1,0.999978000022,"AT5G02080;AT1G12350;AT1G48605;AT3G18030;AT2G27490;AT2G18250","3.876e-01;8.852e-01;4.171e-01;9.807e-01;7.546e-01;3.229e-01"
"PWY-6164","3-dehydroquinate biosynthesis I",4,"mvn",0.944798288282856,0.82415824107143,0.870619953337354,0.001,0,0.813566129976721,0.734330345501265,NA,0.874966348484612,0.999999464264088,NA,NA,0.887278112721887,0.999978000022,NA,NA,NA,NA,NA,NA,0.887278112721887,0.999978000022,0.999978000022,1,0.999978000022,"AT1G22410;AT4G33510;AT4G39980;AT5G66120","4.898e-01;6.857e-01;9.860e-01;3.429e-01"
"PWY-6730","methylhalides biosynthesis (plants)",3,"mvn",0.924665123692716,0.917087444239558,0.85780695885718,0.001,0,0.857605599026407,0.393675669536331,NA,0.871671698197344,0.999999464264088,NA,NA,0.887400112599887,0.999978000022,NA,NA,NA,NA,NA,NA,0.887400112599887,0.999978000022,0.999978000022,1,0.999978000022,"AT2G43910;AT2G43920;AT2G43940","4.778e-01;9.719e-01;7.811e-01"
"PWY-5313","superpathway of anthocyanin biosynthesis (from cyanidin and cyanidin 3-<i>O</i>-glucoside)",5,"mvn",0.659721362487891,0.927304175657491,0.881469991740873,0.001,0,0.975445437239455,0.324970097084712,NA,0.921018978860956,0.999999464264088,NA,NA,0.889209110790889,0.999978000022,NA,NA,NA,NA,NA,NA,0.889209110790889,0.999978000022,0.999978000022,1,0.999978000022,"AT5G17050;AT2G18570;AT4G36770;AT2G18560;AT5G17030","7.596e-01;6.778e-01;5.235e-01;5.970e-01;6.873e-01"
"PWY-3181","L-tryptophan degradation VI (via tryptamine)",5,"mvn",0.901547139009573,0.895649156075768,0.881457339095504,0.001,0,0.876211957639999,0.798525649398613,NA,0.878290688682433,0.999999464264088,NA,NA,0.88983611016389,0.999978000022,NA,NA,NA,NA,NA,NA,0.88983611016389,0.999978000022,0.999978000022,1,0.999978000022,"AT1G02590;AT1G50780;AT3G43600;AT2G27150;AT5G20960","4.076e-01;9.771e-01;7.666e-01;3.415e-01;8.144e-01"
"PWY0-1535","D-serine degradation",2,"mvn",0.95139492698827,0.873021133749192,0.842187937041283,0.001,0,0.80124774486739,0.329891716127624,NA,0.869606396869445,0.999999464264088,NA,NA,0.890919109080891,0.999978000022,NA,NA,NA,NA,NA,NA,0.890919109080891,0.999978000022,0.999978000022,1,0.999978000022,"AT3G20390;AT4G11640","5.542e-01;9.752e-01"
"DTDPRHAMSYN-PWY","dTDP-L-rhamnose biosynthesis",3,"mvn",0.871491475136746,0.908150304847241,0.857813593009756,0.001,0,0.918287525877459,0.73715377039601,NA,0.879138731434557,0.999999464264088,NA,NA,0.895083104916895,0.999978000022,NA,NA,NA,NA,NA,NA,0.895083104916895,0.999978000022,0.999978000022,1,0.999978000022,"AT1G19690;AT4G00560;AT1G63000","5.661e-01;6.436e-01;9.501e-01"
"CALVIN-PWY","Calvin-Benson-Bassham cycle",38,"mvn",0.754728729868087,0.964798928624466,0.949680420520332,0.2,5.93022682953517,0.919571357038417,0.134321245178603,NA,0.913547179459259,0.999999464264088,NA,NA,0.895194104805895,0.999978000022,NA,NA,NA,NA,NA,NA,0.895194104805895,0.999978000022,0.999978000022,1,0.999978000022,"AT3G26650;AT1G42970;AT1G12900;AT3G04880;AT5G44520;AT3G04790;AT1G71100;AT2G01290;AT3G62410;AT1G32060;AT1G63290;AT3G01850;AT5G61410;AT3G55800;AT2G45290;AT3G60750;AT1G08940;AT3G05170;AT5G64380;AT3G54050;AT1G43670;AT2G01140;AT2G36460;AT4G38970;AT2G21330;AT3G52930;AT5G03690;AT4G26530;AT4G26520;AT3G55440;AT2G21170;AT3G12780;AT1G56190;AT1G79550;AT5G38430;AT5G38420;AT1G67090;AT5G38410","2.105e-01;2.308e-01;5.998e-01;7.851e-01;4.403e-01;8.299e-01;1.789e-01;9.508e-01;9.234e-01;7.468e-01;8.895e-01;8.580e-01;4.126e-01;7.994e-01;3.242e-01;7.696e-01;1.291e-01;8.169e-01;7.726e-01;4.565e-01;6.417e-02;5.237e-01;6.145e-01;6.637e-01;8.252e-01;3.835e-01;8.188e-01;1.131e-01;1.126e-01;5.858e-01;1.748e-01;8.981e-01;7.801e-01;6.595e-01;9.862e-01;5.581e-01;4.346e-01;8.504e-01"
"PHOSLIPSYN2-PWY","superpathway of phospholipid biosynthesis II (plants)",3,"mvn",0.92234993687666,0.921692885798264,0.857773939606535,0.001,0,0.877271567258362,0.591828474853954,NA,0.881863990189268,0.999999464264088,NA,NA,0.898095101904898,0.999978000022,NA,NA,NA,NA,NA,NA,0.898095101904898,0.999978000022,0.999978000022,1,0.999978000022,"AT1G15110;AT4G38570;AT1G68000","5.030e-01;7.613e-01;9.711e-01"
"PWY-3461","L-tyrosine biosynthesis II",6,"mvn",0.592418681257453,0.830323430469941,0.890969063572835,0.001,0,0.953253858262842,0.857321579433933,NA,0.888142485490847,0.999999464264088,NA,NA,0.899090100909899,0.999978000022,NA,NA,NA,NA,NA,NA,0.899090100909899,0.999978000022,0.999978000022,1,0.999978000022,"AT1G15710;AT5G34930;AT2G22250;AT3G29200;AT5G10870;AT1G69370","8.350e-01;4.979e-01;4.212e-01;3.998e-01;6.247e-01;5.661e-01"
"PWY-5041","<i>S</i>-adenosyl-L-methionine cycle II",9,"mvn",0.779005304677866,0.899369667517534,0.913681045229906,0.001,0,0.952282579877966,0.46728630407535,NA,0.893432844175849,0.999999464264088,NA,NA,0.8997451002549,0.999978000022,NA,NA,NA,NA,NA,NA,0.8997451002549,0.999978000022,0.999978000022,1,0.999978000022,"AT3G03780;AT5G17920;AT5G20980;AT3G23810;AT4G13940;AT2G36880;AT4G01850;AT3G17390;AT1G02500","9.273e-01;2.868e-01;6.770e-01;4.667e-01;3.039e-01;7.798e-01;9.506e-01;4.139e-01;5.537e-01"
"PWY-5027","phylloquinol biosynthesis",5,"mvn",0.692705181802503,0.935281139611849,0.881482721207824,0.001,0,0.930167507494613,0.835043743170188,NA,0.893219657829281,0.999999464264088,NA,NA,0.903765096234904,0.999978000022,NA,NA,NA,NA,NA,NA,0.903765096234904,0.999978000022,0.999978000022,1,0.999978000022,"AT5G08740;AT3G44190;AT5G22140;AT1G23360;AT1G60600","7.053e-01;4.128e-01;7.996e-01;7.267e-01;7.055e-01"
"PWY-6754","<i>S</i>-methyl-5'-thioadenosine degradation I",6,"mvn",0.869680233322507,0.90800408279779,0.890953885584318,0.001,0,0.905443558659184,0.883197865722211,NA,0.893209902443529,0.999999464264088,NA,NA,0.904069095930904,0.999978000022,NA,NA,NA,NA,NA,NA,0.904069095930904,0.999978000022,0.999978000022,1,0.999978000022,"AT1G49820;AT4G24350;AT4G24340;AT4G28940;AT4G34840;AT4G38800","3.250e-01;9.709e-01;4.634e-01;4.454e-01;8.104e-01;8.722e-01"
"PWY-7909","formaldehyde oxidation VII (THF pathway)",6,"mvn",0.647136988306818,0.828740531895723,0.890959957425633,0.001,0,0.939500917639316,0.926836184107416,NA,0.893961169214752,0.999999464264088,NA,NA,0.905184094815905,0.999978000022,NA,NA,NA,NA,NA,NA,0.905184094815905,0.999978000022,0.999978000022,1,0.999978000022,"AT5G47435;AT4G17360;AT2G38660;AT3G12290;AT4G00600;AT4G00620","6.794e-01;5.995e-01;8.957e-01;4.090e-01;3.734e-01;4.396e-01"
"PWY-6762","salicylate glucosides biosynthesis IV",5,"mvn",0.806113337360735,0.958971161761443,0.881520747394,0.001,0,0.879238828309862,0.671499984979024,NA,0.896399292244414,0.999999464264088,NA,NA,0.909030090969909,0.999978000022,NA,NA,NA,NA,NA,NA,0.909030090969909,0.999978000022,0.999978000022,1,0.999978000022,"AT2G43820;AT2G43840;AT4G01070;AT1G01390;AT1G01420","8.300e-01;7.937e-01;3.448e-01;9.161e-01;7.470e-01"
"PWY-5957","L-nicotianamine biosynthesis",5,"mvn",0.97533304334013,0.627971209097216,0.863318420223516,0.2,0.464842998027946,0.578096804510608,0.278786624071519,NA,0.896970550103879,0.999999464264088,NA,NA,0.909382090617909,0.999978000022,NA,NA,NA,NA,NA,NA,0.909382090617909,0.999978000022,0.999978000022,1,0.999978000022,"AT4G26483;AT1G56430;AT5G56080;AT5G04950;AT1G09240","1.585e-01;3.324e-01;5.347e-01;6.503e-01;9.952e-01"
"PWY-6441","spermine and spermidine degradation III",9,"mvn",0.624757510456444,0.9002382252677,0.913732540066912,0.001,0,0.959267228248199,0.706450324984817,NA,0.901434670094493,0.999999464264088,NA,NA,0.911081088918911,0.999978000022,NA,NA,NA,NA,NA,NA,0.911081088918911,0.999978000022,0.999978000022,1,0.999978000022,"AT3G10390;AT4G29720;AT4G16310;AT1G62830;AT3G13682;AT2G43020;AT5G13700;AT1G65840;AT3G59050","6.794e-01;6.014e-01;4.989e-01;6.425e-01;8.589e-01;2.993e-01;3.923e-01;4.054e-01;8.188e-01"
"PWY-5152","leucodelphinidin biosynthesis",12,"mvn",0.94566932138757,0.923599016262984,0.928678240728266,0.2,0.0864642157203141,0.922031975648269,0.222728428315817,NA,0.909393378693512,0.999999464264088,NA,NA,0.912167087832912,0.999978000022,NA,NA,NA,NA,NA,NA,0.912167087832912,0.999978000022,0.999978000022,1,0.999978000022,"AT5G07990;AT5G24530;AT3G60290;AT2G36690;AT4G10490;AT5G07480;AT2G44800;AT4G10500;AT2G06960;AT1G79760;AT3G19000;AT3G19010","4.887e-01;6.359e-01;8.897e-01;9.588e-01;3.078e-01;5.581e-01;7.632e-01;9.947e-01;4.552e-01;7.500e-01;1.915e-01;2.570e-01"
"PWY-7344","UDP-&alpha;-D-galactose biosynthesis",7,"mvn",0.674334918515669,0.922284638088015,0.899417384068548,0.001,0,0.959391961568617,0.598036701861042,NA,0.902424524828155,0.999999464264088,NA,NA,0.913841086158914,0.999978000022,NA,NA,NA,NA,NA,NA,0.913841086158914,0.999978000022,0.999978000022,1,0.999978000022,"AT3G28530;AT1G12780;AT3G06580;AT1G63180;AT4G23920;AT4G10960;AT1G64440","6.776e-01;6.587e-01;4.546e-01;6.243e-01;6.237e-01;8.931e-01;3.673e-01"
"PWY-5391","syringetin biosynthesis",9,"mvn",0.884355204388084,0.993567418149839,0.913687906963533,0.001,0,0.984771898291757,0.686878563211889,NA,0.97942792975508,0.999999464264088,NA,NA,0.913899086100914,0.999978000022,NA,NA,NA,NA,NA,NA,0.913899086100914,0.999978000022,0.999978000022,1,0.999978000022,"AT5G07990;AT5G54160;AT5G63600;AT5G63595;AT5G63590;AT5G63580;AT5G48020;AT5G43935;AT3G55970","4.887e-01;9.621e-01;7.691e-01;8.894e-01;9.237e-01;9.456e-01;3.718e-01;8.663e-01;4.235e-01"
"PWY-5997","&alpha;-linolenate biosynthesis I (plants and red algae)",3,"mvn",0.940369273287322,0.94131544653529,0.857836010803892,0.001,0,0.897139566281375,0.420333220582997,NA,0.900412375702429,0.999999464264088,NA,NA,0.915871084128916,0.999978000022,NA,NA,NA,NA,NA,NA,0.915871084128916,0.999978000022,0.999978000022,1,0.999978000022,"AT2G29980;AT3G11170;AT5G05580","5.315e-01;8.028e-01;9.778e-01"
"PWY-401","galactolipid biosynthesis I",6,"mvn",0.655897384375002,0.878449388035018,0.890986983070864,0.001,0,0.959855406226053,0.877718599649184,NA,0.904647363282722,0.999999464264088,NA,NA,0.916680083319917,0.999978000022,NA,NA,NA,NA,NA,NA,0.916680083319917,0.999978000022,0.999978000022,1,0.999978000022,"AT3G06510;AT3G11670;AT4G00550;AT2G11810;AT5G20410;AT4G31780","8.367e-01;4.441e-01;5.803e-01;4.794e-01;8.293e-01;4.148e-01"
"PWY-5111","CMP-KDO biosynthesis II (from D-arabinose 5-phosphate)",3,"mvn",0.789758168913872,0.944353310648149,0.857802070356062,0.001,0,0.953803776042035,0.499994040083691,NA,0.902895615222301,0.999999464264088,NA,NA,0.918571081428919,0.999978000022,NA,NA,NA,NA,NA,NA,0.918571081428919,0.999978000022,0.999978000022,1,0.999978000022,"AT1G53000;AT1G16340;AT1G79500","7.628e-01;6.412e-01;8.696e-01"
"PWY-5122","geranyl diphosphate biosynthesis",14,"mvn",0.800113939024916,0.938558425399254,0.93774528714102,0.2,0.102890197606813,0.947639142806608,0.7415391922368,NA,0.916037082640763,0.999999464264088,NA,NA,0.919101080898919,0.999978000022,NA,NA,NA,NA,NA,NA,0.919101080898919,0.999978000022,0.999978000022,1,0.999978000022,"AT4G38460;AT2G18640;AT4G36810;AT2G23800;AT1G49530;AT3G29430;AT2G18620;AT3G20160;AT3G14550;AT3G14530;AT3G14510;AT4G17190;AT5G47770;AT2G34630","5.395e-01;8.504e-01;3.835e-01;3.248e-01;3.823e-01;8.496e-01;9.743e-01;2.517e-01;8.308e-01;8.108e-01;9.014e-01;4.740e-01;6.441e-01;1.900e-01"
"PWY-5168","ferulate and sinapate biosynthesis",3,"mvn",0.921685377578348,0.95778269157216,0.857813331948117,0.001,0,0.897582515632037,0.345365744180732,NA,0.903800209265669,0.999999464264088,NA,NA,0.919457080542919,0.999978000022,NA,NA,NA,NA,NA,NA,0.919457080542919,0.999978000022,0.999978000022,1,0.999978000022,"AT3G24503;AT5G54160;AT4G36220","9.109e-01;9.621e-01;5.321e-01"
"PWY-7468","benzoyl-&beta;-<i>D</i>-glucopyranose biosynthesis",2,"mvn",0.813400962754474,0.933730432565594,0.842237902779934,0.001,0,0.957436266471928,0.631838195168525,NA,0.903376301463642,0.999999464264088,NA,NA,0.922297077702922,0.999978000022,NA,NA,NA,NA,NA,NA,0.922297077702922,0.999978000022,0.999978000022,1,0.999978000022,"AT2G43820;AT2G43840","8.300e-01;7.937e-01"
"LYSINE-DEG2-PWY","lysine degradation II",8,"mvn",0.875015131239223,0.853051429784447,0.906920580057772,0.001,0,0.972299960016098,0.720595982655578,NA,0.922166690441938,0.999999464264088,NA,NA,0.923932076067924,0.999978000022,NA,NA,NA,NA,NA,NA,0.923932076067924,0.999978000022,0.999978000022,1,0.999978000022,"AT5G47720;AT5G48230;AT3G06860;AT1G76150;AT5G60335;AT5G42890;AT5G35930;AT4G33150","9.803e-01;9.283e-01;4.231e-01;3.827e-01;3.613e-01;3.864e-01;6.005e-01;4.805e-01"
"PWY-7224","purine deoxyribonucleosides salvage",10,"mvn",0.703408736671512,0.943977287467323,0.919856977597425,0.001,0,0.967060400067639,0.665546960476265,NA,0.923689488499823,0.999999464264088,NA,NA,0.928268071731928,0.999978000022,NA,NA,NA,NA,NA,NA,0.928268071731928,0.999978000022,0.999978000022,1,0.999978000022,"AT5G63310;AT4G11010;AT1G17410;AT4G23900;AT4G09320;AT4G23895;AT5G60340;AT5G59440;AT2G41880;AT1G72040","7.224e-01;9.251e-01;6.266e-01;6.817e-01;3.678e-01;7.603e-01;3.651e-01;8.375e-01;2.892e-01;5.548e-01"
"PWY-5800","xylan biosynthesis",9,"mvn",0.54604605489209,0.823260286074764,0.913702787312103,0.001,0,0.967620225308201,0.923327956195722,NA,0.919000627172719,0.999999464264088,NA,NA,0.929427070572929,0.999978000022,NA,NA,NA,NA,NA,NA,0.929427070572929,0.999978000022,0.999978000022,1,0.999978000022,"AT5G67230;AT3G03050;AT1G32180;AT4G38190;AT1G27600;AT2G33100;AT5G16910;AT2G37090;AT4G36890","3.475e-01;4.719e-01;3.169e-01;5.939e-01;4.384e-01;4.055e-01;7.740e-01;7.934e-01;5.881e-01"
"PWY-6348","phosphate acquisition",33,"mvn",0.862384702593173,0.91787672535111,0.962239102102159,0.1,0.0765256223969453,0.964546612970488,0.823291211485089,NA,0.936921790452287,0.999999464264088,NA,NA,0.92994807005193,0.999978000022,NA,NA,NA,NA,NA,NA,0.92994807005193,0.999978000022,0.999978000022,1,0.999978000022,"AT5G24780;AT1G08940;AT1G25230;AT1G54780;AT3G05170;AT3G07130;AT3G46120;AT2G32770;AT1G52940;AT4G29270;AT3G52820;AT3G52780;AT2G01880;AT2G01890;AT4G29260;AT1G14700;AT3G20500;AT2G18130;AT5G51260;AT1G04040;AT3G17790;AT2G16430;AT1G56360;AT2G38600;AT3G52810;AT4G36350;AT4G25150;AT5G44020;AT3G44620;AT2G27190;AT5G34850;AT4G13700;AT5G24770","4.148e-01;1.291e-01;5.358e-01;6.324e-01;8.169e-01;9.830e-01;3.399e-01;9.937e-01;4.833e-01;4.787e-01;5.393e-01;3.789e-01;3.853e-01;3.554e-01;3.903e-01;9.093e-01;9.625e-02;4.572e-01;5.886e-01;7.143e-01;1.526e-01;2.809e-01;6.565e-01;4.333e-01;5.427e-01;8.148e-01;3.677e-01;7.834e-01;3.803e-01;4.977e-01;9.385e-01;4.037e-01;4.179e-01"
"ASPARAGINESYN-PWY","L-asparagine biosynthesis II",4,"mvn",0.722866161143673,0.935909934859061,0.870593680792696,0.001,0,0.972831762436261,0.390184813305356,NA,0.919681037386757,0.999999464264088,NA,NA,0.932411067588932,0.999978000022,NA,NA,NA,NA,NA,NA,0.932411067588932,0.999978000022,0.999978000022,1,0.999978000022,"AT2G03667;AT5G10240;AT5G65010;AT3G47340","5.940e-01;7.882e-01;8.114e-01;5.947e-01"
"PWY-7120","esterified suberin biosynthesis",5,"mvn",0.651472408029607,0.917392521535653,0.881499332578238,0.001,0,0.973978286689217,0.64984629037475,NA,0.920325697111803,0.999999464264088,NA,NA,0.932441067558932,0.999978000022,NA,NA,NA,NA,NA,NA,0.932441067558932,0.999978000022,0.999978000022,1,0.999978000022,"AT5G41040;AT4G31910;AT1G03390;AT5G63560;AT3G48720","6.093e-01;6.477e-01;6.347e-01;7.804e-01;5.180e-01"
"GLUCONEO-PWY","gluconeogenesis I",54,"mvn",0.978859189076706,0.971706782413357,0.781487119635523,0.01,0.59768655287313,0.331017550374799,0.120339776679231,NA,0.935587890764621,0.999999464264088,NA,NA,0.933088066911933,0.999978000022,NA,NA,NA,NA,NA,NA,0.933088066911933,0.999978000022,0.999978000022,1,0.999978000022,"AT5G42740;AT4G24620;AT3G53910;AT5G43330;AT1G04410;AT5G56720;AT1G53240;AT2G22780;AT3G15020;AT3G47520;AT5G09660;AT4G00570;AT2G13560;AT3G55440;AT2G21170;AT5G58330;AT5G25880;AT5G11670;AT2G19900;AT1G79750;AT5G65690;AT3G04530;AT4G37870;AT2G29560;AT2G36530;AT1G74030;AT3G08590;AT1G09780;AT3G30841;AT4G09520;AT3G12780;AT1G56190;AT1G79550;AT1G13440;AT3G62410;AT1G12900;AT3G26650;AT1G42970;AT3G04120;AT1G79530;AT1G16300;AT2G01140;AT2G36460;AT4G38970;AT2G21330;AT3G52930;AT5G03690;AT4G26530;AT4G26520;AT1G08940;AT3G05170;AT5G64380;AT3G54050;AT1G43670","9.116e-01;4.955e-01;7.696e-01;9.587e-01;8.867e-01;9.905e-01;7.903e-01;2.764e-01;3.536e-01;6.871e-01;5.190e-01;9.137e-01;9.996e-01;5.858e-01;1.748e-01;9.772e-01;4.891e-01;8.403e-01;8.779e-01;7.332e-01;4.912e-01;8.564e-01;3.527e-01;3.610e-01;6.461e-01;7.417e-03;4.695e-01;2.809e-01;5.940e-01;5.985e-01;8.981e-01;7.801e-01;6.595e-01;4.525e-01;9.234e-01;5.998e-01;2.105e-01;2.308e-01;7.063e-01;2.051e-01;5.414e-01;5.237e-01;6.145e-01;6.637e-01;8.252e-01;3.835e-01;8.188e-01;1.131e-01;1.126e-01;1.291e-01;8.169e-01;7.726e-01;4.565e-01;6.417e-02"
"PWY-6543","4-aminobenzoate biosynthesis",3,"mvn",0.960519427974447,0.948629562885735,0.857860057793136,0.001,0,0.882903046598053,0.607930446298639,NA,0.918905379303998,0.999999464264088,NA,NA,0.933655066344934,0.999978000022,NA,NA,NA,NA,NA,NA,0.933655066344934,0.999978000022,0.999978000022,1,0.999978000022,"AT3G54970;AT5G57850;AT2G28880","8.691e-01;9.854e-01;5.108e-01"
"PWY0-1182","trehalose degradation II (cytosolic)",7,"mvn",0.610578543596945,0.906307412013619,0.899341529724204,0.001,0,0.968936236015396,0.925584327359831,NA,0.926040707090527,0.999999464264088,NA,NA,0.937010062989937,0.999978000022,NA,NA,NA,NA,NA,NA,0.937010062989937,0.999978000022,0.999978000022,1,0.999978000022,"AT4G37840;AT3G20040;AT1G50460;AT1G47840;AT2G19860;AT4G29130;AT4G24040","7.997e-01;5.419e-01;3.910e-01;5.748e-01;7.022e-01;5.836e-01;5.441e-01"
"PWY-5659","GDP-mannose biosynthesis",12,"mvn",0.83649591785538,0.978150343103385,0.917308155613238,0.2,0.602387496176341,0.853662580729394,0.523767232597874,NA,0.929407313765529,0.999999464264088,NA,NA,0.938209061790938,0.999978000022,NA,NA,NA,NA,NA,NA,0.938209061790938,0.999978000022,0.999978000022,1,0.999978000022,"AT5G42740;AT4G24620;AT4G30570;AT2G04650;AT3G55590;AT1G74910;AT2G39770;AT5G17530;AT1G70820;AT2G45790;AT3G02570;AT1G67070","9.116e-01;4.955e-01;6.521e-01;1.480e-01;5.415e-01;9.700e-01;8.527e-01;7.456e-01;8.897e-01;9.023e-01;4.312e-01;4.562e-01"
"HEXPPSYN-PWY","hexaprenyl diphosphate biosynthesis",2,"mvn",0.922388749917175,0.960653665081768,0.842122398125565,0.001,0,0.946182132127772,0.598354131556062,NA,0.922370748014306,0.999999464264088,NA,NA,0.938694061305939,0.999978000022,NA,NA,NA,NA,NA,NA,0.938694061305939,0.999978000022,0.999978000022,1,0.999978000022,"AT1G17050;AT1G78510","7.680e-01;9.543e-01"
"PWY-5783","octaprenyl diphosphate biosynthesis",2,"mvn",0.922388749917175,0.960653665081768,0.842184388711963,0.001,0,0.946182132127772,0.598354131556062,NA,0.922373940921388,0.999999464264088,NA,NA,0.938988061011939,0.999978000022,NA,NA,NA,NA,NA,NA,0.938988061011939,0.999978000022,0.999978000022,1,0.999978000022,"AT1G17050;AT1G78510","7.680e-01;9.543e-01"
"PWY-2301","<i>myo</i>-inositol biosynthesis",6,"mvn",0.759784788292071,0.923122719548291,0.890954848306395,0.001,0,0.975674015522544,0.676823354635021,NA,0.927616729492671,0.999999464264088,NA,NA,0.939271060728939,0.999978000022,NA,NA,NA,NA,NA,NA,0.939271060728939,0.999978000022,0.999978000022,1,0.999978000022,"AT4G39120;AT3G02870;AT1G31190;AT5G10170;AT2G22240;AT4G39800","5.255e-01;8.787e-01;4.617e-01;9.170e-01;5.917e-01;4.623e-01"
"PWY-6219","indole-3-acetate inactivation VIII",12,"mvn",0.749997694242801,0.867205488739142,0.930583485724551,0.001,0,0.995303553290062,0.957371030314823,NA,0.980839329155878,0.999999464264088,NA,NA,0.941775058224942,0.999978000022,NA,NA,NA,NA,NA,NA,0.941775058224942,0.999978000022,0.999978000022,1,0.999978000022,"AT2G14960;AT1G59500;AT4G27260;AT2G23170;AT5G54510;AT2G47750;AT5G13350;AT5G13360;AT5G13370;AT5G13380;AT1G28130;AT4G37390","8.227e-01;4.690e-01;3.699e-01;3.603e-01;7.458e-01;4.030e-01;4.648e-01;4.590e-01;4.363e-01;3.886e-01;9.727e-01;4.685e-01"
"PWY-3101","flavonol biosynthesis",12,"mvn",0.816652437099355,0.99149283510821,0.930600380738304,0.001,0,0.992602764901669,0.677440269394167,NA,0.98174899036544,0.999999464264088,NA,NA,0.941820058179942,0.999978000022,NA,NA,NA,NA,NA,NA,0.941820058179942,0.999978000022,0.999978000022,1,0.999978000022,"AT5G63600;AT5G63595;AT5G63590;AT5G63580;AT5G48020;AT5G43935;AT3G55970;AT5G07990;AT2G46660;AT1G01190;AT3G61880;AT5G08640","7.691e-01;8.894e-01;9.237e-01;9.456e-01;3.718e-01;8.663e-01;4.235e-01;4.887e-01;8.891e-01;6.390e-01;3.356e-01;6.517e-01"
"PWY-5788","indole-3-acetate inactivation V",12,"mvn",0.749997694242801,0.867205488739142,0.930613473732548,0.001,0,0.995303553290062,0.957371030314823,NA,0.98083979304981,0.999999464264088,NA,NA,0.942058057941942,0.999978000022,NA,NA,NA,NA,NA,NA,0.942058057941942,0.999978000022,0.999978000022,1,0.999978000022,"AT2G14960;AT1G59500;AT4G27260;AT2G23170;AT5G54510;AT2G47750;AT5G13350;AT5G13360;AT5G13370;AT5G13380;AT1G28130;AT4G37390","8.227e-01;4.690e-01;3.699e-01;3.603e-01;7.458e-01;4.030e-01;4.648e-01;4.590e-01;4.363e-01;3.886e-01;9.727e-01;4.685e-01"
"PWY-2021","indole-3-acetate inactivation IV",12,"mvn",0.749997694242801,0.867205488739142,0.930610841847736,0.001,0,0.995303553290062,0.957371030314823,NA,0.980839752321458,0.999999464264088,NA,NA,0.942308057691942,0.999978000022,NA,NA,NA,NA,NA,NA,0.942308057691942,0.999978000022,0.999978000022,1,0.999978000022,"AT2G14960;AT2G47750;AT5G13350;AT5G13360;AT5G13370;AT5G13380;AT1G28130;AT4G27260;AT1G59500;AT2G23170;AT4G37390;AT5G54510","8.227e-01;4.030e-01;4.648e-01;4.590e-01;4.363e-01;3.886e-01;9.727e-01;3.699e-01;4.690e-01;3.603e-01;4.685e-01;7.458e-01"
"HEME-BIOSYNTHESIS-II","heme <i>b</i> biosynthesis I (aerobic)",8,"mvn",0.783548079372349,0.963734764834133,0.906916687547738,0.001,0,0.970691512622985,0.350871639744994,NA,0.933602455202742,0.999999464264088,NA,NA,0.942900057099943,0.999978000022,NA,NA,NA,NA,NA,NA,0.942900057099943,0.999978000022,0.999978000022,1,0.999978000022,"AT4G03205;AT1G03475;AT3G14930;AT2G40490;AT5G26030;AT2G30390;AT5G14220;AT4G01690","6.227e-01;6.175e-01;8.262e-01;5.787e-01;6.215e-01;9.541e-01;6.220e-01;3.568e-01"
"PWY-1121","suberin monomers biosynthesis",55,"mvn",0.336073776562025,0.989040189756315,0.69784451128409,0.005,0.391616954047025,0.202730620296667,0.864515466505986,NA,0.947493706827692,0.999999464264088,NA,NA,0.943200056799943,0.999978000022,NA,NA,NA,NA,NA,NA,0.943200056799943,0.999978000022,0.999978000022,1,0.999978000022,"AT3G05970;AT1G77590;AT1G49430;AT1G64400;AT2G04350;AT2G47240;AT4G11030;AT4G23850;AT5G27600;AT1G62940;AT3G16170;AT1G01600;AT1G63710;AT4G00360;AT5G58860;AT1G69500;AT2G27690;AT2G45970;AT3G52570;AT4G10030;AT5G48370;AT2G30720;AT3G61200;AT3G16175;AT2G29590;AT1G52191;AT1G04290;AT4G00520;AT1G01710;AT5G51950;AT5G51930;AT3G56060;AT1G72970;AT1G14185;AT1G12570;AT5G23190;AT1G51680;AT1G65060;AT2G40890;AT1G67980;AT1G24735;AT4G26220;AT3G62000;AT3G61990;AT1G67990;AT4G34050;AT3G21240;AT1G33030;AT1G51990;AT5G54160;AT2G30490;AT3G10340;AT2G37040;AT5G04230;AT3G53260","5.174e-01;1.595e-02;8.419e-01;2.187e-01;3.536e-01;3.719e-01;9.069e-01;4.610e-01;4.111e-03;3.330e-01;4.863e-01;8.176e-01;6.234e-01;4.902e-01;9.116e-01;7.774e-01;4.810e-01;5.601e-01;7.452e-01;3.510e-01;5.235e-01;4.551e-01;5.748e-01;4.295e-01;3.431e-01;8.600e-01;7.772e-01;3.240e-01;4.710e-01;8.651e-01;8.330e-01;6.973e-01;1.936e-01;8.057e-01;6.596e-01;3.770e-01;7.137e-01;3.267e-01;5.347e-01;9.208e-01;8.821e-01;4.664e-01;3.366e-01;3.569e-01;8.979e-01;5.662e-01;3.443e-01;7.360e-01;8.616e-01;9.621e-01;6.097e-01;8.808e-01;9.836e-01;9.328e-01;9.003e-01"
"PWY-7625","phosphatidylinositol biosynthesis II (eukaryotes)",2,"mvn",0.947617440106187,0.96261208277398,0.842226372795873,0.001,0,0.943046135006814,0.425006000034871,NA,0.927704979270036,0.999999464264088,NA,NA,0.943462056537943,0.999978000022,NA,NA,NA,NA,NA,NA,0.943462056537943,0.999978000022,0.999978000022,1,0.999978000022,"AT4G38570;AT1G68000","7.613e-01;9.711e-01"
"OXIDATIVEPENT-PWY","pentose phosphate pathway (oxidative branch) I",14,"mvn",0.760682978210257,0.984390963485857,0.939689563430531,0.001,0,0.983053671486316,0.393687486678867,NA,0.964837956522387,0.999999464264088,NA,NA,0.943542056457944,0.999978000022,NA,NA,NA,NA,NA,NA,0.943542056457944,0.999978000022,0.999978000022,1,0.999978000022,"AT1G09420;AT5G35790;AT5G13110;AT5G40760;AT3G27300;AT1G24280;AT3G02360;AT5G41670;AT1G64190;AT5G24410;AT5G24400;AT5G24420;AT3G49360;AT1G13700","9.119e-01;5.710e-01;9.237e-01;7.415e-01;7.385e-01;7.982e-01;3.984e-01;8.480e-01;9.152e-01;5.390e-01;5.619e-01;2.527e-01;3.295e-01;4.636e-01"
"PWY18C3-22","methylsalicylate biosynthesis",8,"mvn",0.959839688015587,0.962593281481042,0.906919031360598,0.001,0,0.973243834895374,0.739798199805853,NA,0.951384156749365,0.999999464264088,NA,NA,0.943846056153944,0.999978000022,NA,NA,NA,NA,NA,NA,0.943846056153944,0.999978000022,0.999978000022,1,0.999978000022,"AT3G21950;AT5G04380;AT4G36470;AT5G38020;AT2G14060;AT5G66430;AT5G04370;AT3G11480","3.640e-01;9.118e-01;9.942e-01;6.010e-01;6.550e-01;4.055e-01;9.357e-01;4.793e-01"
"PWY-6333","acetaldehyde biosynthesis I",9,"mvn",0.72930289903274,0.951432473048145,0.913709692884309,0.001,0,0.96901490515608,0.904388341635617,NA,0.935785559030046,0.999999464264088,NA,NA,0.945277054722945,0.999978000022,NA,NA,NA,NA,NA,NA,0.945277054722945,0.999978000022,0.999978000022,1,0.999978000022,"AT1G77120;AT2G29350;AT1G22440;AT1G32780;AT1G22430;AT1G64710;AT4G22110;AT5G42250;AT5G24760","5.769e-01;7.740e-01;7.574e-01;8.667e-01;7.293e-01;9.158e-01;4.251e-01;3.202e-01;3.523e-01"
"PWY-6446","benzoate biosynthesis III (CoA-dependent, non-&beta;-oxidative)",7,"mvn",0.7502454450622,0.938051587822444,0.899408048452751,0.001,0,0.975284131871971,0.891744928024997,NA,0.936703678505186,0.999999464264088,NA,NA,0.946977053022947,0.999978000022,NA,NA,NA,NA,NA,NA,0.946977053022947,0.999978000022,0.999978000022,1,0.999978000022,"AT1G04580;AT1G44170;AT1G54100;AT4G34240;AT3G66658;AT4G36250;AT1G23800","4.106e-01;9.370e-01;5.053e-01;7.673e-01;4.508e-01;7.180e-01;6.537e-01"
"PWY-7859","jasmonoyl-L-isoleucine inactivation",10,"mvn",0.764386994741537,0.959524270693253,0.91986402543173,0.001,0,0.984289692493926,0.819176797164326,NA,0.954338409775647,0.999999464264088,NA,NA,0.949010050989949,0.999978000022,NA,NA,NA,NA,NA,NA,0.949010050989949,0.999978000022,0.999978000022,1,0.999978000022,"AT5G07000;AT5G07010;AT5G54140;AT1G51780;AT1G44350;AT5G63450;AT3G01900;AT1G34540;AT3G48520;AT3G56630","4.050e-01;3.399e-01;7.022e-01;5.402e-01;9.617e-01;7.717e-01;5.604e-01;6.819e-01;6.038e-01;6.055e-01"
"PWY-1042","glycolysis IV (plant cytosol)",58,"mvn",0.61732553508848,0.990687877105519,0.789634766327588,0.01,0.59768655287313,0.35064456207546,0.109900576327555,NA,0.951494897100557,0.999999464264088,NA,NA,0.949256050743949,0.999978000022,NA,NA,NA,NA,NA,NA,0.949256050743949,0.999978000022,0.999978000022,1,0.999978000022,"AT2G24270;AT3G55650;AT3G55810;AT5G56350;AT5G63680;AT3G25960;AT4G26390;AT2G36580;AT3G04050;AT3G49160;AT5G08570;AT3G52990;AT3G22960;AT1G32440;AT5G52920;AT2G29560;AT2G36530;AT1G74030;AT3G08590;AT1G09780;AT3G30841;AT4G09520;AT3G12780;AT1G56190;AT1G79550;AT1G13440;AT3G62410;AT1G12900;AT3G26650;AT1G42970;AT3G04120;AT1G79530;AT1G16300;AT3G55440;AT2G21170;AT2G01140;AT2G36460;AT4G38970;AT2G21330;AT3G52930;AT5G03690;AT4G26530;AT4G26520;AT4G08876;AT1G12000;AT4G04040;AT1G76550;AT1G20950;AT1G06730;AT1G19600;AT4G27600;AT5G47810;AT2G22480;AT5G56630;AT5G61580;AT4G29220;AT4G32840;AT4G26270","9.863e-01;1.607e-01;7.812e-01;8.750e-01;4.086e-01;6.005e-01;3.693e-01;7.438e-01;7.626e-01;9.694e-01;6.986e-01;9.639e-01;8.993e-01;8.218e-01;8.124e-01;3.610e-01;6.461e-01;7.417e-03;4.695e-01;2.809e-01;5.940e-01;5.985e-01;8.981e-01;7.801e-01;6.595e-01;4.525e-01;9.234e-01;5.998e-01;2.105e-01;2.308e-01;7.063e-01;2.051e-01;5.414e-01;5.858e-01;1.748e-01;5.237e-01;6.145e-01;6.637e-01;8.252e-01;3.835e-01;8.188e-01;1.131e-01;1.126e-01;4.893e-01;5.292e-01;1.820e-01;8.477e-01;7.819e-01;1.766e-01;8.843e-01;7.787e-01;8.824e-01;5.151e-01;6.351e-01;5.572e-01;4.151e-01;8.525e-01;7.018e-01"
"PWY-5366","palmitoleate biosynthesis II (plants and bacteria)",7,"mvn",0.870424707560756,0.978679340218452,0.899369126953523,0.001,0,0.947681179906121,0.376471080923933,NA,0.939306250160354,0.999999464264088,NA,NA,0.94950705049295,0.999978000022,NA,NA,NA,NA,NA,NA,0.94950705049295,0.999978000022,0.999978000022,1,0.999978000022,"AT3G25110;AT1G08510;AT1G35290;AT1G35250;AT1G68260;AT1G68280;AT1G66550","5.188e-01;3.439e-01;9.019e-01;6.735e-01;6.894e-01;9.633e-01;9.147e-01"
"PWY4FS-7","phosphatidylglycerol biosynthesis I (plastidic)",3,"mvn",0.847008341471158,0.97297732225999,0.857779582263809,0.001,0,0.968564848812033,0.340632466610706,NA,0.93789773913921,0.999999464264088,NA,NA,0.95032404967595,0.999978000022,NA,NA,NA,NA,NA,NA,0.95032404967595,0.999978000022,0.999978000022,1,0.999978000022,"AT3G58830;AT3G55030;AT2G39290","8.955e-01;8.622e-01;6.844e-01"
"PWY-5269","cardiolipin biosynthesis II",4,"mvn",0.814387832755563,0.969946695819283,0.870577337207023,0.001,0,0.973313402414368,0.463945070776208,NA,0.939940698646163,0.999999464264088,NA,NA,0.951117048882951,0.999978000022,NA,NA,NA,NA,NA,NA,0.951117048882951,0.999978000022,0.999978000022,1,0.999978000022,"AT4G04870;AT3G58830;AT3G55030;AT2G39290","5.958e-01;8.955e-01;8.622e-01;6.844e-01"
"PWY0-1264","biotin-carboxyl carrier protein assembly",6,"mvn",0.789455499144491,0.971532039054527,0.890949676789293,0.001,0,0.973664390894538,0.42576887246452,NA,0.941843631118804,0.999999464264088,NA,NA,0.951410048589951,0.999978000022,NA,NA,NA,NA,NA,NA,0.951410048589951,0.999978000022,0.999978000022,1,0.999978000022,"AT1G80040;AT1G36180;AT1G36160;AT5G35360;AT1G37150;AT2G25710","7.388e-01;8.725e-01;9.152e-01;4.545e-01;7.039e-01;5.465e-01"
"PWY-4321","L-glutamate degradation IV",10,"mvn",0.646152416618652,0.950177130699241,0.919857320986513,0.001,0,0.980446586028107,0.698970238684533,NA,0.943152616501568,0.999999464264088,NA,NA,0.952181047818952,0.999978000022,NA,NA,NA,NA,NA,NA,0.952181047818952,0.999978000022,0.999978000022,1,0.999978000022,"AT3G25530;AT5G63620;AT3G22200;AT1G79440;AT2G02010;AT3G17760;AT2G02000;AT3G17720;AT5G17330;AT1G65960","7.386e-01;4.903e-01;6.661e-01;5.775e-01;8.201e-01;3.253e-01;7.807e-01;8.050e-01;5.389e-01;3.511e-01"
"PWY1F-FLAVSYN","flavonoid biosynthesis",26,"mvn",0.894258082017042,0.964710678285318,0.966867962752206,0.2,0.669432779598206,0.985125183841542,0.157017920900274,NA,0.961351847973577,0.999999464264088,NA,NA,0.952353047646952,0.999978000022,NA,NA,NA,NA,NA,NA,0.952353047646952,0.999978000022,0.999978000022,1,0.999978000022,"AT5G08640;AT3G51240;AT5G24530;AT3G60290;AT2G36690;AT4G10490;AT5G07480;AT2G44800;AT4G10500;AT2G06960;AT1G79760;AT3G19000;AT3G19010;AT3G55120;AT5G66220;AT5G05270;AT5G66230;AT3G63170;AT2G26310;AT1G53520;AT5G13930;AT4G05160;AT3G21230;AT3G21240;AT1G65060;AT1G51680","6.517e-01;7.003e-01;6.359e-01;8.897e-01;9.588e-01;3.078e-01;5.581e-01;7.632e-01;9.947e-01;4.552e-01;7.500e-01;1.915e-01;2.570e-01;8.358e-01;6.452e-01;3.896e-01;7.247e-01;1.494e-01;5.069e-01;2.715e-01;5.230e-01;3.483e-01;9.410e-01;3.443e-01;3.267e-01;7.137e-01"
"PWY-735","jasmonic acid biosynthesis",26,"mvn",0.879516777795872,0.986211448947111,0.943306492688183,0.1,0.203371952014845,0.918521286246417,0.756908592169582,NA,0.956078085293689,0.999999464264088,NA,NA,0.953770046229954,0.999978000022,NA,NA,NA,NA,NA,NA,0.953770046229954,0.999978000022,0.999978000022,1,0.999978000022,"AT4G16760;AT2G35690;AT2G33150;AT4G29010;AT5G63380;AT5G38120;AT4G19010;AT1G20500;AT1G20490;AT1G20480;AT1G20510;AT1G67560;AT1G72520;AT1G17420;AT3G45140;AT5G42650;AT1G76690;AT1G17990;AT1G18020;AT1G09400;AT1G76680;AT2G06050;AT3G25770;AT3G25780;AT3G25760;AT1G13280","9.598e-01;8.231e-01;4.681e-01;6.332e-01;9.913e-01;6.228e-01;9.031e-01;4.482e-01;5.385e-01;5.583e-01;3.914e-01;4.954e-01;2.730e-01;4.831e-01;9.826e-02;9.193e-02;9.516e-01;8.387e-01;9.541e-01;7.366e-01;9.441e-01;4.186e-01;5.928e-01;7.751e-01;4.917e-01;5.147e-01"
"PWY-2582","brassinosteroid biosynthesis II",6,"mvn",0.975508531132309,0.942079656768893,0.891002120619349,0.001,0,0.962534176162945,0.646774194046228,NA,0.947713618709576,0.999999464264088,NA,NA,0.956143043856956,0.999978000022,NA,NA,NA,NA,NA,NA,0.956143043856956,0.999978000022,0.999978000022,1,0.999978000022,"AT3G13730;AT4G36380;AT5G14400;AT3G50660;AT5G05690;AT2G38050","4.215e-01;5.811e-01;7.472e-01;9.958e-01;8.102e-01;4.485e-01"
"PWY-5123","<i>trans, trans</i>-farnesyl diphosphate biosynthesis",17,"mvn",0.85735260915545,0.97531720594495,0.949269214014371,0.2,0.102890197606813,0.972170321214992,0.746367845069029,NA,0.952918876562227,0.999999464264088,NA,NA,0.956867043132957,0.999978000022,NA,NA,NA,NA,NA,NA,0.956867043132957,0.999978000022,0.999978000022,1,0.999978000022,"AT1G79690;AT5G16440;AT3G02780;AT4G38460;AT2G18640;AT4G36810;AT2G23800;AT1G49530;AT3G29430;AT2G18620;AT3G20160;AT3G14550;AT3G14530;AT3G14510;AT4G17190;AT5G47770;AT2G34630","9.795e-01;4.664e-01;6.939e-01;5.395e-01;8.504e-01;3.835e-01;3.248e-01;3.823e-01;8.496e-01;9.743e-01;2.517e-01;8.308e-01;8.108e-01;9.014e-01;4.740e-01;6.441e-01;1.900e-01"
"PWY-7186","superpathway of scopolin and esculin biosynthesis",9,"mvn",0.837683348572132,0.97929685038225,0.91371118147348,0.001,0,0.968233655361747,0.709399333574958,NA,0.949891264441548,0.999999464264088,NA,NA,0.957111042888957,0.999978000022,NA,NA,NA,NA,NA,NA,0.957111042888957,0.999978000022,0.999978000022,1,0.999978000022,"AT5G48175;AT1G66280;AT3G09260;AT1G66270;AT1G33030;AT1G51990;AT4G26220;AT5G54160;AT2G40890","9.271e-01;6.106e-01;6.830e-01;3.184e-01;7.360e-01;8.616e-01;4.664e-01;9.621e-01;5.347e-01"
"PWY-5125","anthocyanin biosynthesis",12,"mvn",0.875432057019276,0.931891639050183,0.930605581241061,0.001,0,0.98889831462241,0.845502560218035,NA,0.962368781652728,0.999999464264088,NA,NA,0.957197042802957,0.999978000022,NA,NA,NA,NA,NA,NA,0.957197042802957,0.999978000022,0.999978000022,1,0.999978000022,"AT4G22880;AT1G49390;AT4G22870;AT2G38240;AT3G11180;AT4G16330;AT5G05600;AT5G17030;AT2G18560;AT4G36770;AT2G18570;AT5G17050","3.172e-01;9.832e-01;3.127e-01;3.450e-01;9.673e-01;3.934e-01;4.768e-01;6.873e-01;5.970e-01;5.235e-01;6.778e-01;7.596e-01"
"PWY-84","resveratrol biosynthesis",3,"mvn",0.956179593880581,0.97702662807424,0.857815990503753,0.001,0,0.947061353841997,0.635243793026733,NA,0.946640609217971,0.999999464264088,NA,NA,0.957486042513958,0.999978000022,NA,NA,NA,NA,NA,NA,0.957486042513958,0.999978000022,0.999978000022,1,0.999978000022,"AT4G00040;AT1G02050;AT4G34850","9.826e-01;6.245e-01;8.956e-01"
"PWY-6684","aromatic  glucosinolate activation",7,"mvn",0.625644127309678,0.912149914846837,0.899420685466398,0.001,0,0.985514907622394,0.849108705965963,NA,0.94896067626271,0.999999464264088,NA,NA,0.958144041855958,0.999978000022,NA,NA,NA,NA,NA,NA,0.958144041855958,0.999978000022,0.999978000022,1,0.999978000022,"AT5G48180;AT3G16410;AT3G16400;AT3G16390;AT2G33070;AT3G07720;AT3G59610","8.175e-01;4.832e-01;4.539e-01;7.361e-01;4.577e-01;6.087e-01;6.289e-01"
"GLUTAMATE-SYN2-PWY","L-glutamate biosynthesis II",3,"mvn",0.802296311710652,0.967464447462356,0.857760460360003,0.001,0,0.983416005464277,0.471317281996799,NA,0.951143477270344,0.999999464264088,NA,NA,0.958330041669958,0.999978000022,NA,NA,NA,NA,NA,NA,0.958330041669958,0.999978000022,0.999978000022,1,0.999978000022,"AT5G18170;AT5G07440;AT3G03910","8.374e-01;8.067e-01;7.450e-01"
"PWY-6147","6-hydroxymethyl-dihydropterin diphosphate biosynthesis I",8,"mvn",0.797671424746015,0.979700191573433,0.906907888415145,0.001,0,0.972781906239467,0.32500016847196,NA,0.949718892185854,0.999999464264088,NA,NA,0.958403041596958,0.999978000022,NA,NA,NA,NA,NA,NA,0.958403041596958,0.999978000022,0.999978000022,1,0.999978000022,"AT3G07270;AT1G68760;AT5G62980;AT3G21730;AT3G11750;AT2G19180;AT4G30000;AT1G69190","6.242e-01;6.701e-01;3.627e-01;5.864e-01;9.435e-01;8.995e-01;6.866e-01;6.998e-01"
"PWY-7227","adenosine deoxyribonucleotides <i>de novo</i> biosynthesis",8,"mvn",0.753976097800377,0.978852225116386,0.906874918149767,0.001,0,0.974484136538001,0.611032358016516,NA,0.950944798899767,0.999999464264088,NA,NA,0.95979704020296,0.999978000022,NA,NA,NA,NA,NA,NA,0.95979704020296,0.999978000022,0.999978000022,1,0.999978000022,"AT5G63310;AT4G11010;AT1G17410;AT4G23900;AT4G09320;AT4G23895;AT2G21790;AT3G23580","7.224e-01;9.251e-01;6.266e-01;6.817e-01;3.678e-01;7.603e-01;7.932e-01;5.581e-01"
"PWYQT-4482","CDP-diacylglycerol biosynthesis IV",20,"mvn",0.769131116563326,0.988410022043349,0.94866133518202,0.2,0.8553664448799,0.938855864401861,0.564343720649761,NA,0.960488083521645,0.999999464264088,NA,NA,0.96002103997896,0.999978000022,NA,NA,NA,NA,NA,NA,0.96002103997896,0.999978000022,0.999978000022,1,0.999978000022,"AT2G39290;AT3G55030;AT1G32200;AT4G01950;AT3G11325;AT1G02390;AT2G38110;AT5G06090;AT5G60620;AT1G01610;AT3G11430;AT1G06520;AT4G00400;AT2G45150;AT3G60620;AT4G26770;AT4G22340;AT1G62430;AT3G47630;AT4G30580","6.844e-01;8.622e-01;7.289e-01;1.304e-01;3.568e-01;7.686e-01;6.123e-01;7.017e-01;3.665e-01;6.919e-01;3.705e-01;6.746e-01;3.612e-01;6.007e-01;9.299e-01;7.044e-01;9.052e-01;4.017e-01;9.700e-01;6.192e-01"
"PWY-5723","Rubisco shunt",39,"mvn",0.698252240235014,0.993850753086182,0.746451019440903,0.01,0.59768655287313,0.251984436040411,0.302245590078385,NA,0.969340770580553,0.999999464264088,NA,NA,0.960580039419961,0.999978000022,NA,NA,NA,NA,NA,NA,0.960580039419961,0.999978000022,0.999978000022,1,0.999978000022,"AT3G08590;AT1G09780;AT3G30841;AT4G09520;AT2G29560;AT2G36530;AT1G74030;AT3G55650;AT3G55810;AT5G56350;AT5G63680;AT3G25960;AT4G26390;AT2G36580;AT3G04050;AT3G49160;AT5G08570;AT3G52990;AT3G22960;AT1G32440;AT5G52920;AT3G62410;AT1G32060;AT1G63290;AT3G01850;AT5G61410;AT3G04880;AT5G44520;AT3G04790;AT1G71100;AT2G01290;AT3G60750;AT2G45290;AT5G13420;AT1G12230;AT5G38430;AT5G38420;AT1G67090;AT5G38410","4.695e-01;2.809e-01;5.940e-01;5.985e-01;3.610e-01;6.461e-01;7.417e-03;1.607e-01;7.812e-01;8.750e-01;4.086e-01;6.005e-01;3.693e-01;7.438e-01;7.626e-01;9.694e-01;6.986e-01;9.639e-01;8.993e-01;8.218e-01;8.124e-01;9.234e-01;7.468e-01;8.895e-01;8.580e-01;4.126e-01;7.851e-01;4.403e-01;8.299e-01;1.789e-01;9.508e-01;7.696e-01;3.242e-01;3.728e-01;3.407e-01;9.862e-01;5.581e-01;4.346e-01;8.504e-01"
"PWY-6787","flavonoid biosynthesis (in equisetum)",29,"mvn",0.896702351087812,0.994382040364736,0.97261218132565,0.2,0.669432779598206,0.99084663799728,0.214893400016077,NA,0.984815731265043,0.999999464264088,NA,NA,0.96058503941496,0.999978000022,NA,NA,NA,NA,NA,NA,0.96058503941496,0.999978000022,0.999978000022,1,0.999978000022,"AT5G08640;AT5G63600;AT5G63595;AT5G63590;AT5G63580;AT5G48020;AT5G43935;AT3G55970;AT3G51240;AT5G07990;AT5G24530;AT3G60290;AT2G36690;AT4G10490;AT5G07480;AT2G44800;AT4G10500;AT2G06960;AT1G79760;AT3G19000;AT3G19010;AT3G55120;AT5G66220;AT5G05270;AT5G66230;AT3G63170;AT2G26310;AT1G53520;AT5G13930","6.517e-01;7.691e-01;8.894e-01;9.237e-01;9.456e-01;3.718e-01;8.663e-01;4.235e-01;7.003e-01;4.887e-01;6.359e-01;8.897e-01;9.588e-01;3.078e-01;5.581e-01;7.632e-01;9.947e-01;4.552e-01;7.500e-01;1.915e-01;2.570e-01;8.358e-01;6.452e-01;3.896e-01;7.247e-01;1.494e-01;5.069e-01;2.715e-01;5.230e-01"
"VALDEG-PWY","L-valine degradation I",18,"mvn",0.457347524266092,0.786196749819325,0.954017221699695,0.001,0,0.987970430899286,0.918710512390071,NA,0.958652713516658,0.999999464264088,NA,NA,0.960767039232961,0.999978000022,NA,NA,NA,NA,NA,NA,0.960767039232961,0.999978000022,0.999978000022,1,0.999978000022,"AT3G13450;AT5G09300;AT3G06850;AT3G17240;AT4G20930;AT5G65940;AT4G13360;AT3G24360;AT1G06550;AT2G30650;AT2G30660;AT3G60510;AT4G31810;AT3G45300;AT3G49680;AT1G10070;AT1G10060;AT5G65780","3.413e-01;6.064e-01;3.781e-01;5.532e-01;2.177e-01;4.419e-01;6.798e-01;5.564e-01;3.575e-01;6.642e-01;6.351e-01;3.268e-01;4.288e-01;3.415e-01;4.038e-01;4.427e-01;4.391e-01;5.407e-01"
"PWY-7219","adenosine ribonucleotides <i>de novo</i> biosynthesis",11,"mvn",0.645447787357282,0.89442421566301,0.925486087932464,0.001,0,0.989699950749232,0.597445599126657,NA,0.959203181960955,0.999999464264088,NA,NA,0.962435037564962,0.999978000022,NA,NA,NA,NA,NA,NA,0.962435037564962,0.999978000022,0.999978000022,1,0.999978000022,"AT5G60340;AT5G63400;AT5G35170;AT3G01820;AT5G47840;AT5G50370;AT2G39270;AT2G37250;AT1G36280;AT4G18440;AT3G57610","3.651e-01;9.037e-01;3.403e-01;4.919e-01;3.570e-01;4.462e-01;6.876e-01;7.932e-01;3.910e-01;5.093e-01;8.655e-01"
"PWY-6556","pyrimidine ribonucleosides salvage II",10,"mvn",0.709427622154332,0.970054744809372,0.919866580403312,0.001,0,0.980003396091056,0.937968495022371,NA,0.95633798618842,0.999999464264088,NA,NA,0.964010035989964,0.999978000022,NA,NA,NA,NA,NA,NA,0.964010035989964,0.999978000022,0.999978000022,1,0.999978000022,"AT2G36310;AT4G29600;AT4G29620;AT4G29640;AT4G29570;AT4G29630;AT4G29650;AT4G29610;AT4G29580;AT2G19570","8.965e-01;6.693e-01;5.788e-01;8.450e-01;3.238e-01;6.960e-01;8.369e-01;3.615e-01;5.717e-01;6.211e-01"
"PWY-3385","choline biosynthesis I",12,"mvn",0.992808328779991,0.452766794894522,0.656279963111915,0.01,0.884837785641474,0.0744308084188423,0.170512174281573,NA,0.959159126625704,0.999999464264088,NA,NA,0.965485034514965,0.999978000022,NA,NA,NA,NA,NA,NA,0.965485034514965,0.999978000022,0.999978000022,1,0.999978000022,"AT1G17710;AT3G18000;AT1G73600;AT1G48600;AT1G04430;AT5G06050;AT5G14430;AT4G09760;AT1G71697;AT2G26830;AT1G74320;AT1G43710","7.033e-01;9.954e-01;6.425e-03;5.772e-01;9.020e-01;3.957e-01;6.131e-01;9.994e-01;8.808e-01;3.771e-01;2.353e-01;1.281e-01"
"PWY-5859","eugenol and isoeugenol biosynthesis",9,"mvn",0.859704990360441,0.964244826977803,0.913721866902912,0.001,0,0.987130530517759,0.559423410034578,NA,0.95991343031861,0.999999464264088,NA,NA,0.967583032416968,0.999978000022,NA,NA,NA,NA,NA,NA,0.967583032416968,0.999978000022,0.999978000022,1,0.999978000022,"AT1G19540;AT4G39230;AT1G75290;AT1G75280;AT1G75300;AT5G16410;AT1G78990;AT1G32910;AT1G31490","3.835e-01;4.450e-01;9.598e-01;9.397e-01;9.474e-01;5.688e-01;5.941e-01;4.277e-01;5.831e-01"
"PWY-6803","phosphatidylcholine acyl editing",57,"mvn",0.338479169082438,0.993623254726206,0.702096382173675,0.005,0.391616954047025,0.209272054321456,0.909118302950179,NA,0.969604876166787,0.999999464264088,NA,NA,0.969100030899969,0.999978000022,NA,NA,NA,NA,NA,NA,0.969100030899969,0.999978000022,0.999978000022,1,0.999978000022,"AT2G31100;AT5G18630;AT3G50790;AT1G06250;AT1G31480;AT1G34340;AT2G03140;AT3G03370;AT4G18550;AT5G18640;AT5G49950;AT1G30370;AT4G19860;AT2G42690;AT1G10740;AT1G23330;AT1G51440;AT2G30550;AT1G06800;AT2G31690;AT4G16820;AT1G61850;AT1G05800;AT2G44810;AT3G03310;AT3G16170;AT1G62940;AT5G27600;AT4G23850;AT4G11030;AT2G47240;AT2G04350;AT1G64400;AT1G49430;AT1G77590;AT3G05970;AT1G27480;AT2G39220;AT3G52330;AT3G54950;AT3G63200;AT4G29070;AT4G29800;AT4G37050;AT4G37060;AT5G43590;AT4G29470;AT2G19690;AT2G26560;AT2G06925;AT4G29460;AT4G37070;AT1G04010;AT1G12640;AT1G78690;AT3G05510;AT1G63050","8.459e-01;6.246e-01;9.311e-01;8.427e-01;6.628e-01;8.586e-01;6.194e-01;4.945e-01;8.297e-01;9.579e-01;3.192e-01;9.049e-01;9.133e-01;5.008e-01;4.599e-01;3.845e-01;7.133e-01;8.553e-01;1.797e-01;6.077e-01;6.402e-01;3.670e-01;9.025e-01;5.084e-01;8.112e-01;4.863e-01;3.330e-01;4.111e-03;4.610e-01;9.069e-01;3.719e-01;3.536e-01;2.187e-01;8.419e-01;1.595e-02;5.174e-01;5.005e-01;5.870e-01;8.999e-01;9.417e-01;4.424e-01;6.787e-01;6.205e-01;4.194e-01;4.071e-01;8.886e-01;4.709e-01;9.686e-01;5.453e-01;9.498e-01;4.774e-01;3.757e-01;9.063e-01;5.817e-01;4.694e-01;4.188e-01;3.373e-01"
"PWY-5410","traumatin and (<i>Z</i>)-3-hexen-1-yl acetate biosynthesis",25,"mvn",0.79160993570095,0.992897981600908,0.945069714481478,0.1,0.0351885284621797,0.924650217879111,0.281768297291544,NA,0.971235360882748,0.999999464264088,NA,NA,0.96944603055397,0.999978000022,NA,NA,NA,NA,NA,NA,0.96944603055397,0.999978000022,0.999978000022,1,0.999978000022,"AT5G62420;AT4G13180;AT3G53880;AT3G03980;AT5G18210;AT2G37790;AT3G05260;AT2G37770;AT3G61220;AT2G24190;AT3G04000;AT1G54870;AT3G03350;AT5G17540;AT3G03480;AT1G78990;AT1G32910;AT1G31490;AT5G16410;AT5G47980;AT4G15440;AT1G67560;AT1G72520;AT1G17420;AT3G45140","7.763e-01;8.082e-01;5.576e-01;8.317e-01;8.017e-01;8.532e-01;7.025e-01;8.546e-01;5.089e-01;3.360e-01;6.546e-01;9.175e-01;6.220e-01;9.384e-01;7.699e-01;5.941e-01;4.277e-01;5.831e-01;5.688e-01;9.807e-01;1.873e-01;4.954e-01;2.730e-01;4.831e-01;9.826e-02"
"PWY-5080","very long chain fatty acid biosynthesis I",46,"mvn",0.804067648211433,0.992761144736488,0.96300994835069,0.1,1.33852898113683,0.910904463071567,0.672160678979214,NA,0.972638836200543,0.999999464264088,NA,NA,0.970916029083971,0.999978000022,NA,NA,NA,NA,NA,NA,0.970916029083971,0.999978000022,0.999978000022,1,0.999978000022,"AT5G59770;AT5G10480;AT1G76150;AT5G60335;AT5G42890;AT3G55360;AT3G50560;AT1G24470;AT4G11410;AT4G23420;AT4G24050;AT2G37540;AT4G23430;AT5G02540;AT5G50130;AT1G64590;AT1G67730;AT2G26640;AT1G07720;AT1G75000;AT3G06460;AT3G06470;AT3G23840;AT4G13840;AT4G24510;AT4G36830;AT5G02890;AT5G49070;AT1G71160;AT3G10280;AT2G46720;AT2G28630;AT2G16280;AT1G19440;AT5G04530;AT2G26250;AT2G15090;AT4G34250;AT3G52160;AT1G25450;AT5G43760;AT1G04220;AT4G34510;AT1G68530;AT1G01120;AT4G34520","6.470e-01;8.930e-01;3.827e-01;3.613e-01;3.864e-01;5.253e-01;5.277e-01;8.008e-01;7.856e-01;3.987e-01;4.183e-01;5.857e-01;4.778e-01;2.183e-01;9.546e-01;4.480e-01;8.807e-01;3.864e-01;3.671e-01;1.311e-01;5.588e-01;5.129e-01;4.779e-01;7.636e-01;6.829e-01;4.722e-01;4.973e-01;4.483e-01;3.285e-01;4.133e-01;6.043e-01;6.807e-01;9.680e-01;9.894e-01;3.850e-01;8.696e-01;9.781e-01;7.827e-01;5.121e-02;8.310e-01;3.247e-01;6.757e-01;6.448e-01;5.230e-01;3.904e-01;6.520e-01"
"PWY-5120","geranylgeranyl diphosphate biosynthesis",14,"mvn",0.851887669932268,0.983250670248776,0.939686129380695,0.001,0,0.982738436610294,0.847810644346265,NA,0.965936664153874,0.999999464264088,NA,NA,0.971363028636971,0.999978000022,NA,NA,NA,NA,NA,NA,0.971363028636971,0.999978000022,0.999978000022,1,0.999978000022,"AT4G38460;AT3G14530;AT3G14510;AT3G59380;AT4G36810;AT2G23800;AT3G14550;AT2G18640;AT3G20160;AT3G29430;AT2G18620;AT1G49530;AT1G78510;AT1G17050","5.395e-01;8.108e-01;9.014e-01;3.507e-01;3.835e-01;3.248e-01;8.308e-01;8.504e-01;2.517e-01;8.496e-01;9.743e-01;3.823e-01;9.543e-01;7.680e-01"
"GLYOXYLATE-BYPASS","glyoxylate cycle",22,"mvn",0.991571442508274,0.970829964992007,0.950361042727741,0.2,1.23397959302165,0.918912097919805,0.382226416825762,NA,0.972837462641502,0.999999464264088,NA,NA,0.971743028256972,0.999978000022,NA,NA,NA,NA,NA,NA,0.971743028256972,0.999978000022,0.999978000022,1,0.999978000022,"AT3G53910;AT5G43330;AT1G04410;AT5G56720;AT1G53240;AT2G22780;AT3G15020;AT3G47520;AT5G09660;AT4G00570;AT2G13560;AT5G54950;AT4G26970;AT4G35830;AT2G05710;AT3G60100;AT3G58740;AT2G44350;AT3G58750;AT2G42790;AT3G21720;AT5G03860","7.696e-01;9.587e-01;8.867e-01;9.905e-01;7.903e-01;2.764e-01;3.536e-01;6.871e-01;5.190e-01;9.137e-01;9.996e-01;1.079e-01;7.714e-01;8.443e-01;4.849e-01;3.849e-01;3.043e-01;4.731e-01;2.283e-01;7.739e-01;5.800e-01;2.591e-01"
"PWY-5910","superpathway of geranylgeranyldiphosphate biosynthesis I (via mevalonate)",14,"mvn",0.851887669932268,0.983250670248775,0.939682982151449,0.001,0,0.982738436610294,0.847810644346265,NA,0.965936461747668,0.999999464264088,NA,NA,0.971891028108972,0.999978000022,NA,NA,NA,NA,NA,NA,0.971891028108972,0.999978000022,0.999978000022,1,0.999978000022,"AT4G38460;AT3G14530;AT3G14510;AT1G17050;AT1G78510;AT3G59380;AT4G36810;AT2G23800;AT3G14550;AT2G18640;AT3G20160;AT3G29430;AT2G18620;AT1G49530","5.395e-01;8.108e-01;9.014e-01;7.680e-01;9.543e-01;3.507e-01;3.835e-01;3.248e-01;8.308e-01;8.504e-01;2.517e-01;8.496e-01;9.743e-01;3.823e-01"
"GLUTATHIONESYN-PWY","glutathione biosynthesis",2,"mvn",0.944457490980937,0.984063962736544,0.842214165984695,0.001,0,0.979292960506884,0.46098367762302,NA,0.96290191375892,0.999999464264088,NA,NA,0.971956028043972,0.999978000022,NA,NA,NA,NA,NA,NA,0.971956028043972,0.999978000022,0.999978000022,1,0.999978000022,"AT5G27380;AT4G23100","8.561e-01;9.659e-01"
"PWY-5121","superpathway of geranylgeranyl diphosphate biosynthesis II (via MEP)",14,"mvn",0.851887669932268,0.983250670248775,0.939681787381041,0.001,0,0.982738436610294,0.847810644346265,NA,0.965936384913825,0.999999464264088,NA,NA,0.971963028036972,0.999978000022,NA,NA,NA,NA,NA,NA,0.971963028036972,0.999978000022,0.999978000022,1,0.999978000022,"AT4G38460;AT3G14530;AT3G14510;AT1G17050;AT1G78510;AT3G59380;AT4G36810;AT2G23800;AT3G14550;AT2G18640;AT3G20160;AT3G29430;AT2G18620;AT1G49530","5.395e-01;8.108e-01;9.014e-01;7.680e-01;9.543e-01;3.507e-01;3.835e-01;3.248e-01;8.308e-01;8.504e-01;2.517e-01;8.496e-01;9.743e-01;3.823e-01"
"PWY-3001","superpathway of L-isoleucine biosynthesis I",7,"mvn",0.767661596357647,0.983631248760946,0.899391363098342,0.001,0,0.98855682267669,0.845597613454654,NA,0.970230414780197,0.999999464264088,NA,NA,0.974761025238975,0.999978000022,NA,NA,NA,NA,NA,NA,0.974761025238975,0.999978000022,0.999978000022,1,0.999978000022,"AT1G62800;AT5G11520;AT5G51690;AT1G62960;AT5G19550;AT4G31990;AT2G30970","5.951e-01;7.500e-01;9.186e-01;6.905e-01;7.807e-01;4.720e-01;7.305e-01"
"ASPARTATE-DEG1-PWY","L-aspartate degradation I",7,"mvn",0.767661596357647,0.983631248760946,0.899382458262602,0.001,0,0.98855682267669,0.845597613454654,NA,0.970230254034195,0.999999464264088,NA,NA,0.974943025056975,0.999978000022,NA,NA,NA,NA,NA,NA,0.974943025056975,0.999978000022,0.999978000022,1,0.999978000022,"AT1G62800;AT5G11520;AT5G51690;AT1G62960;AT5G19550;AT4G31990;AT2G30970","5.951e-01;7.500e-01;9.186e-01;6.905e-01;7.807e-01;4.720e-01;7.305e-01"
"ASPARTATESYN-PWY","L-aspartate biosynthesis",7,"mvn",0.767661596357647,0.983631248760946,0.899377946965324,0.001,0,0.98855682267669,0.845597613454654,NA,0.970230172608163,0.999999464264088,NA,NA,0.975082024917975,0.999978000022,NA,NA,NA,NA,NA,NA,0.975082024917975,0.999978000022,0.999978000022,1,0.999978000022,"AT1G62800;AT5G11520;AT5G51690;AT1G62960;AT5G19550;AT4G31990;AT2G30970","5.951e-01;7.500e-01;9.186e-01;6.905e-01;7.807e-01;4.720e-01;7.305e-01"
"PWY-6051","2,4,6-trinitrotoluene degradation",6,"mvn",0.936889074728364,0.974739394244032,0.890984257552373,0.001,0,0.990087912037705,0.384521184029528,NA,0.969533724226816,0.999999464264088,NA,NA,0.975821024178976,0.999978000022,NA,NA,NA,NA,NA,NA,0.975821024178976,0.999978000022,0.999978000022,1,0.999978000022,"AT1G05680;AT2G36790;AT2G36750;AT2G15480;AT2G15490;AT4G34135","7.815e-01;8.341e-01;5.704e-01;5.365e-01;5.582e-01;9.879e-01"
"PWY-1061","homogalacturonan biosynthesis",25,"mvn",0.700500657496959,0.991475397798689,0.966390666104692,0.2,0.49171823751906,0.98616963321325,0.329121964681263,NA,0.97727025289566,0.999999464264088,NA,NA,0.976497023502977,0.999978000022,NA,NA,NA,NA,NA,NA,0.976497023502977,0.999978000022,0.999978000022,1,0.999978000022,"AT1G02720;AT1G13250;AT1G19300;AT1G24170;AT1G70090;AT2G46480;AT3G01040;AT3G06260;AT3G28340;AT3G50760;AT3G62660;AT4G02130;AT3G58790;AT5G15470;AT5G54690;AT1G18580;AT2G20810;AT3G02350;AT3G25140;AT2G38650;AT1G06780;AT2G30575;AT5G47780;AT4G38270;AT3G61130","9.148e-01;3.383e-01;5.973e-01;7.444e-01;1.988e-01;7.346e-01;3.376e-01;5.435e-01;6.968e-01;9.106e-01;9.124e-01;8.624e-01;7.839e-01;7.073e-01;2.444e-01;6.234e-01;8.794e-01;3.959e-01;3.689e-01;8.181e-01;1.574e-01;7.273e-01;6.474e-01;5.457e-01;6.596e-01"
"PWY-5188","tetrapyrrole biosynthesis I (from glutamate)",9,"mvn",0.752740150637863,0.977681453041995,0.913695374709959,0.001,0,0.992413475442431,0.814258103675264,NA,0.974515218421521,0.999999464264088,NA,NA,0.97963002036998,0.999978000022,NA,NA,NA,NA,NA,NA,0.97963002036998,0.999978000022,0.999978000022,1,0.999978000022,"AT2G31250;AT1G09940;AT1G58290;AT3G48730;AT5G63570;AT1G69740;AT1G44318;AT5G08280;AT2G26540","4.186e-01;9.309e-01;6.950e-01;4.643e-01;8.319e-01;5.525e-01;5.633e-01;6.581e-01;8.282e-01"
"PWY-6959","L-ascorbate degradation V",8,"mvn",0.93500135968482,0.993497988740045,0.906895289315054,0.001,0,0.95096630477719,0.510756530063494,NA,0.97501625385739,0.999999464264088,NA,NA,0.98009601990398,0.999978000022,NA,NA,NA,NA,NA,NA,0.98009601990398,0.999978000022,0.999978000022,1,0.999978000022,"AT4G09010;AT1G77490;AT4G35970;AT4G32320;AT4G08390;AT3G09640;AT1G07890;AT4G35000","9.853e-01;7.512e-01;6.634e-01;8.558e-01;3.140e-01;6.550e-01;8.055e-01;9.736e-01"
"PWY-5337","stachyose biosynthesis",12,"mvn",0.821602278377342,0.989592795014929,0.930616128592975,0.001,0,0.990087493439709,0.881329455688319,NA,0.977727456036665,0.999999464264088,NA,NA,0.98015001984998,0.999978000022,NA,NA,NA,NA,NA,NA,0.98015001984998,0.999978000022,0.999978000022,1,0.999978000022,"AT4G01970;AT5G20250;AT1G55740;AT5G40390;AT5G30500;AT4G26250;AT1G60450;AT5G23790;AT1G60470;AT1G09350;AT1G56600;AT2G47180","7.509e-01;9.192e-01;4.968e-01;3.192e-01;4.755e-01;8.286e-01;9.584e-01;3.673e-01;6.000e-01;8.539e-01;6.015e-01;9.105e-01"
"PWY-2501","fatty acid &alpha;-oxidation I",8,"mvn",0.905773476364802,0.982180032845628,0.906892662319147,0.001,0,0.991725826102982,0.864229359302443,NA,0.975602227711566,0.999999464264088,NA,NA,0.98021101978898,0.999978000022,NA,NA,NA,NA,NA,NA,0.98021101978898,0.999978000022,0.999978000022,1,0.999978000022,"AT1G44170;AT1G54100;AT4G34240;AT3G66658;AT4G36250;AT1G23800;AT3G01420;AT1G73680","9.370e-01;5.053e-01;7.673e-01;4.508e-01;7.180e-01;6.537e-01;5.210e-01;9.831e-01"
"PWY-2724","alkane oxidation",11,"mvn",0.740498774823547,0.985884785289339,0.925491477318682,0.001,0,0.99081476692556,0.903472982627908,NA,0.975753253282081,0.999999464264088,NA,NA,0.98028901971098,0.999978000022,NA,NA,NA,NA,NA,NA,0.98028901971098,0.999978000022,0.999978000022,1,0.999978000022,"AT1G69500;AT1G44170;AT1G54100;AT4G34240;AT3G66658;AT4G36250;AT1G23800;AT4G19380;AT4G28570;AT3G23410;AT1G03990","7.774e-01;9.370e-01;5.053e-01;7.673e-01;4.508e-01;7.180e-01;6.537e-01;6.132e-01;6.305e-01;3.471e-01;8.212e-01"
"PWY-7205","CMP phosphorylation",10,"mvn",0.969292391196013,0.983953390242577,0.91986574315204,0.001,0,0.98980205097217,0.515296918940634,NA,0.975671575363026,0.999999464264088,NA,NA,0.98037701962298,0.999978000022,NA,NA,NA,NA,NA,NA,0.98037701962298,0.999978000022,0.999978000022,1,0.999978000022,"AT3G60961;AT3G60180;AT4G25280;AT5G26667;AT5G63310;AT4G11010;AT1G17410;AT4G23900;AT4G09320;AT4G23895","5.283e-01;4.179e-01;9.967e-01;6.624e-01;7.224e-01;9.251e-01;6.266e-01;6.817e-01;3.678e-01;7.603e-01"
"PWY-6614","tetrahydrofolate biosynthesis",8,"mvn",0.894294551423531,0.992773345054,0.906880607536732,0.001,0,0.98029967073396,0.20888149549158,NA,0.975599183203374,0.999999464264088,NA,NA,0.98052301947698,0.999978000022,NA,NA,NA,NA,NA,NA,0.98052301947698,0.999978000022,0.999978000022,1,0.999978000022,"AT4G24380;AT2G16370;AT4G34570;AT2G21550;AT5G41480;AT2G19180;AT4G30000;AT1G69190","5.233e-01;8.288e-01;9.774e-01;3.879e-01;9.067e-01;8.995e-01;6.866e-01;6.998e-01"
"PWY-7204","pyridoxal 5'-phosphate salvage II (plants)",12,"mvn",0.769651337102991,0.965598786825844,0.930626704248718,0.001,0,0.996389150384433,0.878800683793651,NA,0.98492724370134,0.999999464264088,NA,NA,0.981141018858981,0.999978000022,NA,NA,NA,NA,NA,NA,0.981141018858981,0.999978000022,0.999978000022,1,0.999978000022,"AT2G32150;AT3G62040;AT5G02230;AT5G10460;AT5G59480;AT5G59490;AT2G27680;AT5G53580;AT1G06690;AT5G37850;AT2G46580;AT5G49970","7.891e-01;8.924e-01;4.939e-01;8.190e-01;3.760e-01;3.742e-01;4.448e-01;7.080e-01;3.958e-01;9.610e-01;5.132e-01;6.008e-01"
"PWYQT-4449","polyisoprenoid biosynthesis",15,"mvn",0.847133252107968,0.99094101077138,0.943676393560008,0.001,0,0.987083130276065,0.854399067216729,NA,0.977073960916098,0.999999464264088,NA,NA,0.981149018850981,0.999978000022,NA,NA,NA,NA,NA,NA,0.981149018850981,0.999978000022,0.999978000022,1,0.999978000022,"AT4G38460;AT2G18640;AT4G36810;AT2G23800;AT1G49530;AT3G29430;AT2G18620;AT3G20160;AT3G14550;AT3G14530;AT3G14510;AT4G17190;AT5G47770;AT1G78510;AT1G17050","5.395e-01;8.504e-01;3.835e-01;3.248e-01;3.823e-01;8.496e-01;9.743e-01;2.517e-01;8.308e-01;8.108e-01;9.014e-01;4.740e-01;6.441e-01;9.543e-01;7.680e-01"
"HOMOSERSYN-PWY","L-homoserine biosynthesis",7,"mvn",0.91654120081487,0.988809427558899,0.899390825544091,0.001,0,0.992933896822813,0.516031498892343,NA,0.980207266812696,0.999999464264088,NA,NA,0.982808017191983,0.999978000022,NA,NA,NA,NA,NA,NA,0.982808017191983,0.999978000022,0.999978000022,1,0.999978000022,"AT1G14810;AT5G21060;AT4G19710;AT1G31230;AT5G14060;AT5G13280;AT3G02020","9.019e-01;6.080e-01;9.032e-01;6.136e-01;5.071e-01;6.091e-01;9.830e-01"
"ETHYL-PWY","ethylene biosynthesis I (plants)",24,"mvn",0.839172616225547,0.996222464575082,0.938689192942732,0.1,0.159852260493786,0.902185296429662,0.624299674069558,NA,0.983219614568919,0.999999464264088,NA,NA,0.983455016544983,0.999978000022,NA,NA,NA,NA,NA,NA,0.983455016544983,0.999978000022,0.999978000022,1,0.999978000022,"AT4G16765;AT4G13400;AT3G49620;AT3G49630;AT3G50210;AT4G16770;AT1G77330;AT2G19590;AT1G62380;AT1G12010;AT1G05010;AT3G61510;AT1G01480;AT2G22810;AT5G65800;AT4G37770;AT4G26200;AT4G11280;AT4G08040;AT3G49700;AT2G36880;AT4G01850;AT3G17390;AT1G02500","9.385e-01;7.576e-01;6.075e-01;6.101e-01;9.625e-01;5.448e-01;4.697e-01;9.161e-01;9.449e-01;4.022e-01;9.378e-01;5.173e-01;3.749e-01;9.232e-02;4.415e-01;8.597e-01;4.585e-01;6.879e-01;3.217e-01;9.615e-01;7.798e-01;9.506e-01;4.139e-01;5.537e-01"
"CHLOROPHYLL-SYN","3,8-divinyl-chlorophyllide <i>a</i> biosynthesis I (aerobic, light-dependent)",16,"mvn",0.684922719512503,0.978268221936911,0.947411187646574,0.001,0,0.995826704067178,0.547553208673083,NA,0.983723660968161,0.999999464264088,NA,NA,0.984547015452985,0.999978000022,NA,NA,NA,NA,NA,NA,0.984547015452985,0.999978000022,0.999978000022,1,0.999978000022,"AT5G54190;AT4G27440;AT1G03630;AT5G58250;AT3G56940;AT4G03205;AT1G03475;AT4G25080;AT5G13630;AT4G18480;AT1G08520;AT5G45930;AT3G14930;AT2G40490;AT5G14220;AT4G01690","5.394e-01;8.930e-01;6.226e-01;3.813e-01;9.341e-01;6.227e-01;6.175e-01;4.476e-01;6.680e-01;5.578e-01;2.900e-01;5.947e-01;8.262e-01;5.787e-01;6.220e-01;3.568e-01"
"PWY-6213","cadmium transport I",3,"mvn",0.900790129111067,0.988586567027646,0.857797291186193,0.001,0,0.993768688897493,0.380162643945803,NA,0.981018714502316,0.999999464264088,NA,NA,0.985671014328986,0.999978000022,NA,NA,NA,NA,NA,NA,0.985671014328986,0.999978000022,0.999978000022,1,0.999978000022,"AT4G30120;AT4G30110;AT2G19110","8.160e-01;8.164e-01;9.494e-01"
"PWY-3841","folate transformations II",25,"mvn",0.723522459042,0.96748968526481,0.97088159331372,0.001,0,0.996593623210932,0.750843582658008,NA,0.986282465599192,0.999999464264088,NA,NA,0.986090013909986,0.999978000022,NA,NA,NA,NA,NA,NA,0.986090013909986,0.999978000022,0.999978000022,1,0.999978000022,"AT2G38660;AT3G12290;AT4G00600;AT4G00620;AT2G12200;AT2G12280;AT1G50480;AT5G20980;AT2G20830;AT5G13050;AT2G21550;AT2G16370;AT4G34570;AT3G59970;AT2G44160;AT2G35370;AT2G35120;AT5G26780;AT4G13890;AT1G36370;AT4G32520;AT1G22020;AT4G13930;AT4G37930;AT4G24380","8.957e-01;4.090e-01;3.734e-01;4.396e-01;3.329e-01;4.407e-01;4.274e-01;6.770e-01;7.469e-01;3.469e-01;3.879e-01;8.288e-01;9.774e-01;8.481e-01;8.070e-01;4.314e-01;7.797e-01;8.255e-01;5.126e-01;2.033e-01;5.833e-01;4.299e-01;2.964e-01;3.817e-01;5.233e-01"
"RIBOSYN2-PWY","flavin biosynthesis I (bacteria and plants)",14,"mvn",0.826783205834282,0.987081517213512,0.939698780321365,0.001,0,0.995222776566214,0.618720736298433,NA,0.983857841891586,0.999999464264088,NA,NA,0.986398013601986,0.999978000022,NA,NA,NA,NA,NA,NA,0.986398013601986,0.999978000022,0.999978000022,1,0.999978000022,"AT5G59750;AT5G64300;AT4G20960;AT3G47390;AT2G22450;AT3G10970;AT4G11570;AT2G44050;AT2G20690;AT5G08340;AT5G23330;AT5G03430;AT3G48420;AT4G21470","6.691e-01;9.790e-01;3.665e-01;5.754e-01;4.628e-01;3.173e-01;3.958e-01;7.952e-01;4.795e-01;7.530e-01;8.800e-01;6.691e-01;7.764e-01;8.588e-01"
"PWY1F-353","glycine betaine biosynthesis III (plants)",3,"mvn",0.909562521318599,0.99326773594792,0.857814972656026,0.001,0,0.992373092269223,0.600010161173018,NA,0.983233845937448,0.999999464264088,NA,NA,0.987234012765987,0.999978000022,NA,NA,NA,NA,NA,NA,0.987234012765987,0.999978000022,0.999978000022,1,0.999978000022,"AT1G74920;AT3G48170;AT4G29890","9.051e-01;9.439e-01;8.032e-01"
"PWY-4203","volatile benzenoid biosynthesis I (ester formation)",13,"mvn",0.948784725007006,0.988147494491267,0.935338125754261,0.001,0,0.997216675873437,0.551121304536811,NA,0.989559273836648,0.999999464264088,NA,NA,0.988068011931988,0.999978000022,NA,NA,NA,NA,NA,NA,0.988068011931988,0.999978000022,0.999978000022,1,0.999978000022,"AT1G78990;AT1G32910;AT1G31490;AT5G16410;AT5G47980;AT3G21950;AT5G04380;AT4G36470;AT5G38020;AT2G14060;AT5G66430;AT5G04370;AT3G11480","5.941e-01;4.277e-01;5.831e-01;5.688e-01;9.807e-01;3.640e-01;9.118e-01;9.942e-01;6.010e-01;6.550e-01;4.055e-01;9.357e-01;4.793e-01"
"PWYQT-4481","TCA cycle variation V (plant)",44,"mvn",0.983557493593676,0.996159125236629,0.984667102728241,0.2,1.96813852042897,0.993424752136233,0.456886648323454,NA,0.990707459879109,0.999999464264088,NA,NA,0.988197011802988,0.999978000022,NA,NA,NA,NA,NA,NA,0.988197011802988,0.999978000022,0.999978000022,1,0.999978000022,"AT3G53910;AT5G43330;AT1G04410;AT5G56720;AT1G53240;AT2G22780;AT3G15020;AT3G47520;AT5G09660;AT4G00570;AT2G13560;AT1G32480;AT5G03290;AT2G17130;AT4G35650;AT4G35260;AT3G09810;AT2G46505;AT4G32210;AT2G18450;AT5G65165;AT3G27380;AT5G62575;AT1G47420;AT2G46390;AT1G08480;AT3G47833;AT5G09600;AT5G66760;AT5G40650;AT5G54950;AT4G26970;AT4G35830;AT2G05710;AT3G60100;AT3G58740;AT2G44350;AT3G58750;AT2G42790;AT5G08300;AT5G23250;AT2G20420;AT2G47510;AT5G50950","7.696e-01;9.587e-01;8.867e-01;9.905e-01;7.903e-01;2.764e-01;3.536e-01;6.871e-01;5.190e-01;9.137e-01;9.996e-01;7.236e-01;4.949e-01;5.910e-01;4.071e-01;6.308e-01;6.040e-01;3.779e-01;1.888e-01;4.754e-01;4.660e-01;4.339e-01;8.917e-01;6.697e-01;5.013e-01;3.238e-01;1.468e-01;3.942e-01;8.817e-01;6.138e-01;1.079e-01;7.714e-01;8.443e-01;4.849e-01;3.849e-01;3.043e-01;4.731e-01;2.283e-01;7.739e-01;9.768e-01;5.371e-01;4.934e-01;5.665e-01;8.975e-01"
"PWY-6927","chlorophyll <i>a</i> degradation II",13,"mvn",0.855531954607931,0.980177958558911,0.935343145507036,0.001,0,0.996675925340463,0.838394502091424,NA,0.986799214867683,0.999999464264088,NA,NA,0.988979011020989,0.999978000022,NA,NA,NA,NA,NA,NA,0.988979011020989,0.999978000022,0.999978000022,1,0.999978000022,"AT2G24820;AT4G25650;AT3G44880;AT4G37000;AT3G02030;AT4G25290;AT4G36530;AT5G19850;AT5G38520;AT5G13800;AT1G44000;AT4G11911;AT4G22920","8.256e-01;7.493e-01;6.621e-01;3.661e-01;9.834e-01;9.023e-01;6.081e-01;4.142e-01;3.553e-01;8.505e-01;4.124e-01;4.835e-01;6.123e-01"
"PWY-6317","D-galactose degradation I (Leloir pathway)",12,"mvn",0.741072602533688,0.99032722858718,0.930605410099092,0.001,0,0.995881268813596,0.616652085665308,NA,0.986290612861788,0.999999464264088,NA,NA,0.989151010848989,0.999978000022,NA,NA,NA,NA,NA,NA,0.989151010848989,0.999978000022,0.999978000022,1,0.999978000022,"AT5G51820;AT1G70820;AT5G17530;AT1G70730;AT1G23190;AT3G28530;AT1G12780;AT3G06580;AT1G63180;AT4G23920;AT4G10960;AT1G64440","5.595e-01;8.897e-01;7.456e-01;9.001e-01;5.200e-01;6.776e-01;6.587e-01;4.546e-01;6.243e-01;6.237e-01;8.931e-01;3.673e-01"
"PWY-3561","choline biosynthesis III",16,"mvn",0.572830763498173,0.944397865713596,0.947403027113951,0.001,0,0.99685586676979,0.974248784109135,NA,0.98732160442846,0.999999464264088,NA,NA,0.98961801038199,0.999978000022,NA,NA,NA,NA,NA,NA,0.98961801038199,0.999978000022,0.999978000022,1,0.999978000022,"AT3G25585;AT1G13560;AT1G52570;AT4G11840;AT4G00240;AT3G05630;AT4G11830;AT5G25370;AT1G55180;AT3G15730;AT2G42010;AT4G11850;AT4G35790;AT3G16785;AT4G15130;AT2G32260","8.722e-01;6.840e-01;3.024e-01;4.580e-01;4.051e-01;5.432e-01;4.633e-01;5.785e-01;4.778e-01;5.591e-01;7.169e-01;3.899e-01;6.219e-01;6.755e-01;4.230e-01;5.814e-01"
"PWY-4984","urea cycle",7,"mvn",0.790330560297793,0.986782537072263,0.899402330206039,0.001,0,0.996626982215981,0.677954224040165,NA,0.987110647949383,0.999999464264088,NA,NA,0.98985201014799,0.999978000022,NA,NA,NA,NA,NA,NA,0.98985201014799,0.999978000022,0.999978000022,1,0.999978000022,"AT1G29900;AT3G27740;AT4G08870;AT4G08900;AT5G10920;AT4G24830;AT1G75330","6.777e-01;5.565e-01;6.260e-01;9.241e-01;8.593e-01;8.007e-01;5.667e-01"
"PWY-5807","heptaprenyl diphosphate biosynthesis",6,"mvn",0.948336693897872,0.999975079703019,0.8909784717928,0.001,0,0.999844123924013,0.575160908939648,NA,0.999892639444656,0.999999464264088,NA,NA,0.99005900994099,0.999978000022,NA,NA,NA,NA,NA,NA,0.99005900994099,0.999978000022,0.999978000022,1,0.999978000022,"AT5G58770;AT5G58782;AT5G58784;AT5G58780;AT1G17050;AT1G78510","9.662e-01;8.992e-01;9.277e-01;9.732e-01;7.680e-01;9.543e-01"
"PWY-4661","1D-<i>myo</i>-inositol hexakisphosphate biosynthesis III (<i>Spirodela polyrrhiza</i>)",12,"mvn",0.949497903790579,0.989229812974178,0.930624608297783,0.001,0,0.996841930065186,0.752055921625077,NA,0.988805273676426,0.999999464264088,NA,NA,0.990634009365991,0.999978000022,NA,NA,NA,NA,NA,NA,0.990634009365991,0.999978000022,0.999978000022,1,0.999978000022,"AT5G58730;AT5G10170;AT2G22240;AT4G39800;AT5G16760;AT4G33770;AT4G08170;AT2G43980;AT1G59312;AT1G58643;AT1G22100;AT5G42810","9.952e-01;9.170e-01;5.917e-01;4.623e-01;8.409e-01;7.197e-01;4.693e-01;7.181e-01;5.873e-01;4.612e-01;3.811e-01;7.896e-01"
"PWY-7047","malate-oxaloacetate shuttle I",11,"mvn",0.99579359199174,0.996487859853805,0.9254462306794,0.001,0,0.971521519495884,0.657706258529979,NA,0.991265806303271,0.999999464264088,NA,NA,0.993144006855993,0.999978000022,NA,NA,NA,NA,NA,NA,0.993144006855993,0.999978000022,0.999978000022,1,0.999978000022,"AT3G53910;AT5G43330;AT1G04410;AT5G56720;AT1G53240;AT2G22780;AT3G15020;AT3G47520;AT5G09660;AT4G00570;AT2G13560","7.696e-01;9.587e-01;8.867e-01;9.905e-01;7.903e-01;2.764e-01;3.536e-01;6.871e-01;5.190e-01;9.137e-01;9.996e-01"
"PWY-1801","formaldehyde oxidation II (glutathione-dependent)",2,"mvn",0.973874145436176,0.99674472051423,0.842220241693953,0.001,0,0.995868320098374,0.471486013634726,NA,0.991569124753204,0.999999464264088,NA,NA,0.993910006089994,0.999978000022,NA,NA,NA,NA,NA,NA,0.993910006089994,0.999978000022,0.999978000022,1,0.999978000022,"AT5G43940;AT2G41530","9.357e-01;9.836e-01"
"PWY-6352","3-phosphoinositide biosynthesis",47,"mvn",0.816978202333391,0.998615707934932,0.977830995271519,0.1,0.294776176997659,0.985616587162395,0.781612686729659,NA,0.994087604005142,0.999999464264088,NA,NA,0.993985006014994,0.999978000022,NA,NA,NA,NA,NA,NA,0.993985006014994,0.999978000022,0.999978000022,1,0.999978000022,"AT3G59770;AT1G47510;AT5G20840;AT3G43220;AT3G14205;AT1G22620;AT1G17340;AT1G71010;AT1G34260;AT4G33240;AT3G14270;AT3G48190;AT2G32760;AT1G60490;AT1G21920;AT1G75010;AT1G77660;AT2G35170;AT4G17080;AT1G01460;AT1G60890;AT1G77740;AT1G10900;AT1G21980;AT2G41210;AT3G07960;AT3G09920;AT2G26420;AT3G56960;AT4G01190;AT4G38570;AT1G68000;AT1G13640;AT1G26270;AT1G27570;AT1G64460;AT1G67635;AT2G03890;AT2G40850;AT2G46500;AT3G43950;AT3G56600;AT5G24240;AT1G51040;AT5G09350;AT5G64070;AT1G49340","7.894e-01;6.909e-01;4.793e-01;5.369e-01;8.805e-01;4.929e-01;3.203e-01;8.630e-02;4.205e-01;2.951e-01;8.857e-01;7.008e-01;9.910e-01;4.345e-01;3.720e-01;1.197e-01;8.200e-01;8.036e-01;5.918e-01;3.599e-01;6.404e-01;6.539e-01;4.670e-01;9.602e-01;7.827e-01;6.362e-01;3.812e-01;3.524e-01;7.325e-01;9.049e-01;7.613e-01;9.711e-01;4.245e-01;4.286e-01;6.362e-01;3.703e-01;1.639e-01;8.417e-01;9.392e-01;7.554e-01;6.970e-01;6.393e-01;5.091e-01;7.909e-01;3.411e-01;5.419e-01;7.663e-01"
"PWY-5377","&alpha;-amyrin biosynthesis",5,"mvn",0.947927800256445,0.998631975902555,0.881522442638949,0.001,0,0.979504397127251,0.409458948869806,NA,0.993796243599218,0.999999464264088,NA,NA,0.995274004725995,0.999978000022,NA,NA,NA,NA,NA,NA,0.995274004725995,0.999978000022,0.999978000022,1,0.999978000022,"AT1G78500;AT1G66960;AT1G78480;AT1G78955;AT1G78960","9.434e-01;5.405e-01;9.525e-01;9.658e-01;9.635e-01"
"PWY-3301","sinapate ester biosynthesis",34,"mvn",0.793019902915225,0.999219846186734,0.815384993776421,0.02,0.549969451725094,0.405765053549135,0.285698400502189,NA,0.996115967022187,0.999999464264088,NA,NA,0.995309004690995,0.999978000022,NA,NA,NA,NA,NA,NA,0.995309004690995,0.999978000022,0.999978000022,1,0.999978000022,"AT2G22920;AT1G73280;AT5G36180;AT1G33540;AT1G73300;AT3G10450;AT3G12220;AT1G73310;AT2G22970;AT3G12203;AT1G73270;AT1G73290;AT2G22980;AT2G22990;AT2G22960;AT2G23010;AT5G03590;AT3G09930;AT5G03600;AT1G28570;AT1G28600;AT1G28640;AT1G28650;AT2G27360;AT1G28590;AT1G28610;AT1G28670;AT3G48460;AT5G45910;AT1G31550;AT1G28660;AT1G28580;AT5G09640;AT3G21560","8.982e-01;6.530e-01;6.308e-01;4.640e-01;6.439e-01;7.808e-01;6.415e-01;4.901e-01;6.579e-01;5.812e-01;5.747e-01;6.150e-01;6.655e-01;6.098e-01;7.291e-01;1.519e-02;6.190e-01;5.274e-01;5.349e-01;9.380e-01;9.180e-01;8.806e-01;8.579e-01;5.302e-01;9.775e-01;9.249e-01;7.797e-01;5.959e-01;6.155e-01;6.658e-01;9.838e-01;9.263e-01;4.224e-01;1.407e-01"
"PWYQT-4470","&gamma;-glutamyl cycle (plant pathway)",3,"mvn",0.945065601305884,0.997949448839444,0.857834048464986,0.001,0,0.997020269284835,0.483626989655026,NA,0.994102213717184,0.999999464264088,NA,NA,0.995583004416996,0.999978000022,NA,NA,NA,NA,NA,NA,0.995583004416996,0.999978000022,0.999978000022,1,0.999978000022,"AT5G27380;AT4G23100;AT5G37830","8.561e-01;9.659e-01;9.462e-01"
"PWY-112","lupeol biosynthesis",5,"mvn",0.967780675966582,0.998799563262794,0.881513020242784,0.001,0,0.979504397127251,0.404472787494785,NA,0.994564298302183,0.999999464264088,NA,NA,0.995753004246996,0.999978000022,NA,NA,NA,NA,NA,NA,0.995753004246996,0.999978000022,0.999978000022,1,0.999978000022,"AT1G78960;AT1G66960;AT1G78480;AT1G78500;AT1G78970","9.635e-01;5.405e-01;9.525e-01;9.434e-01;9.887e-01"
"PWY-6444","benzoate biosynthesis II (CoA-independent, non-&beta;-oxidative)",11,"mvn",0.907423860179209,0.998169287364327,0.925448485459157,0.001,0,0.99701684124308,0.831269994184044,NA,0.994508806463336,0.999999464264088,NA,NA,0.995754004245996,0.999978000022,NA,NA,NA,NA,NA,NA,0.995754004245996,0.999978000022,0.999978000022,1,0.999978000022,"AT1G04580;AT1G44170;AT1G54100;AT4G34240;AT3G66658;AT4G36250;AT1G23800;AT3G10340;AT2G37040;AT5G04230;AT3G53260","4.106e-01;9.370e-01;5.053e-01;7.673e-01;4.508e-01;7.180e-01;6.537e-01;8.808e-01;9.836e-01;9.328e-01;9.003e-01"
"PWY-2","putrescine degradation IV",2,"mvn",0.986685631951925,0.997956622847268,0.842242454598699,0.001,0,0.996850522940151,0.522513937331153,NA,0.994369820871103,0.999999464264088,NA,NA,0.995980004019996,0.999978000022,NA,NA,NA,NA,NA,NA,0.995980004019996,0.999978000022,0.999978000022,1,0.999978000022,"AT3G48170;AT4G14940","9.439e-01;9.925e-01"
"PWY-7187","pyrimidine deoxyribonucleotides <i>de novo</i> biosynthesis II",15,"mvn",0.844866957749822,0.997120441298986,0.943696294479517,0.001,0,0.998970161187721,0.825022049002026,NA,0.996287990839361,0.999999464264088,NA,NA,0.997005002994997,0.999978000022,NA,NA,NA,NA,NA,NA,0.997005002994997,0.999978000022,0.999978000022,1,0.999978000022,"AT2G21550;AT2G16370;AT4G34570;AT4G09320;AT1G48030;AT5G59440;AT3G46940;AT4G29680;AT4G29690;AT4G29700;AT5G50400;AT4G29710;AT4G24890;AT4G13720;AT2G22530","3.879e-01;8.288e-01;9.774e-01;3.678e-01;9.021e-01;8.375e-01;9.274e-01;6.719e-01;5.436e-01;5.273e-01;5.242e-01;7.593e-01;7.211e-01;4.154e-01;8.237e-01"
"PWY-6786","detoxification of reactive carbonyls in chloroplasts",15,"mvn",0.792132220213633,0.999006197631048,0.943680692166677,0.001,0,0.997851393993132,0.566927874949068,NA,0.996653383612883,0.999999464264088,NA,NA,0.997270002729997,0.999978000022,NA,NA,NA,NA,NA,NA,0.997270002729997,0.999978000022,0.999978000022,1,0.999978000022,"AT3G53880;AT2G37790;AT5G62420;AT2G37770;AT1G23740;AT5G18210;AT3G05260;AT3G03980;AT4G13180;AT1G54870;AT3G04000;AT2G24190;AT2G37760;AT3G61220;AT3G03350","5.576e-01;8.532e-01;7.763e-01;8.546e-01;4.276e-01;8.017e-01;7.025e-01;8.317e-01;8.082e-01;9.175e-01;6.546e-01;3.360e-01;9.368e-01;5.089e-01;6.220e-01"
"PWY-6596","adenosine nucleotides degradation I",20,"mvn",0.74610073583009,0.998038431491707,0.959713456467556,0.001,0,0.999653888441228,0.811107937206233,NA,0.998542897207016,0.999999464264088,NA,NA,0.997509002490997,0.999978000022,NA,NA,NA,NA,NA,NA,0.997509002490997,0.999978000022,0.999978000022,1,0.999978000022,"AT4G34900;AT4G34890;AT3G04390;AT4G02180;AT4G31196;AT4G37500;AT2G36310;AT5G18870;AT5G18890;AT5G18860;AT1G05620;AT5G48960;AT1G75210;AT4G14930;AT2G38680;AT2G23890;AT1G72880;AT1G16350;AT1G79470;AT2G38280","8.994e-01;8.793e-01;5.225e-01;8.099e-01;5.360e-01;4.331e-01;8.965e-01;6.721e-01;6.979e-01;9.192e-01;5.055e-01;3.286e-01;7.352e-01;8.675e-01;3.478e-01;5.420e-01;4.136e-01;7.398e-01;8.128e-01;5.022e-01"
"PWY1F-823","leucopelargonidin and leucocyanidin biosynthesis",13,"mvn",0.811028905914863,0.999293094929977,0.935323357374396,0.001,0,0.997944371855544,0.698610002214971,NA,0.99740028110714,0.999999464264088,NA,NA,0.997828002171998,0.999978000022,NA,NA,NA,NA,NA,NA,0.997828002171998,0.999978000022,0.999978000022,1,0.999978000022,"AT3G51240;AT5G07990;AT4G27250;AT5G19440;AT5G42800;AT1G09480;AT1G09490;AT1G09500;AT1G09510;AT1G25460;AT1G51410;AT1G66800;AT2G02400","7.003e-01;4.887e-01;3.787e-01;6.659e-01;9.410e-01;8.479e-01;8.989e-01;8.744e-01;7.820e-01;8.544e-01;7.997e-01;5.655e-01;7.247e-01"
"PWY-5453","methylglyoxal degradation III",12,"mvn",0.823731532971823,0.999421036318958,0.930594215548732,0.001,0,0.992659503626454,0.773521661726622,NA,0.997349415120346,0.999999464264088,NA,NA,0.997887002112998,0.999978000022,NA,NA,NA,NA,NA,NA,0.997887002112998,0.999978000022,0.999978000022,1,0.999978000022,"AT5G18210;AT3G53880;AT2G37790;AT3G05260;AT3G03980;AT5G62420;AT4G13180;AT1G54870;AT3G04000;AT2G24190;AT2G37760;AT2G37770","8.017e-01;5.576e-01;8.532e-01;7.025e-01;8.317e-01;7.763e-01;8.082e-01;9.175e-01;6.546e-01;3.360e-01;9.368e-01;8.546e-01"
"PWY-7039","phosphatidate metabolism, as a signaling molecule",37,"mvn",0.684255088534117,0.997312488408495,0.986232319704994,0.2,0.0142462276554664,0.999722784364731,0.945459672088454,NA,0.998772162161847,0.999999464264088,NA,NA,0.998018001981998,0.999978000022,NA,NA,NA,NA,NA,NA,0.998018001981998,0.999978000022,0.999978000022,1,0.999978000022,"AT1G13680;AT3G08510;AT3G47290;AT4G34930;AT5G58670;AT3G55940;AT4G38530;AT5G58700;AT5G58690;AT2G40116;AT3G47220;AT1G52570;AT4G11840;AT4G00240;AT3G05630;AT4G11830;AT5G25370;AT1G55180;AT3G15730;AT2G42010;AT4G11850;AT4G35790;AT3G16785;AT3G18220;AT1G15080;AT2G01180;AT1G20990;AT2G37820;AT2G46090;AT3G25850;AT2G18730;AT5G07920;AT2G20900;AT4G28130;AT5G57690;AT4G30340;AT5G63770","3.517e-01;5.725e-01;2.360e-01;9.382e-01;8.338e-01;8.275e-01;7.476e-01;3.887e-01;3.513e-01;3.383e-01;1.986e-01;3.024e-01;4.580e-01;4.051e-01;5.432e-01;4.633e-01;5.785e-01;4.778e-01;5.591e-01;7.169e-01;3.899e-01;6.219e-01;6.755e-01;8.251e-01;4.951e-01;6.660e-01;8.939e-01;7.593e-01;7.851e-01;2.100e-01;7.977e-01;8.127e-01;8.292e-01;9.014e-01;8.015e-01;3.547e-01;9.120e-01"
"PWY66-21","ethanol degradation II",20,"mvn",0.733075422107994,0.996315200973885,0.959717934544841,0.001,0,0.999556384932615,0.887474026211644,NA,0.998048125582719,0.999999464264088,NA,NA,0.998302001697998,0.999978000022,NA,NA,NA,NA,NA,NA,0.998302001697998,0.999978000022,0.999978000022,1,0.999978000022,"AT5G23050;AT1G55320;AT3G16910;AT5G36880;AT3G48000;AT1G44170;AT1G54100;AT4G34240;AT3G66658;AT4G36250;AT1G23800;AT1G77120;AT2G29350;AT1G22440;AT1G32780;AT1G22430;AT1G64710;AT4G22110;AT5G42250;AT5G24760","5.465e-01;4.878e-01;4.390e-01;5.723e-01;8.845e-01;9.370e-01;5.053e-01;7.673e-01;4.508e-01;7.180e-01;6.537e-01;5.769e-01;7.740e-01;7.574e-01;8.667e-01;7.293e-01;9.158e-01;4.251e-01;3.202e-01;3.523e-01"
"MALATE-ASPARTATE-SHUTTLE-PWY","L-aspartate degradation II",18,"mvn",0.99318152644622,0.99978651042164,0.954023307259201,0.001,0,0.997041800135555,0.829506779973977,NA,0.999037656178403,0.999999464264088,NA,NA,0.999108000891999,0.999978000022,NA,NA,NA,NA,NA,NA,0.999108000891999,0.999978000022,0.999978000022,1,0.999978000022,"AT3G53910;AT5G43330;AT1G04410;AT5G56720;AT1G53240;AT2G22780;AT3G15020;AT3G47520;AT5G09660;AT4G00570;AT2G13560;AT1G62800;AT5G11520;AT5G51690;AT1G62960;AT5G19550;AT4G31990;AT2G30970","7.696e-01;9.587e-01;8.867e-01;9.905e-01;7.903e-01;2.764e-01;3.536e-01;6.871e-01;5.190e-01;9.137e-01;9.996e-01;5.951e-01;7.500e-01;9.186e-01;6.905e-01;7.807e-01;4.720e-01;7.305e-01"
"PWY-5725","farnesene biosynthesis",15,"mvn",0.91621468504571,0.999252813899281,0.943709447477206,0.001,0,0.999742760200271,0.676009665273177,NA,0.999048881223174,0.999999464264088,NA,NA,0.999253000746999,0.999978000022,NA,NA,NA,NA,NA,NA,0.999253000746999,0.999978000022,0.999978000022,1,0.999978000022,"AT4G20210;AT4G15870;AT3G29410;AT3G29110;AT3G14490;AT1G66020;AT1G48820;AT1G48800;AT1G33750;AT1G31950;AT2G37140;AT4G20230;AT5G44630;AT4G16730;AT4G16740","4.997e-01;4.688e-01;9.766e-01;9.797e-01;9.298e-01;8.954e-01;9.717e-01;8.505e-01;4.236e-01;7.195e-01;7.811e-01;4.317e-01;4.593e-01;9.287e-01;5.339e-01"
"PWY-6457","cinnamoyl-CoA biosynthesis",4,"mvn",0.957441150565944,0.999668779848787,0.870680146157198,0.001,0,0.999797806058644,0.48235490300397,NA,0.999374638857828,0.999999464264088,NA,NA,0.999529000471,0.999978000022,NA,NA,NA,NA,NA,NA,0.999529000471,0.999978000022,0.999978000022,1,0.999978000022,"AT3G10340;AT2G37040;AT5G04230;AT3G53260","8.808e-01;9.836e-01;9.328e-01;9.003e-01"
"PWY-7199","pyrimidine deoxyribonucleosides salvage",28,"mvn",0.732021750715536,0.996628199334306,0.975949198776364,0.001,0,0.999980750639225,0.979885595391664,NA,0.999904471314046,0.999999464264088,NA,NA,0.99959000041,0.999978000022,NA,NA,NA,NA,NA,NA,0.99959000041,0.999978000022,0.999978000022,1,0.999978000022,"AT2G21550;AT2G16370;AT4G34570;AT1G72040;AT5G25130;AT5G25120;AT5G57260;AT5G25180;AT5G25140;AT3G53305;AT3G26330;AT3G26320;AT3G26310;AT3G26300;AT2G24180;AT2G02580;AT3G26290;AT5G23070;AT3G07800;AT2G19570;AT4G29650;AT4G29570;AT4G29630;AT4G29620;AT4G29640;AT4G29600;AT4G29610;AT4G29580","3.879e-01;8.288e-01;9.774e-01;5.548e-01;7.245e-01;8.237e-01;7.739e-01;3.460e-01;5.567e-01;4.275e-01;6.861e-01;6.353e-01;6.122e-01;5.732e-01;3.214e-01;3.667e-01;4.915e-01;3.801e-01;8.062e-01;6.211e-01;8.369e-01;3.238e-01;6.960e-01;5.788e-01;8.450e-01;6.693e-01;3.615e-01;5.717e-01"
"PWY-5097","L-lysine biosynthesis VI",14,"mvn",0.902231202984375,0.999297512231132,0.939674427028124,0.001,0,0.999950070185889,0.677638090267543,NA,0.999767223927635,0.999999464264088,NA,NA,0.999738000262,0.999978000022,NA,NA,NA,NA,NA,NA,0.999738000262,0.999978000022,0.999978000022,1,0.999978000022,"AT5G52100;AT3G14390;AT5G11880;AT3G53580;AT2G13810;AT4G33680;AT3G60880;AT2G45440;AT1G14810;AT5G14060;AT5G13280;AT4G19710;AT3G02020;AT1G31230","5.371e-01;7.510e-01;7.587e-01;5.285e-01;9.777e-01;7.811e-01;5.364e-01;6.677e-01;9.019e-01;5.071e-01;6.091e-01;9.032e-01;9.830e-01;6.136e-01"
"CAMALEXIN-SYN","camalexin biosynthesis",33,"mvn",0.652625933657673,0.998321408730946,0.982427380071764,0.001,0,0.999945092733118,0.889264600568984,NA,0.99973510505634,0.999999464264088,NA,NA,0.999765000235,0.999978000022,NA,NA,NA,NA,NA,NA,0.999765000235,0.999978000022,0.999978000022,1,0.999978000022,"AT1G58265;AT4G39950;AT2G22330;AT5G35715;AT3G53300;AT3G53290;AT3G53280;AT3G44250;AT3G26830;AT3G26270;AT3G26230;AT3G26220;AT3G26210;AT3G26200;AT3G26190;AT3G26180;AT3G26170;AT3G26160;AT3G26150;AT1G13110;AT1G13100;AT1G13080;AT1G13090;AT3G26280;AT4G30530;AT2G23960;AT2G23970;AT4G30540;AT4G30550;AT4G29210;AT1G69820;AT4G39640;AT4G39650","3.690e-01;8.425e-01;3.930e-01;8.419e-01;3.870e-01;6.029e-01;7.394e-01;7.536e-01;9.149e-01;8.720e-01;4.821e-01;5.635e-01;6.312e-01;6.797e-01;7.106e-01;2.572e-01;3.985e-01;3.844e-01;3.711e-01;5.063e-01;4.968e-01;6.990e-01;4.603e-01;5.434e-01;7.519e-01;8.302e-01;7.173e-01;8.165e-01;7.176e-01;3.694e-01;5.593e-01;4.900e-01;5.260e-01"
"PWY-7416","phospholipid remodeling (phosphatidylcholine, yeast)",27,"mvn",0.7995823655299,0.997753494686355,0.974366822355159,0.001,0,0.999969017134522,0.979391404995927,NA,0.999847620117713,0.999999464264088,NA,NA,0.999862000138,0.999978000022,NA,NA,NA,NA,NA,NA,0.999862000138,0.999978000022,0.999978000022,1,0.999978000022,"AT5G13640;AT1G04010;AT3G44830;AT1G63050;AT3G05510;AT1G78690;AT1G12640;AT4G37070;AT4G29460;AT2G06925;AT2G26560;AT2G19690;AT4G29470;AT5G49950;AT5G43590;AT4G37060;AT4G37050;AT4G29800;AT4G29070;AT3G63200;AT3G54950;AT3G52330;AT2G39220;AT2G03140;AT1G34340;AT1G27480;AT3G50790","4.606e-01;9.063e-01;6.224e-01;3.373e-01;4.188e-01;4.694e-01;5.817e-01;3.757e-01;4.774e-01;9.498e-01;5.453e-01;9.686e-01;4.709e-01;3.192e-01;8.886e-01;4.071e-01;4.194e-01;6.205e-01;6.787e-01;4.424e-01;9.417e-01;8.999e-01;5.870e-01;6.194e-01;8.586e-01;5.005e-01;9.311e-01"
"PWY0-166","superpathway of pyrimidine deoxyribonucleotides <i>de novo</i> biosynthesis (<i>E. coli</i>)",23,"mvn",0.827445360959469,0.999925569089963,0.96687647070525,0.001,0,0.999973722773478,0.785354440685772,NA,0.999902969659627,0.999999464264088,NA,NA,0.999923000077,0.999978000022,NA,NA,NA,NA,NA,NA,0.999923000077,0.999978000022,0.999978000022,1,0.999978000022,"AT2G21550;AT2G16370;AT4G34570;AT2G21790;AT3G23580;AT3G27060;AT4G09320;AT1G48030;AT5G59440;AT3G46940;AT4G29680;AT4G29690;AT4G29700;AT5G50400;AT4G29710;AT4G24890;AT4G13720;AT2G22530;AT5G63310;AT4G11010;AT1G17410;AT4G23900;AT4G23895","3.879e-01;8.288e-01;9.774e-01;7.932e-01;5.581e-01;7.844e-01;3.678e-01;9.021e-01;8.375e-01;9.274e-01;6.719e-01;5.436e-01;5.273e-01;5.242e-01;7.593e-01;7.211e-01;4.154e-01;8.237e-01;7.224e-01;9.251e-01;6.266e-01;6.817e-01;7.603e-01"
"PWY-6115","avenacin biosynthesis, initial reactions",8,"mvn",0.961218017681415,0.999989521188249,0.906903256909317,0.001,0,0.998010897716349,0.423967498255136,NA,0.999947899694475,0.999999464264088,NA,NA,0.99996000004,0.999978000022,NA,NA,NA,NA,NA,NA,0.99996000004,0.999978000022,0.999978000022,1,0.999978000022,"AT2G07050;AT1G66960;AT1G78480;AT1G78950;AT1G78500;AT1G78955;AT1G78960;AT1G78970","8.885e-01;5.405e-01;9.525e-01;9.238e-01;9.434e-01;9.658e-01;9.635e-01;9.887e-01"
"PWY-3781","aerobic respiration I (cytochrome c)",261,"mvn",0.74535162252293,0.9999998928529,0.436179366802405,0.001,1.14701350902099,0.13681556918657,0.270303552073274,NA,0.999999464264088,0.999999464264088,NA,NA,0.999978000022,0.999978000022,NA,NA,NA,NA,NA,NA,0.999978000022,0.999978000022,0.999978000022,1,0.999978000022,"AT1G03510;AT1G03540;AT1G04840;AT1G05750;AT1G06140;AT1G08070;AT1G09190;AT1G09220;AT1G09410;AT1G10330;AT1G11290;AT1G13410;AT1G15510;AT1G16480;AT1G17630;AT1G18485;AT1G19720;AT1G20230;AT1G23450;AT1G25360;AT1G26900;AT1G28690;AT1G29710;AT1G31430;AT1G31790;AT1G31920;AT1G32415;AT1G33350;AT1G34160;AT1G43980;AT1G50270;AT1G52710;AT1G53600;AT1G56570;AT1G56690;AT1G59720;AT1G62260;AT1G64310;AT1G68930;AT1G69350;AT1G71420;AT1G71490;AT1G74400;AT1G74600;AT1G74630;AT1G77010;AT1G77150;AT1G77170;AT2G01510;AT2G02750;AT2G02980;AT2G03380;AT2G03880;AT2G04860;AT2G13600;AT2G15690;AT2G17210;AT2G20540;AT2G21090;AT2G22070;AT2G22410;AT2G25580;AT2G27229;AT2G27610;AT2G29760;AT2G33680;AT2G33760;AT2G34370;AT2G34400;AT2G35030;AT2G36730;AT2G36980;AT2G37310;AT2G37320;AT2G39620;AT2G40720;AT2G41080;AT2G42920;AT2G44880;AT2G45350;AT2G46050;AT3G01580;AT3G02010;AT3G02330;AT3G03580;AT3G04750;AT3G05240;AT3G05340;AT3G08820;AT3G09040;AT3G11460;AT3G12770;AT3G13770;AT3G13880;AT3G14330;AT3G14730;AT3G15130;AT3G15930;AT3G16610;AT3G18840;AT3G18970;AT3G20730;AT3G21470;AT3G22150;AT3G22690;AT3G23330;AT3G24000;AT3G25060;AT3G25970;AT3G26630;AT3G26782;AT3G28640;AT3G28660;AT3G29230;AT3G46790;AT3G47530;AT3G47840;AT3G49142;AT3G49170;AT3G49710;AT3G49740;AT3G50420;AT3G51320;AT3G53360;AT3G56550;AT3G57430;AT3G58590;AT3G61170;AT3G62400;AT3G62890;AT3G63370;AT4G01030;AT4G02750;AT4G04370;AT4G08210;AT4G13650;AT4G14050;AT4G14170;AT4G14820;AT4G14850;AT4G15720;AT4G16470;AT4G16835;AT4G18750;AT4G18840;AT4G19191;AT4G19220;AT4G20770;AT4G21065;AT4G21300;AT4G22760;AT4G25270;AT4G30700;AT4G31070;AT4G32430;AT4G32450;AT4G33170;AT4G33990;AT4G35130;AT4G37170;AT4G37380;AT4G38010;AT4G39530;AT4G39952;AT5G03800;AT5G04780;AT5G06540;AT5G08305;AT5G08490;AT5G08510;AT5G09950;AT5G13230;AT5G13270;AT5G15300;AT5G15340;AT5G16860;AT5G19020;AT5G27110;AT5G37570;AT5G39350;AT5G39680;AT5G40405;AT5G40410;AT5G42450;AT5G43790;AT5G44230;AT5G46460;AT5G47460;AT5G48910;AT5G50390;AT5G50990;AT5G52630;AT5G52850;AT5G55740;AT5G56310;AT5G59200;AT5G59600;AT5G61310;AT5G61800;AT5G65570;AT5G66500;AT5G66520;AT2G47380;AT1G80230;AT3G15640;AT4G37830;AT1G67350;AT1G70760;AT3G18410;AT3G62790;AT4G26965;AT4G28005;AT5G04750;AT2G33220;AT3G27890;AT5G08530;AT2G02050;AT5G67590;AT1G49140;AT5G37510;AT4G02580;AT5G11770;AT1G79010;AT3G03100;AT5G52840;AT3G08610;AT3G48680;AT3G12260;AT4G16450;AT5G66510;AT1G47260;AT3G57785;AT5G63510;AT2G31490;AT2G47690;AT2G42310;AT2G27730;AT4G20150;AT1G19580;AT2G20360;AT1G16700;AT2G46505;AT4G32210;AT2G18450;AT5G65165;AT3G27380;AT5G62575;AT1G47420;AT2G46390;AT1G08480;AT3G47833;AT5G09600;AT5G66760;AT5G40650;AT3G27240;AT3G16480;AT3G02090;AT1G51980;AT5G40810;AT5G13440;AT5G13430","9.528e-01;9.523e-01;1.890e-02;4.146e-01;7.860e-01;6.275e-01;9.532e-01;9.466e-01;3.498e-01;9.797e-01;5.815e-01;4.072e-01;3.029e-01;1.306e-01;9.367e-01;6.382e-01;8.207e-01;5.626e-01;4.571e-01;7.951e-02;7.392e-01;6.951e-01;4.728e-01;6.359e-01;6.410e-01;6.279e-01;6.773e-01;5.351e-01;7.118e-01;4.819e-01;6.652e-01;7.304e-01;9.532e-01;4.444e-01;8.470e-01;4.767e-01;4.368e-01;6.003e-01;6.077e-01;5.642e-01;8.098e-01;4.067e-01;7.128e-03;1.730e-02;1.962e-02;7.450e-01;4.067e-01;3.823e-01;4.587e-01;9.111e-01;4.168e-01;4.855e-01;8.011e-01;8.818e-01;2.043e-01;5.926e-01;4.049e-01;7.387e-01;5.157e-01;8.627e-01;9.911e-01;3.346e-01;9.965e-01;4.283e-01;9.666e-01;5.108e-01;6.406e-01;2.158e-01;2.126e-01;3.198e-03;5.182e-01;5.386e-01;9.990e-01;4.226e-01;7.886e-01;6.012e-01;4.887e-01;7.182e-01;4.657e-01;4.369e-01;5.658e-01;9.867e-01;9.927e-01;5.628e-01;7.524e-01;3.561e-01;5.120e-01;7.549e-01;7.698e-01;6.914e-01;3.611e-01;8.183e-01;9.150e-02;5.881e-01;8.214e-01;6.082e-01;5.008e-01;9.602e-01;8.437e-01;3.317e-01;7.079e-02;5.635e-04;5.713e-02;4.141e-01;6.266e-01;4.435e-01;1.713e-01;3.492e-01;5.704e-01;8.070e-01;4.610e-01;5.517e-01;6.520e-01;4.720e-01;5.891e-01;5.863e-01;4.444e-01;8.502e-01;5.948e-01;9.334e-01;1.476e-01;5.923e-01;6.331e-01;1.555e-01;9.646e-01;8.893e-01;9.136e-01;8.727e-01;5.430e-01;9.369e-01;2.453e-01;3.364e-01;8.269e-01;5.304e-01;5.932e-01;9.967e-01;8.035e-01;9.321e-01;7.182e-01;7.389e-01;6.953e-01;9.150e-01;9.905e-01;6.631e-01;8.815e-01;1.441e-01;8.809e-01;5.158e-01;4.295e-01;8.863e-01;7.634e-01;9.863e-01;9.918e-01;4.325e-01;5.274e-01;4.596e-01;8.440e-01;8.641e-01;7.535e-01;8.987e-01;7.007e-01;3.894e-01;2.482e-01;7.694e-01;9.617e-01;6.022e-01;7.809e-01;6.970e-01;9.295e-01;5.482e-01;4.260e-01;6.977e-01;4.420e-01;8.364e-01;4.450e-01;8.302e-01;6.452e-01;5.937e-01;6.642e-01;4.543e-02;1.504e-01;7.165e-01;7.487e-01;3.365e-01;7.282e-01;2.978e-01;5.517e-01;7.673e-01;2.200e-01;6.777e-01;3.574e-01;3.279e-01;6.341e-01;1.142e-01;3.575e-01;4.613e-01;3.301e-01;5.745e-01;8.070e-01;6.632e-01;4.603e-01;3.240e-01;3.478e-01;4.057e-01;7.663e-01;4.678e-01;8.645e-01;9.458e-01;9.377e-01;4.125e-01;6.563e-01;9.437e-01;9.085e-01;8.687e-01;4.024e-01;4.722e-01;7.294e-01;4.864e-01;9.659e-01;8.300e-01;6.911e-01;9.546e-01;3.514e-01;3.529e-01;7.289e-01;5.963e-01;3.969e-01;5.540e-01;5.494e-01;4.767e-01;9.198e-01;3.430e-01;4.298e-01;6.377e-01;4.580e-01;8.742e-01;8.048e-01;5.861e-01;9.477e-01;9.968e-01;9.632e-01;3.779e-01;1.888e-01;4.754e-01;4.660e-01;4.339e-01;8.917e-01;6.697e-01;5.013e-01;3.238e-01;1.468e-01;3.942e-01;8.817e-01;6.138e-01;3.452e-01;5.426e-01;4.151e-01;6.071e-01;3.938e-01;4.150e-01;3.955e-01"
