gene_set,ontology,n_input_genes,n_mapped_genes,ID,Description,GeneRatio,BgRatio,pvalue,p.adjust,qvalue,geneID,Count
Fst_IC_stover,MF,652,455,GO:0016846,carbon-sulfur lyase activity,5/455,16/27694,4.405238762685696e-6,0.0029471047322367303,0.0028008044343812216,Zm00001eb099170/Zm00001eb099180/Zm00001eb099190/Zm00001eb099200/Zm00001eb099210,5
Fst_IC_stover,BP,652,455,GO:0016114,terpenoid biosynthetic process,6/455,52/27694,2.0439355441696636e-4,0.05069326729937803,0.048176749978482154,Zm00001eb415070/Zm00001eb415080/Zm00001eb415090/Zm00001eb415100/Zm00001eb415130/Zm00001eb415420,6
Fst_IC_stover,MF,652,455,GO:0010333,terpene synthase activity,6/455,53/27694,2.2732406860707637e-4,0.05069326729937803,0.048176749978482154,Zm00001eb415070/Zm00001eb415080/Zm00001eb415090/Zm00001eb415100/Zm00001eb415130/Zm00001eb415420,6
Fst_IC_stover,BP,652,455,GO:0046246,terpene biosynthetic process,4/455,25/27694,6.917795328225713e-4,0.08556854355986117,0.08132074629872732,Zm00001eb415070/Zm00001eb415080/Zm00001eb415090/Zm00001eb415130,4
Fst_IC_stover,BP,652,455,GO:0042546,cell wall biogenesis,6/455,66/27694,7.520746189530871e-4,0.08556854355986117,0.08132074629872732,Zm00001eb071660/Zm00001eb373230/Zm00001eb373250/Zm00001eb373260/Zm00001eb414340/Zm00001eb414450,6
Fst_IC_stover,BP,652,455,GO:0046474,glycerophospholipid biosynthetic process,2/455,3/27694,7.99227686267349e-4,0.08556854355986117,0.08132074629872732,Zm00001eb397220/Zm00001eb397260,2
Fst_IC_stover,MF,652,455,GO:0016627,"oxidoreductase activity, acting on the CH-CH group of donors",4/455,27/27694,9.351787285641176e-4,0.08556854355986117,0.08132074629872732,Zm00001eb020560/Zm00001eb020570/Zm00001eb020590/Zm00001eb111400,4
Fst_IC_stover,MF,652,455,GO:0050660,flavin adenine dinucleotide binding,10/455,185/27694,0.0010232411785932576,0.08556854355986117,0.08132074629872732,Zm00001eb074100/Zm00001eb074140/Zm00001eb111400/Zm00001eb173900/Zm00001eb179100/Zm00001eb332380/Zm00001eb384900/Zm00001eb384930/Zm00001eb384940/Zm00001eb396380,10
Fst_IC_stover,MF,652,455,GO:0008266,poly(U) RNA binding,3/455,16/27694,0.0021039613673662543,0.15639446164089155,0.14863072115663364,Zm00001eb173880/Zm00001eb176260/Zm00001eb386170,3
Fst_IC_stover,MF,652,455,GO:0003841,1-acylglycerol-3-phosphate O-acyltransferase activity,2/455,5/27694,0.0026064182688787705,0.15851762017089976,0.15064848176103135,Zm00001eb102970/Zm00001eb151440,2
Fst_IC_stover,MF,652,455,GO:0004449,isocitrate dehydrogenase (NAD+) activity,2/455,5/27694,0.0026064182688787705,0.15851762017089976,0.15064848176103135,Zm00001eb183760/Zm00001eb424940,2
Fst_IC_stover,MF,652,455,GO:0008061,chitin binding,3/455,18/27694,0.002991981110512527,0.1668029469110734,0.15852250796048828,Zm00001eb002690/Zm00001eb369810/Zm00001eb425600,3
Fst_IC_stover,BP,652,455,GO:0006826,iron ion transport,3/455,19/27694,0.0035100123434972587,0.18063063521535894,0.17166376157670807,Zm00001eb099150/Zm00001eb099160/Zm00001eb404870,3
Fst_IC_stover,MF,652,455,GO:0016829,lyase activity,15/455,428/27694,0.005165754507481329,0.24684926896464351,0.23459516710667092,Zm00001eb017500/Zm00001eb091650/Zm00001eb099200/Zm00001eb099210/Zm00001eb182780/Zm00001eb270090/Zm00001eb335380/Zm00001eb397170/Zm00001eb414460/Zm00001eb415070/Zm00001eb415080/Zm00001eb415090/Zm00001eb415100/Zm00001eb415130/Zm00001eb415420,15
Fst_IC_stover,BP,652,455,GO:0006955,immune response,4/455,46/27694,0.006807355249982352,0.3036080441492129,0.2885363207711818,Zm00001eb100260/Zm00001eb176280/Zm00001eb369770/Zm00001eb381180,4
Fst_IC_stover,BP,652,455,GO:0019748,secondary metabolic process,2/455,9/27694,0.008982855895918554,0.35350179966879486,0.3359532483674803,Zm00001eb096780/Zm00001eb411170,2
Fst_IC_stover,BP,652,455,GO:0046486,glycerolipid metabolic process,2/455,9/27694,0.008982855895918554,0.35350179966879486,0.3359532483674803,Zm00001eb150880/Zm00001eb151400,2
Fst_IC_stover,BP,652,455,GO:0015936,coenzyme A metabolic process,2/455,10/27694,0.011107281148491483,0.3906124816859911,0.37122168033724906,Zm00001eb099220/Zm00001eb183790,2
Fst_IC_stover,BP,652,455,GO:0035825,homologous recombination,2/455,10/27694,0.011107281148491483,0.3906124816859911,0.37122168033724906,Zm00001eb178960/Zm00001eb280900,2
Fst_IC_stover,BP,652,455,GO:0016102,diterpenoid biosynthetic process,3/455,30/27694,0.012873233229089776,0.3906124816859911,0.37122168033724906,Zm00001eb415070/Zm00001eb415080/Zm00001eb415130,3
Fst_IC_stover,MF,652,455,GO:0001786,phosphatidylserine binding,2/455,11/27694,0.013429128667829292,0.3906124816859911,0.37122168033724906,Zm00001eb099120/Zm00001eb179260,2
Fst_IC_stover,MF,652,455,GO:0004420,hydroxymethylglutaryl-CoA reductase (NADPH) activity,2/455,11/27694,0.013429128667829292,0.3906124816859911,0.37122168033724906,Zm00001eb099220/Zm00001eb183790,2
Fst_IC_stover,BP,652,455,GO:0080143,regulation of amino acid export,2/455,11/27694,0.013429128667829292,0.3906124816859911,0.37122168033724906,Zm00001eb387640/Zm00001eb387670,2
Fst_IC_stover,CC,652,455,GO:0005618,cell wall,3/455,32/27694,0.015352870480041303,0.395041167351832,0.37543051700181973,Zm00001eb071660/Zm00001eb414340/Zm00001eb414450,3
Fst_IC_stover,CC,652,455,GO:0009654,photosystem II oxygen evolving complex,3/455,32/27694,0.015352870480041303,0.395041167351832,0.37543051700181973,Zm00001eb141830/Zm00001eb141840/Zm00001eb183170,3
Fst_IC_stover,MF,652,455,GO:0016762,xyloglucan:xyloglucosyl transferase activity,3/455,32/27694,0.015352870480041303,0.395041167351832,0.37543051700181973,Zm00001eb071660/Zm00001eb414340/Zm00001eb414450,3
Fst_IC_stover,BP,652,455,GO:0010411,xyloglucan metabolic process,3/455,33/27694,0.016686390140029622,0.3961723006940772,0.3765054985748134,Zm00001eb071660/Zm00001eb414340/Zm00001eb414450,3
Fst_IC_stover,BP,652,455,GO:0009414,response to water deprivation,4/455,60/27694,0.017014884982465363,0.3961723006940772,0.3765054985748134,Zm00001eb074210/Zm00001eb099120/Zm00001eb168450/Zm00001eb179260,4
Fst_IC_stover,MF,652,455,GO:0003730,mRNA 3'-UTR binding,2/455,13/27694,0.01863714228065916,0.3961723006940772,0.3765054985748134,Zm00001eb173880/Zm00001eb386170,2
Fst_IC_stover,MF,652,455,GO:0005544,calcium-dependent phospholipid binding,2/455,13/27694,0.01863714228065916,0.3961723006940772,0.3765054985748134,Zm00001eb099120/Zm00001eb179260,2
Fst_IC_stover,BP,652,455,GO:0006568,L-tryptophan metabolic process,2/455,13/27694,0.01863714228065916,0.3961723006940772,0.3765054985748134,Zm00001eb203980/Zm00001eb414460,2
Fst_IC_stover,MF,652,455,GO:0016491,oxidoreductase activity,39/455,1681/27694,0.019299993341850022,0.3961723006940772,0.3765054985748134,Zm00001eb020560/Zm00001eb020570/Zm00001eb020590/Zm00001eb040180/Zm00001eb074100/Zm00001eb074140/Zm00001eb074170/Zm00001eb091200/Zm00001eb111400/Zm00001eb151430/Zm00001eb168550/Zm00001eb173900/Zm00001eb176470/Zm00001eb178510/Zm00001eb179100/Zm00001eb183760/Zm00001eb183790/Zm00001eb201250/Zm00001eb225160/Zm00001eb332380/Zm00001eb335380/Zm00001eb354680/Zm00001eb354690/Zm00001eb354700/Zm00001eb369750/Zm00001eb384900/Zm00001eb384930/Zm00001eb384940/Zm00001eb385010/Zm00001eb385730/Zm00001eb386200/Zm00001eb387160/Zm00001eb396380/Zm00001eb397180/Zm00001eb404870/Zm00001eb409690/Zm00001eb409700/Zm00001eb417240/Zm00001eb424940,39
Fst_IC_stover,MF,652,455,GO:0008107,galactoside 2-alpha-L-fucosyltransferase activity,3/455,35/27694,0.01954213142437152,0.3961723006940772,0.3765054985748134,Zm00001eb373230/Zm00001eb373250/Zm00001eb373260,3
Fst_IC_stover,MF,652,455,GO:0016717,"oxidoreductase activity, acting on paired donors, with oxidation of a pair of donors resulting in the reduction of molecular oxygen to two molecules of water",2/455,14/27694,0.02150977253711318,0.41114393792367765,0.3907339131553793,Zm00001eb409690/Zm00001eb409700,2
Fst_IC_stover,MF,652,455,GO:0042834,peptidoglycan binding,2/455,14/27694,0.02150977253711318,0.41114393792367765,0.3907339131553793,Zm00001eb176280/Zm00001eb381180,2
Fst_IC_stover,BP,652,455,GO:0044042,glucan metabolic process,3/455,38/27694,0.024299392597666735,0.42155992184946844,0.4006328263662638,Zm00001eb071660/Zm00001eb414340/Zm00001eb414450,3
Fst_IC_stover,BP,652,455,GO:0036211,protein modification process,2/455,15/27694,0.02455274568043967,0.42155992184946844,0.4006328263662638,Zm00001eb176270/Zm00001eb404860,2
Fst_IC_stover,BP,652,455,GO:0042128,nitrate assimilation,2/455,15/27694,0.02455274568043967,0.42155992184946844,0.4006328263662638,Zm00001eb162310/Zm00001eb176470,2
Fst_IC_stover,BP,652,455,GO:0045893,positive regulation of DNA-templated transcription,9/455,257/27694,0.026976121023706657,0.42155992184946844,0.4006328263662638,Zm00001eb074070/Zm00001eb098960/Zm00001eb156320/Zm00001eb179000/Zm00001eb201290/Zm00001eb355150/Zm00001eb369160/Zm00001eb373300/Zm00001eb396390,9
Fst_IC_stover,BP,652,455,GO:0006102,isocitrate metabolic process,2/455,17/27694,0.031124495025814044,0.42155992184946844,0.4006328263662638,Zm00001eb183760/Zm00001eb424940,2
Fst_IC_stover,BP,652,455,GO:0009767,photosynthetic electron transport chain,2/455,17/27694,0.031124495025814044,0.42155992184946844,0.4006328263662638,Zm00001eb168450/Zm00001eb183170,2
Fst_IC_stover,CC,652,455,GO:0032580,Golgi cisterna membrane,3/455,44/27694,0.03551396202028374,0.42155992184946844,0.4006328263662638,Zm00001eb373230/Zm00001eb373250/Zm00001eb373260,3
Fst_IC_stover,BP,652,455,GO:0006879,intracellular iron ion homeostasis,3/455,45/27694,0.03760098923150855,0.42155992184946844,0.4006328263662638,Zm00001eb091680/Zm00001eb091690/Zm00001eb404870,3
Fst_IC_stover,MF,652,455,GO:0016207,4-coumarate-CoA ligase activity,3/455,46/27694,0.03974938229998715,0.42155992184946844,0.4006328263662638,Zm00001eb002700/Zm00001eb002720/Zm00001eb178360,3
Fst_IC_stover,BP,652,455,GO:0006417,regulation of translation,4/455,79/27694,0.04124694005768984,0.42155992184946844,0.4006328263662638,Zm00001eb098710/Zm00001eb150960/Zm00001eb386170/Zm00001eb425580,4
Fst_IC_stover,MF,652,455,GO:0005381,iron ion transmembrane transporter activity,2/455,20/27694,0.04210620237728788,0.42155992184946844,0.4006328263662638,Zm00001eb099150/Zm00001eb099160,2
Fst_IC_stover,MF,652,455,GO:0008143,poly(A) binding,2/455,20/27694,0.04210620237728788,0.42155992184946844,0.4006328263662638,Zm00001eb173880/Zm00001eb386170,2
Fst_IC_stover,CC,652,455,GO:0009507,chloroplast,21/455,852/27694,0.04382412579804879,0.42155992184946844,0.4006328263662638,Zm00001eb023740/Zm00001eb074060/Zm00001eb094620/Zm00001eb138350/Zm00001eb150880/Zm00001eb168450/Zm00001eb176260/Zm00001eb182780/Zm00001eb183160/Zm00001eb183170/Zm00001eb183770/Zm00001eb206700/Zm00001eb225380/Zm00001eb332380/Zm00001eb335180/Zm00001eb369170/Zm00001eb397170/Zm00001eb397180/Zm00001eb404870/Zm00001eb415410/Zm00001eb415420,21
Fst_IC_stover,MF,652,455,GO:0005198,structural molecule activity,3/455,48/27694,0.04422850520396083,0.42155992184946844,0.4006328263662638,Zm00001eb091670/Zm00001eb201220/Zm00001eb404830,3
Fst_IC_stover,MF,652,455,GO:0003700,DNA-binding transcription factor activity,33/455,1476/27694,0.046031631172159936,0.42155992184946844,0.4006328263662638,Zm00001eb020610/Zm00001eb020640/Zm00001eb020650/Zm00001eb086370/Zm00001eb098960/Zm00001eb099390/Zm00001eb103000/Zm00001eb115950/Zm00001eb125520/Zm00001eb150840/Zm00001eb174990/Zm00001eb178050/Zm00001eb179000/Zm00001eb187190/Zm00001eb202260/Zm00001eb206730/Zm00001eb206760/Zm00001eb332400/Zm00001eb367920/Zm00001eb367990/Zm00001eb369160/Zm00001eb369190/Zm00001eb369280/Zm00001eb373300/Zm00001eb373370/Zm00001eb374830/Zm00001eb387470/Zm00001eb387490/Zm00001eb411130/Zm00001eb415680/Zm00001eb417570/Zm00001eb425590/Zm00001eb426280,33
Fst_IC_stover,BP,652,455,GO:0030026,intracellular manganese ion homeostasis,2/455,21/27694,0.046043487174555454,0.42155992184946844,0.4006328263662638,Zm00001eb099150/Zm00001eb099160,2
Fst_IC_stover,MF,652,455,GO:0004425,indole-3-glycerol-phosphate synthase activity,1/455,3/27694,0.04848502078494055,0.42155992184946844,0.4006328263662638,Zm00001eb414460,1
Fst_IC_stover,BP,652,455,GO:0006114,glycerol biosynthetic process,1/455,3/27694,0.04848502078494055,0.42155992184946844,0.4006328263662638,Zm00001eb414640,1
Fst_IC_stover,BP,652,455,GO:0006654,phosphatidic acid biosynthetic process,1/455,3/27694,0.04848502078494055,0.42155992184946844,0.4006328263662638,Zm00001eb102970,1
Fst_IC_stover,BP,652,455,GO:0009825,multidimensional cell growth,1/455,3/27694,0.04848502078494055,0.42155992184946844,0.4006328263662638,Zm00001eb367960,1
Fst_IC_stover,BP,652,455,GO:0010029,regulation of seed germination,1/455,3/27694,0.04848502078494055,0.42155992184946844,0.4006328263662638,Zm00001eb178990,1
Fst_IC_stover,BP,652,455,GO:0010265,SCF complex assembly,1/455,3/27694,0.04848502078494055,0.42155992184946844,0.4006328263662638,Zm00001eb178910,1
Fst_IC_stover,MF,652,455,GO:0015217,ADP transmembrane transporter activity,1/455,3/27694,0.04848502078494055,0.42155992184946844,0.4006328263662638,Zm00001eb287340,1
Fst_IC_stover,BP,652,455,GO:0016139,glycoside catabolic process,1/455,3/27694,0.04848502078494055,0.42155992184946844,0.4006328263662638,Zm00001eb074120,1
Fst_IC_stover,BP,652,455,GO:0042351,'de novo' GDP-L-fucose biosynthetic process,1/455,3/27694,0.04848502078494055,0.42155992184946844,0.4006328263662638,Zm00001eb270090,1
Fst_IC_stover,MF,652,455,GO:0042736,NADH kinase activity,1/455,3/27694,0.04848502078494055,0.42155992184946844,0.4006328263662638,Zm00001eb098430,1
Fst_IC_stover,MF,652,455,GO:0043136,glycerol-3-phosphatase activity,1/455,3/27694,0.04848502078494055,0.42155992184946844,0.4006328263662638,Zm00001eb414640,1
Fst_IC_stover,BP,652,455,GO:0048354,mucilage biosynthetic process involved in seed coat development,1/455,3/27694,0.04848502078494055,0.42155992184946844,0.4006328263662638,Zm00001eb367960,1
Fst_IC_stover,MF,652,455,GO:0070063,RNA polymerase binding,1/455,3/27694,0.04848502078494055,0.42155992184946844,0.4006328263662638,Zm00001eb162920,1
Fst_IC_stover,CC,652,455,GO:0090404,pollen tube tip,1/455,3/27694,0.04848502078494055,0.42155992184946844,0.4006328263662638,Zm00001eb352680,1
Fst_IC_stover,BP,652,455,GO:0000162,L-tryptophan biosynthetic process,2/455,22/27694,0.050109961239192626,0.42155992184946844,0.4006328263662638,Zm00001eb203980/Zm00001eb414460,2
Fst_IC_stover,MF,652,455,GO:0071949,FAD binding,4/455,86/27694,0.053407322836616984,0.42155992184946844,0.4006328263662638,Zm00001eb173900/Zm00001eb384900/Zm00001eb384930/Zm00001eb384940,4
Fst_IC_stover,CC,652,455,GO:0009705,plant-type vacuole membrane,3/455,53/27694,0.05646571285026387,0.42155992184946844,0.4006328263662638,Zm00001eb162310/Zm00001eb422120/Zm00001eb425560,3
Fst_IC_stover,BP,652,455,GO:0000302,response to reactive oxygen species,2/455,24/27694,0.05860946663449547,0.42155992184946844,0.4006328263662638,Zm00001eb369170/Zm00001eb397180,2
Fst_IC_stover,BP,652,455,GO:0045292,"mRNA cis splicing, via spliceosome",2/455,24/27694,0.05860946663449547,0.42155992184946844,0.4006328263662638,Zm00001eb162920/Zm00001eb173350,2
Fst_IC_stover,BP,652,455,GO:0048193,Golgi vesicle transport,2/455,25/27694,0.06303233506013754,0.42155992184946844,0.4006328263662638,Zm00001eb215280/Zm00001eb414700,2
Fst_IC_stover,MF,652,455,GO:0003830,"beta-1,4-mannosylglycoprotein 4-beta-N-acetylglucosaminyltransferase activity",1/455,4/27694,0.0641196788161732,0.42155992184946844,0.4006328263662638,Zm00001eb183710,1
Fst_IC_stover,MF,652,455,GO:0003935,GTP cyclohydrolase II activity,1/455,4/27694,0.0641196788161732,0.42155992184946844,0.4006328263662638,Zm00001eb182780,1
Fst_IC_stover,MF,652,455,GO:0004322,ferroxidase activity,1/455,4/27694,0.0641196788161732,0.42155992184946844,0.4006328263662638,Zm00001eb404870,1
Fst_IC_stover,MF,652,455,GO:0004560,alpha-L-fucosidase activity,1/455,4/27694,0.0641196788161732,0.42155992184946844,0.4006328263662638,Zm00001eb074120,1
Fst_IC_stover,MF,652,455,GO:0005366,myo-inositol:proton symporter activity,1/455,4/27694,0.0641196788161732,0.42155992184946844,0.4006328263662638,Zm00001eb425560,1
Fst_IC_stover,MF,652,455,GO:0008686,"3,4-dihydroxy-2-butanone-4-phosphate synthase activity",1/455,4/27694,0.0641196788161732,0.42155992184946844,0.4006328263662638,Zm00001eb182780,1
Fst_IC_stover,BP,652,455,GO:0010109,regulation of photosynthesis,1/455,4/27694,0.0641196788161732,0.42155992184946844,0.4006328263662638,Zm00001eb168450,1
Fst_IC_stover,BP,652,455,GO:0015798,myo-inositol transport,1/455,4/27694,0.0641196788161732,0.42155992184946844,0.4006328263662638,Zm00001eb425560,1
Fst_IC_stover,MF,652,455,GO:0015928,fucosidase activity,1/455,4/27694,0.0641196788161732,0.42155992184946844,0.4006328263662638,Zm00001eb074120,1
Fst_IC_stover,MF,652,455,GO:0030627,pre-mRNA 5'-splice site binding,1/455,4/27694,0.0641196788161732,0.42155992184946844,0.4006328263662638,Zm00001eb203990,1
Fst_IC_stover,MF,652,455,GO:0031559,oxidosqualene cyclase activity,1/455,4/27694,0.0641196788161732,0.42155992184946844,0.4006328263662638,Zm00001eb336340,1
Fst_IC_stover,MF,652,455,GO:0032051,clathrin light chain binding,1/455,4/27694,0.0641196788161732,0.42155992184946844,0.4006328263662638,Zm00001eb404830,1
Fst_IC_stover,BP,652,455,GO:0033539,fatty acid beta-oxidation using acyl-CoA dehydrogenase,1/455,4/27694,0.0641196788161732,0.42155992184946844,0.4006328263662638,Zm00001eb111400,1
Fst_IC_stover,CC,652,455,GO:0071439,clathrin complex,1/455,4/27694,0.0641196788161732,0.42155992184946844,0.4006328263662638,Zm00001eb404830,1
Fst_IC_stover,BP,652,455,GO:2000070,regulation of response to water deprivation,1/455,4/27694,0.0641196788161732,0.42155992184946844,0.4006328263662638,Zm00001eb201260,1
Fst_IC_stover,MF,652,455,GO:0004185,serine-type carboxypeptidase activity,3/455,56/27694,0.0644966051132309,0.42155992184946844,0.4006328263662638,Zm00001eb096780/Zm00001eb168520/Zm00001eb411170,3
Fst_IC_stover,MF,652,455,GO:0000287,magnesium ion binding,6/455,172/27694,0.06518749503831577,0.42155992184946844,0.4006328263662638,Zm00001eb168480/Zm00001eb415070/Zm00001eb415080/Zm00001eb415090/Zm00001eb415130/Zm00001eb415420,6
Fst_IC_stover,MF,652,455,GO:0004180,carboxypeptidase activity,3/455,57/27694,0.06728426210672592,0.42155992184946844,0.4006328263662638,Zm00001eb096780/Zm00001eb168520/Zm00001eb411170,3
Fst_IC_stover,BP,652,455,GO:0009698,phenylpropanoid metabolic process,3/455,57/27694,0.06728426210672592,0.42155992184946844,0.4006328263662638,Zm00001eb002700/Zm00001eb002720/Zm00001eb178360,3
Fst_IC_stover,BP,652,455,GO:0007031,peroxisome organization,2/455,26/27694,0.06756406081339754,0.42155992184946844,0.4006328263662638,Zm00001eb176300/Zm00001eb287340,2
Fst_IC_stover,BP,652,455,GO:0010027,thylakoid membrane organization,2/455,26/27694,0.06756406081339754,0.42155992184946844,0.4006328263662638,Zm00001eb150880/Zm00001eb168450,2
Fst_IC_stover,BP,652,455,GO:0006508,proteolysis,17/455,694/27694,0.06787714930401643,0.42155992184946844,0.4006328263662638,Zm00001eb074080/Zm00001eb074290/Zm00001eb074300/Zm00001eb096780/Zm00001eb100260/Zm00001eb150910/Zm00001eb168510/Zm00001eb168520/Zm00001eb176480/Zm00001eb176490/Zm00001eb178000/Zm00001eb178120/Zm00001eb205610/Zm00001eb374670/Zm00001eb374810/Zm00001eb381170/Zm00001eb411170,17
Fst_IC_stover,BP,652,455,GO:0009073,aromatic amino acid family biosynthetic process,3/455,58/27694,0.07012603874738572,0.42155992184946844,0.4006328263662638,Zm00001eb203980/Zm00001eb397170/Zm00001eb414460,3
Fst_IC_stover,CC,652,455,GO:0071004,U2-type prespliceosome,2/455,27/27694,0.07219989112386352,0.42155992184946844,0.4006328263662638,Zm00001eb162920/Zm00001eb203990,2
Fst_IC_stover,CC,652,455,GO:0048046,apoplast,6/455,177/27694,0.07265730533456669,0.42155992184946844,0.4006328263662638,Zm00001eb071660/Zm00001eb074120/Zm00001eb091360/Zm00001eb332460/Zm00001eb414340/Zm00001eb414450,6
Fst_IC_stover,MF,652,455,GO:0005384,manganese ion transmembrane transporter activity,2/455,28/27694,0.07693519939706805,0.42155992184946844,0.4006328263662638,Zm00001eb099150/Zm00001eb099160,2
Fst_IC_stover,MF,652,455,GO:0005504,fatty acid binding,2/455,28/27694,0.07693519939706805,0.42155992184946844,0.4006328263662638,Zm00001eb094610/Zm00001eb372460,2
Fst_IC_stover,BP,652,455,GO:0034755,iron ion transmembrane transport,2/455,28/27694,0.07693519939706805,0.42155992184946844,0.4006328263662638,Zm00001eb099150/Zm00001eb099160,2
Fst_IC_stover,BP,652,455,GO:0000395,mRNA 5'-splice site recognition,1/455,5/27694,0.07949799395299639,0.42155992184946844,0.4006328263662638,Zm00001eb203990,1
Fst_IC_stover,MF,652,455,GO:0003951,NAD+ kinase activity,1/455,5/27694,0.07949799395299639,0.42155992184946844,0.4006328263662638,Zm00001eb098430,1
Fst_IC_stover,MF,652,455,GO:0003995,acyl-CoA dehydrogenase activity,1/455,5/27694,0.07949799395299639,0.42155992184946844,0.4006328263662638,Zm00001eb111400,1
Fst_IC_stover,MF,652,455,GO:0004839,ubiquitin activating enzyme activity,1/455,5/27694,0.07949799395299639,0.42155992184946844,0.4006328263662638,Zm00001eb404860,1
Fst_IC_stover,BP,652,455,GO:0006044,N-acetylglucosamine metabolic process,1/455,5/27694,0.07949799395299639,0.42155992184946844,0.4006328263662638,Zm00001eb183710,1
Fst_IC_stover,BP,652,455,GO:0006741,NADP+ biosynthetic process,1/455,5/27694,0.07949799395299639,0.42155992184946844,0.4006328263662638,Zm00001eb098430,1
Fst_IC_stover,BP,652,455,GO:0006898,receptor-mediated endocytosis,1/455,5/27694,0.07949799395299639,0.42155992184946844,0.4006328263662638,Zm00001eb404830,1
Fst_IC_stover,MF,652,455,GO:0008515,sucrose transmembrane transporter activity,1/455,5/27694,0.07949799395299639,0.42155992184946844,0.4006328263662638,Zm00001eb183000,1
Fst_IC_stover,MF,652,455,GO:0008940,nitrate reductase activity,1/455,5/27694,0.07949799395299639,0.42155992184946844,0.4006328263662638,Zm00001eb176470,1
Fst_IC_stover,MF,652,455,GO:0008962,phosphatidylglycerophosphatase activity,1/455,5/27694,0.07949799395299639,0.42155992184946844,0.4006328263662638,Zm00001eb150880,1
Fst_IC_stover,MF,652,455,GO:0010283,pinoresinol reductase activity,1/455,5/27694,0.07949799395299639,0.42155992184946844,0.4006328263662638,Zm00001eb102960,1
Fst_IC_stover,MF,652,455,GO:0015662,P-type ion transporter activity,1/455,5/27694,0.07949799395299639,0.42155992184946844,0.4006328263662638,Zm00001eb397320,1
Fst_IC_stover,CC,652,455,GO:0016460,myosin II complex,1/455,5/27694,0.07949799395299639,0.42155992184946844,0.4006328263662638,Zm00001eb173700,1
Fst_IC_stover,BP,652,455,GO:0030091,protein repair,1/455,5/27694,0.07949799395299639,0.42155992184946844,0.4006328263662638,Zm00001eb176270,1
Fst_IC_stover,BP,652,455,GO:0035336,long-chain fatty-acyl-CoA metabolic process,1/455,5/27694,0.07949799395299639,0.42155992184946844,0.4006328263662638,Zm00001eb201250,1
Fst_IC_stover,BP,652,455,GO:0042594,response to starvation,1/455,5/27694,0.07949799395299639,0.42155992184946844,0.4006328263662638,Zm00001eb151200,1
Fst_IC_stover,MF,652,455,GO:0050105,L-gulonolactone oxidase activity,1/455,5/27694,0.07949799395299639,0.42155992184946844,0.4006328263662638,Zm00001eb173900,1
Fst_IC_stover,MF,652,455,GO:0050464,nitrate reductase (NADPH) activity,1/455,5/27694,0.07949799395299639,0.42155992184946844,0.4006328263662638,Zm00001eb176470,1
Fst_IC_stover,BP,652,455,GO:0051091,positive regulation of DNA-binding transcription factor activity,1/455,5/27694,0.07949799395299639,0.42155992184946844,0.4006328263662638,Zm00001eb369260,1
Fst_IC_stover,BP,652,455,GO:0051606,detection of stimulus,1/455,5/27694,0.07949799395299639,0.42155992184946844,0.4006328263662638,Zm00001eb408500,1
Fst_IC_stover,MF,652,455,GO:0070139,SUMO-specific endopeptidase activity,1/455,5/27694,0.07949799395299639,0.42155992184946844,0.4006328263662638,Zm00001eb168510,1
Fst_IC_stover,MF,652,455,GO:0080019,alcohol-forming very long-chain fatty acyl-CoA reductase activity,1/455,5/27694,0.07949799395299639,0.42155992184946844,0.4006328263662638,Zm00001eb201250,1
Fst_IC_stover,BP,652,455,GO:0080183,response to photooxidative stress,1/455,5/27694,0.07949799395299639,0.42155992184946844,0.4006328263662638,Zm00001eb385230,1
Fst_IC_stover,MF,652,455,GO:0102965,alcohol-forming long-chain fatty acyl-CoA reductase activity,1/455,5/27694,0.07949799395299639,0.42155992184946844,0.4006328263662638,Zm00001eb201250,1
Fst_IC_stover,BP,652,455,GO:2000904,regulation of starch metabolic process,1/455,5/27694,0.07949799395299639,0.42155992184946844,0.4006328263662638,Zm00001eb002680,1
Fst_IC_stover,CC,652,455,GO:0030663,COPI-coated vesicle membrane,2/455,29/27694,0.08176548236651592,0.42155992184946844,0.4006328263662638,Zm00001eb091670/Zm00001eb411050,2
Fst_IC_stover,BP,652,455,GO:0071421,manganese ion transmembrane transport,2/455,29/27694,0.08176548236651592,0.42155992184946844,0.4006328263662638,Zm00001eb099150/Zm00001eb099160,2
Fst_IC_stover,BP,652,455,GO:0006865,amino acid transport,4/455,100/27694,0.08287802085745868,0.42155992184946844,0.4006328263662638,Zm00001eb173390/Zm00001eb380520/Zm00001eb387640/Zm00001eb387670,4
Fst_IC_stover,CC,652,455,GO:0030126,COPI vesicle coat,2/455,30/27694,0.08668635730490333,0.42155992184946844,0.4006328263662638,Zm00001eb091670/Zm00001eb411050,2
Fst_IC_stover,CC,652,455,GO:0009570,chloroplast stroma,5/455,144/27694,0.08944752257703578,0.42155992184946844,0.4006328263662638,Zm00001eb002680/Zm00001eb201220/Zm00001eb372460/Zm00001eb397170/Zm00001eb414780,5
Fst_IC_stover,BP,652,455,GO:0036503,ERAD pathway,3/455,65/27694,0.09146732689583013,0.42155992184946844,0.4006328263662638,Zm00001eb084590/Zm00001eb101860/Zm00001eb206740,3
Fst_IC_stover,CC,652,455,GO:0001401,SAM complex,1/455,6/27694,0.09462416003885665,0.42155992184946844,0.4006328263662638,Zm00001eb404840,1
Fst_IC_stover,BP,652,455,GO:0003006,developmental process involved in reproduction,1/455,6/27694,0.09462416003885665,0.42155992184946844,0.4006328263662638,Zm00001eb369190,1
Fst_IC_stover,BP,652,455,GO:0006624,vacuolar protein processing,1/455,6/27694,0.09462416003885665,0.42155992184946844,0.4006328263662638,Zm00001eb186920,1
Fst_IC_stover,BP,652,455,GO:0006655,phosphatidylglycerol biosynthetic process,1/455,6/27694,0.09462416003885665,0.42155992184946844,0.4006328263662638,Zm00001eb397260,1
Fst_IC_stover,BP,652,455,GO:0006809,nitric oxide biosynthetic process,1/455,6/27694,0.09462416003885665,0.42155992184946844,0.4006328263662638,Zm00001eb176470,1
Fst_IC_stover,MF,652,455,GO:0008482,sulfite oxidase activity,1/455,6/27694,0.09462416003885665,0.42155992184946844,0.4006328263662638,Zm00001eb176470,1
Fst_IC_stover,BP,652,455,GO:0010183,pollen tube guidance,1/455,6/27694,0.09462416003885665,0.42155992184946844,0.4006328263662638,Zm00001eb352680,1
Fst_IC_stover,CC,652,455,GO:0010330,cellulose synthase complex,1/455,6/27694,0.09462416003885665,0.42155992184946844,0.4006328263662638,Zm00001eb091240,1
Fst_IC_stover,BP,652,455,GO:0016255,attachment of GPI anchor to protein,1/455,6/27694,0.09462416003885665,0.42155992184946844,0.4006328263662638,Zm00001eb205610,1
Fst_IC_stover,MF,652,455,GO:0016655,"oxidoreductase activity, acting on NAD(P)H, quinone or similar compound as acceptor",1/455,6/27694,0.09462416003885665,0.42155992184946844,0.4006328263662638,Zm00001eb099410,1
Fst_IC_stover,BP,652,455,GO:0032456,endocytic recycling,1/455,6/27694,0.09462416003885665,0.42155992184946844,0.4006328263662638,Zm00001eb215280,1
Fst_IC_stover,CC,652,455,GO:0042765,GPI-anchor transamidase complex,1/455,6/27694,0.09462416003885665,0.42155992184946844,0.4006328263662638,Zm00001eb205610,1
Fst_IC_stover,MF,652,455,GO:0043546,molybdopterin cofactor binding,1/455,6/27694,0.09462416003885665,0.42155992184946844,0.4006328263662638,Zm00001eb176470,1
Fst_IC_stover,MF,652,455,GO:0050136,NADH dehydrogenase (quinone) (non-electrogenic) activity,1/455,6/27694,0.09462416003885665,0.42155992184946844,0.4006328263662638,Zm00001eb151430,1
Fst_IC_stover,MF,652,455,GO:0070042,rRNA (uridine-N3-)-methyltransferase activity,1/455,6/27694,0.09462416003885665,0.42155992184946844,0.4006328263662638,Zm00001eb017470,1
Fst_IC_stover,BP,652,455,GO:0080167,response to karrikin,1/455,6/27694,0.09462416003885665,0.42155992184946844,0.4006328263662638,Zm00001eb020660,1
Fst_IC_stover,CC,652,455,GO:0005685,U1 snRNP,2/455,32/27694,0.09678293854758484,0.42155992184946844,0.4006328263662638,Zm00001eb162920/Zm00001eb203990,2
Fst_IC_stover,MF,652,455,GO:0004842,ubiquitin-protein transferase activity,8/455,286/27694,0.1010243307990325,0.42155992184946844,0.4006328263662638,Zm00001eb101840/Zm00001eb178960/Zm00001eb178990/Zm00001eb204890/Zm00001eb380500/Zm00001eb385250/Zm00001eb404860/Zm00001eb425570,8
Fst_IC_stover,MF,652,455,GO:0031593,polyubiquitin modification-dependent protein binding,2/455,33/27694,0.1019504577996852,0.42155992184946844,0.4006328263662638,Zm00001eb206740/Zm00001eb225210,2
Fst_IC_stover,BP,652,455,GO:0006979,response to oxidative stress,6/455,196/27694,0.10528500845470919,0.42155992184946844,0.4006328263662638,Zm00001eb354680/Zm00001eb354690/Zm00001eb354700/Zm00001eb397180/Zm00001eb404870/Zm00001eb417240,6
Fst_IC_stover,BP,652,455,GO:0034220,monoatomic ion transmembrane transport,4/455,110/27694,0.10788475014474881,0.42155992184946844,0.4006328263662638,Zm00001eb074090/Zm00001eb225150/Zm00001eb369820/Zm00001eb422120,4
Fst_IC_stover,MF,652,455,GO:0000014,single-stranded DNA endodeoxyribonuclease activity,1/455,7/27694,0.10950230245370485,0.42155992184946844,0.4006328263662638,Zm00001eb125480,1
Fst_IC_stover,MF,652,455,GO:0004088,carbamoyl-phosphate synthase (glutamine-hydrolyzing) activity,1/455,7/27694,0.10950230245370485,0.42155992184946844,0.4006328263662638,Zm00001eb178070,1
Fst_IC_stover,MF,652,455,GO:0004623,phospholipase A2 activity,1/455,7/27694,0.10950230245370485,0.42155992184946844,0.4006328263662638,Zm00001eb102970,1
Fst_IC_stover,BP,652,455,GO:0006081,aldehyde metabolic process,1/455,7/27694,0.10950230245370485,0.42155992184946844,0.4006328263662638,Zm00001eb091200,1
Fst_IC_stover,MF,652,455,GO:0008271,secondary active sulfate transmembrane transporter activity,1/455,7/27694,0.10950230245370485,0.42155992184946844,0.4006328263662638,Zm00001eb008170,1
Fst_IC_stover,MF,652,455,GO:0008506,sucrose:proton symporter activity,1/455,7/27694,0.10950230245370485,0.42155992184946844,0.4006328263662638,Zm00001eb183000,1
Fst_IC_stover,BP,652,455,GO:0009807,lignan biosynthetic process,1/455,7/27694,0.10950230245370485,0.42155992184946844,0.4006328263662638,Zm00001eb102960,1
Fst_IC_stover,BP,652,455,GO:0010345,suberin biosynthetic process,1/455,7/27694,0.10950230245370485,0.42155992184946844,0.4006328263662638,Zm00001eb201250,1
Fst_IC_stover,BP,652,455,GO:0010498,proteasomal protein catabolic process,1/455,7/27694,0.10950230245370485,0.42155992184946844,0.4006328263662638,Zm00001eb206740,1
Fst_IC_stover,MF,652,455,GO:0015098,molybdate ion transmembrane transporter activity,1/455,7/27694,0.10950230245370485,0.42155992184946844,0.4006328263662638,Zm00001eb173940,1
Fst_IC_stover,BP,652,455,GO:0015689,molybdate ion transport,1/455,7/27694,0.10950230245370485,0.42155992184946844,0.4006328263662638,Zm00001eb173940,1
Fst_IC_stover,BP,652,455,GO:0015770,sucrose transport,1/455,7/27694,0.10950230245370485,0.42155992184946844,0.4006328263662638,Zm00001eb183000,1
Fst_IC_stover,MF,652,455,GO:0030619,U1 snRNA binding,1/455,7/27694,0.10950230245370485,0.42155992184946844,0.4006328263662638,Zm00001eb203990,1
Fst_IC_stover,BP,652,455,GO:0031119,tRNA pseudouridine synthesis,1/455,7/27694,0.10950230245370485,0.42155992184946844,0.4006328263662638,Zm00001eb074060,1
Fst_IC_stover,CC,652,455,GO:0031464,Cul4A-RING E3 ubiquitin ligase complex,1/455,7/27694,0.10950230245370485,0.42155992184946844,0.4006328263662638,Zm00001eb151220,1
Fst_IC_stover,BP,652,455,GO:0043335,protein unfolding,1/455,7/27694,0.10950230245370485,0.42155992184946844,0.4006328263662638,Zm00001eb176300,1
Fst_IC_stover,MF,652,455,GO:0047769,arogenate dehydratase activity,1/455,7/27694,0.10950230245370485,0.42155992184946844,0.4006328263662638,Zm00001eb397170,1
Fst_IC_stover,MF,652,455,GO:0050291,sphingosine N-acyltransferase activity,1/455,7/27694,0.10950230245370485,0.42155992184946844,0.4006328263662638,Zm00001eb098730,1
Fst_IC_stover,BP,652,455,GO:0050982,detection of mechanical stimulus,1/455,7/27694,0.10950230245370485,0.42155992184946844,0.4006328263662638,Zm00001eb074090,1
Fst_IC_stover,BP,652,455,GO:0070125,mitochondrial translational elongation,1/455,7/27694,0.10950230245370485,0.42155992184946844,0.4006328263662638,Zm00001eb183770,1
Fst_IC_stover,BP,652,455,GO:0006468,protein phosphorylation,31/455,1495/27694,0.10957663746759261,0.42155992184946844,0.4006328263662638,Zm00001eb017510/Zm00001eb071720/Zm00001eb074190/Zm00001eb074200/Zm00001eb098860/Zm00001eb101850/Zm00001eb138310/Zm00001eb168450/Zm00001eb177830/Zm00001eb178410/Zm00001eb182640/Zm00001eb184650/Zm00001eb184730/Zm00001eb184750/Zm00001eb189060/Zm00001eb202220/Zm00001eb225170/Zm00001eb280870/Zm00001eb287350/Zm00001eb352680/Zm00001eb352690/Zm00001eb369270/Zm00001eb369770/Zm00001eb384830/Zm00001eb385250/Zm00001eb386180/Zm00001eb387440/Zm00001eb397190/Zm00001eb407340/Zm00001eb408490/Zm00001eb414790,31
Fst_IC_stover,BP,652,455,GO:0008654,phospholipid biosynthetic process,3/455,71/27694,0.11162414420483982,0.42155992184946844,0.4006328263662638,Zm00001eb102970/Zm00001eb397260/Zm00001eb408420,3
Fst_IC_stover,BP,652,455,GO:0006950,response to stress,7/455,246/27694,0.11239575323451866,0.42155992184946844,0.4006328263662638,Zm00001eb099120/Zm00001eb179260/Zm00001eb280870/Zm00001eb354680/Zm00001eb354700/Zm00001eb396390/Zm00001eb417240,7
Fst_IC_stover,BP,652,455,GO:0006506,GPI anchor biosynthetic process,2/455,36/27694,0.11788311715164379,0.42155992184946844,0.4006328263662638,Zm00001eb205610/Zm00001eb354300,2
Fst_IC_stover,CC,652,455,GO:0009505,plant-type cell wall,6/455,203/27694,0.11894393840567338,0.42155992184946844,0.4006328263662638,Zm00001eb071660/Zm00001eb354680/Zm00001eb354700/Zm00001eb414340/Zm00001eb414450/Zm00001eb417240,6
Fst_IC_stover,BP,652,455,GO:0035556,intracellular signal transduction,5/455,159/27694,0.12210233380627852,0.42155992184946844,0.4006328263662638,Zm00001eb151400/Zm00001eb202220/Zm00001eb369270/Zm00001eb397190/Zm00001eb405670,5
Fst_IC_stover,CC,652,455,GO:0005778,peroxisomal membrane,2/455,37/27694,0.1233249854406018,0.42155992184946844,0.4006328263662638,Zm00001eb176300/Zm00001eb287340,2
Fst_IC_stover,CC,652,455,GO:0000938,GARP complex,1/455,8/27694,0.12413647922921567,0.42155992184946844,0.4006328263662638,Zm00001eb215280,1
Fst_IC_stover,MF,652,455,GO:0003954,NADH dehydrogenase activity,1/455,8/27694,0.12413647922921567,0.42155992184946844,0.4006328263662638,Zm00001eb151430,1
Fst_IC_stover,MF,652,455,GO:0004022,alcohol dehydrogenase (NAD+) activity,1/455,8/27694,0.12413647922921567,0.42155992184946844,0.4006328263662638,Zm00001eb168550,1
Fst_IC_stover,MF,652,455,GO:0004143,ATP-dependent diacylglycerol kinase activity,1/455,8/27694,0.12413647922921567,0.42155992184946844,0.4006328263662638,Zm00001eb151400,1
Fst_IC_stover,MF,652,455,GO:0004664,prephenate dehydratase activity,1/455,8/27694,0.12413647922921567,0.42155992184946844,0.4006328263662638,Zm00001eb397170,1
Fst_IC_stover,BP,652,455,GO:0006308,DNA catabolic process,1/455,8/27694,0.12413647922921567,0.42155992184946844,0.4006328263662638,Zm00001eb125480,1
Fst_IC_stover,BP,652,455,GO:0006541,glutamine metabolic process,1/455,8/27694,0.12413647922921567,0.42155992184946844,0.4006328263662638,Zm00001eb178070,1
Fst_IC_stover,BP,652,455,GO:0007200,phospholipase C-activating G protein-coupled receptor signaling pathway,1/455,8/27694,0.12413647922921567,0.42155992184946844,0.4006328263662638,Zm00001eb151400,1
Fst_IC_stover,MF,652,455,GO:0008381,mechanosensitive monoatomic ion channel activity,1/455,8/27694,0.12413647922921567,0.42155992184946844,0.4006328263662638,Zm00001eb074090,1
Fst_IC_stover,BP,652,455,GO:0009094,L-phenylalanine biosynthetic process,1/455,8/27694,0.12413647922921567,0.42155992184946844,0.4006328263662638,Zm00001eb397170,1
Fst_IC_stover,CC,652,455,GO:0009360,DNA polymerase III complex,1/455,8/27694,0.12413647922921567,0.42155992184946844,0.4006328263662638,Zm00001eb411140,1
Fst_IC_stover,BP,652,455,GO:0015866,ADP transport,1/455,8/27694,0.12413647922921567,0.42155992184946844,0.4006328263662638,Zm00001eb287340,1
Fst_IC_stover,CC,652,455,GO:0030130,clathrin coat of trans-Golgi network vesicle,1/455,8/27694,0.12413647922921567,0.42155992184946844,0.4006328263662638,Zm00001eb404830,1
Fst_IC_stover,CC,652,455,GO:0030132,clathrin coat of coated pit,1/455,8/27694,0.12413647922921567,0.42155992184946844,0.4006328263662638,Zm00001eb404830,1
Fst_IC_stover,BP,652,455,GO:0033481,galacturonate biosynthetic process,1/455,8/27694,0.12413647922921567,0.42155992184946844,0.4006328263662638,Zm00001eb287360,1
Fst_IC_stover,MF,652,455,GO:0051903,S-(hydroxymethyl)glutathione dehydrogenase [NAD(P)+] activity,1/455,8/27694,0.12413647922921567,0.42155992184946844,0.4006328263662638,Zm00001eb168550,1
Fst_IC_stover,BP,652,455,GO:0055088,lipid homeostasis,1/455,8/27694,0.12413647922921567,0.42155992184946844,0.4006328263662638,Zm00001eb102970,1
Fst_IC_stover,MF,652,455,GO:0102726,DIMBOA glucoside beta-D-glucosidase activity,1/455,8/27694,0.12413647922921567,0.42155992184946844,0.4006328263662638,Zm00001eb138350,1
Fst_IC_stover,BP,652,455,GO:1901701,cellular response to oxygen-containing compound,1/455,8/27694,0.12413647922921567,0.42155992184946844,0.4006328263662638,Zm00001eb225150,1
Fst_IC_stover,MF,652,455,GO:0016747,"acyltransferase activity, transferring groups other than amino-acyl groups",7/455,253/27694,0.12495369500430303,0.4221920300902966,0.40123355546304645,Zm00001eb096780/Zm00001eb162960/Zm00001eb176400/Zm00001eb183070/Zm00001eb206720/Zm00001eb387170/Zm00001eb411170,7
Fst_IC_stover,MF,652,455,GO:0008233,peptidase activity,14/455,605/27694,0.12694166555188344,0.426753639468392,0.4055687172353219,Zm00001eb074080/Zm00001eb074290/Zm00001eb096780/Zm00001eb168510/Zm00001eb168520/Zm00001eb176480/Zm00001eb176490/Zm00001eb178000/Zm00001eb178120/Zm00001eb205610/Zm00001eb374670/Zm00001eb374810/Zm00001eb381170/Zm00001eb411170,14
Fst_IC_stover,MF,652,455,GO:0004519,endonuclease activity,3/455,77/27694,0.13329805531650948,0.4392276130596786,0.41742345730162206,Zm00001eb091650/Zm00001eb125480/Zm00001eb369790,3
Fst_IC_stover,BP,652,455,GO:0009969,xyloglucan biosynthetic process,2/455,39/27694,0.13438396846106176,0.4392276130596786,0.41742345730162206,Zm00001eb373230/Zm00001eb373260,2
Fst_IC_stover,MF,652,455,GO:0016874,ligase activity,9/455,356/27694,0.13443680908250802,0.4392276130596786,0.41742345730162206,Zm00001eb002700/Zm00001eb002720/Zm00001eb098850/Zm00001eb178360/Zm00001eb178960/Zm00001eb352750/Zm00001eb380500/Zm00001eb404860/Zm00001eb425570,9
Fst_IC_stover,MF,652,455,GO:0004512,inositol-3-phosphate synthase activity,1/455,9/27694,0.13853068214587771,0.4392276130596786,0.41742345730162206,Zm00001eb408420,1
Fst_IC_stover,BP,652,455,GO:0008285,negative regulation of cell population proliferation,1/455,9/27694,0.13853068214587771,0.4392276130596786,0.41742345730162206,Zm00001eb367930,1
Fst_IC_stover,BP,652,455,GO:0009556,microsporogenesis,1/455,9/27694,0.13853068214587771,0.4392276130596786,0.41742345730162206,Zm00001eb280900,1
Fst_IC_stover,BP,652,455,GO:0009627,systemic acquired resistance,1/455,9/27694,0.13853068214587771,0.4392276130596786,0.41742345730162206,Zm00001eb094610,1
Fst_IC_stover,BP,652,455,GO:0009648,photoperiodism,1/455,9/27694,0.13853068214587771,0.4392276130596786,0.41742345730162206,Zm00001eb369170,1
Fst_IC_stover,BP,652,455,GO:0016558,protein import into peroxisome matrix,1/455,9/27694,0.13853068214587771,0.4392276130596786,0.41742345730162206,Zm00001eb176300,1
Fst_IC_stover,CC,652,455,GO:0034098,VCP-NPL4-UFD1 AAA ATPase complex,1/455,9/27694,0.13853068214587771,0.4392276130596786,0.41742345730162206,Zm00001eb206740,1
Fst_IC_stover,BP,652,455,GO:0045040,protein insertion into mitochondrial outer membrane,1/455,9/27694,0.13853068214587771,0.4392276130596786,0.41742345730162206,Zm00001eb404840,1
Fst_IC_stover,CC,652,455,GO:0070772,PAS complex,1/455,9/27694,0.13853068214587771,0.4392276130596786,0.41742345730162206,Zm00001eb125500,1
Fst_IC_stover,MF,652,455,GO:0004672,protein kinase activity,31/455,1536/27694,0.13926693815471464,0.43947915861086834,0.4176625156179129,Zm00001eb017510/Zm00001eb071720/Zm00001eb074190/Zm00001eb074200/Zm00001eb098860/Zm00001eb101850/Zm00001eb138310/Zm00001eb168450/Zm00001eb177830/Zm00001eb178410/Zm00001eb182640/Zm00001eb184650/Zm00001eb184730/Zm00001eb184750/Zm00001eb189060/Zm00001eb202220/Zm00001eb225170/Zm00001eb280870/Zm00001eb287350/Zm00001eb352680/Zm00001eb352690/Zm00001eb369270/Zm00001eb369770/Zm00001eb384830/Zm00001eb385250/Zm00001eb386180/Zm00001eb387440/Zm00001eb397190/Zm00001eb407340/Zm00001eb408490/Zm00001eb414790,31
Fst_IC_stover,MF,652,455,GO:0038023,signaling receptor activity,3/455,79/27694,0.14082531850287647,0.442310507410443,0.4203533104805406,Zm00001eb184650/Zm00001eb184750/Zm00001eb225150,3
Fst_IC_stover,BP,652,455,GO:0042744,hydrogen peroxide catabolic process,5/455,169/27694,0.14653973950106028,0.4499948568123262,0.4276561930841713,Zm00001eb354680/Zm00001eb354690/Zm00001eb354700/Zm00001eb397180/Zm00001eb417240,5
Fst_IC_stover,CC,652,455,GO:0031410,cytoplasmic vesicle,4/455,124/27694,0.14778230452027932,0.4499948568123262,0.4276561930841713,Zm00001eb091670/Zm00001eb367970/Zm00001eb404830/Zm00001eb411050,4
Fst_IC_stover,MF,652,455,GO:0004190,aspartic-type endopeptidase activity,4/455,125/27694,0.1508270601219735,0.4499948568123262,0.4276561930841713,Zm00001eb176480/Zm00001eb176490/Zm00001eb178000/Zm00001eb381170,4
Fst_IC_stover,MF,652,455,GO:0003713,transcription coactivator activity,2/455,42/27694,0.15136076832449374,0.4499948568123262,0.4276561930841713,Zm00001eb074070/Zm00001eb156320,2
Fst_IC_stover,MF,652,455,GO:0004535,poly(A)-specific ribonuclease activity,2/455,42/27694,0.15136076832449374,0.4499948568123262,0.4276561930841713,Zm00001eb183040/Zm00001eb183050,2
Fst_IC_stover,BP,652,455,GO:0005982,starch metabolic process,1/455,10/27694,0.15268883781225417,0.4499948568123262,0.4276561930841713,Zm00001eb002680,1
Fst_IC_stover,BP,652,455,GO:0015867,ATP transport,1/455,10/27694,0.15268883781225417,0.4499948568123262,0.4276561930841713,Zm00001eb287340,1
Fst_IC_stover,MF,652,455,GO:0016818,"hydrolase activity, acting on acid anhydrides, in phosphorus-containing anhydrides",1/455,10/27694,0.15268883781225417,0.4499948568123262,0.4276561930841713,Zm00001eb176980,1
Fst_IC_stover,MF,652,455,GO:0033907,beta-D-fucosidase activity,1/455,10/27694,0.15268883781225417,0.4499948568123262,0.4276561930841713,Zm00001eb225390,1
Fst_IC_stover,MF,652,455,GO:0035312,5'-3' DNA exonuclease activity,1/455,10/27694,0.15268883781225417,0.4499948568123262,0.4276561930841713,Zm00001eb369790,1
Fst_IC_stover,BP,652,455,GO:0042773,ATP synthesis coupled electron transport,1/455,10/27694,0.15268883781225417,0.4499948568123262,0.4276561930841713,Zm00001eb384490,1
Fst_IC_stover,BP,652,455,GO:0044205,'de novo' UMP biosynthetic process,1/455,10/27694,0.15268883781225417,0.4499948568123262,0.4276561930841713,Zm00001eb178070,1
Fst_IC_stover,BP,652,455,GO:0051014,actin filament severing,1/455,10/27694,0.15268883781225417,0.4499948568123262,0.4276561930841713,Zm00001eb071670,1
Fst_IC_stover,MF,652,455,GO:0052381,tRNA dimethylallyltransferase activity,1/455,10/27694,0.15268883781225417,0.4499948568123262,0.4276561930841713,Zm00001eb156350,1
Fst_IC_stover,MF,652,455,GO:0016788,"hydrolase activity, acting on ester bonds",5/455,172/27694,0.1542510797481538,0.4505424028182802,0.4281765577881225,Zm00001eb074050/Zm00001eb125480/Zm00001eb225370/Zm00001eb271160/Zm00001eb354300,5
Fst_IC_stover,BP,652,455,GO:0016567,protein ubiquitination,11/455,472/27694,0.15699153634505075,0.4505424028182802,0.4281765577881225,Zm00001eb101840/Zm00001eb111410/Zm00001eb141820/Zm00001eb178910/Zm00001eb178990/Zm00001eb204890/Zm00001eb380500/Zm00001eb385250/Zm00001eb389910/Zm00001eb404860/Zm00001eb425570,11
Fst_IC_stover,CC,652,455,GO:0005839,proteasome core complex,2/455,43/27694,0.15711062569655168,0.4505424028182802,0.4281765577881225,Zm00001eb369210/Zm00001eb387100,2
Fst_IC_stover,CC,652,455,GO:0005886,plasma membrane,36/455,1844/27694,0.1614788139196058,0.4505424028182802,0.4281765577881225,Zm00001eb008170/Zm00001eb020540/Zm00001eb074090/Zm00001eb074210/Zm00001eb098860/Zm00001eb099120/Zm00001eb101850/Zm00001eb138310/Zm00001eb173390/Zm00001eb176280/Zm00001eb177830/Zm00001eb179260/Zm00001eb183000/Zm00001eb184650/Zm00001eb184720/Zm00001eb184730/Zm00001eb184750/Zm00001eb189060/Zm00001eb225150/Zm00001eb280870/Zm00001eb280890/Zm00001eb352680/Zm00001eb355170/Zm00001eb367930/Zm00001eb367960/Zm00001eb367970/Zm00001eb369770/Zm00001eb373380/Zm00001eb374840/Zm00001eb380440/Zm00001eb381180/Zm00001eb386180/Zm00001eb408490/Zm00001eb408500/Zm00001eb414790/Zm00001eb422110,36
Fst_IC_stover,MF,652,455,GO:0005347,ATP transmembrane transporter activity,1/455,11/27694,0.16661480872669654,0.4505424028182802,0.4281765577881225,Zm00001eb287340,1
Fst_IC_stover,BP,652,455,GO:0006021,inositol biosynthetic process,1/455,11/27694,0.16661480872669654,0.4505424028182802,0.4281765577881225,Zm00001eb408420,1
Fst_IC_stover,BP,652,455,GO:0006661,phosphatidylinositol biosynthetic process,1/455,11/27694,0.16661480872669654,0.4505424028182802,0.4281765577881225,Zm00001eb125500,1
Fst_IC_stover,BP,652,455,GO:0006790,sulfur compound metabolic process,1/455,11/27694,0.16661480872669654,0.4505424028182802,0.4281765577881225,Zm00001eb176470,1
Fst_IC_stover,MF,652,455,GO:0008199,ferric iron binding,1/455,11/27694,0.16661480872669654,0.4505424028182802,0.4281765577881225,Zm00001eb404870,1
Fst_IC_stover,BP,652,455,GO:0008356,asymmetric cell division,1/455,11/27694,0.16661480872669654,0.4505424028182802,0.4281765577881225,Zm00001eb374680,1
Fst_IC_stover,MF,652,455,GO:0016872,intramolecular lyase activity,1/455,11/27694,0.16661480872669654,0.4505424028182802,0.4281765577881225,Zm00001eb372470,1
Fst_IC_stover,BP,652,455,GO:0017183,protein histidyl modification to diphthamide,1/455,11/27694,0.16661480872669654,0.4505424028182802,0.4281765577881225,Zm00001eb426250,1
Fst_IC_stover,BP,652,455,GO:0019288,"isopentenyl diphosphate biosynthetic process, methylerythritol 4-phosphate pathway",1/455,11/27694,0.16661480872669654,0.4505424028182802,0.4281765577881225,Zm00001eb145390,1
Fst_IC_stover,BP,652,455,GO:0046294,formaldehyde catabolic process,1/455,11/27694,0.16661480872669654,0.4505424028182802,0.4281765577881225,Zm00001eb168550,1
Fst_IC_stover,MF,652,455,GO:0047259,glucomannan 4-beta-mannosyltransferase activity,1/455,11/27694,0.16661480872669654,0.4505424028182802,0.4281765577881225,Zm00001eb179710,1
Fst_IC_stover,MF,652,455,GO:0050378,UDP-glucuronate 4-epimerase activity,1/455,11/27694,0.16661480872669654,0.4505424028182802,0.4281765577881225,Zm00001eb287360,1
Fst_IC_stover,MF,652,455,GO:0043565,sequence-specific DNA binding,12/455,531/27694,0.1673300815659878,0.4505424028182802,0.4281765577881225,Zm00001eb086370/Zm00001eb098960/Zm00001eb115950/Zm00001eb125520/Zm00001eb174990/Zm00001eb179000/Zm00001eb206730/Zm00001eb367920/Zm00001eb369280/Zm00001eb396390/Zm00001eb417570/Zm00001eb426280,12
Fst_IC_stover,MF,652,455,GO:0008422,beta-glucosidase activity,2/455,45/27694,0.16872884784158373,0.4505424028182802,0.4281765577881225,Zm00001eb138350/Zm00001eb225390,2
Fst_IC_stover,BP,652,455,GO:0009408,response to heat,3/455,87/27694,0.1722486010675304,0.4505424028182802,0.4281765577881225,Zm00001eb099120/Zm00001eb179260/Zm00001eb225360,3
Fst_IC_stover,MF,652,455,GO:0004675,transmembrane receptor protein serine/threonine kinase activity,2/455,46/27694,0.17459155082074718,0.4505424028182802,0.4281765577881225,Zm00001eb380440/Zm00001eb414790,2
Fst_IC_stover,BP,652,455,GO:0007178,cell surface receptor protein serine/threonine kinase signaling pathway,2/455,46/27694,0.17459155082074718,0.4505424028182802,0.4281765577881225,Zm00001eb380440/Zm00001eb414790,2
Fst_IC_stover,BP,652,455,GO:0009699,phenylpropanoid biosynthetic process,2/455,46/27694,0.17459155082074718,0.4505424028182802,0.4281765577881225,Zm00001eb091360/Zm00001eb100260,2
Fst_IC_stover,BP,652,455,GO:0006633,fatty acid biosynthetic process,4/455,133/27694,0.1760077599755885,0.4505424028182802,0.4281765577881225,Zm00001eb094620/Zm00001eb162960/Zm00001eb183070/Zm00001eb225160,4
Fst_IC_stover,BP,652,455,GO:0016042,lipid catabolic process,4/455,134/27694,0.1792517763092741,0.4505424028182802,0.4281765577881225,Zm00001eb017530/Zm00001eb023740/Zm00001eb074050/Zm00001eb135980,4
Fst_IC_stover,MF,652,455,GO:0003885,"D-arabinono-1,4-lactone oxidase activity",1/455,12/27694,0.1803123943218038,0.4505424028182802,0.4281765577881225,Zm00001eb173900,1
Fst_IC_stover,MF,652,455,GO:0003955,NAD(P)H dehydrogenase (quinone) activity,1/455,12/27694,0.1803123943218038,0.4505424028182802,0.4281765577881225,Zm00001eb369750,1
Fst_IC_stover,MF,652,455,GO:0004743,pyruvate kinase activity,1/455,12/27694,0.1803123943218038,0.4505424028182802,0.4281765577881225,Zm00001eb168480,1
Fst_IC_stover,BP,652,455,GO:0006995,cellular response to nitrogen starvation,1/455,12/27694,0.1803123943218038,0.4505424028182802,0.4281765577881225,Zm00001eb168450,1
Fst_IC_stover,BP,652,455,GO:0009959,negative gravitropism,1/455,12/27694,0.1803123943218038,0.4505424028182802,0.4281765577881225,Zm00001eb404850,1
Fst_IC_stover,BP,652,455,GO:0016024,CDP-diacylglycerol biosynthetic process,1/455,12/27694,0.1803123943218038,0.4505424028182802,0.4281765577881225,Zm00001eb151440,1
Fst_IC_stover,BP,652,455,GO:0016131,brassinosteroid metabolic process,1/455,12/27694,0.1803123943218038,0.4505424028182802,0.4281765577881225,Zm00001eb385730,1
Fst_IC_stover,MF,652,455,GO:0016405,CoA-ligase activity,1/455,12/27694,0.1803123943218038,0.4505424028182802,0.4281765577881225,Zm00001eb178360,1
Fst_IC_stover,MF,652,455,GO:0016743,carboxyl- or carbamoyltransferase activity,1/455,12/27694,0.1803123943218038,0.4505424028182802,0.4281765577881225,Zm00001eb178070,1
Fst_IC_stover,BP,652,455,GO:0019674,NAD+ metabolic process,1/455,12/27694,0.1803123943218038,0.4505424028182802,0.4281765577881225,Zm00001eb098430,1
Fst_IC_stover,CC,652,455,GO:0019774,"proteasome core complex, beta-subunit complex",1/455,12/27694,0.1803123943218038,0.4505424028182802,0.4281765577881225,Zm00001eb387100,1
Fst_IC_stover,CC,652,455,GO:0019867,outer membrane,1/455,12/27694,0.1803123943218038,0.4505424028182802,0.4281765577881225,Zm00001eb404840,1
Fst_IC_stover,CC,652,455,GO:0030125,clathrin vesicle coat,1/455,12/27694,0.1803123943218038,0.4505424028182802,0.4281765577881225,Zm00001eb367970,1
Fst_IC_stover,MF,652,455,GO:0030151,molybdenum ion binding,1/455,12/27694,0.1803123943218038,0.4505424028182802,0.4281765577881225,Zm00001eb176470,1
Fst_IC_stover,MF,652,455,GO:0030628,pre-mRNA 3'-splice site binding,1/455,12/27694,0.1803123943218038,0.4505424028182802,0.4281765577881225,Zm00001eb173350,1
Fst_IC_stover,CC,652,455,GO:0032432,actin filament bundle,1/455,12/27694,0.1803123943218038,0.4505424028182802,0.4281765577881225,Zm00001eb071670,1
Fst_IC_stover,BP,652,455,GO:0009755,hormone-mediated signaling pathway,2/455,47/27694,0.180486343729894,0.4505424028182802,0.4281765577881225,Zm00001eb184650/Zm00001eb184750,2
Fst_IC_stover,MF,652,455,GO:0008236,serine-type peptidase activity,4/455,135/27694,0.1825157813386465,0.451715634503764,0.42929154785661777,Zm00001eb074080/Zm00001eb074290/Zm00001eb074300/Zm00001eb150910,4
Fst_IC_stover,BP,652,455,GO:0051603,proteolysis involved in protein catabolic process,2/455,48/27694,0.18641059757884768,0.451715634503764,0.42929154785661777,Zm00001eb369210/Zm00001eb387100,2
Fst_IC_stover,BP,652,455,GO:0009834,plant-type secondary cell wall biogenesis,3/455,92/27694,0.1928059285146211,0.451715634503764,0.42929154785661777,Zm00001eb071660/Zm00001eb414340/Zm00001eb414450,3
Fst_IC_stover,BP,652,455,GO:0000086,G2/M transition of mitotic cell cycle,1/455,13/27694,0.19378533199189873,0.451715634503764,0.42929154785661777,Zm00001eb017510,1
Fst_IC_stover,CC,652,455,GO:0000243,commitment complex,1/455,13/27694,0.19378533199189873,0.451715634503764,0.42929154785661777,Zm00001eb203990,1
Fst_IC_stover,BP,652,455,GO:0000460,maturation of 5.8S rRNA,1/455,13/27694,0.19378533199189873,0.451715634503764,0.42929154785661777,Zm00001eb177850,1
Fst_IC_stover,MF,652,455,GO:0004725,protein tyrosine phosphatase activity,1/455,13/27694,0.19378533199189873,0.451715634503764,0.42929154785661777,Zm00001eb091350,1
Fst_IC_stover,BP,652,455,GO:0006207,'de novo' pyrimidine nucleobase biosynthetic process,1/455,13/27694,0.19378533199189873,0.451715634503764,0.42929154785661777,Zm00001eb178070,1
Fst_IC_stover,BP,652,455,GO:0006505,GPI anchor metabolic process,1/455,13/27694,0.19378533199189873,0.451715634503764,0.42929154785661777,Zm00001eb354300,1
Fst_IC_stover,BP,652,455,GO:0009639,response to red or far red light,1/455,13/27694,0.19378533199189873,0.451715634503764,0.42929154785661777,Zm00001eb404850,1
Fst_IC_stover,BP,652,455,GO:0010497,plasmodesmata-mediated intercellular transport,1/455,13/27694,0.19378533199189873,0.451715634503764,0.42929154785661777,Zm00001eb332460,1
Fst_IC_stover,MF,652,455,GO:0015179,L-amino acid transmembrane transporter activity,1/455,13/27694,0.19378533199189873,0.451715634503764,0.42929154785661777,Zm00001eb380520,1
Fst_IC_stover,MF,652,455,GO:0016790,thiolester hydrolase activity,1/455,13/27694,0.19378533199189873,0.451715634503764,0.42929154785661777,Zm00001eb094620,1
Fst_IC_stover,CC,652,455,GO:0030659,cytoplasmic vesicle membrane,1/455,13/27694,0.19378533199189873,0.451715634503764,0.42929154785661777,Zm00001eb404830,1
Fst_IC_stover,BP,652,455,GO:0044550,secondary metabolite biosynthetic process,1/455,13/27694,0.19378533199189873,0.451715634503764,0.42929154785661777,Zm00001eb102960,1
Fst_IC_stover,BP,652,455,GO:0046394,carboxylic acid biosynthetic process,1/455,13/27694,0.19378533199189873,0.451715634503764,0.42929154785661777,Zm00001eb017520,1
Fst_IC_stover,BP,652,455,GO:0046839,phospholipid dephosphorylation,1/455,13/27694,0.19378533199189873,0.451715634503764,0.42929154785661777,Zm00001eb150880,1
Fst_IC_stover,BP,652,455,GO:1902475,L-alpha-amino acid transmembrane transport,1/455,13/27694,0.19378533199189873,0.451715634503764,0.42929154785661777,Zm00001eb380520,1
Fst_IC_stover,BP,652,455,GO:2000028,"regulation of photoperiodism, flowering",1/455,13/27694,0.19378533199189873,0.451715634503764,0.42929154785661777,Zm00001eb380460,1
Fst_IC_stover,MF,652,455,GO:0004713,protein tyrosine kinase activity,2/455,51/27694,0.2043349844991884,0.4711154844607001,0.44772834964088254,Zm00001eb071720/Zm00001eb182640,2
Fst_IC_stover,BP,652,455,GO:0006820,monoatomic anion transport,1/455,14/27694,0.20703729810380544,0.4711154844607001,0.44772834964088254,Zm00001eb074090,1
Fst_IC_stover,MF,652,455,GO:0008553,P-type proton-exporting transporter activity,1/455,14/27694,0.20703729810380544,0.4711154844607001,0.44772834964088254,Zm00001eb374840,1
Fst_IC_stover,BP,652,455,GO:0009686,gibberellin biosynthetic process,1/455,14/27694,0.20703729810380544,0.4711154844607001,0.44772834964088254,Zm00001eb415420,1
Fst_IC_stover,BP,652,455,GO:0010256,endomembrane system organization,1/455,14/27694,0.20703729810380544,0.4711154844607001,0.44772834964088254,Zm00001eb381150,1
Fst_IC_stover,BP,652,455,GO:0051693,actin filament capping,1/455,14/27694,0.20703729810380544,0.4711154844607001,0.44772834964088254,Zm00001eb071670,1
Fst_IC_stover,MF,652,455,GO:0090447,glycerol-3-phosphate 2-O-acyltransferase activity,1/455,14/27694,0.20703729810380544,0.4711154844607001,0.44772834964088254,Zm00001eb115970,1
Fst_IC_stover,CC,652,455,GO:0009506,plasmodesma,3/455,96/27694,0.2096678967802674,0.47542465217546387,0.4518236014695622,Zm00001eb332460/Zm00001eb355170/Zm00001eb422110,3
Fst_IC_stover,MF,652,455,GO:0016620,"oxidoreductase activity, acting on the aldehyde or oxo group of donors, NAD or NADP as acceptor",2/455,52/27694,0.21035231247225308,0.47542465217546387,0.4518236014695622,Zm00001eb091200/Zm00001eb201250,2
Fst_IC_stover,MF,652,455,GO:0003712,transcription coregulator activity,3/455,98/27694,0.21821828976190222,0.49154220825155753,0.46714104914474197,Zm00001eb145370/Zm00001eb335330/Zm00001eb411150,3
Fst_IC_stover,BP,652,455,GO:0019853,L-ascorbic acid biosynthetic process,1/455,15/27694,0.2200719089911889,0.49240169603714173,0.4679578702012959,Zm00001eb173900,1
Fst_IC_stover,MF,652,455,GO:0070628,proteasome binding,1/455,15/27694,0.2200719089911889,0.49240169603714173,0.4679578702012959,Zm00001eb225210,1
Fst_IC_stover,MF,652,455,GO:0042393,histone binding,3/455,99/27694,0.22252034191161624,0.4962203624629042,0.47158697022672363,Zm00001eb145370/Zm00001eb183010/Zm00001eb411150,3
Fst_IC_stover,BP,652,455,GO:0009658,chloroplast organization,2/455,55/27694,0.22850024179155184,0.4977802906485579,0.4730694603913603,Zm00001eb150880/Zm00001eb183160,2
Fst_IC_stover,BP,652,455,GO:0043161,proteasome-mediated ubiquitin-dependent protein catabolic process,4/455,149/27694,0.23006560152421804,0.4977802906485579,0.4730694603913603,Zm00001eb151220/Zm00001eb225210/Zm00001eb369210/Zm00001eb387100,4
Fst_IC_stover,MF,652,455,GO:0016301,kinase activity,33/455,1751/27694,0.23025366809625444,0.4977802906485579,0.4730694603913603,Zm00001eb017510/Zm00001eb071720/Zm00001eb074190/Zm00001eb074200/Zm00001eb098430/Zm00001eb098860/Zm00001eb099530/Zm00001eb101850/Zm00001eb138310/Zm00001eb151400/Zm00001eb168450/Zm00001eb168480/Zm00001eb177830/Zm00001eb182640/Zm00001eb184650/Zm00001eb184730/Zm00001eb184750/Zm00001eb189060/Zm00001eb202220/Zm00001eb280870/Zm00001eb287350/Zm00001eb352680/Zm00001eb352690/Zm00001eb369270/Zm00001eb369770/Zm00001eb380440/Zm00001eb384830/Zm00001eb385250/Zm00001eb387440/Zm00001eb397190/Zm00001eb407340/Zm00001eb408490/Zm00001eb414790,33
Fst_IC_stover,MF,652,455,GO:0003689,DNA clamp loader activity,1/455,16/27694,0.23289272193273336,0.4977802906485579,0.4730694603913603,Zm00001eb411140,1
Fst_IC_stover,CC,652,455,GO:0005663,DNA replication factor C complex,1/455,16/27694,0.23289272193273336,0.4977802906485579,0.4730694603913603,Zm00001eb411140,1
Fst_IC_stover,BP,652,455,GO:0006303,double-strand break repair via nonhomologous end joining,1/455,16/27694,0.23289272193273336,0.4977802906485579,0.4730694603913603,Zm00001eb369790,1
Fst_IC_stover,BP,652,455,GO:0006782,protoporphyrinogen IX biosynthetic process,1/455,16/27694,0.23289272193273336,0.4977802906485579,0.4730694603913603,Zm00001eb332380,1
Fst_IC_stover,BP,652,455,GO:0006783,heme biosynthetic process,1/455,16/27694,0.23289272193273336,0.4977802906485579,0.4730694603913603,Zm00001eb332380,1
Fst_IC_stover,BP,652,455,GO:0010017,red or far-red light signaling pathway,1/455,16/27694,0.23289272193273336,0.4977802906485579,0.4730694603913603,Zm00001eb332400,1
Fst_IC_stover,BP,652,455,GO:0010114,response to red light,1/455,16/27694,0.23289272193273336,0.4977802906485579,0.4730694603913603,Zm00001eb168450,1
Fst_IC_stover,BP,652,455,GO:0016104,triterpenoid biosynthetic process,1/455,16/27694,0.23289272193273336,0.4977802906485579,0.4730694603913603,Zm00001eb336340,1
Fst_IC_stover,MF,652,455,GO:0016297,fatty acyl-[ACP] hydrolase activity,1/455,16/27694,0.23289272193273336,0.4977802906485579,0.4730694603913603,Zm00001eb094620,1
Fst_IC_stover,BP,652,455,GO:0045010,actin nucleation,1/455,16/27694,0.23289272193273336,0.4977802906485579,0.4730694603913603,Zm00001eb080640,1
Fst_IC_stover,BP,652,455,GO:0000165,MAPK cascade,2/455,56/27694,0.23457445055741546,0.49819145213622523,0.4734602109830542,Zm00001eb074190/Zm00001eb397190,2
Fst_IC_stover,CC,652,455,GO:0016592,mediator complex,2/455,56/27694,0.23457445055741546,0.49819145213622523,0.4734602109830542,Zm00001eb156320/Zm00001eb335330,2
Fst_IC_stover,BP,652,455,GO:0008299,isoprenoid biosynthetic process,2/455,57/27694,0.2406577301374406,0.5078865030345355,0.48267397975432225,Zm00001eb145390/Zm00001eb183790,2
Fst_IC_stover,CC,652,455,GO:0030014,CCR4-NOT complex,2/455,57/27694,0.2406577301374406,0.5078865030345355,0.48267397975432225,Zm00001eb183040/Zm00001eb183050,2
Fst_IC_stover,MF,652,455,GO:0004709,MAP kinase kinase kinase activity,1/455,17/27694,0.2455032361144156,0.5116562771356512,0.48625661456995256,Zm00001eb074190,1
Fst_IC_stover,BP,652,455,GO:0009793,embryo development ending in seed dormancy,1/455,17/27694,0.2455032361144156,0.5116562771356512,0.48625661456995256,Zm00001eb414650,1
Fst_IC_stover,BP,652,455,GO:0010608,post-transcriptional regulation of gene expression,1/455,17/27694,0.2455032361144156,0.5116562771356512,0.48625661456995256,Zm00001eb098710,1
Fst_IC_stover,MF,652,455,GO:0019829,ATPase-coupled monoatomic cation transmembrane transporter activity,1/455,17/27694,0.2455032361144156,0.5116562771356512,0.48625661456995256,Zm00001eb397320,1
Fst_IC_stover,CC,652,455,GO:0005764,lysosome,2/455,58/27694,0.2467481476870855,0.5126537602567087,0.4872045805916955,Zm00001eb074120/Zm00001eb100260,2
Fst_IC_stover,MF,652,455,GO:0004601,peroxidase activity,5/455,207/27694,0.25462445653454563,0.524249076450597,0.4982242816083088,Zm00001eb354680/Zm00001eb354690/Zm00001eb354700/Zm00001eb397180/Zm00001eb417240,5
Fst_IC_stover,BP,652,455,GO:0006002,fructose 6-phosphate metabolic process,1/455,18/27694,0.2579068935761325,0.524249076450597,0.4982242816083088,Zm00001eb099530,1
Fst_IC_stover,MF,652,455,GO:0015276,ligand-gated monoatomic ion channel activity,1/455,18/27694,0.2579068935761325,0.524249076450597,0.4982242816083088,Zm00001eb225150,1
Fst_IC_stover,MF,652,455,GO:0016881,acid-amino acid ligase activity,1/455,18/27694,0.2579068935761325,0.524249076450597,0.4982242816083088,Zm00001eb352750,1
Fst_IC_stover,BP,652,455,GO:0031145,anaphase-promoting complex-dependent catabolic process,1/455,18/27694,0.2579068935761325,0.524249076450597,0.4982242816083088,Zm00001eb125490,1
Fst_IC_stover,BP,652,455,GO:0046148,pigment biosynthetic process,1/455,18/27694,0.2579068935761325,0.524249076450597,0.4982242816083088,Zm00001eb396390,1
Fst_IC_stover,MF,652,455,GO:0101005,deubiquitinase activity,1/455,18/27694,0.2579068935761325,0.524249076450597,0.4982242816083088,Zm00001eb374810,1
Fst_IC_stover,MF,652,455,GO:0004521,RNA endonuclease activity,2/455,60/27694,0.25894296781597703,0.524249076450597,0.4982242816083088,Zm00001eb091650/Zm00001eb125480,2
Fst_IC_stover,BP,652,455,GO:0006629,lipid metabolic process,12/455,590/27694,0.26616645266086236,0.524249076450597,0.4982242816083088,Zm00001eb002720/Zm00001eb017530/Zm00001eb023740/Zm00001eb074170/Zm00001eb094620/Zm00001eb102970/Zm00001eb111400/Zm00001eb135980/Zm00001eb201250/Zm00001eb397260/Zm00001eb409690/Zm00001eb409700,12
Fst_IC_stover,CC,652,455,GO:0009523,photosystem II,3/455,109/27694,0.26632960833931746,0.524249076450597,0.4982242816083088,Zm00001eb141830/Zm00001eb141840/Zm00001eb183170,3
Fst_IC_stover,BP,652,455,GO:0007064,mitotic sister chromatid cohesion,1/455,19/27694,0.2701070801429365,0.524249076450597,0.4982242816083088,Zm00001eb280900,1
Fst_IC_stover,MF,652,455,GO:0008641,ubiquitin-like modifier activating enzyme activity,1/455,19/27694,0.2701070801429365,0.524249076450597,0.4982242816083088,Zm00001eb404860,1
Fst_IC_stover,MF,652,455,GO:0008970,phospholipase A1 activity,1/455,19/27694,0.2701070801429365,0.524249076450597,0.4982242816083088,Zm00001eb017530,1
Fst_IC_stover,BP,652,455,GO:0009231,riboflavin biosynthetic process,1/455,19/27694,0.2701070801429365,0.524249076450597,0.4982242816083088,Zm00001eb182780,1
Fst_IC_stover,BP,652,455,GO:0010020,chloroplast fission,1/455,19/27694,0.2701070801429365,0.524249076450597,0.4982242816083088,Zm00001eb203870,1
Fst_IC_stover,MF,652,455,GO:0016628,"oxidoreductase activity, acting on the CH-CH group of donors, NAD or NADP as acceptor",1/455,19/27694,0.2701070801429365,0.524249076450597,0.4982242816083088,Zm00001eb386200,1
Fst_IC_stover,BP,652,455,GO:0016926,protein desumoylation,1/455,19/27694,0.2701070801429365,0.524249076450597,0.4982242816083088,Zm00001eb168510,1
Fst_IC_stover,MF,652,455,GO:0016929,deSUMOylase activity,1/455,19/27694,0.2701070801429365,0.524249076450597,0.4982242816083088,Zm00001eb168510,1
Fst_IC_stover,BP,652,455,GO:0016998,cell wall macromolecule catabolic process,1/455,19/27694,0.2701070801429365,0.524249076450597,0.4982242816083088,Zm00001eb425600,1
Fst_IC_stover,CC,652,455,GO:0022626,cytosolic ribosome,1/455,19/27694,0.2701070801429365,0.524249076450597,0.4982242816083088,Zm00001eb415410,1
Fst_IC_stover,BP,652,455,GO:0070475,rRNA base methylation,1/455,19/27694,0.2701070801429365,0.524249076450597,0.4982242816083088,Zm00001eb017470,1
Fst_IC_stover,MF,652,455,GO:0020037,heme binding,11/455,539/27694,0.27456498015469993,0.524249076450597,0.4982242816083088,Zm00001eb040180/Zm00001eb074170/Zm00001eb176470/Zm00001eb225160/Zm00001eb354680/Zm00001eb354690/Zm00001eb354700/Zm00001eb385730/Zm00001eb387160/Zm00001eb397180/Zm00001eb417240,11
Fst_IC_stover,CC,652,455,GO:1990904,ribonucleoprotein complex,15/455,763/27694,0.2752095928712143,0.524249076450597,0.4982242816083088,Zm00001eb091680/Zm00001eb091690/Zm00001eb173710/Zm00001eb173730/Zm00001eb173880/Zm00001eb176260/Zm00001eb184740/Zm00001eb203990/Zm00001eb204010/Zm00001eb225380/Zm00001eb335180/Zm00001eb354280/Zm00001eb386170/Zm00001eb414780/Zm00001eb415410,15
Fst_IC_stover,CC,652,455,GO:0005777,peroxisome,3/455,112/27694,0.2796803864837986,0.524249076450597,0.4982242816083088,Zm00001eb111400/Zm00001eb151430/Zm00001eb176300,3
Fst_IC_stover,MF,652,455,GO:0004252,serine-type endopeptidase activity,4/455,163/27694,0.2802505622534079,0.524249076450597,0.4982242816083088,Zm00001eb074080/Zm00001eb074290/Zm00001eb074300/Zm00001eb150910,4
Fst_IC_stover,MF,652,455,GO:0008234,cysteine-type peptidase activity,4/455,163/27694,0.2802505622534079,0.524249076450597,0.4982242816083088,Zm00001eb100260/Zm00001eb101860/Zm00001eb168510/Zm00001eb374670,4
Fst_IC_stover,CC,652,455,GO:0000178,exosome (RNase complex),1/455,20/27694,0.28210712634112844,0.524249076450597,0.4982242816083088,Zm00001eb177850,1
Fst_IC_stover,CC,652,455,GO:0000781,"chromosome, telomeric region",1/455,20/27694,0.28210712634112844,0.524249076450597,0.4982242816083088,Zm00001eb369790,1
Fst_IC_stover,MF,652,455,GO:0004707,MAP kinase activity,1/455,20/27694,0.28210712634112844,0.524249076450597,0.4982242816083088,Zm00001eb397190,1
Fst_IC_stover,BP,652,455,GO:0006874,intracellular calcium ion homeostasis,1/455,20/27694,0.28210712634112844,0.524249076450597,0.4982242816083088,Zm00001eb397320,1
Fst_IC_stover,BP,652,455,GO:0010143,cutin biosynthetic process,1/455,20/27694,0.28210712634112844,0.524249076450597,0.4982242816083088,Zm00001eb115970,1
Fst_IC_stover,MF,652,455,GO:0015112,nitrate transmembrane transporter activity,1/455,20/27694,0.28210712634112844,0.524249076450597,0.4982242816083088,Zm00001eb162310,1
Fst_IC_stover,BP,652,455,GO:0015990,electron transport coupled proton transport,1/455,20/27694,0.28210712634112844,0.524249076450597,0.4982242816083088,Zm00001eb384490,1
Fst_IC_stover,MF,652,455,GO:0016688,L-ascorbate peroxidase activity,1/455,20/27694,0.28210712634112844,0.524249076450597,0.4982242816083088,Zm00001eb397180,1
Fst_IC_stover,BP,652,455,GO:0045088,regulation of innate immune response,1/455,20/27694,0.28210712634112844,0.524249076450597,0.4982242816083088,Zm00001eb138310,1
Fst_IC_stover,MF,652,455,GO:0050664,"oxidoreductase activity, acting on NAD(P)H, oxygen as acceptor",1/455,20/27694,0.28210712634112844,0.524249076450597,0.4982242816083088,Zm00001eb102960,1
Fst_IC_stover,MF,652,455,GO:0051753,mannan synthase activity,1/455,20/27694,0.28210712634112844,0.524249076450597,0.4982242816083088,Zm00001eb179710,1
Fst_IC_stover,MF,652,455,GO:0103075,indole-3-pyruvate monooxygenase activity,1/455,20/27694,0.28210712634112844,0.524249076450597,0.4982242816083088,Zm00001eb396380,1
Fst_IC_stover,MF,652,455,GO:0044183,protein folding chaperone,2/455,65/27694,0.28943097791249617,0.5343097724248282,0.5077855440871628,Zm00001eb086360/Zm00001eb178400,2
Fst_IC_stover,MF,652,455,GO:0000036,acyl carrier activity,1/455,21/27694,0.2939103082994571,0.5343097724248282,0.5077855440871628,Zm00001eb094620,1
Fst_IC_stover,CC,652,455,GO:0000407,phagophore assembly site,1/455,21/27694,0.2939103082994571,0.5343097724248282,0.5077855440871628,Zm00001eb151200,1
Fst_IC_stover,MF,652,455,GO:0004568,chitinase activity,1/455,21/27694,0.2939103082994571,0.5343097724248282,0.5077855440871628,Zm00001eb425600,1
Fst_IC_stover,BP,652,455,GO:0006730,one-carbon metabolic process,1/455,21/27694,0.2939103082994571,0.5343097724248282,0.5077855440871628,Zm00001eb090450,1
Fst_IC_stover,MF,652,455,GO:0008198,ferrous iron binding,1/455,21/27694,0.2939103082994571,0.5343097724248282,0.5077855440871628,Zm00001eb404870,1
Fst_IC_stover,MF,652,455,GO:0016773,"phosphotransferase activity, alcohol group as acceptor",1/455,21/27694,0.2939103082994571,0.5343097724248282,0.5077855440871628,Zm00001eb098430,1
Fst_IC_stover,MF,652,455,GO:0016866,intramolecular transferase activity,1/455,21/27694,0.2939103082994571,0.5343097724248282,0.5077855440871628,Zm00001eb336340,1
Fst_IC_stover,CC,652,455,GO:0045271,respiratory chain complex I,2/455,67/27694,0.3015931534872818,0.5450474099660182,0.5179901433710566,Zm00001eb179550/Zm00001eb384490,2
Fst_IC_stover,BP,652,455,GO:0000373,Group II intron splicing,1/455,22/27694,0.3055198486356604,0.5450474099660182,0.5179901433710566,Zm00001eb414780,1
Fst_IC_stover,CC,652,455,GO:0005680,anaphase-promoting complex,1/455,22/27694,0.3055198486356604,0.5450474099660182,0.5179901433710566,Zm00001eb125490,1
Fst_IC_stover,BP,652,455,GO:0009691,cytokinin biosynthetic process,1/455,22/27694,0.3055198486356604,0.5450474099660182,0.5179901433710566,Zm00001eb156350,1
Fst_IC_stover,CC,652,455,GO:0019773,"proteasome core complex, alpha-subunit complex",1/455,22/27694,0.3055198486356604,0.5450474099660182,0.5179901433710566,Zm00001eb369210,1
Fst_IC_stover,CC,652,455,GO:0019898,extrinsic component of membrane,1/455,22/27694,0.3055198486356604,0.5450474099660182,0.5179901433710566,Zm00001eb183170,1
Fst_IC_stover,BP,652,455,GO:0048564,photosystem I assembly,1/455,22/27694,0.3055198486356604,0.5450474099660182,0.5179901433710566,Zm00001eb385230,1
Fst_IC_stover,MF,652,455,GO:0005215,transporter activity,2/455,68/27694,0.30766131649794504,0.5459560231753985,0.5188536511650393,Zm00001eb374840/Zm00001eb397320,2
Fst_IC_stover,BP,652,455,GO:0009651,response to salt stress,2/455,68/27694,0.30766131649794504,0.5459560231753985,0.5188536511650393,Zm00001eb099120/Zm00001eb179260,2
Fst_IC_stover,MF,652,455,GO:0008194,UDP-glycosyltransferase activity,4/455,172/27694,0.31336372395578305,0.5478866555370215,0.5206884429932516,Zm00001eb098940/Zm00001eb098950/Zm00001eb175940/Zm00001eb415060,4
Fst_IC_stover,MF,652,455,GO:0016413,O-acetyltransferase activity,2/455,69/27694,0.31371906069373,0.5478866555370215,0.5206884429932516,Zm00001eb404880/Zm00001eb426260,2
Fst_IC_stover,BP,652,455,GO:0000387,spliceosomal snRNP assembly,1/455,23/27694,0.3169389173285909,0.5478866555370215,0.5206884429932516,Zm00001eb203990,1
Fst_IC_stover,MF,652,455,GO:0004029,aldehyde dehydrogenase (NAD+) activity,1/455,23/27694,0.3169389173285909,0.5478866555370215,0.5206884429932516,Zm00001eb091200,1
Fst_IC_stover,MF,652,455,GO:0005388,P-type calcium transporter activity,1/455,23/27694,0.3169389173285909,0.5478866555370215,0.5206884429932516,Zm00001eb397320,1
Fst_IC_stover,MF,652,455,GO:0008378,galactosyltransferase activity,1/455,23/27694,0.3169389173285909,0.5478866555370215,0.5206884429932516,Zm00001eb271150,1
Fst_IC_stover,BP,652,455,GO:0009637,response to blue light,1/455,23/27694,0.3169389173285909,0.5478866555370215,0.5206884429932516,Zm00001eb168450,1
Fst_IC_stover,MF,652,455,GO:0016780,"phosphotransferase activity, for other substituted phosphate groups",1/455,23/27694,0.3169389173285909,0.5478866555370215,0.5206884429932516,Zm00001eb397260,1
Fst_IC_stover,MF,652,455,GO:0048038,quinone binding,1/455,23/27694,0.3169389173285909,0.5478866555370215,0.5206884429932516,Zm00001eb099410,1
Fst_IC_stover,MF,652,455,GO:0071771,aldehyde oxygenase (deformylating) activity,1/455,23/27694,0.3169389173285909,0.5478866555370215,0.5206884429932516,Zm00001eb335380,1
Fst_IC_stover,BP,652,455,GO:0099402,plant organ development,2/455,70/27694,0.31976509249828855,0.551347543508647,0.5239775254177057,Zm00001eb145340/Zm00001eb367990,2
Fst_IC_stover,MF,652,455,GO:0008094,"ATP-dependent activity, acting on DNA",1/455,24/27694,0.3281706325761602,0.5614920069166754,0.5336183969438627,Zm00001eb176980,1
Fst_IC_stover,MF,652,455,GO:0008276,protein methyltransferase activity,1/455,24/27694,0.3281706325761602,0.5614920069166754,0.5336183969438627,Zm00001eb425580,1
Fst_IC_stover,BP,652,455,GO:0006325,chromatin organization,4/455,176/27694,0.3282008622815163,0.5614920069166754,0.5336183969438627,Zm00001eb074140/Zm00001eb145370/Zm00001eb205620/Zm00001eb411150,4
Fst_IC_stover,MF,652,455,GO:0035251,UDP-glucosyltransferase activity,3/455,123/27694,0.3290057798375736,0.5614920069166754,0.5336183969438627,Zm00001eb098940/Zm00001eb098950/Zm00001eb175940,3
Fst_IC_stover,BP,652,455,GO:0098869,cellular oxidant detoxification,5/455,231/27694,0.3307101313397372,0.5629645747233695,0.5350178634771697,Zm00001eb354680/Zm00001eb354690/Zm00001eb354700/Zm00001eb397180/Zm00001eb417240,5
Fst_IC_stover,MF,652,455,GO:0004674,protein serine/threonine kinase activity,22/455,1207/27694,0.33893698998471106,0.5716294288078339,0.5432525765084284,Zm00001eb017510/Zm00001eb071720/Zm00001eb098860/Zm00001eb101850/Zm00001eb138310/Zm00001eb177830/Zm00001eb184650/Zm00001eb184730/Zm00001eb184750/Zm00001eb189060/Zm00001eb202220/Zm00001eb280870/Zm00001eb287350/Zm00001eb352680/Zm00001eb352690/Zm00001eb369270/Zm00001eb369770/Zm00001eb384830/Zm00001eb387440/Zm00001eb397190/Zm00001eb407340/Zm00001eb414790,22
Fst_IC_stover,BP,652,455,GO:0005991,trehalose metabolic process,1/455,25/27694,0.33921806163932744,0.5716294288078339,0.5432525765084284,Zm00001eb098910,1
Fst_IC_stover,BP,652,455,GO:0009555,pollen development,1/455,25/27694,0.33921806163932744,0.5716294288078339,0.5432525765084284,Zm00001eb369190,1
Fst_IC_stover,MF,652,455,GO:0009982,pseudouridine synthase activity,1/455,25/27694,0.33921806163932744,0.5716294288078339,0.5432525765084284,Zm00001eb074060,1
Fst_IC_stover,BP,652,455,GO:0006099,tricarboxylic acid cycle,2/455,75/27694,0.3497773869629759,0.5759562217157925,0.5473645785797162,Zm00001eb183760/Zm00001eb424940,2
Fst_IC_stover,MF,652,455,GO:0003747,translation release factor activity,1/455,26/27694,0.35008422167236486,0.5759562217157925,0.5473645785797162,Zm00001eb145380,1
Fst_IC_stover,MF,652,455,GO:0004693,cyclin-dependent protein serine/threonine kinase activity,1/455,26/27694,0.35008422167236486,0.5759562217157925,0.5473645785797162,Zm00001eb017510,1
Fst_IC_stover,BP,652,455,GO:0006779,porphyrin-containing compound biosynthetic process,1/455,26/27694,0.35008422167236486,0.5759562217157925,0.5473645785797162,Zm00001eb332380,1
Fst_IC_stover,BP,652,455,GO:0009723,response to ethylene,1/455,26/27694,0.35008422167236486,0.5759562217157925,0.5473645785797162,Zm00001eb174990,1
Fst_IC_stover,BP,652,455,GO:0015706,nitrate transmembrane transport,1/455,26/27694,0.35008422167236486,0.5759562217157925,0.5473645785797162,Zm00001eb162310,1
Fst_IC_stover,BP,652,455,GO:0016070,RNA metabolic process,1/455,26/27694,0.35008422167236486,0.5759562217157925,0.5473645785797162,Zm00001eb176260,1
Fst_IC_stover,CC,652,455,GO:0031090,organelle membrane,1/455,26/27694,0.35008422167236486,0.5759562217157925,0.5473645785797162,Zm00001eb380520,1
Fst_IC_stover,BP,652,455,GO:0051453,regulation of intracellular pH,1/455,26/27694,0.35008422167236486,0.5759562217157925,0.5473645785797162,Zm00001eb374840,1
Fst_IC_stover,MF,652,455,GO:0005509,calcium ion binding,7/455,349/27694,0.35039489123815776,0.5759562217157925,0.5473645785797162,Zm00001eb084590/Zm00001eb099120/Zm00001eb151430/Zm00001eb173700/Zm00001eb179260/Zm00001eb183170/Zm00001eb369270,7
Fst_IC_stover,MF,652,455,GO:0016791,phosphatase activity,3/455,128/27694,0.3514535085747248,0.5762803853835561,0.5476726501009643,Zm00001eb115970/Zm00001eb150880/Zm00001eb414640,3
Fst_IC_stover,BP,652,455,GO:0006897,endocytosis,2/455,76/27694,0.35572842889730927,0.5818638604701709,0.5529789500810058,Zm00001eb367970/Zm00001eb404830,2
Fst_IC_stover,CC,652,455,GO:0005811,lipid droplet,1/455,27/27694,0.3607720805396145,0.5843983580653804,0.55538763003932,Zm00001eb336340,1
Fst_IC_stover,BP,652,455,GO:0010268,brassinosteroid homeostasis,1/455,27/27694,0.3607720805396145,0.5843983580653804,0.55538763003932,Zm00001eb385730,1
Fst_IC_stover,BP,652,455,GO:0045087,innate immune response,1/455,27/27694,0.3607720805396145,0.5843983580653804,0.55538763003932,Zm00001eb176260,1
Fst_IC_stover,BP,652,455,GO:0051604,protein maturation,1/455,27/27694,0.3607720805396145,0.5843983580653804,0.55538763003932,Zm00001eb201220,1
Fst_IC_stover,MF,652,455,GO:0008483,transaminase activity,2/455,77/27694,0.3616599055261307,0.5844214415386025,0.5554095676017874,Zm00001eb017520/Zm00001eb091810,2
Fst_IC_stover,MF,652,455,GO:0008843,endochitinase activity,1/455,28/27694,0.3712845576189684,0.5970898294401198,0.5674490708549011,Zm00001eb425600,1
Fst_IC_stover,BP,652,455,GO:0032787,monocarboxylic acid metabolic process,1/455,28/27694,0.3712845576189684,0.5970898294401198,0.5674490708549011,Zm00001eb168480,1
Fst_IC_stover,BP,652,455,GO:0009409,response to cold,2/455,79/27694,0.37346034849398446,0.597715246752334,0.5680434411744313,Zm00001eb099120/Zm00001eb179260,2
Fst_IC_stover,CC,652,455,GO:0031969,chloroplast membrane,2/455,79/27694,0.37346034849398446,0.597715246752334,0.5680434411744313,Zm00001eb173360/Zm00001eb369170,2
Fst_IC_stover,MF,652,455,GO:0003872,6-phosphofructokinase activity,1/455,29/27694,0.38162452459227025,0.5997957102130423,0.5700206261799664,Zm00001eb099530,1
Fst_IC_stover,MF,652,455,GO:0004499,"N,N-dimethylaniline monooxygenase activity",1/455,29/27694,0.38162452459227025,0.5997957102130423,0.5700206261799664,Zm00001eb179100,1
Fst_IC_stover,MF,652,455,GO:0016279,protein-lysine N-methyltransferase activity,1/455,29/27694,0.38162452459227025,0.5997957102130423,0.5700206261799664,Zm00001eb414720,1
Fst_IC_stover,BP,652,455,GO:0016311,dephosphorylation,1/455,29/27694,0.38162452459227025,0.5997957102130423,0.5700206261799664,Zm00001eb091350,1
Fst_IC_stover,BP,652,455,GO:0030036,actin cytoskeleton organization,1/455,29/27694,0.38162452459227025,0.5997957102130423,0.5700206261799664,Zm00001eb080640,1
Fst_IC_stover,BP,652,455,GO:0061615,glycolytic process through fructose-6-phosphate,1/455,29/27694,0.38162452459227025,0.5997957102130423,0.5700206261799664,Zm00001eb099530,1
Fst_IC_stover,CC,652,455,GO:0009536,plastid,4/455,192/27694,0.3877213535072437,0.5997957102130423,0.5700206261799664,Zm00001eb183770/Zm00001eb201220/Zm00001eb384470/Zm00001eb384490,4
Fst_IC_stover,BP,652,455,GO:0015979,photosynthesis,5/455,249/27694,0.3891356577228515,0.5997957102130423,0.5700206261799664,Zm00001eb141830/Zm00001eb141840/Zm00001eb150880/Zm00001eb168480/Zm00001eb183170,5
Fst_IC_stover,MF,652,455,GO:0043130,ubiquitin binding,2/455,82/27694,0.39099137884251745,0.5997957102130423,0.5700206261799664,Zm00001eb225210/Zm00001eb387140,2
Fst_IC_stover,CC,652,455,GO:0000159,protein phosphatase type 2A complex,1/455,30/27694,0.3917948062228692,0.5997957102130423,0.5700206261799664,Zm00001eb386290,1
Fst_IC_stover,BP,652,455,GO:0001522,pseudouridine synthesis,1/455,30/27694,0.3917948062228692,0.5997957102130423,0.5700206261799664,Zm00001eb074060,1
Fst_IC_stover,MF,652,455,GO:0004540,RNA nuclease activity,1/455,30/27694,0.3917948062228692,0.5997957102130423,0.5700206261799664,Zm00001eb091650,1
Fst_IC_stover,BP,652,455,GO:0006032,chitin catabolic process,1/455,30/27694,0.3917948062228692,0.5997957102130423,0.5700206261799664,Zm00001eb425600,1
Fst_IC_stover,BP,652,455,GO:0006221,pyrimidine nucleotide biosynthetic process,1/455,30/27694,0.3917948062228692,0.5997957102130423,0.5700206261799664,Zm00001eb178070,1
Fst_IC_stover,BP,652,455,GO:0006353,DNA-templated transcription termination,1/455,30/27694,0.3917948062228692,0.5997957102130423,0.5700206261799664,Zm00001eb183160,1
Fst_IC_stover,BP,652,455,GO:0006415,translational termination,1/455,30/27694,0.3917948062228692,0.5997957102130423,0.5700206261799664,Zm00001eb145380,1
Fst_IC_stover,MF,652,455,GO:0008137,NADH dehydrogenase (ubiquinone) activity,1/455,30/27694,0.3917948062228692,0.5997957102130423,0.5700206261799664,Zm00001eb384490,1
Fst_IC_stover,MF,652,455,GO:0016018,cyclosporin A binding,1/455,30/27694,0.3917948062228692,0.5997957102130423,0.5700206261799664,Zm00001eb332450,1
Fst_IC_stover,BP,652,455,GO:0042147,"retrograde transport, endosome to Golgi",1/455,30/27694,0.3917948062228692,0.5997957102130423,0.5700206261799664,Zm00001eb215280,1
Fst_IC_stover,CC,652,455,GO:0005840,ribosome,12/455,657/27694,0.395648224105336,0.6024832234739187,0.5725747257937958,Zm00001eb091680/Zm00001eb091690/Zm00001eb173710/Zm00001eb173730/Zm00001eb184740/Zm00001eb204010/Zm00001eb225210/Zm00001eb225380/Zm00001eb335180/Zm00001eb354280/Zm00001eb397290/Zm00001eb415410,12
Fst_IC_stover,BP,652,455,GO:0051707,response to other organism,3/455,138/27694,0.3960203155743157,0.6024832234739187,0.5725747257937958,Zm00001eb087590/Zm00001eb206730/Zm00001eb369770,3
Fst_IC_stover,BP,652,455,GO:0006631,fatty acid metabolic process,3/455,139/27694,0.4004377572717821,0.6024832234739187,0.5725747257937958,Zm00001eb002720/Zm00001eb094620/Zm00001eb111400,3
Fst_IC_stover,BP,652,455,GO:0006635,fatty acid beta-oxidation,1/455,31/27694,0.4017981811205191,0.6024832234739187,0.5725747257937958,Zm00001eb287340,1
Fst_IC_stover,CC,652,455,GO:0030136,clathrin-coated vesicle,1/455,31/27694,0.4017981811205191,0.6024832234739187,0.5725747257937958,Zm00001eb367970,1
Fst_IC_stover,BP,652,455,GO:0031647,regulation of protein stability,1/455,31/27694,0.4017981811205191,0.6024832234739187,0.5725747257937958,Zm00001eb374670,1
Fst_IC_stover,CC,652,455,GO:0043231,intracellular membrane-bounded organelle,1/455,31/27694,0.4017981811205191,0.6024832234739187,0.5725747257937958,Zm00001eb183160,1
Fst_IC_stover,BP,652,455,GO:0046513,ceramide biosynthetic process,1/455,31/27694,0.4017981811205191,0.6024832234739187,0.5725747257937958,Zm00001eb098730,1
Fst_IC_stover,MF,652,455,GO:0004843,cysteine-type deubiquitinase activity,2/455,84/27694,0.4025560551462506,0.6024832234739187,0.5725747257937958,Zm00001eb101860/Zm00001eb374670,2
Fst_IC_stover,MF,652,455,GO:0030145,manganese ion binding,2/455,84/27694,0.4025560551462506,0.6024832234739187,0.5725747257937958,Zm00001eb332460/Zm00001eb397260,2
Fst_IC_stover,MF,652,455,GO:0003777,microtubule motor activity,2/455,85/27694,0.4082993213673033,0.6083568953111935,0.5781568165651183,Zm00001eb115940/Zm00001eb173890,2
Fst_IC_stover,BP,652,455,GO:0007018,microtubule-based movement,2/455,85/27694,0.4082993213673033,0.6083568953111935,0.5781568165651183,Zm00001eb115940/Zm00001eb173890,2
Fst_IC_stover,CC,652,455,GO:0005905,clathrin-coated pit,1/455,32/27694,0.41163738249383974,0.610610662723678,0.5802987023603203,Zm00001eb404830,1
Fst_IC_stover,BP,652,455,GO:0006400,tRNA modification,1/455,32/27694,0.41163738249383974,0.610610662723678,0.5802987023603203,Zm00001eb156350,1
Fst_IC_stover,BP,652,455,GO:0009738,abscisic acid-activated signaling pathway,2/455,87/27694,0.41970423959353587,0.6140736408665927,0.583589771195692,Zm00001eb367960/Zm00001eb373300,2
Fst_IC_stover,MF,652,455,GO:0004620,phospholipase activity,1/455,33/27694,0.4213150988905322,0.6140736408665927,0.583589771195692,Zm00001eb023740,1
Fst_IC_stover,MF,652,455,GO:0005216,monoatomic ion channel activity,1/455,33/27694,0.4213150988905322,0.6140736408665927,0.583589771195692,Zm00001eb369820,1
Fst_IC_stover,MF,652,455,GO:0005315,phosphate transmembrane transporter activity,1/455,33/27694,0.4213150988905322,0.6140736408665927,0.583589771195692,Zm00001eb408410,1
Fst_IC_stover,BP,652,455,GO:0006261,DNA-templated DNA replication,1/455,33/27694,0.4213150988905322,0.6140736408665927,0.583589771195692,Zm00001eb411140,1
Fst_IC_stover,MF,652,455,GO:0016597,amino acid binding,1/455,33/27694,0.4213150988905322,0.6140736408665927,0.583589771195692,Zm00001eb178070,1
Fst_IC_stover,MF,652,455,GO:0031624,ubiquitin conjugating enzyme binding,1/455,33/27694,0.4213150988905322,0.6140736408665927,0.583589771195692,Zm00001eb425570,1
Fst_IC_stover,CC,652,455,GO:0031966,mitochondrial membrane,1/455,33/27694,0.4213150988905322,0.6140736408665927,0.583589771195692,Zm00001eb111400,1
Fst_IC_stover,BP,652,455,GO:0007030,Golgi organization,1/455,34/27694,0.4308339749255561,0.6254584841103825,0.5944094475693039,Zm00001eb215280,1
Fst_IC_stover,BP,652,455,GO:0003333,amino acid transmembrane transport,2/455,89/27694,0.43099605556784204,0.6254584841103825,0.5944094475693039,Zm00001eb173390/Zm00001eb380520,2
Fst_IC_stover,CC,652,455,GO:0005576,extracellular region,10/455,557/27694,0.43285369541343854,0.6267946368649142,0.5956792709722417,Zm00001eb074290/Zm00001eb150910/Zm00001eb168520/Zm00001eb176480/Zm00001eb176490/Zm00001eb354680/Zm00001eb354690/Zm00001eb354700/Zm00001eb417240/Zm00001eb425600,10
Fst_IC_stover,CC,652,455,GO:0005654,nucleoplasm,2/455,90/27694,0.43659804983981154,0.6308511778462935,0.5995344369745281,Zm00001eb201260/Zm00001eb225210,2
Fst_IC_stover,MF,652,455,GO:0000774,adenyl-nucleotide exchange factor activity,1/455,35/27694,0.44019661199746074,0.6333151256479597,0.601876069375136,Zm00001eb374660,1
Fst_IC_stover,MF,652,455,GO:0003680,minor groove of adenine-thymine-rich DNA binding,1/455,35/27694,0.44019661199746074,0.6333151256479597,0.601876069375136,Zm00001eb415680,1
Fst_IC_stover,MF,652,455,GO:0046983,protein dimerization activity,7/455,386/27694,0.449240723015464,0.6396857992688382,0.6079304897464847,Zm00001eb086370/Zm00001eb099390/Zm00001eb332400/Zm00001eb384990/Zm00001eb411130/Zm00001eb417570/Zm00001eb425590,7
Fst_IC_stover,BP,652,455,GO:0071555,cell wall organization,7/455,386/27694,0.449240723015464,0.6396857992688382,0.6079304897464847,Zm00001eb071660/Zm00001eb179710/Zm00001eb373230/Zm00001eb373250/Zm00001eb373260/Zm00001eb414340/Zm00001eb414450,7
Fst_IC_stover,MF,652,455,GO:0004565,beta-galactosidase activity,1/455,36/27694,0.4494055689930553,0.6396857992688382,0.6079304897464847,Zm00001eb225390,1
Fst_IC_stover,BP,652,455,GO:0005985,sucrose metabolic process,1/455,36/27694,0.4494055689930553,0.6396857992688382,0.6079304897464847,Zm00001eb183000,1
Fst_IC_stover,BP,652,455,GO:0008643,carbohydrate transport,1/455,36/27694,0.4494055689930553,0.6396857992688382,0.6079304897464847,Zm00001eb335350,1
Fst_IC_stover,CC,652,455,GO:0098552,side of membrane,2/455,93/27694,0.45322182141542955,0.6437481922015337,0.6117912171972723,Zm00001eb280890/Zm00001eb367960,2
Fst_IC_stover,BP,652,455,GO:0006833,water transport,1/455,37/27694,0.4584633629806236,0.647071708510627,0.6149497473690799,Zm00001eb074210,1
Fst_IC_stover,BP,652,455,GO:0008610,lipid biosynthetic process,1/455,37/27694,0.4584633629806236,0.647071708510627,0.6149497473690799,Zm00001eb335380,1
Fst_IC_stover,CC,652,455,GO:0030117,membrane coat,1/455,37/27694,0.4584633629806236,0.647071708510627,0.6149497473690799,Zm00001eb091670,1
Fst_IC_stover,BP,652,455,GO:0051301,cell division,4/455,213/27694,0.46455593791828387,0.6536082718696574,0.6211618223731777,Zm00001eb125490/Zm00001eb280900/Zm00001eb404900/Zm00001eb414430,4
Fst_IC_stover,CC,652,455,GO:0015630,microtubule cytoskeleton,1/455,38/27694,0.4673724698918508,0.6536082718696574,0.6211618223731777,Zm00001eb115940,1
Fst_IC_stover,MF,652,455,GO:0035091,phosphatidylinositol binding,1/455,38/27694,0.4673724698918508,0.6536082718696574,0.6211618223731777,Zm00001eb387110,1
Fst_IC_stover,BP,652,455,GO:0048364,root development,1/455,38/27694,0.4673724698918508,0.6536082718696574,0.6211618223731777,Zm00001eb150880,1
Fst_IC_stover,MF,652,455,GO:0000976,transcription cis-regulatory region binding,10/455,573/27694,0.4679796146869446,0.6536082718696574,0.6211618223731777,Zm00001eb020610/Zm00001eb020640/Zm00001eb145370/Zm00001eb178500/Zm00001eb332400/Zm00001eb367920/Zm00001eb369190/Zm00001eb373370/Zm00001eb374830/Zm00001eb411150,10
Fst_IC_stover,MF,652,455,GO:0004497,monooxygenase activity,7/455,394/27694,0.47039624870962415,0.6556147716390387,0.6230687153960812,Zm00001eb040180/Zm00001eb074170/Zm00001eb179100/Zm00001eb225160/Zm00001eb385730/Zm00001eb387160/Zm00001eb396380,7
Fst_IC_stover,CC,652,455,GO:0000502,proteasome complex,2/455,97/27694,0.47494364426602853,0.6605765031475532,0.6277841364190421,Zm00001eb369210/Zm00001eb387100,2
Fst_IC_stover,BP,652,455,GO:0005992,trehalose biosynthetic process,1/455,39/27694,0.4761353251926611,0.6608600260454155,0.6280535846612085,Zm00001eb098910,1
Fst_IC_stover,MF,652,455,GO:0004518,nuclease activity,3/455,158/27694,0.48219304270621544,0.6678822889657519,0.6347272481084322,Zm00001eb091650/Zm00001eb125480/Zm00001eb369790,3
Fst_IC_stover,BP,652,455,GO:0000288,"nuclear-transcribed mRNA catabolic process, deadenylation-dependent decay",1/455,40/27694,0.4847543245431345,0.6686611198337257,0.6354674162214938,Zm00001eb183050,1
Fst_IC_stover,BP,652,455,GO:0006914,autophagy,1/455,40/27694,0.4847543245431345,0.6686611198337257,0.6354674162214938,Zm00001eb151200,1
Fst_IC_stover,MF,652,455,GO:0016853,isomerase activity,6/455,340/27694,0.4871970269114573,0.669764563034006,0.6365160822477218,Zm00001eb074060/Zm00001eb203980/Zm00001eb287360/Zm00001eb332450/Zm00001eb408420/Zm00001eb415420,6
Fst_IC_stover,BP,652,455,GO:0006952,defense response,8/455,461/27694,0.4875565653177293,0.669764563034006,0.6365160822477218,Zm00001eb071680/Zm00001eb087590/Zm00001eb135980/Zm00001eb137280/Zm00001eb151400/Zm00001eb201210/Zm00001eb405670/Zm00001eb425600,8
Fst_IC_stover,CC,652,455,GO:0005768,endosome,2/455,100/27694,0.49088794592474805,0.6720409176269542,0.638679433949619,Zm00001eb367970/Zm00001eb387110,2
Fst_IC_stover,MF,652,455,GO:0019888,protein phosphatase regulator activity,1/455,41/27694,0.49323182444668834,0.6720409176269542,0.638679433949619,Zm00001eb386290,1
Fst_IC_stover,MF,652,455,GO:0030276,clathrin binding,1/455,41/27694,0.49323182444668834,0.6720409176269542,0.638679433949619,Zm00001eb367970,1
Fst_IC_stover,BP,652,455,GO:0071897,DNA biosynthetic process,1/455,41/27694,0.49323182444668834,0.6720409176269542,0.638679433949619,Zm00001eb411140,1
Fst_IC_stover,BP,652,455,GO:0006364,rRNA processing,3/455,161/27694,0.494633546958383,0.6725809815348746,0.6391926879821639,Zm00001eb177850/Zm00001eb205620/Zm00001eb369240,3
Fst_IC_stover,MF,652,455,GO:0010181,FMN binding,1/455,42/27694,0.501570142888693,0.6792518736691003,0.6455324234067134,Zm00001eb369750,1
Fst_IC_stover,BP,652,455,GO:0016226,iron-sulfur cluster assembly,1/455,42/27694,0.501570142888693,0.6792518736691003,0.6455324234067134,Zm00001eb201220,1
Fst_IC_stover,MF,652,455,GO:0003824,catalytic activity,11/455,650/27694,0.5029682837443039,0.6797692562119987,0.6460241220235186,Zm00001eb017520/Zm00001eb098910/Zm00001eb099530/Zm00001eb102970/Zm00001eb145390/Zm00001eb168480/Zm00001eb173900/Zm00001eb178070/Zm00001eb182780/Zm00001eb408420/Zm00001eb414640,11
Fst_IC_stover,BP,652,455,GO:0006096,glycolytic process,2/455,103/27694,0.5065243113629578,0.682918710040796,0.6490172305320443,Zm00001eb099530/Zm00001eb168480,2
Fst_IC_stover,MF,652,455,GO:0003684,damaged DNA binding,1/455,43/27694,0.5097715599646964,0.682918710040796,0.6490172305320443,Zm00001eb369790,1
Fst_IC_stover,BP,652,455,GO:0006891,intra-Golgi vesicle-mediated transport,1/455,43/27694,0.5097715599646964,0.682918710040796,0.6490172305320443,Zm00001eb091670,1
Fst_IC_stover,BP,652,455,GO:0006974,DNA damage response,4/455,226/27694,0.5104026233488759,0.682918710040796,0.6490172305320443,Zm00001eb176980/Zm00001eb280900/Zm00001eb369790/Zm00001eb404860,4
Fst_IC_stover,CC,652,455,GO:0009535,chloroplast thylakoid membrane,4/455,226/27694,0.5104026233488759,0.682918710040796,0.6490172305320443,Zm00001eb141830/Zm00001eb183170/Zm00001eb385230/Zm00001eb397310,4
Fst_IC_stover,MF,652,455,GO:0051015,actin filament binding,2/455,105/27694,0.5167736309967677,0.6887352585992936,0.6545450337408125,Zm00001eb071670/Zm00001eb080640,2
Fst_IC_stover,MF,652,455,GO:0003887,DNA-directed DNA polymerase activity,1/455,44/27694,0.5178383184984225,0.6887352585992936,0.6545450337408125,Zm00001eb411140,1
Fst_IC_stover,BP,652,455,GO:0048367,shoot system development,1/455,44/27694,0.5178383184984225,0.6887352585992936,0.6545450337408125,Zm00001eb367930,1
Fst_IC_stover,MF,652,455,GO:0005516,calmodulin binding,4/455,229/27694,0.5207324112143599,0.6910449624570902,0.6567400791819409,Zm00001eb091220/Zm00001eb173930/Zm00001eb201210/Zm00001eb369270,4
Fst_IC_stover,BP,652,455,GO:0009734,auxin-activated signaling pathway,3/455,168/27694,0.5230654926225344,0.6910449624570902,0.6567400791819409,Zm00001eb206720/Zm00001eb332360/Zm00001eb355170,3
Fst_IC_stover,CC,652,455,GO:0000151,ubiquitin ligase complex,1/455,45/27694,0.5257726246497144,0.6910449624570902,0.6567400791819409,Zm00001eb425570,1
Fst_IC_stover,MF,652,455,GO:0015267,channel activity,1/455,45/27694,0.5257726246497144,0.6910449624570902,0.6567400791819409,Zm00001eb074210,1
Fst_IC_stover,BP,652,455,GO:0034599,cellular response to oxidative stress,1/455,45/27694,0.5257726246497144,0.6910449624570902,0.6567400791819409,Zm00001eb397180,1
Fst_IC_stover,BP,652,455,GO:0051028,mRNA transport,1/455,45/27694,0.5257726246497144,0.6910449624570902,0.6567400791819409,Zm00001eb386170,1
Fst_IC_stover,MF,652,455,GO:0016298,lipase activity,1/455,46/27694,0.5335766485125801,0.6999270154017962,0.6651812088784281,Zm00001eb102970,1
Fst_IC_stover,MF,652,455,GO:0004386,helicase activity,4/455,234/27694,0.5377157385285027,0.7039761821439694,0.669029366713803,Zm00001eb111380/Zm00001eb176980/Zm00001eb178390/Zm00001eb384980,4
Fst_IC_stover,BP,652,455,GO:0006366,transcription by RNA polymerase II,1/455,47/27694,0.5412525247035083,0.7043457856881999,0.6693806223832471,Zm00001eb074070,1
Fst_IC_stover,BP,652,455,GO:0048731,system development,1/455,47/27694,0.5412525247035083,0.7043457856881999,0.6693806223832471,Zm00001eb367990,1
Fst_IC_stover,MF,652,455,GO:0008757,S-adenosylmethionine-dependent methyltransferase activity,2/455,110/27694,0.5417712839008595,0.7043457856881999,0.6693806223832471,Zm00001eb102990/Zm00001eb145350,2
Fst_IC_stover,MF,652,455,GO:0016798,"hydrolase activity, acting on glycosyl bonds",7/455,422/27694,0.5425314527491818,0.7043457856881999,0.6693806223832471,Zm00001eb071660/Zm00001eb074120/Zm00001eb138350/Zm00001eb225390/Zm00001eb414340/Zm00001eb414450/Zm00001eb425600,7
Fst_IC_stover,BP,652,455,GO:0006511,ubiquitin-dependent protein catabolic process,5/455,298/27694,0.5432622203514367,0.7043457856881999,0.6693806223832471,Zm00001eb206740/Zm00001eb358280/Zm00001eb369210/Zm00001eb404860/Zm00001eb425570,5
Fst_IC_stover,CC,652,455,GO:0009707,chloroplast outer membrane,1/455,48/27694,0.548802352940203,0.7087814172142776,0.673596060101367,Zm00001eb404840,1
Fst_IC_stover,BP,652,455,GO:0016126,sterol biosynthetic process,1/455,48/27694,0.548802352940203,0.7087814172142776,0.673596060101367,Zm00001eb335380,1
Fst_IC_stover,BP,652,455,GO:0006816,calcium ion transport,1/455,49/27694,0.5562281986109043,0.7169877935851541,0.6813950551891009,Zm00001eb397320,1
Fst_IC_stover,MF,652,455,GO:0061630,ubiquitin protein ligase activity,8/455,491/27694,0.558876234051491,0.7190157703470145,0.6833223590427138,Zm00001eb071710/Zm00001eb141820/Zm00001eb178990/Zm00001eb204890/Zm00001eb358280/Zm00001eb380500/Zm00001eb385250/Zm00001eb425570,8
Fst_IC_stover,CC,652,455,GO:0000785,chromatin,2/455,114/27694,0.5611144863035077,0.7205097722400127,0.6847421956305055,Zm00001eb183010/Zm00001eb280900,2
Fst_IC_stover,BP,652,455,GO:0000413,protein peptidyl-prolyl isomerization,1/455,50/27694,0.5635320933344362,0.7208469798102062,0.6850626635282269,Zm00001eb332450,1
Fst_IC_stover,BP,652,455,GO:0006334,nucleosome assembly,1/455,50/27694,0.5635320933344362,0.7208469798102062,0.6850626635282269,Zm00001eb183010,1
Fst_IC_stover,MF,652,455,GO:0046873,metal ion transmembrane transporter activity,1/455,51/27694,0.570716035511141,0.7272552909656254,0.6911528530300336,Zm00001eb397320,1
Fst_IC_stover,BP,652,455,GO:0051726,regulation of cell cycle,1/455,51/27694,0.570716035511141,0.7272552909656254,0.6911528530300336,Zm00001eb017510,1
Fst_IC_stover,BP,652,455,GO:0032259,methylation,7/455,434/27694,0.572203026031329,0.7277639247432682,0.6916362371881584,Zm00001eb074140/Zm00001eb168490/Zm00001eb176270/Zm00001eb205620/Zm00001eb385240/Zm00001eb414720/Zm00001eb425580,7
Fst_IC_stover,BP,652,455,GO:0002229,defense response to oomycetes,1/455,52/27694,0.5777819908648449,0.7286057347933981,0.6924362580681496,Zm00001eb280870,1
Fst_IC_stover,BP,652,455,GO:0006004,fucose metabolic process,1/455,52/27694,0.5777819908648449,0.7286057347933981,0.6924362580681496,Zm00001eb074120,1
Fst_IC_stover,BP,652,455,GO:0016579,protein deubiquitination,1/455,52/27694,0.5777819908648449,0.7286057347933981,0.6924362580681496,Zm00001eb374670,1
Fst_IC_stover,BP,652,455,GO:0019752,carboxylic acid metabolic process,1/455,52/27694,0.5777819908648449,0.7286057347933981,0.6924362580681496,Zm00001eb017520,1
Fst_IC_stover,MF,652,455,GO:0000981,"DNA-binding transcription factor activity, RNA polymerase II-specific",5/455,310/27694,0.5783103814279438,0.7286057347933981,0.6924362580681496,Zm00001eb098960/Zm00001eb179000/Zm00001eb389900/Zm00001eb411130/Zm00001eb425590,5
Fst_IC_stover,CC,652,455,GO:0005774,vacuolar membrane,2/455,118/27694,0.579867381137556,0.72919413154328,0.6929954456016696,Zm00001eb099150/Zm00001eb099160,2
Fst_IC_stover,BP,652,455,GO:0006888,endoplasmic reticulum to Golgi vesicle-mediated transport,2/455,119/27694,0.5844628362937099,0.7330941138347191,0.6967018248071282,Zm00001eb091670/Zm00001eb411050,2
Fst_IC_stover,BP,652,455,GO:0006397,mRNA processing,6/455,376/27694,0.5851603240474439,0.7330941138347191,0.6967018248071282,Zm00001eb162920/Zm00001eb173350/Zm00001eb176260/Zm00001eb386170/Zm00001eb397200/Zm00001eb414780,6
Fst_IC_stover,BP,652,455,GO:0000398,"mRNA splicing, via spliceosome",3/455,185/27694,0.5882623935731134,0.7356028809353511,0.6990860515851658,Zm00001eb162920/Zm00001eb173350/Zm00001eb203990,3
Fst_IC_stover,MF,652,455,GO:0005506,iron ion binding,7/455,442/27694,0.5914752785373215,0.7356110663686,0.6990938306767909,Zm00001eb040180/Zm00001eb074170/Zm00001eb201220/Zm00001eb225160/Zm00001eb335380/Zm00001eb385730/Zm00001eb387160,7
Fst_IC_stover,BP,652,455,GO:0006890,"retrograde vesicle-mediated transport, Golgi to endoplasmic reticulum",1/455,54/27694,0.5915676438061387,0.7356110663686,0.6990938306767909,Zm00001eb411050,1
Fst_IC_stover,BP,652,455,GO:0034219,carbohydrate transmembrane transport,1/455,54/27694,0.5915676438061387,0.7356110663686,0.6990938306767909,Zm00001eb335350,1
Fst_IC_stover,MF,652,455,GO:0005543,phospholipid binding,1/455,55/27694,0.5982911142138162,0.7412162137204501,0.7044207270665594,Zm00001eb367970,1
Fst_IC_stover,BP,652,455,GO:0009909,regulation of flower development,1/455,55/27694,0.5982911142138162,0.7412162137204501,0.7044207270665594,Zm00001eb380460,1
Fst_IC_stover,BP,652,455,GO:0008652,amino acid biosynthetic process,3/455,189/27694,0.6027489838137432,0.7446602401754129,0.7076937850144747,Zm00001eb203980/Zm00001eb397170/Zm00001eb414460,3
Fst_IC_stover,MF,652,455,GO:0008168,methyltransferase activity,7/455,447/27694,0.6032972349403195,0.7446602401754129,0.7076937850144747,Zm00001eb074140/Zm00001eb168490/Zm00001eb176270/Zm00001eb205620/Zm00001eb385240/Zm00001eb414720/Zm00001eb425580,7
Fst_IC_stover,MF,652,455,GO:0001216,DNA-binding transcription activator activity,1/455,57/27694,0.6114085447179121,0.7518976404711087,0.7145719059783647,Zm00001eb355150,1
Fst_IC_stover,MF,652,455,GO:0005546,"phosphatidylinositol-4,5-bisphosphate binding",1/455,57/27694,0.6114085447179121,0.7518976404711087,0.7145719059783647,Zm00001eb183790,1
Fst_IC_stover,MF,652,455,GO:0042802,identical protein binding,1/455,58/27694,0.6178060955430145,0.7583711521436269,0.7207240593104409,Zm00001eb179000,1
Fst_IC_stover,MF,652,455,GO:0016705,"oxidoreductase activity, acting on paired donors, with incorporation or reduction of molecular oxygen",5/455,325/27694,0.6200337609977216,0.759711696167538,0.7219980559911777,Zm00001eb040180/Zm00001eb074170/Zm00001eb225160/Zm00001eb385730/Zm00001eb387160,5
Fst_IC_stover,MF,652,455,GO:0004553,"hydrolase activity, hydrolyzing O-glycosyl compounds",5/455,326/27694,0.6227271539999506,0.7616169397184039,0.7238087193610511,Zm00001eb071660/Zm00001eb138350/Zm00001eb225390/Zm00001eb414340/Zm00001eb414450,5
Fst_IC_stover,MF,652,455,GO:0016746,acyltransferase activity,5/455,328/27694,0.6280797506277573,0.766761593375857,0.7286979819038908,Zm00001eb102970/Zm00001eb115970/Zm00001eb151440/Zm00001eb162960/Zm00001eb183070,5
Fst_IC_stover,CC,652,455,GO:0030015,CCR4-NOT core complex,1/455,60/27694,0.6302876260139182,0.7680554131207855,0.7299275737942797,Zm00001eb183050,1
Fst_IC_stover,BP,652,455,GO:0006811,monoatomic ion transport,7/455,461/27694,0.6354233307535444,0.7729058332256749,0.7345372091390255,Zm00001eb099150/Zm00001eb099160/Zm00001eb225150/Zm00001eb369820/Zm00001eb374840/Zm00001eb397320/Zm00001eb422120,7
Fst_IC_stover,BP,652,455,GO:0030154,cell differentiation,2/455,132/27694,0.640821934500716,0.7743071169414101,0.7358689302692341,Zm00001eb178050/Zm00001eb369190,2
Fst_IC_stover,CC,652,455,GO:0000145,exocyst,1/455,62/27694,0.6423624064312147,0.7743071169414101,0.7358689302692341,Zm00001eb183790,1
Fst_IC_stover,MF,652,455,GO:0016709,"oxidoreductase activity, acting on paired donors, with incorporation or reduction of molecular oxygen, NAD(P)H as one donor, and incorporation of one atom of oxygen",1/455,62/27694,0.6423624064312147,0.7743071169414101,0.7358689302692341,Zm00001eb225160,1
Fst_IC_stover,MF,652,455,GO:0030247,polysaccharide binding,1/455,62/27694,0.6423624064312147,0.7743071169414101,0.7358689302692341,Zm00001eb177830,1
Fst_IC_stover,BP,652,455,GO:0048544,recognition of pollen,1/455,62/27694,0.6423624064312147,0.7743071169414101,0.7358689302692341,Zm00001eb369770,1
Fst_IC_stover,BP,652,455,GO:0010468,regulation of gene expression,2/455,133/27694,0.6448983944315627,0.7759658738753875,0.7374453431212873,Zm00001eb177850/Zm00001eb373390,2
Fst_IC_stover,MF,652,455,GO:0030246,carbohydrate binding,3/455,202/27694,0.6474641142669467,0.7776543849992592,0.7390500331044806,Zm00001eb084590/Zm00001eb239440/Zm00001eb280870,3
Fst_IC_stover,MF,652,455,GO:0003779,actin binding,2/455,135/27694,0.6529415333094605,0.7785679912300059,0.7399182860560517,Zm00001eb071670/Zm00001eb080640,2
Fst_IC_stover,BP,652,455,GO:0000724,double-strand break repair via homologous recombination,1/455,64/27694,0.6540436637836522,0.7785679912300059,0.7399182860560517,Zm00001eb183010,1
Fst_IC_stover,BP,652,455,GO:0007010,cytoskeleton organization,1/455,64/27694,0.6540436637836522,0.7785679912300059,0.7399182860560517,Zm00001eb071670,1
Fst_IC_stover,BP,652,455,GO:0009908,flower development,1/455,64/27694,0.6540436637836522,0.7785679912300059,0.7399182860560517,Zm00001eb369190,1
Fst_IC_stover,CC,652,455,GO:0019005,SCF ubiquitin ligase complex,1/455,64/27694,0.6540436637836522,0.7785679912300059,0.7399182860560517,Zm00001eb177870,1
Fst_IC_stover,BP,652,455,GO:0009451,RNA modification,4/455,273/27694,0.6585414474743545,0.7797995636983398,0.7410887207517857,Zm00001eb074060/Zm00001eb094630/Zm00001eb102980/Zm00001eb411060,4
Fst_IC_stover,CC,652,455,GO:0015629,actin cytoskeleton,1/455,65/27694,0.6597407370003892,0.7797995636983398,0.7410887207517857,Zm00001eb071670,1
Fst_IC_stover,CC,652,455,GO:0032040,small-subunit processome,1/455,65/27694,0.6597407370003892,0.7797995636983398,0.7410887207517857,Zm00001eb369240,1
Fst_IC_stover,BP,652,455,GO:0070588,calcium ion transmembrane transport,1/455,65/27694,0.6597407370003892,0.7797995636983398,0.7410887207517857,Zm00001eb397320,1
Fst_IC_stover,BP,652,455,GO:0006357,regulation of transcription by RNA polymerase II,9/455,605/27694,0.6646438808211519,0.7832502266401783,0.7443680857378141,Zm00001eb017510/Zm00001eb098960/Zm00001eb156320/Zm00001eb179000/Zm00001eb206760/Zm00001eb335330/Zm00001eb389900/Zm00001eb411130/Zm00001eb425590,9
Fst_IC_stover,MF,652,455,GO:0051536,iron-sulfur cluster binding,3/455,208/27694,0.6668610076712846,0.7832502266401783,0.7443680857378141,Zm00001eb091680/Zm00001eb091690/Zm00001eb201220,3
Fst_IC_stover,MF,652,455,GO:0000978,RNA polymerase II cis-regulatory region sequence-specific DNA binding,4/455,277/27694,0.6696522673763512,0.7832502266401783,0.7443680857378141,Zm00001eb206760/Zm00001eb389900/Zm00001eb411130/Zm00001eb425590,4
Fst_IC_stover,MF,652,455,GO:0004683,calcium/calmodulin-dependent protein kinase activity,1/455,67/27694,0.6708555752837402,0.7832502266401783,0.7443680857378141,Zm00001eb369270,1
Fst_IC_stover,BP,652,455,GO:0006310,DNA recombination,1/455,67/27694,0.6708555752837402,0.7832502266401783,0.7443680857378141,Zm00001eb369790,1
Fst_IC_stover,BP,652,455,GO:0007015,actin filament organization,1/455,67/27694,0.6708555752837402,0.7832502266401783,0.7443680857378141,Zm00001eb071670,1
Fst_IC_stover,MF,652,455,GO:0009931,calcium-dependent protein serine/threonine kinase activity,1/455,67/27694,0.6708555752837402,0.7832502266401783,0.7443680857378141,Zm00001eb369270,1
Fst_IC_stover,BP,652,455,GO:0006520,amino acid metabolic process,1/455,68/27694,0.6762763851163642,0.7854668431299439,0.7464746648579752,Zm00001eb178070,1
Fst_IC_stover,MF,652,455,GO:0030674,protein-macromolecule adaptor activity,1/455,68/27694,0.6762763851163642,0.7854668431299439,0.7464746648579752,Zm00001eb409710,1
Fst_IC_stover,BP,652,455,GO:0031507,heterochromatin formation,1/455,68/27694,0.6762763851163642,0.7854668431299439,0.7464746648579752,Zm00001eb017490,1
Fst_IC_stover,BP,652,455,GO:0007166,cell surface receptor signaling pathway,1/455,69/27694,0.6816081104755205,0.7875575576996947,0.7484615920865638,Zm00001eb177830,1
Fst_IC_stover,BP,652,455,GO:0009737,response to abscisic acid,1/455,69/27694,0.6816081104755205,0.7875575576996947,0.7484615920865638,Zm00001eb091200,1
Fst_IC_stover,MF,652,455,GO:0042803,protein homodimerization activity,1/455,69/27694,0.6816081104755205,0.7875575576996947,0.7484615920865638,Zm00001eb414790,1
Fst_IC_stover,MF,652,455,GO:0003735,structural constituent of ribosome,9/455,616/27694,0.685146362615259,0.7895259964810816,0.7503323135466499,Zm00001eb091680/Zm00001eb091690/Zm00001eb173710/Zm00001eb173730/Zm00001eb184740/Zm00001eb204010/Zm00001eb225380/Zm00001eb335180/Zm00001eb415410,9
Fst_IC_stover,MF,652,455,GO:0003746,translation elongation factor activity,1/455,70/27694,0.6868522121853355,0.7895259964810816,0.7503323135466499,Zm00001eb183770,1
Fst_IC_stover,MF,652,455,GO:0016831,carboxy-lyase activity,1/455,70/27694,0.6868522121853355,0.7895259964810816,0.7503323135466499,Zm00001eb414460,1
Fst_IC_stover,MF,652,455,GO:0003743,translation initiation factor activity,2/455,146/27694,0.6946019522489864,0.7970646759083565,0.7574967575307173,Zm00001eb150960/Zm00001eb424960,2
Fst_IC_stover,BP,652,455,GO:0006281,DNA repair,4/455,289/27694,0.7014790993327203,0.8015134050607953,0.7617246426822758,Zm00001eb176980/Zm00001eb280900/Zm00001eb369790/Zm00001eb411140,4
Fst_IC_stover,BP,652,455,GO:0006413,translational initiation,2/455,148/27694,0.7017171999631243,0.8015134050607953,0.7617246426822758,Zm00001eb150960/Zm00001eb424960,2
Fst_IC_stover,CC,652,455,GO:0010008,endosome membrane,1/455,73/27694,0.7020730274523558,0.8015134050607953,0.7617246426822758,Zm00001eb387110,1
Fst_IC_stover,MF,652,455,GO:0004197,cysteine-type endopeptidase activity,1/455,74/27694,0.706980770564813,0.803005323442886,0.7631424991888965,Zm00001eb100260,1
Fst_IC_stover,BP,652,455,GO:0006869,lipid transport,1/455,74/27694,0.706980770564813,0.803005323442886,0.7631424991888965,Zm00001eb215280,1
Fst_IC_stover,BP,652,455,GO:0007017,microtubule-based process,1/455,74/27694,0.706980770564813,0.803005323442886,0.7631424991888965,Zm00001eb115940,1
Fst_IC_stover,MF,652,455,GO:0015171,amino acid transmembrane transporter activity,1/455,75/27694,0.7118078433161892,0.8057520256827928,0.7657528495199544,Zm00001eb173390,1
Fst_IC_stover,MF,652,455,GO:0050661,NADP binding,1/455,75/27694,0.7118078433161892,0.8057520256827928,0.7657528495199544,Zm00001eb179100,1
Fst_IC_stover,MF,652,455,GO:0051087,protein-folding chaperone binding,1/455,76/27694,0.7165555688417742,0.8079406837573133,0.7678328581377033,Zm00001eb374660,1
Fst_IC_stover,CC,652,455,GO:0005794,Golgi apparatus,7/455,500/27694,0.7165951655597418,0.8079406837573133,0.7678328581377033,Zm00001eb179710/Zm00001eb215280/Zm00001eb367970/Zm00001eb397150/Zm00001eb404880/Zm00001eb414700/Zm00001eb426260,7
Fst_IC_stover,CC,652,455,GO:0000139,Golgi membrane,8/455,568/27694,0.718233561819734,0.8079406837573133,0.7678328581377033,Zm00001eb091670/Zm00001eb179710/Zm00001eb183060/Zm00001eb271150/Zm00001eb354300/Zm00001eb404880/Zm00001eb411050/Zm00001eb426260,8
Fst_IC_stover,MF,652,455,GO:0016616,"oxidoreductase activity, acting on the CH-OH group of donors, NAD or NADP as acceptor",2/455,153/27694,0.7189041354889002,0.8079406837573133,0.7678328581377033,Zm00001eb183790/Zm00001eb385010,2
Fst_IC_stover,BP,652,455,GO:0031146,SCF-dependent proteasomal ubiquitin-dependent protein catabolic process,1/455,77/27694,0.7212252486222432,0.8079406837573133,0.7678328581377033,Zm00001eb177870,1
Fst_IC_stover,MF,652,455,GO:0003729,mRNA binding,10/455,703/27694,0.7213238032576426,0.8079406837573133,0.7678328581377033,Zm00001eb098710/Zm00001eb150960/Zm00001eb173820/Zm00001eb176260/Zm00001eb178770/Zm00001eb203990/Zm00001eb225380/Zm00001eb397200/Zm00001eb411060/Zm00001eb424960,10
Fst_IC_stover,CC,652,455,GO:0000932,P-body,1/455,78/27694,0.7258181628372875,0.8079406837573133,0.7678328581377033,Zm00001eb183050,1
Fst_IC_stover,MF,652,455,GO:0004527,exonuclease activity,1/455,78/27694,0.7258181628372875,0.8079406837573133,0.7678328581377033,Zm00001eb369790,1
Fst_IC_stover,BP,652,455,GO:0006414,translational elongation,1/455,78/27694,0.7258181628372875,0.8079406837573133,0.7678328581377033,Zm00001eb183770,1
Fst_IC_stover,MF,652,455,GO:0016758,hexosyltransferase activity,1/455,78/27694,0.7258181628372875,0.8079406837573133,0.7678328581377033,Zm00001eb271150,1
Fst_IC_stover,BP,652,455,GO:0006412,translation,11/455,774/27694,0.7287589000736892,0.8098666181882027,0.7696631852500582,Zm00001eb091680/Zm00001eb091690/Zm00001eb150960/Zm00001eb173710/Zm00001eb173730/Zm00001eb183770/Zm00001eb184740/Zm00001eb204010/Zm00001eb225380/Zm00001eb335180/Zm00001eb415410,11
Fst_IC_stover,BP,652,455,GO:0009611,response to wounding,1/455,79/27694,0.7303355707134838,0.8102727973587407,0.7700492008570206,Zm00001eb225150,1
Fst_IC_stover,CC,652,455,GO:0005739,mitochondrion,10/455,711/27694,0.7340503900719922,0.8125073678837755,0.7721728427374723,Zm00001eb150880/Zm00001eb151430/Zm00001eb156350/Zm00001eb183760/Zm00001eb183770/Zm00001eb201220/Zm00001eb225380/Zm00001eb354280/Zm00001eb397220/Zm00001eb424940,10
Fst_IC_stover,MF,652,455,GO:0005085,guanyl-nucleotide exchange factor activity,1/455,80/27694,0.7347787108664936,0.8125073678837755,0.7721728427374723,Zm00001eb173870,1
Fst_IC_stover,BP,652,455,GO:0009742,brassinosteroid mediated signaling pathway,1/455,81/27694,0.7391488016376874,0.8151961947049996,0.774728190703831,Zm00001eb414790,1
Fst_IC_stover,MF,652,455,GO:0008017,microtubule binding,3/455,234/27694,0.741863008277901,0.8151961947049996,0.774728190703831,Zm00001eb091240/Zm00001eb115940/Zm00001eb173890,3
Fst_IC_stover,MF,652,455,GO:0003755,peptidyl-prolyl cis-trans isomerase activity,1/455,82/27694,0.7434470414252821,0.8151961947049996,0.774728190703831,Zm00001eb332450,1
Fst_IC_stover,BP,652,455,GO:0009416,response to light stimulus,1/455,82/27694,0.7434470414252821,0.8151961947049996,0.774728190703831,Zm00001eb176470,1
Fst_IC_stover,MF,652,455,GO:0022857,transmembrane transporter activity,7/455,515/27694,0.7443479139510865,0.8151961947049996,0.774728190703831,Zm00001eb008170/Zm00001eb162310/Zm00001eb183000/Zm00001eb335350/Zm00001eb373380/Zm00001eb425550/Zm00001eb425560,7
Fst_IC_stover,BP,652,455,GO:0000226,microtubule cytoskeleton organization,1/455,83/27694,0.7476746090100819,0.8151961947049996,0.774728190703831,Zm00001eb178370,1
Fst_IC_stover,BP,652,455,GO:0005975,carbohydrate metabolic process,7/455,517/27694,0.7478996626969312,0.8151961947049996,0.774728190703831,Zm00001eb071660/Zm00001eb074120/Zm00001eb138350/Zm00001eb225390/Zm00001eb414340/Zm00001eb414450/Zm00001eb425600,7
Fst_IC_stover,MF,652,455,GO:0000977,RNA polymerase II transcription regulatory region sequence-specific DNA binding,1/455,84/27694,0.7518326638759114,0.8151961947049996,0.774728190703831,Zm00001eb411130,1
Fst_IC_stover,MF,652,455,GO:0004364,glutathione transferase activity,1/455,84/27694,0.7518326638759114,0.8151961947049996,0.774728190703831,Zm00001eb397280,1
Fst_IC_stover,CC,652,455,GO:0005773,vacuole,1/455,84/27694,0.7518326638759114,0.8151961947049996,0.774728190703831,Zm00001eb186920,1
Fst_IC_stover,BP,652,455,GO:0006887,exocytosis,1/455,84/27694,0.7518326638759114,0.8151961947049996,0.774728190703831,Zm00001eb183790,1
Fst_IC_stover,MF,652,455,GO:0008353,RNA polymerase II CTD heptapeptide repeat kinase activity,1/455,84/27694,0.7518326638759114,0.8151961947049996,0.774728190703831,Zm00001eb017510,1
Fst_IC_stover,MF,652,455,GO:0015293,symporter activity,1/455,85/27694,0.7559223465248234,0.818288045504328,0.7776665557149148,Zm00001eb183000,1
Fst_IC_stover,BP,652,455,GO:0008380,RNA splicing,3/455,240/27694,0.7571304935234364,0.818288045504328,0.7776665557149148,Zm00001eb162920/Zm00001eb173350/Zm00001eb414780,3
Fst_IC_stover,CC,652,455,GO:0015935,small ribosomal subunit,1/455,86/27694,0.7599447787871728,0.8200049306590623,0.7792982111841297,Zm00001eb415410,1
Fst_IC_stover,MF,652,455,GO:0009055,electron transfer activity,2/455,167/27694,0.7626367466021313,0.8215845144554361,0.7807993812148273,Zm00001eb183170/Zm00001eb280890,2
Fst_IC_stover,MF,652,455,GO:0016887,ATP hydrolysis activity,7/455,530/27694,0.7701347795795799,0.8283282436314131,0.7872083379016183,Zm00001eb173950/Zm00001eb176300/Zm00001eb178400/Zm00001eb178910/Zm00001eb204000/Zm00001eb374840/Zm00001eb397320,7
Fst_IC_stover,BP,652,455,GO:0006457,protein folding,4/455,322/27694,0.7774033229635658,0.8348038893461084,0.7933625193376597,Zm00001eb084590/Zm00001eb086360/Zm00001eb178400/Zm00001eb332450,4
Fst_IC_stover,MF,652,455,GO:0003774,cytoskeletal motor activity,1/455,91/27694,0.7790861793615182,0.8352702788347046,0.7938057562995228,Zm00001eb115940,1
Fst_IC_stover,MF,652,455,GO:0046982,protein heterodimerization activity,2/455,174/27694,0.7822087477090836,0.8372762435478031,0.7957121408274299,Zm00001eb178500/Zm00001eb389900,2
Fst_IC_stover,CC,652,455,GO:0005730,nucleolus,4/455,325/27694,0.7834827035210162,0.8373002055200637,0.7957349132784494,Zm00001eb177850/Zm00001eb205620/Zm00001eb369240/Zm00001eb374670,4
Fst_IC_stover,CC,652,455,GO:0005743,mitochondrial inner membrane,3/455,252/27694,0.7854765589542294,0.8376447213362125,0.7960623266258712,Zm00001eb099110/Zm00001eb151430/Zm00001eb408410,3
Fst_IC_stover,CC,652,455,GO:0005615,extracellular space,1/455,93/27694,0.7863092451407196,0.8376447213362125,0.7960623266258712,Zm00001eb100260,1
Fst_IC_stover,BP,652,455,GO:0000272,polysaccharide catabolic process,1/455,97/27694,0.8000560528678247,0.8509340212536958,0.808691918554374,Zm00001eb425600,1
Fst_IC_stover,BP,652,455,GO:0008033,tRNA processing,1/455,99/27694,0.8065948908011208,0.8565269554697617,0.8140072080933617,Zm00001eb074060,1
Fst_IC_stover,BP,652,455,GO:0007165,signal transduction,6/455,487/27694,0.8135704506166163,0.8625651845681717,0.8197456871672971,Zm00001eb017510/Zm00001eb151400/Zm00001eb225150/Zm00001eb369770/Zm00001eb380440/Zm00001eb387440,6
Fst_IC_stover,BP,652,455,GO:0098542,defense response to other organism,2/455,189/27694,0.8194361374956807,0.8674094556718519,0.8243494787598121,Zm00001eb087590/Zm00001eb422110,2
Fst_IC_stover,CC,652,455,GO:0005789,endoplasmic reticulum membrane,6/455,498/27694,0.8295648906510245,0.8767439365648267,0.833220576957211,Zm00001eb084590/Zm00001eb098730/Zm00001eb184650/Zm00001eb184750/Zm00001eb186920/Zm00001eb335380,6
Fst_IC_stover,CC,652,455,GO:0005829,cytosol,13/455,994/27694,0.8348186440094783,0.8803850616166493,0.8366809491250983,Zm00001eb074080/Zm00001eb090450/Zm00001eb091680/Zm00001eb091690/Zm00001eb138330/Zm00001eb168550/Zm00001eb173880/Zm00001eb176300/Zm00001eb215280/Zm00001eb225210/Zm00001eb374670/Zm00001eb386170/Zm00001eb386290,13
Fst_IC_stover,BP,652,455,GO:0016192,vesicle-mediated transport,4/455,354/27694,0.8356420241054892,0.8803850616166493,0.8366809491250983,Zm00001eb091670/Zm00001eb404830/Zm00001eb411050/Zm00001eb414700,4
Fst_IC_stover,CC,652,455,GO:0005856,cytoskeleton,2/455,206/27694,0.8546565220753795,0.8990019076547623,0.8543736169042192,Zm00001eb071670/Zm00001eb080640,2
Fst_IC_stover,BP,652,455,GO:0055085,transmembrane transport,13/455,1017/27694,0.8565897794172895,0.8996209771274203,0.854961954503913,Zm00001eb008170/Zm00001eb074090/Zm00001eb074210/Zm00001eb162310/Zm00001eb178910/Zm00001eb183000/Zm00001eb335350/Zm00001eb369820/Zm00001eb373380/Zm00001eb397150/Zm00001eb422120/Zm00001eb425550/Zm00001eb425560,13
Fst_IC_stover,BP,652,455,GO:0009101,glycoprotein biosynthetic process,1/455,118/27694,0.8589957322082462,0.9007337693531611,0.856019505450884,Zm00001eb271150,1
Fst_IC_stover,MF,652,455,GO:0140359,ABC-type transporter activity,1/455,119/27694,0.8613222821736236,0.9017599480033712,0.8569947424971068,Zm00001eb178910,1
Fst_IC_stover,MF,652,455,GO:0005096,GTPase activator activity,1/455,123/27694,0.8702516759555073,0.9096849550222413,0.8645263359821159,Zm00001eb091340,1
Fst_IC_stover,BP,652,455,GO:0006260,DNA replication,1/455,126/27694,0.8765701262529376,0.9148602409722546,0.869444710167952,Zm00001eb411140,1
Fst_IC_stover,MF,652,455,GO:0003676,nucleic acid binding,12/455,978/27694,0.882746071713655,0.9198709065053509,0.874206636030575,Zm00001eb125480/Zm00001eb173820/Zm00001eb173880/Zm00001eb176260/Zm00001eb176290/Zm00001eb176980/Zm00001eb183040/Zm00001eb183050/Zm00001eb183160/Zm00001eb203990/Zm00001eb386170/Zm00001eb424950,12
Fst_IC_stover,BP,652,455,GO:0015031,protein transport,7/455,620/27694,0.8859332576259022,0.9217563753526106,0.8759985063535157,Zm00001eb091670/Zm00001eb176300/Zm00001eb183790/Zm00001eb215280/Zm00001eb387110/Zm00001eb411050/Zm00001eb414700,7
Fst_IC_stover,MF,652,455,GO:0003682,chromatin binding,1/455,132/27694,0.88830076404696,0.922784489359342,0.8769755826812095,Zm00001eb183010,1
Fst_IC_stover,BP,652,455,GO:0009058,biosynthetic process,1/455,133/27694,0.8901447213925312,0.9232663854443464,0.8774335564603655,Zm00001eb138330,1
Fst_IC_stover,BP,652,455,GO:1902600,proton transmembrane transport,2/455,233/27694,0.8979056148718824,0.9298743906335747,0.8837135267763027,Zm00001eb335350/Zm00001eb374840,2
Fst_IC_stover,BP,652,455,GO:0006470,protein dephosphorylation,1/455,140/27694,0.9022293247530808,0.9329079107570495,0.8865964567654127,Zm00001eb091350,1
Fst_IC_stover,MF,652,455,GO:0016757,glycosyltransferase activity,9/455,791/27694,0.9051973267027698,0.9345324252533225,0.8881403270443031,Zm00001eb098910/Zm00001eb098940/Zm00001eb098950/Zm00001eb179710/Zm00001eb183710/Zm00001eb271150/Zm00001eb373230/Zm00001eb373250/Zm00001eb373260,9
Fst_IC_stover,MF,652,455,GO:0019843,rRNA binding,1/455,144/27694,0.9085294121483609,0.9350864257342361,0.8886668258098949,Zm00001eb204010,1
Fst_IC_stover,BP,652,455,GO:0045944,positive regulation of transcription by RNA polymerase II,1/455,144/27694,0.9085294121483609,0.9350864257342361,0.8886668258098949,Zm00001eb411130,1
Fst_IC_stover,CC,652,455,GO:0022627,cytosolic small ribosomal subunit,1/455,147/27694,0.9129871622689785,0.9382310469400102,0.891655341596674,Zm00001eb415410,1
Fst_IC_stover,MF,652,455,GO:0043531,ADP binding,1/455,150/27694,0.917228121456729,0.9411435786112756,0.8944232892474401,Zm00001eb087590,1
Fst_IC_stover,BP,652,455,GO:0006396,RNA processing,1/455,154/27694,0.9225636138836417,0.9451685416357676,0.8982484448871116,Zm00001eb162950,1
Fst_IC_stover,CC,652,455,GO:0005681,spliceosomal complex,1/455,156/27694,0.9251012413761359,0.9463191597563225,0.8993419439742253,Zm00001eb173350,1
Fst_IC_stover,BP,652,455,GO:0006886,intracellular protein transport,2/455,265/27694,0.9335942764510767,0.9535489632759853,0.9062128452815595,Zm00001eb091670/Zm00001eb404830,2
Fst_IC_stover,MF,652,455,GO:0004722,protein serine/threonine phosphatase activity,2/455,267/27694,0.9353791604559641,0.9539156377210976,0.9065613172583479,Zm00001eb099230/Zm00001eb425330,2
Fst_IC_stover,BP,652,455,GO:0006351,DNA-templated transcription,1/455,168/27694,0.9386761210528185,0.9545080351234793,0.9071243068438068,Zm00001eb369280,1
Fst_IC_stover,CC,652,455,GO:0005874,microtubule,2/455,271/27694,0.9388135831259332,0.9545080351234793,0.9071243068438068,Zm00001eb115940/Zm00001eb173890,2
Fst_IC_stover,MF,652,455,GO:0016779,nucleotidyltransferase activity,1/455,173/27694,0.9435800194444603,0.9578983808927829,0.9103463489249326,Zm00001eb145390,1
Fst_IC_stover,BP,652,455,GO:0009733,response to auxin,1/455,179/27694,0.9489508923040095,0.9618911317445188,0.9141408914698913,Zm00001eb332360,1
Fst_IC_stover,MF,652,455,GO:0015297,antiporter activity,1/455,181/27694,0.9506253033811496,0.9621306020604977,0.9143684739903087,Zm00001eb397150,1
Fst_IC_stover,CC,652,455,GO:0005694,chromosome,1/455,196/27694,0.9615547469767395,0.971722244301267,0.9234839675209902,Zm00001eb111380,1
Fst_IC_stover,MF,652,455,GO:0008270,zinc ion binding,23/455,1943/27694,0.9645526880659586,0.9732816716683654,0.9249659817287276,Zm00001eb020610/Zm00001eb020640/Zm00001eb020650/Zm00001eb071710/Zm00001eb091340/Zm00001eb091800/Zm00001eb094630/Zm00001eb101840/Zm00001eb111410/Zm00001eb141820/Zm00001eb145370/Zm00001eb150860/Zm00001eb168550/Zm00001eb176980/Zm00001eb178960/Zm00001eb201260/Zm00001eb203990/Zm00001eb225340/Zm00001eb358280/Zm00001eb380460/Zm00001eb411150/Zm00001eb413010/Zm00001eb425570,23
Fst_IC_stover,MF,652,455,GO:0004721,phosphoprotein phosphatase activity,1/455,208/27694,0.9685319155670153,0.9750620860501467,0.9266580127044115,Zm00001eb091350,1
Fst_IC_stover,MF,652,455,GO:0003723,RNA binding,19/455,1677/27694,0.9692321184205495,0.9750620860501467,0.9266580127044115,Zm00001eb074060/Zm00001eb091650/Zm00001eb094630/Zm00001eb098710/Zm00001eb102980/Zm00001eb111380/Zm00001eb150960/Zm00001eb162920/Zm00001eb173820/Zm00001eb173880/Zm00001eb176260/Zm00001eb177850/Zm00001eb203990/Zm00001eb204010/Zm00001eb225380/Zm00001eb386170/Zm00001eb411060/Zm00001eb414780/Zm00001eb415410,19
Fst_IC_stover,CC,652,455,GO:0012505,endomembrane system,3/455,474/27694,0.9849730937701753,0.9892388151733779,0.9401309800404695,Zm00001eb151440/Zm00001eb162310/Zm00001eb280890,3
Fst_IC_stover,MF,652,455,GO:0005525,GTP binding,2/455,377/27694,0.9862814495076877,0.9892388151733779,0.9401309800404695,Zm00001eb182780/Zm00001eb183770,2
Fst_IC_stover,CC,652,455,GO:0005783,endoplasmic reticulum,4/455,590/27694,0.9882319574791596,0.9897113466370625,0.9405800540772336,Zm00001eb084590/Zm00001eb098730/Zm00001eb168470/Zm00001eb409710,4
Fst_IC_stover,MF,652,455,GO:0003924,GTPase activity,1/455,285/27694,0.9913127052502582,0.9913127052502582,0.9421019179783746,Zm00001eb183770,1
