gene_set,ontology,n_input_genes,n_mapped_genes,ID,Description,GeneRatio,BgRatio,pvalue,p.adjust,qvalue,geneID,Count
Fst_landraces_N,MF,759,622,GO:0003700,DNA-binding transcription factor activity,62/622,1476/27694,1.7692427441103288e-6,0.001652472722999047,0.0016183915206651324,Zm00001eb012280/Zm00001eb014150/Zm00001eb019780/Zm00001eb020640/Zm00001eb020850/Zm00001eb038660/Zm00001eb041610/Zm00001eb050320/Zm00001eb054480/Zm00001eb059970/Zm00001eb081930/Zm00001eb086280/Zm00001eb092180/Zm00001eb102580/Zm00001eb104260/Zm00001eb120710/Zm00001eb130350/Zm00001eb133740/Zm00001eb136060/Zm00001eb138370/Zm00001eb142060/Zm00001eb148990/Zm00001eb152350/Zm00001eb199170/Zm00001eb199530/Zm00001eb200970/Zm00001eb211480/Zm00001eb232000/Zm00001eb233110/Zm00001eb233420/Zm00001eb239450/Zm00001eb248380/Zm00001eb248590/Zm00001eb249840/Zm00001eb250230/Zm00001eb250240/Zm00001eb251200/Zm00001eb264910/Zm00001eb274260/Zm00001eb275820/Zm00001eb275860/Zm00001eb286490/Zm00001eb288080/Zm00001eb296020/Zm00001eb309370/Zm00001eb310260/Zm00001eb312850/Zm00001eb314890/Zm00001eb319580/Zm00001eb344540/Zm00001eb355310/Zm00001eb358700/Zm00001eb359810/Zm00001eb384240/Zm00001eb387280/Zm00001eb387490/Zm00001eb399800/Zm00001eb403750/Zm00001eb409460/Zm00001eb417170/Zm00001eb430000/Zm00001eb433040,62
Fst_landraces_N,MF,759,622,GO:0000976,transcription cis-regulatory region binding,29/622,573/27694,4.8394137082825876e-5,0.022600062017679685,0.02213395006577668,Zm00001eb020640/Zm00001eb029300/Zm00001eb029770/Zm00001eb035370/Zm00001eb038660/Zm00001eb086280/Zm00001eb101920/Zm00001eb138370/Zm00001eb143110/Zm00001eb199170/Zm00001eb199530/Zm00001eb227100/Zm00001eb233670/Zm00001eb240100/Zm00001eb248380/Zm00001eb248590/Zm00001eb248640/Zm00001eb282580/Zm00001eb286490/Zm00001eb296020/Zm00001eb310260/Zm00001eb311960/Zm00001eb344540/Zm00001eb359810/Zm00001eb363100/Zm00001eb385110/Zm00001eb385190/Zm00001eb411150/Zm00001eb430000,29
Fst_landraces_N,BP,759,622,GO:0006357,regulation of transcription by RNA polymerase II,28/622,605/27694,2.867500953614312e-4,0.07756342716038138,0.07596373064619792,Zm00001eb006680/Zm00001eb019780/Zm00001eb035350/Zm00001eb050320/Zm00001eb050770/Zm00001eb074830/Zm00001eb120710/Zm00001eb121110/Zm00001eb126140/Zm00001eb132310/Zm00001eb136220/Zm00001eb139600/Zm00001eb148990/Zm00001eb174450/Zm00001eb198220/Zm00001eb203360/Zm00001eb233110/Zm00001eb250230/Zm00001eb251200/Zm00001eb264910/Zm00001eb269140/Zm00001eb312850/Zm00001eb343660/Zm00001eb359990/Zm00001eb379470/Zm00001eb384240/Zm00001eb403750/Zm00001eb409460,28
Fst_landraces_N,BP,759,622,GO:0006284,base-excision repair,5/622,28/27694,3.6017087152404677e-4,0.07756342716038138,0.07596373064619792,Zm00001eb150740/Zm00001eb199280/Zm00001eb264110/Zm00001eb275040/Zm00001eb289030,5
Fst_landraces_N,MF,759,622,GO:0043565,sequence-specific DNA binding,25/622,531/27694,4.6497013541885423e-4,0.07756342716038138,0.07596373064619792,Zm00001eb012280/Zm00001eb014150/Zm00001eb020850/Zm00001eb054480/Zm00001eb074830/Zm00001eb081930/Zm00001eb086280/Zm00001eb130260/Zm00001eb152350/Zm00001eb199530/Zm00001eb200970/Zm00001eb211480/Zm00001eb240100/Zm00001eb249700/Zm00001eb249840/Zm00001eb286490/Zm00001eb296020/Zm00001eb310260/Zm00001eb314890/Zm00001eb339990/Zm00001eb344540/Zm00001eb358700/Zm00001eb385190/Zm00001eb399800/Zm00001eb417170,25
Fst_landraces_N,MF,759,622,GO:0017022,myosin binding,3/622,8/27694,5.80389948323677e-4,0.07756342716038138,0.07596373064619792,Zm00001eb048030/Zm00001eb054660/Zm00001eb151710,3
Fst_landraces_N,MF,759,622,GO:0000978,RNA polymerase II cis-regulatory region sequence-specific DNA binding,16/622,277/27694,5.813104819300532e-4,0.07756342716038138,0.07596373064619792,Zm00001eb006680/Zm00001eb050770/Zm00001eb120710/Zm00001eb139600/Zm00001eb148990/Zm00001eb233110/Zm00001eb250230/Zm00001eb251200/Zm00001eb264910/Zm00001eb312850/Zm00001eb314890/Zm00001eb358700/Zm00001eb384240/Zm00001eb399800/Zm00001eb403750/Zm00001eb409460,16
Fst_landraces_N,MF,759,622,GO:0080115,myosin XI tail binding,4/622,20/27694,9.169027381303547e-4,0.10704839467671891,0.10484058939937872,Zm00001eb048030/Zm00001eb052960/Zm00001eb054660/Zm00001eb151710,4
Fst_landraces_N,BP,759,622,GO:0016114,terpenoid biosynthetic process,6/622,52/27694,0.0010610289574684187,0.11011122736394477,0.1078402531041001,Zm00001eb048020/Zm00001eb071090/Zm00001eb267020/Zm00001eb287860/Zm00001eb394330/Zm00001eb415420,6
Fst_landraces_N,MF,759,622,GO:0016034,maleylacetoacetate isomerase activity,2/622,3/27694,0.001488388692771361,0.13901550390484513,0.13614839726508557,Zm00001eb244170/Zm00001eb411190,2
Fst_landraces_N,MF,759,622,GO:0000981,"DNA-binding transcription factor activity, RNA polymerase II-specific",16/622,310/27694,0.0018821064104226665,0.15980794430316095,0.15651200676146385,Zm00001eb006680/Zm00001eb019780/Zm00001eb050320/Zm00001eb050770/Zm00001eb074830/Zm00001eb120710/Zm00001eb126140/Zm00001eb139600/Zm00001eb148990/Zm00001eb233110/Zm00001eb250230/Zm00001eb251200/Zm00001eb264910/Zm00001eb312850/Zm00001eb403750/Zm00001eb409460,16
Fst_landraces_N,MF,759,622,GO:0008725,DNA-3-methyladenine glycosylase activity,3/622,13/27694,0.0027256775632280624,0.19036751172786825,0.18644130248114224,Zm00001eb150740/Zm00001eb199280/Zm00001eb275040,3
Fst_landraces_N,BP,759,622,GO:0080142,regulation of salicylic acid biosynthetic process,3/622,13/27694,0.0027256775632280624,0.19036751172786825,0.18644130248114224,Zm00001eb014150/Zm00001eb081930/Zm00001eb211480,3
Fst_landraces_N,MF,759,622,GO:0008447,L-ascorbate oxidase activity,2/622,4/27694,0.002932428693776296,0.19036751172786825,0.18644130248114224,Zm00001eb311120/Zm00001eb384970,2
Fst_landraces_N,MF,759,622,GO:0046983,protein dimerization activity,18/622,386/27694,0.003057294085565336,0.19036751172786825,0.18644130248114224,Zm00001eb006680/Zm00001eb018630/Zm00001eb041610/Zm00001eb092180/Zm00001eb102580/Zm00001eb120710/Zm00001eb148990/Zm00001eb233110/Zm00001eb250230/Zm00001eb251200/Zm00001eb275820/Zm00001eb282580/Zm00001eb312850/Zm00001eb353110/Zm00001eb385110/Zm00001eb392530/Zm00001eb403750/Zm00001eb409460,18
Fst_landraces_N,BP,759,622,GO:0009686,gibberellin biosynthetic process,3/622,14/27694,0.003411540368284324,0.1991486689985974,0.19504135394993932,Zm00001eb048020/Zm00001eb071090/Zm00001eb415420,3
Fst_landraces_N,BP,759,622,GO:1901987,regulation of cell cycle phase transition,2/622,5/27694,0.004814704501032994,0.26333593279772477,0.25790479612444817,Zm00001eb035350/Zm00001eb197580,2
Fst_landraces_N,BP,759,622,GO:0009725,response to hormone,6/622,71/27694,0.005221450600942554,0.26333593279772477,0.25790479612444817,Zm00001eb009430/Zm00001eb009510/Zm00001eb029770/Zm00001eb227100/Zm00001eb233930/Zm00001eb246190,6
Fst_landraces_N,BP,759,622,GO:0045944,positive regulation of transcription by RNA polymerase II,9/622,144/27694,0.005356940817084337,0.26333593279772477,0.25790479612444817,Zm00001eb108690/Zm00001eb120710/Zm00001eb132310/Zm00001eb231830/Zm00001eb233110/Zm00001eb379470/Zm00001eb403750/Zm00001eb409460/Zm00001eb417900,9
Fst_landraces_N,MF,759,622,GO:0010333,terpene synthase activity,5/622,53/27694,0.006642226002870245,0.30205837599337754,0.2958286134771161,Zm00001eb048020/Zm00001eb071090/Zm00001eb267020/Zm00001eb394330/Zm00001eb415420,5
Fst_landraces_N,MF,759,622,GO:0003824,catalytic activity,25/622,650/27694,0.006883543223746032,0.30205837599337754,0.2958286134771161,Zm00001eb015770/Zm00001eb035310/Zm00001eb043000/Zm00001eb074700/Zm00001eb082870/Zm00001eb091740/Zm00001eb102380/Zm00001eb104810/Zm00001eb150740/Zm00001eb151620/Zm00001eb167910/Zm00001eb198320/Zm00001eb199280/Zm00001eb233270/Zm00001eb244170/Zm00001eb264110/Zm00001eb273940/Zm00001eb275040/Zm00001eb289030/Zm00001eb294430/Zm00001eb329280/Zm00001eb365940/Zm00001eb365960/Zm00001eb411190/Zm00001eb414050,25
Fst_landraces_N,CC,759,622,GO:0005637,nuclear inner membrane,2/622,6/27694,0.007114865387424311,0.30205837599337754,0.2958286134771161,Zm00001eb000170/Zm00001eb233650,2
Fst_landraces_N,BP,759,622,GO:0008299,isoprenoid biosynthetic process,5/622,57/27694,0.00901050227628248,0.3659047446107755,0.35835819121690965,Zm00001eb102030/Zm00001eb250080/Zm00001eb287860/Zm00001eb365960/Zm00001eb394330,5
Fst_landraces_N,BP,759,622,GO:0009072,aromatic amino acid metabolic process,2/622,7/27694,0.009813251180815266,0.38189902512006074,0.37402259983019587,Zm00001eb244170/Zm00001eb411190,2
Fst_landraces_N,BP,759,622,GO:0000226,microtubule cytoskeleton organization,6/622,83/27694,0.010999713852969054,0.4109493095469239,0.4024737405570572,Zm00001eb036580/Zm00001eb197580/Zm00001eb235200/Zm00001eb276140/Zm00001eb287900/Zm00001eb381470,6
Fst_landraces_N,MF,759,622,GO:0042626,ATPase-coupled transmembrane transporter activity,5/622,65/27694,0.015373357788723176,0.43734447091024825,0.4283245184503615,Zm00001eb080140/Zm00001eb083810/Zm00001eb091420/Zm00001eb310770/Zm00001eb342670,5
Fst_landraces_N,MF,759,622,GO:0140359,ABC-type transporter activity,7/622,119/27694,0.018055942795792063,0.43734447091024825,0.4283245184503615,Zm00001eb080140/Zm00001eb083810/Zm00001eb091420/Zm00001eb122470/Zm00001eb310230/Zm00001eb310770/Zm00001eb342670,7
Fst_landraces_N,MF,759,622,GO:0016702,"oxidoreductase activity, acting on single donors with incorporation of molecular oxygen, incorporation of two atoms of oxygen",4/622,45/27694,0.01814937799899192,0.43734447091024825,0.4283245184503615,Zm00001eb054050/Zm00001eb074640/Zm00001eb144930/Zm00001eb218680,4
Fst_landraces_N,MF,759,622,GO:0008289,lipid binding,8/622,148/27694,0.018916020213532423,0.43734447091024825,0.4283245184503615,Zm00001eb028310/Zm00001eb074680/Zm00001eb126140/Zm00001eb136060/Zm00001eb149490/Zm00001eb208580/Zm00001eb269160/Zm00001eb419490,8
Fst_landraces_N,BP,759,622,GO:0009737,response to abscisic acid,5/622,69/27694,0.019458525473684003,0.43734447091024825,0.4283245184503615,Zm00001eb086280/Zm00001eb130450/Zm00001eb198360/Zm00001eb199530/Zm00001eb286490,5
Fst_landraces_N,MF,759,622,GO:0004721,phosphoprotein phosphatase activity,10/622,208/27694,0.019669337312679277,0.43734447091024825,0.4283245184503615,Zm00001eb040770/Zm00001eb048270/Zm00001eb095260/Zm00001eb130450/Zm00001eb136230/Zm00001eb158020/Zm00001eb238250/Zm00001eb251160/Zm00001eb385280/Zm00001eb430620,10
Fst_landraces_N,MF,759,622,GO:0004557,alpha-galactosidase activity,2/622,10/27694,0.020111084515568704,0.43734447091024825,0.4283245184503615,Zm00001eb044840/Zm00001eb306310,2
Fst_landraces_N,BP,759,622,GO:0034204,lipid translocation,2/622,10/27694,0.020111084515568704,0.43734447091024825,0.4283245184503615,Zm00001eb048220/Zm00001eb382180,2
Fst_landraces_N,BP,759,622,GO:0048316,seed development,2/622,10/27694,0.020111084515568704,0.43734447091024825,0.4283245184503615,Zm00001eb233110/Zm00001eb249020,2
Fst_landraces_N,MF,759,622,GO:0052381,tRNA dimethylallyltransferase activity,2/622,10/27694,0.020111084515568704,0.43734447091024825,0.4283245184503615,Zm00001eb095250/Zm00001eb156350,2
Fst_landraces_N,BP,759,622,GO:0006366,transcription by RNA polymerase II,4/622,47/27694,0.02098308302178824,0.43734447091024825,0.4283245184503615,Zm00001eb002410/Zm00001eb029490/Zm00001eb138260/Zm00001eb346300,4
Fst_landraces_N,CC,759,622,GO:0005669,transcription factor TFIID complex,3/622,27/27694,0.02209999603685713,0.43734447091024825,0.4283245184503615,Zm00001eb029490/Zm00001eb138260/Zm00001eb313590,3
Fst_landraces_N,BP,759,622,GO:0016126,sterol biosynthetic process,4/622,48/27694,0.022495872599591807,0.43734447091024825,0.4283245184503615,Zm00001eb009510/Zm00001eb022670/Zm00001eb102030/Zm00001eb126960,4
Fst_landraces_N,MF,759,622,GO:0004373,"alpha-1,4-glucan glucosyltransferase (UDP-glucose donor) activity",2/622,11/27694,0.02421886780879279,0.43734447091024825,0.4283245184503615,Zm00001eb254490/Zm00001eb378140,2
Fst_landraces_N,BP,759,622,GO:0006672,ceramide metabolic process,2/622,11/27694,0.02421886780879279,0.43734447091024825,0.4283245184503615,Zm00001eb250380/Zm00001eb362500,2
Fst_landraces_N,BP,759,622,GO:0009407,toxin catabolic process,2/622,11/27694,0.02421886780879279,0.43734447091024825,0.4283245184503615,Zm00001eb244170/Zm00001eb411190,2
Fst_landraces_N,BP,759,622,GO:0019288,"isopentenyl diphosphate biosynthetic process, methylerythritol 4-phosphate pathway",2/622,11/27694,0.02421886780879279,0.43734447091024825,0.4283245184503615,Zm00001eb287860/Zm00001eb365960,2
Fst_landraces_N,BP,759,622,GO:0045332,phospholipid translocation,2/622,11/27694,0.02421886780879279,0.43734447091024825,0.4283245184503615,Zm00001eb048220/Zm00001eb382180,2
Fst_landraces_N,BP,759,622,GO:0007165,signal transduction,18/622,487/27694,0.027994642244389623,0.43734447091024825,0.4283245184503615,Zm00001eb019660/Zm00001eb035350/Zm00001eb095260/Zm00001eb126930/Zm00001eb128070/Zm00001eb139570/Zm00001eb151400/Zm00001eb155730/Zm00001eb201440/Zm00001eb201570/Zm00001eb225150/Zm00001eb238250/Zm00001eb251160/Zm00001eb338230/Zm00001eb340330/Zm00001eb353070/Zm00001eb403280/Zm00001eb414020,18
Fst_landraces_N,BP,759,622,GO:0019674,NAD+ metabolic process,2/622,12/27694,0.028636229842928372,0.43734447091024825,0.4283245184503615,Zm00001eb074700/Zm00001eb140570,2
Fst_landraces_N,BP,759,622,GO:0034440,lipid oxidation,2/622,12/27694,0.028636229842928372,0.43734447091024825,0.4283245184503615,Zm00001eb054050/Zm00001eb144930,2
Fst_landraces_N,MF,759,622,GO:0043023,ribosomal large subunit binding,2/622,12/27694,0.028636229842928372,0.43734447091024825,0.4283245184503615,Zm00001eb093280/Zm00001eb133570,2
Fst_landraces_N,BP,759,622,GO:0043622,cortical microtubule organization,2/622,12/27694,0.028636229842928372,0.43734447091024825,0.4283245184503615,Zm00001eb130450/Zm00001eb395310,2
Fst_landraces_N,BP,759,622,GO:0016102,diterpenoid biosynthetic process,3/622,30/27694,0.029201735597522146,0.43734447091024825,0.4283245184503615,Zm00001eb048020/Zm00001eb071090/Zm00001eb267020,3
Fst_landraces_N,BP,759,622,GO:0045892,negative regulation of DNA-templated transcription,6/622,105/27694,0.03122252113012642,0.43734447091024825,0.4283245184503615,Zm00001eb008970/Zm00001eb081540/Zm00001eb092300/Zm00001eb321200/Zm00001eb354430/Zm00001eb380410,6
Fst_landraces_N,MF,759,622,GO:0015179,L-amino acid transmembrane transporter activity,2/622,13/27694,0.03334723934832843,0.43734447091024825,0.4283245184503615,Zm00001eb234980/Zm00001eb250210,2
Fst_landraces_N,BP,759,622,GO:1902475,L-alpha-amino acid transmembrane transport,2/622,13/27694,0.03334723934832843,0.43734447091024825,0.4283245184503615,Zm00001eb234980/Zm00001eb250210,2
Fst_landraces_N,BP,759,622,GO:0006400,tRNA modification,3/622,32/27694,0.034526592853112895,0.43734447091024825,0.4283245184503615,Zm00001eb047240/Zm00001eb095250/Zm00001eb156350,3
Fst_landraces_N,MF,759,622,GO:0051213,dioxygenase activity,6/622,110/27694,0.037909998902723646,0.43734447091024825,0.4283245184503615,Zm00001eb046510/Zm00001eb048160/Zm00001eb054050/Zm00001eb074640/Zm00001eb144930/Zm00001eb218680,6
Fst_landraces_N,BP,759,622,GO:0019432,triglyceride biosynthetic process,2/622,14/27694,0.03833652251166912,0.43734447091024825,0.4283245184503615,Zm00001eb108680/Zm00001eb250480,2
Fst_landraces_N,CC,759,622,GO:0030131,clathrin adaptor complex,2/622,14/27694,0.03833652251166912,0.43734447091024825,0.4283245184503615,Zm00001eb358720/Zm00001eb410820,2
Fst_landraces_N,MF,759,622,GO:0140326,ATPase-coupled intramembrane lipid transporter activity,2/622,14/27694,0.03833652251166912,0.43734447091024825,0.4283245184503615,Zm00001eb048220/Zm00001eb382180,2
Fst_landraces_N,MF,759,622,GO:0001216,DNA-binding transcription activator activity,4/622,57/27694,0.03907757767227328,0.43734447091024825,0.4283245184503615,Zm00001eb035370/Zm00001eb101920/Zm00001eb143110/Zm00001eb233670,4
Fst_landraces_N,MF,759,622,GO:0000977,RNA polymerase II transcription regulatory region sequence-specific DNA binding,5/622,84/27694,0.0408337541161361,0.43734447091024825,0.4283245184503615,Zm00001eb120710/Zm00001eb198220/Zm00001eb233110/Zm00001eb403750/Zm00001eb409460,5
Fst_landraces_N,BP,759,622,GO:0019252,starch biosynthetic process,3/622,35/27694,0.043384469184541176,0.43734447091024825,0.4283245184503615,Zm00001eb233110/Zm00001eb254490/Zm00001eb378140,3
Fst_landraces_N,BP,759,622,GO:0009749,response to glucose,2/622,15/27694,0.04358924603768066,0.43734447091024825,0.4283245184503615,Zm00001eb043000/Zm00001eb141560,2
Fst_landraces_N,BP,759,622,GO:0016121,carotene catabolic process,2/622,15/27694,0.04358924603768066,0.43734447091024825,0.4283245184503615,Zm00001eb074640/Zm00001eb218680,2
Fst_landraces_N,CC,759,622,GO:0005819,spindle,4/622,61/27694,0.04819138649740756,0.43734447091024825,0.4283245184503615,Zm00001eb036580/Zm00001eb276140/Zm00001eb287900/Zm00001eb381470,4
Fst_landraces_N,BP,759,622,GO:0009740,gibberellic acid mediated signaling pathway,2/622,16/27694,0.0490911006885898,0.43734447091024825,0.4283245184503615,Zm00001eb054480/Zm00001eb287800,2
Fst_landraces_N,MF,759,622,GO:0017096,acetylserotonin O-methyltransferase activity,2/622,16/27694,0.0490911006885898,0.43734447091024825,0.4283245184503615,Zm00001eb018630/Zm00001eb353110,2
Fst_landraces_N,BP,759,622,GO:0003333,amino acid transmembrane transport,5/622,89/27694,0.05022058595534058,0.43734447091024825,0.4283245184503615,Zm00001eb026490/Zm00001eb234980/Zm00001eb249380/Zm00001eb250210/Zm00001eb384620,5
Fst_landraces_N,BP,759,622,GO:0030187,melatonin biosynthetic process,2/622,17/27694,0.054828285288413395,0.43734447091024825,0.4283245184503615,Zm00001eb018630/Zm00001eb353110,2
Fst_landraces_N,BP,759,622,GO:0009739,response to gibberellin,3/622,39/27694,0.056770483337301836,0.43734447091024825,0.4283245184503615,Zm00001eb086280/Zm00001eb240100/Zm00001eb287800,3
Fst_landraces_N,BP,759,622,GO:0006396,RNA processing,7/622,154/27694,0.05947607072685705,0.43734447091024825,0.4283245184503615,Zm00001eb000190/Zm00001eb014810/Zm00001eb233960/Zm00001eb234030/Zm00001eb346320/Zm00001eb360910/Zm00001eb413560,7
Fst_landraces_N,MF,759,622,GO:0008171,O-methyltransferase activity,3/622,40/27694,0.06038846021323044,0.43734447091024825,0.4283245184503615,Zm00001eb018630/Zm00001eb198370/Zm00001eb353110,3
Fst_landraces_N,MF,759,622,GO:0016409,palmitoyltransferase activity,3/622,40/27694,0.06038846021323044,0.43734447091024825,0.4283245184503615,Zm00001eb148220/Zm00001eb289180/Zm00001eb394310,3
Fst_landraces_N,BP,759,622,GO:0006559,L-phenylalanine catabolic process,2/622,18/27694,0.06078749117957823,0.43734447091024825,0.4283245184503615,Zm00001eb244170/Zm00001eb411190,2
Fst_landraces_N,CC,759,622,GO:0009501,amyloplast,2/622,18/27694,0.06078749117957823,0.43734447091024825,0.4283245184503615,Zm00001eb254490/Zm00001eb378140,2
Fst_landraces_N,CC,759,622,GO:0005635,nuclear envelope,4/622,66/27694,0.06109032865606711,0.43734447091024825,0.4283245184503615,Zm00001eb000170/Zm00001eb233650/Zm00001eb380420/Zm00001eb399630,4
Fst_landraces_N,MF,759,622,GO:0019706,protein-cysteine S-palmitoyltransferase activity,3/622,41/27694,0.06411161075548491,0.43734447091024825,0.4283245184503615,Zm00001eb148220/Zm00001eb289180/Zm00001eb394310,3
Fst_landraces_N,BP,759,622,GO:0000256,allantoin catabolic process,1/622,3/27694,0.06587955079877439,0.43734447091024825,0.4283245184503615,Zm00001eb433900,1
Fst_landraces_N,BP,759,622,GO:0000301,"retrograde transport, vesicle recycling within Golgi",1/622,3/27694,0.06587955079877439,0.43734447091024825,0.4283245184503615,Zm00001eb153530,1
Fst_landraces_N,BP,759,622,GO:0002221,pattern recognition receptor signaling pathway,1/622,3/27694,0.06587955079877439,0.43734447091024825,0.4283245184503615,Zm00001eb241950,1
Fst_landraces_N,MF,759,622,GO:0004076,biotin synthase activity,1/622,3/27694,0.06587955079877439,0.43734447091024825,0.4283245184503615,Zm00001eb198320,1
Fst_landraces_N,MF,759,622,GO:0004306,ethanolamine-phosphate cytidylyltransferase activity,1/622,3/27694,0.06587955079877439,0.43734447091024825,0.4283245184503615,Zm00001eb414050,1
Fst_landraces_N,MF,759,622,GO:0004309,exopolyphosphatase activity,1/622,3/27694,0.06587955079877439,0.43734447091024825,0.4283245184503615,Zm00001eb143920,1
Fst_landraces_N,MF,759,622,GO:0004358,"L-glutamate N-acetyltransferase activity, acting on acetyl-L-ornithine as donor",1/622,3/27694,0.06587955079877439,0.43734447091024825,0.4283245184503615,Zm00001eb325850,1
Fst_landraces_N,MF,759,622,GO:0004663,Rab geranylgeranyltransferase activity,1/622,3/27694,0.06587955079877439,0.43734447091024825,0.4283245184503615,Zm00001eb035310,1
Fst_landraces_N,MF,759,622,GO:0004815,aspartate-tRNA ligase activity,1/622,3/27694,0.06587955079877439,0.43734447091024825,0.4283245184503615,Zm00001eb231430,1
Fst_landraces_N,CC,759,622,GO:0005673,transcription factor TFIIE complex,1/622,3/27694,0.06587955079877439,0.43734447091024825,0.4283245184503615,Zm00001eb028110,1
Fst_landraces_N,BP,759,622,GO:0006422,aspartyl-tRNA aminoacylation,1/622,3/27694,0.06587955079877439,0.43734447091024825,0.4283245184503615,Zm00001eb231430,1
Fst_landraces_N,BP,759,622,GO:0007091,metaphase/anaphase transition of mitotic cell cycle,1/622,3/27694,0.06587955079877439,0.43734447091024825,0.4283245184503615,Zm00001eb227040,1
Fst_landraces_N,BP,759,622,GO:0007265,Ras protein signal transduction,1/622,3/27694,0.06587955079877439,0.43734447091024825,0.4283245184503615,Zm00001eb026810,1
Fst_landraces_N,BP,759,622,GO:0008064,regulation of actin polymerization or depolymerization,1/622,3/27694,0.06587955079877439,0.43734447091024825,0.4283245184503615,Zm00001eb395310,1
Fst_landraces_N,MF,759,622,GO:0008235,metalloexopeptidase activity,1/622,3/27694,0.06587955079877439,0.43734447091024825,0.4283245184503615,Zm00001eb378830,1
Fst_landraces_N,MF,759,622,GO:0008428,ribonuclease inhibitor activity,1/622,3/27694,0.06587955079877439,0.43734447091024825,0.4283245184503615,Zm00001eb014810,1
Fst_landraces_N,MF,759,622,GO:0008661,1-deoxy-D-xylulose-5-phosphate synthase activity,1/622,3/27694,0.06587955079877439,0.43734447091024825,0.4283245184503615,Zm00001eb287860,1
Fst_landraces_N,BP,759,622,GO:0009083,branched-chain amino acid catabolic process,1/622,3/27694,0.06587955079877439,0.43734447091024825,0.4283245184503615,Zm00001eb224720,1
Fst_landraces_N,BP,759,622,GO:0009157,deoxyribonucleoside monophosphate biosynthetic process,1/622,3/27694,0.06587955079877439,0.43734447091024825,0.4283245184503615,Zm00001eb146250,1
Fst_landraces_N,MF,759,622,GO:0009905,ent-copalyl diphosphate synthase activity,1/622,3/27694,0.06587955079877439,0.43734447091024825,0.4283245184503615,Zm00001eb048020,1
Fst_landraces_N,BP,759,622,GO:0009939,positive regulation of gibberellic acid mediated signaling pathway,1/622,3/27694,0.06587955079877439,0.43734447091024825,0.4283245184503615,Zm00001eb287800,1
Fst_landraces_N,BP,759,622,GO:0009968,negative regulation of signal transduction,1/622,3/27694,0.06587955079877439,0.43734447091024825,0.4283245184503615,Zm00001eb120370,1
Fst_landraces_N,BP,759,622,GO:0010258,NADH dehydrogenase complex (plastoquinone) assembly,1/622,3/27694,0.06587955079877439,0.43734447091024825,0.4283245184503615,Zm00001eb015220,1
Fst_landraces_N,MF,759,622,GO:0016744,transketolase or transaldolase activity,1/622,3/27694,0.06587955079877439,0.43734447091024825,0.4283245184503615,Zm00001eb287860,1
Fst_landraces_N,MF,759,622,GO:0016813,"hydrolase activity, acting on carbon-nitrogen (but not peptide) bonds, in linear amidines",1/622,3/27694,0.06587955079877439,0.43734447091024825,0.4283245184503615,Zm00001eb418690,1
Fst_landraces_N,CC,759,622,GO:0030684,preribosome,1/622,3/27694,0.06587955079877439,0.43734447091024825,0.4283245184503615,Zm00001eb364260,1
Fst_landraces_N,CC,759,622,GO:0031985,Golgi cisterna,1/622,3/27694,0.06587955079877439,0.43734447091024825,0.4283245184503615,Zm00001eb153530,1
Fst_landraces_N,CC,759,622,GO:0033503,HULC complex,1/622,3/27694,0.06587955079877439,0.43734447091024825,0.4283245184503615,Zm00001eb019800,1
Fst_landraces_N,BP,759,622,GO:0042631,cellular response to water deprivation,1/622,3/27694,0.06587955079877439,0.43734447091024825,0.4283245184503615,Zm00001eb425250,1
Fst_landraces_N,MF,759,622,GO:0042736,NADH kinase activity,1/622,3/27694,0.06587955079877439,0.43734447091024825,0.4283245184503615,Zm00001eb140570,1
Fst_landraces_N,MF,759,622,GO:0042800,histone H3K4 methyltransferase activity,1/622,3/27694,0.06587955079877439,0.43734447091024825,0.4283245184503615,Zm00001eb410840,1
Fst_landraces_N,MF,759,622,GO:0043515,kinetochore binding,1/622,3/27694,0.06587955079877439,0.43734447091024825,0.4283245184503615,Zm00001eb197580,1
Fst_landraces_N,BP,759,622,GO:0044272,sulfur compound biosynthetic process,1/622,3/27694,0.06587955079877439,0.43734447091024825,0.4283245184503615,Zm00001eb198320,1
Fst_landraces_N,MF,759,622,GO:0045549,9-cis-epoxycarotenoid dioxygenase activity,1/622,3/27694,0.06587955079877439,0.43734447091024825,0.4283245184503615,Zm00001eb074640,1
Fst_landraces_N,BP,759,622,GO:0045930,negative regulation of mitotic cell cycle,1/622,3/27694,0.06587955079877439,0.43734447091024825,0.4283245184503615,Zm00001eb020850,1
Fst_landraces_N,BP,759,622,GO:0048438,floral whorl development,1/622,3/27694,0.06587955079877439,0.43734447091024825,0.4283245184503615,Zm00001eb120710,1
Fst_landraces_N,BP,759,622,GO:0090150,establishment of protein localization to membrane,1/622,3/27694,0.06587955079877439,0.43734447091024825,0.4283245184503615,Zm00001eb124300,1
Fst_landraces_N,MF,759,622,GO:0090599,alpha-glucosidase activity,1/622,3/27694,0.06587955079877439,0.43734447091024825,0.4283245184503615,Zm00001eb273940,1
Fst_landraces_N,CC,759,622,GO:0098572,stromal side of plastid thylakoid membrane,1/622,3/27694,0.06587955079877439,0.43734447091024825,0.4283245184503615,Zm00001eb346280,1
Fst_landraces_N,CC,759,622,GO:1990112,RQC complex,1/622,3/27694,0.06587955079877439,0.43734447091024825,0.4283245184503615,Zm00001eb093280,1
Fst_landraces_N,BP,759,622,GO:1990116,ribosome-associated ubiquitin-dependent protein catabolic process,1/622,3/27694,0.06587955079877439,0.43734447091024825,0.4283245184503615,Zm00001eb093280,1
Fst_landraces_N,MF,759,622,GO:1990136,linoleate 9S-lipoxygenase activity,1/622,3/27694,0.06587955079877439,0.43734447091024825,0.4283245184503615,Zm00001eb144930,1
Fst_landraces_N,BP,759,622,GO:0006646,phosphatidylethanolamine biosynthetic process,2/622,19/27694,0.06695588711966721,0.43734447091024825,0.4283245184503615,Zm00001eb313980/Zm00001eb414050,2
Fst_landraces_N,MF,759,622,GO:0016746,acyltransferase activity,12/622,328/27694,0.0682509631606868,0.43734447091024825,0.4283245184503615,Zm00001eb105570/Zm00001eb108680/Zm00001eb130340/Zm00001eb148220/Zm00001eb166180/Zm00001eb231830/Zm00001eb250480/Zm00001eb289180/Zm00001eb295550/Zm00001eb394310/Zm00001eb413860/Zm00001eb430610,12
Fst_landraces_N,MF,759,622,GO:0003712,transcription coregulator activity,5/622,98/27694,0.07004863131618713,0.43734447091024825,0.4283245184503615,Zm00001eb046650/Zm00001eb174450/Zm00001eb203360/Zm00001eb379470/Zm00001eb411150,5
Fst_landraces_N,BP,759,622,GO:0000911,cytokinesis by cell plate formation,2/622,20/27694,0.0733211046064143,0.43734447091024825,0.4283245184503615,Zm00001eb276140/Zm00001eb381470,2
Fst_landraces_N,BP,759,622,GO:0006874,intracellular calcium ion homeostasis,2/622,20/27694,0.0733211046064143,0.43734447091024825,0.4283245184503615,Zm00001eb231990/Zm00001eb355420,2
Fst_landraces_N,MF,759,622,GO:0008143,poly(A) binding,2/622,20/27694,0.0733211046064143,0.43734447091024825,0.4283245184503615,Zm00001eb079940/Zm00001eb308000,2
Fst_landraces_N,BP,759,622,GO:0010158,abaxial cell fate specification,2/622,20/27694,0.0733211046064143,0.43734447091024825,0.4283245184503615,Zm00001eb248640/Zm00001eb311960,2
Fst_landraces_N,MF,759,622,GO:0005516,calmodulin binding,9/622,229/27694,0.07471359874236519,0.43734447091024825,0.4283245184503615,Zm00001eb014150/Zm00001eb022180/Zm00001eb029730/Zm00001eb081900/Zm00001eb081930/Zm00001eb211480/Zm00001eb232390/Zm00001eb246190/Zm00001eb411450,9
Fst_landraces_N,BP,759,622,GO:0006865,amino acid transport,5/622,100/27694,0.07496358478315406,0.43734447091024825,0.4283245184503615,Zm00001eb026490/Zm00001eb234980/Zm00001eb249380/Zm00001eb250210/Zm00001eb384620,5
Fst_landraces_N,BP,759,622,GO:0008654,phospholipid biosynthetic process,4/622,71/27694,0.07562712818914526,0.43734447091024825,0.4283245184503615,Zm00001eb130340/Zm00001eb233270/Zm00001eb250480/Zm00001eb414050,4
Fst_landraces_N,CC,759,622,GO:0005783,endoplasmic reticulum,19/622,590/27694,0.07574282730654743,0.43734447091024825,0.4283245184503615,Zm00001eb009510/Zm00001eb031250/Zm00001eb048160/Zm00001eb104810/Zm00001eb108680/Zm00001eb110000/Zm00001eb126960/Zm00001eb128010/Zm00001eb132320/Zm00001eb149510/Zm00001eb151530/Zm00001eb269160/Zm00001eb289180/Zm00001eb329280/Zm00001eb339480/Zm00001eb346620/Zm00001eb364840/Zm00001eb392010/Zm00001eb394310,19
Fst_landraces_N,MF,759,622,GO:0003682,chromatin binding,6/622,132/27694,0.07764127507026289,0.43734447091024825,0.4283245184503615,Zm00001eb000170/Zm00001eb108690/Zm00001eb153100/Zm00001eb160010/Zm00001eb174450/Zm00001eb417900,6
Fst_landraces_N,BP,759,622,GO:0030154,cell differentiation,6/622,132/27694,0.07764127507026289,0.43734447091024825,0.4283245184503615,Zm00001eb120370/Zm00001eb120710/Zm00001eb139570/Zm00001eb198220/Zm00001eb311960/Zm00001eb338190,6
Fst_landraces_N,BP,759,622,GO:0006857,oligopeptide transport,2/622,21/27694,0.07987122361937553,0.43734447091024825,0.4283245184503615,Zm00001eb025860/Zm00001eb126980,2
Fst_landraces_N,CC,759,622,GO:0030134,COPII-coated ER to Golgi transport vesicle,2/622,21/27694,0.07987122361937553,0.43734447091024825,0.4283245184503615,Zm00001eb149510/Zm00001eb392010,2
Fst_landraces_N,MF,759,622,GO:0044877,protein-containing complex binding,2/622,21/27694,0.07987122361937553,0.43734447091024825,0.4283245184503615,Zm00001eb151450/Zm00001eb201570,2
Fst_landraces_N,MF,759,622,GO:0004402,histone acetyltransferase activity,2/622,22/27694,0.08659475876701135,0.43734447091024825,0.4283245184503615,Zm00001eb174450/Zm00001eb231830,2
Fst_landraces_N,BP,759,622,GO:0009691,cytokinin biosynthetic process,2/622,22/27694,0.08659475876701135,0.43734447091024825,0.4283245184503615,Zm00001eb095250/Zm00001eb156350,2
Fst_landraces_N,MF,759,622,GO:0004105,choline-phosphate cytidylyltransferase activity,1/622,4/27694,0.08686192483377353,0.43734447091024825,0.4283245184503615,Zm00001eb233270,1
Fst_landraces_N,MF,759,622,GO:0004516,nicotinate phosphoribosyltransferase activity,1/622,4/27694,0.08686192483377353,0.43734447091024825,0.4283245184503615,Zm00001eb082870,1
Fst_landraces_N,MF,759,622,GO:0004849,uridine kinase activity,1/622,4/27694,0.08686192483377353,0.43734447091024825,0.4283245184503615,Zm00001eb102380,1
Fst_landraces_N,BP,759,622,GO:0006110,regulation of glycolytic process,1/622,4/27694,0.08686192483377353,0.43734447091024825,0.4283245184503615,Zm00001eb064940,1
Fst_landraces_N,BP,759,622,GO:0006851,mitochondrial calcium ion transmembrane transport,1/622,4/27694,0.08686192483377353,0.43734447091024825,0.4283245184503615,Zm00001eb426050,1
Fst_landraces_N,MF,759,622,GO:0008187,poly-pyrimidine tract binding,1/622,4/27694,0.08686192483377353,0.43734447091024825,0.4283245184503615,Zm00001eb165060,1
Fst_landraces_N,BP,759,622,GO:0009808,lignin metabolic process,1/622,4/27694,0.08686192483377353,0.43734447091024825,0.4283245184503615,Zm00001eb346150,1
Fst_landraces_N,BP,759,622,GO:0010039,response to iron ion,1/622,4/27694,0.08686192483377353,0.43734447091024825,0.4283245184503615,Zm00001eb249020,1
Fst_landraces_N,BP,759,622,GO:0010118,stomatal movement,1/622,4/27694,0.08686192483377353,0.43734447091024825,0.4283245184503615,Zm00001eb015770,1
Fst_landraces_N,BP,759,622,GO:0010196,nonphotochemical quenching,1/622,4/27694,0.08686192483377353,0.43734447091024825,0.4283245184503615,Zm00001eb146510,1
Fst_landraces_N,BP,759,622,GO:0010223,secondary shoot formation,1/622,4/27694,0.08686192483377353,0.43734447091024825,0.4283245184503615,Zm00001eb074640,1
Fst_landraces_N,MF,759,622,GO:0015205,nucleobase transmembrane transporter activity,1/622,4/27694,0.08686192483377353,0.43734447091024825,0.4283245184503615,Zm00001eb249990,1
Fst_landraces_N,BP,759,622,GO:0016123,xanthophyll biosynthetic process,1/622,4/27694,0.08686192483377353,0.43734447091024825,0.4283245184503615,Zm00001eb357090,1
Fst_landraces_N,MF,759,622,GO:0016710,trans-cinnamate 4-monooxygenase activity,1/622,4/27694,0.08686192483377353,0.43734447091024825,0.4283245184503615,Zm00001eb346150,1
Fst_landraces_N,BP,759,622,GO:0018344,protein geranylgeranylation,1/622,4/27694,0.08686192483377353,0.43734447091024825,0.4283245184503615,Zm00001eb035310,1
Fst_landraces_N,MF,759,622,GO:0031210,phosphatidylcholine binding,1/622,4/27694,0.08686192483377353,0.43734447091024825,0.4283245184503615,Zm00001eb233270,1
Fst_landraces_N,MF,759,622,GO:0032051,clathrin light chain binding,1/622,4/27694,0.08686192483377353,0.43734447091024825,0.4283245184503615,Zm00001eb404830,1
Fst_landraces_N,CC,759,622,GO:0032153,cell division site,1/622,4/27694,0.08686192483377353,0.43734447091024825,0.4283245184503615,Zm00001eb126310,1
Fst_landraces_N,BP,759,622,GO:0042149,cellular response to glucose starvation,1/622,4/27694,0.08686192483377353,0.43734447091024825,0.4283245184503615,Zm00001eb064940,1
Fst_landraces_N,BP,759,622,GO:0042256,cytosolic ribosome assembly,1/622,4/27694,0.08686192483377353,0.43734447091024825,0.4283245184503615,Zm00001eb052970,1
Fst_landraces_N,BP,759,622,GO:0043488,regulation of mRNA stability,1/622,4/27694,0.08686192483377353,0.43734447091024825,0.4283245184503615,Zm00001eb079940,1
Fst_landraces_N,BP,759,622,GO:0044211,CTP salvage,1/622,4/27694,0.08686192483377353,0.43734447091024825,0.4283245184503615,Zm00001eb102380,1
Fst_landraces_N,BP,759,622,GO:0045722,positive regulation of gluconeogenesis,1/622,4/27694,0.08686192483377353,0.43734447091024825,0.4283245184503615,Zm00001eb064940,1
Fst_landraces_N,BP,759,622,GO:0048229,gametophyte development,1/622,4/27694,0.08686192483377353,0.43734447091024825,0.4283245184503615,Zm00001eb035310,1
Fst_landraces_N,MF,759,622,GO:0051747,cytosine C-5 DNA demethylase activity,1/622,4/27694,0.08686192483377353,0.43734447091024825,0.4283245184503615,Zm00001eb289030,1
Fst_landraces_N,CC,759,622,GO:0071439,clathrin complex,1/622,4/27694,0.08686192483377353,0.43734447091024825,0.4283245184503615,Zm00001eb404830,1
Fst_landraces_N,BP,759,622,GO:0090156,intracellular sphingolipid homeostasis,1/622,4/27694,0.08686192483377353,0.43734447091024825,0.4283245184503615,Zm00001eb250380,1
Fst_landraces_N,BP,759,622,GO:2000134,negative regulation of G1/S transition of mitotic cell cycle,1/622,4/27694,0.08686192483377353,0.43734447091024825,0.4283245184503615,Zm00001eb198220,1
Fst_landraces_N,MF,759,622,GO:0004857,enzyme inhibitor activity,4/622,75/27694,0.08839340018547898,0.43734447091024825,0.4283245184503615,Zm00001eb040760/Zm00001eb097010/Zm00001eb097020/Zm00001eb130480,4
Fst_landraces_N,CC,759,622,GO:0009505,plant-type cell wall,8/622,203/27694,0.08842775402943732,0.43734447091024825,0.4283245184503615,Zm00001eb009930/Zm00001eb009940/Zm00001eb044840/Zm00001eb097010/Zm00001eb097020/Zm00001eb130750/Zm00001eb235330/Zm00001eb306310,8
Fst_landraces_N,BP,759,622,GO:0006367,transcription initiation at RNA polymerase II promoter,3/622,47/27694,0.08855027762200843,0.43734447091024825,0.4283245184503615,Zm00001eb028110/Zm00001eb313590/Zm00001eb346300,3
Fst_landraces_N,MF,759,622,GO:0030599,pectinesterase activity,3/622,47/27694,0.08855027762200843,0.43734447091024825,0.4283245184503615,Zm00001eb040760/Zm00001eb130480/Zm00001eb165010,3
Fst_landraces_N,BP,759,622,GO:0042542,response to hydrogen peroxide,3/622,47/27694,0.08855027762200843,0.43734447091024825,0.4283245184503615,Zm00001eb246190/Zm00001eb310260/Zm00001eb384970,3
Fst_landraces_N,BP,759,622,GO:0009637,response to blue light,2/622,23/27694,0.09348064582820526,0.43734447091024825,0.4283245184503615,Zm00001eb015770/Zm00001eb232410,2
Fst_landraces_N,BP,759,622,GO:0043328,protein transport to vacuole involved in ubiquitin-dependent protein catabolic process via the multivesicular body sorting pathway,2/622,23/27694,0.09348064582820526,0.43734447091024825,0.4283245184503615,Zm00001eb151450/Zm00001eb174210,2
Fst_landraces_N,BP,759,622,GO:0048366,leaf development,2/622,23/27694,0.09348064582820526,0.43734447091024825,0.4283245184503615,Zm00001eb020850/Zm00001eb284090,2
Fst_landraces_N,MF,759,622,GO:1990247,N6-methyladenosine-containing RNA reader activity,2/622,23/27694,0.09348064582820526,0.43734447091024825,0.4283245184503615,Zm00001eb224690/Zm00001eb414030,2
Fst_landraces_N,BP,759,622,GO:0006470,protein dephosphorylation,6/622,140/27694,0.09630980191171326,0.43734447091024825,0.4283245184503615,Zm00001eb095260/Zm00001eb130450/Zm00001eb158020/Zm00001eb238250/Zm00001eb251160/Zm00001eb430620,6
Fst_landraces_N,BP,759,622,GO:0006816,calcium ion transport,3/622,49/27694,0.09744610861757909,0.43734447091024825,0.4283245184503615,Zm00001eb231990/Zm00001eb355420/Zm00001eb426050,3
Fst_landraces_N,BP,759,622,GO:0042545,cell wall modification,3/622,49/27694,0.09744610861757909,0.43734447091024825,0.4283245184503615,Zm00001eb040760/Zm00001eb130480/Zm00001eb165010,3
Fst_landraces_N,CC,759,622,GO:0000124,SAGA complex,2/622,24/27694,0.10051822867753589,0.43734447091024825,0.4283245184503615,Zm00001eb203360/Zm00001eb313590,2
Fst_landraces_N,BP,759,622,GO:0008360,regulation of cell shape,2/622,24/27694,0.10051822867753589,0.43734447091024825,0.4283245184503615,Zm00001eb132130/Zm00001eb353070,2
Fst_landraces_N,BP,759,622,GO:0006417,regulation of translation,4/622,79/27694,0.1021236232320344,0.43734447091024825,0.4283245184503615,Zm00001eb008970/Zm00001eb014810/Zm00001eb174630/Zm00001eb308000,4
Fst_landraces_N,MF,759,622,GO:0038023,signaling receptor activity,4/622,79/27694,0.1021236232320344,0.43734447091024825,0.4283245184503615,Zm00001eb009430/Zm00001eb225150/Zm00001eb233930/Zm00001eb309030,4
Fst_landraces_N,BP,759,622,GO:0051726,regulation of cell cycle,3/622,51/27694,0.10668707928767196,0.43734447091024825,0.4283245184503615,Zm00001eb121110/Zm00001eb198220/Zm00001eb269140,3
Fst_landraces_N,MF,759,622,GO:0000254,C-4 methylsterol oxidase activity,1/622,5/27694,0.10737372991695826,0.43734447091024825,0.4283245184503615,Zm00001eb022670,1
Fst_landraces_N,BP,759,622,GO:0000395,mRNA 5'-splice site recognition,1/622,5/27694,0.10737372991695826,0.43734447091024825,0.4283245184503615,Zm00001eb360910,1
Fst_landraces_N,CC,759,622,GO:0000439,transcription factor TFIIH core complex,1/622,5/27694,0.10737372991695826,0.43734447091024825,0.4283245184503615,Zm00001eb065950,1
Fst_landraces_N,CC,759,622,GO:0000793,condensed chromosome,1/622,5/27694,0.10737372991695826,0.43734447091024825,0.4283245184503615,Zm00001eb029300,1
Fst_landraces_N,BP,759,622,GO:0000972,transcription-dependent tethering of RNA polymerase II gene DNA at nuclear periphery,1/622,5/27694,0.10737372991695826,0.43734447091024825,0.4283245184503615,Zm00001eb399630,1
Fst_landraces_N,MF,759,622,GO:0003841,1-acylglycerol-3-phosphate O-acyltransferase activity,1/622,5/27694,0.10737372991695826,0.43734447091024825,0.4283245184503615,Zm00001eb166180,1
Fst_landraces_N,MF,759,622,GO:0003951,NAD+ kinase activity,1/622,5/27694,0.10737372991695826,0.43734447091024825,0.4283245184503615,Zm00001eb140570,1
Fst_landraces_N,MF,759,622,GO:0004345,glucose-6-phosphate dehydrogenase activity,1/622,5/27694,0.10737372991695826,0.43734447091024825,0.4283245184503615,Zm00001eb419510,1
Fst_landraces_N,MF,759,622,GO:0004462,lactoylglutathione lyase activity,1/622,5/27694,0.10737372991695826,0.43734447091024825,0.4283245184503615,Zm00001eb284320,1
Fst_landraces_N,MF,759,622,GO:0004618,phosphoglycerate kinase activity,1/622,5/27694,0.10737372991695826,0.43734447091024825,0.4283245184503615,Zm00001eb047240,1
Fst_landraces_N,MF,759,622,GO:0004820,glycine-tRNA ligase activity,1/622,5/27694,0.10737372991695826,0.43734447091024825,0.4283245184503615,Zm00001eb280950,1
Fst_landraces_N,BP,759,622,GO:0006145,purine nucleobase catabolic process,1/622,5/27694,0.10737372991695826,0.43734447091024825,0.4283245184503615,Zm00001eb433900,1
Fst_landraces_N,BP,759,622,GO:0006376,mRNA splice site recognition,1/622,5/27694,0.10737372991695826,0.43734447091024825,0.4283245184503615,Zm00001eb246650,1
Fst_landraces_N,BP,759,622,GO:0006426,glycyl-tRNA aminoacylation,1/622,5/27694,0.10737372991695826,0.43734447091024825,0.4283245184503615,Zm00001eb280950,1
Fst_landraces_N,BP,759,622,GO:0006741,NADP+ biosynthetic process,1/622,5/27694,0.10737372991695826,0.43734447091024825,0.4283245184503615,Zm00001eb140570,1
Fst_landraces_N,BP,759,622,GO:0006898,receptor-mediated endocytosis,1/622,5/27694,0.10737372991695826,0.43734447091024825,0.4283245184503615,Zm00001eb404830,1
Fst_landraces_N,BP,759,622,GO:0006986,response to unfolded protein,1/622,5/27694,0.10737372991695826,0.43734447091024825,0.4283245184503615,Zm00001eb104810,1
Fst_landraces_N,BP,759,622,GO:0006997,nucleus organization,1/622,5/27694,0.10737372991695826,0.43734447091024825,0.4283245184503615,Zm00001eb233650,1
Fst_landraces_N,BP,759,622,GO:0009249,protein lipoylation,1/622,5/27694,0.10737372991695826,0.43734447091024825,0.4283245184503615,Zm00001eb295550,1
Fst_landraces_N,MF,759,622,GO:0009670,triose-phosphate:phosphate antiporter activity,1/622,5/27694,0.10737372991695826,0.43734447091024825,0.4283245184503615,Zm00001eb042970,1
Fst_landraces_N,BP,759,622,GO:0009735,response to cytokinin,1/622,5/27694,0.10737372991695826,0.43734447091024825,0.4283245184503615,Zm00001eb240100,1
Fst_landraces_N,BP,759,622,GO:0009864,"induced systemic resistance, jasmonic acid mediated signaling pathway",1/622,5/27694,0.10737372991695826,0.43734447091024825,0.4283245184503615,Zm00001eb363100,1
Fst_landraces_N,BP,759,622,GO:0009956,radial pattern formation,1/622,5/27694,0.10737372991695826,0.43734447091024825,0.4283245184503615,Zm00001eb020850,1
Fst_landraces_N,BP,759,622,GO:0010037,response to carbon dioxide,1/622,5/27694,0.10737372991695826,0.43734447091024825,0.4283245184503615,Zm00001eb015770,1
Fst_landraces_N,MF,759,622,GO:0015121,phosphoenolpyruvate:phosphate antiporter activity,1/622,5/27694,0.10737372991695826,0.43734447091024825,0.4283245184503615,Zm00001eb042970,1
Fst_landraces_N,MF,759,622,GO:0015562,efflux transmembrane transporter activity,1/622,5/27694,0.10737372991695826,0.43734447091024825,0.4283245184503615,Zm00001eb080140,1
Fst_landraces_N,MF,759,622,GO:0015662,P-type ion transporter activity,1/622,5/27694,0.10737372991695826,0.43734447091024825,0.4283245184503615,Zm00001eb355420,1
Fst_landraces_N,BP,759,622,GO:0015714,phosphoenolpyruvate transport,1/622,5/27694,0.10737372991695826,0.43734447091024825,0.4283245184503615,Zm00001eb042970,1
Fst_landraces_N,BP,759,622,GO:0016320,endoplasmic reticulum membrane fusion,1/622,5/27694,0.10737372991695826,0.43734447091024825,0.4283245184503615,Zm00001eb031250,1
Fst_landraces_N,MF,759,622,GO:0019863,IgE binding,1/622,5/27694,0.10737372991695826,0.43734447091024825,0.4283245184503615,Zm00001eb378140,1
Fst_landraces_N,CC,759,622,GO:0034399,nuclear periphery,1/622,5/27694,0.10737372991695826,0.43734447091024825,0.4283245184503615,Zm00001eb000170,1
Fst_landraces_N,CC,759,622,GO:0035097,histone methyltransferase complex,1/622,5/27694,0.10737372991695826,0.43734447091024825,0.4283245184503615,Zm00001eb410840,1
Fst_landraces_N,BP,759,622,GO:0035493,SNARE complex assembly,1/622,5/27694,0.10737372991695826,0.43734447091024825,0.4283245184503615,Zm00001eb109770,1
Fst_landraces_N,MF,759,622,GO:0035514,DNA demethylase activity,1/622,5/27694,0.10737372991695826,0.43734447091024825,0.4283245184503615,Zm00001eb289030,1
Fst_landraces_N,BP,759,622,GO:0042594,response to starvation,1/622,5/27694,0.10737372991695826,0.43734447091024825,0.4283245184503615,Zm00001eb151200,1
Fst_landraces_N,BP,759,622,GO:0043171,peptide catabolic process,1/622,5/27694,0.10737372991695826,0.43734447091024825,0.4283245184503615,Zm00001eb151510,1
Fst_landraces_N,BP,759,622,GO:0048586,"regulation of long-day photoperiodism, flowering",1/622,5/27694,0.10737372991695826,0.43734447091024825,0.4283245184503615,Zm00001eb122110,1
Fst_landraces_N,BP,759,622,GO:0048827,phyllome development,1/622,5/27694,0.10737372991695826,0.43734447091024825,0.4283245184503615,Zm00001eb120710,1
Fst_landraces_N,BP,759,622,GO:0051091,positive regulation of DNA-binding transcription factor activity,1/622,5/27694,0.10737372991695826,0.43734447091024825,0.4283245184503615,Zm00001eb352450,1
Fst_landraces_N,BP,759,622,GO:0051205,protein insertion into membrane,1/622,5/27694,0.10737372991695826,0.43734447091024825,0.4283245184503615,Zm00001eb124300,1
Fst_landraces_N,BP,759,622,GO:0070370,cellular heat acclimation,1/622,5/27694,0.10737372991695826,0.43734447091024825,0.4283245184503615,Zm00001eb380410,1
Fst_landraces_N,BP,759,622,GO:0070981,L-asparagine biosynthetic process,1/622,5/27694,0.10737372991695826,0.43734447091024825,0.4283245184503615,Zm00001eb029510,1
Fst_landraces_N,BP,759,622,GO:0071218,cellular response to misfolded protein,1/622,5/27694,0.10737372991695826,0.43734447091024825,0.4283245184503615,Zm00001eb346620,1
Fst_landraces_N,BP,759,622,GO:0072598,protein localization to chloroplast,1/622,5/27694,0.10737372991695826,0.43734447091024825,0.4283245184503615,Zm00001eb124300,1
Fst_landraces_N,BP,759,622,GO:0080050,regulation of seed development,1/622,5/27694,0.10737372991695826,0.43734447091024825,0.4283245184503615,Zm00001eb387280,1
Fst_landraces_N,BP,759,622,GO:0080183,response to photooxidative stress,1/622,5/27694,0.10737372991695826,0.43734447091024825,0.4283245184503615,Zm00001eb105350,1
Fst_landraces_N,BP,759,622,GO:0089722,phosphoenolpyruvate transmembrane transport,1/622,5/27694,0.10737372991695826,0.43734447091024825,0.4283245184503615,Zm00001eb042970,1
Fst_landraces_N,BP,759,622,GO:2000904,regulation of starch metabolic process,1/622,5/27694,0.10737372991695826,0.43734447091024825,0.4283245184503615,Zm00001eb102380,1
Fst_landraces_N,MF,759,622,GO:0004659,prenyltransferase activity,2/622,25/27694,0.10769724658389411,0.43734447091024825,0.4283245184503615,Zm00001eb035310/Zm00001eb250080,2
Fst_landraces_N,BP,759,622,GO:0046246,terpene biosynthetic process,2/622,25/27694,0.10769724658389411,0.43734447091024825,0.4283245184503615,Zm00001eb267020/Zm00001eb394330,2
Fst_landraces_N,MF,759,622,GO:0003924,GTPase activity,10/622,285/27694,0.11072979136863542,0.44243650422511305,0.4333115318061797,Zm00001eb031250/Zm00001eb052970/Zm00001eb143240/Zm00001eb153090/Zm00001eb224280/Zm00001eb267410/Zm00001eb346210/Zm00001eb346230/Zm00001eb353070/Zm00001eb384860,10
Fst_landraces_N,MF,759,622,GO:0004693,cyclin-dependent protein serine/threonine kinase activity,2/622,26/27694,0.11500782187231426,0.44243650422511305,0.4333115318061797,Zm00001eb035350/Zm00001eb269140,2
Fst_landraces_N,MF,759,622,GO:0008810,cellulase activity,2/622,26/27694,0.11500782187231426,0.44243650422511305,0.4333115318061797,Zm00001eb395290/Zm00001eb425730,2
Fst_landraces_N,BP,759,622,GO:0010027,thylakoid membrane organization,2/622,26/27694,0.11500782187231426,0.44243650422511305,0.4333115318061797,Zm00001eb124300/Zm00001eb355290,2
Fst_landraces_N,CC,759,622,GO:0031090,organelle membrane,2/622,26/27694,0.11500782187231426,0.44243650422511305,0.4333115318061797,Zm00001eb234980/Zm00001eb250210,2
Fst_landraces_N,MF,759,622,GO:0061608,nuclear import signal receptor activity,2/622,26/27694,0.11500782187231426,0.44243650422511305,0.4333115318061797,Zm00001eb054090/Zm00001eb380420,2
Fst_landraces_N,BP,759,622,GO:0015914,phospholipid transport,3/622,53/27694,0.11625458288758003,0.44243650422511305,0.4333115318061797,Zm00001eb048220/Zm00001eb361010/Zm00001eb382180,3
Fst_landraces_N,CC,759,622,GO:0012505,endomembrane system,15/622,474/27694,0.11705222799024582,0.44243650422511305,0.4333115318061797,Zm00001eb048220/Zm00001eb117350/Zm00001eb151530/Zm00001eb153120/Zm00001eb166180/Zm00001eb224280/Zm00001eb250470/Zm00001eb267410/Zm00001eb286460/Zm00001eb289180/Zm00001eb358720/Zm00001eb384860/Zm00001eb394310/Zm00001eb410820/Zm00001eb411880,15
Fst_landraces_N,MF,759,622,GO:0004553,"hydrolase activity, hydrolyzing O-glycosyl compounds",11/622,326/27694,0.11918679240173416,0.44243650422511305,0.4333115318061797,Zm00001eb026840/Zm00001eb044840/Zm00001eb125100/Zm00001eb132550/Zm00001eb269820/Zm00001eb273940/Zm00001eb306310/Zm00001eb382310/Zm00001eb395290/Zm00001eb418490/Zm00001eb425730,11
Fst_landraces_N,BP,759,622,GO:0043161,proteasome-mediated ubiquitin-dependent protein catabolic process,6/622,149/27694,0.11990297408837484,0.44243650422511305,0.4333115318061797,Zm00001eb093280/Zm00001eb117350/Zm00001eb151220/Zm00001eb275340/Zm00001eb349670/Zm00001eb430580,6
Fst_landraces_N,MF,759,622,GO:0008173,RNA methyltransferase activity,2/622,27/27694,0.12244044793915083,0.44243650422511305,0.4333115318061797,Zm00001eb000190/Zm00001eb198370,2
Fst_landraces_N,BP,759,622,GO:0031408,oxylipin biosynthetic process,2/622,27/27694,0.12244044793915083,0.44243650422511305,0.4333115318061797,Zm00001eb054050/Zm00001eb144930,2
Fst_landraces_N,CC,759,622,GO:0071004,U2-type prespliceosome,2/622,27/27694,0.12244044793915083,0.44243650422511305,0.4333115318061797,Zm00001eb165060/Zm00001eb246650,2
Fst_landraces_N,BP,759,622,GO:0005975,carbohydrate metabolic process,16/622,517/27694,0.12426132146481891,0.44243650422511305,0.4333115318061797,Zm00001eb015090/Zm00001eb015770/Zm00001eb026840/Zm00001eb044840/Zm00001eb125100/Zm00001eb132130/Zm00001eb132550/Zm00001eb141560/Zm00001eb239300/Zm00001eb269820/Zm00001eb273940/Zm00001eb306310/Zm00001eb382310/Zm00001eb395290/Zm00001eb418490/Zm00001eb425730,16
Fst_landraces_N,BP,759,622,GO:0006606,protein import into nucleus,3/622,55/27694,0.126129674549313,0.44243650422511305,0.4333115318061797,Zm00001eb054090/Zm00001eb380420/Zm00001eb399630,3
Fst_landraces_N,BP,759,622,GO:0009909,regulation of flower development,3/622,55/27694,0.126129674549313,0.44243650422511305,0.4333115318061797,Zm00001eb087080/Zm00001eb240100/Zm00001eb387280,3
Fst_landraces_N,BP,759,622,GO:0045893,positive regulation of DNA-templated transcription,9/622,257/27694,0.12673712335392662,0.44243650422511305,0.4333115318061797,Zm00001eb035370/Zm00001eb038660/Zm00001eb101920/Zm00001eb130260/Zm00001eb143110/Zm00001eb148990/Zm00001eb233670/Zm00001eb319580/Zm00001eb410840,9
Fst_landraces_N,CC,759,622,GO:0000323,lytic vacuole,1/622,6/27694,0.12742550282286447,0.44243650422511305,0.4333115318061797,Zm00001eb109770,1
Fst_landraces_N,MF,759,622,GO:0004305,ethanolamine kinase activity,1/622,6/27694,0.12742550282286447,0.44243650422511305,0.4333115318061797,Zm00001eb313980,1
Fst_landraces_N,CC,759,622,GO:0005672,transcription factor TFIIA complex,1/622,6/27694,0.12742550282286447,0.44243650422511305,0.4333115318061797,Zm00001eb346300,1
Fst_landraces_N,BP,759,622,GO:0007021,tubulin complex assembly,1/622,6/27694,0.12742550282286447,0.44243650422511305,0.4333115318061797,Zm00001eb028520,1
Fst_landraces_N,MF,759,622,GO:0008176,tRNA (guanine(46)-N7)-methyltransferase activity,1/622,6/27694,0.12742550282286447,0.44243650422511305,0.4333115318061797,Zm00001eb047240,1
Fst_landraces_N,BP,759,622,GO:0009062,fatty acid catabolic process,1/622,6/27694,0.12742550282286447,0.44243650422511305,0.4333115318061797,Zm00001eb338180,1
Fst_landraces_N,BP,759,622,GO:0009910,negative regulation of flower development,1/622,6/27694,0.12742550282286447,0.44243650422511305,0.4333115318061797,Zm00001eb354430,1
Fst_landraces_N,MF,759,622,GO:0010328,auxin influx transmembrane transporter activity,1/622,6/27694,0.12742550282286447,0.44243650422511305,0.4333115318061797,Zm00001eb342670,1
Fst_landraces_N,MF,759,622,GO:0016407,acetyltransferase activity,1/622,6/27694,0.12742550282286447,0.44243650422511305,0.4333115318061797,Zm00001eb022160,1
Fst_landraces_N,MF,759,622,GO:0016423,tRNA (guanine) methyltransferase activity,1/622,6/27694,0.12742550282286447,0.44243650422511305,0.4333115318061797,Zm00001eb000190,1
Fst_landraces_N,CC,759,622,GO:0017053,transcription repressor complex,1/622,6/27694,0.12742550282286447,0.44243650422511305,0.4333115318061797,Zm00001eb121110,1
Fst_landraces_N,BP,759,622,GO:0034355,NAD+ biosynthetic process via the salvage pathway,1/622,6/27694,0.12742550282286447,0.44243650422511305,0.4333115318061797,Zm00001eb082870,1
Fst_landraces_N,CC,759,622,GO:0034515,proteasome storage granule,1/622,6/27694,0.12742550282286447,0.44243650422511305,0.4333115318061797,Zm00001eb430580,1
Fst_landraces_N,BP,759,622,GO:0044206,UMP salvage,1/622,6/27694,0.12742550282286447,0.44243650422511305,0.4333115318061797,Zm00001eb102380,1
Fst_landraces_N,MF,759,622,GO:0047334,diphosphate-fructose-6-phosphate 1-phosphotransferase activity,1/622,6/27694,0.12742550282286447,0.44243650422511305,0.4333115318061797,Zm00001eb043000,1
Fst_landraces_N,BP,759,622,GO:0048280,vesicle fusion with Golgi apparatus,1/622,6/27694,0.12742550282286447,0.44243650422511305,0.4333115318061797,Zm00001eb013300,1
Fst_landraces_N,BP,759,622,GO:0048437,floral organ development,1/622,6/27694,0.12742550282286447,0.44243650422511305,0.4333115318061797,Zm00001eb120710,1
Fst_landraces_N,MF,759,622,GO:0050136,NADH dehydrogenase (quinone) (non-electrogenic) activity,1/622,6/27694,0.12742550282286447,0.44243650422511305,0.4333115318061797,Zm00001eb151430,1
Fst_landraces_N,MF,759,622,GO:0052622,ATP/ADP dimethylallyltransferase activity,1/622,6/27694,0.12742550282286447,0.44243650422511305,0.4333115318061797,Zm00001eb095250,1
Fst_landraces_N,MF,759,622,GO:0052793,pectin acetylesterase activity,1/622,6/27694,0.12742550282286447,0.44243650422511305,0.4333115318061797,Zm00001eb130750,1
Fst_landraces_N,BP,759,622,GO:0060919,auxin import into cell,1/622,6/27694,0.12742550282286447,0.44243650422511305,0.4333115318061797,Zm00001eb342670,1
Fst_landraces_N,BP,759,622,GO:0070979,protein K11-linked ubiquitination,1/622,6/27694,0.12742550282286447,0.44243650422511305,0.4333115318061797,Zm00001eb227040,1
Fst_landraces_N,BP,759,622,GO:0030245,cellulose catabolic process,2/622,28/27694,0.12998597761099367,0.44965519662469666,0.4403813432512807,Zm00001eb395290/Zm00001eb425730,2
Fst_landraces_N,CC,759,622,GO:0016592,mediator complex,3/622,56/27694,0.1311765840066866,0.4520993707093922,0.44277510779495305,Zm00001eb095270/Zm00001eb095280/Zm00001eb379470,3
Fst_landraces_N,BP,759,622,GO:0009751,response to salicylic acid,2/622,29/27694,0.13763561183796347,0.4670875061524998,0.45745412244621014,Zm00001eb246190/Zm00001eb310260,2
Fst_landraces_N,MF,759,622,GO:0019901,protein kinase binding,2/622,29/27694,0.13763561183796347,0.4670875061524998,0.45745412244621014,Zm00001eb233940/Zm00001eb353070,2
Fst_landraces_N,BP,759,622,GO:0040029,epigenetic regulation of gene expression,2/622,29/27694,0.13763561183796347,0.4670875061524998,0.45745412244621014,Zm00001eb028710/Zm00001eb413870,2
Fst_landraces_N,BP,759,622,GO:0050793,regulation of developmental process,2/622,29/27694,0.13763561183796347,0.4670875061524998,0.45745412244621014,Zm00001eb359810/Zm00001eb403750,2
Fst_landraces_N,CC,759,622,GO:0005802,trans-Golgi network,3/622,59/27694,0.1467258842387935,0.4670875061524998,0.45745412244621014,Zm00001eb013300/Zm00001eb030710/Zm00001eb048220,3
Fst_landraces_N,MF,759,622,GO:0004165,delta(3)-delta(2)-enoyl-CoA isomerase activity,1/622,7/27694,0.14702754476320656,0.4670875061524998,0.45745412244621014,Zm00001eb338180,1
Fst_landraces_N,MF,759,622,GO:0004566,beta-glucuronidase activity,1/622,7/27694,0.14702754476320656,0.4670875061524998,0.45745412244621014,Zm00001eb029720,1
Fst_landraces_N,BP,759,622,GO:0006007,glucose catabolic process,1/622,7/27694,0.14702754476320656,0.4670875061524998,0.45745412244621014,Zm00001eb015770,1
Fst_landraces_N,MF,759,622,GO:0008271,secondary active sulfate transmembrane transporter activity,1/622,7/27694,0.14702754476320656,0.4670875061524998,0.45745412244621014,Zm00001eb154590,1
Fst_landraces_N,MF,759,622,GO:0008318,protein prenyltransferase activity,1/622,7/27694,0.14702754476320656,0.4670875061524998,0.45745412244621014,Zm00001eb035310,1
Fst_landraces_N,MF,759,622,GO:0009378,four-way junction helicase activity,1/622,7/27694,0.14702754476320656,0.4670875061524998,0.45745412244621014,Zm00001eb425250,1
Fst_landraces_N,MF,759,622,GO:0009824,AMP dimethylallyltransferase activity,1/622,7/27694,0.14702754476320656,0.4670875061524998,0.45745412244621014,Zm00001eb095250,1
Fst_landraces_N,BP,759,622,GO:0009944,polarity specification of adaxial/abaxial axis,1/622,7/27694,0.14702754476320656,0.4670875061524998,0.45745412244621014,Zm00001eb248640,1
Fst_landraces_N,BP,759,622,GO:0010048,vernalization response,1/622,7/27694,0.14702754476320656,0.4670875061524998,0.45745412244621014,Zm00001eb413870,1
Fst_landraces_N,CC,759,622,GO:0012511,monolayer-surrounded lipid storage body,1/622,7/27694,0.14702754476320656,0.4670875061524998,0.45745412244621014,Zm00001eb000200,1
Fst_landraces_N,MF,759,622,GO:0019104,DNA N-glycosylase activity,1/622,7/27694,0.14702754476320656,0.4670875061524998,0.45745412244621014,Zm00001eb289030,1
Fst_landraces_N,CC,759,622,GO:0031464,Cul4A-RING E3 ubiquitin ligase complex,1/622,7/27694,0.14702754476320656,0.4670875061524998,0.45745412244621014,Zm00001eb151220,1
Fst_landraces_N,CC,759,622,GO:0033281,TAT protein transport complex,1/622,7/27694,0.14702754476320656,0.4670875061524998,0.45745412244621014,Zm00001eb399680,1
Fst_landraces_N,MF,759,622,GO:0046524,sucrose-phosphate synthase activity,1/622,7/27694,0.14702754476320656,0.4670875061524998,0.45745412244621014,Zm00001eb167910,1
Fst_landraces_N,BP,759,622,GO:0050982,detection of mechanical stimulus,1/622,7/27694,0.14702754476320656,0.4670875061524998,0.45745412244621014,Zm00001eb250070,1
Fst_landraces_N,BP,759,622,GO:0065002,intracellular protein transmembrane transport,1/622,7/27694,0.14702754476320656,0.4670875061524998,0.45745412244621014,Zm00001eb399680,1
Fst_landraces_N,BP,759,622,GO:0071763,nuclear membrane organization,1/622,7/27694,0.14702754476320656,0.4670875061524998,0.45745412244621014,Zm00001eb000170,1
Fst_landraces_N,BP,759,622,GO:0106004,tRNA (guanine-N7)-methylation,1/622,7/27694,0.14702754476320656,0.4670875061524998,0.45745412244621014,Zm00001eb047240,1
Fst_landraces_N,MF,759,622,GO:0016301,kinase activity,46/622,1751/27694,0.15192922561497577,0.4717975425115434,0.46206701729125566,Zm00001eb009850/Zm00001eb016040/Zm00001eb022180/Zm00001eb025540/Zm00001eb031270/Zm00001eb035350/Zm00001eb043000/Zm00001eb047240/Zm00001eb064940/Zm00001eb086220/Zm00001eb098540/Zm00001eb102380/Zm00001eb104810/Zm00001eb120370/Zm00001eb126930/Zm00001eb128070/Zm00001eb136220/Zm00001eb138310/Zm00001eb139620/Zm00001eb140570/Zm00001eb141560/Zm00001eb151400/Zm00001eb155730/Zm00001eb198360/Zm00001eb201430/Zm00001eb201440/Zm00001eb220840/Zm00001eb223540/Zm00001eb241950/Zm00001eb245770/Zm00001eb267390/Zm00001eb269140/Zm00001eb309030/Zm00001eb313980/Zm00001eb321900/Zm00001eb338190/Zm00001eb338230/Zm00001eb348580/Zm00001eb359150/Zm00001eb365940/Zm00001eb385300/Zm00001eb397190/Zm00001eb403280/Zm00001eb411450/Zm00001eb414020/Zm00001eb426060,46
Fst_landraces_N,BP,759,622,GO:0006635,fatty acid beta-oxidation,2/622,31/27694,0.1532136728032329,0.4717975425115434,0.46206701729125566,Zm00001eb239300/Zm00001eb338180,2
Fst_landraces_N,BP,759,622,GO:0007264,small GTPase-mediated signal transduction,2/622,31/27694,0.1532136728032329,0.4717975425115434,0.46206701729125566,Zm00001eb353070/Zm00001eb395310,2
Fst_landraces_N,MF,759,622,GO:0016798,"hydrolase activity, acting on glycosyl bonds",13/622,422/27694,0.15765858961492185,0.4717975425115434,0.46206701729125566,Zm00001eb015090/Zm00001eb026840/Zm00001eb029720/Zm00001eb044840/Zm00001eb125100/Zm00001eb132550/Zm00001eb269820/Zm00001eb273940/Zm00001eb306310/Zm00001eb382310/Zm00001eb395290/Zm00001eb418490/Zm00001eb425730,13
Fst_landraces_N,MF,759,622,GO:0008017,microtubule binding,8/622,234/27694,0.15824490191620974,0.4717975425115434,0.46206701729125566,Zm00001eb036580/Zm00001eb143240/Zm00001eb153090/Zm00001eb197580/Zm00001eb235200/Zm00001eb276140/Zm00001eb287900/Zm00001eb381470,8
Fst_landraces_N,BP,759,622,GO:0015995,chlorophyll biosynthetic process,2/622,32/27694,0.16112614479990753,0.4717975425115434,0.46206701729125566,Zm00001eb287860/Zm00001eb308830,2
Fst_landraces_N,BP,759,622,GO:0046835,carbohydrate phosphorylation,2/622,32/27694,0.16112614479990753,0.4717975425115434,0.46206701729125566,Zm00001eb043000/Zm00001eb141560,2
Fst_landraces_N,BP,759,622,GO:0045490,pectin catabolic process,3/622,62/27694,0.1628374870652355,0.4717975425115434,0.46206701729125566,Zm00001eb040760/Zm00001eb130480/Zm00001eb165010,3
Fst_landraces_N,BP,759,622,GO:0000455,enzyme-directed rRNA pseudouridine synthesis,1/622,8/27694,0.16618992664485843,0.4717975425115434,0.46206701729125566,Zm00001eb241970,1
Fst_landraces_N,CC,759,622,GO:0000792,heterochromatin,1/622,8/27694,0.16618992664485843,0.4717975425115434,0.46206701729125566,Zm00001eb160010,1
Fst_landraces_N,MF,759,622,GO:0003954,NADH dehydrogenase activity,1/622,8/27694,0.16618992664485843,0.4717975425115434,0.46206701729125566,Zm00001eb151430,1
Fst_landraces_N,MF,759,622,GO:0004022,alcohol dehydrogenase (NAD+) activity,1/622,8/27694,0.16618992664485843,0.4717975425115434,0.46206701729125566,Zm00001eb026710,1
Fst_landraces_N,MF,759,622,GO:0004143,ATP-dependent diacylglycerol kinase activity,1/622,8/27694,0.16618992664485843,0.4717975425115434,0.46206701729125566,Zm00001eb151400,1
Fst_landraces_N,BP,759,622,GO:0007200,phospholipase C-activating G protein-coupled receptor signaling pathway,1/622,8/27694,0.16618992664485843,0.4717975425115434,0.46206701729125566,Zm00001eb151400,1
Fst_landraces_N,MF,759,622,GO:0008381,mechanosensitive monoatomic ion channel activity,1/622,8/27694,0.16618992664485843,0.4717975425115434,0.46206701729125566,Zm00001eb250070,1
Fst_landraces_N,BP,759,622,GO:0009102,biotin biosynthetic process,1/622,8/27694,0.16618992664485843,0.4717975425115434,0.46206701729125566,Zm00001eb198320,1
Fst_landraces_N,BP,759,622,GO:0009615,response to virus,1/622,8/27694,0.16618992664485843,0.4717975425115434,0.46206701729125566,Zm00001eb384970,1
Fst_landraces_N,BP,759,622,GO:0010154,fruit development,1/622,8/27694,0.16618992664485843,0.4717975425115434,0.46206701729125566,Zm00001eb248640,1
Fst_landraces_N,MF,759,622,GO:0015140,malate transmembrane transporter activity,1/622,8/27694,0.16618992664485843,0.4717975425115434,0.46206701729125566,Zm00001eb316570,1
Fst_landraces_N,BP,759,622,GO:0015780,nucleotide-sugar transmembrane transport,1/622,8/27694,0.16618992664485843,0.4717975425115434,0.46206701729125566,Zm00001eb260190,1
Fst_landraces_N,CC,759,622,GO:0017101,aminoacyl-tRNA synthetase multienzyme complex,1/622,8/27694,0.16618992664485843,0.4717975425115434,0.46206701729125566,Zm00001eb231430,1
Fst_landraces_N,BP,759,622,GO:0019363,pyridine nucleotide biosynthetic process,1/622,8/27694,0.16618992664485843,0.4717975425115434,0.46206701729125566,Zm00001eb082870,1
Fst_landraces_N,CC,759,622,GO:0030130,clathrin coat of trans-Golgi network vesicle,1/622,8/27694,0.16618992664485843,0.4717975425115434,0.46206701729125566,Zm00001eb404830,1
Fst_landraces_N,CC,759,622,GO:0030132,clathrin coat of coated pit,1/622,8/27694,0.16618992664485843,0.4717975425115434,0.46206701729125566,Zm00001eb404830,1
Fst_landraces_N,MF,759,622,GO:0030295,protein kinase activator activity,1/622,8/27694,0.16618992664485843,0.4717975425115434,0.46206701729125566,Zm00001eb019660,1
Fst_landraces_N,BP,759,622,GO:0042176,regulation of protein catabolic process,1/622,8/27694,0.16618992664485843,0.4717975425115434,0.46206701729125566,Zm00001eb430580,1
Fst_landraces_N,BP,759,622,GO:0048443,stamen development,1/622,8/27694,0.16618992664485843,0.4717975425115434,0.46206701729125566,Zm00001eb284090,1
Fst_landraces_N,BP,759,622,GO:0051260,protein homooligomerization,1/622,8/27694,0.16618992664485843,0.4717975425115434,0.46206701729125566,Zm00001eb233650,1
Fst_landraces_N,MF,759,622,GO:0051903,S-(hydroxymethyl)glutathione dehydrogenase [NAD(P)+] activity,1/622,8/27694,0.16618992664485843,0.4717975425115434,0.46206701729125566,Zm00001eb026710,1
Fst_landraces_N,BP,759,622,GO:0055070,copper ion homeostasis,1/622,8/27694,0.16618992664485843,0.4717975425115434,0.46206701729125566,Zm00001eb098680,1
Fst_landraces_N,BP,759,622,GO:0061709,reticulophagy,1/622,8/27694,0.16618992664485843,0.4717975425115434,0.46206701729125566,Zm00001eb233940,1
Fst_landraces_N,BP,759,622,GO:0070828,heterochromatin organization,1/622,8/27694,0.16618992664485843,0.4717975425115434,0.46206701729125566,Zm00001eb160010,1
Fst_landraces_N,BP,759,622,GO:0071423,malate transmembrane transport,1/622,8/27694,0.16618992664485843,0.4717975425115434,0.46206701729125566,Zm00001eb316570,1
Fst_landraces_N,MF,759,622,GO:0102726,DIMBOA glucoside beta-D-glucosidase activity,1/622,8/27694,0.16618992664485843,0.4717975425115434,0.46206701729125566,Zm00001eb418490,1
Fst_landraces_N,BP,759,622,GO:1901701,cellular response to oxygen-containing compound,1/622,8/27694,0.16618992664485843,0.4717975425115434,0.46206701729125566,Zm00001eb225150,1
Fst_landraces_N,CC,759,622,GO:0000776,kinetochore,2/622,33/27694,0.16911079145327682,0.47432276041249416,0.4645401541738503,Zm00001eb048210/Zm00001eb425240,2
Fst_landraces_N,MF,759,622,GO:0015095,magnesium ion transmembrane transporter activity,2/622,33/27694,0.16911079145327682,0.47432276041249416,0.4645401541738503,Zm00001eb082780/Zm00001eb288370,2
Fst_landraces_N,MF,759,622,GO:0030234,enzyme regulator activity,2/622,33/27694,0.16911079145327682,0.47432276041249416,0.4645401541738503,Zm00001eb235330/Zm00001eb430580,2
Fst_landraces_N,BP,759,622,GO:1903830,magnesium ion transmembrane transport,2/622,33/27694,0.16911079145327682,0.47432276041249416,0.4645401541738503,Zm00001eb082780/Zm00001eb288370,2
Fst_landraces_N,CC,759,622,GO:0019005,SCF ubiquitin ligase complex,3/622,64/27694,0.17385902166072903,0.4833999430167573,0.4734301256413413,Zm00001eb137200/Zm00001eb199550/Zm00001eb232410,3
Fst_landraces_N,BP,759,622,GO:0007030,Golgi organization,2/622,34/27694,0.1771603958094484,0.4833999430167573,0.4734301256413413,Zm00001eb153530/Zm00001eb392010,2
Fst_landraces_N,CC,759,622,GO:0000779,"condensed chromosome, centromeric region",1/622,9/27694,0.1849224942106643,0.4833999430167573,0.4734301256413413,Zm00001eb197580,1
Fst_landraces_N,MF,759,622,GO:0003978,UDP-glucose 4-epimerase activity,1/622,9/27694,0.1849224942106643,0.4833999430167573,0.4734301256413413,Zm00001eb014110,1
Fst_landraces_N,MF,759,622,GO:0004021,L-alanine:2-oxoglutarate aminotransferase activity,1/622,9/27694,0.1849224942106643,0.4833999430167573,0.4734301256413413,Zm00001eb028030,1
Fst_landraces_N,MF,759,622,GO:0004042,L-glutamate N-acetyltransferase activity,1/622,9/27694,0.1849224942106643,0.4833999430167573,0.4734301256413413,Zm00001eb325850,1
Fst_landraces_N,MF,759,622,GO:0004340,glucokinase activity,1/622,9/27694,0.1849224942106643,0.4833999430167573,0.4734301256413413,Zm00001eb141560,1
Fst_landraces_N,CC,759,622,GO:0005854,nascent polypeptide-associated complex,1/622,9/27694,0.1849224942106643,0.4833999430167573,0.4734301256413413,Zm00001eb045530,1
Fst_landraces_N,BP,759,622,GO:0006283,transcription-coupled nucleotide-excision repair,1/622,9/27694,0.1849224942106643,0.4833999430167573,0.4734301256413413,Zm00001eb127010,1
Fst_landraces_N,BP,759,622,GO:0007032,endosome organization,1/622,9/27694,0.1849224942106643,0.4833999430167573,0.4734301256413413,Zm00001eb026810,1
Fst_landraces_N,CC,759,622,GO:0008024,cyclin/CDK positive transcription elongation factor complex,1/622,9/27694,0.1849224942106643,0.4833999430167573,0.4734301256413413,Zm00001eb132310,1
Fst_landraces_N,MF,759,622,GO:0008083,growth factor activity,1/622,9/27694,0.1849224942106643,0.4833999430167573,0.4734301256413413,Zm00001eb139570,1
Fst_landraces_N,BP,759,622,GO:0008283,cell population proliferation,1/622,9/27694,0.1849224942106643,0.4833999430167573,0.4734301256413413,Zm00001eb139570,1
Fst_landraces_N,BP,759,622,GO:0009646,response to absence of light,1/622,9/27694,0.1849224942106643,0.4833999430167573,0.4734301256413413,Zm00001eb240100,1
Fst_landraces_N,BP,759,622,GO:0016973,poly(A)+ mRNA export from nucleus,1/622,9/27694,0.1849224942106643,0.4833999430167573,0.4734301256413413,Zm00001eb399630,1
Fst_landraces_N,BP,759,622,GO:0019748,secondary metabolic process,1/622,9/27694,0.1849224942106643,0.4833999430167573,0.4734301256413413,Zm00001eb411170,1
Fst_landraces_N,BP,759,622,GO:0032786,"positive regulation of DNA-templated transcription, elongation",1/622,9/27694,0.1849224942106643,0.4833999430167573,0.4734301256413413,Zm00001eb132310,1
Fst_landraces_N,BP,759,622,GO:0035436,triose phosphate transmembrane transport,1/622,9/27694,0.1849224942106643,0.4833999430167573,0.4734301256413413,Zm00001eb042970,1
Fst_landraces_N,BP,759,622,GO:0046486,glycerolipid metabolic process,1/622,9/27694,0.1849224942106643,0.4833999430167573,0.4734301256413413,Zm00001eb151400,1
Fst_landraces_N,CC,759,622,GO:0070652,HAUS complex,1/622,9/27694,0.1849224942106643,0.4833999430167573,0.4734301256413413,Zm00001eb235200,1
Fst_landraces_N,CC,759,622,GO:1990316,Atg1/ULK1 kinase complex,1/622,9/27694,0.1849224942106643,0.4833999430167573,0.4734301256413413,Zm00001eb233940,1
Fst_landraces_N,MF,759,622,GO:0003680,minor groove of adenine-thymine-rich DNA binding,2/622,35/27694,0.18526802772610954,0.4833999430167573,0.4734301256413413,Zm00001eb035320/Zm00001eb190840,2
Fst_landraces_N,BP,759,622,GO:0009744,response to sucrose,2/622,35/27694,0.18526802772610954,0.4833999430167573,0.4734301256413413,Zm00001eb009430/Zm00001eb233930,2
Fst_landraces_N,BP,759,622,GO:0000278,mitotic cell cycle,3/622,67/27694,0.19076477005317427,0.4833999430167573,0.4734301256413413,Zm00001eb048270/Zm00001eb197580/Zm00001eb385280,3
Fst_landraces_N,MF,759,622,GO:0043169,cation binding,3/622,67/27694,0.19076477005317427,0.4833999430167573,0.4734301256413413,Zm00001eb095260/Zm00001eb158020/Zm00001eb238250,3
Fst_landraces_N,MF,759,622,GO:0000287,magnesium ion binding,6/622,172/27694,0.19134339561455546,0.4833999430167573,0.4734301256413413,Zm00001eb048220/Zm00001eb071090/Zm00001eb127150/Zm00001eb267020/Zm00001eb382180/Zm00001eb415420,6
Fst_landraces_N,MF,759,622,GO:0016251,RNA polymerase II general transcription initiation factor activity,2/622,36/27694,0.193427034664401,0.4833999430167573,0.4734301256413413,Zm00001eb002410/Zm00001eb313590,2
Fst_landraces_N,MF,759,622,GO:0005215,transporter activity,3/622,68/27694,0.19649030331173692,0.4833999430167573,0.4734301256413413,Zm00001eb048220/Zm00001eb355420/Zm00001eb382180,3
Fst_landraces_N,BP,759,622,GO:0031507,heterochromatin formation,3/622,68/27694,0.19649030331173692,0.4833999430167573,0.4734301256413413,Zm00001eb108690/Zm00001eb160010/Zm00001eb417900,3
Fst_landraces_N,BP,759,622,GO:0006096,glycolytic process,4/622,103/27694,0.20149005984831767,0.4833999430167573,0.4734301256413413,Zm00001eb015770/Zm00001eb043000/Zm00001eb047240/Zm00001eb141560,4
Fst_landraces_N,BP,759,622,GO:0035672,oligopeptide transmembrane transport,2/622,37/27694,0.20163103274866592,0.4833999430167573,0.4734301256413413,Zm00001eb249020/Zm00001eb339470,2
Fst_landraces_N,MF,759,622,GO:0035673,oligopeptide transmembrane transporter activity,2/622,37/27694,0.20163103274866592,0.4833999430167573,0.4734301256413413,Zm00001eb249020/Zm00001eb339470,2
Fst_landraces_N,CC,759,622,GO:0000813,ESCRT I complex,1/622,10/27694,0.20323487306567456,0.4833999430167573,0.4734301256413413,Zm00001eb151450,1
Fst_landraces_N,BP,759,622,GO:0001678,intracellular glucose homeostasis,1/622,10/27694,0.20323487306567456,0.4833999430167573,0.4734301256413413,Zm00001eb141560,1
Fst_landraces_N,MF,759,622,GO:0004396,hexokinase activity,1/622,10/27694,0.20323487306567456,0.4833999430167573,0.4734301256413413,Zm00001eb141560,1
Fst_landraces_N,MF,759,622,GO:0004575,sucrose alpha-glucosidase activity,1/622,10/27694,0.20323487306567456,0.4833999430167573,0.4734301256413413,Zm00001eb015090,1
Fst_landraces_N,MF,759,622,GO:0005460,UDP-glucose transmembrane transporter activity,1/622,10/27694,0.20323487306567456,0.4833999430167573,0.4734301256413413,Zm00001eb260190,1
Fst_landraces_N,MF,759,622,GO:0005536,D-glucose binding,1/622,10/27694,0.20323487306567456,0.4833999430167573,0.4734301256413413,Zm00001eb141560,1
Fst_landraces_N,BP,759,622,GO:0005986,sucrose biosynthetic process,1/622,10/27694,0.20323487306567456,0.4833999430167573,0.4734301256413413,Zm00001eb167910,1
Fst_landraces_N,BP,759,622,GO:0006107,oxaloacetate metabolic process,1/622,10/27694,0.20323487306567456,0.4833999430167573,0.4734301256413413,Zm00001eb074700,1
Fst_landraces_N,BP,759,622,GO:0006574,L-valine catabolic process,1/622,10/27694,0.20323487306567456,0.4833999430167573,0.4734301256413413,Zm00001eb224720,1
Fst_landraces_N,MF,759,622,GO:0008517,folic acid transmembrane transporter activity,1/622,10/27694,0.20323487306567456,0.4833999430167573,0.4734301256413413,Zm00001eb078370,1
Fst_landraces_N,MF,759,622,GO:0009011,"alpha-1,4-glucan glucosyltransferase (ADP-glucose donor) activity",1/622,10/27694,0.20323487306567456,0.4833999430167573,0.4734301256413413,Zm00001eb254490,1
Fst_landraces_N,BP,759,622,GO:0009228,thiamine biosynthetic process,1/622,10/27694,0.20323487306567456,0.4833999430167573,0.4734301256413413,Zm00001eb287860,1
Fst_landraces_N,BP,759,622,GO:0009644,response to high light intensity,1/622,10/27694,0.20323487306567456,0.4833999430167573,0.4734301256413413,Zm00001eb146510,1
Fst_landraces_N,BP,759,622,GO:0010021,amylopectin biosynthetic process,1/622,10/27694,0.20323487306567456,0.4833999430167573,0.4734301256413413,Zm00001eb254490,1
Fst_landraces_N,BP,759,622,GO:0010193,response to ozone,1/622,10/27694,0.20323487306567456,0.4833999430167573,0.4734301256413413,Zm00001eb310260,1
Fst_landraces_N,BP,759,622,GO:0015936,coenzyme A metabolic process,1/622,10/27694,0.20323487306567456,0.4833999430167573,0.4734301256413413,Zm00001eb102030,1
Fst_landraces_N,BP,759,622,GO:0016556,mRNA modification,1/622,10/27694,0.20323487306567456,0.4833999430167573,0.4734301256413413,Zm00001eb250310,1
Fst_landraces_N,BP,759,622,GO:0019915,lipid storage,1/622,10/27694,0.20323487306567456,0.4833999430167573,0.4734301256413413,Zm00001eb000200,1
Fst_landraces_N,MF,759,622,GO:0033926,endo-alpha-N-acetylgalactosaminidase activity,1/622,10/27694,0.20323487306567456,0.4833999430167573,0.4734301256413413,Zm00001eb015090,1
Fst_landraces_N,MF,759,622,GO:0035312,5'-3' DNA exonuclease activity,1/622,10/27694,0.20323487306567456,0.4833999430167573,0.4734301256413413,Zm00001eb151620,1
Fst_landraces_N,BP,759,622,GO:0036444,calcium import into the mitochondrion,1/622,10/27694,0.20323487306567456,0.4833999430167573,0.4734301256413413,Zm00001eb426050,1
Fst_landraces_N,BP,759,622,GO:0042752,regulation of circadian rhythm,1/622,10/27694,0.20323487306567456,0.4833999430167573,0.4734301256413413,Zm00001eb122110,1
Fst_landraces_N,BP,759,622,GO:0042853,L-alanine catabolic process,1/622,10/27694,0.20323487306567456,0.4833999430167573,0.4734301256413413,Zm00001eb028030,1
Fst_landraces_N,BP,759,622,GO:0080156,mitochondrial mRNA modification,1/622,10/27694,0.20323487306567456,0.4833999430167573,0.4734301256413413,Zm00001eb269170,1
Fst_landraces_N,CC,759,622,GO:0089701,U2AF complex,1/622,10/27694,0.20323487306567456,0.4833999430167573,0.4734301256413413,Zm00001eb165060,1
Fst_landraces_N,BP,759,622,GO:0098838,folate transmembrane transport,1/622,10/27694,0.20323487306567456,0.4833999430167573,0.4734301256413413,Zm00001eb078370,1
Fst_landraces_N,CC,759,622,GO:1990246,uniplex complex,1/622,10/27694,0.20323487306567456,0.4833999430167573,0.4734301256413413,Zm00001eb426050,1
Fst_landraces_N,BP,759,622,GO:0006281,DNA repair,9/622,289/27694,0.20433579720046174,0.4833999430167573,0.4734301256413413,Zm00001eb050740/Zm00001eb065950/Zm00001eb127010/Zm00001eb150740/Zm00001eb151620/Zm00001eb199280/Zm00001eb264110/Zm00001eb275040/Zm00001eb289030,9
Fst_landraces_N,BP,759,622,GO:0051301,cell division,7/622,213/27694,0.2043427636302824,0.4833999430167573,0.4734301256413413,Zm00001eb033140/Zm00001eb035350/Zm00001eb132130/Zm00001eb143240/Zm00001eb227040/Zm00001eb399650/Zm00001eb425240,7
Fst_landraces_N,BP,759,622,GO:0006325,chromatin organization,6/622,176/27694,0.205170705472178,0.4833999430167573,0.4734301256413413,Zm00001eb019800/Zm00001eb046650/Zm00001eb108690/Zm00001eb231830/Zm00001eb411150/Zm00001eb417900,6
Fst_landraces_N,MF,759,622,GO:0003746,translation elongation factor activity,3/622,70/27694,0.20806308761276032,0.4833999430167573,0.4734301256413413,Zm00001eb052970/Zm00001eb346210/Zm00001eb346230,3
Fst_landraces_N,BP,759,622,GO:0099402,plant organ development,3/622,70/27694,0.20806308761276032,0.4833999430167573,0.4734301256413413,Zm00001eb240100/Zm00001eb355310/Zm00001eb363100,3
Fst_landraces_N,MF,759,622,GO:0003714,transcription corepressor activity,2/622,38/27694,0.20987389808671353,0.4833999430167573,0.4734301256413413,Zm00001eb321200/Zm00001eb380410,2
Fst_landraces_N,BP,759,622,GO:0048364,root development,2/622,38/27694,0.20987389808671353,0.4833999430167573,0.4734301256413413,Zm00001eb035310/Zm00001eb321020,2
Fst_landraces_N,MF,759,622,GO:0008270,zinc ion binding,49/622,1943/27694,0.21748054543604675,0.4833999430167573,0.4734301256413413,Zm00001eb019800/Zm00001eb020640/Zm00001eb026710/Zm00001eb035370/Zm00001eb046650/Zm00001eb059970/Zm00001eb075990/Zm00001eb087090/Zm00001eb093280/Zm00001eb093630/Zm00001eb101920/Zm00001eb105360/Zm00001eb110960/Zm00001eb117350/Zm00001eb126920/Zm00001eb127850/Zm00001eb138370/Zm00001eb142060/Zm00001eb143110/Zm00001eb145630/Zm00001eb149620/Zm00001eb153100/Zm00001eb156060/Zm00001eb174450/Zm00001eb198350/Zm00001eb205550/Zm00001eb215150/Zm00001eb224690/Zm00001eb224730/Zm00001eb231830/Zm00001eb232400/Zm00001eb233670/Zm00001eb240100/Zm00001eb242580/Zm00001eb246190/Zm00001eb248640/Zm00001eb250240/Zm00001eb275860/Zm00001eb344540/Zm00001eb363100/Zm00001eb385190/Zm00001eb388770/Zm00001eb410840/Zm00001eb411150/Zm00001eb413870/Zm00001eb415660/Zm00001eb433900/Zm00001eb434470/Zm00001eb434500,49
Fst_landraces_N,BP,759,622,GO:0000027,ribosomal large subunit assembly,1/622,11/27694,0.22113647359136313,0.4833999430167573,0.4734301256413413,Zm00001eb417890,1
Fst_landraces_N,CC,759,622,GO:0000123,histone acetyltransferase complex,1/622,11/27694,0.22113647359136313,0.4833999430167573,0.4734301256413413,Zm00001eb231830,1
Fst_landraces_N,MF,759,622,GO:0004420,hydroxymethylglutaryl-CoA reductase (NADPH) activity,1/622,11/27694,0.22113647359136313,0.4833999430167573,0.4734301256413413,Zm00001eb102030,1
Fst_landraces_N,MF,759,622,GO:0004656,procollagen-proline 4-dioxygenase activity,1/622,11/27694,0.22113647359136313,0.4833999430167573,0.4734301256413413,Zm00001eb048160,1
Fst_landraces_N,CC,759,622,GO:0005675,transcription factor TFIIH holo complex,1/622,11/27694,0.22113647359136313,0.4833999430167573,0.4734301256413413,Zm00001eb065950,1
Fst_landraces_N,BP,759,622,GO:0006657,CDP-choline pathway,1/622,11/27694,0.22113647359136313,0.4833999430167573,0.4734301256413413,Zm00001eb233270,1
Fst_landraces_N,BP,759,622,GO:0007094,mitotic spindle assembly checkpoint signaling,1/622,11/27694,0.22113647359136313,0.4833999430167573,0.4734301256413413,Zm00001eb425240,1
Fst_landraces_N,BP,759,622,GO:0007163,establishment or maintenance of cell polarity,1/622,11/27694,0.22113647359136313,0.4833999430167573,0.4734301256413413,Zm00001eb353070,1
Fst_landraces_N,BP,759,622,GO:0008356,asymmetric cell division,1/622,11/27694,0.22113647359136313,0.4833999430167573,0.4734301256413413,Zm00001eb020850,1
Fst_landraces_N,BP,759,622,GO:0009051,"pentose-phosphate shunt, oxidative branch",1/622,11/27694,0.22113647359136313,0.4833999430167573,0.4734301256413413,Zm00001eb419510,1
Fst_landraces_N,BP,759,622,GO:0009435,NAD+ biosynthetic process,1/622,11/27694,0.22113647359136313,0.4833999430167573,0.4734301256413413,Zm00001eb082870,1
Fst_landraces_N,BP,759,622,GO:0009753,response to jasmonic acid,1/622,11/27694,0.22113647359136313,0.4833999430167573,0.4734301256413413,Zm00001eb071090,1
Fst_landraces_N,MF,759,622,GO:0009977,proton motive force dependent protein transmembrane transporter activity,1/622,11/27694,0.22113647359136313,0.4833999430167573,0.4734301256413413,Zm00001eb399680,1
Fst_landraces_N,BP,759,622,GO:0010960,magnesium ion homeostasis,1/622,11/27694,0.22113647359136313,0.4833999430167573,0.4734301256413413,Zm00001eb346680,1
Fst_landraces_N,MF,759,622,GO:0015369,calcium:proton antiporter activity,1/622,11/27694,0.22113647359136313,0.4833999430167573,0.4734301256413413,Zm00001eb231990,1
Fst_landraces_N,BP,759,622,GO:0017183,protein histidyl modification to diphthamide,1/622,11/27694,0.22113647359136313,0.4833999430167573,0.4734301256413413,Zm00001eb426250,1
Fst_landraces_N,CC,759,622,GO:0030658,transport vesicle membrane,1/622,11/27694,0.22113647359136313,0.4833999430167573,0.4734301256413413,Zm00001eb151480,1
Fst_landraces_N,MF,759,622,GO:0031176,"endo-1,4-beta-xylanase activity",1/622,11/27694,0.22113647359136313,0.4833999430167573,0.4734301256413413,Zm00001eb125100,1
Fst_landraces_N,BP,759,622,GO:0032875,regulation of DNA endoreduplication,1/622,11/27694,0.22113647359136313,0.4833999430167573,0.4734301256413413,Zm00001eb198220,1
Fst_landraces_N,CC,759,622,GO:0042995,cell projection,1/622,11/27694,0.22113647359136313,0.4833999430167573,0.4734301256413413,Zm00001eb353070,1
Fst_landraces_N,BP,759,622,GO:0046294,formaldehyde catabolic process,1/622,11/27694,0.22113647359136313,0.4833999430167573,0.4734301256413413,Zm00001eb026710,1
Fst_landraces_N,MF,759,622,GO:0046912,"acyltransferase activity, acyl groups converted into alkyl on transfer",1/622,11/27694,0.22113647359136313,0.4833999430167573,0.4734301256413413,Zm00001eb239300,1
Fst_landraces_N,CC,759,622,GO:0055038,recycling endosome membrane,1/622,11/27694,0.22113647359136313,0.4833999430167573,0.4734301256413413,Zm00001eb151480,1
Fst_landraces_N,MF,759,622,GO:0060090,molecular adaptor activity,1/622,11/27694,0.22113647359136313,0.4833999430167573,0.4734301256413413,Zm00001eb233940,1
Fst_landraces_N,BP,759,622,GO:0072344,rescue of stalled ribosome,1/622,11/27694,0.22113647359136313,0.4833999430167573,0.4734301256413413,Zm00001eb093280,1
Fst_landraces_N,BP,759,622,GO:0006914,autophagy,2/622,40/27694,0.2264529845608179,0.4833999430167573,0.4734301256413413,Zm00001eb151200/Zm00001eb233940,2
Fst_landraces_N,MF,759,622,GO:0016763,pentosyltransferase activity,2/622,40/27694,0.2264529845608179,0.4833999430167573,0.4734301256413413,Zm00001eb127100/Zm00001eb382290,2
Fst_landraces_N,MF,759,622,GO:0005525,GTP binding,11/622,377/27694,0.22993483639025494,0.4833999430167573,0.4734301256413413,Zm00001eb031250/Zm00001eb052970/Zm00001eb102380/Zm00001eb143240/Zm00001eb153090/Zm00001eb224280/Zm00001eb267410/Zm00001eb346210/Zm00001eb346230/Zm00001eb353070/Zm00001eb384860,11
Fst_landraces_N,BP,759,622,GO:0006869,lipid transport,3/622,74/27694,0.23163323647277587,0.4833999430167573,0.4734301256413413,Zm00001eb028310/Zm00001eb149490/Zm00001eb310770,3
Fst_landraces_N,MF,759,622,GO:0008757,S-adenosylmethionine-dependent methyltransferase activity,4/622,110/27694,0.23462067605325876,0.4833999430167573,0.4734301256413413,Zm00001eb018630/Zm00001eb199380/Zm00001eb199390/Zm00001eb353110,4
Fst_landraces_N,MF,759,622,GO:0016853,isomerase activity,10/622,340/27694,0.23654931159257847,0.4833999430167573,0.4734301256413413,Zm00001eb014110/Zm00001eb015770/Zm00001eb048020/Zm00001eb126960/Zm00001eb128420/Zm00001eb241970/Zm00001eb357090/Zm00001eb364840/Zm00001eb415420/Zm00001eb425250,10
Fst_landraces_N,MF,759,622,GO:0015171,amino acid transmembrane transporter activity,3/622,75/27694,0.23760156298474625,0.4833999430167573,0.4734301256413413,Zm00001eb026490/Zm00001eb249380/Zm00001eb384620,3
Fst_landraces_N,MF,759,622,GO:0050661,NADP binding,3/622,75/27694,0.23760156298474625,0.4833999430167573,0.4734301256413413,Zm00001eb224720/Zm00001eb306140/Zm00001eb419510,3
Fst_landraces_N,BP,759,622,GO:0000245,spliceosomal complex assembly,1/622,12/27694,0.23863649575031154,0.4833999430167573,0.4734301256413413,Zm00001eb165060,1
Fst_landraces_N,MF,759,622,GO:0005319,lipid transporter activity,1/622,12/27694,0.23863649575031154,0.4833999430167573,0.4734301256413413,Zm00001eb310770,1
Fst_landraces_N,MF,759,622,GO:0008474,palmitoyl-(protein) hydrolase activity,1/622,12/27694,0.23863649575031154,0.4833999430167573,0.4734301256413413,Zm00001eb415620,1
Fst_landraces_N,CC,759,622,GO:0009368,endopeptidase Clp complex,1/622,12/27694,0.23863649575031154,0.4833999430167573,0.4734301256413413,Zm00001eb128020,1
Fst_landraces_N,BP,759,622,GO:0009785,blue light signaling pathway,1/622,12/27694,0.23863649575031154,0.4833999430167573,0.4734301256413413,Zm00001eb421910,1
Fst_landraces_N,BP,759,622,GO:0010208,pollen wall assembly,1/622,12/27694,0.23863649575031154,0.4833999430167573,0.4734301256413413,Zm00001eb080140,1
Fst_landraces_N,MF,759,622,GO:0015605,organophosphate ester transmembrane transporter activity,1/622,12/27694,0.23863649575031154,0.4833999430167573,0.4734301256413413,Zm00001eb042970,1
Fst_landraces_N,MF,759,622,GO:0015631,tubulin binding,1/622,12/27694,0.23863649575031154,0.4833999430167573,0.4734301256413413,Zm00001eb028520,1
Fst_landraces_N,BP,759,622,GO:0015718,monocarboxylic acid transport,1/622,12/27694,0.23863649575031154,0.4833999430167573,0.4734301256413413,Zm00001eb042970,1
Fst_landraces_N,BP,759,622,GO:0016024,CDP-diacylglycerol biosynthetic process,1/622,12/27694,0.23863649575031154,0.4833999430167573,0.4734301256413413,Zm00001eb166180,1
Fst_landraces_N,BP,759,622,GO:0016125,sterol metabolic process,1/622,12/27694,0.23863649575031154,0.4833999430167573,0.4734301256413413,Zm00001eb126960,1
Fst_landraces_N,MF,759,622,GO:0016405,CoA-ligase activity,1/622,12/27694,0.23863649575031154,0.4833999430167573,0.4734301256413413,Zm00001eb233720,1
Fst_landraces_N,BP,759,622,GO:0016554,cytidine to uridine editing,1/622,12/27694,0.23863649575031154,0.4833999430167573,0.4734301256413413,Zm00001eb269170,1
Fst_landraces_N,BP,759,622,GO:0019509,L-methionine salvage from methylthioadenosine,1/622,12/27694,0.23863649575031154,0.4833999430167573,0.4734301256413413,Zm00001eb127150,1
Fst_landraces_N,CC,759,622,GO:0019774,"proteasome core complex, beta-subunit complex",1/622,12/27694,0.23863649575031154,0.4833999430167573,0.4734301256413413,Zm00001eb275340,1
Fst_landraces_N,MF,759,622,GO:0030628,pre-mRNA 3'-splice site binding,1/622,12/27694,0.23863649575031154,0.4833999430167573,0.4734301256413413,Zm00001eb165060,1
Fst_landraces_N,BP,759,622,GO:0030865,cortical cytoskeleton organization,1/622,12/27694,0.23863649575031154,0.4833999430167573,0.4734301256413413,Zm00001eb353070,1
Fst_landraces_N,BP,759,622,GO:0032509,endosome transport via multivesicular body sorting pathway,1/622,12/27694,0.23863649575031154,0.4833999430167573,0.4734301256413413,Zm00001eb151450,1
Fst_landraces_N,BP,759,622,GO:0033014,tetrapyrrole biosynthetic process,1/622,12/27694,0.23863649575031154,0.4833999430167573,0.4734301256413413,Zm00001eb308830,1
Fst_landraces_N,MF,759,622,GO:0042578,phosphoric ester hydrolase activity,1/622,12/27694,0.23863649575031154,0.4833999430167573,0.4734301256413413,Zm00001eb127030,1
Fst_landraces_N,BP,759,622,GO:0045165,cell fate commitment,1/622,12/27694,0.23863649575031154,0.4833999430167573,0.4734301256413413,Zm00001eb248640,1
Fst_landraces_N,MF,759,622,GO:0046943,carboxylic acid transmembrane transporter activity,1/622,12/27694,0.23863649575031154,0.4833999430167573,0.4734301256413413,Zm00001eb042970,1
Fst_landraces_N,BP,759,622,GO:0051156,glucose 6-phosphate metabolic process,1/622,12/27694,0.23863649575031154,0.4833999430167573,0.4734301256413413,Zm00001eb141560,1
Fst_landraces_N,MF,759,622,GO:0051879,Hsp90 protein binding,1/622,12/27694,0.23863649575031154,0.4833999430167573,0.4734301256413413,Zm00001eb031280,1
Fst_landraces_N,MF,759,622,GO:0061575,cyclin-dependent protein serine/threonine kinase activator activity,1/622,12/27694,0.23863649575031154,0.4833999430167573,0.4734301256413413,Zm00001eb132310,1
Fst_landraces_N,BP,759,622,GO:0098734,macromolecule depalmitoylation,1/622,12/27694,0.23863649575031154,0.4833999430167573,0.4734301256413413,Zm00001eb415620,1
Fst_landraces_N,BP,759,622,GO:1905039,carboxylic acid transmembrane transport,1/622,12/27694,0.23863649575031154,0.4833999430167573,0.4734301256413413,Zm00001eb042970,1
Fst_landraces_N,BP,759,622,GO:2000024,regulation of leaf development,1/622,12/27694,0.23863649575031154,0.4833999430167573,0.4734301256413413,Zm00001eb248640,1
Fst_landraces_N,CC,759,622,GO:0005829,cytosol,26/622,994/27694,0.23911217738087995,0.4833999430167573,0.4734301256413413,Zm00001eb008970/Zm00001eb019250/Zm00001eb026710/Zm00001eb028310/Zm00001eb043000/Zm00001eb045530/Zm00001eb047240/Zm00001eb048270/Zm00001eb052970/Zm00001eb082870/Zm00001eb093280/Zm00001eb126920/Zm00001eb137170/Zm00001eb141560/Zm00001eb151510/Zm00001eb231430/Zm00001eb232410/Zm00001eb273690/Zm00001eb308000/Zm00001eb339480/Zm00001eb365940/Zm00001eb380410/Zm00001eb380420/Zm00001eb385280/Zm00001eb410820/Zm00001eb421860,26
Fst_landraces_N,MF,759,622,GO:0003713,transcription coactivator activity,2/622,42/27694,0.24312018852138487,0.4864864239390595,0.4764529498512823,Zm00001eb231830/Zm00001eb379470,2
Fst_landraces_N,CC,759,622,GO:0005667,transcription regulator complex,2/622,42/27694,0.24312018852138487,0.4864864239390595,0.4764529498512823,Zm00001eb198220/Zm00001eb231830,2
Fst_landraces_N,MF,759,622,GO:0004674,protein serine/threonine kinase activity,31/622,1207/27694,0.24526608271409842,0.4864864239390595,0.4764529498512823,Zm00001eb009850/Zm00001eb022180/Zm00001eb025540/Zm00001eb031270/Zm00001eb035350/Zm00001eb098540/Zm00001eb104810/Zm00001eb120370/Zm00001eb128070/Zm00001eb138310/Zm00001eb139620/Zm00001eb155730/Zm00001eb198360/Zm00001eb201430/Zm00001eb223540/Zm00001eb241950/Zm00001eb245770/Zm00001eb269140/Zm00001eb309030/Zm00001eb321900/Zm00001eb338190/Zm00001eb338230/Zm00001eb348580/Zm00001eb359150/Zm00001eb365940/Zm00001eb385300/Zm00001eb397190/Zm00001eb403280/Zm00001eb411450/Zm00001eb414020/Zm00001eb426060,31
Fst_landraces_N,BP,759,622,GO:0006886,intracellular protein transport,8/622,265/27694,0.2470643961617137,0.4864864239390595,0.4764529498512823,Zm00001eb224280/Zm00001eb267410/Zm00001eb358720/Zm00001eb380420/Zm00001eb384860/Zm00001eb392010/Zm00001eb404830/Zm00001eb410820,8
Fst_landraces_N,MF,759,622,GO:0004722,protein serine/threonine phosphatase activity,8/622,267/27694,0.253298674590889,0.4864864239390595,0.4764529498512823,Zm00001eb048270/Zm00001eb095260/Zm00001eb158020/Zm00001eb175480/Zm00001eb238250/Zm00001eb251160/Zm00001eb385280/Zm00001eb430620,8
Fst_landraces_N,CC,759,622,GO:0000785,chromatin,4/622,114/27694,0.2541073184864579,0.4864864239390595,0.4764529498512823,Zm00001eb108690/Zm00001eb174450/Zm00001eb198220/Zm00001eb417900,4
Fst_landraces_N,BP,759,622,GO:0006414,translational elongation,3/622,78/27694,0.25565486167245155,0.4864864239390595,0.4764529498512823,Zm00001eb052970/Zm00001eb346210/Zm00001eb346230,3
Fst_landraces_N,BP,759,622,GO:0000086,G2/M transition of mitotic cell cycle,1/622,13/27694,0.25574393378380966,0.4864864239390595,0.4764529498512823,Zm00001eb035350,1
Fst_landraces_N,CC,759,622,GO:0000243,commitment complex,1/622,13/27694,0.25574393378380966,0.4864864239390595,0.4764529498512823,Zm00001eb165060,1
Fst_landraces_N,BP,759,622,GO:0000460,maturation of 5.8S rRNA,1/622,13/27694,0.25574393378380966,0.4864864239390595,0.4764529498512823,Zm00001eb364260,1
Fst_landraces_N,BP,759,622,GO:0002098,tRNA wobble uridine modification,1/622,13/27694,0.25574393378380966,0.4864864239390595,0.4764529498512823,Zm00001eb033820,1
Fst_landraces_N,MF,759,622,GO:0003730,mRNA 3'-UTR binding,1/622,13/27694,0.25574393378380966,0.4864864239390595,0.4764529498512823,Zm00001eb308000,1
Fst_landraces_N,MF,759,622,GO:0004564,beta-fructofuranosidase activity,1/622,13/27694,0.25574393378380966,0.4864864239390595,0.4764529498512823,Zm00001eb015090,1
Fst_landraces_N,MF,759,622,GO:0004725,protein tyrosine phosphatase activity,1/622,13/27694,0.25574393378380966,0.4864864239390595,0.4764529498512823,Zm00001eb421860,1
Fst_landraces_N,CC,759,622,GO:0005770,late endosome,1/622,13/27694,0.25574393378380966,0.4864864239390595,0.4764529498512823,Zm00001eb410820,1
Fst_landraces_N,BP,759,622,GO:0016197,endosomal transport,1/622,13/27694,0.25574393378380966,0.4864864239390595,0.4764529498512823,Zm00001eb410820,1
Fst_landraces_N,MF,759,622,GO:0016615,malate dehydrogenase activity,1/622,13/27694,0.25574393378380966,0.4864864239390595,0.4764529498512823,Zm00001eb074700,1
Fst_landraces_N,MF,759,622,GO:0016854,racemase and epimerase activity,1/622,13/27694,0.25574393378380966,0.4864864239390595,0.4764529498512823,Zm00001eb128420,1
Fst_landraces_N,MF,759,622,GO:0017108,5'-flap endonuclease activity,1/622,13/27694,0.25574393378380966,0.4864864239390595,0.4764529498512823,Zm00001eb151620,1
Fst_landraces_N,BP,759,622,GO:0030148,sphingolipid biosynthetic process,1/622,13/27694,0.25574393378380966,0.4864864239390595,0.4764529498512823,Zm00001eb250380,1
Fst_landraces_N,CC,759,622,GO:0030659,cytoplasmic vesicle membrane,1/622,13/27694,0.25574393378380966,0.4864864239390595,0.4764529498512823,Zm00001eb404830,1
Fst_landraces_N,CC,759,622,GO:0032588,trans-Golgi network membrane,1/622,13/27694,0.25574393378380966,0.4864864239390595,0.4764529498512823,Zm00001eb151480,1
Fst_landraces_N,MF,759,622,GO:0032977,membrane insertase activity,1/622,13/27694,0.25574393378380966,0.4864864239390595,0.4764529498512823,Zm00001eb124300,1
Fst_landraces_N,MF,759,622,GO:0045543,gibberellin 2-beta-dioxygenase activity,1/622,13/27694,0.25574393378380966,0.4864864239390595,0.4764529498512823,Zm00001eb295720,1
Fst_landraces_N,MF,759,622,GO:0047429,nucleoside triphosphate diphosphatase activity,1/622,13/27694,0.25574393378380966,0.4864864239390595,0.4764529498512823,Zm00001eb009580,1
Fst_landraces_N,MF,759,622,GO:0061733,protein-lysine-acetyltransferase activity,1/622,13/27694,0.25574393378380966,0.4864864239390595,0.4764529498512823,Zm00001eb231830,1
Fst_landraces_N,BP,759,622,GO:0080147,root hair cell development,1/622,13/27694,0.25574393378380966,0.4864864239390595,0.4764529498512823,Zm00001eb312850,1
Fst_landraces_N,BP,759,622,GO:1905393,plant organ formation,1/622,13/27694,0.25574393378380966,0.4864864239390595,0.4764529498512823,Zm00001eb359810,1
Fst_landraces_N,BP,759,622,GO:2000028,"regulation of photoperiodism, flowering",1/622,13/27694,0.25574393378380966,0.4864864239390595,0.4764529498512823,Zm00001eb122110,1
Fst_landraces_N,MF,759,622,GO:0003678,DNA helicase activity,2/622,44/27694,0.25983504988357387,0.49126707811995546,0.4811350060703723,Zm00001eb108690/Zm00001eb417900,2
Fst_landraces_N,BP,759,622,GO:0006352,DNA-templated transcription initiation,2/622,44/27694,0.25983504988357387,0.49126707811995546,0.4811350060703723,Zm00001eb002410/Zm00001eb313590,2
Fst_landraces_N,BP,759,622,GO:0048367,shoot system development,2/622,44/27694,0.25983504988357387,0.49126707811995546,0.4811350060703723,Zm00001eb321020/Zm00001eb354430,2
Fst_landraces_N,BP,759,622,GO:0009611,response to wounding,3/622,79/27694,0.26171530529510006,0.49382241443560293,0.48363764019445393,Zm00001eb054050/Zm00001eb144930/Zm00001eb225150,3
Fst_landraces_N,MF,759,622,GO:0005085,guanyl-nucleotide exchange factor activity,3/622,80/27694,0.2677937875555521,0.499969981280218,0.48965841737012233,Zm00001eb137170/Zm00001eb295640/Zm00001eb395310,3
Fst_landraces_N,BP,759,622,GO:0080090,regulation of primary metabolic process,2/622,45/27694,0.2681986467713291,0.499969981280218,0.48965841737012233,Zm00001eb102580/Zm00001eb275820,2
Fst_landraces_N,BP,759,622,GO:0000422,autophagy of mitochondrion,1/622,14/27694,0.2724675808047441,0.499969981280218,0.48965841737012233,Zm00001eb233940,1
Fst_landraces_N,BP,759,622,GO:0000425,pexophagy,1/622,14/27694,0.2724675808047441,0.499969981280218,0.48965841737012233,Zm00001eb233940,1
Fst_landraces_N,MF,759,622,GO:0004525,ribonuclease III activity,1/622,14/27694,0.2724675808047441,0.499969981280218,0.48965841737012233,Zm00001eb346320,1
Fst_landraces_N,MF,759,622,GO:0004619,phosphoglycerate mutase activity,1/622,14/27694,0.2724675808047441,0.499969981280218,0.48965841737012233,Zm00001eb015770,1
Fst_landraces_N,BP,759,622,GO:0006820,monoatomic anion transport,1/622,14/27694,0.2724675808047441,0.499969981280218,0.48965841737012233,Zm00001eb250070,1
Fst_landraces_N,CC,759,622,GO:0009524,phragmoplast,1/622,14/27694,0.2724675808047441,0.499969981280218,0.48965841737012233,Zm00001eb233650,1
Fst_landraces_N,MF,759,622,GO:0010436,carotenoid dioxygenase activity,1/622,14/27694,0.2724675808047441,0.499969981280218,0.48965841737012233,Zm00001eb218680,1
Fst_landraces_N,BP,759,622,GO:0015786,UDP-glucose transmembrane transport,1/622,14/27694,0.2724675808047441,0.499969981280218,0.48965841737012233,Zm00001eb260190,1
Fst_landraces_N,MF,759,622,GO:0016810,"hydrolase activity, acting on carbon-nitrogen (but not peptide) bonds",1/622,14/27694,0.2724675808047441,0.499969981280218,0.48965841737012233,Zm00001eb433900,1
Fst_landraces_N,MF,759,622,GO:0030060,L-malate dehydrogenase (NAD+) activity,1/622,14/27694,0.2724675808047441,0.499969981280218,0.48965841737012233,Zm00001eb074700,1
Fst_landraces_N,CC,759,622,GO:0034045,phagophore assembly site membrane,1/622,14/27694,0.2724675808047441,0.499969981280218,0.48965841737012233,Zm00001eb233940,1
Fst_landraces_N,BP,759,622,GO:0045487,gibberellin catabolic process,1/622,14/27694,0.2724675808047441,0.499969981280218,0.48965841737012233,Zm00001eb295720,1
Fst_landraces_N,BP,759,622,GO:0009742,brassinosteroid mediated signaling pathway,3/622,81/27694,0.2738883783194682,0.500647835225316,0.49032229100732505,Zm00001eb120370/Zm00001eb309030/Zm00001eb338190,3
Fst_landraces_N,CC,759,622,GO:0005774,vacuolar membrane,4/622,118/27694,0.27390904047123815,0.500647835225316,0.49032229100732505,Zm00001eb231990/Zm00001eb250210/Zm00001eb378830/Zm00001eb424350,4
Fst_landraces_N,BP,759,622,GO:0009827,plant-type cell wall modification,2/622,46/27694,0.27656051808063176,0.5035234383768228,0.4931385866668083,Zm00001eb097010/Zm00001eb097020,2
Fst_landraces_N,MF,759,622,GO:0016207,4-coumarate-CoA ligase activity,2/622,46/27694,0.27656051808063176,0.5035234383768228,0.4931385866668083,Zm00001eb002380/Zm00001eb233720,2
Fst_landraces_N,BP,759,622,GO:0009416,response to light stimulus,3/622,82/27694,0.2799971814238453,0.5087886526262091,0.49829520921016085,Zm00001eb146510/Zm00001eb240100/Zm00001eb295720,3
Fst_landraces_N,BP,759,622,GO:0048731,system development,2/622,47/27694,0.2849165287676815,0.5118675049166799,0.5013105621239657,Zm00001eb355310/Zm00001eb359810,2
Fst_landraces_N,BP,759,622,GO:0035556,intracellular signal transduction,5/622,159/27694,0.28685028683919495,0.5118675049166799,0.5013105621239657,Zm00001eb022180/Zm00001eb151400/Zm00001eb269140/Zm00001eb397190/Zm00001eb411450,5
Fst_landraces_N,BP,759,622,GO:0006796,phosphate-containing compound metabolic process,1/622,15/27694,0.28881603328810523,0.5118675049166799,0.5013105621239657,Zm00001eb127030,1
Fst_landraces_N,MF,759,622,GO:0008047,enzyme activator activity,1/622,15/27694,0.28881603328810523,0.5118675049166799,0.5013105621239657,Zm00001eb126920,1
Fst_landraces_N,MF,759,622,GO:0008097,5S rRNA binding,1/622,15/27694,0.28881603328810523,0.5118675049166799,0.5013105621239657,Zm00001eb417890,1
Fst_landraces_N,CC,759,622,GO:0008180,COP9 signalosome,1/622,15/27694,0.28881603328810523,0.5118675049166799,0.5013105621239657,Zm00001eb105310,1
Fst_landraces_N,MF,759,622,GO:0016308,1-phosphatidylinositol-4-phosphate 5-kinase activity,1/622,15/27694,0.28881603328810523,0.5118675049166799,0.5013105621239657,Zm00001eb220840,1
Fst_landraces_N,CC,759,622,GO:0017059,serine palmitoyltransferase complex,1/622,15/27694,0.28881603328810523,0.5118675049166799,0.5013105621239657,Zm00001eb250380,1
Fst_landraces_N,BP,759,622,GO:0019941,modification-dependent protein catabolic process,1/622,15/27694,0.28881603328810523,0.5118675049166799,0.5013105621239657,Zm00001eb009900,1
Fst_landraces_N,BP,759,622,GO:0030422,siRNA processing,1/622,15/27694,0.28881603328810523,0.5118675049166799,0.5013105621239657,Zm00001eb346320,1
Fst_landraces_N,MF,759,622,GO:0032934,sterol binding,1/622,15/27694,0.28881603328810523,0.5118675049166799,0.5013105621239657,Zm00001eb028310,1
Fst_landraces_N,BP,759,622,GO:0036211,protein modification process,1/622,15/27694,0.28881603328810523,0.5118675049166799,0.5013105621239657,Zm00001eb295550,1
Fst_landraces_N,BP,759,622,GO:1901001,negative regulation of response to salt stress,1/622,15/27694,0.28881603328810523,0.5118675049166799,0.5013105621239657,Zm00001eb198360,1
Fst_landraces_N,MF,759,622,GO:0008353,RNA polymerase II CTD heptapeptide repeat kinase activity,3/622,84/27694,0.29225001232712366,0.5164342963328976,0.5057831663623217,Zm00001eb035350/Zm00001eb136220/Zm00001eb269140,3
Fst_landraces_N,BP,759,622,GO:0006612,protein targeting to membrane,2/622,48/27694,0.29326272981742785,0.5164342963328976,0.5057831663623217,Zm00001eb289180/Zm00001eb394310,2
Fst_landraces_N,MF,759,622,GO:0042973,"glucan endo-1,3-beta-D-glucosidase activity",2/622,48/27694,0.29326272981742785,0.5164342963328976,0.5057831663623217,Zm00001eb026840/Zm00001eb269820,2
Fst_landraces_N,BP,759,622,GO:0006468,protein phosphorylation,37/622,1495/27694,0.2936045089430071,0.5164342963328976,0.5057831663623217,Zm00001eb009850/Zm00001eb016040/Zm00001eb022180/Zm00001eb025540/Zm00001eb031270/Zm00001eb035350/Zm00001eb086220/Zm00001eb098540/Zm00001eb104810/Zm00001eb120370/Zm00001eb126930/Zm00001eb128070/Zm00001eb136220/Zm00001eb138310/Zm00001eb139620/Zm00001eb155730/Zm00001eb198360/Zm00001eb201430/Zm00001eb201440/Zm00001eb223540/Zm00001eb241950/Zm00001eb245770/Zm00001eb269140/Zm00001eb286460/Zm00001eb309030/Zm00001eb321900/Zm00001eb338190/Zm00001eb338230/Zm00001eb348580/Zm00001eb359150/Zm00001eb365940/Zm00001eb385300/Zm00001eb397190/Zm00001eb403280/Zm00001eb411450/Zm00001eb414020/Zm00001eb426060,37
Fst_landraces_N,CC,759,622,GO:0005886,plasma membrane,45/622,1844/27694,0.3020807569282015,0.5194909627024703,0.5087767909257824,Zm00001eb009850/Zm00001eb016040/Zm00001eb019600/Zm00001eb026840/Zm00001eb031290/Zm00001eb048220/Zm00001eb075470/Zm00001eb080140/Zm00001eb085200/Zm00001eb086220/Zm00001eb091420/Zm00001eb098660/Zm00001eb105290/Zm00001eb122470/Zm00001eb126930/Zm00001eb128070/Zm00001eb138310/Zm00001eb139620/Zm00001eb151480/Zm00001eb153120/Zm00001eb154590/Zm00001eb201430/Zm00001eb201440/Zm00001eb220840/Zm00001eb223540/Zm00001eb225150/Zm00001eb241950/Zm00001eb249020/Zm00001eb249990/Zm00001eb250070/Zm00001eb269820/Zm00001eb270300/Zm00001eb288370/Zm00001eb295640/Zm00001eb309030/Zm00001eb316570/Zm00001eb321900/Zm00001eb342670/Zm00001eb353070/Zm00001eb359150/Zm00001eb361010/Zm00001eb382180/Zm00001eb384620/Zm00001eb411450/Zm00001eb426060,45
Fst_landraces_N,BP,759,622,GO:0000470,maturation of LSU-rRNA,1/622,16/27694,0.30479769546140656,0.5194909627024703,0.5087767909257824,Zm00001eb364260,1
Fst_landraces_N,MF,759,622,GO:0005459,UDP-galactose transmembrane transporter activity,1/622,16/27694,0.30479769546140656,0.5194909627024703,0.5087767909257824,Zm00001eb260190,1
Fst_landraces_N,CC,759,622,GO:0005744,TIM23 mitochondrial import inner membrane translocase complex,1/622,16/27694,0.30479769546140656,0.5194909627024703,0.5087767909257824,Zm00001eb118130,1
Fst_landraces_N,MF,759,622,GO:0008266,poly(U) RNA binding,1/622,16/27694,0.30479769546140656,0.5194909627024703,0.5087767909257824,Zm00001eb308000,1
Fst_landraces_N,BP,759,622,GO:0010114,response to red light,1/622,16/27694,0.30479769546140656,0.5194909627024703,0.5087767909257824,Zm00001eb014810,1
Fst_landraces_N,MF,759,622,GO:0015020,glucuronosyltransferase activity,1/622,16/27694,0.30479769546140656,0.5194909627024703,0.5087767909257824,Zm00001eb033150,1
Fst_landraces_N,BP,759,622,GO:0016117,carotenoid biosynthetic process,1/622,16/27694,0.30479769546140656,0.5194909627024703,0.5087767909257824,Zm00001eb357090,1
Fst_landraces_N,BP,759,622,GO:0016132,brassinosteroid biosynthetic process,1/622,16/27694,0.30479769546140656,0.5194909627024703,0.5087767909257824,Zm00001eb284090,1
Fst_landraces_N,MF,759,622,GO:0016209,antioxidant activity,1/622,16/27694,0.30479769546140656,0.5194909627024703,0.5087767909257824,Zm00001eb375250,1
Fst_landraces_N,CC,759,622,GO:0016272,prefoldin complex,1/622,16/27694,0.30479769546140656,0.5194909627024703,0.5087767909257824,Zm00001eb028520,1
Fst_landraces_N,CC,759,622,GO:0030688,"preribosome, small subunit precursor",1/622,16/27694,0.30479769546140656,0.5194909627024703,0.5087767909257824,Zm00001eb365940,1
Fst_landraces_N,CC,759,622,GO:0042644,chloroplast nucleoid,1/622,16/27694,0.30479769546140656,0.5194909627024703,0.5087767909257824,Zm00001eb346280,1
Fst_landraces_N,MF,759,622,GO:0043138,3'-5' DNA helicase activity,1/622,16/27694,0.30479769546140656,0.5194909627024703,0.5087767909257824,Zm00001eb425250,1
Fst_landraces_N,BP,759,622,GO:0048024,"regulation of mRNA splicing, via spliceosome",1/622,16/27694,0.30479769546140656,0.5194909627024703,0.5087767909257824,Zm00001eb224690,1
Fst_landraces_N,BP,759,622,GO:0072334,UDP-galactose transmembrane transport,1/622,16/27694,0.30479769546140656,0.5194909627024703,0.5087767909257824,Zm00001eb260190,1
Fst_landraces_N,MF,759,622,GO:0106310,protein serine kinase activity,1/622,16/27694,0.30479769546140656,0.5194909627024703,0.5087767909257824,Zm00001eb338230,1
Fst_landraces_N,MF,759,622,GO:0016887,ATP hydrolysis activity,14/622,530/27694,0.3058702215030911,0.5203693750161879,0.5096370865423953,Zm00001eb033140/Zm00001eb046650/Zm00001eb048220/Zm00001eb080140/Zm00001eb083810/Zm00001eb091420/Zm00001eb122470/Zm00001eb133480/Zm00001eb273690/Zm00001eb310230/Zm00001eb310770/Zm00001eb342670/Zm00001eb355420/Zm00001eb382180,14
Fst_landraces_N,MF,759,622,GO:0046873,metal ion transmembrane transporter activity,2/622,51/27694,0.3182056455248501,0.5344160926425039,0.5233940995225242,Zm00001eb173240/Zm00001eb355420,2
Fst_landraces_N,MF,759,622,GO:0003729,mRNA binding,18/622,703/27694,0.3183466872308777,0.5344160926425039,0.5233940995225242,Zm00001eb009290/Zm00001eb009900/Zm00001eb009920/Zm00001eb014810/Zm00001eb127850/Zm00001eb144140/Zm00001eb159620/Zm00001eb173820/Zm00001eb174630/Zm00001eb205550/Zm00001eb224690/Zm00001eb246650/Zm00001eb303080/Zm00001eb346210/Zm00001eb346230/Zm00001eb413560/Zm00001eb414030/Zm00001eb415660,18
Fst_landraces_N,CC,759,622,GO:0000775,"chromosome, centromeric region",1/622,17/27694,0.3204207835972186,0.5344160926425039,0.5233940995225242,Zm00001eb048210,1
Fst_landraces_N,BP,759,622,GO:0005987,sucrose catabolic process,1/622,17/27694,0.3204207835972186,0.5344160926425039,0.5233940995225242,Zm00001eb015090,1
Fst_landraces_N,BP,759,622,GO:0006012,galactose metabolic process,1/622,17/27694,0.3204207835972186,0.5344160926425039,0.5233940995225242,Zm00001eb014110,1
Fst_landraces_N,BP,759,622,GO:0007623,circadian rhythm,1/622,17/27694,0.3204207835972186,0.5344160926425039,0.5233940995225242,Zm00001eb232410,1
Fst_landraces_N,BP,759,622,GO:0009851,auxin biosynthetic process,1/622,17/27694,0.3204207835972186,0.5344160926425039,0.5233940995225242,Zm00001eb306140,1
Fst_landraces_N,BP,759,622,GO:0010608,post-transcriptional regulation of gene expression,1/622,17/27694,0.3204207835972186,0.5344160926425039,0.5233940995225242,Zm00001eb174630,1
Fst_landraces_N,MF,759,622,GO:0015386,potassium:proton antiporter activity,1/622,17/27694,0.3204207835972186,0.5344160926425039,0.5233940995225242,Zm00001eb277480,1
Fst_landraces_N,BP,759,622,GO:0019318,hexose metabolic process,1/622,17/27694,0.3204207835972186,0.5344160926425039,0.5233940995225242,Zm00001eb141560,1
Fst_landraces_N,MF,759,622,GO:0019829,ATPase-coupled monoatomic cation transmembrane transporter activity,1/622,17/27694,0.3204207835972186,0.5344160926425039,0.5233940995225242,Zm00001eb355420,1
Fst_landraces_N,BP,759,622,GO:0016579,protein deubiquitination,2/622,52/27694,0.3264766236609816,0.5435457513357519,0.5323354647929318,Zm00001eb026810/Zm00001eb090590,2
Fst_landraces_N,CC,759,622,GO:0005654,nucleoplasm,3/622,90/27694,0.3291632039487622,0.5462327010734479,0.534966997895668,Zm00001eb121110/Zm00001eb224690/Zm00001eb417890,3
Fst_landraces_N,MF,759,622,GO:0003727,single-stranded RNA binding,1/622,18/27694,0.33569333021002046,0.5462327010734479,0.534966997895668,Zm00001eb014810,1
Fst_landraces_N,CC,759,622,GO:0005765,lysosomal membrane,1/622,18/27694,0.33569333021002046,0.5462327010734479,0.534966997895668,Zm00001eb029720,1
Fst_landraces_N,BP,759,622,GO:0006002,fructose 6-phosphate metabolic process,1/622,18/27694,0.33569333021002046,0.5462327010734479,0.534966997895668,Zm00001eb043000,1
Fst_landraces_N,BP,759,622,GO:0007186,G protein-coupled receptor signaling pathway,1/622,18/27694,0.33569333021002046,0.5462327010734479,0.534966997895668,Zm00001eb019600,1
Fst_landraces_N,MF,759,622,GO:0015276,ligand-gated monoatomic ion channel activity,1/622,18/27694,0.33569333021002046,0.5462327010734479,0.534966997895668,Zm00001eb225150,1
Fst_landraces_N,BP,759,622,GO:0030042,actin filament depolymerization,1/622,18/27694,0.33569333021002046,0.5462327010734479,0.534966997895668,Zm00001eb398870,1
Fst_landraces_N,BP,759,622,GO:0034727,piecemeal microautophagy of the nucleus,1/622,18/27694,0.33569333021002046,0.5462327010734479,0.534966997895668,Zm00001eb233940,1
Fst_landraces_N,BP,759,622,GO:0042908,xenobiotic transport,1/622,18/27694,0.33569333021002046,0.5462327010734479,0.534966997895668,Zm00001eb211050,1
Fst_landraces_N,BP,759,622,GO:0045814,"negative regulation of gene expression, epigenetic",1/622,18/27694,0.33569333021002046,0.5462327010734479,0.534966997895668,Zm00001eb153100,1
Fst_landraces_N,BP,759,622,GO:0046148,pigment biosynthetic process,1/622,18/27694,0.33569333021002046,0.5462327010734479,0.534966997895668,Zm00001eb130260,1
Fst_landraces_N,BP,759,622,GO:0048511,rhythmic process,1/622,18/27694,0.33569333021002046,0.5462327010734479,0.534966997895668,Zm00001eb232410,1
Fst_landraces_N,MF,759,622,GO:0101005,deubiquitinase activity,1/622,18/27694,0.33569333021002046,0.5462327010734479,0.534966997895668,Zm00001eb090590,1
Fst_landraces_N,MF,759,622,GO:0016747,"acyltransferase activity, transferring groups other than amino-acyl groups",7/622,253/27694,0.3419781392597544,0.5554914470758445,0.5440347881313072,Zm00001eb058360/Zm00001eb105570/Zm00001eb130340/Zm00001eb325850/Zm00001eb411170/Zm00001eb413860/Zm00001eb430610,7
Fst_landraces_N,CC,759,622,GO:0016607,nuclear speck,2/622,54/27694,0.34293469261660103,0.5560781300415023,0.5446093711327236,Zm00001eb144140/Zm00001eb165060,2
Fst_landraces_N,BP,759,622,GO:0006338,chromatin remodeling,5/622,173/27694,0.3484637114580359,0.5605852258557231,0.5490235109530298,Zm00001eb046650/Zm00001eb127010/Zm00001eb174450/Zm00001eb231830/Zm00001eb410840,5
Fst_landraces_N,BP,759,622,GO:0010468,regulation of gene expression,4/622,133/27694,0.3498258568137457,0.5605852258557231,0.5490235109530298,Zm00001eb201570/Zm00001eb203350/Zm00001eb275860/Zm00001eb314630,4
Fst_landraces_N,BP,759,622,GO:0006826,iron ion transport,1/622,19/27694,0.3506231881594848,0.5605852258557231,0.5490235109530298,Zm00001eb424350,1
Fst_landraces_N,MF,759,622,GO:0008139,nuclear localization sequence binding,1/622,19/27694,0.3506231881594848,0.5605852258557231,0.5490235109530298,Zm00001eb054090,1
Fst_landraces_N,BP,759,622,GO:0010315,auxin export across the plasma membrane,1/622,19/27694,0.3506231881594848,0.5605852258557231,0.5490235109530298,Zm00001eb342670,1
Fst_landraces_N,MF,759,622,GO:0010329,auxin efflux transmembrane transporter activity,1/622,19/27694,0.3506231881594848,0.5605852258557231,0.5490235109530298,Zm00001eb342670,1
Fst_landraces_N,CC,759,622,GO:0022626,cytosolic ribosome,1/622,19/27694,0.3506231881594848,0.5605852258557231,0.5490235109530298,Zm00001eb009900,1
Fst_landraces_N,MF,759,622,GO:0031386,protein tag activity,1/622,19/27694,0.3506231881594848,0.5605852258557231,0.5490235109530298,Zm00001eb009900,1
Fst_landraces_N,MF,759,622,GO:0042910,xenobiotic transmembrane transporter activity,2/622,55/27694,0.3511160140531028,0.5605852258557231,0.5490235109530298,Zm00001eb006660/Zm00001eb211050,2
Fst_landraces_N,MF,759,622,GO:0004672,protein kinase activity,37/622,1536/27694,0.35327317680009546,0.5630668039783091,0.5514539081000233,Zm00001eb009850/Zm00001eb016040/Zm00001eb022180/Zm00001eb025540/Zm00001eb031270/Zm00001eb035350/Zm00001eb086220/Zm00001eb098540/Zm00001eb104810/Zm00001eb120370/Zm00001eb126930/Zm00001eb128070/Zm00001eb136220/Zm00001eb138310/Zm00001eb139620/Zm00001eb155730/Zm00001eb198360/Zm00001eb201430/Zm00001eb201440/Zm00001eb223540/Zm00001eb241950/Zm00001eb245770/Zm00001eb269140/Zm00001eb286460/Zm00001eb309030/Zm00001eb321900/Zm00001eb338190/Zm00001eb338230/Zm00001eb348580/Zm00001eb359150/Zm00001eb365940/Zm00001eb385300/Zm00001eb397190/Zm00001eb403280/Zm00001eb411450/Zm00001eb414020/Zm00001eb426060,37
Fst_landraces_N,MF,759,622,GO:0004185,serine-type carboxypeptidase activity,2/622,56/27694,0.359261918869637,0.5675767793254028,0.5558708680646626,Zm00001eb084910/Zm00001eb411170,2
Fst_landraces_N,BP,759,622,GO:0034605,cellular response to heat,2/622,56/27694,0.359261918869637,0.5675767793254028,0.5558708680646626,Zm00001eb358700/Zm00001eb399800,2
Fst_landraces_N,CC,759,622,GO:0000781,"chromosome, telomeric region",1/622,20/27694,0.3652180346622774,0.5675767793254028,0.5558708680646626,Zm00001eb046650,1
Fst_landraces_N,MF,759,622,GO:0004707,MAP kinase activity,1/622,20/27694,0.3652180346622774,0.5675767793254028,0.5558708680646626,Zm00001eb397190,1
Fst_landraces_N,MF,759,622,GO:0005381,iron ion transmembrane transporter activity,1/622,20/27694,0.3652180346622774,0.5675767793254028,0.5558708680646626,Zm00001eb424350,1
Fst_landraces_N,CC,759,622,GO:0005793,endoplasmic reticulum-Golgi intermediate compartment,1/622,20/27694,0.3652180346622774,0.5675767793254028,0.5558708680646626,Zm00001eb392010,1
Fst_landraces_N,BP,759,622,GO:0006526,L-arginine biosynthetic process,1/622,20/27694,0.3652180346622774,0.5675767793254028,0.5558708680646626,Zm00001eb325850,1
Fst_landraces_N,BP,759,622,GO:0009903,chloroplast avoidance movement,1/622,20/27694,0.3652180346622774,0.5675767793254028,0.5558708680646626,Zm00001eb019250,1
Fst_landraces_N,BP,759,622,GO:0009904,chloroplast accumulation movement,1/622,20/27694,0.3652180346622774,0.5675767793254028,0.5558708680646626,Zm00001eb019250,1
Fst_landraces_N,BP,759,622,GO:0030163,protein catabolic process,1/622,20/27694,0.3652180346622774,0.5675767793254028,0.5558708680646626,Zm00001eb041630,1
Fst_landraces_N,BP,759,622,GO:0030490,maturation of SSU-rRNA,1/622,20/27694,0.3652180346622774,0.5675767793254028,0.5558708680646626,Zm00001eb365940,1
Fst_landraces_N,MF,759,622,GO:0031490,chromatin DNA binding,1/622,20/27694,0.3652180346622774,0.5675767793254028,0.5558708680646626,Zm00001eb231830,1
Fst_landraces_N,BP,759,622,GO:0045088,regulation of innate immune response,1/622,20/27694,0.3652180346622774,0.5675767793254028,0.5558708680646626,Zm00001eb138310,1
Fst_landraces_N,BP,759,622,GO:0051017,actin filament bundle assembly,1/622,20/27694,0.3652180346622774,0.5675767793254028,0.5558708680646626,Zm00001eb398870,1
Fst_landraces_N,MF,759,622,GO:0103075,indole-3-pyruvate monooxygenase activity,1/622,20/27694,0.3652180346622774,0.5675767793254028,0.5558708680646626,Zm00001eb306140,1
Fst_landraces_N,MF,759,622,GO:0004180,carboxypeptidase activity,2/622,57/27694,0.36736987244781594,0.5690272982856718,0.5572914709909261,Zm00001eb084910/Zm00001eb411170,2
Fst_landraces_N,BP,759,622,GO:0009698,phenylpropanoid metabolic process,2/622,57/27694,0.36736987244781594,0.5690272982856718,0.5572914709909261,Zm00001eb002380/Zm00001eb233720,2
Fst_landraces_N,BP,759,622,GO:0000272,polysaccharide catabolic process,3/622,97/27694,0.3721527395118017,0.5735264408580442,0.5616978215999555,Zm00001eb125100/Zm00001eb395290/Zm00001eb425730,3
Fst_landraces_N,BP,759,622,GO:0009733,response to auxin,5/622,179/27694,0.3751624934914817,0.5735264408580442,0.5616978215999555,Zm00001eb074640/Zm00001eb135550/Zm00001eb215120/Zm00001eb234990/Zm00001eb360250,5
Fst_landraces_N,BP,759,622,GO:0051707,response to other organism,4/622,138/27694,0.3753235615109525,0.5735264408580442,0.5616978215999555,Zm00001eb025540/Zm00001eb054050/Zm00001eb144930/Zm00001eb385300,4
Fst_landraces_N,CC,759,622,GO:0005764,lysosome,2/622,58/27694,0.3754374715022891,0.5735264408580442,0.5616978215999555,Zm00001eb410820/Zm00001eb418570,2
Fst_landraces_N,BP,759,622,GO:1902531,regulation of intracellular signal transduction,2/622,58/27694,0.3754374715022891,0.5735264408580442,0.5616978215999555,Zm00001eb158020/Zm00001eb430620,2
Fst_landraces_N,MF,759,622,GO:0000036,acyl carrier activity,1/622,21/27694,0.37948537521442327,0.5735264408580442,0.5616978215999555,Zm00001eb331920,1
Fst_landraces_N,CC,759,622,GO:0000407,phagophore assembly site,1/622,21/27694,0.37948537521442327,0.5735264408580442,0.5616978215999555,Zm00001eb151200,1
Fst_landraces_N,MF,759,622,GO:0005267,potassium channel activity,1/622,21/27694,0.37948537521442327,0.5735264408580442,0.5616978215999555,Zm00001eb361580,1
Fst_landraces_N,BP,759,622,GO:0006189,'de novo' IMP biosynthetic process,1/622,21/27694,0.37948537521442327,0.5735264408580442,0.5616978215999555,Zm00001eb055170,1
Fst_landraces_N,BP,759,622,GO:0009395,phospholipid catabolic process,1/622,21/27694,0.37948537521442327,0.5735264408580442,0.5616978215999555,Zm00001eb127030,1
Fst_landraces_N,MF,759,622,GO:0016773,"phosphotransferase activity, alcohol group as acceptor",1/622,21/27694,0.37948537521442327,0.5735264408580442,0.5616978215999555,Zm00001eb141560,1
Fst_landraces_N,BP,759,622,GO:0030026,intracellular manganese ion homeostasis,1/622,21/27694,0.37948537521442327,0.5735264408580442,0.5616978215999555,Zm00001eb424350,1
Fst_landraces_N,BP,759,622,GO:0032956,regulation of actin cytoskeleton organization,1/622,21/27694,0.37948537521442327,0.5735264408580442,0.5616978215999555,Zm00001eb353070,1
Fst_landraces_N,BP,759,622,GO:0043484,regulation of RNA splicing,1/622,21/27694,0.37948537521442327,0.5735264408580442,0.5616978215999555,Zm00001eb159620,1
Fst_landraces_N,BP,759,622,GO:0061157,mRNA destabilization,1/622,21/27694,0.37948537521442327,0.5735264408580442,0.5616978215999555,Zm00001eb414030,1
Fst_landraces_N,MF,759,622,GO:0015297,antiporter activity,5/622,181/27694,0.3840654734837895,0.579011132290899,0.567069394749004,Zm00001eb006660/Zm00001eb211050/Zm00001eb231990/Zm00001eb260190/Zm00001eb277480,5
Fst_landraces_N,MF,759,622,GO:0042393,histone binding,3/622,99/27694,0.38435428481836975,0.579011132290899,0.567069394749004,Zm00001eb108690/Zm00001eb411150/Zm00001eb417900,3
Fst_landraces_N,MF,759,622,GO:0004521,RNA endonuclease activity,2/622,60/27694,0.3914426220781513,0.5851369415542595,0.573068863079738,Zm00001eb073810/Zm00001eb104810,2
Fst_landraces_N,MF,759,622,GO:0043022,ribosome binding,2/622,60/27694,0.3914426220781513,0.5851369415542595,0.573068863079738,Zm00001eb008970/Zm00001eb052970,2
Fst_landraces_N,CC,759,622,GO:0005680,anaphase-promoting complex,1/622,22/27694,0.3934325474262045,0.5851369415542595,0.573068863079738,Zm00001eb227040,1
Fst_landraces_N,CC,759,622,GO:0005758,mitochondrial intermembrane space,1/622,22/27694,0.3934325474262045,0.5851369415542595,0.573068863079738,Zm00001eb426050,1
Fst_landraces_N,MF,759,622,GO:0009881,photoreceptor activity,1/622,22/27694,0.3934325474262045,0.5851369415542595,0.573068863079738,Zm00001eb232410,1
Fst_landraces_N,CC,759,622,GO:0030687,"preribosome, large subunit precursor",1/622,22/27694,0.3934325474262045,0.5851369415542595,0.573068863079738,Zm00001eb364260,1
Fst_landraces_N,MF,759,622,GO:0046910,pectinesterase inhibitor activity,1/622,22/27694,0.3934325474262045,0.5851369415542595,0.573068863079738,Zm00001eb130480,1
Fst_landraces_N,BP,759,622,GO:0048564,photosystem I assembly,1/622,22/27694,0.3934325474262045,0.5851369415542595,0.573068863079738,Zm00001eb105350,1
Fst_landraces_N,CC,759,622,GO:0009941,chloroplast envelope,2/622,61/27694,0.3993759829515455,0.5896122516585326,0.5774518727502139,Zm00001eb014810/Zm00001eb277480,2
Fst_landraces_N,CC,759,622,GO:0009570,chloroplast stroma,4/622,144/27694,0.4057946505019592,0.5896122516585326,0.5774518727502139,Zm00001eb014810/Zm00001eb015220/Zm00001eb074640/Zm00001eb218680,4
Fst_landraces_N,MF,759,622,GO:0001671,ATPase activator activity,1/622,23/27694,0.40706672477156813,0.5896122516585326,0.5774518727502139,Zm00001eb065950,1
Fst_landraces_N,MF,759,622,GO:0005249,voltage-gated potassium channel activity,1/622,23/27694,0.40706672477156813,0.5896122516585326,0.5774518727502139,Zm00001eb361580,1
Fst_landraces_N,MF,759,622,GO:0005388,P-type calcium transporter activity,1/622,23/27694,0.40706672477156813,0.5896122516585326,0.5774518727502139,Zm00001eb355420,1
Fst_landraces_N,BP,759,622,GO:0006098,pentose-phosphate shunt,1/622,23/27694,0.40706672477156813,0.5896122516585326,0.5774518727502139,Zm00001eb419510,1
Fst_landraces_N,BP,759,622,GO:0006515,protein quality control for misfolded or incompletely synthesized proteins,1/622,23/27694,0.40706672477156813,0.5896122516585326,0.5774518727502139,Zm00001eb128020,1
Fst_landraces_N,CC,759,622,GO:0008540,"proteasome regulatory particle, base subcomplex",1/622,23/27694,0.40706672477156813,0.5896122516585326,0.5774518727502139,Zm00001eb430580,1
Fst_landraces_N,BP,759,622,GO:0010052,guard cell differentiation,1/622,23/27694,0.40706672477156813,0.5896122516585326,0.5774518727502139,Zm00001eb251200,1
Fst_landraces_N,MF,759,622,GO:0015035,protein-disulfide reductase activity,1/622,23/27694,0.40706672477156813,0.5896122516585326,0.5774518727502139,Zm00001eb082790,1
Fst_landraces_N,MF,759,622,GO:0016614,"oxidoreductase activity, acting on CH-OH group of donors",1/622,23/27694,0.40706672477156813,0.5896122516585326,0.5774518727502139,Zm00001eb419510,1
Fst_landraces_N,BP,759,622,GO:0045493,xylan catabolic process,1/622,23/27694,0.40706672477156813,0.5896122516585326,0.5774518727502139,Zm00001eb125100,1
Fst_landraces_N,MF,759,622,GO:0047911,"galacturan 1,4-alpha-galacturonidase activity",1/622,23/27694,0.40706672477156813,0.5896122516585326,0.5774518727502139,Zm00001eb132550,1
Fst_landraces_N,MF,759,622,GO:0071771,aldehyde oxygenase (deformylating) activity,1/622,23/27694,0.40706672477156813,0.5896122516585326,0.5774518727502139,Zm00001eb022670,1
Fst_landraces_N,BP,759,622,GO:0006749,glutathione metabolic process,2/622,62/27694,0.4072605994810894,0.5896122516585326,0.5774518727502139,Zm00001eb244170/Zm00001eb411190,2
Fst_landraces_N,MF,759,622,GO:0016709,"oxidoreductase activity, acting on paired donors, with incorporation or reduction of molecular oxygen, NAD(P)H as one donor, and incorporation of one atom of oxygen",2/622,62/27694,0.4072605994810894,0.5896122516585326,0.5774518727502139,Zm00001eb150550/Zm00001eb284090,2
Fst_landraces_N,BP,759,622,GO:0048544,recognition of pollen,2/622,62/27694,0.4072605994810894,0.5896122516585326,0.5774518727502139,Zm00001eb025540/Zm00001eb385300,2
Fst_landraces_N,CC,759,622,GO:0005874,microtubule,7/622,271/27694,0.4078046194554733,0.5896122516585326,0.5774518727502139,Zm00001eb036580/Zm00001eb143240/Zm00001eb153090/Zm00001eb197580/Zm00001eb276140/Zm00001eb287900/Zm00001eb381470,7
Fst_landraces_N,MF,759,622,GO:0005507,copper ion binding,2/622,63/27694,0.4150946587240877,0.5976390494933916,0.5853131229682828,Zm00001eb311120/Zm00001eb384970,2
Fst_landraces_N,MF,759,622,GO:0016538,cyclin-dependent protein serine/threonine kinase regulator activity,2/622,63/27694,0.4150946587240877,0.5976390494933916,0.5853131229682828,Zm00001eb132310/Zm00001eb399650,2
Fst_landraces_N,BP,759,622,GO:0006108,malate metabolic process,1/622,24/27694,0.4203949202539168,0.5976390494933916,0.5853131229682828,Zm00001eb074700,1
Fst_landraces_N,BP,759,622,GO:0006892,post-Golgi vesicle-mediated transport,1/622,24/27694,0.4203949202539168,0.5976390494933916,0.5853131229682828,Zm00001eb361010,1
Fst_landraces_N,MF,759,622,GO:0008094,"ATP-dependent activity, acting on DNA",1/622,24/27694,0.4203949202539168,0.5976390494933916,0.5853131229682828,Zm00001eb050740,1
Fst_landraces_N,BP,759,622,GO:0030488,tRNA methylation,1/622,24/27694,0.4203949202539168,0.5976390494933916,0.5853131229682828,Zm00001eb000190,1
Fst_landraces_N,MF,759,622,GO:0031418,L-ascorbic acid binding,1/622,24/27694,0.4203949202539168,0.5976390494933916,0.5853131229682828,Zm00001eb048160,1
Fst_landraces_N,MF,759,622,GO:0046527,glucosyltransferase activity,1/622,24/27694,0.4203949202539168,0.5976390494933916,0.5853131229682828,Zm00001eb199260,1
Fst_landraces_N,MF,759,622,GO:0070006,metalloaminopeptidase activity,1/622,24/27694,0.4203949202539168,0.5976390494933916,0.5853131229682828,Zm00001eb028570,1
Fst_landraces_N,CC,759,622,GO:0080008,Cul4-RING E3 ubiquitin ligase complex,1/622,24/27694,0.4203949202539168,0.5976390494933916,0.5853131229682828,Zm00001eb349670,1
Fst_landraces_N,MF,759,622,GO:0140096,"catalytic activity, acting on a protein",1/622,24/27694,0.4203949202539168,0.5976390494933916,0.5853131229682828,Zm00001eb082790,1
Fst_landraces_N,BP,759,622,GO:0009908,flower development,2/622,64/27694,0.4228764534680671,0.600253202947074,0.5878733611642143,Zm00001eb120710/Zm00001eb344540,2
Fst_landraces_N,MF,759,622,GO:0004386,helicase activity,6/622,234/27694,0.4294657573878875,0.6084485467994478,0.5958996812450357,Zm00001eb046650/Zm00001eb086320/Zm00001eb108690/Zm00001eb127010/Zm00001eb417900/Zm00001eb425250,6
Fst_landraces_N,MF,759,622,GO:0044183,protein folding chaperone,2/622,65/27694,0.4306043784094593,0.6084485467994478,0.5958996812450357,Zm00001eb110000/Zm00001eb133480,2
Fst_landraces_N,BP,759,622,GO:0070588,calcium ion transmembrane transport,2/622,65/27694,0.4306043784094593,0.6084485467994478,0.5958996812450357,Zm00001eb231990/Zm00001eb355420,2
Fst_landraces_N,BP,759,622,GO:0055085,transmembrane transport,24/622,1017/27694,0.4312706706302292,0.608469496025127,0.5959201984062159,Zm00001eb006660/Zm00001eb025860/Zm00001eb042970/Zm00001eb080140/Zm00001eb083810/Zm00001eb091420/Zm00001eb105290/Zm00001eb122470/Zm00001eb126980/Zm00001eb154590/Zm00001eb173240/Zm00001eb211050/Zm00001eb231990/Zm00001eb249380/Zm00001eb249990/Zm00001eb250070/Zm00001eb260190/Zm00001eb270300/Zm00001eb277480/Zm00001eb310230/Zm00001eb310770/Zm00001eb316570/Zm00001eb342670/Zm00001eb361580,24
Fst_landraces_N,MF,759,622,GO:0009982,pseudouridine synthase activity,1/622,25/27694,0.4334239899901682,0.6096656726668932,0.5970917046630567,Zm00001eb241970,1
Fst_landraces_N,BP,759,622,GO:0048193,Golgi vesicle transport,1/622,25/27694,0.4334239899901682,0.6096656726668932,0.5970917046630567,Zm00001eb137170,1
Fst_landraces_N,MF,759,622,GO:0004683,calcium/calmodulin-dependent protein kinase activity,2/622,67/27694,0.44589268510851543,0.6191887588286779,0.606418383209874,Zm00001eb022180/Zm00001eb411450,2
Fst_landraces_N,BP,759,622,GO:0006310,DNA recombination,2/622,67/27694,0.44589268510851543,0.6191887588286779,0.606418383209874,Zm00001eb050740/Zm00001eb425250,2
Fst_landraces_N,BP,759,622,GO:0007015,actin filament organization,2/622,67/27694,0.44589268510851543,0.6191887588286779,0.606418383209874,Zm00001eb353070/Zm00001eb398870,2
Fst_landraces_N,MF,759,622,GO:0009931,calcium-dependent protein serine/threonine kinase activity,2/622,67/27694,0.44589268510851543,0.6191887588286779,0.606418383209874,Zm00001eb022180/Zm00001eb411450,2
Fst_landraces_N,MF,759,622,GO:0004445,inositol-polyphosphate 5-phosphatase activity,1/622,26/27694,0.4461606367148825,0.6191887588286779,0.606418383209874,Zm00001eb399140,1
Fst_landraces_N,BP,759,622,GO:0007031,peroxisome organization,1/622,26/27694,0.4461606367148825,0.6191887588286779,0.606418383209874,Zm00001eb143240,1
Fst_landraces_N,BP,759,622,GO:0009723,response to ethylene,1/622,26/27694,0.4461606367148825,0.6191887588286779,0.606418383209874,Zm00001eb071090,1
Fst_landraces_N,BP,759,622,GO:0016070,RNA metabolic process,1/622,26/27694,0.4461606367148825,0.6191887588286779,0.606418383209874,Zm00001eb269170,1
Fst_landraces_N,CC,759,622,GO:0034702,monoatomic ion channel complex,1/622,26/27694,0.4461606367148825,0.6191887588286779,0.606418383209874,Zm00001eb361580,1
Fst_landraces_N,BP,759,622,GO:0034220,monoatomic ion transmembrane transport,3/622,110/27694,0.4502255106202727,0.6239030072987162,0.6110354032937951,Zm00001eb225150/Zm00001eb250070/Zm00001eb361580,3
Fst_landraces_N,MF,759,622,GO:0016616,"oxidoreductase activity, acting on the CH-OH group of donors, NAD or NADP as acceptor",4/622,153/27694,0.45089853153169013,0.6239099680749608,0.6110422205084425,Zm00001eb074700/Zm00001eb102030/Zm00001eb234090/Zm00001eb388020,4
Fst_landraces_N,BP,759,622,GO:0000463,"maturation of LSU-rRNA from tricistronic rRNA transcript (SSU-rRNA, 5.8S rRNA, LSU-rRNA)",1/622,27/27694,0.4586114132062562,0.6271494288940604,0.6142148695017903,Zm00001eb037330,1
Fst_landraces_N,CC,759,622,GO:0005811,lipid droplet,1/622,27/27694,0.4586114132062562,0.6271494288940604,0.6142148695017903,Zm00001eb000200,1
Fst_landraces_N,BP,759,622,GO:0007275,multicellular organism development,1/622,27/27694,0.4586114132062562,0.6271494288940604,0.6142148695017903,Zm00001eb248640,1
Fst_landraces_N,BP,759,622,GO:0010268,brassinosteroid homeostasis,1/622,27/27694,0.4586114132062562,0.6271494288940604,0.6142148695017903,Zm00001eb284090,1
Fst_landraces_N,MF,759,622,GO:0017056,structural constituent of nuclear pore,1/622,27/27694,0.4586114132062562,0.6271494288940604,0.6142148695017903,Zm00001eb399630,1
Fst_landraces_N,MF,759,622,GO:0034485,"phosphatidylinositol-3,4,5-trisphosphate 5-phosphatase activity",1/622,27/27694,0.4586114132062562,0.6271494288940604,0.6142148695017903,Zm00001eb399140,1
Fst_landraces_N,MF,759,622,GO:0043495,membrane-membrane adaptor activity,1/622,27/27694,0.4586114132062562,0.6271494288940604,0.6142148695017903,Zm00001eb233650,1
Fst_landraces_N,BP,759,622,GO:0045087,innate immune response,1/622,27/27694,0.4586114132062562,0.6271494288940604,0.6142148695017903,Zm00001eb241950,1
Fst_landraces_N,MF,759,622,GO:0004650,polygalacturonase activity,2/622,69/27694,0.46094863667621244,0.6294240155783368,0.616442544277668,Zm00001eb132550/Zm00001eb382310,2
Fst_landraces_N,CC,759,622,GO:0005777,peroxisome,3/622,112/27694,0.46190839091224234,0.6298137768058896,0.6168242669269898,Zm00001eb143240/Zm00001eb151430/Zm00001eb239300,3
Fst_landraces_N,MF,759,622,GO:0005384,manganese ion transmembrane transporter activity,1/622,28/27694,0.47078272563571066,0.639114921139177,0.6259335810548234,Zm00001eb424350,1
Fst_landraces_N,BP,759,622,GO:0032968,positive regulation of transcription elongation by RNA polymerase II,1/622,28/27694,0.47078272563571066,0.639114921139177,0.6259335810548234,Zm00001eb136220,1
Fst_landraces_N,BP,759,622,GO:0034755,iron ion transmembrane transport,1/622,28/27694,0.47078272563571066,0.639114921139177,0.6259335810548234,Zm00001eb424350,1
Fst_landraces_N,MF,759,622,GO:0030246,carbohydrate binding,5/622,202/27694,0.47639075287645605,0.6457894966423947,0.6324704976696056,Zm00001eb086220/Zm00001eb126930/Zm00001eb273940/Zm00001eb289050/Zm00001eb340350,5
Fst_landraces_N,MF,759,622,GO:0003872,6-phosphofructokinase activity,1/622,29/27694,0.48268083684277263,0.6486674843325894,0.6352891286881779,Zm00001eb043000,1
Fst_landraces_N,MF,759,622,GO:0004499,"N,N-dimethylaniline monooxygenase activity",1/622,29/27694,0.48268083684277263,0.6486674843325894,0.6352891286881779,Zm00001eb306140,1
Fst_landraces_N,BP,759,622,GO:0006094,gluconeogenesis,1/622,29/27694,0.48268083684277263,0.6486674843325894,0.6352891286881779,Zm00001eb047240,1
Fst_landraces_N,BP,759,622,GO:0016311,dephosphorylation,1/622,29/27694,0.48268083684277263,0.6486674843325894,0.6352891286881779,Zm00001eb130450,1
Fst_landraces_N,BP,759,622,GO:0061615,glycolytic process through fructose-6-phosphate,1/622,29/27694,0.48268083684277263,0.6486674843325894,0.6352891286881779,Zm00001eb043000,1
Fst_landraces_N,BP,759,622,GO:0071421,manganese ion transmembrane transport,1/622,29/27694,0.48268083684277263,0.6486674843325894,0.6352891286881779,Zm00001eb424350,1
Fst_landraces_N,CC,759,622,GO:0005576,extracellular region,13/622,557/27694,0.4833859908188227,0.6486817750356041,0.6353031246545024,Zm00001eb009930/Zm00001eb009940/Zm00001eb029720/Zm00001eb082810/Zm00001eb084910/Zm00001eb128450/Zm00001eb129030/Zm00001eb139570/Zm00001eb200790/Zm00001eb235330/Zm00001eb249930/Zm00001eb311120/Zm00001eb384970,13
Fst_landraces_N,CC,759,622,GO:0000307,cyclin-dependent protein kinase holoenzyme complex,2/622,73/27694,0.4903266286864948,0.6548755831879299,0.6413691894402245,Zm00001eb136220/Zm00001eb399650,2
Fst_landraces_N,MF,759,622,GO:0008233,peptidase activity,14/622,605/27694,0.49274625396634686,0.6548755831879299,0.6413691894402245,Zm00001eb026810/Zm00001eb041630/Zm00001eb082810/Zm00001eb084910/Zm00001eb090590/Zm00001eb128020/Zm00001eb129030/Zm00001eb151510/Zm00001eb200790/Zm00001eb249930/Zm00001eb296120/Zm00001eb362730/Zm00001eb378830/Zm00001eb411170,14
Fst_landraces_N,BP,759,622,GO:0006508,proteolysis,16/622,694/27694,0.493229702682601,0.6548755831879299,0.6413691894402245,Zm00001eb026810/Zm00001eb028570/Zm00001eb041630/Zm00001eb082810/Zm00001eb084910/Zm00001eb090590/Zm00001eb128020/Zm00001eb129030/Zm00001eb151510/Zm00001eb200790/Zm00001eb249930/Zm00001eb296120/Zm00001eb362730/Zm00001eb378830/Zm00001eb411170/Zm00001eb418570,16
Fst_landraces_N,BP,759,622,GO:0000381,"regulation of alternative mRNA splicing, via spliceosome",1/622,30/27694,0.49431186953692785,0.6548755831879299,0.6413691894402245,Zm00001eb144140,1
Fst_landraces_N,BP,759,622,GO:0001522,pseudouridine synthesis,1/622,30/27694,0.49431186953692785,0.6548755831879299,0.6413691894402245,Zm00001eb241970,1
Fst_landraces_N,MF,759,622,GO:0004540,RNA nuclease activity,1/622,30/27694,0.49431186953692785,0.6548755831879299,0.6413691894402245,Zm00001eb104810,1
Fst_landraces_N,CC,759,622,GO:0005769,early endosome,1/622,30/27694,0.49431186953692785,0.6548755831879299,0.6413691894402245,Zm00001eb288370,1
Fst_landraces_N,BP,759,622,GO:0006259,DNA metabolic process,1/622,30/27694,0.49431186953692785,0.6548755831879299,0.6413691894402245,Zm00001eb050740,1
Fst_landraces_N,BP,759,622,GO:0006289,nucleotide-excision repair,1/622,30/27694,0.49431186953692785,0.6548755831879299,0.6413691894402245,Zm00001eb065950,1
Fst_landraces_N,MF,759,622,GO:0004252,serine-type endopeptidase activity,4/622,163/27694,0.4996430197583226,0.6610008221731916,0.6473680992544839,Zm00001eb082810/Zm00001eb128020/Zm00001eb129030/Zm00001eb249930,4
Fst_landraces_N,BP,759,622,GO:0006888,endoplasmic reticulum to Golgi vesicle-mediated transport,3/622,119/27694,0.5019011807205742,0.6630490845728662,0.6493741175406521,Zm00001eb013300/Zm00001eb035310/Zm00001eb392010,3
Fst_landraces_N,BP,759,622,GO:0006099,tricarboxylic acid cycle,2/622,75/27694,0.5046334053784871,0.6633522612441011,0.6496710413852403,Zm00001eb074700/Zm00001eb239300,2
Fst_landraces_N,BP,759,622,GO:0006164,purine nucleotide biosynthetic process,1/622,31/27694,0.5056818094280513,0.6633522612441011,0.6496710413852403,Zm00001eb055170,1
Fst_landraces_N,BP,759,622,GO:0015693,magnesium ion transport,1/622,31/27694,0.5056818094280513,0.6633522612441011,0.6496710413852403,Zm00001eb288370,1
Fst_landraces_N,BP,759,622,GO:0030150,protein import into mitochondrial matrix,1/622,31/27694,0.5056818094280513,0.6633522612441011,0.6496710413852403,Zm00001eb118130,1
Fst_landraces_N,MF,759,622,GO:0045735,nutrient reservoir activity,1/622,31/27694,0.5056818094280513,0.6633522612441011,0.6496710413852403,Zm00001eb355570,1
Fst_landraces_N,MF,759,622,GO:0051087,protein-folding chaperone binding,2/622,76/27694,0.511688470989204,0.6694700953399169,0.6556626990312046,Zm00001eb110000/Zm00001eb339480,2
Fst_landraces_N,BP,759,622,GO:0032259,methylation,10/622,434/27694,0.5119406086169891,0.6694700953399169,0.6556626990312046,Zm00001eb000190/Zm00001eb018630/Zm00001eb047240/Zm00001eb198370/Zm00001eb199380/Zm00001eb199390/Zm00001eb199500/Zm00001eb250310/Zm00001eb250470/Zm00001eb353110,10
Fst_landraces_N,MF,759,622,GO:0004439,"phosphatidylinositol-4,5-bisphosphate 5-phosphatase activity",1/622,32/27694,0.5167965082870236,0.6694700953399169,0.6556626990312046,Zm00001eb399140,1
Fst_landraces_N,CC,759,622,GO:0005685,U1 snRNP,1/622,32/27694,0.5167965082870236,0.6694700953399169,0.6556626990312046,Zm00001eb246650,1
Fst_landraces_N,CC,759,622,GO:0005905,clathrin-coated pit,1/622,32/27694,0.5167965082870236,0.6694700953399169,0.6556626990312046,Zm00001eb404830,1
Fst_landraces_N,CC,759,622,GO:0016602,CCAAT-binding factor complex,1/622,32/27694,0.5167965082870236,0.6694700953399169,0.6556626990312046,Zm00001eb019780,1
Fst_landraces_N,MF,759,622,GO:0030544,Hsp70 protein binding,1/622,32/27694,0.5167965082870236,0.6694700953399169,0.6556626990312046,Zm00001eb346620,1
Fst_landraces_N,BP,759,622,GO:0046854,phosphatidylinositol phosphate biosynthetic process,1/622,32/27694,0.5167965082870236,0.6694700953399169,0.6556626990312046,Zm00001eb220840,1
Fst_landraces_N,MF,759,622,GO:0052742,phosphatidylinositol kinase activity,1/622,32/27694,0.5167965082870236,0.6694700953399169,0.6556626990312046,Zm00001eb220840,1
Fst_landraces_N,BP,759,622,GO:0031146,SCF-dependent proteasomal ubiquitin-dependent protein catabolic process,2/622,77/27694,0.5186771123406024,0.6709756550223306,0.6571372074996116,Zm00001eb137200/Zm00001eb199550,2
Fst_landraces_N,BP,759,622,GO:0006351,DNA-templated transcription,4/622,168/27694,0.5233075728953493,0.672354727967483,0.6584878379395274,Zm00001eb121110/Zm00001eb249700/Zm00001eb321200/Zm00001eb339990,4
Fst_landraces_N,BP,759,622,GO:0009734,auxin-activated signaling pathway,4/622,168/27694,0.5233075728953493,0.672354727967483,0.6584878379395274,Zm00001eb135550/Zm00001eb215120/Zm00001eb227100/Zm00001eb360250,4
Fst_landraces_N,MF,759,622,GO:0035251,UDP-glucosyltransferase activity,3/622,123/27694,0.52406009452868,0.672354727967483,0.6584878379395274,Zm00001eb146850/Zm00001eb199260/Zm00001eb280950,3
Fst_landraces_N,MF,759,622,GO:0004527,exonuclease activity,2/622,78/27694,0.5255987505160798,0.672354727967483,0.6584878379395274,Zm00001eb088960/Zm00001eb151620,2
Fst_landraces_N,CC,759,622,GO:0005759,mitochondrial matrix,2/622,78/27694,0.5255987505160798,0.672354727967483,0.6584878379395274,Zm00001eb031330/Zm00001eb239300,2
Fst_landraces_N,MF,759,622,GO:0016758,hexosyltransferase activity,2/622,78/27694,0.5255987505160798,0.672354727967483,0.6584878379395274,Zm00001eb132130/Zm00001eb199260,2
Fst_landraces_N,MF,759,622,GO:0005216,monoatomic ion channel activity,1/622,33/27694,0.5276616869380781,0.672354727967483,0.6584878379395274,Zm00001eb361580,1
Fst_landraces_N,MF,759,622,GO:0008526,phosphatidylinositol transfer activity,1/622,33/27694,0.5276616869380781,0.672354727967483,0.6584878379395274,Zm00001eb361010,1
Fst_landraces_N,MF,759,622,GO:0016597,amino acid binding,1/622,33/27694,0.5276616869380781,0.672354727967483,0.6584878379395274,Zm00001eb049890,1
Fst_landraces_N,MF,759,622,GO:0031624,ubiquitin conjugating enzyme binding,1/622,33/27694,0.5276616869380781,0.672354727967483,0.6584878379395274,Zm00001eb198350,1
Fst_landraces_N,BP,759,622,GO:0046488,phosphatidylinositol metabolic process,1/622,33/27694,0.5276616869380781,0.672354727967483,0.6584878379395274,Zm00001eb220840,1
Fst_landraces_N,CC,759,622,GO:0031410,cytoplasmic vesicle,3/622,124/27694,0.5295148260461682,0.6737967949960778,0.6599001632498496,Zm00001eb151480/Zm00001eb353070/Zm00001eb404830,3
Fst_landraces_N,CC,759,622,GO:0031969,chloroplast membrane,2/622,79/27694,0.532452865976365,0.675753275889619,0.6618162929652642,Zm00001eb014810/Zm00001eb042970,2
Fst_landraces_N,CC,759,622,GO:0005739,mitochondrion,16/622,711/27694,0.5324993694376441,0.675753275889619,0.6618162929652642,Zm00001eb015090/Zm00001eb028570/Zm00001eb031330/Zm00001eb095250/Zm00001eb098680/Zm00001eb133570/Zm00001eb141560/Zm00001eb143240/Zm00001eb151430/Zm00001eb151510/Zm00001eb156350/Zm00001eb224720/Zm00001eb269170/Zm00001eb295550/Zm00001eb306200/Zm00001eb413560,16
Fst_landraces_N,MF,759,622,GO:0004190,aspartic-type endopeptidase activity,3/622,125/27694,0.5349345023906894,0.6779224222970203,0.6639407021031338,Zm00001eb200790/Zm00001eb296120/Zm00001eb362730,3
Fst_landraces_N,MF,759,622,GO:0008194,UDP-glycosyltransferase activity,4/622,172/27694,0.5418470769220871,0.6857522626629123,0.6716090569751729,Zm00001eb124620/Zm00001eb146850/Zm00001eb199260/Zm00001eb280950,4
Fst_landraces_N,MF,759,622,GO:0000774,adenyl-nucleotide exchange factor activity,1/622,35/27694,0.5486657296684674,0.6907833178449191,0.6765363498334663,Zm00001eb273690,1
Fst_landraces_N,BP,759,622,GO:0006913,nucleocytoplasmic transport,1/622,35/27694,0.5486657296684674,0.6907833178449191,0.6765363498334663,Zm00001eb399630,1
Fst_landraces_N,BP,759,622,GO:0034976,response to endoplasmic reticulum stress,1/622,35/27694,0.5486657296684674,0.6907833178449191,0.6765363498334663,Zm00001eb104810,1
Fst_landraces_N,MF,759,622,GO:0016874,ligase activity,8/622,356/27694,0.5489059117100381,0.6907833178449191,0.6765363498334663,Zm00001eb002380/Zm00001eb019800/Zm00001eb031330/Zm00001eb055170/Zm00001eb082870/Zm00001eb093280/Zm00001eb231430/Zm00001eb233720,8
Fst_landraces_N,MF,759,622,GO:0008168,methyltransferase activity,10/622,447/27694,0.5495203481357332,0.6907833178449191,0.6765363498334663,Zm00001eb000190/Zm00001eb018630/Zm00001eb047240/Zm00001eb198370/Zm00001eb199380/Zm00001eb199390/Zm00001eb199500/Zm00001eb250310/Zm00001eb250470/Zm00001eb353110,10
Fst_landraces_N,MF,759,622,GO:0004177,aminopeptidase activity,1/622,36/27694,0.5588154066685838,0.6959114531046097,0.681558720554385,Zm00001eb028570,1
Fst_landraces_N,BP,759,622,GO:0005985,sucrose metabolic process,1/622,36/27694,0.5588154066685838,0.6959114531046097,0.681558720554385,Zm00001eb167910,1
Fst_landraces_N,BP,759,622,GO:0006506,GPI anchor biosynthetic process,1/622,36/27694,0.5588154066685838,0.6959114531046097,0.681558720554385,Zm00001eb329280,1
Fst_landraces_N,MF,759,622,GO:0008408,3'-5' exonuclease activity,1/622,36/27694,0.5588154066685838,0.6959114531046097,0.681558720554385,Zm00001eb088960,1
Fst_landraces_N,BP,759,622,GO:0010150,leaf senescence,1/622,36/27694,0.5588154066685838,0.6959114531046097,0.681558720554385,Zm00001eb310260,1
Fst_landraces_N,MF,759,622,GO:0031267,small GTPase binding,1/622,36/27694,0.5588154066685838,0.6959114531046097,0.681558720554385,Zm00001eb380420,1
Fst_landraces_N,BP,759,622,GO:0048608,reproductive structure development,1/622,36/27694,0.5588154066685838,0.6959114531046097,0.681558720554385,Zm00001eb000200,1
Fst_landraces_N,CC,759,622,GO:0005789,endoplasmic reticulum membrane,11/622,498/27694,0.5648283939619194,0.6980296188883657,0.6836332005116531,Zm00001eb022670/Zm00001eb031250/Zm00001eb048160/Zm00001eb102030/Zm00001eb104810/Zm00001eb132320/Zm00001eb233650/Zm00001eb250380/Zm00001eb340350/Zm00001eb346620/Zm00001eb378830,11
Fst_landraces_N,MF,759,622,GO:0004364,glutathione transferase activity,2/622,84/27694,0.5656962831299814,0.6980296188883657,0.6836332005116531,Zm00001eb244170/Zm00001eb411190,2
Fst_landraces_N,MF,759,622,GO:0004843,cysteine-type deubiquitinase activity,2/622,84/27694,0.5656962831299814,0.6980296188883657,0.6836332005116531,Zm00001eb026810/Zm00001eb090590,2
Fst_landraces_N,MF,759,622,GO:0030145,manganese ion binding,2/622,84/27694,0.5656962831299814,0.6980296188883657,0.6836332005116531,Zm00001eb015770/Zm00001eb028570,2
Fst_landraces_N,MF,759,622,GO:0003993,acid phosphatase activity,1/622,37/27694,0.568737194833026,0.6980296188883657,0.6836332005116531,Zm00001eb277460,1
Fst_landraces_N,CC,759,622,GO:0005778,peroxisomal membrane,1/622,37/27694,0.568737194833026,0.6980296188883657,0.6836332005116531,Zm00001eb102030,1
Fst_landraces_N,BP,759,622,GO:0007005,mitochondrion organization,1/622,37/27694,0.568737194833026,0.6980296188883657,0.6836332005116531,Zm00001eb413560,1
Fst_landraces_N,MF,759,622,GO:0008324,monoatomic cation transmembrane transporter activity,1/622,37/27694,0.568737194833026,0.6980296188883657,0.6836332005116531,Zm00001eb231990,1
Fst_landraces_N,BP,759,622,GO:0008610,lipid biosynthetic process,1/622,37/27694,0.568737194833026,0.6980296188883657,0.6836332005116531,Zm00001eb022670,1
Fst_landraces_N,CC,759,622,GO:0030117,membrane coat,1/622,37/27694,0.568737194833026,0.6980296188883657,0.6836332005116531,Zm00001eb358720,1
Fst_landraces_N,BP,759,622,GO:0045492,xylan biosynthetic process,1/622,37/27694,0.568737194833026,0.6980296188883657,0.6836332005116531,Zm00001eb022160,1
Fst_landraces_N,CC,759,622,GO:0005794,Golgi apparatus,11/622,500/27694,0.5701807986214444,0.6988830261317968,0.6844690067717022,Zm00001eb013300/Zm00001eb022160/Zm00001eb030720/Zm00001eb042970/Zm00001eb137170/Zm00001eb153530/Zm00001eb260190/Zm00001eb269770/Zm00001eb289180/Zm00001eb392010/Zm00001eb394310,11
Fst_landraces_N,CC,759,622,GO:0009535,chloroplast thylakoid membrane,5/622,226/27694,0.5755900680258124,0.7008135222209703,0.6863596876028664,Zm00001eb105350/Zm00001eb124300/Zm00001eb146510/Zm00001eb346280/Zm00001eb355290,5
Fst_landraces_N,BP,759,622,GO:0006633,fatty acid biosynthetic process,3/622,133/27694,0.5769765594506977,0.7008135222209703,0.6863596876028664,Zm00001eb054050/Zm00001eb144930/Zm00001eb331920,3
Fst_landraces_N,BP,759,622,GO:0009058,biosynthetic process,3/622,133/27694,0.5769765594506977,0.7008135222209703,0.6863596876028664,Zm00001eb028030/Zm00001eb233270/Zm00001eb414050,3
Fst_landraces_N,MF,759,622,GO:0004175,endopeptidase activity,1/622,38/27694,0.5784362028531966,0.7008135222209703,0.6863596876028664,Zm00001eb151510,1
Fst_landraces_N,MF,759,622,GO:0035091,phosphatidylinositol binding,1/622,38/27694,0.5784362028531966,0.7008135222209703,0.6863596876028664,Zm00001eb174210,1
Fst_landraces_N,BP,759,622,GO:0051225,spindle assembly,1/622,38/27694,0.5784362028531966,0.7008135222209703,0.6863596876028664,Zm00001eb235200,1
Fst_landraces_N,BP,759,622,GO:0006812,monoatomic cation transport,2/622,86/27694,0.5785088068869038,0.7008135222209703,0.6863596876028664,Zm00001eb231990/Zm00001eb277480,2
Fst_landraces_N,BP,759,622,GO:0071805,potassium ion transmembrane transport,2/622,86/27694,0.5785088068869038,0.7008135222209703,0.6863596876028664,Zm00001eb277480/Zm00001eb361580,2
Fst_landraces_N,MF,759,622,GO:0071949,FAD binding,2/622,86/27694,0.5785088068869038,0.7008135222209703,0.6863596876028664,Zm00001eb384900/Zm00001eb384940,2
Fst_landraces_N,BP,759,622,GO:0009408,response to heat,2/622,87/27694,0.5848104154570829,0.7075296995296833,0.6929373480122785,Zm00001eb133480/Zm00001eb399800,2
Fst_landraces_N,MF,759,622,GO:0003779,actin binding,3/622,135/27694,0.587107850303162,0.7077935047165042,0.6931957123843595,Zm00001eb031290/Zm00001eb110930/Zm00001eb398870,3
Fst_landraces_N,MF,759,622,GO:0008236,serine-type peptidase activity,3/622,135/27694,0.587107850303162,0.7077935047165042,0.6931957123843595,Zm00001eb082810/Zm00001eb129030/Zm00001eb249930,3
Fst_landraces_N,BP,759,622,GO:0006457,protein folding,7/622,322/27694,0.5873018909585555,0.7077935047165042,0.6931957123843595,Zm00001eb028520/Zm00001eb110000/Zm00001eb132320/Zm00001eb133480/Zm00001eb273690/Zm00001eb339480/Zm00001eb346620,7
Fst_landraces_N,BP,759,622,GO:0000288,"nuclear-transcribed mRNA catabolic process, deadenylation-dependent decay",1/622,40/27694,0.5971857440647353,0.716009608416512,0.701242364154118,Zm00001eb377700,1
Fst_landraces_N,BP,759,622,GO:0006006,glucose metabolic process,1/622,40/27694,0.5971857440647353,0.716009608416512,0.701242364154118,Zm00001eb419510,1
Fst_landraces_N,BP,759,622,GO:0008104,protein localization,1/622,40/27694,0.5971857440647353,0.716009608416512,0.701242364154118,Zm00001eb201570,1
Fst_landraces_N,BP,759,622,GO:0017148,negative regulation of translation,1/622,40/27694,0.5971857440647353,0.716009608416512,0.701242364154118,Zm00001eb133570,1
Fst_landraces_N,MF,759,622,GO:0050660,flavin adenine dinucleotide binding,4/622,185/27694,0.5994028581026445,0.717746499317782,0.7029434327816438,Zm00001eb009510/Zm00001eb306140/Zm00001eb384900/Zm00001eb384940,4
Fst_landraces_N,MF,759,622,GO:0030276,clathrin binding,1/622,41/27694,0.6062459330859161,0.724863546857552,0.7099136957277276,Zm00001eb358720,1
Fst_landraces_N,BP,759,622,GO:0006631,fatty acid metabolic process,3/622,139/27694,0.606898601330413,0.724863546857552,0.7099136957277276,Zm00001eb054050/Zm00001eb144930/Zm00001eb331920,3
Fst_landraces_N,MF,759,622,GO:0022857,transmembrane transporter activity,11/622,515/27694,0.6094160765786936,0.7269407605676881,0.7119480682219328,Zm00001eb006660/Zm00001eb025860/Zm00001eb042970/Zm00001eb105290/Zm00001eb126980/Zm00001eb154590/Zm00001eb211050/Zm00001eb249380/Zm00001eb249990/Zm00001eb270300/Zm00001eb316570,11
Fst_landraces_N,MF,759,622,GO:0004535,poly(A)-specific ribonuclease activity,1/622,42/27694,0.6151026585630996,0.7318546281502357,0.7167605904007156,Zm00001eb377700,1
Fst_landraces_N,MF,759,622,GO:0008374,O-acyltransferase activity,1/622,42/27694,0.6151026585630996,0.7318546281502357,0.7167605904007156,Zm00001eb130340,1
Fst_landraces_N,MF,759,622,GO:0008237,metallopeptidase activity,2/622,93/27694,0.6211520356506217,0.738111960938525,0.7228888696670553,Zm00001eb151510/Zm00001eb378830,2
Fst_landraces_N,CC,759,622,GO:0005839,proteasome core complex,1/622,43/27694,0.6237604824591562,0.738393270743792,0.7231643776359239,Zm00001eb275340,1
Fst_landraces_N,BP,759,622,GO:0006891,intra-Golgi vesicle-mediated transport,1/622,43/27694,0.6237604824591562,0.738393270743792,0.7231643776359239,Zm00001eb137170,1
Fst_landraces_N,BP,759,622,GO:0042273,ribosomal large subunit biogenesis,1/622,43/27694,0.6237604824591562,0.738393270743792,0.7231643776359239,Zm00001eb364260,1
Fst_landraces_N,MF,759,622,GO:0019843,rRNA binding,3/622,144/27694,0.630735142849504,0.7457045866094137,0.7303249022467941,Zm00001eb204010/Zm00001eb343340/Zm00001eb394520,3
Fst_landraces_N,BP,759,622,GO:0009664,plant-type cell wall organization,1/622,44/27694,0.6322238646120766,0.7465197086569906,0.7311232129188828,Zm00001eb128450,1
Fst_landraces_N,BP,759,622,GO:0015031,protein transport,13/622,620/27694,0.6384726448550884,0.7477804401579877,0.7323579426319073,Zm00001eb054090/Zm00001eb118130/Zm00001eb151450/Zm00001eb151480/Zm00001eb152320/Zm00001eb174210/Zm00001eb233940/Zm00001eb267410/Zm00001eb358720/Zm00001eb361010/Zm00001eb380420/Zm00001eb399630/Zm00001eb410820,13
Fst_landraces_N,MF,759,622,GO:0003743,translation initiation factor activity,3/622,146/27694,0.6399852529563277,0.7477804401579877,0.7323579426319073,Zm00001eb029490/Zm00001eb138260/Zm00001eb313590,3
Fst_landraces_N,CC,759,622,GO:0000151,ubiquitin ligase complex,1/622,45/27694,0.6404971650175484,0.7477804401579877,0.7323579426319073,Zm00001eb198350,1
Fst_landraces_N,BP,759,622,GO:0006879,intracellular iron ion homeostasis,1/622,45/27694,0.6404971650175484,0.7477804401579877,0.7323579426319073,Zm00001eb424350,1
Fst_landraces_N,MF,759,622,GO:0008422,beta-glucosidase activity,1/622,45/27694,0.6404971650175484,0.7477804401579877,0.7323579426319073,Zm00001eb418490,1
Fst_landraces_N,BP,759,622,GO:0030001,metal ion transport,1/622,45/27694,0.6404971650175484,0.7477804401579877,0.7323579426319073,Zm00001eb173240,1
Fst_landraces_N,BP,759,622,GO:0034599,cellular response to oxidative stress,1/622,45/27694,0.6404971650175484,0.7477804401579877,0.7323579426319073,Zm00001eb375250,1
Fst_landraces_N,BP,759,622,GO:0051028,mRNA transport,1/622,45/27694,0.6404971650175484,0.7477804401579877,0.7323579426319073,Zm00001eb399630,1
Fst_landraces_N,MF,759,622,GO:0080044,quercetin 7-O-glucosyltransferase activity,1/622,45/27694,0.6404971650175484,0.7477804401579877,0.7323579426319073,Zm00001eb124620,1
Fst_landraces_N,CC,759,622,GO:0000502,proteasome complex,2/622,97/27694,0.6439866383995307,0.7509157556369059,0.7354285942166926,Zm00001eb275340/Zm00001eb430580,2
Fst_landraces_N,BP,759,622,GO:0000082,G1/S transition of mitotic cell cycle,1/622,46/27694,0.6485846460605909,0.7540209658097636,0.7384697613982697,Zm00001eb399650,1
Fst_landraces_N,MF,759,622,GO:0080043,quercetin 3-O-glucosyltransferase activity,1/622,46/27694,0.6485846460605909,0.7540209658097636,0.7384697613982697,Zm00001eb124620,1
Fst_landraces_N,BP,759,622,GO:0006413,translational initiation,3/622,148/27694,0.6490715808469486,0.7540209658097636,0.7384697613982697,Zm00001eb029490/Zm00001eb138260/Zm00001eb313590,3
Fst_landraces_N,BP,759,622,GO:0006950,response to stress,5/622,246/27694,0.6501100173123364,0.7542891380990339,0.7387324028040801,Zm00001eb033140/Zm00001eb038660/Zm00001eb122110/Zm00001eb130260/Zm00001eb321900,5
Fst_landraces_N,BP,759,622,GO:0008033,tRNA processing,2/622,99/27694,0.6549900020728157,0.7590082654292926,0.7433542011248228,Zm00001eb033820/Zm00001eb047240,2
Fst_landraces_N,BP,759,622,GO:0009755,hormone-mediated signaling pathway,1/622,47/27694,0.6564904746973931,0.7598043412235008,0.7441338583604443,Zm00001eb309030,1
Fst_landraces_N,CC,759,622,GO:0005768,endosome,2/622,100/27694,0.6603890861075152,0.7630753859355698,0.7473374398489914,Zm00001eb109770/Zm00001eb151450,2
Fst_landraces_N,MF,759,622,GO:0004176,ATP-dependent peptidase activity,1/622,48/27694,0.6642187245884563,0.7630753859355698,0.7473374398489914,Zm00001eb128020,1
Fst_landraces_N,MF,759,622,GO:0005198,structural molecule activity,1/622,48/27694,0.6642187245884563,0.7630753859355698,0.7473374398489914,Zm00001eb404830,1
Fst_landraces_N,CC,759,622,GO:0032991,protein-containing complex,1/622,48/27694,0.6642187245884563,0.7630753859355698,0.7473374398489914,Zm00001eb109770,1
Fst_landraces_N,BP,759,622,GO:0046856,phosphatidylinositol dephosphorylation,1/622,48/27694,0.6642187245884563,0.7630753859355698,0.7473374398489914,Zm00001eb399140,1
Fst_landraces_N,BP,759,622,GO:0051603,proteolysis involved in protein catabolic process,1/622,48/27694,0.6642187245884563,0.7630753859355698,0.7473374398489914,Zm00001eb275340,1
Fst_landraces_N,MF,759,622,GO:0005509,calcium ion binding,7/622,349/27694,0.670631020388234,0.7689170774803642,0.7530586502089897,Zm00001eb015200/Zm00001eb022180/Zm00001eb151430/Zm00001eb198360/Zm00001eb201430/Zm00001eb411450/Zm00001eb426050,7
Fst_landraces_N,BP,759,622,GO:0000045,autophagosome assembly,1/622,49/27694,0.6717733781841297,0.7689170774803642,0.7530586502089897,Zm00001eb233940,1
Fst_landraces_N,MF,759,622,GO:0031072,heat shock protein binding,1/622,49/27694,0.6717733781841297,0.7689170774803642,0.7530586502089897,Zm00001eb133480,1
Fst_landraces_N,BP,759,622,GO:0000413,protein peptidyl-prolyl isomerization,1/622,50/27694,0.6791583287636005,0.7754692898107615,0.7594757273138192,Zm00001eb364840,1
Fst_landraces_N,BP,759,622,GO:0006665,sphingolipid metabolic process,1/622,50/27694,0.6791583287636005,0.7754692898107615,0.7594757273138192,Zm00001eb362500,1
Fst_landraces_N,MF,759,622,GO:0051015,actin filament binding,2/622,105/27694,0.6863713185026318,0.7808483254422688,0.764743823745443,Zm00001eb031290/Zm00001eb398870,2
Fst_landraces_N,MF,759,622,GO:0004713,protein tyrosine kinase activity,1/622,51/27694,0.6863773824283754,0.7808483254422688,0.764743823745443,Zm00001eb126930,1
Fst_landraces_N,CC,759,622,GO:0005643,nuclear pore,1/622,51/27694,0.6863773824283754,0.7808483254422688,0.764743823745443,Zm00001eb399630,1
Fst_landraces_N,MF,759,622,GO:0004518,nuclease activity,3/622,158/27694,0.6920371572445234,0.7850516350156148,0.7688604427235086,Zm00001eb088960/Zm00001eb151620/Zm00001eb346320,3
Fst_landraces_N,BP,759,622,GO:0002229,defense response to oomycetes,1/622,52/27694,0.6934342600512657,0.7850516350156148,0.7688604427235086,Zm00001eb086220,1
Fst_landraces_N,BP,759,622,GO:0006004,fucose metabolic process,1/622,52/27694,0.6934342600512657,0.7850516350156148,0.7688604427235086,Zm00001eb074710,1
Fst_landraces_N,BP,759,622,GO:0019752,carboxylic acid metabolic process,1/622,52/27694,0.6934342600512657,0.7850516350156148,0.7688604427235086,Zm00001eb074700,1
Fst_landraces_N,CC,759,622,GO:0009705,plant-type vacuole membrane,1/622,53/27694,0.7003325991818681,0.7919015104550421,0.7755690438244468,Zm00001eb231990,1
Fst_landraces_N,MF,759,622,GO:0008234,cysteine-type peptidase activity,3/622,163/27694,0.7119840567726022,0.8041029129692994,0.7875188001468738,Zm00001eb026810/Zm00001eb090590/Zm00001eb418570,3
Fst_landraces_N,BP,759,622,GO:0009658,chloroplast organization,1/622,55/27694,0.7136678066846334,0.8050310766225212,0.7884278210131535,Zm00001eb240100,1
Fst_landraces_N,BP,759,622,GO:0000165,MAPK cascade,1/622,56/27694,0.7201115500994515,0.8113198887730853,0.7945869303998774,Zm00001eb397190,1
Fst_landraces_N,MF,759,622,GO:0004222,metalloendopeptidase activity,1/622,57/27694,0.7264105086289447,0.8144866927484207,0.7976884210508031,Zm00001eb151510,1
Fst_landraces_N,MF,759,622,GO:0005546,"phosphatidylinositol-4,5-bisphosphate binding",1/622,57/27694,0.7264105086289447,0.8144866927484207,0.7976884210508031,Zm00001eb152320,1
Fst_landraces_N,BP,759,622,GO:0006418,tRNA aminoacylation for protein translation,1/622,57/27694,0.7264105086289447,0.8144866927484207,0.7976884210508031,Zm00001eb231430,1
Fst_landraces_N,CC,759,622,GO:0030014,CCR4-NOT complex,1/622,57/27694,0.7264105086289447,0.8144866927484207,0.7976884210508031,Zm00001eb377700,1
Fst_landraces_N,BP,759,622,GO:0009791,post-embryonic development,1/622,58/27694,0.7325679303329212,0.8204058116678038,0.8034854618948738,Zm00001eb000200,1
Fst_landraces_N,BP,759,622,GO:0016567,protein ubiquitination,9/622,472/27694,0.7357634906404737,0.8229977248601228,0.8060239185207333,Zm00001eb009900/Zm00001eb010210/Zm00001eb019800/Zm00001eb050730/Zm00001eb093280/Zm00001eb151470/Zm00001eb166870/Zm00001eb198350/Zm00001eb274280,9
Fst_landraces_N,MF,759,622,GO:0016705,"oxidoreductase activity, acting on paired donors, with incorporation or reduction of molecular oxygen",6/622,325/27694,0.7405155113186561,0.8273223535545752,0.8102593544899422,Zm00001eb048160/Zm00001eb150550/Zm00001eb284090/Zm00001eb346150/Zm00001eb357090/Zm00001eb415440,6
Fst_landraces_N,CC,759,622,GO:0030015,CCR4-NOT core complex,1/622,60/27694,0.7444707933750501,0.8307475758808802,0.8136139337771723,Zm00001eb377700,1
Fst_landraces_N,MF,759,622,GO:0016829,lyase activity,8/622,428/27694,0.7478882008042251,0.8335651307292915,0.8163733783430117,Zm00001eb022670/Zm00001eb048020/Zm00001eb071090/Zm00001eb132550/Zm00001eb267020/Zm00001eb284320/Zm00001eb394330/Zm00001eb415420,8
Fst_landraces_N,MF,759,622,GO:0016779,nucleotidyltransferase activity,3/622,173/27694,0.7488657439219052,0.8336598388832651,0.8164661332013495,Zm00001eb233270/Zm00001eb365960/Zm00001eb414050,3
Fst_landraces_N,BP,759,622,GO:0006974,DNA damage response,4/622,226/27694,0.7498257783244797,0.8337348535179334,0.8165396007067329,Zm00001eb050740/Zm00001eb065950/Zm00001eb127010/Zm00001eb151620,4
Fst_landraces_N,MF,759,622,GO:0046982,protein heterodimerization activity,3/622,174/27694,0.7523374675679888,0.8355329306878734,0.8183005936749262,Zm00001eb029490/Zm00001eb138260/Zm00001eb160010,3
Fst_landraces_N,CC,759,622,GO:0000145,exocyst,1/622,62/27694,0.7558446977138193,0.8374364740981106,0.8201648777090704,Zm00001eb152320,1
Fst_landraces_N,MF,759,622,GO:0030247,polysaccharide binding,1/622,62/27694,0.7558446977138193,0.8374364740981106,0.8201648777090704,Zm00001eb201430,1
Fst_landraces_N,BP,759,622,GO:0098869,cellular oxidant detoxification,4/622,231/27694,0.7648142385563903,0.8463702592555314,0.8289144092111539,Zm00001eb009930/Zm00001eb009940/Zm00001eb375250/Zm00001eb425270,4
Fst_landraces_N,BP,759,622,GO:0000724,double-strand break repair via homologous recombination,1/622,64/27694,0.7667131139039318,0.8474675128831625,0.8299890326783143,Zm00001eb425250,1
Fst_landraces_N,MF,759,622,GO:0000149,SNARE binding,1/622,65/27694,0.771964812896033,0.8512575386598522,0.8337008915760302,Zm00001eb109770,1
Fst_landraces_N,CC,759,622,GO:0015629,actin cytoskeleton,1/622,65/27694,0.771964812896033,0.8512575386598522,0.8337008915760302,Zm00001eb398870,1
Fst_landraces_N,BP,759,622,GO:0006629,lipid metabolic process,11/622,590/27694,0.7750778649719013,0.8535554961631197,0.835951455162573,Zm00001eb050710/Zm00001eb054050/Zm00001eb122350/Zm00001eb130340/Zm00001eb137110/Zm00001eb144930/Zm00001eb233270/Zm00001eb296120/Zm00001eb331920/Zm00001eb338180/Zm00001eb414050,11
Fst_landraces_N,MF,759,622,GO:0061630,ubiquitin protein ligase activity,9/622,491/27694,0.7758764627863903,0.8535554961631197,0.835951455162573,Zm00001eb010210/Zm00001eb019800/Zm00001eb087090/Zm00001eb093280/Zm00001eb117350/Zm00001eb156060/Zm00001eb198350/Zm00001eb232400/Zm00001eb242580,9
Fst_landraces_N,BP,759,622,GO:0042254,ribosome biogenesis,2/622,127/27694,0.7818400845477104,0.8591042811383076,0.841385799965276,Zm00001eb052970/Zm00001eb417890,2
Fst_landraces_N,MF,759,622,GO:0016791,phosphatase activity,2/622,128/27694,0.7855045546912014,0.8617570282113906,0.8439838358116742,Zm00001eb130450/Zm00001eb399140,2
Fst_landraces_N,BP,759,622,GO:0006139,nucleobase-containing compound metabolic process,1/622,68/27694,0.7870222109896319,0.8617570282113906,0.8439838358116742,Zm00001eb088960,1
Fst_landraces_N,MF,759,622,GO:0030674,protein-macromolecule adaptor activity,1/622,68/27694,0.7870222109896319,0.8617570282113906,0.8439838358116742,Zm00001eb153530,1
Fst_landraces_N,BP,759,622,GO:0007166,cell surface receptor signaling pathway,1/622,69/27694,0.7918174106118882,0.863968997092878,0.846150184237249,Zm00001eb201430,1
Fst_landraces_N,MF,759,622,GO:0016413,O-acetyltransferase activity,1/622,69/27694,0.7918174106118882,0.863968997092878,0.846150184237249,Zm00001eb030720,1
Fst_landraces_N,MF,759,622,GO:0042803,protein homodimerization activity,1/622,69/27694,0.7918174106118882,0.863968997092878,0.846150184237249,Zm00001eb269170,1
Fst_landraces_N,BP,759,622,GO:0042026,protein refolding,1/622,70/27694,0.7965048158824548,0.868069425944239,0.8501660443429997,Zm00001eb133480,1
Fst_landraces_N,BP,759,622,GO:0008652,amino acid biosynthetic process,3/622,189/27694,0.7998996990144417,0.8700175747883462,0.8520740138522178,Zm00001eb029510/Zm00001eb127150/Zm00001eb325850,3
Fst_landraces_N,CC,759,622,GO:0009507,chloroplast,16/622,852/27694,0.8009450438659517,0.8700175747883462,0.8520740138522178,Zm00001eb014600/Zm00001eb014810/Zm00001eb048020/Zm00001eb064940/Zm00001eb071090/Zm00001eb102380/Zm00001eb133480/Zm00001eb254490/Zm00001eb287860/Zm00001eb300170/Zm00001eb308830/Zm00001eb331920/Zm00001eb346280/Zm00001eb378140/Zm00001eb415420/Zm00001eb418490,16
Fst_landraces_N,MF,759,622,GO:0003697,single-stranded DNA binding,1/622,71/27694,0.8010868461648584,0.8700175747883462,0.8520740138522178,Zm00001eb050740,1
Fst_landraces_N,MF,759,622,GO:0003690,double-stranded DNA binding,1/622,74/27694,0.8142240747413889,0.8801913030190478,0.8620379153877521,Zm00001eb065950,1
Fst_landraces_N,MF,759,622,GO:0004197,cysteine-type endopeptidase activity,1/622,74/27694,0.8142240747413889,0.8801913030190478,0.8620379153877521,Zm00001eb418570,1
Fst_landraces_N,BP,759,622,GO:0007017,microtubule-based process,1/622,74/27694,0.8142240747413889,0.8801913030190478,0.8620379153877521,Zm00001eb028520,1
Fst_landraces_N,BP,759,622,GO:0050832,defense response to fungus,1/622,74/27694,0.8142240747413889,0.8801913030190478,0.8620379153877521,Zm00001eb071090,1
Fst_landraces_N,BP,759,622,GO:0006811,monoatomic ion transport,8/622,461/27694,0.8153101621648495,0.8803464641178838,0.8621898763872884,Zm00001eb082780/Zm00001eb225150/Zm00001eb231990/Zm00001eb277480/Zm00001eb288370/Zm00001eb355420/Zm00001eb361580/Zm00001eb424350,8
Fst_landraces_N,BP,759,622,GO:0006897,endocytosis,1/622,76/27694,0.8224973225880992,0.8860582460176293,0.8677838564063112,Zm00001eb404830,1
Fst_landraces_N,MF,759,622,GO:0051287,NAD binding,1/622,76/27694,0.8224973225880992,0.8860582460176293,0.8677838564063112,Zm00001eb224720,1
Fst_landraces_N,MF,759,622,GO:0004519,endonuclease activity,1/622,77/27694,0.8264949569334608,0.8883156384071949,0.8699946915089062,Zm00001eb346320,1
Fst_landraces_N,MF,759,622,GO:0008483,transaminase activity,1/622,77/27694,0.8264949569334608,0.8883156384071949,0.8699946915089062,Zm00001eb028030,1
Fst_landraces_N,CC,759,622,GO:0000932,P-body,1/622,78/27694,0.8304026998739464,0.8904662705881354,0.8721009682644989,Zm00001eb377700,1
Fst_landraces_N,MF,759,622,GO:0004812,aminoacyl-tRNA ligase activity,1/622,78/27694,0.8304026998739464,0.8904662705881354,0.8721009682644989,Zm00001eb231430,1
Fst_landraces_N,BP,759,622,GO:0009409,response to cold,1/622,79/27694,0.8342225695393,0.8925130354521261,0.8741055199007074,Zm00001eb028520,1
Fst_landraces_N,BP,759,622,GO:0031047,regulatory ncRNA-mediated gene silencing,1/622,79/27694,0.8342225695393,0.8925130354521261,0.8741055199007074,Zm00001eb073810,1
Fst_landraces_N,MF,759,622,GO:0003755,peptidyl-prolyl cis-trans isomerase activity,1/622,82/27694,0.8451744476774277,0.9021633532922485,0.8835568060531545,Zm00001eb364840,1
Fst_landraces_N,MF,759,622,GO:0043130,ubiquitin binding,1/622,82/27694,0.8451744476774277,0.9021633532922485,0.8835568060531545,Zm00001eb174210,1
Fst_landraces_N,MF,759,622,GO:0004601,peroxidase activity,3/622,207/27694,0.8466334629876703,0.9026891032311462,0.8840717127328593,Zm00001eb009930/Zm00001eb009940/Zm00001eb425270,3
Fst_landraces_N,BP,759,622,GO:0006397,mRNA processing,6/622,376/27694,0.8510025632785262,0.9043575387812253,0.8857057378574156,Zm00001eb014810/Zm00001eb104810/Zm00001eb165060/Zm00001eb233960/Zm00001eb234030/Zm00001eb360910,6
Fst_landraces_N,MF,759,622,GO:0016757,glycosyltransferase activity,14/622,791/27694,0.8517228937040026,0.9043575387812253,0.8857057378574156,Zm00001eb033150/Zm00001eb046620/Zm00001eb074710/Zm00001eb102380/Zm00001eb124620/Zm00001eb127100/Zm00001eb128410/Zm00001eb132130/Zm00001eb146850/Zm00001eb167910/Zm00001eb254490/Zm00001eb280950/Zm00001eb378140/Zm00001eb382290,14
Fst_landraces_N,CC,759,622,GO:0005773,vacuole,1/622,84/27694,0.8520713427489061,0.9043575387812253,0.8857057378574156,Zm00001eb296120,1
Fst_landraces_N,BP,759,622,GO:0006887,exocytosis,1/622,84/27694,0.8520713427489061,0.9043575387812253,0.8857057378574156,Zm00001eb152320,1
Fst_landraces_N,MF,759,622,GO:0003777,microtubule motor activity,1/622,85/27694,0.8554038898264209,0.9048100035083546,0.8861488707863859,Zm00001eb197580,1
Fst_landraces_N,BP,759,622,GO:0007018,microtubule-based movement,1/622,85/27694,0.8554038898264209,0.9048100035083546,0.8861488707863859,Zm00001eb197580,1
Fst_landraces_N,MF,759,622,GO:0015293,symporter activity,1/622,85/27694,0.8554038898264209,0.9048100035083546,0.8861488707863859,Zm00001eb384620,1
Fst_landraces_N,CC,759,622,GO:0015935,small ribosomal subunit,1/622,86/27694,0.8586614790374738,0.9072283047748875,0.8885172961223682,Zm00001eb303080,1
Fst_landraces_N,BP,759,622,GO:0009738,abscisic acid-activated signaling pathway,1/622,87/27694,0.8618457937302691,0.9095638094283294,0.8908046324729157,Zm00001eb080140,1
Fst_landraces_N,BP,759,622,GO:0071555,cell wall organization,6/622,386/27694,0.8674071115823572,0.9143998219163901,0.8955409052691796,Zm00001eb128450/Zm00001eb130480/Zm00001eb130750/Zm00001eb132130/Zm00001eb132550/Zm00001eb382310,6
Fst_landraces_N,BP,759,622,GO:0009873,ethylene-activated signaling pathway,1/622,90/27694,0.8709753630752493,0.9171262560454146,0.8982111084227041,Zm00001eb248380,1
Fst_landraces_N,MF,759,622,GO:0003774,cytoskeletal motor activity,1/622,91/27694,0.873882670862787,0.9191513677768504,0.9001944535084897,Zm00001eb197580,1
Fst_landraces_N,MF,759,622,GO:0004497,monooxygenase activity,6/622,394/27694,0.8794264013758539,0.9209140879553521,0.9019208187007787,Zm00001eb009510/Zm00001eb150550/Zm00001eb284090/Zm00001eb306140/Zm00001eb346150/Zm00001eb415440,6
Fst_landraces_N,CC,759,622,GO:0022625,cytosolic large ribosomal subunit,2/622,161/27694,0.8794790203832605,0.9209140879553521,0.9019208187007787,Zm00001eb037330/Zm00001eb204910,2
Fst_landraces_N,CC,759,622,GO:0005615,extracellular space,1/622,93/27694,0.8795025336789872,0.9209140879553521,0.9019208187007787,Zm00001eb418570,1
Fst_landraces_N,CC,759,622,GO:0098552,side of membrane,1/622,93/27694,0.8795025336789872,0.9209140879553521,0.9019208187007787,Zm00001eb153120,1
Fst_landraces_N,MF,759,622,GO:0030527,structural constituent of chromatin,1/622,94/27694,0.8822179941351905,0.9227229636307592,0.9036923874621096,Zm00001eb160010,1
Fst_landraces_N,MF,759,622,GO:0004842,ubiquitin-protein transferase activity,4/622,286/27694,0.8868034476440634,0.9261387401121659,0.907037715719004,Zm00001eb010210/Zm00001eb019800/Zm00001eb198350/Zm00001eb215150,4
Fst_landraces_N,CC,759,622,GO:0009506,plasmodesma,1/622,96/27694,0.8874669940046986,0.9261387401121659,0.907037715719004,Zm00001eb075470,1
Fst_landraces_N,CC,759,622,GO:0000428,DNA-directed RNA polymerase complex,1/622,98/27694,0.8924824295013261,0.9303332468239268,0.9111457133889244,Zm00001eb109770,1
Fst_landraces_N,BP,759,622,GO:0042744,hydrogen peroxide catabolic process,2/622,169/27694,0.8956602144452178,0.9326049501581198,0.913370564281986,Zm00001eb009930/Zm00001eb009940,2
Fst_landraces_N,MF,759,622,GO:0016788,"hydrolase activity, acting on ester bonds",2/622,172/27694,0.9011895123847224,0.9373173770237536,0.9179858003309387,Zm00001eb127030/Zm00001eb158290,2
Fst_landraces_N,BP,759,622,GO:0006813,potassium ion transport,1/622,103/27694,0.9040661447829214,0.9392633806754712,0.9198916688910002,Zm00001eb361580,1
Fst_landraces_N,BP,759,622,GO:0008380,RNA splicing,3/622,240/27694,0.9080969690650785,0.9424028545630925,0.9229663931199454,Zm00001eb104810/Zm00001eb165060/Zm00001eb360910,3
Fst_landraces_N,CC,759,622,GO:0000786,nucleosome,1/622,109/27694,0.9163336421529867,0.9488421527393454,0.9292728848534783,Zm00001eb160010,1
Fst_landraces_N,CC,759,622,GO:0009523,photosystem II,1/622,109/27694,0.9163336421529867,0.9488421527393454,0.9292728848534783,Zm00001eb146510,1
Fst_landraces_N,CC,759,622,GO:0005743,mitochondrial inner membrane,3/622,252/27694,0.9242296074239407,0.9559584200819053,0.9362423836934247,Zm00001eb118130/Zm00001eb151430/Zm00001eb426050,3
Fst_landraces_N,CC,759,622,GO:0009536,plastid,2/622,192/27694,0.9316041545571327,0.9617218944557068,0.9418869900619963,Zm00001eb128020/Zm00001eb357090,2
Fst_landraces_N,BP,759,622,GO:0009101,glycoprotein biosynthetic process,1/622,118/27694,0.9318611504094376,0.9617218944557068,0.9418869900619963,Zm00001eb046620,1
Fst_landraces_N,MF,759,622,GO:0005506,iron ion binding,6/622,442/27694,0.9338042832218472,0.9626635767430521,0.9428092507491405,Zm00001eb022670/Zm00001eb048160/Zm00001eb150550/Zm00001eb284090/Zm00001eb346150/Zm00001eb415440,6
Fst_landraces_N,CC,759,622,GO:0005694,chromosome,2/622,196/27694,0.9365160761266654,0.9633326157514377,0.9434644912521126,Zm00001eb160010/Zm00001eb425250,2
Fst_landraces_N,BP,759,622,GO:0006979,response to oxidative stress,2/622,196/27694,0.9365160761266654,0.9633326157514377,0.9434644912521126,Zm00001eb009930/Zm00001eb009940,2
Fst_landraces_N,CC,759,622,GO:0000139,Golgi membrane,8/622,568/27694,0.9426030516774023,0.9681062139574933,0.9481396370213703,Zm00001eb013300/Zm00001eb030720/Zm00001eb046620/Zm00001eb048220/Zm00001eb127100/Zm00001eb153530/Zm00001eb361010/Zm00001eb382290,8
Fst_landraces_N,BP,759,622,GO:0006260,DNA replication,1/622,126/27694,0.9432298230206841,0.9681062139574933,0.9481396370213703,Zm00001eb425250,1
Fst_landraces_N,MF,759,622,GO:0030170,pyridoxal phosphate binding,1/622,128/27694,0.9457627108055895,0.9691882383944825,0.949199345390291,Zm00001eb028030,1
Fst_landraces_N,BP,759,622,GO:0009451,RNA modification,3/622,273/27694,0.9463593933787666,0.9691882383944825,0.949199345390291,Zm00001eb149620/Zm00001eb241970/Zm00001eb344620,3
Fst_landraces_N,BP,759,622,GO:0006952,defense response,6/622,461/27694,0.9484563838819957,0.970094839585388,0.9500872485063703,Zm00001eb050710/Zm00001eb071090/Zm00001eb081900/Zm00001eb098540/Zm00001eb151400/Zm00001eb206290,6
Fst_landraces_N,MF,759,622,GO:0051536,iron-sulfur cluster binding,2/622,208/27694,0.9493219308148231,0.970094839585388,0.9500872485063703,Zm00001eb198320/Zm00001eb289030,2
Fst_landraces_N,BP,759,622,GO:0016042,lipid catabolic process,1/622,134/27694,0.9527042162136914,0.9724871452935384,0.9524302144258819,Zm00001eb050710,1
Fst_landraces_N,CC,759,622,GO:0005840,ribosome,9/622,657/27694,0.9608820572786909,0.9797640191029446,0.9595570073261118,Zm00001eb009900/Zm00001eb009920/Zm00001eb037330/Zm00001eb052970/Zm00001eb204010/Zm00001eb204910/Zm00001eb303080/Zm00001eb343340/Zm00001eb394520,9
Fst_landraces_N,CC,759,622,GO:0022627,cytosolic small ribosomal subunit,1/622,147/27694,0.964850933369639,0.9827380280995014,0.9624696792724747,Zm00001eb303080,1
Fst_landraces_N,MF,759,622,GO:0043531,ADP binding,1/622,150/27694,0.9671786142696821,0.9832803829364649,0.9630008483847493,Zm00001eb047240,1
Fst_landraces_N,MF,759,622,GO:0003735,structural constituent of ribosome,8/622,616/27694,0.9682316342888982,0.9832803829364649,0.9630008483847493,Zm00001eb009900/Zm00001eb009920/Zm00001eb037330/Zm00001eb204010/Zm00001eb204910/Zm00001eb303080/Zm00001eb343340/Zm00001eb394520,8
Fst_landraces_N,BP,759,622,GO:1902600,proton transmembrane transport,2/622,233/27694,0.9685417048196442,0.9832803829364649,0.9630008483847493,Zm00001eb231990/Zm00001eb277480,2
Fst_landraces_N,BP,759,622,GO:0006364,rRNA processing,1/622,161/27694,0.9744717946428629,0.9866381913082712,0.9662894040875551,Zm00001eb417890,1
Fst_landraces_N,MF,759,622,GO:0003676,nucleic acid binding,14/622,978/27694,0.9750244555686942,0.9866381913082712,0.9662894040875551,Zm00001eb073810/Zm00001eb079940/Zm00001eb088960/Zm00001eb144140/Zm00001eb159620/Zm00001eb165060/Zm00001eb173820/Zm00001eb201610/Zm00001eb233960/Zm00001eb234030/Zm00001eb308000/Zm00001eb377700/Zm00001eb388770/Zm00001eb425250,14
Fst_landraces_N,MF,759,622,GO:0016491,oxidoreductase activity,27/622,1681/27694,0.9764905896861604,0.9866381913082712,0.9662894040875551,Zm00001eb009510/Zm00001eb009930/Zm00001eb009940/Zm00001eb022670/Zm00001eb026710/Zm00001eb046510/Zm00001eb048160/Zm00001eb054050/Zm00001eb074700/Zm00001eb102030/Zm00001eb144930/Zm00001eb150550/Zm00001eb151430/Zm00001eb224720/Zm00001eb234090/Zm00001eb284090/Zm00001eb295720/Zm00001eb306140/Zm00001eb311120/Zm00001eb346150/Zm00001eb375250/Zm00001eb384900/Zm00001eb384940/Zm00001eb384970/Zm00001eb388020/Zm00001eb415440/Zm00001eb419510,27
Fst_landraces_N,BP,759,622,GO:0015979,photosynthesis,2/622,249/27694,0.976923370568522,0.9866381913082712,0.9662894040875551,Zm00001eb043000/Zm00001eb146510,2
Fst_landraces_N,MF,759,622,GO:0009055,electron transfer activity,1/622,167/27694,0.9777426925864438,0.9866381913082712,0.9662894040875551,Zm00001eb153120,1
Fst_landraces_N,CC,759,622,GO:1990904,ribonucleoprotein complex,10/622,763/27694,0.9781873288559519,0.9866381913082712,0.9662894040875551,Zm00001eb009900/Zm00001eb009920/Zm00001eb037330/Zm00001eb052970/Zm00001eb204010/Zm00001eb204910/Zm00001eb303080/Zm00001eb308000/Zm00001eb343340/Zm00001eb394520,10
Fst_landraces_N,BP,759,622,GO:0006412,translation,10/622,774/27694,0.9809426066238407,0.9883499402229419,0.9679658492660167,Zm00001eb009900/Zm00001eb009920/Zm00001eb204010/Zm00001eb204910/Zm00001eb231430/Zm00001eb303080/Zm00001eb343340/Zm00001eb346210/Zm00001eb346230/Zm00001eb394520,10
Fst_landraces_N,MF,759,622,GO:0020037,heme binding,6/622,539/27694,0.982709623898737,0.9890633499153235,0.9686645453357559,Zm00001eb009930/Zm00001eb009940/Zm00001eb150550/Zm00001eb284090/Zm00001eb346150/Zm00001eb415440,6
Fst_landraces_N,MF,759,622,GO:0003723,RNA binding,26/622,1677/27694,0.9846791198092218,0.9894890390210509,0.9690814548735412,Zm00001eb000190/Zm00001eb037330/Zm00001eb073810/Zm00001eb079940/Zm00001eb144140/Zm00001eb149620/Zm00001eb159620/Zm00001eb165060/Zm00001eb173820/Zm00001eb174630/Zm00001eb201610/Zm00001eb204010/Zm00001eb204910/Zm00001eb224690/Zm00001eb231430/Zm00001eb233960/Zm00001eb234030/Zm00001eb241970/Zm00001eb303080/Zm00001eb308000/Zm00001eb343340/Zm00001eb344620/Zm00001eb346320/Zm00001eb360910/Zm00001eb394520/Zm00001eb414030,26
Fst_landraces_N,BP,759,622,GO:0000398,"mRNA splicing, via spliceosome",1/622,185/27694,0.9852513985969777,0.9894890390210509,0.9690814548735412,Zm00001eb224690,1
Fst_landraces_N,BP,759,622,GO:0016192,vesicle-mediated transport,3/622,354/27694,0.9868512308360862,0.9900312025788448,0.969612436651658,Zm00001eb358720/Zm00001eb404830/Zm00001eb410820,3
Fst_landraces_N,CC,759,622,GO:0005856,cytoskeleton,1/622,206/27694,0.9908779484048305,0.9922936074413838,0.9718281808481489,Zm00001eb353070,1
Fst_landraces_N,BP,759,622,GO:0006511,ubiquitin-dependent protein catabolic process,2/622,298/27694,0.9912311945854508,0.9922936074413838,0.9718281808481489,Zm00001eb087090/Zm00001eb198350,2
Fst_landraces_N,CC,759,622,GO:0005730,nucleolus,2/622,325/27694,0.9949067868930495,0.9949067868930495,0.9743874651302378,Zm00001eb364260/Zm00001eb417890,2
