gene_set,ontology,n_input_genes,n_mapped_genes,ID,Description,GeneRatio,BgRatio,pvalue,p.adjust,qvalue,geneID,Count
Fst_J_grain,MF,642,442,GO:0009916,alternative oxidase activity,3/442,6/27694,7.792222494230114e-5,0.017038993187383184,0.015283692541314507,Zm00001eb071870/Zm00001eb071880/Zm00001eb071890,3
Fst_J_grain,BP,642,442,GO:0010230,alternative respiration,3/442,6/27694,7.792222494230114e-5,0.017038993187383184,0.015283692541314507,Zm00001eb071870/Zm00001eb071880/Zm00001eb071890,3
Fst_J_grain,MF,642,442,GO:0102721,ubiquinol:oxygen oxidoreductase activity,3/442,6/27694,7.792222494230114e-5,0.017038993187383184,0.015283692541314507,Zm00001eb071870/Zm00001eb071880/Zm00001eb071890,3
Fst_J_grain,CC,642,442,GO:0005764,lysosome,6/442,58/27694,3.206684374709949e-4,0.05257069927832069,0.04715503994958484,Zm00001eb380280/Zm00001eb380290/Zm00001eb380300/Zm00001eb380310/Zm00001eb418570/Zm00001eb419730,6
Fst_J_grain,BP,642,442,GO:0009407,toxin catabolic process,3/442,11/27694,6.056798694351802e-4,0.05257069927832069,0.04715503994958484,Zm00001eb048110/Zm00001eb138300/Zm00001eb244170,3
Fst_J_grain,MF,642,442,GO:0016034,maleylacetoacetate isomerase activity,2/442,3/27694,7.54399732609376e-4,0.05257069927832069,0.04715503994958484,Zm00001eb138300/Zm00001eb244170,2
Fst_J_grain,BP,642,442,GO:0016050,vesicle organization,2/442,3/27694,7.54399732609376e-4,0.05257069927832069,0.04715503994958484,Zm00001eb127670/Zm00001eb131280,2
Fst_J_grain,BP,642,442,GO:0042351,'de novo' GDP-L-fucose biosynthetic process,2/442,3/27694,7.54399732609376e-4,0.05257069927832069,0.04715503994958484,Zm00001eb270090/Zm00001eb388990,2
Fst_J_grain,BP,642,442,GO:0010208,pollen wall assembly,3/442,12/27694,7.980310149236754e-4,0.05257069927832069,0.04715503994958484,Zm00001eb129120/Zm00001eb129220/Zm00001eb129240,3
Fst_J_grain,MF,642,442,GO:0016747,"acyltransferase activity, transferring groups other than amino-acyl groups",12/442,253/27694,8.222913084048899e-4,0.05257069927832069,0.04715503994958484,Zm00001eb125070/Zm00001eb129120/Zm00001eb129220/Zm00001eb129240/Zm00001eb130340/Zm00001eb134960/Zm00001eb138290/Zm00001eb146710/Zm00001eb225050/Zm00001eb379940/Zm00001eb387170/Zm00001eb418220,12
Fst_J_grain,MF,642,442,GO:0016746,acyltransferase activity,14/442,328/27694,8.815208720450116e-4,0.05257069927832069,0.04715503994958484,Zm00001eb113570/Zm00001eb120460/Zm00001eb125070/Zm00001eb129120/Zm00001eb129220/Zm00001eb129240/Zm00001eb130340/Zm00001eb134960/Zm00001eb146620/Zm00001eb146710/Zm00001eb379940/Zm00001eb403760/Zm00001eb403920/Zm00001eb418220,14
Fst_J_grain,MF,642,442,GO:0004197,cysteine-type endopeptidase activity,6/442,74/27694,0.0011851293554390237,0.06478707143066663,0.058112921902667924,Zm00001eb380280/Zm00001eb380290/Zm00001eb380300/Zm00001eb380310/Zm00001eb418570/Zm00001eb419730,6
Fst_J_grain,CC,642,442,GO:0098803,respiratory chain complex,3/442,14/27694,0.001289397072196481,0.06506495995083782,0.058362183267840734,Zm00001eb071870/Zm00001eb071880/Zm00001eb071890,3
Fst_J_grain,BP,642,442,GO:0030639,polyketide biosynthetic process,3/442,16/27694,0.0019372165291827365,0.07340572737575654,0.06584371245675212,Zm00001eb129120/Zm00001eb129220/Zm00001eb129240,3
Fst_J_grain,MF,642,442,GO:0004462,lactoylglutathione lyase activity,2/442,5/27694,0.0024617774424796402,0.07340572737575654,0.06584371245675212,Zm00001eb237220/Zm00001eb237230,2
Fst_J_grain,MF,642,442,GO:0004766,spermidine synthase activity,2/442,5/27694,0.0024617774424796402,0.07340572737575654,0.06584371245675212,Zm00001eb094730/Zm00001eb383120,2
Fst_J_grain,BP,642,442,GO:0006272,leading strand elongation,2/442,5/27694,0.0024617774424796402,0.07340572737575654,0.06584371245675212,Zm00001eb146610/Zm00001eb241860,2
Fst_J_grain,BP,642,442,GO:0006595,polyamine metabolic process,2/442,5/27694,0.0024617774424796402,0.07340572737575654,0.06584371245675212,Zm00001eb094730/Zm00001eb383120,2
Fst_J_grain,CC,642,442,GO:0015030,Cajal body,2/442,5/27694,0.0024617774424796402,0.07340572737575654,0.06584371245675212,Zm00001eb374430/Zm00001eb421500,2
Fst_J_grain,BP,642,442,GO:0032434,regulation of proteasomal ubiquitin-dependent protein catabolic process,2/442,5/27694,0.0024617774424796402,0.07340572737575654,0.06584371245675212,Zm00001eb001890/Zm00001eb403670,2
Fst_J_grain,BP,642,442,GO:0032436,positive regulation of proteasomal ubiquitin-dependent protein catabolic process,2/442,5/27694,0.0024617774424796402,0.07340572737575654,0.06584371245675212,Zm00001eb001890/Zm00001eb403670,2
Fst_J_grain,BP,642,442,GO:0061024,membrane organization,2/442,5/27694,0.0024617774424796402,0.07340572737575654,0.06584371245675212,Zm00001eb127670/Zm00001eb131280,2
Fst_J_grain,BP,642,442,GO:0003400,regulation of COPII vesicle coating,2/442,6/27694,0.0036537050512483052,0.09558129342721666,0.08573482513769917,Zm00001eb127670/Zm00001eb131280,2
Fst_J_grain,BP,642,442,GO:0006772,thiamine metabolic process,2/442,6/27694,0.0036537050512483052,0.09558129342721666,0.08573482513769917,Zm00001eb142350/Zm00001eb396140,2
Fst_J_grain,MF,642,442,GO:0016763,pentosyltransferase activity,4/442,40/27694,0.0037149136900470874,0.09558129342721666,0.08573482513769917,Zm00001eb382480/Zm00001eb382990/Zm00001eb383000/Zm00001eb384640,4
Fst_J_grain,CC,642,442,GO:0005615,extracellular space,6/442,93/27694,0.0037882829712006607,0.09558129342721666,0.08573482513769917,Zm00001eb380280/Zm00001eb380290/Zm00001eb380300/Zm00001eb380310/Zm00001eb418570/Zm00001eb419730,6
Fst_J_grain,CC,642,442,GO:0005680,anaphase-promoting complex,3/442,22/27694,0.004962792808255269,0.11067350983756019,0.0992722913979399,Zm00001eb125490/Zm00001eb245930/Zm00001eb403730,3
Fst_J_grain,BP,642,442,GO:0009072,aromatic amino acid metabolic process,2/442,7/27694,0.0050612885596445206,0.11067350983756019,0.0992722913979399,Zm00001eb138300/Zm00001eb244170,2
Fst_J_grain,BP,642,442,GO:0009229,thiamine diphosphate biosynthetic process,2/442,7/27694,0.0050612885596445206,0.11067350983756019,0.0992722913979399,Zm00001eb142350/Zm00001eb396140,2
Fst_J_grain,BP,642,442,GO:0019290,siderophore biosynthetic process,2/442,7/27694,0.0050612885596445206,0.11067350983756019,0.0992722913979399,Zm00001eb423450/Zm00001eb423470,2
Fst_J_grain,BP,642,442,GO:0001172,RNA-templated transcription,2/442,8/27694,0.006677371889804887,0.1368861237410002,0.12278456863160964,Zm00001eb389110/Zm00001eb389140,2
Fst_J_grain,MF,642,442,GO:0003968,RNA-directed RNA polymerase activity,2/442,8/27694,0.006677371889804887,0.1368861237410002,0.12278456863160964,Zm00001eb389110/Zm00001eb389140,2
Fst_J_grain,BP,642,442,GO:0007219,Notch signaling pathway,2/442,9/27694,0.008494971560130255,0.163902980689572,0.14701823845550505,Zm00001eb128860/Zm00001eb382220,2
Fst_J_grain,BP,642,442,GO:0019748,secondary metabolic process,2/442,9/27694,0.008494971560130255,0.163902980689572,0.14701823845550505,Zm00001eb138290/Zm00001eb225050,2
Fst_J_grain,MF,642,442,GO:0005460,UDP-glucose transmembrane transporter activity,2/442,10/27694,0.010507273019233251,0.1723192775154253,0.1545675162566155,Zm00001eb374350/Zm00001eb391110,2
Fst_J_grain,CC,642,442,GO:0005868,cytoplasmic dynein complex,2/442,10/27694,0.010507273019233251,0.1723192775154253,0.1545675162566155,Zm00001eb127760/Zm00001eb237570,2
Fst_J_grain,CC,642,442,GO:0030286,dynein complex,2/442,10/27694,0.010507273019233251,0.1723192775154253,0.1545675162566155,Zm00001eb127760/Zm00001eb237570,2
Fst_J_grain,BP,642,442,GO:0035825,homologous recombination,2/442,10/27694,0.010507273019233251,0.1723192775154253,0.1545675162566155,Zm00001eb146530/Zm00001eb146550,2
Fst_J_grain,BP,642,442,GO:0042773,ATP synthesis coupled electron transport,2/442,10/27694,0.010507273019233251,0.1723192775154253,0.1545675162566155,Zm00001eb384490/Zm00001eb384540,2
Fst_J_grain,MF,642,442,GO:0045505,dynein intermediate chain binding,2/442,10/27694,0.010507273019233251,0.1723192775154253,0.1545675162566155,Zm00001eb127760/Zm00001eb237570,2
Fst_J_grain,BP,642,442,GO:0006888,endoplasmic reticulum to Golgi vesicle-mediated transport,6/442,119/27694,0.012239837996492645,0.1938651941035869,0.1738938438766128,Zm00001eb120410/Zm00001eb127670/Zm00001eb129320/Zm00001eb131280/Zm00001eb146670/Zm00001eb237540,6
Fst_J_grain,BP,642,442,GO:0010960,magnesium ion homeostasis,2/442,11/27694,0.012707627052521703,0.1938651941035869,0.1738938438766128,Zm00001eb001900/Zm00001eb133950,2
Fst_J_grain,MF,642,442,GO:0031176,"endo-1,4-beta-xylanase activity",2/442,11/27694,0.012707627052521703,0.1938651941035869,0.1738938438766128,Zm00001eb400770/Zm00001eb400780,2
Fst_J_grain,MF,642,442,GO:0042500,"aspartic endopeptidase activity, intramembrane cleaving",2/442,12/27694,0.01508954626004132,0.22497141696788878,0.20179560668332774,Zm00001eb128860/Zm00001eb143550,2
Fst_J_grain,MF,642,442,GO:0008234,cysteine-type peptidase activity,7/442,163/27694,0.016045865127227773,0.23391305607692042,0.20981610774550472,Zm00001eb259220/Zm00001eb380280/Zm00001eb380290/Zm00001eb380300/Zm00001eb380310/Zm00001eb418570/Zm00001eb419730,7
Fst_J_grain,MF,642,442,GO:0003688,DNA replication origin binding,2/442,14/27694,0.020372919026231166,0.2727476506368907,0.24465009099169116,Zm00001eb146610/Zm00001eb374440,2
Fst_J_grain,BP,642,442,GO:0008295,spermidine biosynthetic process,2/442,14/27694,0.020372919026231166,0.2727476506368907,0.24465009099169116,Zm00001eb094730/Zm00001eb383120,2
Fst_J_grain,BP,642,442,GO:0015786,UDP-glucose transmembrane transport,2/442,14/27694,0.020372919026231166,0.2727476506368907,0.24465009099169116,Zm00001eb374350/Zm00001eb391110,2
Fst_J_grain,MF,642,442,GO:0042834,peptidoglycan binding,2/442,14/27694,0.020372919026231166,0.2727476506368907,0.24465009099169116,Zm00001eb381180/Zm00001eb400740,2
Fst_J_grain,MF,642,442,GO:0004032,aldose reductase (NADPH) activity,2/442,15/27694,0.023262176129543233,0.2992154419800071,0.26839125813033377,Zm00001eb423450/Zm00001eb423470,2
Fst_J_grain,MF,642,442,GO:0016462,pyrophosphatase activity,2/442,15/27694,0.023262176129543233,0.2992154419800071,0.26839125813033377,Zm00001eb225080/Zm00001eb379920,2
Fst_J_grain,BP,642,442,GO:0009733,response to auxin,7/442,179/27694,0.025281070604041337,0.3137898345057119,0.2814642450075305,Zm00001eb129570/Zm00001eb135850/Zm00001eb136360/Zm00001eb218030/Zm00001eb218060/Zm00001eb218080/Zm00001eb241870,7
Fst_J_grain,MF,642,442,GO:0005459,UDP-galactose transmembrane transporter activity,2/442,16/27694,0.026308598929594747,0.3137898345057119,0.2814642450075305,Zm00001eb374350/Zm00001eb391110,2
Fst_J_grain,BP,642,442,GO:0006596,polyamine biosynthetic process,2/442,16/27694,0.026308598929594747,0.3137898345057119,0.2814642450075305,Zm00001eb094730/Zm00001eb383120,2
Fst_J_grain,BP,642,442,GO:0072334,UDP-galactose transmembrane transport,2/442,16/27694,0.026308598929594747,0.3137898345057119,0.2814642450075305,Zm00001eb374350/Zm00001eb391110,2
Fst_J_grain,MF,642,442,GO:0008374,O-acyltransferase activity,3/442,42/27694,0.02928542769061418,0.32175503245970405,0.28860889464854717,Zm00001eb120460/Zm00001eb130340/Zm00001eb403760,3
Fst_J_grain,BP,642,442,GO:0007017,microtubule-based process,4/442,74/27694,0.030715978261942018,0.32175503245970405,0.28860889464854717,Zm00001eb127760/Zm00001eb129360/Zm00001eb146630/Zm00001eb237570,4
Fst_J_grain,BP,642,442,GO:0006508,proteolysis,18/442,694/27694,0.031069071212448635,0.32175503245970405,0.28860889464854717,Zm00001eb081190/Zm00001eb094760/Zm00001eb128860/Zm00001eb131320/Zm00001eb136650/Zm00001eb138290/Zm00001eb153580/Zm00001eb225050/Zm00001eb259220/Zm00001eb380280/Zm00001eb380290/Zm00001eb380300/Zm00001eb380310/Zm00001eb381170/Zm00001eb381210/Zm00001eb403910/Zm00001eb418570/Zm00001eb419730,18
Fst_J_grain,CC,642,442,GO:0005765,lysosomal membrane,2/442,18/27694,0.03285016869104624,0.32175503245970405,0.28860889464854717,Zm00001eb143550/Zm00001eb408630,2
Fst_J_grain,BP,642,442,GO:0006559,L-phenylalanine catabolic process,2/442,18/27694,0.03285016869104624,0.32175503245970405,0.28860889464854717,Zm00001eb138300/Zm00001eb244170,2
Fst_J_grain,BP,642,442,GO:0031145,anaphase-promoting complex-dependent catabolic process,2/442,18/27694,0.03285016869104624,0.32175503245970405,0.28860889464854717,Zm00001eb125490/Zm00001eb403730,2
Fst_J_grain,MF,642,442,GO:0003887,DNA-directed DNA polymerase activity,3/442,44/27694,0.03301235084244993,0.32175503245970405,0.28860889464854717,Zm00001eb146610/Zm00001eb241860/Zm00001eb388450,3
Fst_J_grain,MF,642,442,GO:0051287,NAD binding,4/442,76/27694,0.03342149036057542,0.32175503245970405,0.28860889464854717,Zm00001eb001910/Zm00001eb094840/Zm00001eb128830/Zm00001eb222940,4
Fst_J_grain,MF,642,442,GO:0000978,RNA polymerase II cis-regulatory region sequence-specific DNA binding,9/442,277/27694,0.034694597869868095,0.32175503245970405,0.28860889464854717,Zm00001eb139600/Zm00001eb286420/Zm00001eb382980/Zm00001eb384240/Zm00001eb403720/Zm00001eb403750/Zm00001eb403770/Zm00001eb423130/Zm00001eb428400,9
Fst_J_grain,MF,642,442,GO:0004708,MAP kinase kinase activity,2/442,19/27694,0.036334281388643634,0.32175503245970405,0.28860889464854717,Zm00001eb161750/Zm00001eb161760,2
Fst_J_grain,BP,642,442,GO:0007064,mitotic sister chromatid cohesion,2/442,19/27694,0.036334281388643634,0.32175503245970405,0.28860889464854717,Zm00001eb146530/Zm00001eb146550,2
Fst_J_grain,MF,642,442,GO:0004553,"hydrolase activity, hydrolyzing O-glycosyl compounds",10/442,326/27694,0.03758123603353303,0.32175503245970405,0.28860889464854717,Zm00001eb001830/Zm00001eb133800/Zm00001eb141500/Zm00001eb141510/Zm00001eb232030/Zm00001eb237240/Zm00001eb382500/Zm00001eb400770/Zm00001eb400780/Zm00001eb423080,10
Fst_J_grain,BP,642,442,GO:0015990,electron transport coupled proton transport,2/442,20/27694,0.0399534851968585,0.32175503245970405,0.28860889464854717,Zm00001eb384490/Zm00001eb384540,2
Fst_J_grain,BP,642,442,GO:0030163,protein catabolic process,2/442,20/27694,0.0399534851968585,0.32175503245970405,0.28860889464854717,Zm00001eb389020/Zm00001eb389030,2
Fst_J_grain,BP,642,442,GO:0006612,protein targeting to membrane,3/442,48/27694,0.04116729825691441,0.32175503245970405,0.28860889464854717,Zm00001eb113570/Zm00001eb146620/Zm00001eb403780,3
Fst_J_grain,MF,642,442,GO:0042973,"glucan endo-1,3-beta-D-glucosidase activity",3/442,48/27694,0.04116729825691441,0.32175503245970405,0.28860889464854717,Zm00001eb141500/Zm00001eb141510/Zm00001eb232030,3
Fst_J_grain,BP,642,442,GO:0016485,protein processing,2/442,21/27694,0.043702601658554364,0.32175503245970405,0.28860889464854717,Zm00001eb128860/Zm00001eb382220,2
Fst_J_grain,BP,642,442,GO:0022904,respiratory electron transport chain,4/442,83/27694,0.04395349620852783,0.32175503245970405,0.28860889464854717,Zm00001eb071870/Zm00001eb071880/Zm00001eb071890/Zm00001eb243140,4
Fst_J_grain,MF,642,442,GO:0004843,cysteine-type deubiquitinase activity,4/442,84/27694,0.04559329651689115,0.32175503245970405,0.28860889464854717,Zm00001eb081190/Zm00001eb259220/Zm00001eb389020/Zm00001eb389030,4
Fst_J_grain,MF,642,442,GO:0000234,phosphoethanolamine N-methyltransferase activity,1/442,3/27694,0.04712196922989964,0.32175503245970405,0.28860889464854717,Zm00001eb155940,1
Fst_J_grain,BP,642,442,GO:0000495,box H/ACA sno(s)RNA 3'-end processing,1/442,3/27694,0.04712196922989964,0.32175503245970405,0.28860889464854717,Zm00001eb127780,1
Fst_J_grain,BP,642,442,GO:0000706,meiotic DNA double-strand break processing,1/442,3/27694,0.04712196922989964,0.32175503245970405,0.28860889464854717,Zm00001eb013040,1
Fst_J_grain,BP,642,442,GO:0000731,DNA synthesis involved in DNA repair,1/442,3/27694,0.04712196922989964,0.32175503245970405,0.28860889464854717,Zm00001eb146610,1
Fst_J_grain,MF,642,442,GO:0003987,acetate-CoA ligase activity,1/442,3/27694,0.04712196922989964,0.32175503245970405,0.28860889464854717,Zm00001eb242380,1
Fst_J_grain,MF,642,442,GO:0004333,fumarate hydratase activity,1/442,3/27694,0.04712196922989964,0.32175503245970405,0.28860889464854717,Zm00001eb016240,1
Fst_J_grain,MF,642,442,GO:0004591,oxoglutarate dehydrogenase (succinyl-transferring) activity,1/442,3/27694,0.04712196922989964,0.32175503245970405,0.28860889464854717,Zm00001eb421170,1
Fst_J_grain,MF,642,442,GO:0004788,thiamine diphosphokinase activity,1/442,3/27694,0.04712196922989964,0.32175503245970405,0.28860889464854717,Zm00001eb142350,1
Fst_J_grain,CC,642,442,GO:0005798,Golgi-associated vesicle,1/442,3/27694,0.04712196922989964,0.32175503245970405,0.28860889464854717,Zm00001eb128860,1
Fst_J_grain,BP,642,442,GO:0006106,fumarate metabolic process,1/442,3/27694,0.04712196922989964,0.32175503245970405,0.28860889464854717,Zm00001eb016240,1
Fst_J_grain,BP,642,442,GO:0006273,lagging strand elongation,1/442,3/27694,0.04712196922989964,0.32175503245970405,0.28860889464854717,Zm00001eb146610,1
Fst_J_grain,BP,642,442,GO:0006509,membrane protein ectodomain proteolysis,1/442,3/27694,0.04712196922989964,0.32175503245970405,0.28860889464854717,Zm00001eb128860,1
Fst_J_grain,MF,642,442,GO:0008170,N-methyltransferase activity,1/442,3/27694,0.04712196922989964,0.32175503245970405,0.28860889464854717,Zm00001eb155940,1
Fst_J_grain,BP,642,442,GO:0009157,deoxyribonucleoside monophosphate biosynthetic process,1/442,3/27694,0.04712196922989964,0.32175503245970405,0.28860889464854717,Zm00001eb146250,1
Fst_J_grain,BP,642,442,GO:0010016,shoot system morphogenesis,1/442,3/27694,0.04712196922989964,0.32175503245970405,0.28860889464854717,Zm00001eb259220,1
Fst_J_grain,BP,642,442,GO:0010344,seed oilbody biogenesis,1/442,3/27694,0.04712196922989964,0.32175503245970405,0.28860889464854717,Zm00001eb382400,1
Fst_J_grain,MF,642,442,GO:0016208,AMP binding,1/442,3/27694,0.04712196922989964,0.32175503245970405,0.28860889464854717,Zm00001eb242380,1
Fst_J_grain,CC,642,442,GO:0017177,glucosidase II complex,1/442,3/27694,0.04712196922989964,0.32175503245970405,0.28860889464854717,Zm00001eb128910,1
Fst_J_grain,BP,642,442,GO:0042127,regulation of cell population proliferation,1/442,3/27694,0.04712196922989964,0.32175503245970405,0.28860889464854717,Zm00001eb001860,1
Fst_J_grain,MF,642,442,GO:0048531,"beta-1,3-galactosyltransferase activity",1/442,3/27694,0.04712196922989964,0.32175503245970405,0.28860889464854717,Zm00001eb244510,1
Fst_J_grain,BP,642,442,GO:0097035,regulation of membrane lipid distribution,1/442,3/27694,0.04712196922989964,0.32175503245970405,0.28860889464854717,Zm00001eb146520,1
Fst_J_grain,BP,642,442,GO:0048278,vesicle docking,2/442,22/27694,0.04757658254358429,0.32175503245970405,0.28860889464854717,Zm00001eb386140/Zm00001eb400730,2
Fst_J_grain,CC,642,442,GO:0070971,endoplasmic reticulum exit site,2/442,22/27694,0.04757658254358429,0.32175503245970405,0.28860889464854717,Zm00001eb127670/Zm00001eb131280,2
Fst_J_grain,BP,642,442,GO:0016579,protein deubiquitination,3/442,52/27694,0.05023672023258086,0.3219652111140658,0.28879742139403536,Zm00001eb081190/Zm00001eb131320/Zm00001eb259220,3
Fst_J_grain,BP,642,442,GO:0000387,spliceosomal snRNP assembly,2/442,23/27694,0.05157050702654969,0.3219652111140658,0.28879742139403536,Zm00001eb127790/Zm00001eb421500,2
Fst_J_grain,BP,642,442,GO:0009423,chorismate biosynthetic process,2/442,23/27694,0.05157050702654969,0.3219652111140658,0.28879742139403536,Zm00001eb218070/Zm00001eb398410,2
Fst_J_grain,BP,642,442,GO:0010052,guard cell differentiation,2/442,23/27694,0.05157050702654969,0.3219652111140658,0.28879742139403536,Zm00001eb383050/Zm00001eb403770,2
Fst_J_grain,CC,642,442,GO:0030127,COPII vesicle coat,2/442,23/27694,0.05157050702654969,0.3219652111140658,0.28879742139403536,Zm00001eb127670/Zm00001eb131280,2
Fst_J_grain,BP,642,442,GO:0032511,late endosome to vacuole transport via multivesicular body sorting pathway,2/442,23/27694,0.05157050702654969,0.3219652111140658,0.28879742139403536,Zm00001eb131320/Zm00001eb244520,2
Fst_J_grain,BP,642,442,GO:0045493,xylan catabolic process,2/442,23/27694,0.05157050702654969,0.3219652111140658,0.28879742139403536,Zm00001eb400770/Zm00001eb400780,2
Fst_J_grain,MF,642,442,GO:0016757,glycosyltransferase activity,19/442,791/27694,0.05190899143713859,0.3219652111140658,0.28879742139403536,Zm00001eb016290/Zm00001eb081210/Zm00001eb094840/Zm00001eb128230/Zm00001eb128240/Zm00001eb145810/Zm00001eb218420/Zm00001eb237550/Zm00001eb244510/Zm00001eb244570/Zm00001eb380880/Zm00001eb382480/Zm00001eb382990/Zm00001eb383000/Zm00001eb383800/Zm00001eb387040/Zm00001eb389090/Zm00001eb396150/Zm00001eb419720,19
Fst_J_grain,CC,642,442,GO:0080008,Cul4-RING E3 ubiquitin ligase complex,2/442,24/27694,0.05567957892114802,0.3219652111140658,0.28879742139403536,Zm00001eb001890/Zm00001eb403670,2
Fst_J_grain,MF,642,442,GO:0008194,UDP-glycosyltransferase activity,6/442,172/27694,0.058333636741862364,0.3219652111140658,0.28879742139403536,Zm00001eb081210/Zm00001eb146680/Zm00001eb237550/Zm00001eb244570/Zm00001eb380880/Zm00001eb419720,6
Fst_J_grain,MF,642,442,GO:0016779,nucleotidyltransferase activity,6/442,173/27694,0.05965793267805135,0.3219652111140658,0.28879742139403536,Zm00001eb094840/Zm00001eb127890/Zm00001eb146610/Zm00001eb241860/Zm00001eb389110/Zm00001eb389140,6
Fst_J_grain,BP,642,442,GO:0048193,Golgi vesicle transport,2/442,25/27694,0.059899123970028334,0.3219652111140658,0.28879742139403536,Zm00001eb128800/Zm00001eb400730,2
Fst_J_grain,BP,642,442,GO:0000165,MAPK cascade,3/442,56/27694,0.06018914740603133,0.3219652111140658,0.28879742139403536,Zm00001eb161750/Zm00001eb161760/Zm00001eb232260,3
Fst_J_grain,MF,642,442,GO:0046982,protein heterodimerization activity,6/442,174/27694,0.06100003768740358,0.3219652111140658,0.28879742139403536,Zm00001eb127230/Zm00001eb131310/Zm00001eb243130/Zm00001eb382980/Zm00001eb396160/Zm00001eb403860,6
Fst_J_grain,MF,642,442,GO:0003919,FMN adenylyltransferase activity,1/442,4/27694,0.06233167959068042,0.3219652111140658,0.28879742139403536,Zm00001eb127890,1
Fst_J_grain,MF,642,442,GO:0004421,hydroxymethylglutaryl-CoA synthase activity,1/442,4/27694,0.06233167959068042,0.3219652111140658,0.28879742139403536,Zm00001eb403920,1
Fst_J_grain,MF,642,442,GO:0004753,saccharopine dehydrogenase activity,1/442,4/27694,0.06233167959068042,0.3219652111140658,0.28879742139403536,Zm00001eb048050,1
Fst_J_grain,BP,642,442,GO:0006084,acetyl-CoA metabolic process,1/442,4/27694,0.06233167959068042,0.3219652111140658,0.28879742139403536,Zm00001eb403920,1
Fst_J_grain,BP,642,442,GO:0006747,FAD biosynthetic process,1/442,4/27694,0.06233167959068042,0.3219652111140658,0.28879742139403536,Zm00001eb127890,1
Fst_J_grain,BP,642,442,GO:0007346,regulation of mitotic cell cycle,1/442,4/27694,0.06233167959068042,0.3219652111140658,0.28879742139403536,Zm00001eb381660,1
Fst_J_grain,MF,642,442,GO:0008863,formate dehydrogenase (NAD+) activity,1/442,4/27694,0.06233167959068042,0.3219652111140658,0.28879742139403536,Zm00001eb222940,1
Fst_J_grain,CC,642,442,GO:0009330,"DNA topoisomerase type II (double strand cut, ATP-hydrolyzing) complex",1/442,4/27694,0.06233167959068042,0.3219652111140658,0.28879742139403536,Zm00001eb013040,1
Fst_J_grain,MF,642,442,GO:0016906,sterol 3-beta-glucosyltransferase activity,1/442,4/27694,0.06233167959068042,0.3219652111140658,0.28879742139403536,Zm00001eb146680,1
Fst_J_grain,CC,642,442,GO:0031380,nuclear RNA-directed RNA polymerase complex,1/442,4/27694,0.06233167959068042,0.3219652111140658,0.28879742139403536,Zm00001eb389110,1
Fst_J_grain,BP,642,442,GO:0032922,circadian regulation of gene expression,1/442,4/27694,0.06233167959068042,0.3219652111140658,0.28879742139403536,Zm00001eb081200,1
Fst_J_grain,MF,642,442,GO:0035243,protein-arginine omega-N symmetric methyltransferase activity,1/442,4/27694,0.06233167959068042,0.3219652111140658,0.28879742139403536,Zm00001eb232020,1
Fst_J_grain,BP,642,442,GO:0043153,entrainment of circadian clock by photoperiod,1/442,4/27694,0.06233167959068042,0.3219652111140658,0.28879742139403536,Zm00001eb081200,1
Fst_J_grain,BP,642,442,GO:0070536,protein K63-linked deubiquitination,1/442,4/27694,0.06233167959068042,0.3219652111140658,0.28879742139403536,Zm00001eb131320,1
Fst_J_grain,BP,642,442,GO:0070814,hydrogen sulfide biosynthetic process,1/442,4/27694,0.06233167959068042,0.3219652111140658,0.28879742139403536,Zm00001eb400760,1
Fst_J_grain,MF,642,442,GO:1990404,NAD+-protein mono-ADP-ribosyltransferase activity,1/442,4/27694,0.06233167959068042,0.3219652111140658,0.28879742139403536,Zm00001eb094840,1
Fst_J_grain,MF,642,442,GO:0008233,peptidase activity,15/442,605/27694,0.06305896831167403,0.3231772125973294,0.2898845664985673,Zm00001eb081190/Zm00001eb094760/Zm00001eb128860/Zm00001eb131320/Zm00001eb136650/Zm00001eb138290/Zm00001eb153580/Zm00001eb259220/Zm00001eb380280/Zm00001eb380290/Zm00001eb380300/Zm00001eb381170/Zm00001eb381210/Zm00001eb403910/Zm00001eb419730,15
Fst_J_grain,BP,642,442,GO:0009723,response to ethylene,2/442,26/27694,0.06422458718909271,0.3265994511321304,0.29295425735375624,Zm00001eb094740/Zm00001eb391130,2
Fst_J_grain,MF,642,442,GO:0015297,antiporter activity,6/442,181/27694,0.07089351927736934,0.3402132804855472,0.30516563509534805,Zm00001eb048130/Zm00001eb130600/Zm00001eb133960/Zm00001eb252870/Zm00001eb374350/Zm00001eb391110,6
Fst_J_grain,MF,642,442,GO:0005504,fatty acid binding,2/442,28/27694,0.07317562900627277,0.3402132804855472,0.30516563509534805,Zm00001eb146590/Zm00001eb211810,2
Fst_J_grain,BP,642,442,GO:0032787,monocarboxylic acid metabolic process,2/442,28/27694,0.07317562900627277,0.3402132804855472,0.30516563509534805,Zm00001eb128890/Zm00001eb222940,2
Fst_J_grain,BP,642,442,GO:0034755,iron ion transmembrane transport,2/442,28/27694,0.07317562900627277,0.3402132804855472,0.30516563509534805,Zm00001eb030050/Zm00001eb384340,2
Fst_J_grain,BP,642,442,GO:0006749,glutathione metabolic process,3/442,62/27694,0.07668847966809757,0.3402132804855472,0.30516563509534805,Zm00001eb048110/Zm00001eb138300/Zm00001eb244170,3
Fst_J_grain,MF,642,442,GO:0030247,polysaccharide binding,3/442,62/27694,0.07668847966809757,0.3402132804855472,0.30516563509534805,Zm00001eb124890/Zm00001eb242370/Zm00001eb382960,3
Fst_J_grain,MF,642,442,GO:0004449,isocitrate dehydrogenase (NAD+) activity,1/442,5/27694,0.07729915512773022,0.3402132804855472,0.30516563509534805,Zm00001eb128830,1
Fst_J_grain,CC,642,442,GO:0005658,alpha DNA polymerase:primase complex,1/442,5/27694,0.07729915512773022,0.3402132804855472,0.30516563509534805,Zm00001eb146610,1
Fst_J_grain,MF,642,442,GO:0008477,purine nucleosidase activity,1/442,5/27694,0.07729915512773022,0.3402132804855472,0.30516563509534805,Zm00001eb127230,1
Fst_J_grain,BP,642,442,GO:0009735,response to cytokinin,1/442,5/27694,0.07729915512773022,0.3402132804855472,0.30516563509534805,Zm00001eb136360,1
Fst_J_grain,BP,642,442,GO:0016119,carotene metabolic process,1/442,5/27694,0.07729915512773022,0.3402132804855472,0.30516563509534805,Zm00001eb403700,1
Fst_J_grain,BP,642,442,GO:0031118,rRNA pseudouridine synthesis,1/442,5/27694,0.07729915512773022,0.3402132804855472,0.30516563509534805,Zm00001eb127780,1
Fst_J_grain,BP,642,442,GO:0042454,ribonucleoside catabolic process,1/442,5/27694,0.07729915512773022,0.3402132804855472,0.30516563509534805,Zm00001eb127230,1
Fst_J_grain,MF,642,442,GO:0045437,uridine nucleosidase activity,1/442,5/27694,0.07729915512773022,0.3402132804855472,0.30516563509534805,Zm00001eb127230,1
Fst_J_grain,MF,642,442,GO:0047724,inosine nucleosidase activity,1/442,5/27694,0.07729915512773022,0.3402132804855472,0.30516563509534805,Zm00001eb127230,1
Fst_J_grain,BP,642,442,GO:0050826,response to freezing,1/442,5/27694,0.07729915512773022,0.3402132804855472,0.30516563509534805,Zm00001eb382400,1
Fst_J_grain,CC,642,442,GO:0070765,gamma-secretase complex,1/442,5/27694,0.07729915512773022,0.3402132804855472,0.30516563509534805,Zm00001eb128860,1
Fst_J_grain,MF,642,442,GO:0080116,glucuronoxylan glucuronosyltransferase activity,1/442,5/27694,0.07729915512773022,0.3402132804855472,0.30516563509534805,Zm00001eb145810,1
Fst_J_grain,BP,642,442,GO:1905786,positive regulation of anaphase-promoting complex-dependent catabolic process,1/442,5/27694,0.07729915512773022,0.3402132804855472,0.30516563509534805,Zm00001eb403730,1
Fst_J_grain,MF,642,442,GO:0016798,"hydrolase activity, acting on glycosyl bonds",11/442,422/27694,0.07757149454367566,0.3402132804855472,0.30516563509534805,Zm00001eb001830/Zm00001eb127230/Zm00001eb133800/Zm00001eb141500/Zm00001eb141510/Zm00001eb232030/Zm00001eb237240/Zm00001eb382500/Zm00001eb400770/Zm00001eb400780/Zm00001eb423080,11
Fst_J_grain,CC,642,442,GO:0030663,COPI-coated vesicle membrane,2/442,29/27694,0.07779267084273184,0.3402132804855472,0.30516563509534805,Zm00001eb120410/Zm00001eb129320,2
Fst_J_grain,BP,642,442,GO:0006397,mRNA processing,10/442,376/27694,0.08092477575721889,0.34350900477551455,0.30812184478419874,Zm00001eb093540/Zm00001eb127790/Zm00001eb128190/Zm00001eb135930/Zm00001eb137230/Zm00001eb231610/Zm00001eb244590/Zm00001eb374380/Zm00001eb386170/Zm00001eb403820,10
Fst_J_grain,BP,642,442,GO:0000381,"regulation of alternative mRNA splicing, via spliceosome",2/442,30/27694,0.08249855237939545,0.34350900477551455,0.30812184478419874,Zm00001eb231610/Zm00001eb374380,2
Fst_J_grain,MF,642,442,GO:0008137,NADH dehydrogenase (ubiquinone) activity,2/442,30/27694,0.08249855237939545,0.34350900477551455,0.30812184478419874,Zm00001eb384490/Zm00001eb384540,2
Fst_J_grain,CC,642,442,GO:0030126,COPI vesicle coat,2/442,30/27694,0.08249855237939545,0.34350900477551455,0.30812184478419874,Zm00001eb120410/Zm00001eb129320,2
Fst_J_grain,BP,642,442,GO:0000278,mitotic cell cycle,3/442,67/27694,0.09178156110187874,0.34350900477551455,0.30812184478419874,Zm00001eb129360/Zm00001eb241860/Zm00001eb388930,3
Fst_J_grain,CC,642,442,GO:0000228,nuclear chromosome,1/442,6/27694,0.09202824514302688,0.34350900477551455,0.30812184478419874,Zm00001eb013040,1
Fst_J_grain,CC,642,442,GO:0000445,THO complex part of transcription export complex,1/442,6/27694,0.09202824514302688,0.34350900477551455,0.30812184478419874,Zm00001eb403820,1
Fst_J_grain,MF,642,442,GO:0004097,catechol oxidase activity,1/442,6/27694,0.09202824514302688,0.34350900477551455,0.30812184478419874,Zm00001eb413300,1
Fst_J_grain,CC,642,442,GO:0005757,mitochondrial permeability transition pore complex,1/442,6/27694,0.09202824514302688,0.34350900477551455,0.30812184478419874,Zm00001eb252870,1
Fst_J_grain,BP,642,442,GO:0006479,protein methylation,1/442,6/27694,0.09202824514302688,0.34350900477551455,0.30812184478419874,Zm00001eb232020,1
Fst_J_grain,MF,642,442,GO:0008482,sulfite oxidase activity,1/442,6/27694,0.09202824514302688,0.34350900477551455,0.30812184478419874,Zm00001eb129230,1
Fst_J_grain,CC,642,442,GO:0008622,epsilon DNA polymerase complex,1/442,6/27694,0.09202824514302688,0.34350900477551455,0.30812184478419874,Zm00001eb241860,1
Fst_J_grain,MF,642,442,GO:0009882,blue light photoreceptor activity,1/442,6/27694,0.09202824514302688,0.34350900477551455,0.30812184478419874,Zm00001eb081200,1
Fst_J_grain,BP,642,442,GO:0010142,"farnesyl diphosphate biosynthetic process, mevalonate pathway",1/442,6/27694,0.09202824514302688,0.34350900477551455,0.30812184478419874,Zm00001eb403920,1
Fst_J_grain,MF,642,442,GO:0010291,beta-carotene 3-hydroxylase activity,1/442,6/27694,0.09202824514302688,0.34350900477551455,0.30812184478419874,Zm00001eb403700,1
Fst_J_grain,BP,642,442,GO:0010304,PSII associated light-harvesting complex II catabolic process,1/442,6/27694,0.09202824514302688,0.34350900477551455,0.30812184478419874,Zm00001eb218390,1
Fst_J_grain,MF,642,442,GO:0016656,monodehydroascorbate reductase (NADH) activity,1/442,6/27694,0.09202824514302688,0.34350900477551455,0.30812184478419874,Zm00001eb048070,1
Fst_J_grain,MF,642,442,GO:0017070,U6 snRNA binding,1/442,6/27694,0.09202824514302688,0.34350900477551455,0.30812184478419874,Zm00001eb127790,1
Fst_J_grain,BP,642,442,GO:0019878,lysine biosynthetic process via aminoadipic acid,1/442,6/27694,0.09202824514302688,0.34350900477551455,0.30812184478419874,Zm00001eb048050,1
Fst_J_grain,CC,642,442,GO:0030904,retromer complex,1/442,6/27694,0.09202824514302688,0.34350900477551455,0.30812184478419874,Zm00001eb389150,1
Fst_J_grain,BP,642,442,GO:0046902,regulation of mitochondrial membrane permeability,1/442,6/27694,0.09202824514302688,0.34350900477551455,0.30812184478419874,Zm00001eb252870,1
Fst_J_grain,MF,642,442,GO:0052622,ATP/ADP dimethylallyltransferase activity,1/442,6/27694,0.09202824514302688,0.34350900477551455,0.30812184478419874,Zm00001eb131660,1
Fst_J_grain,MF,642,442,GO:0061578,K63-linked deubiquitinase activity,1/442,6/27694,0.09202824514302688,0.34350900477551455,0.30812184478419874,Zm00001eb131320,1
Fst_J_grain,CC,642,442,GO:0005618,cell wall,2/442,32/27694,0.09216095250074781,0.34350900477551455,0.30812184478419874,Zm00001eb237240/Zm00001eb382500,2
Fst_J_grain,BP,642,442,GO:0006270,DNA replication initiation,2/442,32/27694,0.09216095250074781,0.34350900477551455,0.30812184478419874,Zm00001eb146610/Zm00001eb374440,2
Fst_J_grain,MF,642,442,GO:0016762,xyloglucan:xyloglucosyl transferase activity,2/442,32/27694,0.09216095250074781,0.34350900477551455,0.30812184478419874,Zm00001eb237240/Zm00001eb382500,2
Fst_J_grain,BP,642,442,GO:0006906,vesicle fusion,2/442,33/27694,0.09710978882008513,0.35788776104480813,0.32101934920418446,Zm00001eb386140/Zm00001eb400730,2
Fst_J_grain,BP,642,442,GO:0010411,xyloglucan metabolic process,2/442,33/27694,0.09710978882008513,0.35788776104480813,0.32101934920418446,Zm00001eb237240/Zm00001eb382500,2
Fst_J_grain,BP,642,442,GO:0008654,phospholipid biosynthetic process,3/442,71/27694,0.10466644831918528,0.36071347778142365,0.32355396996119357,Zm00001eb001870/Zm00001eb130340/Zm00001eb276490,3
Fst_J_grain,BP,642,442,GO:0006085,acetyl-CoA biosynthetic process,1/442,7/27694,0.10652273790692379,0.36071347778142365,0.32355396996119357,Zm00001eb242380,1
Fst_J_grain,MF,642,442,GO:0008728,GTP diphosphokinase activity,1/442,7/27694,0.10652273790692379,0.36071347778142365,0.32355396996119357,Zm00001eb016330,1
Fst_J_grain,MF,642,442,GO:0009824,AMP dimethylallyltransferase activity,1/442,7/27694,0.10652273790692379,0.36071347778142365,0.32355396996119357,Zm00001eb131660,1
Fst_J_grain,CC,642,442,GO:0012511,monolayer-surrounded lipid storage body,1/442,7/27694,0.10652273790692379,0.36071347778142365,0.32355396996119357,Zm00001eb382400,1
Fst_J_grain,MF,642,442,GO:0030619,U1 snRNA binding,1/442,7/27694,0.10652273790692379,0.36071347778142365,0.32355396996119357,Zm00001eb421500,1
Fst_J_grain,MF,642,442,GO:0030620,U2 snRNA binding,1/442,7/27694,0.10652273790692379,0.36071347778142365,0.32355396996119357,Zm00001eb421500,1
Fst_J_grain,CC,642,442,GO:0030660,Golgi-associated vesicle membrane,1/442,7/27694,0.10652273790692379,0.36071347778142365,0.32355396996119357,Zm00001eb143550,1
Fst_J_grain,CC,642,442,GO:0031464,Cul4A-RING E3 ubiquitin ligase complex,1/442,7/27694,0.10652273790692379,0.36071347778142365,0.32355396996119357,Zm00001eb153580,1
Fst_J_grain,MF,642,442,GO:0046524,sucrose-phosphate synthase activity,1/442,7/27694,0.10652273790692379,0.36071347778142365,0.32355396996119357,Zm00001eb387040,1
Fst_J_grain,BP,642,442,GO:0046622,positive regulation of organ growth,1/442,7/27694,0.10652273790692379,0.36071347778142365,0.32355396996119357,Zm00001eb244140,1
Fst_J_grain,MF,642,442,GO:0061656,SUMO conjugating enzyme activity,1/442,7/27694,0.10652273790692379,0.36071347778142365,0.32355396996119357,Zm00001eb403740,1
Fst_J_grain,MF,642,442,GO:0097027,ubiquitin-protein transferase activator activity,1/442,7/27694,0.10652273790692379,0.36071347778142365,0.32355396996119357,Zm00001eb403730,1
Fst_J_grain,BP,642,442,GO:1904668,positive regulation of ubiquitin protein ligase activity,1/442,7/27694,0.10652273790692379,0.36071347778142365,0.32355396996119357,Zm00001eb403730,1
Fst_J_grain,CC,642,442,GO:0005794,Golgi apparatus,12/442,500/27694,0.10677278028866136,0.36071347778142365,0.32355396996119357,Zm00001eb113570/Zm00001eb127670/Zm00001eb130530/Zm00001eb131280/Zm00001eb145810/Zm00001eb146620/Zm00001eb146670/Zm00001eb374350/Zm00001eb389150/Zm00001eb391110/Zm00001eb400730/Zm00001eb421850,12
Fst_J_grain,MF,642,442,GO:0003680,minor groove of adenine-thymine-rich DNA binding,2/442,35/27694,0.10722428074295368,0.36071347778142365,0.32355396996119357,Zm00001eb428370/Zm00001eb428380,2
Fst_J_grain,BP,642,442,GO:0009744,response to sucrose,2/442,35/27694,0.10722428074295368,0.36071347778142365,0.32355396996119357,Zm00001eb388960/Zm00001eb391130,2
Fst_J_grain,BP,642,442,GO:0005985,sucrose metabolic process,2/442,36/27694,0.11238284674117154,0.37613850746024763,0.337389964169253,Zm00001eb016290/Zm00001eb387040,2
Fst_J_grain,BP,642,442,GO:0008610,lipid biosynthetic process,2/442,37/27694,0.11760439005720709,0.37731358678627597,0.3384439907149042,Zm00001eb389050/Zm00001eb403700,2
Fst_J_grain,CC,642,442,GO:0030117,membrane coat,2/442,37/27694,0.11760439005720709,0.37731358678627597,0.3384439907149042,Zm00001eb120410/Zm00001eb129320,2
Fst_J_grain,BP,642,442,GO:0006099,tricarboxylic acid cycle,3/442,75/27694,0.11821528192222852,0.37731358678627597,0.3384439907149042,Zm00001eb016240/Zm00001eb128830/Zm00001eb421170,3
Fst_J_grain,CC,642,442,GO:0005829,cytosol,21/442,994/27694,0.11848541229542246,0.37731358678627597,0.3384439907149042,Zm00001eb016270/Zm00001eb035780/Zm00001eb081190/Zm00001eb094730/Zm00001eb094750/Zm00001eb127230/Zm00001eb142350/Zm00001eb232020/Zm00001eb244590/Zm00001eb381670/Zm00001eb383120/Zm00001eb383180/Zm00001eb386170/Zm00001eb389000/Zm00001eb389150/Zm00001eb389160/Zm00001eb396140/Zm00001eb398410/Zm00001eb421860/Zm00001eb423450/Zm00001eb423470,21
Fst_J_grain,MF,642,442,GO:0003904,deoxyribodipyrimidine photo-lyase activity,1/442,8/27694,0.12078636162365541,0.37731358678627597,0.3384439907149042,Zm00001eb081200,1
Fst_J_grain,MF,642,442,GO:0004020,adenylylsulfate kinase activity,1/442,8/27694,0.12078636162365541,0.37731358678627597,0.3384439907149042,Zm00001eb400760,1
Fst_J_grain,MF,642,442,GO:0005247,voltage-gated chloride channel activity,1/442,8/27694,0.12078636162365541,0.37731358678627597,0.3384439907149042,Zm00001eb423070,1
Fst_J_grain,CC,642,442,GO:0005664,nuclear origin of replication recognition complex,1/442,8/27694,0.12078636162365541,0.37731358678627597,0.3384439907149042,Zm00001eb374440,1
Fst_J_grain,CC,642,442,GO:0005742,mitochondrial outer membrane translocase complex,1/442,8/27694,0.12078636162365541,0.37731358678627597,0.3384439907149042,Zm00001eb128840,1
Fst_J_grain,CC,642,442,GO:0005875,microtubule associated complex,1/442,8/27694,0.12078636162365541,0.37731358678627597,0.3384439907149042,Zm00001eb127760,1
Fst_J_grain,BP,642,442,GO:0033481,galacturonate biosynthetic process,1/442,8/27694,0.12078636162365541,0.37731358678627597,0.3384439907149042,Zm00001eb374410,1
Fst_J_grain,MF,642,442,GO:0047134,protein-disulfide reductase [NAD(P)H] activity,1/442,8/27694,0.12078636162365541,0.37731358678627597,0.3384439907149042,Zm00001eb381670,1
Fst_J_grain,BP,642,442,GO:0051252,regulation of RNA metabolic process,1/442,8/27694,0.12078636162365541,0.37731358678627597,0.3384439907149042,Zm00001eb388180,1
Fst_J_grain,MF,642,442,GO:0102726,DIMBOA glucoside beta-D-glucosidase activity,1/442,8/27694,0.12078636162365541,0.37731358678627597,0.3384439907149042,Zm00001eb133800,1
Fst_J_grain,BP,642,442,GO:0044042,glucan metabolic process,2/442,38/27694,0.12288559829462736,0.38087877647684487,0.34164190637123926,Zm00001eb237240/Zm00001eb382500,2
Fst_J_grain,MF,642,442,GO:0000981,"DNA-binding transcription factor activity, RNA polymerase II-specific",8/442,310/27694,0.1250778355929156,0.38087877647684487,0.34164190637123926,Zm00001eb127970/Zm00001eb139600/Zm00001eb286420/Zm00001eb382980/Zm00001eb403750/Zm00001eb403770/Zm00001eb423130/Zm00001eb428400,8
Fst_J_grain,BP,642,442,GO:0009739,response to gibberellin,2/442,39/27694,0.12822324831222368,0.38087877647684487,0.34164190637123926,Zm00001eb136360/Zm00001eb391130,2
Fst_J_grain,MF,642,442,GO:0016758,hexosyltransferase activity,3/442,78/27694,0.1287803379604929,0.38087877647684487,0.34164190637123926,Zm00001eb146680/Zm00001eb244510/Zm00001eb396150,3
Fst_J_grain,BP,642,442,GO:0031047,regulatory ncRNA-mediated gene silencing,3/442,79/27694,0.13237433551801758,0.38087877647684487,0.34164190637123926,Zm00001eb128780/Zm00001eb389110/Zm00001eb389140,3
Fst_J_grain,MF,642,442,GO:0016409,palmitoyltransferase activity,2/442,40/27694,0.13361420422951908,0.38087877647684487,0.34164190637123926,Zm00001eb113570/Zm00001eb146620,2
Fst_J_grain,MF,642,442,GO:0035251,UDP-glucosyltransferase activity,4/442,123/27694,0.13437789063820044,0.38087877647684487,0.34164190637123926,Zm00001eb081210/Zm00001eb237550/Zm00001eb244570/Zm00001eb380880,4
Fst_J_grain,MF,642,442,GO:0001653,peptide receptor activity,1/442,9/27694,0.13482278538159576,0.38087877647684487,0.34164190637123926,Zm00001eb386160,1
Fst_J_grain,MF,642,442,GO:0003918,"DNA topoisomerase type II (double strand cut, ATP-hydrolyzing) activity",1/442,9/27694,0.13482278538159576,0.38087877647684487,0.34164190637123926,Zm00001eb013040,1
Fst_J_grain,MF,642,442,GO:0004512,inositol-3-phosphate synthase activity,1/442,9/27694,0.13482278538159576,0.38087877647684487,0.34164190637123926,Zm00001eb276490,1
Fst_J_grain,CC,642,442,GO:0005854,nascent polypeptide-associated complex,1/442,9/27694,0.13482278538159576,0.38087877647684487,0.34164190637123926,Zm00001eb403780,1
Fst_J_grain,BP,642,442,GO:0007129,homologous chromosome pairing at meiosis,1/442,9/27694,0.13482278538159576,0.38087877647684487,0.34164190637123926,Zm00001eb382430,1
Fst_J_grain,MF,642,442,GO:0010997,anaphase-promoting complex binding,1/442,9/27694,0.13482278538159576,0.38087877647684487,0.34164190637123926,Zm00001eb403730,1
Fst_J_grain,BP,642,442,GO:0015996,chlorophyll catabolic process,1/442,9/27694,0.13482278538159576,0.38087877647684487,0.34164190637123926,Zm00001eb218390,1
Fst_J_grain,BP,642,442,GO:0019538,protein metabolic process,1/442,9/27694,0.13482278538159576,0.38087877647684487,0.34164190637123926,Zm00001eb094760,1
Fst_J_grain,BP,642,442,GO:0033619,membrane protein proteolysis,1/442,9/27694,0.13482278538159576,0.38087877647684487,0.34164190637123926,Zm00001eb143550,1
Fst_J_grain,BP,642,442,GO:0043248,proteasome assembly,1/442,9/27694,0.13482278538159576,0.38087877647684487,0.34164190637123926,Zm00001eb048120,1
Fst_J_grain,CC,642,442,GO:0045252,oxoglutarate dehydrogenase complex,1/442,9/27694,0.13482278538159576,0.38087877647684487,0.34164190637123926,Zm00001eb421170,1
Fst_J_grain,BP,642,442,GO:0048573,"photoperiodism, flowering",1/442,9/27694,0.13482278538159576,0.38087877647684487,0.34164190637123926,Zm00001eb137230,1
Fst_J_grain,CC,642,442,GO:0070772,PAS complex,1/442,9/27694,0.13482278538159576,0.38087877647684487,0.34164190637123926,Zm00001eb125500,1
Fst_J_grain,CC,642,442,GO:0098553,lumenal side of endoplasmic reticulum membrane,1/442,9/27694,0.13482278538159576,0.38087877647684487,0.34164190637123926,Zm00001eb143550,1
Fst_J_grain,CC,642,442,GO:0098554,cytoplasmic side of endoplasmic reticulum membrane,1/442,9/27694,0.13482278538159576,0.38087877647684487,0.34164190637123926,Zm00001eb143550,1
Fst_J_grain,CC,642,442,GO:0031410,cytoplasmic vesicle,4/442,124/27694,0.13722546006382588,0.38087877647684487,0.34164190637123926,Zm00001eb120410/Zm00001eb129320/Zm00001eb245950/Zm00001eb391110,4
Fst_J_grain,MF,642,442,GO:0019706,protein-cysteine S-palmitoyltransferase activity,2/442,41/27694,0.1390554154729717,0.38087877647684487,0.34164190637123926,Zm00001eb113570/Zm00001eb146620,2
Fst_J_grain,BP,642,442,GO:0071897,DNA biosynthetic process,2/442,41/27694,0.1390554154729717,0.38087877647684487,0.34164190637123926,Zm00001eb241860/Zm00001eb388450,2
Fst_J_grain,MF,642,442,GO:0004190,aspartic-type endopeptidase activity,4/442,125/27694,0.14009726989825255,0.38087877647684487,0.34164190637123926,Zm00001eb128860/Zm00001eb136650/Zm00001eb381170/Zm00001eb381210,4
Fst_J_grain,BP,642,442,GO:0006260,DNA replication,4/442,126/27694,0.14299295044620358,0.38087877647684487,0.34164190637123926,Zm00001eb127650/Zm00001eb146610/Zm00001eb241860/Zm00001eb374440,4
Fst_J_grain,MF,642,442,GO:0003700,DNA-binding transcription factor activity,29/442,1476/27694,0.1460889450386374,0.38087877647684487,0.34164190637123926,Zm00001eb048080/Zm00001eb093560/Zm00001eb094570/Zm00001eb094740/Zm00001eb120750/Zm00001eb129290/Zm00001eb129690/Zm00001eb130350/Zm00001eb130510/Zm00001eb133740/Zm00001eb138370/Zm00001eb145820/Zm00001eb146230/Zm00001eb146650/Zm00001eb146690/Zm00001eb152350/Zm00001eb360290/Zm00001eb383050/Zm00001eb384240/Zm00001eb384320/Zm00001eb391130/Zm00001eb396160/Zm00001eb403720/Zm00001eb403750/Zm00001eb403770/Zm00001eb421820/Zm00001eb423100/Zm00001eb423130/Zm00001eb428380,29
Fst_J_grain,BP,642,442,GO:0000289,nuclear-transcribed mRNA poly(A) tail shortening,1/442,10/27694,0.14863562008852482,0.38087877647684487,0.34164190637123926,Zm00001eb218410,1
Fst_J_grain,MF,642,442,GO:0003950,NAD+ poly-ADP-ribosyltransferase activity,1/442,10/27694,0.14863562008852482,0.38087877647684487,0.34164190637123926,Zm00001eb094840,1
Fst_J_grain,MF,642,442,GO:0004714,transmembrane receptor protein tyrosine kinase activity,1/442,10/27694,0.14863562008852482,0.38087877647684487,0.34164190637123926,Zm00001eb001810,1
Fst_J_grain,MF,642,442,GO:0005471,ATP:ADP antiporter activity,1/442,10/27694,0.14863562008852482,0.38087877647684487,0.34164190637123926,Zm00001eb252870,1
Fst_J_grain,CC,642,442,GO:0005688,U6 snRNP,1/442,10/27694,0.14863562008852482,0.38087877647684487,0.34164190637123926,Zm00001eb127790,1
Fst_J_grain,BP,642,442,GO:0005986,sucrose biosynthetic process,1/442,10/27694,0.14863562008852482,0.38087877647684487,0.34164190637123926,Zm00001eb387040,1
Fst_J_grain,BP,642,442,GO:0006297,"nucleotide-excision repair, DNA gap filling",1/442,10/27694,0.14863562008852482,0.38087877647684487,0.34164190637123926,Zm00001eb241860,1
Fst_J_grain,BP,642,442,GO:0006656,phosphatidylcholine biosynthetic process,1/442,10/27694,0.14863562008852482,0.38087877647684487,0.34164190637123926,Zm00001eb155940,1
Fst_J_grain,MF,642,442,GO:0008517,folic acid transmembrane transporter activity,1/442,10/27694,0.14863562008852482,0.38087877647684487,0.34164190637123926,Zm00001eb374450,1
Fst_J_grain,BP,642,442,GO:0009228,thiamine biosynthetic process,1/442,10/27694,0.14863562008852482,0.38087877647684487,0.34164190637123926,Zm00001eb396140,1
Fst_J_grain,BP,642,442,GO:0009314,response to radiation,1/442,10/27694,0.14863562008852482,0.38087877647684487,0.34164190637123926,Zm00001eb388450,1
Fst_J_grain,BP,642,442,GO:0016556,mRNA modification,1/442,10/27694,0.14863562008852482,0.38087877647684487,0.34164190637123926,Zm00001eb231610,1
Fst_J_grain,BP,642,442,GO:0019915,lipid storage,1/442,10/27694,0.14863562008852482,0.38087877647684487,0.34164190637123926,Zm00001eb382400,1
Fst_J_grain,BP,642,442,GO:0033314,mitotic DNA replication checkpoint signaling,1/442,10/27694,0.14863562008852482,0.38087877647684487,0.34164190637123926,Zm00001eb374440,1
Fst_J_grain,MF,642,442,GO:0052381,tRNA dimethylallyltransferase activity,1/442,10/27694,0.14863562008852482,0.38087877647684487,0.34164190637123926,Zm00001eb131660,1
Fst_J_grain,CC,642,442,GO:0089701,U2AF complex,1/442,10/27694,0.14863562008852482,0.38087877647684487,0.34164190637123926,Zm00001eb137230,1
Fst_J_grain,BP,642,442,GO:0098754,detoxification,1/442,10/27694,0.14863562008852482,0.38087877647684487,0.34164190637123926,Zm00001eb419720,1
Fst_J_grain,BP,642,442,GO:0098838,folate transmembrane transport,1/442,10/27694,0.14863562008852482,0.38087877647684487,0.34164190637123926,Zm00001eb374450,1
Fst_J_grain,BP,642,442,GO:0006891,intra-Golgi vesicle-mediated transport,2/442,43/27694,0.15007681673468404,0.3820711038714413,0.34271140414655926,Zm00001eb120410/Zm00001eb129320,2
Fst_J_grain,MF,642,442,GO:0000977,RNA polymerase II transcription regulatory region sequence-specific DNA binding,3/442,84/27694,0.15084819497363308,0.3820711038714413,0.34271140414655926,Zm00001eb127970/Zm00001eb403750/Zm00001eb423130,3
Fst_J_grain,MF,642,442,GO:0004364,glutathione transferase activity,3/442,84/27694,0.15084819497363308,0.3820711038714413,0.34271140414655926,Zm00001eb048110/Zm00001eb138300/Zm00001eb244170,3
Fst_J_grain,CC,642,442,GO:0032580,Golgi cisterna membrane,2/442,44/27694,0.15565131511050478,0.3841943794990409,0.34461594695116154,Zm00001eb130620/Zm00001eb374410,2
Fst_J_grain,BP,642,442,GO:0030001,metal ion transport,2/442,45/27694,0.16126468189251203,0.3841943794990409,0.34461594695116154,Zm00001eb030050/Zm00001eb130310,2
Fst_J_grain,BP,642,442,GO:0051028,mRNA transport,2/442,45/27694,0.16126468189251203,0.3841943794990409,0.34461594695116154,Zm00001eb128200/Zm00001eb386170,2
Fst_J_grain,MF,642,442,GO:0080044,quercetin 7-O-glucosyltransferase activity,2/442,45/27694,0.16126468189251203,0.3841943794990409,0.34461594695116154,Zm00001eb244570/Zm00001eb419720,2
Fst_J_grain,MF,642,442,GO:0004430,1-phosphatidylinositol 4-kinase activity,1/442,11/27694,0.1622284193921255,0.3841943794990409,0.34461594695116154,Zm00001eb128610,1
Fst_J_grain,MF,642,442,GO:0005254,chloride channel activity,1/442,11/27694,0.1622284193921255,0.3841943794990409,0.34461594695116154,Zm00001eb423070,1
Fst_J_grain,MF,642,442,GO:0005347,ATP transmembrane transporter activity,1/442,11/27694,0.1622284193921255,0.3841943794990409,0.34461594695116154,Zm00001eb252870,1
Fst_J_grain,BP,642,442,GO:0006021,inositol biosynthetic process,1/442,11/27694,0.1622284193921255,0.3841943794990409,0.34461594695116154,Zm00001eb276490,1
Fst_J_grain,BP,642,442,GO:0006661,phosphatidylinositol biosynthetic process,1/442,11/27694,0.1622284193921255,0.3841943794990409,0.34461594695116154,Zm00001eb125500,1
Fst_J_grain,BP,642,442,GO:0006828,manganese ion transport,1/442,11/27694,0.1622284193921255,0.3841943794990409,0.34461594695116154,Zm00001eb030050,1
Fst_J_grain,BP,642,442,GO:0015969,guanosine tetraphosphate metabolic process,1/442,11/27694,0.1622284193921255,0.3841943794990409,0.34461594695116154,Zm00001eb016330,1
Fst_J_grain,MF,642,442,GO:0016624,"oxidoreductase activity, acting on the aldehyde or oxo group of donors, disulfide as acceptor",1/442,11/27694,0.1622284193921255,0.3841943794990409,0.34461594695116154,Zm00001eb421170,1
Fst_J_grain,BP,642,442,GO:0017183,protein histidyl modification to diphthamide,1/442,11/27694,0.1622284193921255,0.3841943794990409,0.34461594695116154,Zm00001eb389160,1
Fst_J_grain,BP,642,442,GO:0018216,peptidyl-arginine methylation,1/442,11/27694,0.1622284193921255,0.3841943794990409,0.34461594695116154,Zm00001eb232020,1
Fst_J_grain,BP,642,442,GO:0031120,snRNA pseudouridine synthesis,1/442,11/27694,0.1622284193921255,0.3841943794990409,0.34461594695116154,Zm00001eb127780,1
Fst_J_grain,CC,642,442,GO:0034707,chloride channel complex,1/442,11/27694,0.1622284193921255,0.3841943794990409,0.34461594695116154,Zm00001eb423070,1
Fst_J_grain,BP,642,442,GO:0048527,lateral root development,1/442,11/27694,0.1622284193921255,0.3841943794990409,0.34461594695116154,Zm00001eb388930,1
Fst_J_grain,MF,642,442,GO:0050378,UDP-glucuronate 4-epimerase activity,1/442,11/27694,0.1622284193921255,0.3841943794990409,0.34461594695116154,Zm00001eb374410,1
Fst_J_grain,BP,642,442,GO:0006955,immune response,2/442,46/27694,0.16691426510505925,0.3910562782461388,0.3507709556155193,Zm00001eb381180/Zm00001eb400740,2
Fst_J_grain,MF,642,442,GO:0016298,lipase activity,2/442,46/27694,0.16691426510505925,0.3910562782461388,0.3507709556155193,Zm00001eb120470/Zm00001eb130610,2
Fst_J_grain,MF,642,442,GO:0080043,quercetin 3-O-glucosyltransferase activity,2/442,46/27694,0.16691426510505925,0.3910562782461388,0.3507709556155193,Zm00001eb244570/Zm00001eb419720,2
Fst_J_grain,BP,642,442,GO:0009873,ethylene-activated signaling pathway,3/442,90/27694,0.17401271925449804,0.3918254097428032,0.3514608537327135,Zm00001eb048080/Zm00001eb130510/Zm00001eb146650,3
Fst_J_grain,MF,642,442,GO:0003849,3-deoxy-7-phosphoheptulonate synthase activity,1/442,12/27694,0.17560468058595147,0.3918254097428032,0.3514608537327135,Zm00001eb218070,1
Fst_J_grain,MF,642,442,GO:0004743,pyruvate kinase activity,1/442,12/27694,0.17560468058595147,0.3918254097428032,0.3514608537327135,Zm00001eb128890,1
Fst_J_grain,BP,642,442,GO:0006152,purine nucleoside catabolic process,1/442,12/27694,0.17560468058595147,0.3918254097428032,0.3514608537327135,Zm00001eb127230,1
Fst_J_grain,BP,642,442,GO:0009785,blue light signaling pathway,1/442,12/27694,0.17560468058595147,0.3918254097428032,0.3514608537327135,Zm00001eb081200,1
Fst_J_grain,BP,642,442,GO:0016125,sterol metabolic process,1/442,12/27694,0.17560468058595147,0.3918254097428032,0.3514608537327135,Zm00001eb146680,1
Fst_J_grain,BP,642,442,GO:0016131,brassinosteroid metabolic process,1/442,12/27694,0.17560468058595147,0.3918254097428032,0.3514608537327135,Zm00001eb385730,1
Fst_J_grain,MF,642,442,GO:0016274,protein-arginine N-methyltransferase activity,1/442,12/27694,0.17560468058595147,0.3918254097428032,0.3514608537327135,Zm00001eb232020,1
Fst_J_grain,MF,642,442,GO:0030151,molybdenum ion binding,1/442,12/27694,0.17560468058595147,0.3918254097428032,0.3514608537327135,Zm00001eb129230,1
Fst_J_grain,MF,642,442,GO:0030628,pre-mRNA 3'-splice site binding,1/442,12/27694,0.17560468058595147,0.3918254097428032,0.3514608537327135,Zm00001eb137230,1
Fst_J_grain,MF,642,442,GO:0032454,histone H3K9 demethylase activity,1/442,12/27694,0.17560468058595147,0.3918254097428032,0.3514608537327135,Zm00001eb382210,1
Fst_J_grain,BP,642,442,GO:0033320,UDP-D-xylose biosynthetic process,1/442,12/27694,0.17560468058595147,0.3918254097428032,0.3514608537327135,Zm00001eb130620,1
Fst_J_grain,BP,642,442,GO:0042138,meiotic DNA double-strand break formation,1/442,12/27694,0.17560468058595147,0.3918254097428032,0.3514608537327135,Zm00001eb013040,1
Fst_J_grain,CC,642,442,GO:0097526,spliceosomal tri-snRNP complex,1/442,12/27694,0.17560468058595147,0.3918254097428032,0.3514608537327135,Zm00001eb127790,1
Fst_J_grain,MF,642,442,GO:0005198,structural molecule activity,2/442,48/27694,0.17831184320789176,0.3951775984607331,0.35446771107116465,Zm00001eb120410/Zm00001eb129320,2
Fst_J_grain,CC,642,442,GO:0005741,mitochondrial outer membrane,2/442,48/27694,0.17831184320789176,0.3951775984607331,0.35446771107116465,Zm00001eb128840/Zm00001eb400750,2
Fst_J_grain,CC,642,442,GO:0005576,extracellular region,12/442,557/27694,0.18276328033630987,0.39689649566896884,0.3560095331818896,Zm00001eb001790/Zm00001eb001800/Zm00001eb045130/Zm00001eb045140/Zm00001eb045150/Zm00001eb045160/Zm00001eb045170/Zm00001eb127240/Zm00001eb128620/Zm00001eb136650/Zm00001eb380890/Zm00001eb403910,12
Fst_J_grain,BP,642,442,GO:0008380,RNA splicing,6/442,240/27694,0.18677530826597494,0.39689649566896884,0.3560095331818896,Zm00001eb127790/Zm00001eb128190/Zm00001eb135930/Zm00001eb137230/Zm00001eb231610/Zm00001eb374380,6
Fst_J_grain,MF,642,442,GO:0003730,mRNA 3'-UTR binding,1/442,13/27694,0.18876784550109493,0.39689649566896884,0.3560095331818896,Zm00001eb386170,1
Fst_J_grain,MF,642,442,GO:0004725,protein tyrosine phosphatase activity,1/442,13/27694,0.18876784550109493,0.39689649566896884,0.3560095331818896,Zm00001eb421860,1
Fst_J_grain,BP,642,442,GO:0006265,DNA topological change,1/442,13/27694,0.18876784550109493,0.39689649566896884,0.3560095331818896,Zm00001eb013040,1
Fst_J_grain,BP,642,442,GO:0006491,N-glycan processing,1/442,13/27694,0.18876784550109493,0.39689649566896884,0.3560095331818896,Zm00001eb128910,1
Fst_J_grain,BP,642,442,GO:0010497,plasmodesmata-mediated intercellular transport,1/442,13/27694,0.18876784550109493,0.39689649566896884,0.3560095331818896,Zm00001eb129440,1
Fst_J_grain,MF,642,442,GO:0015108,chloride transmembrane transporter activity,1/442,13/27694,0.18876784550109493,0.39689649566896884,0.3560095331818896,Zm00001eb423070,1
Fst_J_grain,MF,642,442,GO:0015179,L-amino acid transmembrane transporter activity,1/442,13/27694,0.18876784550109493,0.39689649566896884,0.3560095331818896,Zm00001eb408630,1
Fst_J_grain,MF,642,442,GO:0016174,NAD(P)H oxidase H2O2-forming activity,1/442,13/27694,0.18876784550109493,0.39689649566896884,0.3560095331818896,Zm00001eb131620,1
Fst_J_grain,MF,642,442,GO:0016799,"hydrolase activity, hydrolyzing N-glycosyl compounds",1/442,13/27694,0.18876784550109493,0.39689649566896884,0.3560095331818896,Zm00001eb127230,1
Fst_J_grain,MF,642,442,GO:0016854,racemase and epimerase activity,1/442,13/27694,0.18876784550109493,0.39689649566896884,0.3560095331818896,Zm00001eb131760,1
Fst_J_grain,CC,642,442,GO:0030659,cytoplasmic vesicle membrane,1/442,13/27694,0.18876784550109493,0.39689649566896884,0.3560095331818896,Zm00001eb391110,1
Fst_J_grain,BP,642,442,GO:0033962,P-body assembly,1/442,13/27694,0.18876784550109493,0.39689649566896884,0.3560095331818896,Zm00001eb127790,1
Fst_J_grain,MF,642,442,GO:0048040,UDP-glucuronate decarboxylase activity,1/442,13/27694,0.18876784550109493,0.39689649566896884,0.3560095331818896,Zm00001eb130620,1
Fst_J_grain,BP,642,442,GO:1902475,L-alpha-amino acid transmembrane transport,1/442,13/27694,0.18876784550109493,0.39689649566896884,0.3560095331818896,Zm00001eb408630,1
Fst_J_grain,MF,642,442,GO:0004713,protein tyrosine kinase activity,2/442,51/27694,0.19561772250352336,0.4099847474834228,0.367749476641902,Zm00001eb161750/Zm00001eb161760,2
Fst_J_grain,CC,642,442,GO:0000139,Golgi membrane,12/442,568/27694,0.19983435942663422,0.4144717293648038,0.3717742245104707,Zm00001eb120410/Zm00001eb128860/Zm00001eb129320/Zm00001eb130530/Zm00001eb130620/Zm00001eb145810/Zm00001eb146670/Zm00001eb244510/Zm00001eb382480/Zm00001eb382990/Zm00001eb383000/Zm00001eb391110,12
Fst_J_grain,BP,642,442,GO:0006950,response to stress,6/442,246/27694,0.20135999244355557,0.4144717293648038,0.3717742245104707,Zm00001eb081200/Zm00001eb127770/Zm00001eb128620/Zm00001eb128890/Zm00001eb130580/Zm00001eb389050,6
Fst_J_grain,BP,642,442,GO:0019752,carboxylic acid metabolic process,2/442,52/27694,0.20143296259436105,0.4144717293648038,0.3717742245104707,Zm00001eb243180/Zm00001eb380260,2
Fst_J_grain,MF,642,442,GO:0003916,DNA topoisomerase activity,1/442,14/27694,0.20172130138377709,0.4144717293648038,0.3717742245104707,Zm00001eb013040,1
Fst_J_grain,BP,642,442,GO:0010256,endomembrane system organization,1/442,14/27694,0.20172130138377709,0.4144717293648038,0.3717742245104707,Zm00001eb381150,1
Fst_J_grain,CC,642,442,GO:0031429,box H/ACA snoRNP complex,1/442,14/27694,0.20172130138377709,0.4144717293648038,0.3717742245104707,Zm00001eb127780,1
Fst_J_grain,BP,642,442,GO:0000272,polysaccharide catabolic process,3/442,97/27694,0.2021813313974653,0.4144717293648038,0.3717742245104707,Zm00001eb400770/Zm00001eb400780/Zm00001eb423080,3
Fst_J_grain,BP,642,442,GO:0005975,carbohydrate metabolic process,11/442,517/27694,0.2065754543691282,0.42216043011261084,0.3786708607717418,Zm00001eb001830/Zm00001eb133800/Zm00001eb141500/Zm00001eb141510/Zm00001eb146680/Zm00001eb232030/Zm00001eb237240/Zm00001eb382500/Zm00001eb400770/Zm00001eb400780/Zm00001eb423080,11
Fst_J_grain,BP,642,442,GO:0034219,carbohydrate transmembrane transport,2/442,54/27694,0.21312027084568055,0.4302484967399267,0.38592572156228994,Zm00001eb130550/Zm00001eb391140,2
Fst_J_grain,BP,642,442,GO:0006821,chloride transport,1/442,15/27694,0.21446838175907934,0.4302484967399267,0.38592572156228994,Zm00001eb423070,1
Fst_J_grain,BP,642,442,GO:0030422,siRNA processing,1/442,15/27694,0.21446838175907934,0.4302484967399267,0.38592572156228994,Zm00001eb389110,1
Fst_J_grain,MF,642,442,GO:0032934,sterol binding,1/442,15/27694,0.21446838175907934,0.4302484967399267,0.38592572156228994,Zm00001eb035780,1
Fst_J_grain,BP,642,442,GO:0035725,sodium ion transmembrane transport,1/442,15/27694,0.21446838175907934,0.4302484967399267,0.38592572156228994,Zm00001eb130310,1
Fst_J_grain,BP,642,442,GO:0042276,error-prone translesion synthesis,1/442,15/27694,0.21446838175907934,0.4302484967399267,0.38592572156228994,Zm00001eb388450,1
Fst_J_grain,CC,642,442,GO:0005743,mitochondrial inner membrane,6/442,252/27694,0.21634593199734772,0.43269186399469545,0.3881173812147542,Zm00001eb071870/Zm00001eb071880/Zm00001eb071890/Zm00001eb231600/Zm00001eb243140/Zm00001eb252870,6
Fst_J_grain,BP,642,442,GO:0009909,regulation of flower development,2/442,55/27694,0.2189881963562232,0.43532199033237096,0.3904765606479387,Zm00001eb093560/Zm00001eb142230,2
Fst_J_grain,MF,642,442,GO:0042910,xenobiotic transmembrane transporter activity,2/442,55/27694,0.2189881963562232,0.43532199033237096,0.3904765606479387,Zm00001eb048130/Zm00001eb130600,2
Fst_J_grain,MF,642,442,GO:0004185,serine-type carboxypeptidase activity,2/442,56/27694,0.2248696426136378,0.44059205010759006,0.395203716319228,Zm00001eb138290/Zm00001eb225050,2
Fst_J_grain,MF,642,442,GO:0005484,SNAP receptor activity,2/442,56/27694,0.2248696426136378,0.44059205010759006,0.395203716319228,Zm00001eb386140/Zm00001eb400730,2
Fst_J_grain,CC,642,442,GO:0031201,SNARE complex,2/442,56/27694,0.2248696426136378,0.44059205010759006,0.395203716319228,Zm00001eb386140/Zm00001eb400730,2
Fst_J_grain,BP,642,442,GO:0000103,sulfate assimilation,1/442,16/27694,0.2270123672810449,0.44059205010759006,0.395203716319228,Zm00001eb400760,1
Fst_J_grain,CC,642,442,GO:0005657,replication fork,1/442,16/27694,0.2270123672810449,0.44059205010759006,0.395203716319228,Zm00001eb388450,1
Fst_J_grain,MF,642,442,GO:0008266,poly(U) RNA binding,1/442,16/27694,0.2270123672810449,0.44059205010759006,0.395203716319228,Zm00001eb386170,1
Fst_J_grain,MF,642,442,GO:0009922,fatty acid elongase activity,1/442,16/27694,0.2270123672810449,0.44059205010759006,0.395203716319228,Zm00001eb379940,1
Fst_J_grain,BP,642,442,GO:0016117,carotenoid biosynthetic process,1/442,16/27694,0.2270123672810449,0.44059205010759006,0.395203716319228,Zm00001eb403700,1
Fst_J_grain,MF,642,442,GO:0016616,"oxidoreductase activity, acting on the CH-OH group of donors, NAD or NADP as acceptor",4/442,153/27694,0.22878405363108048,0.4427207645486395,0.3971131376487316,Zm00001eb128830/Zm00001eb222940/Zm00001eb423450/Zm00001eb423470,4
Fst_J_grain,MF,642,442,GO:0004180,carboxypeptidase activity,2/442,57/27694,0.23076268856309665,0.4435532632471619,0.3978598750885165,Zm00001eb138290/Zm00001eb225050,2
Fst_J_grain,BP,642,442,GO:0006396,RNA processing,4/442,154/27694,0.23218951960278203,0.4435532632471619,0.3978598750885165,Zm00001eb127780/Zm00001eb127790/Zm00001eb128190/Zm00001eb259230,4
Fst_J_grain,BP,642,442,GO:0009073,aromatic amino acid family biosynthetic process,2/442,58/27694,0.23666547076060593,0.4435532632471619,0.3978598750885165,Zm00001eb218070/Zm00001eb398410,2
Fst_J_grain,CC,642,442,GO:0005681,spliceosomal complex,4/442,156/27694,0.23903731883692622,0.4435532632471619,0.3978598750885165,Zm00001eb127790/Zm00001eb128190/Zm00001eb135930/Zm00001eb137230,4
Fst_J_grain,BP,642,442,GO:0006102,isocitrate metabolic process,1/442,17/27694,0.2393564865693526,0.4435532632471619,0.3978598750885165,Zm00001eb128830,1
Fst_J_grain,BP,642,442,GO:0006301,postreplication repair,1/442,17/27694,0.2393564865693526,0.4435532632471619,0.3978598750885165,Zm00001eb388450,1
Fst_J_grain,BP,642,442,GO:0006487,protein N-linked glycosylation,1/442,17/27694,0.2393564865693526,0.4435532632471619,0.3978598750885165,Zm00001eb128810,1
Fst_J_grain,BP,642,442,GO:0006488,dolichol-linked oligosaccharide biosynthetic process,1/442,17/27694,0.2393564865693526,0.4435532632471619,0.3978598750885165,Zm00001eb396150,1
Fst_J_grain,BP,642,442,GO:0006970,response to osmotic stress,1/442,17/27694,0.2393564865693526,0.4435532632471619,0.3978598750885165,Zm00001eb381640,1
Fst_J_grain,BP,642,442,GO:0009299,mRNA transcription,1/442,17/27694,0.2393564865693526,0.4435532632471619,0.3978598750885165,Zm00001eb286430,1
Fst_J_grain,BP,642,442,GO:0010374,stomatal complex development,1/442,17/27694,0.2393564865693526,0.4435532632471619,0.3978598750885165,Zm00001eb383050,1
Fst_J_grain,MF,642,442,GO:0015288,porin activity,1/442,17/27694,0.2393564865693526,0.4435532632471619,0.3978598750885165,Zm00001eb400750,1
Fst_J_grain,MF,642,442,GO:0016830,carbon-carbon lyase activity,1/442,17/27694,0.2393564865693526,0.4435532632471619,0.3978598750885165,Zm00001eb243180,1
Fst_J_grain,CC,642,442,GO:0031981,nuclear lumen,1/442,17/27694,0.2393564865693526,0.4435532632471619,0.3978598750885165,Zm00001eb127650,1
Fst_J_grain,CC,642,442,GO:0046930,pore complex,1/442,17/27694,0.2393564865693526,0.4435532632471619,0.3978598750885165,Zm00001eb400750,1
Fst_J_grain,CC,642,442,GO:0005802,trans-Golgi network,2/442,59/27694,0.2425761820304987,0.44825345186480886,0.4020758658415086,Zm00001eb030050/Zm00001eb146670,2
Fst_J_grain,MF,642,442,GO:0016829,lyase activity,9/442,428/27694,0.24676218379190545,0.45325980652061865,0.406566482421415,Zm00001eb001830/Zm00001eb016240/Zm00001eb130620/Zm00001eb237220/Zm00001eb237230/Zm00001eb243180/Zm00001eb270090/Zm00001eb389050/Zm00001eb398410,9
Fst_J_grain,CC,642,442,GO:0005739,mitochondrion,14/442,711/27694,0.24840380768169099,0.45325980652061865,0.406566482421415,Zm00001eb001870/Zm00001eb016240/Zm00001eb071870/Zm00001eb071880/Zm00001eb071890/Zm00001eb127770/Zm00001eb128830/Zm00001eb129580/Zm00001eb130580/Zm00001eb131660/Zm00001eb136360/Zm00001eb380260/Zm00001eb400750/Zm00001eb421170,14
Fst_J_grain,BP,642,442,GO:0006886,intracellular protein transport,6/442,265/27694,0.2500247748420195,0.45325980652061865,0.406566482421415,Zm00001eb120410/Zm00001eb127670/Zm00001eb129320/Zm00001eb131280/Zm00001eb386140/Zm00001eb400730,6
Fst_J_grain,BP,642,442,GO:0006383,transcription by RNA polymerase III,1/442,18/27694,0.2515039170327823,0.45325980652061865,0.406566482421415,Zm00001eb403870,1
Fst_J_grain,BP,642,442,GO:0009813,flavonoid biosynthetic process,1/442,18/27694,0.2515039170327823,0.45325980652061865,0.406566482421415,Zm00001eb245960,1
Fst_J_grain,BP,642,442,GO:0016925,protein sumoylation,1/442,18/27694,0.2515039170327823,0.45325980652061865,0.406566482421415,Zm00001eb403740,1
Fst_J_grain,MF,642,442,GO:0019900,kinase binding,1/442,18/27694,0.2515039170327823,0.45325980652061865,0.406566482421415,Zm00001eb139490,1
Fst_J_grain,BP,642,442,GO:0042908,xenobiotic transport,1/442,18/27694,0.2515039170327823,0.45325980652061865,0.406566482421415,Zm00001eb130600,1
Fst_J_grain,MF,642,442,GO:0101005,deubiquitinase activity,1/442,18/27694,0.2515039170327823,0.45325980652061865,0.406566482421415,Zm00001eb131320,1
Fst_J_grain,BP,642,442,GO:0001510,RNA methylation,1/442,19/27694,0.2634577856796788,0.46964213968986224,0.4212611618848412,Zm00001eb374430,1
Fst_J_grain,BP,642,442,GO:0006826,iron ion transport,1/442,19/27694,0.2634577856796788,0.46964213968986224,0.4212611618848412,Zm00001eb384340,1
Fst_J_grain,BP,642,442,GO:0019344,cysteine biosynthetic process,1/442,19/27694,0.2634577856796788,0.46964213968986224,0.4212611618848412,Zm00001eb400760,1
Fst_J_grain,MF,642,442,GO:0031625,ubiquitin protein ligase binding,1/442,19/27694,0.2634577856796788,0.46964213968986224,0.4212611618848412,Zm00001eb146560,1
Fst_J_grain,MF,642,442,GO:0004707,MAP kinase activity,1/442,20/27694,0.27522116991561696,0.4827408755739164,0.4330105093803262,Zm00001eb232260,1
Fst_J_grain,MF,642,442,GO:0005381,iron ion transmembrane transporter activity,1/442,20/27694,0.27522116991561696,0.4827408755739164,0.4330105093803262,Zm00001eb384340,1
Fst_J_grain,MF,642,442,GO:0008143,poly(A) binding,1/442,20/27694,0.27522116991561696,0.4827408755739164,0.4330105093803262,Zm00001eb386170,1
Fst_J_grain,BP,642,442,GO:0045088,regulation of innate immune response,1/442,20/27694,0.27522116991561696,0.4827408755739164,0.4330105093803262,Zm00001eb138310,1
Fst_J_grain,CC,642,442,GO:0045275,respiratory chain complex III,1/442,20/27694,0.27522116991561696,0.4827408755739164,0.4330105093803262,Zm00001eb243140,1
Fst_J_grain,MF,642,442,GO:0050664,"oxidoreductase activity, acting on NAD(P)H, oxygen as acceptor",1/442,20/27694,0.27522116991561696,0.4827408755739164,0.4330105093803262,Zm00001eb131620,1
Fst_J_grain,MF,642,442,GO:0046983,protein dimerization activity,8/442,386/27694,0.2765961280098857,0.4838588265986267,0.4340132927930558,Zm00001eb031010/Zm00001eb031020/Zm00001eb286420/Zm00001eb383050/Zm00001eb403750/Zm00001eb403770/Zm00001eb423130/Zm00001eb428400,8
Fst_J_grain,MF,642,442,GO:0000149,SNARE binding,2/442,65/27694,0.2781125225957902,0.4852175926139319,0.4352320832336135,Zm00001eb386140/Zm00001eb400730,2
Fst_J_grain,BP,642,442,GO:0006351,DNA-templated transcription,4/442,168/27694,0.2809918874111943,0.4889407908269057,0.4385717298976899,Zm00001eb094570/Zm00001eb094760/Zm00001eb120750/Zm00001eb130290,4
Fst_J_grain,BP,642,442,GO:0042546,cell wall biogenesis,2/442,66/27694,0.28403259376168477,0.492924289702818,0.4421448619125085,Zm00001eb237240/Zm00001eb382500,2
Fst_J_grain,MF,642,442,GO:0015145,monosaccharide transmembrane transporter activity,1/442,21/27694,0.28679709832846967,0.49380287796187955,0.4429329409189517,Zm00001eb391140,1
Fst_J_grain,MF,642,442,GO:0016157,sucrose synthase activity,1/442,21/27694,0.28679709832846967,0.49380287796187955,0.4429329409189517,Zm00001eb016290,1
Fst_J_grain,BP,642,442,GO:0030026,intracellular manganese ion homeostasis,1/442,21/27694,0.28679709832846967,0.49380287796187955,0.4429329409189517,Zm00001eb030050,1
Fst_J_grain,MF,642,442,GO:0016491,oxidoreductase activity,30/442,1681/27694,0.2889132962827114,0.49614429937554627,0.4450331568532259,Zm00001eb016270/Zm00001eb030030/Zm00001eb048050/Zm00001eb048070/Zm00001eb071870/Zm00001eb071880/Zm00001eb071890/Zm00001eb094580/Zm00001eb113590/Zm00001eb128620/Zm00001eb128830/Zm00001eb129230/Zm00001eb131620/Zm00001eb142240/Zm00001eb218390/Zm00001eb222940/Zm00001eb245960/Zm00001eb380260/Zm00001eb384940/Zm00001eb385730/Zm00001eb387160/Zm00001eb388920/Zm00001eb388990/Zm00001eb389050/Zm00001eb403700/Zm00001eb413300/Zm00001eb418230/Zm00001eb421170/Zm00001eb423450/Zm00001eb423470,30
Fst_J_grain,CC,642,442,GO:0045271,respiratory chain complex I,2/442,67/27694,0.2899480101512173,0.49662113488041393,0.44546087034363196,Zm00001eb384490/Zm00001eb384540,2
Fst_J_grain,BP,642,442,GO:0006974,DNA damage response,5/442,226/27694,0.2939621638284725,0.5021853632069738,0.450451890296371,Zm00001eb094840/Zm00001eb113530/Zm00001eb146530/Zm00001eb146550/Zm00001eb388450,5
Fst_J_grain,MF,642,442,GO:0030674,protein-macromolecule adaptor activity,2/442,68/27694,0.2958574150376365,0.5028043115665533,0.45100707664586537,Zm00001eb129140/Zm00001eb129300,2
Fst_J_grain,CC,642,442,GO:0071013,catalytic step 2 spliceosome,2/442,68/27694,0.2958574150376365,0.5028043115665533,0.45100707664586537,Zm00001eb128190/Zm00001eb403830,2
Fst_J_grain,BP,642,442,GO:0009691,cytokinin biosynthetic process,1/442,22/27694,0.2981885514610836,0.5041538395836878,0.4522175807562283,Zm00001eb131660,1
Fst_J_grain,BP,642,442,GO:0031124,mRNA 3'-end processing,1/442,22/27694,0.2981885514610836,0.5041538395836878,0.4522175807562283,Zm00001eb093540,1
Fst_J_grain,MF,642,442,GO:0016831,carboxy-lyase activity,2/442,70/27694,0.3076529838166465,0.5138364340432007,0.46090270640267844,Zm00001eb130620/Zm00001eb243180,2
Fst_J_grain,MF,642,442,GO:0001228,"DNA-binding transcription activator activity, RNA polymerase II-specific",1/442,23/27694,0.3093984625717443,0.5138364340432007,0.46090270640267844,Zm00001eb382980,1
Fst_J_grain,MF,642,442,GO:0004029,aldehyde dehydrogenase (NAD+) activity,1/442,23/27694,0.3093984625717443,0.5138364340432007,0.46090270640267844,Zm00001eb380260,1
Fst_J_grain,BP,642,442,GO:0009637,response to blue light,1/442,23/27694,0.3093984625717443,0.5138364340432007,0.46090270640267844,Zm00001eb001860,1
Fst_J_grain,BP,642,442,GO:0015749,monosaccharide transmembrane transport,1/442,23/27694,0.3093984625717443,0.5138364340432007,0.46090270640267844,Zm00001eb391140,1
Fst_J_grain,BP,642,442,GO:0042732,D-xylose metabolic process,1/442,23/27694,0.3093984625717443,0.5138364340432007,0.46090270640267844,Zm00001eb130620,1
Fst_J_grain,MF,642,442,GO:0071771,aldehyde oxygenase (deformylating) activity,1/442,23/27694,0.3093984625717443,0.5138364340432007,0.46090270640267844,Zm00001eb389050,1
Fst_J_grain,MF,642,442,GO:0005096,GTPase activator activity,3/442,123/27694,0.31321692625076836,0.5164665731179651,0.4632618972608192,Zm00001eb129670/Zm00001eb389100/Zm00001eb389150,3
Fst_J_grain,BP,642,442,GO:0009725,response to hormone,2/442,71/27694,0.3135366515122249,0.5164665731179651,0.4632618972608192,Zm00001eb244140/Zm00001eb388960,2
Fst_J_grain,BP,642,442,GO:0006281,DNA repair,6/442,289/27694,0.31547929676399,0.5164665731179651,0.4632618972608192,Zm00001eb113530/Zm00001eb127650/Zm00001eb146530/Zm00001eb146550/Zm00001eb241860/Zm00001eb388450,6
Fst_J_grain,CC,642,442,GO:0000127,transcription factor TFIIIC complex,1/442,24/27694,0.3204297183826399,0.5164665731179651,0.4632618972608192,Zm00001eb403870,1
Fst_J_grain,BP,642,442,GO:0006108,malate metabolic process,1/442,24/27694,0.3204297183826399,0.5164665731179651,0.4632618972608192,Zm00001eb016240,1
Fst_J_grain,BP,642,442,GO:0006406,mRNA export from nucleus,1/442,24/27694,0.3204297183826399,0.5164665731179651,0.4632618972608192,Zm00001eb403820,1
Fst_J_grain,MF,642,442,GO:0008276,protein methyltransferase activity,1/442,24/27694,0.3204297183826399,0.5164665731179651,0.4632618972608192,Zm00001eb232020,1
Fst_J_grain,MF,642,442,GO:0008308,voltage-gated monoatomic anion channel activity,1/442,24/27694,0.3204297183826399,0.5164665731179651,0.4632618972608192,Zm00001eb400750,1
Fst_J_grain,CC,642,442,GO:0035861,site of double-strand break,1/442,24/27694,0.3204297183826399,0.5164665731179651,0.4632618972608192,Zm00001eb388450,1
Fst_J_grain,BP,642,442,GO:0045292,"mRNA cis splicing, via spliceosome",1/442,24/27694,0.3204297183826399,0.5164665731179651,0.4632618972608192,Zm00001eb128190,1
Fst_J_grain,MF,642,442,GO:0070006,metalloaminopeptidase activity,1/442,24/27694,0.3204297183826399,0.5164665731179651,0.4632618972608192,Zm00001eb094760,1
Fst_J_grain,BP,642,442,GO:0098656,monoatomic anion transmembrane transport,1/442,24/27694,0.3204297183826399,0.5164665731179651,0.4632618972608192,Zm00001eb400750,1
Fst_J_grain,CC,642,442,GO:0010008,endosome membrane,2/442,73/27694,0.32526982338928434,0.5229828532925749,0.469106891833359,Zm00001eb143550/Zm00001eb389150,2
Fst_J_grain,BP,642,442,GO:0000956,nuclear-transcribed mRNA catabolic process,1/442,25/27694,0.33128515981649853,0.5236700357581278,0.4697232830372167,Zm00001eb127790,1
Fst_J_grain,MF,642,442,GO:0000993,RNA polymerase II complex binding,1/442,25/27694,0.33128515981649853,0.5236700357581278,0.4697232830372167,Zm00001eb093540,1
Fst_J_grain,CC,642,442,GO:0005776,autophagosome,1/442,25/27694,0.33128515981649853,0.5236700357581278,0.4697232830372167,Zm00001eb245950,1
Fst_J_grain,BP,642,442,GO:0006122,"mitochondrial electron transport, ubiquinol to cytochrome c",1/442,25/27694,0.33128515981649853,0.5236700357581278,0.4697232830372167,Zm00001eb243140,1
Fst_J_grain,BP,642,442,GO:0006302,double-strand break repair,1/442,25/27694,0.33128515981649853,0.5236700357581278,0.4697232830372167,Zm00001eb094840,1
Fst_J_grain,BP,642,442,GO:0006885,regulation of pH,1/442,25/27694,0.33128515981649853,0.5236700357581278,0.4697232830372167,Zm00001eb133960,1
Fst_J_grain,MF,642,442,GO:0009982,pseudouridine synthase activity,1/442,25/27694,0.33128515981649853,0.5236700357581278,0.4697232830372167,Zm00001eb127780,1
Fst_J_grain,MF,642,442,GO:0015171,amino acid transmembrane transporter activity,2/442,75/27694,0.3369500013314408,0.5313442328688105,0.4766069097780249,Zm00001eb218400/Zm00001eb384620,2
Fst_J_grain,BP,642,442,GO:0006511,ubiquitin-dependent protein catabolic process,6/442,298/27694,0.3407363952347993,0.5329276385249911,0.4780271982276478,Zm00001eb016280/Zm00001eb128880/Zm00001eb146560/Zm00001eb259220/Zm00001eb389020/Zm00001eb389030,6
Fst_J_grain,MF,642,442,GO:0008810,cellulase activity,1/442,26/27694,0.34196758272159467,0.5329276385249911,0.4780271982276478,Zm00001eb423080,1
Fst_J_grain,CC,642,442,GO:0034702,monoatomic ion channel complex,1/442,26/27694,0.34196758272159467,0.5329276385249911,0.4780271982276478,Zm00001eb423070,1
Fst_J_grain,MF,642,442,GO:0061608,nuclear import signal receptor activity,1/442,26/27694,0.34196758272159467,0.5329276385249911,0.4780271982276478,Zm00001eb276490,1
Fst_J_grain,BP,642,442,GO:0000398,"mRNA splicing, via spliceosome",4/442,185/27694,0.34201606069972756,0.5329276385249911,0.4780271982276478,Zm00001eb127790/Zm00001eb128190/Zm00001eb137230/Zm00001eb374380,4
Fst_J_grain,CC,642,442,GO:0005811,lipid droplet,1/442,27/27694,0.3524797385853019,0.5440628435575483,0.48801529131686383,Zm00001eb382400,1
Fst_J_grain,BP,642,442,GO:0010268,brassinosteroid homeostasis,1/442,27/27694,0.3524797385853019,0.5440628435575483,0.48801529131686383,Zm00001eb385730,1
Fst_J_grain,BP,642,442,GO:0016310,phosphorylation,1/442,27/27694,0.3524797385853019,0.5440628435575483,0.48801529131686383,Zm00001eb001870,1
Fst_J_grain,CC,642,442,GO:0071004,U2-type prespliceosome,1/442,27/27694,0.3524797385853019,0.5440628435575483,0.48801529131686383,Zm00001eb128190,1
Fst_J_grain,CC,642,442,GO:0000932,P-body,2/442,78/27694,0.3543526937527649,0.5456698758258539,0.48945677244328045,Zm00001eb127790/Zm00001eb218410,2
Fst_J_grain,BP,642,442,GO:0009058,biosynthetic process,3/442,133/27694,0.35682519188525896,0.5481904587277047,0.4917176932425978,Zm00001eb129120/Zm00001eb129220/Zm00001eb129240,3
Fst_J_grain,CC,642,442,GO:0031969,chloroplast membrane,2/442,79/27694,0.3601183653952261,0.5484165067167359,0.49192045451645605,Zm00001eb398380/Zm00001eb403700,2
Fst_J_grain,MF,642,442,GO:0038023,signaling receptor activity,2/442,79/27694,0.3601183653952261,0.5484165067167359,0.49192045451645605,Zm00001eb386160/Zm00001eb388960,2
Fst_J_grain,BP,642,442,GO:0055085,transmembrane transport,18/442,1017/27694,0.3604029646281916,0.5484165067167359,0.49192045451645605,Zm00001eb001900/Zm00001eb048130/Zm00001eb128730/Zm00001eb128840/Zm00001eb130310/Zm00001eb130600/Zm00001eb133760/Zm00001eb133960/Zm00001eb146350/Zm00001eb218400/Zm00001eb252870/Zm00001eb372020/Zm00001eb374350/Zm00001eb384340/Zm00001eb391110/Zm00001eb391140/Zm00001eb400750/Zm00001eb423070,18
Fst_J_grain,MF,642,442,GO:0005384,manganese ion transmembrane transporter activity,1/442,28/27694,0.36282433523637714,0.5484165067167359,0.49192045451645605,Zm00001eb030050,1
Fst_J_grain,BP,642,442,GO:0030245,cellulose catabolic process,1/442,28/27694,0.36282433523637714,0.5484165067167359,0.49192045451645605,Zm00001eb423080,1
Fst_J_grain,MF,642,442,GO:0070403,NAD+ binding,1/442,28/27694,0.36282433523637714,0.5484165067167359,0.49192045451645605,Zm00001eb130620,1
Fst_J_grain,BP,642,442,GO:1900150,regulation of defense response to fungus,1/442,28/27694,0.36282433523637714,0.5484165067167359,0.49192045451645605,Zm00001eb084690,1
Fst_J_grain,BP,642,442,GO:0050793,regulation of developmental process,1/442,29/27694,0.3730040375361504,0.5601359891484206,0.5024326346822322,Zm00001eb403750,1
Fst_J_grain,BP,642,442,GO:0071421,manganese ion transmembrane transport,1/442,29/27694,0.3730040375361504,0.5601359891484206,0.5024326346822322,Zm00001eb030050,1
Fst_J_grain,BP,642,442,GO:0006357,regulation of transcription by RNA polymerase II,11/442,605/27694,0.37313937081990817,0.5601359891484206,0.5024326346822322,Zm00001eb127970/Zm00001eb139600/Zm00001eb286420/Zm00001eb382450/Zm00001eb382980/Zm00001eb384240/Zm00001eb403720/Zm00001eb403750/Zm00001eb403770/Zm00001eb423130/Zm00001eb428400,11
Fst_J_grain,BP,642,442,GO:0009416,response to light stimulus,2/442,82/27694,0.377297228979244,0.5650844342702832,0.506871307376586,Zm00001eb245940/Zm00001eb286430,2
Fst_J_grain,BP,642,442,GO:0000226,microtubule cytoskeleton organization,2/442,83/27694,0.3829813805229949,0.5659055924472315,0.5076078725577702,Zm00001eb001910/Zm00001eb129360,2
Fst_J_grain,BP,642,442,GO:0001522,pseudouridine synthesis,1/442,30/27694,0.3830214680587969,0.5659055924472315,0.5076078725577702,Zm00001eb127780,1
Fst_J_grain,BP,642,442,GO:0006259,DNA metabolic process,1/442,30/27694,0.3830214680587969,0.5659055924472315,0.5076078725577702,Zm00001eb013040,1
Fst_J_grain,BP,642,442,GO:0006353,DNA-templated transcription termination,1/442,30/27694,0.3830214680587969,0.5659055924472315,0.5076078725577702,Zm00001eb136360,1
Fst_J_grain,MF,642,442,GO:0016706,2-oxoglutarate-dependent dioxygenase activity,1/442,30/27694,0.3830214680587969,0.5659055924472315,0.5076078725577702,Zm00001eb418230,1
Fst_J_grain,BP,642,442,GO:0042147,"retrograde transport, endosome to Golgi",1/442,30/27694,0.3830214680587969,0.5659055924472315,0.5076078725577702,Zm00001eb389150,1
Fst_J_grain,MF,642,442,GO:0061630,ubiquitin protein ligase activity,9/442,491/27694,0.3842154571483091,0.5663940222231253,0.5080459859158009,Zm00001eb016280/Zm00001eb128880/Zm00001eb142740/Zm00001eb238630/Zm00001eb243190/Zm00001eb252860/Zm00001eb259210/Zm00001eb374390/Zm00001eb398400,9
Fst_J_grain,BP,642,442,GO:0006887,exocytosis,2/442,84/27694,0.3886431655363941,0.5701963723255035,0.5114566305037812,Zm00001eb131290/Zm00001eb386140,2
Fst_J_grain,MF,642,442,GO:0030145,manganese ion binding,2/442,84/27694,0.3886431655363941,0.5701963723255035,0.5114566305037812,Zm00001eb094760/Zm00001eb129440,2
Fst_J_grain,BP,642,442,GO:0045893,positive regulation of DNA-templated transcription,5/442,257/27694,0.39126789468642653,0.5701963723255035,0.5114566305037812,Zm00001eb146690/Zm00001eb286410/Zm00001eb383050/Zm00001eb384320/Zm00001eb396160,5
Fst_J_grain,BP,642,442,GO:0030150,protein import into mitochondrial matrix,1/442,31/27694,0.39287920776086516,0.5701963723255035,0.5114566305037812,Zm00001eb128840,1
Fst_J_grain,BP,642,442,GO:0031647,regulation of protein stability,1/442,31/27694,0.39287920776086516,0.5701963723255035,0.5114566305037812,Zm00001eb081190,1
Fst_J_grain,CC,642,442,GO:0043231,intracellular membrane-bounded organelle,1/442,31/27694,0.39287920776086516,0.5701963723255035,0.5114566305037812,Zm00001eb136360,1
Fst_J_grain,MF,642,442,GO:0051119,sugar transmembrane transporter activity,1/442,31/27694,0.39287920776086516,0.5701963723255035,0.5114566305037812,Zm00001eb130550,1
Fst_J_grain,MF,642,442,GO:0015293,symporter activity,2/442,85/27694,0.3942818500973312,0.5709688601850977,0.5121495392225123,Zm00001eb384620/Zm00001eb391140,2
Fst_J_grain,BP,642,442,GO:0006812,monoatomic cation transport,2/442,86/27694,0.39989672929091225,0.5741137969477973,0.5149704950157552,Zm00001eb130310/Zm00001eb133960,2
Fst_J_grain,MF,642,442,GO:0071949,FAD binding,2/442,86/27694,0.39989672929091225,0.5741137969477973,0.5149704950157552,Zm00001eb081200/Zm00001eb384940,2
Fst_J_grain,BP,642,442,GO:0006400,tRNA modification,1/442,32/27694,0.4025797966402237,0.5741137969477973,0.5149704950157552,Zm00001eb131660,1
Fst_J_grain,MF,642,442,GO:0008320,protein transmembrane transporter activity,1/442,32/27694,0.4025797966402237,0.5741137969477973,0.5149704950157552,Zm00001eb128840,1
Fst_J_grain,CC,642,442,GO:0016602,CCAAT-binding factor complex,1/442,32/27694,0.4025797966402237,0.5741137969477973,0.5149704950157552,Zm00001eb382980,1
Fst_J_grain,BP,642,442,GO:0019722,calcium-mediated signaling,1/442,32/27694,0.4025797966402237,0.5741137969477973,0.5149704950157552,Zm00001eb139490,1
Fst_J_grain,BP,642,442,GO:0046835,carbohydrate phosphorylation,1/442,32/27694,0.4025797966402237,0.5741137969477973,0.5149704950157552,Zm00001eb094750,1
Fst_J_grain,BP,642,442,GO:0045944,positive regulation of transcription by RNA polymerase II,3/442,144/27694,0.4043299967390367,0.5753589541449199,0.5160873802423143,Zm00001eb382980/Zm00001eb403750/Zm00001eb423130,3
Fst_J_grain,MF,642,442,GO:0003899,DNA-directed RNA polymerase activity,2/442,87/27694,0.4054871264742028,0.5757566124828508,0.5164440731352915,Zm00001eb094760/Zm00001eb146610,2
Fst_J_grain,MF,642,442,GO:0005506,iron ion binding,8/442,442/27694,0.4094941018103859,0.5801903472734625,0.5204210592520307,Zm00001eb030030/Zm00001eb142240/Zm00001eb245960/Zm00001eb385730/Zm00001eb387160/Zm00001eb389050/Zm00001eb389160/Zm00001eb403700,8
Fst_J_grain,MF,642,442,GO:0005315,phosphate transmembrane transporter activity,1/442,33/27694,0.4121257343846033,0.5826605210265081,0.5226367638861009,Zm00001eb231600,1
Fst_J_grain,BP,642,442,GO:0003333,amino acid transmembrane transport,2/442,89/27694,0.416591905298064,0.5877081502699569,0.5271644030823266,Zm00001eb218400/Zm00001eb384620,2
Fst_J_grain,BP,642,442,GO:0007131,reciprocal meiotic recombination,1/442,34/27694,0.4215194810098877,0.5933836470868805,0.5322552290140664,Zm00001eb013040,1
Fst_J_grain,MF,642,442,GO:0000774,adenyl-nucleotide exchange factor activity,1/442,35/27694,0.4307634574883271,0.6038051882742362,0.5416031775438032,Zm00001eb383180,1
Fst_J_grain,BP,642,442,GO:0034976,response to endoplasmic reticulum stress,1/442,35/27694,0.4307634574883271,0.6038051882742362,0.5416031775438032,Zm00001eb218090,1
Fst_J_grain,BP,642,442,GO:0009834,plant-type secondary cell wall biogenesis,2/442,92/27694,0.43305008944868617,0.6049228310621217,0.5426056844732448,Zm00001eb237240/Zm00001eb382500,2
Fst_J_grain,CC,642,442,GO:0005874,microtubule,5/442,271/27694,0.43522557020896346,0.6049228310621217,0.5426056844732448,Zm00001eb127760/Zm00001eb129360/Zm00001eb146630/Zm00001eb237570/Zm00001eb396170,5
Fst_J_grain,MF,642,442,GO:0008237,metallopeptidase activity,2/442,93/27694,0.43848087961949334,0.6049228310621217,0.5426056844732448,Zm00001eb131320/Zm00001eb148170,2
Fst_J_grain,CC,642,442,GO:0098552,side of membrane,2/442,93/27694,0.43848087961949334,0.6049228310621217,0.5426056844732448,Zm00001eb129310/Zm00001eb232030,2
Fst_J_grain,MF,642,442,GO:0022857,transmembrane transporter activity,9/442,515/27694,0.4385665555973961,0.6049228310621217,0.5426056844732448,Zm00001eb001900/Zm00001eb048130/Zm00001eb128730/Zm00001eb130600/Zm00001eb133760/Zm00001eb146350/Zm00001eb218400/Zm00001eb391140/Zm00001eb423070,9
Fst_J_grain,MF,642,442,GO:0004177,aminopeptidase activity,1/442,36/27694,0.4398600463668172,0.6049228310621217,0.5426056844732448,Zm00001eb094760,1
Fst_J_grain,CC,642,442,GO:0005686,U2 snRNP,1/442,36/27694,0.4398600463668172,0.6049228310621217,0.5426056844732448,Zm00001eb128190,1
Fst_J_grain,BP,642,442,GO:0008643,carbohydrate transport,1/442,36/27694,0.4398600463668172,0.6049228310621217,0.5426056844732448,Zm00001eb130550,1
Fst_J_grain,BP,642,442,GO:0048608,reproductive structure development,1/442,36/27694,0.4398600463668172,0.6049228310621217,0.5426056844732448,Zm00001eb382400,1
Fst_J_grain,BP,642,442,GO:0009451,RNA modification,5/442,273/27694,0.4414569562387216,0.6058488771811744,0.5434363323881203,Zm00001eb127780/Zm00001eb129580/Zm00001eb135860/Zm00001eb143560/Zm00001eb160990,5
Fst_J_grain,BP,642,442,GO:0051301,cell division,4/442,213/27694,0.4425628102925544,0.6060985460374022,0.5436602811856674,Zm00001eb125490/Zm00001eb146530/Zm00001eb146550/Zm00001eb403730,4
Fst_J_grain,MF,642,442,GO:0030527,structural constituent of chromatin,2/442,94/27694,0.4438831844115868,0.6066403520291687,0.54414627211859,Zm00001eb243130/Zm00001eb403860,2
Fst_J_grain,BP,642,442,GO:0008202,steroid metabolic process,1/442,37/27694,0.4488115923754178,0.6095660550688904,0.5467705789209079,Zm00001eb403920,1
Fst_J_grain,MF,642,442,GO:0008324,monoatomic cation transmembrane transporter activity,1/442,37/27694,0.4488115923754178,0.6095660550688904,0.5467705789209079,Zm00001eb130310,1
Fst_J_grain,BP,642,442,GO:0045492,xylan biosynthetic process,1/442,37/27694,0.4488115923754178,0.6095660550688904,0.5467705789209079,Zm00001eb145810,1
Fst_J_grain,MF,642,442,GO:0003714,transcription corepressor activity,1/442,38/27694,0.45762040302624984,0.6151618532484014,0.5517899165049045,Zm00001eb389000,1
Fst_J_grain,MF,642,442,GO:0004175,endopeptidase activity,1/442,38/27694,0.45762040302624984,0.6151618532484014,0.5517899165049045,Zm00001eb128860,1
Fst_J_grain,MF,642,442,GO:0015079,potassium ion transmembrane transporter activity,1/442,38/27694,0.45762040302624984,0.6151618532484014,0.5517899165049045,Zm00001eb142370,1
Fst_J_grain,CC,642,442,GO:0015630,microtubule cytoskeleton,1/442,38/27694,0.45762040302624984,0.6151618532484014,0.5517899165049045,Zm00001eb127760,1
Fst_J_grain,BP,642,442,GO:0061025,membrane fusion,1/442,38/27694,0.45762040302624984,0.6151618532484014,0.5517899165049045,Zm00001eb386140,1
Fst_J_grain,MF,642,442,GO:0016853,isomerase activity,6/442,340/27694,0.45946456287464965,0.6163778184985075,0.5528806170421466,Zm00001eb013040/Zm00001eb127780/Zm00001eb131760/Zm00001eb276490/Zm00001eb374410/Zm00001eb388990,6
Fst_J_grain,MF,642,442,GO:0003712,transcription coregulator activity,2/442,98/27694,0.4651983796604341,0.6227961980760097,0.5586377964128522,Zm00001eb244180/Zm00001eb382450,2
Fst_J_grain,MF,642,442,GO:0015144,carbohydrate transmembrane transporter activity,1/442,39/27694,0.4662887492029346,0.6229845610532079,0.558806754859986,Zm00001eb391140,1
Fst_J_grain,BP,642,442,GO:0006694,steroid biosynthetic process,1/442,40/27694,0.47481886574071475,0.6316639224935354,0.5665919972302411,Zm00001eb403920,1
Fst_J_grain,CC,642,442,GO:0005768,endosome,2/442,100/27694,0.4756737465119001,0.6316639224935354,0.5665919972302411,Zm00001eb131320/Zm00001eb143550,2
Fst_J_grain,BP,642,442,GO:0006865,amino acid transport,2/442,100/27694,0.4756737465119001,0.6316639224935354,0.5665919972302411,Zm00001eb218400/Zm00001eb384620,2
Fst_J_grain,BP,642,442,GO:0016567,protein ubiquitination,8/442,472/27694,0.4814977629972792,0.6368332679505256,0.571228813838806,Zm00001eb016280/Zm00001eb125780/Zm00001eb138550/Zm00001eb153580/Zm00001eb222950/Zm00001eb243170/Zm00001eb243190/Zm00001eb252860,8
Fst_J_grain,MF,642,442,GO:0004842,ubiquitin-protein transferase activity,5/442,286/27694,0.4815080806455194,0.6368332679505256,0.571228813838806,Zm00001eb142740/Zm00001eb238630/Zm00001eb243170/Zm00001eb243190/Zm00001eb398400,5
Fst_J_grain,BP,642,442,GO:0051321,meiotic cell cycle,1/442,41/27694,0.4832129519974079,0.637802206258148,0.572097935331041,Zm00001eb382430,1
Fst_J_grain,BP,642,442,GO:0006813,potassium ion transport,2/442,103/27694,0.4911508017547471,0.64481280220893,0.5783863229056353,Zm00001eb133960/Zm00001eb142370,2
Fst_J_grain,CC,642,442,GO:0005667,transcription regulator complex,1/442,42/27694,0.49147317241534294,0.64481280220893,0.5783863229056353,Zm00001eb389000,1
Fst_J_grain,MF,642,442,GO:0010181,FMN binding,1/442,42/27694,0.49147317241534294,0.64481280220893,0.5783863229056353,Zm00001eb398410,1
Fst_J_grain,MF,642,442,GO:0003676,nucleic acid binding,16/442,978/27694,0.495626867370514,0.6489645209482179,0.5821103453306384,Zm00001eb001860/Zm00001eb113530/Zm00001eb128200/Zm00001eb128780/Zm00001eb135930/Zm00001eb136360/Zm00001eb137230/Zm00001eb146610/Zm00001eb241860/Zm00001eb244590/Zm00001eb259230/Zm00001eb374380/Zm00001eb380250/Zm00001eb383060/Zm00001eb386170/Zm00001eb388180,16
Fst_J_grain,MF,642,442,GO:0005516,calmodulin binding,4/442,229/27694,0.49805955532314294,0.6496861107189,0.5827575993130057,Zm00001eb381640/Zm00001eb387060/Zm00001eb388430/Zm00001eb388440,4
Fst_J_grain,BP,642,442,GO:0016192,vesicle-mediated transport,6/442,354/27694,0.49815870989574196,0.6496861107189,0.5827575993130057,Zm00001eb120410/Zm00001eb127670/Zm00001eb129320/Zm00001eb131280/Zm00001eb386140/Zm00001eb400730,6
Fst_J_grain,BP,642,442,GO:0006879,intracellular iron ion homeostasis,1/442,45/27694,0.5154717708805356,0.6682796080980857,0.5994356561727053,Zm00001eb030050,1
Fst_J_grain,MF,642,442,GO:0008422,beta-glucosidase activity,1/442,45/27694,0.5154717708805356,0.6682796080980857,0.5994356561727053,Zm00001eb133800,1
Fst_J_grain,BP,642,442,GO:0034599,cellular response to oxidative stress,1/442,45/27694,0.5154717708805356,0.6682796080980857,0.5994356561727053,Zm00001eb016270,1
Fst_J_grain,MF,642,442,GO:0000287,magnesium ion binding,3/442,172/27694,0.5193743582021608,0.6706881475996407,0.6015960759117446,Zm00001eb013040/Zm00001eb128830/Zm00001eb128890,3
Fst_J_grain,MF,642,442,GO:0016788,"hydrolase activity, acting on ester bonds",3/442,172/27694,0.5193743582021608,0.6706881475996407,0.6015960759117446,Zm00001eb127240/Zm00001eb237650/Zm00001eb388950,3
Fst_J_grain,CC,642,442,GO:0000786,nucleosome,2/442,109/27694,0.5212261274908252,0.671757052326093,0.6025548656134243,Zm00001eb243130/Zm00001eb403860,2
Fst_J_grain,MF,642,442,GO:0016207,4-coumarate-CoA ligase activity,1/442,46/27694,0.5232174932311018,0.6730013246266722,0.603670957102551,Zm00001eb242380,1
Fst_J_grain,MF,642,442,GO:0004867,serine-type endopeptidase inhibitor activity,1/442,47/27694,0.5308396672759457,0.677491871075915,0.6076989023290061,Zm00001eb127310,1
Fst_J_grain,BP,642,442,GO:0006366,transcription by RNA polymerase II,1/442,47/27694,0.5308396672759457,0.677491871075915,0.6076989023290061,Zm00001eb131310,1
Fst_J_grain,BP,642,442,GO:0009755,hormone-mediated signaling pathway,1/442,47/27694,0.5308396672759457,0.677491871075915,0.6076989023290061,Zm00001eb386160,1
Fst_J_grain,BP,642,442,GO:0048731,system development,1/442,47/27694,0.5308396672759457,0.677491871075915,0.6076989023290061,Zm00001eb135860,1
Fst_J_grain,CC,642,442,GO:0005762,mitochondrial large ribosomal subunit,1/442,48/27694,0.5383402592773937,0.6834851224648079,0.6130747488090944,Zm00001eb001840,1
Fst_J_grain,BP,642,442,GO:0016126,sterol biosynthetic process,1/442,48/27694,0.5383402592773937,0.6834851224648079,0.6130747488090944,Zm00001eb403920,1
Fst_J_grain,CC,642,442,GO:0048046,apoplast,3/442,177/27694,0.5386612931620514,0.6834851224648079,0.6130747488090944,Zm00001eb129440/Zm00001eb237240/Zm00001eb382500,3
Fst_J_grain,BP,642,442,GO:0006665,sphingolipid metabolic process,1/442,50/27694,0.5529844065794347,0.7003045766720254,0.6281615185488804,Zm00001eb001870,1
Fst_J_grain,MF,642,442,GO:0046873,metal ion transmembrane transporter activity,1/442,51/27694,0.5601317402609529,0.7066277338676636,0.633833285032131,Zm00001eb030050,1
Fst_J_grain,BP,642,442,GO:0098655,monoatomic cation transmembrane transport,1/442,51/27694,0.5601317402609529,0.7066277338676636,0.633833285032131,Zm00001eb130310,1
Fst_J_grain,CC,642,442,GO:0005774,vacuolar membrane,2/442,118/27694,0.5640556945471049,0.7102121605046081,0.6370484559083376,Zm00001eb403790/Zm00001eb408630,2
Fst_J_grain,BP,642,442,GO:0006004,fucose metabolic process,1/442,52/27694,0.5671650496269645,0.7113963146372633,0.6381106224040921,Zm00001eb383800,1
Fst_J_grain,MF,642,442,GO:0016620,"oxidoreductase activity, acting on the aldehyde or oxo group of donors, NAD or NADP as acceptor",1/442,52/27694,0.5671650496269645,0.7113963146372633,0.6381106224040921,Zm00001eb380260,1
Fst_J_grain,CC,642,442,GO:0009705,plant-type vacuole membrane,1/442,53/27694,0.57408614969443,0.7187032713731796,0.6446648406572648,Zm00001eb423070,1
Fst_J_grain,MF,642,442,GO:0005200,structural constituent of cytoskeleton,1/442,54/27694,0.5808968266538403,0.7230897880169247,0.648599472884244,Zm00001eb129360,1
Fst_J_grain,BP,642,442,GO:0006890,"retrograde vesicle-mediated transport, Golgi to endoplasmic reticulum",1/442,54/27694,0.5808968266538403,0.7230897880169247,0.648599472884244,Zm00001eb120410,1
Fst_J_grain,CC,642,442,GO:0016607,nuclear speck,1/442,54/27694,0.5808968266538403,0.7230897880169247,0.648599472884244,Zm00001eb374380,1
Fst_J_grain,BP,642,442,GO:0008652,amino acid biosynthetic process,3/442,189/27694,0.583081031784302,0.7244340091865571,0.6498052168409587,Zm00001eb218070/Zm00001eb398410/Zm00001eb400760,3
Fst_J_grain,BP,642,442,GO:0006606,protein import into nucleus,1/442,55/27694,0.5875988383260182,0.7259224819997513,0.6511403521146679,Zm00001eb276490,1
Fst_J_grain,BP,642,442,GO:0009658,chloroplast organization,1/442,55/27694,0.5875988383260182,0.7259224819997513,0.6511403521146679,Zm00001eb136360,1
Fst_J_grain,BP,642,442,GO:0019953,sexual reproduction,1/442,55/27694,0.5875988383260182,0.7259224819997513,0.6511403521146679,Zm00001eb380890,1
Fst_J_grain,MF,642,442,GO:0003824,catalytic activity,10/442,650/27694,0.5911909815318822,0.7289292264550092,0.6538373517142975,Zm00001eb013040/Zm00001eb016240/Zm00001eb094730/Zm00001eb127890/Zm00001eb128890/Zm00001eb138300/Zm00001eb244170/Zm00001eb383120/Zm00001eb387040/Zm00001eb388990,10
Fst_J_grain,CC,642,442,GO:0009536,plastid,3/442,192/27694,0.593753783206391,0.7289292264550092,0.6538373517142975,Zm00001eb384470/Zm00001eb384490/Zm00001eb384540,3
Fst_J_grain,CC,642,442,GO:0016592,mediator complex,1/442,56/27694,0.5941939146116979,0.7289292264550092,0.6538373517142975,Zm00001eb382450,1
Fst_J_grain,MF,642,442,GO:0016705,"oxidoreductase activity, acting on paired donors, with incorporation or reduction of molecular oxygen",5/442,325/27694,0.5944773416973017,0.7289292264550092,0.6538373517142975,Zm00001eb030030/Zm00001eb142240/Zm00001eb245960/Zm00001eb385730/Zm00001eb387160,5
Fst_J_grain,BP,642,442,GO:0000209,protein polyubiquitination,1/442,57/27694,0.6006837579339945,0.7297195281568526,0.6545462391522475,Zm00001eb252860,1
Fst_J_grain,MF,642,442,GO:0001216,DNA-binding transcription activator activity,1/442,57/27694,0.6006837579339945,0.7297195281568526,0.6545462391522475,Zm00001eb286410,1
Fst_J_grain,MF,642,442,GO:0005546,"phosphatidylinositol-4,5-bisphosphate binding",1/442,57/27694,0.6006837579339945,0.7297195281568526,0.6545462391522475,Zm00001eb131290,1
Fst_J_grain,BP,642,442,GO:0008299,isoprenoid biosynthetic process,1/442,57/27694,0.6006837579339945,0.7297195281568526,0.6545462391522475,Zm00001eb403920,1
Fst_J_grain,BP,642,442,GO:0009698,phenylpropanoid metabolic process,1/442,57/27694,0.6006837579339945,0.7297195281568526,0.6545462391522475,Zm00001eb242380,1
Fst_J_grain,BP,642,442,GO:0009791,post-embryonic development,1/442,58/27694,0.6070700436738786,0.7341717806480702,0.6585398353374058,Zm00001eb382400,1
Fst_J_grain,BP,642,442,GO:1902531,regulation of intracellular signal transduction,1/442,58/27694,0.6070700436738786,0.7341717806480702,0.6585398353374058,Zm00001eb244550,1
Fst_J_grain,CC,642,442,GO:0005694,chromosome,3/442,196/27694,0.607706214774241,0.7341717806480702,0.6585398353374058,Zm00001eb013040/Zm00001eb243130/Zm00001eb403860,3
Fst_J_grain,MF,642,442,GO:0043565,sequence-specific DNA binding,8/442,531/27694,0.6145348373368518,0.741056715612086,0.664715507103909,Zm00001eb094570/Zm00001eb094740/Zm00001eb129290/Zm00001eb129690/Zm00001eb130290/Zm00001eb152350/Zm00001eb391120/Zm00001eb421820,8
Fst_J_grain,MF,642,442,GO:0004521,RNA endonuclease activity,1/442,60/27694,0.6195385112843206,0.7429931689259859,0.6664524734108251,Zm00001eb128780,1
Fst_J_grain,CC,642,442,GO:0030015,CCR4-NOT core complex,1/442,60/27694,0.6195385112843206,0.7429931689259859,0.6664524734108251,Zm00001eb218410,1
Fst_J_grain,MF,642,442,GO:0043022,ribosome binding,1/442,60/27694,0.6195385112843206,0.7429931689259859,0.6664524734108251,Zm00001eb148180,1
Fst_J_grain,MF,642,442,GO:0003682,chromatin binding,2/442,132/27694,0.6250685351511178,0.7475578991246343,0.6705469602225139,Zm00001eb146610/Zm00001eb374440,2
Fst_J_grain,CC,642,442,GO:0009941,chloroplast envelope,1/442,61/27694,0.6256239125296101,0.7475578991246343,0.6705469602225139,Zm00001eb133960,1
Fst_J_grain,CC,642,442,GO:0009505,plant-type cell wall,3/442,203/27694,0.6313460605409007,0.7479018058163834,0.6708554387858767,Zm00001eb128620/Zm00001eb237240/Zm00001eb382500,3
Fst_J_grain,CC,642,442,GO:0000145,exocyst,1/442,62/27694,0.6316121957656653,0.7479018058163834,0.6708554387858767,Zm00001eb131290,1
Fst_J_grain,BP,642,442,GO:0009736,cytokinin-activated signaling pathway,1/442,62/27694,0.6316121957656653,0.7479018058163834,0.6708554387858767,Zm00001eb244160,1
Fst_J_grain,CC,642,442,GO:0015934,large ribosomal subunit,1/442,62/27694,0.6316121957656653,0.7479018058163834,0.6708554387858767,Zm00001eb013020,1
Fst_J_grain,BP,642,442,GO:0048544,recognition of pollen,1/442,62/27694,0.6316121957656653,0.7479018058163834,0.6708554387858767,Zm00001eb385300,1
Fst_J_grain,BP,642,442,GO:0016042,lipid catabolic process,2/442,134/27694,0.6332243213545853,0.7484597383938881,0.6713558949970854,Zm00001eb127240/Zm00001eb388950,2
Fst_J_grain,CC,642,442,GO:0005856,cytoskeleton,3/442,206/27694,0.641171071148422,0.7562247773903888,0.6783210053934973,Zm00001eb127760/Zm00001eb129360/Zm00001eb237570,3
Fst_J_grain,BP,642,442,GO:0007010,cytoskeleton organization,1/442,64/27694,0.6433035695003699,0.7562247773903888,0.6783210053934973,Zm00001eb129360,1
Fst_J_grain,CC,642,442,GO:0019005,SCF ubiquitin ligase complex,1/442,64/27694,0.6433035695003699,0.7562247773903888,0.6783210053934973,Zm00001eb237210,1
Fst_J_grain,MF,642,442,GO:0004601,peroxidase activity,3/442,207/27694,0.6444049551238222,0.7562247773903888,0.6783210053934973,Zm00001eb016270/Zm00001eb128620/Zm00001eb131620,3
Fst_J_grain,MF,642,442,GO:0042626,ATPase-coupled transmembrane transporter activity,1/442,65/27694,0.6490096796082542,0.7602684818268121,0.68194814079138,Zm00001eb372020,1
Fst_J_grain,BP,642,442,GO:0015031,protein transport,9/442,620/27694,0.659486853494917,0.770566683756609,0.6911854560653794,Zm00001eb120410/Zm00001eb127670/Zm00001eb129320/Zm00001eb131280/Zm00001eb131290/Zm00001eb218380/Zm00001eb386140/Zm00001eb400730/Zm00001eb403810,9
Fst_J_grain,BP,642,442,GO:0006310,DNA recombination,1/442,67/27694,0.6601501162670949,0.770566683756609,0.6911854560653794,Zm00001eb127650,1
Fst_J_grain,BP,642,442,GO:0006139,nucleobase-containing compound metabolic process,1/442,68/27694,0.6655873207630569,0.773308969947584,0.6936452410152432,Zm00001eb081200,1
Fst_J_grain,MF,642,442,GO:0003723,RNA binding,25/442,1677/27694,0.6672611743329977,0.773308969947584,0.6936452410152432,Zm00001eb001840/Zm00001eb013020/Zm00001eb127780/Zm00001eb127790/Zm00001eb128190/Zm00001eb128200/Zm00001eb128780/Zm00001eb129580/Zm00001eb135860/Zm00001eb136360/Zm00001eb137230/Zm00001eb138570/Zm00001eb143560/Zm00001eb148160/Zm00001eb148180/Zm00001eb160990/Zm00001eb244590/Zm00001eb259230/Zm00001eb374380/Zm00001eb382210/Zm00001eb383060/Zm00001eb386170/Zm00001eb388180/Zm00001eb389110/Zm00001eb389140,25
Fst_J_grain,MF,642,442,GO:0004650,polygalacturonase activity,1/442,69/27694,0.6709377299508774,0.773308969947584,0.6936452410152432,Zm00001eb001830,1
Fst_J_grain,BP,642,442,GO:0007166,cell surface receptor signaling pathway,1/442,69/27694,0.6709377299508774,0.773308969947584,0.6936452410152432,Zm00001eb114030,1
Fst_J_grain,BP,642,442,GO:0009737,response to abscisic acid,1/442,69/27694,0.6709377299508774,0.773308969947584,0.6936452410152432,Zm00001eb136360,1
Fst_J_grain,MF,642,442,GO:0016413,O-acetyltransferase activity,1/442,69/27694,0.6709377299508774,0.773308969947584,0.6936452410152432,Zm00001eb130530,1
Fst_J_grain,CC,642,442,GO:0009570,chloroplast stroma,2/442,144/27694,0.6719300501068947,0.773308969947584,0.6936452410152432,Zm00001eb146590/Zm00001eb211810,2
Fst_J_grain,MF,642,442,GO:0019843,rRNA binding,2/442,144/27694,0.6719300501068947,0.773308969947584,0.6936452410152432,Zm00001eb013020/Zm00001eb382210,2
Fst_J_grain,MF,642,442,GO:0003697,single-stranded DNA binding,1/442,71/27694,0.6813836701967982,0.782815565059719,0.7021724981841834,Zm00001eb146610,1
Fst_J_grain,BP,642,442,GO:0006869,lipid transport,1/442,74/27694,0.6964354700433363,0.7987092103993507,0.7164288328197002,Zm00001eb035780,1
Fst_J_grain,BP,642,442,GO:0006897,endocytosis,1/442,76/27694,0.7060737259389572,0.806941401073094,0.7238129704747426,Zm00001eb383140,1
Fst_J_grain,MF,642,442,GO:0051087,protein-folding chaperone binding,1/442,76/27694,0.7060737259389572,0.806941401073094,0.7238129704747426,Zm00001eb403850,1
Fst_J_grain,BP,642,442,GO:0002181,cytoplasmic translation,1/442,77/27694,0.7107777382908647,0.8094968686090402,0.7261051822086868,Zm00001eb381630,1
Fst_J_grain,BP,642,442,GO:0031146,SCF-dependent proteasomal ubiquitin-dependent protein catabolic process,1/442,77/27694,0.7107777382908647,0.8094968686090402,0.7261051822086868,Zm00001eb237210,1
Fst_J_grain,CC,642,442,GO:0005759,mitochondrial matrix,1/442,78/27694,0.7154066349731777,0.8124314939141931,0.7287374921342009,Zm00001eb421170,1
Fst_J_grain,BP,642,442,GO:0098869,cellular oxidant detoxification,3/442,231/27694,0.7158314077475665,0.8124314939141931,0.7287374921342009,Zm00001eb016270/Zm00001eb128620/Zm00001eb131620,3
Fst_J_grain,BP,642,442,GO:0006417,regulation of translation,1/442,79/27694,0.7199616127882797,0.8157054455072714,0.7316741720772862,Zm00001eb386170,1
Fst_J_grain,MF,642,442,GO:0005525,GTP binding,5/442,377/27694,0.7212029853570388,0.8157054455072714,0.7316741720772862,Zm00001eb016330/Zm00001eb127670/Zm00001eb129360/Zm00001eb131280/Zm00001eb146630,5
Fst_J_grain,MF,642,442,GO:0004386,helicase activity,3/442,234/27694,0.7239306982745193,0.8165552668048038,0.7324364475993025,Zm00001eb113530/Zm00001eb130630/Zm00001eb383060,3
Fst_J_grain,BP,642,442,GO:0000160,phosphorelay signal transduction system,1/442,80/27694,0.7244438495127985,0.8165552668048038,0.7324364475993025,Zm00001eb244160,1
Fst_J_grain,CC,642,442,GO:0005783,endoplasmic reticulum,8/442,590/27694,0.7273954681781127,0.8184758612776021,0.7341591887904036,Zm00001eb113570/Zm00001eb127670/Zm00001eb129140/Zm00001eb129300/Zm00001eb131280/Zm00001eb146620/Zm00001eb218090/Zm00001eb244140,8
Fst_J_grain,BP,642,442,GO:0009742,brassinosteroid mediated signaling pathway,1/442,81/27694,0.7288545041993828,0.8187132786897177,0.734372148247035,Zm00001eb120750,1
Fst_J_grain,MF,642,442,GO:0043130,ubiquitin binding,1/442,82/27694,0.7331947174737055,0.8221807430132492,0.7374824058799845,Zm00001eb146560,1
Fst_J_grain,BP,642,442,GO:0006811,monoatomic ion transport,6/442,461/27694,0.7470549768325772,0.8362936259422706,0.7501414263506568,Zm00001eb130310/Zm00001eb133960/Zm00001eb142370/Zm00001eb384340/Zm00001eb400750/Zm00001eb423070,6
Fst_J_grain,BP,642,442,GO:0071805,potassium ion transmembrane transport,1/442,86/27694,0.7498733402575402,0.8380185880901981,0.7516886886110732,Zm00001eb142370,1
Fst_J_grain,BP,642,442,GO:0009738,abscisic acid-activated signaling pathway,1/442,87/27694,0.753877831115486,0.841060981652651,0.7544176648649422,Zm00001eb146690,1
Fst_J_grain,MF,642,442,GO:0004497,monooxygenase activity,5/442,394/27694,0.7558872400021841,0.8418710177273901,0.7551442537060512,Zm00001eb030030/Zm00001eb142240/Zm00001eb245960/Zm00001eb385730/Zm00001eb387160,5
Fst_J_grain,BP,642,442,GO:0006325,chromatin organization,2/442,176/27694,0.7738759398188388,0.860445112747726,0.7718049069736502,Zm00001eb244180/Zm00001eb403860,2
Fst_J_grain,CC,642,442,GO:0009506,plasmodesma,1/442,96/27694,0.7871586700270169,0.8737328046323571,0.7837237448483435,Zm00001eb129440,1
Fst_J_grain,BP,642,442,GO:0008033,tRNA processing,1/442,99/27694,0.797222499894831,0.8819189880792733,0.7910666147886936,Zm00001eb131660,1
Fst_J_grain,MF,642,442,GO:0042393,histone binding,1/442,99/27694,0.797222499894831,0.8819189880792733,0.7910666147886936,Zm00001eb244180,1
Fst_J_grain,MF,642,442,GO:0008270,zinc ion binding,27/442,1943/27694,0.7994680550414626,0.882914215668686,0.7919593173279773,Zm00001eb016280/Zm00001eb094840/Zm00001eb125780/Zm00001eb127990/Zm00001eb128880/Zm00001eb129670/Zm00001eb136180/Zm00001eb137230/Zm00001eb138370/Zm00001eb142740/Zm00001eb146610/Zm00001eb148170/Zm00001eb238630/Zm00001eb241860/Zm00001eb243170/Zm00001eb244180/Zm00001eb245950/Zm00001eb252860/Zm00001eb259210/Zm00001eb374380/Zm00001eb374390/Zm00001eb374440/Zm00001eb388180/Zm00001eb389010/Zm00001eb398400/Zm00001eb418410/Zm00001eb428390,27
Fst_J_grain,BP,642,442,GO:0098542,defense response to other organism,2/442,189/27694,0.8067006492396465,0.8894044132793414,0.7977809162759176,Zm00001eb048060/Zm00001eb237910,2
Fst_J_grain,MF,642,442,GO:0004674,protein serine/threonine kinase activity,16/442,1207/27694,0.8098185638667454,0.8899472005387337,0.7982677873895254,Zm00001eb001780/Zm00001eb001880/Zm00001eb114030/Zm00001eb128790/Zm00001eb131710/Zm00001eb135940/Zm00001eb138310/Zm00001eb161750/Zm00001eb161760/Zm00001eb232260/Zm00001eb242370/Zm00001eb383140/Zm00001eb385300/Zm00001eb386160/Zm00001eb386410/Zm00001eb403680,16
Fst_J_grain,BP,642,442,GO:0006096,glycolytic process,1/442,103/27694,0.8099062175634513,0.8899472005387337,0.7982677873895254,Zm00001eb128890,1
Fst_J_grain,BP,642,442,GO:0045892,negative regulation of DNA-templated transcription,1/442,105/27694,0.8159480391865322,0.8950868122180019,0.8028779332956726,Zm00001eb389000,1
Fst_J_grain,MF,642,442,GO:0016874,ligase activity,4/442,356/27694,0.8221033551643657,0.8993361631101853,0.8066895301325315,Zm00001eb125780/Zm00001eb242380/Zm00001eb259210/Zm00001eb403670,4
Fst_J_grain,BP,642,442,GO:0006979,response to oxidative stress,2/442,196/27694,0.8225635638202915,0.8993361631101853,0.8066895301325315,Zm00001eb016270/Zm00001eb128620,2
Fst_J_grain,MF,642,442,GO:0003724,RNA helicase activity,1/442,109/27694,0.8274629192614503,0.9031874792604182,0.8101440964482893,Zm00001eb383060,1
Fst_J_grain,BP,642,442,GO:0034220,monoatomic ion transmembrane transport,1/442,110/27694,0.830227515588673,0.9031994199438963,0.8101548070421022,Zm00001eb423070,1
Fst_J_grain,MF,642,442,GO:0051213,dioxygenase activity,1/442,110/27694,0.830227515588673,0.9031994199438963,0.8101548070421022,Zm00001eb418230,1
Fst_J_grain,MF,642,442,GO:0003924,GTPase activity,3/442,285/27694,0.8354896948393375,0.9074192712162341,0.8139399432122512,Zm00001eb127670/Zm00001eb129360/Zm00001eb131280,3
Fst_J_grain,BP,642,442,GO:0009101,glycoprotein biosynthetic process,1/442,118/27694,0.8508109529648471,0.9225322068511399,0.8274959942711607,Zm00001eb244510,1
Fst_J_grain,MF,642,442,GO:0140359,ABC-type transporter activity,1/442,119/27694,0.8532022192394895,0.9235984419490183,0.8284523893605605,Zm00001eb372020,1
Fst_J_grain,MF,642,442,GO:0020037,heme binding,6/442,539/27694,0.862566297974671,0.9321968558012919,0.8361650230951897,Zm00001eb030030/Zm00001eb128620/Zm00001eb142240/Zm00001eb245960/Zm00001eb385730/Zm00001eb387160,6
Fst_J_grain,BP,642,442,GO:0071555,cell wall organization,4/442,386/27694,0.8664552294670803,0.9348595896881656,0.8385534509558483,Zm00001eb145810/Zm00001eb237240/Zm00001eb380890/Zm00001eb382500,4
Fst_J_grain,MF,642,442,GO:0030170,pyridoxal phosphate binding,1/442,128/27694,0.8730739118478548,0.9404540002827467,0.8435715438993188,Zm00001eb243180,1
Fst_J_grain,BP,642,442,GO:0006468,protein phosphorylation,19/442,1495/27694,0.8747153412539639,0.9406774817419676,0.8437720030387676,Zm00001eb001780/Zm00001eb001810/Zm00001eb001880/Zm00001eb114030/Zm00001eb128790/Zm00001eb131710/Zm00001eb135940/Zm00001eb138310/Zm00001eb161750/Zm00001eb161760/Zm00001eb232260/Zm00001eb242370/Zm00001eb385300/Zm00001eb386160/Zm00001eb386180/Zm00001eb386410/Zm00001eb388720/Zm00001eb388940/Zm00001eb403680,19
Fst_J_grain,CC,642,442,GO:0012505,endomembrane system,5/442,474/27694,0.8767883850028063,0.941363634307432,0.8443874704394329,Zm00001eb129310/Zm00001eb133960/Zm00001eb381660/Zm00001eb386140/Zm00001eb400730,5
Fst_J_grain,BP,642,442,GO:0006633,fatty acid biosynthetic process,1/442,133/27694,0.8829292913575888,0.9448639724805518,0.8475272153668622,Zm00001eb379940,1
Fst_J_grain,BP,642,442,GO:0010468,regulation of gene expression,1/442,133/27694,0.8829292913575888,0.9448639724805518,0.8475272153668622,Zm00001eb388180,1
Fst_J_grain,MF,642,442,GO:0008236,serine-type peptidase activity,1/442,135/27694,0.8866542108919457,0.9473048246663134,0.8497166190443987,Zm00001eb403910,1
Fst_J_grain,BP,642,442,GO:0051707,response to other organism,1/442,138/27694,0.8920210304530489,0.9514890991499189,0.8534698434287624,Zm00001eb385300,1
Fst_J_grain,CC,642,442,GO:0005730,nucleolus,3/442,325/27694,0.8935589876102981,0.9515822984940836,0.8535534416851618,Zm00001eb001860/Zm00001eb094840/Zm00001eb374430,3
Fst_J_grain,BP,642,442,GO:0006470,protein dephosphorylation,1/442,140/27694,0.8954572902135576,0.9520583182821617,0.8539804234912203,Zm00001eb244550,1
Fst_J_grain,MF,642,442,GO:0000976,transcription cis-regulatory region binding,6/442,573/27694,0.8971658513719823,0.9523313891586092,0.8542253635103699,Zm00001eb129290/Zm00001eb138370/Zm00001eb146230/Zm00001eb244180/Zm00001eb384320/Zm00001eb396160,6
Fst_J_grain,MF,642,442,GO:0004672,protein kinase activity,19/442,1536/27694,0.9000217536280212,0.9538194998061096,0.8555601739274958,Zm00001eb001780/Zm00001eb001880/Zm00001eb114030/Zm00001eb128790/Zm00001eb131710/Zm00001eb135940/Zm00001eb138310/Zm00001eb161750/Zm00001eb161760/Zm00001eb225060/Zm00001eb232260/Zm00001eb242370/Zm00001eb385300/Zm00001eb386160/Zm00001eb386180/Zm00001eb386410/Zm00001eb388720/Zm00001eb388940/Zm00001eb403680,19
Fst_J_grain,MF,642,442,GO:0003743,translation initiation factor activity,1/442,146/27694,0.9051251049121093,0.9576807561650705,0.8590236564445997,Zm00001eb131310,1
Fst_J_grain,BP,642,442,GO:0006413,translational initiation,1/442,148/27694,0.9081452179682326,0.9577865964423802,0.8591185934070774,Zm00001eb131310,1
Fst_J_grain,MF,642,442,GO:0008289,lipid binding,1/442,148/27694,0.9081452179682326,0.9577865964423802,0.8591185934070774,Zm00001eb035780,1
Fst_J_grain,BP,642,442,GO:0043161,proteasome-mediated ubiquitin-dependent protein catabolic process,1/442,149/27694,0.9096191094101131,0.9578011810161062,0.8591316755263214,Zm00001eb153580,1
Fst_J_grain,BP,642,442,GO:0006629,lipid metabolic process,6/442,590/27694,0.9114842281251809,0.9582270090546774,0.8595136361706751,Zm00001eb120460/Zm00001eb127240/Zm00001eb130340/Zm00001eb142240/Zm00001eb403760/Zm00001eb403920,6
Fst_J_grain,BP,642,442,GO:0032259,methylation,4/442,434/27694,0.9176987551610234,0.9632166134170103,0.8639892280168625,Zm00001eb048090/Zm00001eb155940/Zm00001eb232020/Zm00001eb374430,4
Fst_J_grain,BP,642,442,GO:0035556,intracellular signal transduction,1/442,159/27694,0.923120433304883,0.9664608902874523,0.8668992902289568,Zm00001eb232260,1
Fst_J_grain,BP,642,442,GO:0006364,rRNA processing,1/442,161/27694,0.9255688546557337,0.9664608902874523,0.8668992902289568,Zm00001eb048090,1
Fst_J_grain,CC,642,442,GO:0022625,cytosolic large ribosomal subunit,1/442,161/27694,0.9255688546557337,0.9664608902874523,0.8668992902289568,Zm00001eb381630,1
Fst_J_grain,MF,642,442,GO:0004252,serine-type endopeptidase activity,1/442,163/27694,0.9279394707274653,0.9664608902874523,0.8668992902289568,Zm00001eb403910,1
Fst_J_grain,MF,642,442,GO:0008168,methyltransferase activity,4/442,447/27694,0.9281560379284983,0.9664608902874523,0.8668992902289568,Zm00001eb048090/Zm00001eb155940/Zm00001eb232020/Zm00001eb374430,4
Fst_J_grain,MF,642,442,GO:0009055,electron transfer activity,1/442,167/27694,0.9324570771685439,0.9670399890832476,0.867418732184749,Zm00001eb129310,1
Fst_J_grain,BP,642,442,GO:0009734,auxin-activated signaling pathway,1/442,168/27694,0.9335416113310573,0.9670399890832476,0.867418732184749,Zm00001eb129570,1
Fst_J_grain,MF,642,442,GO:0016301,kinase activity,21/442,1751/27694,0.9338668441057284,0.9670399890832476,0.867418732184749,Zm00001eb001780/Zm00001eb001870/Zm00001eb001880/Zm00001eb094750/Zm00001eb114030/Zm00001eb128610/Zm00001eb128790/Zm00001eb128890/Zm00001eb131710/Zm00001eb135940/Zm00001eb138310/Zm00001eb142350/Zm00001eb161750/Zm00001eb161760/Zm00001eb232260/Zm00001eb385300/Zm00001eb386160/Zm00001eb386410/Zm00001eb400760/Zm00001eb403680/Zm00001eb403690,21
Fst_J_grain,BP,642,442,GO:0042744,hydrogen peroxide catabolic process,1/442,169/27694,0.9346087699371631,0.9670399890832476,0.867418732184749,Zm00001eb128620,1
Fst_J_grain,BP,642,442,GO:0006952,defense response,4/442,461/27694,0.9380667141594896,0.9682282931750235,0.8684846211245799,Zm00001eb137240/Zm00001eb137280/Zm00001eb232030/Zm00001eb388440,4
Fst_J_grain,BP,642,442,GO:0006338,chromatin remodeling,1/442,173/27694,0.9387091378952971,0.9682282931750235,0.8684846211245799,Zm00001eb382210,1
Fst_J_grain,MF,642,442,GO:0050660,flavin adenine dinucleotide binding,1/442,185/27694,0.9495339087915258,0.9778559563065007,0.8771204742864794,Zm00001eb384940,1
Fst_J_grain,BP,642,442,GO:0007165,signal transduction,4/442,487/27694,0.9532440733521607,0.9801381067696198,0.8791675251672296,Zm00001eb161750/Zm00001eb161760/Zm00001eb383140/Zm00001eb386410,4
Fst_J_grain,CC,642,442,GO:1990904,ribonucleoprotein complex,7/442,763/27694,0.961600071082493,0.9867723036697992,0.8851182890748042,Zm00001eb001840/Zm00001eb013020/Zm00001eb127780/Zm00001eb127790/Zm00001eb381630/Zm00001eb382210/Zm00001eb386170,7
Fst_J_grain,MF,642,442,GO:0004721,phosphoprotein phosphatase activity,1/442,208/27694,0.9652354382390851,0.9867723036697992,0.8851182890748042,Zm00001eb244550,1
Fst_J_grain,MF,642,442,GO:0051536,iron-sulfur cluster binding,1/442,208/27694,0.9652354382390851,0.9867723036697992,0.8851182890748042,Zm00001eb241860,1
Fst_J_grain,BP,642,442,GO:0006457,protein folding,2/442,322/27694,0.965713138652456,0.9867723036697992,0.8851182890748042,Zm00001eb383180/Zm00001eb403850,2
Fst_J_grain,CC,642,442,GO:0009535,chloroplast thylakoid membrane,1/442,226/27694,0.974036325056901,0.9907899018996744,0.8887220076410752,Zm00001eb218390,1
Fst_J_grain,MF,642,442,GO:0005509,calcium ion binding,2/442,349/27694,0.976335208203386,0.9907899018996744,0.8887220076410752,Zm00001eb131620/Zm00001eb139490,2
Fst_J_grain,BP,642,442,GO:1902600,proton transmembrane transport,1/442,233/27694,0.9768237125791404,0.9907899018996744,0.8887220076410752,Zm00001eb133960,1
Fst_J_grain,CC,642,442,GO:0005886,plasma membrane,20/442,1844/27694,0.9770555281651303,0.9907899018996744,0.8887220076410752,Zm00001eb001780/Zm00001eb001900/Zm00001eb114030/Zm00001eb129310/Zm00001eb130310/Zm00001eb130550/Zm00001eb131620/Zm00001eb138310/Zm00001eb142370/Zm00001eb146520/Zm00001eb232030/Zm00001eb245940/Zm00001eb372020/Zm00001eb381180/Zm00001eb382220/Zm00001eb384620/Zm00001eb386140/Zm00001eb386160/Zm00001eb386180/Zm00001eb400740,20
Fst_J_grain,MF,642,442,GO:0008017,microtubule binding,1/442,234/27694,0.9771967477577581,0.9907899018996744,0.8887220076410752,Zm00001eb396170,1
Fst_J_grain,CC,642,442,GO:0005840,ribosome,5/442,657/27694,0.9804828133989945,0.9925875394903402,0.8903344585608154,Zm00001eb001840/Zm00001eb013020/Zm00001eb135920/Zm00001eb381630/Zm00001eb382210,5
Fst_J_grain,BP,642,442,GO:0015979,photosynthesis,1/442,249/27694,0.9821244430792512,0.9927174648073788,0.8904509994019973,Zm00001eb128890,1
Fst_J_grain,CC,642,442,GO:0009507,chloroplast,7/442,852/27694,0.9837345051975083,0.9928126691393487,0.8905363960989988,Zm00001eb013020/Zm00001eb129280/Zm00001eb131760/Zm00001eb133800/Zm00001eb136360/Zm00001eb218070/Zm00001eb222940,7
Fst_J_grain,MF,642,442,GO:0004722,protein serine/threonine phosphatase activity,1/442,267/27694,0.9866556323740403,0.9928126691393487,0.8905363960989988,Zm00001eb244550,1
Fst_J_grain,CC,642,442,GO:0005789,endoplasmic reticulum membrane,3/442,498/27694,0.986782168454033,0.9928126691393487,0.8905363960989988,Zm00001eb128860/Zm00001eb389050/Zm00001eb396150,3
Fst_J_grain,MF,642,442,GO:0003729,mRNA binding,5/442,703/27694,0.9882723672987725,0.9928126691393487,0.8905363960989988,Zm00001eb128200/Zm00001eb244590/Zm00001eb259230/Zm00001eb374380/Zm00001eb388180,5
Fst_J_grain,MF,642,442,GO:0016887,ATP hydrolysis activity,3/442,530/27694,0.9912479497855159,0.994279289081496,0.891851929712061,Zm00001eb372020/Zm00001eb374440/Zm00001eb383180,3
Fst_J_grain,MF,642,442,GO:0003735,structural constituent of ribosome,3/442,616/27694,0.9971944517972016,0.9987168860747546,0.8958323801601217,Zm00001eb001840/Zm00001eb013020/Zm00001eb381630,3
Fst_J_grain,BP,642,442,GO:0006412,translation,3/442,774/27694,0.999682735249549,0.999682735249549,0.8966987307517619,Zm00001eb001840/Zm00001eb013020/Zm00001eb381630,3
