gene_set,ontology,n_input_genes,n_mapped_genes,ID,Description,GeneRatio,BgRatio,pvalue,p.adjust,qvalue,geneID,Count
GWAS_Asn_Goodman,MF,754,538,GO:0047372,monoacylglycerol lipase activity,5/538,17/27694,1.3852348797278223e-5,0.008087568679497507,0.007897337223116769,Zm00001eb019170/Zm00001eb038250/Zm00001eb038270/Zm00001eb038280/Zm00001eb038290,5
GWAS_Asn_Goodman,BP,754,538,GO:0046148,pigment biosynthetic process,5/538,18/27694,1.8874139275373412e-5,0.008087568679497507,0.007897337223116769,Zm00001eb014350/Zm00001eb014370/Zm00001eb014390/Zm00001eb014420/Zm00001eb014430,5
GWAS_Asn_Goodman,MF,754,538,GO:0016298,lipase activity,6/538,46/27694,2.5319714318635826e-4,0.07232998390356968,0.07062867678356309,Zm00001eb019170/Zm00001eb025780/Zm00001eb038250/Zm00001eb038270/Zm00001eb038280/Zm00001eb038290,6
GWAS_Asn_Goodman,MF,754,538,GO:0004620,phospholipase activity,5/538,33/27694,4.1111427245758554e-4,0.0880812328740377,0.086009433316784345,Zm00001eb019170/Zm00001eb038250/Zm00001eb038270/Zm00001eb038280/Zm00001eb038290,5
GWAS_Asn_Goodman,MF,754,538,GO:0046577,long-chain-alcohol oxidase activity,2/538,3/27694,0.0011155308413642643,0.1912019862098349,0.18670463555465056,Zm00001eb045960/Zm00001eb045990,2
GWAS_Asn_Goodman,BP,754,538,GO:0009830,cell wall modification involved in abscission,2/538,4/27694,0.0022023186728989926,0.258765408182271,0.2526788669224411,Zm00001eb061770/Zm00001eb061780,2
GWAS_Asn_Goodman,BP,754,538,GO:0006271,DNA strand elongation involved in DNA replication,3/538,16/27694,0.003381202846290176,0.258765408182271,0.2526788669224411,Zm00001eb002150/Zm00001eb002170/Zm00001eb028400,3
GWAS_Asn_Goodman,MF,754,538,GO:0004813,alanine-tRNA ligase activity,2/538,5/27694,0.003623319601151986,0.258765408182271,0.2526788669224411,Zm00001eb033310/Zm00001eb033320,2
GWAS_Asn_Goodman,BP,754,538,GO:0006419,alanyl-tRNA aminoacylation,2/538,5/27694,0.003623319601151986,0.258765408182271,0.2526788669224411,Zm00001eb033310/Zm00001eb033320,2
GWAS_Asn_Goodman,BP,754,538,GO:0010047,fruit dehiscence,2/538,5/27694,0.003623319601151986,0.258765408182271,0.2526788669224411,Zm00001eb061770/Zm00001eb061780,2
GWAS_Asn_Goodman,MF,754,538,GO:0015203,polyamine transmembrane transporter activity,2/538,5/27694,0.003623319601151986,0.258765408182271,0.2526788669224411,Zm00001eb018250/Zm00001eb018270,2
GWAS_Asn_Goodman,MF,754,538,GO:0016807,cysteine-type carboxypeptidase activity,2/538,5/27694,0.003623319601151986,0.258765408182271,0.2526788669224411,Zm00001eb033290/Zm00001eb033330,2
GWAS_Asn_Goodman,MF,754,538,GO:0004497,monooxygenase activity,16/538,394/27694,0.004771279164137283,0.2967597265144246,0.2897795032598017,Zm00001eb003230/Zm00001eb003240/Zm00001eb003290/Zm00001eb003300/Zm00001eb004710/Zm00001eb009300/Zm00001eb009340/Zm00001eb015820/Zm00001eb017640/Zm00001eb021550/Zm00001eb023540/Zm00001eb033010/Zm00001eb040240/Zm00001eb043620/Zm00001eb043630/Zm00001eb048540,16
GWAS_Asn_Goodman,MF,754,538,GO:0016705,"oxidoreductase activity, acting on paired donors, with incorporation or reduction of molecular oxygen",14/538,325/27694,0.004847883513654544,0.2967597265144246,0.2897795032598017,Zm00001eb003230/Zm00001eb003240/Zm00001eb003290/Zm00001eb003300/Zm00001eb009300/Zm00001eb009340/Zm00001eb015820/Zm00001eb017640/Zm00001eb021550/Zm00001eb033010/Zm00001eb040240/Zm00001eb043620/Zm00001eb043630/Zm00001eb048540,14
GWAS_Asn_Goodman,BP,754,538,GO:0009901,anther dehiscence,2/538,6/27694,0.005365186326424364,0.30653097878304536,0.29932092136893823,Zm00001eb061770/Zm00001eb061780,2
GWAS_Asn_Goodman,MF,754,538,GO:0015293,symporter activity,6/538,85/27694,0.006271145629186943,0.3275852415706092,0.31987995707011524,Zm00001eb008070/Zm00001eb008080/Zm00001eb008810/Zm00001eb018250/Zm00001eb018270/Zm00001eb027550,6
GWAS_Asn_Goodman,MF,754,538,GO:0080115,myosin XI tail binding,3/538,20/27694,0.006498190322870894,0.3275852415706092,0.31987995707011524,Zm00001eb041080/Zm00001eb046550/Zm00001eb060170,3
GWAS_Asn_Goodman,MF,754,538,GO:0000036,acyl carrier activity,3/538,21/27694,0.007473194615759847,0.33708040977400994,0.3291517850154614,Zm00001eb023370/Zm00001eb023380/Zm00001eb040040,3
GWAS_Asn_Goodman,BP,754,538,GO:0006857,oligopeptide transport,3/538,21/27694,0.007473194615759847,0.33708040977400994,0.3291517850154614,Zm00001eb000390/Zm00001eb009990/Zm00001eb023610,3
GWAS_Asn_Goodman,BP,754,538,GO:0009637,response to blue light,3/538,23/27694,0.00967000478585855,0.34851589884984535,0.3403182946454917,Zm00001eb001860/Zm00001eb031340/Zm00001eb038710,3
GWAS_Asn_Goodman,MF,754,538,GO:0016614,"oxidoreductase activity, acting on CH-OH group of donors",3/538,23/27694,0.00967000478585855,0.34851589884984535,0.3403182946454917,Zm00001eb021500/Zm00001eb045960/Zm00001eb045990,3
GWAS_Asn_Goodman,BP,754,538,GO:0006308,DNA catabolic process,2/538,8/27694,0.009760071846436742,0.34851589884984535,0.3403182946454917,Zm00001eb014130/Zm00001eb043930,2
GWAS_Asn_Goodman,BP,754,538,GO:0010492,maintenance of shoot apical meristem identity,2/538,8/27694,0.009760071846436742,0.34851589884984535,0.3403182946454917,Zm00001eb010160/Zm00001eb020470,2
GWAS_Asn_Goodman,BP,754,538,GO:0034244,negative regulation of transcription elongation by RNA polymerase II,2/538,8/27694,0.009760071846436742,0.34851589884984535,0.3403182946454917,Zm00001eb008580/Zm00001eb024600,2
GWAS_Asn_Goodman,MF,754,538,GO:0070006,metalloaminopeptidase activity,3/538,24/27694,0.010894444211594292,0.36609591556488735,0.357484803628429,Zm00001eb028090/Zm00001eb028540/Zm00001eb043920,3
GWAS_Asn_Goodman,MF,754,538,GO:0004675,transmembrane receptor protein serine/threonine kinase activity,4/538,46/27694,0.01207070982586375,0.36609591556488735,0.357484803628429,Zm00001eb041050/Zm00001eb047260/Zm00001eb047270/Zm00001eb058940,4
GWAS_Asn_Goodman,BP,754,538,GO:0007178,cell surface receptor protein serine/threonine kinase signaling pathway,4/538,46/27694,0.01207070982586375,0.36609591556488735,0.357484803628429,Zm00001eb041050/Zm00001eb047260/Zm00001eb047270/Zm00001eb058940,4
GWAS_Asn_Goodman,BP,754,538,GO:0019538,protein metabolic process,2/538,9/27694,0.012388309861588953,0.36609591556488735,0.357484803628429,Zm00001eb028090/Zm00001eb028540,2
GWAS_Asn_Goodman,MF,754,538,GO:1990380,K48-linked deubiquitinase activity,2/538,9/27694,0.012388309861588953,0.36609591556488735,0.357484803628429,Zm00001eb033290/Zm00001eb033330,2
GWAS_Asn_Goodman,BP,754,538,GO:0010167,response to nitrate,2/538,10/27694,0.015287832639538692,0.4252037607912578,0.4152023457950623,Zm00001eb000390/Zm00001eb023610,2
GWAS_Asn_Goodman,BP,754,538,GO:0006633,fatty acid biosynthetic process,7/538,133/27694,0.01538076614297432,0.4252037607912578,0.4152023457950623,Zm00001eb000710/Zm00001eb009340/Zm00001eb023370/Zm00001eb023380/Zm00001eb025490/Zm00001eb040040/Zm00001eb046050,7
GWAS_Asn_Goodman,BP,754,538,GO:0016042,lipid catabolic process,7/538,134/27694,0.01596642910999657,0.42760092960209567,0.41754312968576557,Zm00001eb019170/Zm00001eb021510/Zm00001eb038250/Zm00001eb038270/Zm00001eb038280/Zm00001eb038290/Zm00001eb046570,7
GWAS_Asn_Goodman,MF,754,538,GO:0016765,"transferase activity, transferring alkyl or aryl (other than methyl) groups",3/538,28/27694,0.016655183801874338,0.43253007630928203,0.42235633564561714,Zm00001eb005400/Zm00001eb006830/Zm00001eb008090,3
GWAS_Asn_Goodman,MF,754,538,GO:0008199,ferric iron binding,2/538,11/27694,0.018447148264118446,0.4391446128430419,0.4288152885957358,Zm00001eb010130/Zm00001eb010140,2
GWAS_Asn_Goodman,MF,754,538,GO:0008574,plus-end-directed microtubule motor activity,2/538,11/27694,0.018447148264118446,0.4391446128430419,0.4288152885957358,Zm00001eb004250/Zm00001eb025840,2
GWAS_Asn_Goodman,BP,754,538,GO:1902074,response to salt,2/538,11/27694,0.018447148264118446,0.4391446128430419,0.4288152885957358,Zm00001eb002510/Zm00001eb043610,2
GWAS_Asn_Goodman,MF,754,538,GO:0008146,sulfotransferase activity,2/538,12/27694,0.021855107494928437,0.4755680170752384,0.4643819610327514,Zm00001eb053040/Zm00001eb053050,2
GWAS_Asn_Goodman,MF,754,538,GO:0022857,transmembrane transporter activity,17/538,515/27694,0.02470119761883603,0.4755680170752384,0.4643819610327514,Zm00001eb000390/Zm00001eb000980/Zm00001eb001900/Zm00001eb006630/Zm00001eb008070/Zm00001eb008080/Zm00001eb008790/Zm00001eb008810/Zm00001eb009990/Zm00001eb018200/Zm00001eb018230/Zm00001eb018250/Zm00001eb018270/Zm00001eb021430/Zm00001eb023610/Zm00001eb027550/Zm00001eb051610,17
GWAS_Asn_Goodman,BP,754,538,GO:0010229,inflorescence development,2/538,13/27694,0.025500894830823854,0.4755680170752384,0.4643819610327514,Zm00001eb015560/Zm00001eb040080,2
GWAS_Asn_Goodman,MF,754,538,GO:0016790,thiolester hydrolase activity,2/538,13/27694,0.025500894830823854,0.4755680170752384,0.4643819610327514,Zm00001eb023370/Zm00001eb023380,2
GWAS_Asn_Goodman,CC,754,538,GO:0031966,mitochondrial membrane,3/538,33/27694,0.025836987146728257,0.4755680170752384,0.4643819610327514,Zm00001eb005400/Zm00001eb013460/Zm00001eb024460,3
GWAS_Asn_Goodman,MF,754,538,GO:0005506,iron ion binding,15/538,442/27694,0.027161919447032473,0.4755680170752384,0.4643819610327514,Zm00001eb003230/Zm00001eb003240/Zm00001eb003290/Zm00001eb003300/Zm00001eb009300/Zm00001eb009340/Zm00001eb015820/Zm00001eb017640/Zm00001eb021550/Zm00001eb027570/Zm00001eb033010/Zm00001eb040240/Zm00001eb043620/Zm00001eb043630/Zm00001eb048540,15
GWAS_Asn_Goodman,MF,754,538,GO:0003676,nucleic acid binding,28/538,978/27694,0.027537143672796395,0.4755680170752384,0.4643819610327514,Zm00001eb000360/Zm00001eb001700/Zm00001eb001860/Zm00001eb003770/Zm00001eb005010/Zm00001eb005390/Zm00001eb006460/Zm00001eb008630/Zm00001eb012660/Zm00001eb014130/Zm00001eb015560/Zm00001eb017630/Zm00001eb018140/Zm00001eb020470/Zm00001eb021520/Zm00001eb023860/Zm00001eb024200/Zm00001eb026820/Zm00001eb028170/Zm00001eb031660/Zm00001eb033310/Zm00001eb033320/Zm00001eb035740/Zm00001eb038700/Zm00001eb040090/Zm00001eb043930/Zm00001eb044130/Zm00001eb053020,28
GWAS_Asn_Goodman,MF,754,538,GO:0004177,aminopeptidase activity,3/538,36/27694,0.03240731013940071,0.4755680170752384,0.4643819610327514,Zm00001eb028090/Zm00001eb028540/Zm00001eb043920,3
GWAS_Asn_Goodman,BP,754,538,GO:0007033,vacuole organization,2/538,15/27694,0.033464308403501106,0.4755680170752384,0.4643819610327514,Zm00001eb003730/Zm00001eb019420,2
GWAS_Asn_Goodman,MF,754,538,GO:0008097,5S rRNA binding,2/538,15/27694,0.033464308403501106,0.4755680170752384,0.4643819610327514,Zm00001eb002520/Zm00001eb005360,2
GWAS_Asn_Goodman,CC,754,538,GO:0008180,COP9 signalosome,2/538,15/27694,0.033464308403501106,0.4755680170752384,0.4643819610327514,Zm00001eb001110/Zm00001eb008060,2
GWAS_Asn_Goodman,BP,754,538,GO:1901001,negative regulation of response to salt stress,2/538,15/27694,0.033464308403501106,0.4755680170752384,0.4643819610327514,Zm00001eb047260/Zm00001eb058940,2
GWAS_Asn_Goodman,BP,754,538,GO:0006833,water transport,3/538,37/27694,0.03477269523746319,0.4755680170752384,0.4643819610327514,Zm00001eb003730/Zm00001eb005410/Zm00001eb040030,3
GWAS_Asn_Goodman,MF,754,538,GO:0016853,isomerase activity,12/538,340/27694,0.03501819437482217,0.4755680170752384,0.4643819610327514,Zm00001eb004240/Zm00001eb005010/Zm00001eb008360/Zm00001eb014110/Zm00001eb018150/Zm00001eb018480/Zm00001eb018490/Zm00001eb019180/Zm00001eb021200/Zm00001eb028810/Zm00001eb039360/Zm00001eb057800,12
GWAS_Asn_Goodman,BP,754,538,GO:0006260,DNA replication,6/538,126/27694,0.03668137974539876,0.4755680170752384,0.4643819610327514,Zm00001eb002150/Zm00001eb002170/Zm00001eb008630/Zm00001eb024430/Zm00001eb028400/Zm00001eb031810,6
GWAS_Asn_Goodman,MF,754,538,GO:0016297,fatty acyl-[ACP] hydrolase activity,2/538,16/27694,0.03776189491167412,0.4755680170752384,0.4643819610327514,Zm00001eb023370/Zm00001eb023380,2
GWAS_Asn_Goodman,MF,754,538,GO:0003723,RNA binding,43/538,1677/27694,0.03915435858957015,0.4755680170752384,0.4643819610327514,Zm00001eb000910/Zm00001eb001700/Zm00001eb001840/Zm00001eb002260/Zm00001eb003570/Zm00001eb003770/Zm00001eb004240/Zm00001eb004290/Zm00001eb005350/Zm00001eb006330/Zm00001eb006340/Zm00001eb006460/Zm00001eb008100/Zm00001eb008320/Zm00001eb008620/Zm00001eb010330/Zm00001eb011470/Zm00001eb012220/Zm00001eb012660/Zm00001eb015140/Zm00001eb015560/Zm00001eb018140/Zm00001eb018470/Zm00001eb018490/Zm00001eb019320/Zm00001eb020470/Zm00001eb021520/Zm00001eb023860/Zm00001eb024200/Zm00001eb025050/Zm00001eb025700/Zm00001eb026820/Zm00001eb028170/Zm00001eb033310/Zm00001eb033320/Zm00001eb039740/Zm00001eb040090/Zm00001eb040600/Zm00001eb042380/Zm00001eb044130/Zm00001eb045620/Zm00001eb053020/Zm00001eb061760,43
GWAS_Asn_Goodman,MF,754,538,GO:0005509,calcium ion binding,12/538,349/27694,0.04135594507490455,0.4755680170752384,0.4643819610327514,Zm00001eb002180/Zm00001eb002430/Zm00001eb015800/Zm00001eb023890/Zm00001eb028550/Zm00001eb034290/Zm00001eb034330/Zm00001eb034370/Zm00001eb034390/Zm00001eb041090/Zm00001eb046070/Zm00001eb060140,12
GWAS_Asn_Goodman,BP,754,538,GO:0006012,galactose metabolic process,2/538,17/27694,0.04225721366803247,0.4755680170752384,0.4643819610327514,Zm00001eb014110/Zm00001eb015130,2
GWAS_Asn_Goodman,MF,754,538,GO:0140566,histone reader activity,2/538,17/27694,0.04225721366803247,0.4755680170752384,0.4643819610327514,Zm00001eb008580/Zm00001eb024600,2
GWAS_Asn_Goodman,MF,754,538,GO:0016772,"transferase activity, transferring phosphorus-containing groups",3/538,40/27694,0.042386999803892524,0.4755680170752384,0.4643819610327514,Zm00001eb001000/Zm00001eb007080/Zm00001eb010380,3
GWAS_Asn_Goodman,BP,754,538,GO:0017148,negative regulation of translation,3/538,40/27694,0.042386999803892524,0.4755680170752384,0.4643819610327514,Zm00001eb000340/Zm00001eb044130/Zm00001eb060190,3
GWAS_Asn_Goodman,BP,754,538,GO:0007166,cell surface receptor signaling pathway,4/538,69/27694,0.04530989437024078,0.4755680170752384,0.4643819610327514,Zm00001eb004320/Zm00001eb009320/Zm00001eb034290/Zm00001eb034370,4
GWAS_Asn_Goodman,CC,754,538,GO:0005765,lysosomal membrane,2/538,18/27694,0.046940991236562944,0.4755680170752384,0.4643819610327514,Zm00001eb007810/Zm00001eb029720,2
GWAS_Asn_Goodman,MF,754,538,GO:0019900,kinase binding,2/538,18/27694,0.046940991236562944,0.4755680170752384,0.4643819610327514,Zm00001eb001680/Zm00001eb023890,2
GWAS_Asn_Goodman,BP,754,538,GO:0031145,anaphase-promoting complex-dependent catabolic process,2/538,18/27694,0.046940991236562944,0.4755680170752384,0.4643819610327514,Zm00001eb001710/Zm00001eb010020,2
GWAS_Asn_Goodman,BP,754,538,GO:0016998,cell wall macromolecule catabolic process,2/538,19/27694,0.05180423868344516,0.4755680170752384,0.4643819610327514,Zm00001eb007850/Zm00001eb022500,2
GWAS_Asn_Goodman,CC,754,538,GO:0005763,mitochondrial small ribosomal subunit,2/538,20/27694,0.05683824405684231,0.4755680170752384,0.4643819610327514,Zm00001eb003570/Zm00001eb021260,2
GWAS_Asn_Goodman,MF,754,538,GO:0015112,nitrate transmembrane transporter activity,2/538,20/27694,0.05683824405684231,0.4755680170752384,0.4643819610327514,Zm00001eb000390/Zm00001eb023610,2
GWAS_Asn_Goodman,CC,754,538,GO:0043625,delta DNA polymerase complex,2/538,20/27694,0.05683824405684231,0.4755680170752384,0.4643819610327514,Zm00001eb002150/Zm00001eb002170,2
GWAS_Asn_Goodman,BP,754,538,GO:0000025,maltose catabolic process,1/538,3/27694,0.05715694954346506,0.4755680170752384,0.4643819610327514,Zm00001eb016430,1
GWAS_Asn_Goodman,MF,754,538,GO:0000064,L-ornithine transmembrane transporter activity,1/538,3/27694,0.05715694954346506,0.4755680170752384,0.4643819610327514,Zm00001eb024460,1
GWAS_Asn_Goodman,BP,754,538,GO:0002218,activation of innate immune response,1/538,3/27694,0.05715694954346506,0.4755680170752384,0.4643819610327514,Zm00001eb003770,1
GWAS_Asn_Goodman,MF,754,538,GO:0003979,UDP-glucose 6-dehydrogenase activity,1/538,3/27694,0.05715694954346506,0.4755680170752384,0.4643819610327514,Zm00001eb057810,1
GWAS_Asn_Goodman,MF,754,538,GO:0004475,mannose-1-phosphate guanylyltransferase (GTP) activity,1/538,3/27694,0.05715694954346506,0.4755680170752384,0.4643819610327514,Zm00001eb012020,1
GWAS_Asn_Goodman,MF,754,538,GO:0004760,L-serine-pyruvate transaminase activity,1/538,3/27694,0.05715694954346506,0.4755680170752384,0.4643819610327514,Zm00001eb034320,1
GWAS_Asn_Goodman,CC,754,538,GO:0005785,signal recognition particle receptor complex,1/538,3/27694,0.05715694954346506,0.4755680170752384,0.4643819610327514,Zm00001eb000480,1
GWAS_Asn_Goodman,BP,754,538,GO:0006024,glycosaminoglycan biosynthetic process,1/538,3/27694,0.05715694954346506,0.4755680170752384,0.4643819610327514,Zm00001eb057810,1
GWAS_Asn_Goodman,BP,754,538,GO:0006065,UDP-glucuronate biosynthetic process,1/538,3/27694,0.05715694954346506,0.4755680170752384,0.4643819610327514,Zm00001eb057810,1
GWAS_Asn_Goodman,BP,754,538,GO:0006784,heme A biosynthetic process,1/538,3/27694,0.05715694954346506,0.4755680170752384,0.4643819610327514,Zm00001eb005400,1
GWAS_Asn_Goodman,BP,754,538,GO:0007265,Ras protein signal transduction,1/538,3/27694,0.05715694954346506,0.4755680170752384,0.4643819610327514,Zm00001eb026810,1
GWAS_Asn_Goodman,CC,754,538,GO:0008290,F-actin capping protein complex,1/538,3/27694,0.05715694954346506,0.4755680170752384,0.4643819610327514,Zm00001eb018520,1
GWAS_Asn_Goodman,CC,754,538,GO:0009509,chromoplast,1/538,3/27694,0.05715694954346506,0.4755680170752384,0.4643819610327514,Zm00001eb006300,1
GWAS_Asn_Goodman,MF,754,538,GO:0009905,ent-copalyl diphosphate synthase activity,1/538,3/27694,0.05715694954346506,0.4755680170752384,0.4643819610327514,Zm00001eb021200,1
GWAS_Asn_Goodman,BP,754,538,GO:0009955,adaxial/abaxial pattern specification,1/538,3/27694,0.05715694954346506,0.4755680170752384,0.4643819610327514,Zm00001eb002520,1
GWAS_Asn_Goodman,BP,754,538,GO:0010406,classical arabinogalactan protein metabolic process,1/538,3/27694,0.05715694954346506,0.4755680170752384,0.4643819610327514,Zm00001eb007800,1
GWAS_Asn_Goodman,BP,754,538,GO:0010476,gibberellin mediated signaling pathway,1/538,3/27694,0.05715694954346506,0.4755680170752384,0.4643819610327514,Zm00001eb010320,1
GWAS_Asn_Goodman,MF,754,538,GO:0016630,protochlorophyllide reductase activity,1/538,3/27694,0.05715694954346506,0.4755680170752384,0.4643819610327514,Zm00001eb044650,1
GWAS_Asn_Goodman,BP,754,538,GO:0019265,"glycine biosynthetic process, by transamination of glyoxylate",1/538,3/27694,0.05715694954346506,0.4755680170752384,0.4643819610327514,Zm00001eb034320,1
GWAS_Asn_Goodman,MF,754,538,GO:0019789,SUMO transferase activity,1/538,3/27694,0.05715694954346506,0.4755680170752384,0.4643819610327514,Zm00001eb001680,1
GWAS_Asn_Goodman,BP,754,538,GO:0030198,extracellular matrix organization,1/538,3/27694,0.05715694954346506,0.4755680170752384,0.4643819610327514,Zm00001eb023280,1
GWAS_Asn_Goodman,BP,754,538,GO:0030574,collagen catabolic process,1/538,3/27694,0.05715694954346506,0.4755680170752384,0.4643819610327514,Zm00001eb023280,1
GWAS_Asn_Goodman,CC,754,538,GO:0031209,SCAR complex,1/538,3/27694,0.05715694954346506,0.4755680170752384,0.4643819610327514,Zm00001eb003550,1
GWAS_Asn_Goodman,BP,754,538,GO:0032979,protein insertion into mitochondrial inner membrane from matrix,1/538,3/27694,0.05715694954346506,0.4755680170752384,0.4643819610327514,Zm00001eb001070,1
GWAS_Asn_Goodman,BP,754,538,GO:0042127,regulation of cell population proliferation,1/538,3/27694,0.05715694954346506,0.4755680170752384,0.4643819610327514,Zm00001eb001860,1
GWAS_Asn_Goodman,BP,754,538,GO:0045053,protein retention in Golgi apparatus,1/538,3/27694,0.05715694954346506,0.4755680170752384,0.4643819610327514,Zm00001eb030660,1
GWAS_Asn_Goodman,BP,754,538,GO:0045739,positive regulation of DNA repair,1/538,3/27694,0.05715694954346506,0.4755680170752384,0.4643819610327514,Zm00001eb026740,1
GWAS_Asn_Goodman,BP,754,538,GO:0046686,response to cadmium ion,1/538,3/27694,0.05715694954346506,0.4755680170752384,0.4643819610327514,Zm00001eb002510,1
GWAS_Asn_Goodman,MF,754,538,GO:0047216,inositol 3-alpha-galactosyltransferase activity,1/538,3/27694,0.05715694954346506,0.4755680170752384,0.4643819610327514,Zm00001eb015130,1
GWAS_Asn_Goodman,BP,754,538,GO:0048236,plant-type sporogenesis,1/538,3/27694,0.05715694954346506,0.4755680170752384,0.4643819610327514,Zm00001eb000540,1
GWAS_Asn_Goodman,BP,754,538,GO:0048255,mRNA stabilization,1/538,3/27694,0.05715694954346506,0.4755680170752384,0.4643819610327514,Zm00001eb027100,1
GWAS_Asn_Goodman,MF,754,538,GO:0048529,magnesium-protoporphyrin IX monomethyl ester (oxidative) cyclase activity,1/538,3/27694,0.05715694954346506,0.4755680170752384,0.4643819610327514,Zm00001eb015790,1
GWAS_Asn_Goodman,BP,754,538,GO:0051457,maintenance of protein location in nucleus,1/538,3/27694,0.05715694954346506,0.4755680170752384,0.4643819610327514,Zm00001eb012210,1
GWAS_Asn_Goodman,CC,754,538,GO:0055087,Ski complex,1/538,3/27694,0.05715694954346506,0.4755680170752384,0.4643819610327514,Zm00001eb022830,1
GWAS_Asn_Goodman,BP,754,538,GO:0090351,seedling development,1/538,3/27694,0.05715694954346506,0.4755680170752384,0.4643819610327514,Zm00001eb012040,1
GWAS_Asn_Goodman,MF,754,538,GO:0097157,pre-mRNA intronic binding,1/538,3/27694,0.05715694954346506,0.4755680170752384,0.4643819610327514,Zm00001eb015560,1
GWAS_Asn_Goodman,CC,754,538,GO:1990072,TRAPPIII protein complex,1/538,3/27694,0.05715694954346506,0.4755680170752384,0.4643819610327514,Zm00001eb044550,1
GWAS_Asn_Goodman,BP,754,538,GO:0009827,plant-type cell wall modification,3/538,46/27694,0.059875531516754454,0.47608265814806944,0.46488449699406154,Zm00001eb024400/Zm00001eb040050/Zm00001eb043900,3
GWAS_Asn_Goodman,MF,754,538,GO:0004568,chitinase activity,2/538,21/27694,0.06203456505064041,0.47608265814806944,0.46488449699406154,Zm00001eb007850/Zm00001eb022500,2
GWAS_Asn_Goodman,BP,754,538,GO:0006744,ubiquinone biosynthetic process,2/538,21/27694,0.06203456505064041,0.47608265814806944,0.46488449699406154,Zm00001eb006830/Zm00001eb019520,2
GWAS_Asn_Goodman,MF,754,538,GO:0008198,ferrous iron binding,2/538,21/27694,0.06203456505064041,0.47608265814806944,0.46488449699406154,Zm00001eb010130/Zm00001eb010140,2
GWAS_Asn_Goodman,CC,754,538,GO:0032991,protein-containing complex,3/538,48/27694,0.06634568669952944,0.47608265814806944,0.46488449699406154,Zm00001eb008060/Zm00001eb028400/Zm00001eb031630,3
GWAS_Asn_Goodman,CC,754,538,GO:0005680,anaphase-promoting complex,2/538,22/27694,0.06738502184784842,0.47608265814806944,0.46488449699406154,Zm00001eb001710/Zm00001eb010020,2
GWAS_Asn_Goodman,BP,754,538,GO:0006629,lipid metabolic process,17/538,590/27694,0.07053626863539147,0.47608265814806944,0.46488449699406154,Zm00001eb003230/Zm00001eb003240/Zm00001eb008360/Zm00001eb009300/Zm00001eb009340/Zm00001eb015820/Zm00001eb019170/Zm00001eb021510/Zm00001eb023370/Zm00001eb023380/Zm00001eb025490/Zm00001eb028390/Zm00001eb038250/Zm00001eb038270/Zm00001eb038280/Zm00001eb038290/Zm00001eb040040,17
GWAS_Asn_Goodman,CC,754,538,GO:0009507,chloroplast,23/538,852/27694,0.0719697993951287,0.47608265814806944,0.46488449699406154,Zm00001eb000620/Zm00001eb003760/Zm00001eb004050/Zm00001eb004240/Zm00001eb006300/Zm00001eb006450/Zm00001eb006830/Zm00001eb015550/Zm00001eb017630/Zm00001eb019200/Zm00001eb021200/Zm00001eb021390/Zm00001eb023370/Zm00001eb023380/Zm00001eb025490/Zm00001eb026910/Zm00001eb028810/Zm00001eb031900/Zm00001eb035740/Zm00001eb038930/Zm00001eb040040/Zm00001eb044650/Zm00001eb057840,23
GWAS_Asn_Goodman,MF,754,538,GO:0016759,cellulose synthase activity,2/538,23/27694,0.07288169013946645,0.47608265814806944,0.46488449699406154,Zm00001eb018170/Zm00001eb061800,2
GWAS_Asn_Goodman,BP,754,538,GO:0000719,photoreactive repair,1/538,4/27694,0.07547515983365372,0.47608265814806944,0.46488449699406154,Zm00001eb016450,1
GWAS_Asn_Goodman,MF,754,538,GO:0003935,GTP cyclohydrolase II activity,1/538,4/27694,0.07547515983365372,0.47608265814806944,0.46488449699406154,Zm00001eb033400,1
GWAS_Asn_Goodman,MF,754,538,GO:0004066,asparagine synthase (glutamine-hydrolyzing) activity,1/538,4/27694,0.07547515983365372,0.47608265814806944,0.46488449699406154,Zm00001eb013430,1
GWAS_Asn_Goodman,MF,754,538,GO:0004096,catalase activity,1/538,4/27694,0.07547515983365372,0.47608265814806944,0.46488449699406154,Zm00001eb002510,1
GWAS_Asn_Goodman,MF,754,538,GO:0004174,electron-transferring-flavoprotein dehydrogenase activity,1/538,4/27694,0.07547515983365372,0.47608265814806944,0.46488449699406154,Zm00001eb043590,1
GWAS_Asn_Goodman,BP,754,538,GO:0007346,regulation of mitotic cell cycle,1/538,4/27694,0.07547515983365372,0.47608265814806944,0.46488449699406154,Zm00001eb003750,1
GWAS_Asn_Goodman,BP,754,538,GO:0009116,nucleoside metabolic process,1/538,4/27694,0.07547515983365372,0.47608265814806944,0.46488449699406154,Zm00001eb036610,1
GWAS_Asn_Goodman,BP,754,538,GO:0009410,response to xenobiotic stimulus,1/538,4/27694,0.07547515983365372,0.47608265814806944,0.46488449699406154,Zm00001eb002510,1
GWAS_Asn_Goodman,BP,754,538,GO:0009965,leaf morphogenesis,1/538,4/27694,0.07547515983365372,0.47608265814806944,0.46488449699406154,Zm00001eb002520,1
GWAS_Asn_Goodman,BP,754,538,GO:0010236,plastoquinone biosynthetic process,1/538,4/27694,0.07547515983365372,0.47608265814806944,0.46488449699406154,Zm00001eb004050,1
GWAS_Asn_Goodman,MF,754,538,GO:0030627,pre-mRNA 5'-splice site binding,1/538,4/27694,0.07547515983365372,0.47608265814806944,0.46488449699406154,Zm00001eb007090,1
GWAS_Asn_Goodman,MF,754,538,GO:0032183,SUMO binding,1/538,4/27694,0.07547515983365372,0.47608265814806944,0.46488449699406154,Zm00001eb001680,1
GWAS_Asn_Goodman,BP,754,538,GO:0043048,dolichyl monophosphate biosynthetic process,1/538,4/27694,0.07547515983365372,0.47608265814806944,0.46488449699406154,Zm00001eb008090,1
GWAS_Asn_Goodman,BP,754,538,GO:0043069,negative regulation of programmed cell death,1/538,4/27694,0.07547515983365372,0.47608265814806944,0.46488449699406154,Zm00001eb029250,1
GWAS_Asn_Goodman,BP,754,538,GO:0043481,anthocyanin accumulation in tissues in response to UV light,1/538,4/27694,0.07547515983365372,0.47608265814806944,0.46488449699406154,Zm00001eb038710,1
GWAS_Asn_Goodman,BP,754,538,GO:0071555,cell wall organization,12/538,386/27694,0.0757289213152052,0.47608265814806944,0.46488449699406154,Zm00001eb000370/Zm00001eb000380/Zm00001eb000660/Zm00001eb004260/Zm00001eb006350/Zm00001eb018170/Zm00001eb024010/Zm00001eb029710/Zm00001eb043900/Zm00001eb061770/Zm00001eb061780/Zm00001eb061800,12
GWAS_Asn_Goodman,MF,754,538,GO:0004713,protein tyrosine kinase activity,3/538,51/27694,0.07661938955076018,0.47608265814806944,0.46488449699406154,Zm00001eb002480/Zm00001eb031340/Zm00001eb043610,3
GWAS_Asn_Goodman,BP,754,538,GO:0002229,defense response to oomycetes,3/538,52/27694,0.08019037915208484,0.47608265814806944,0.46488449699406154,Zm00001eb047260/Zm00001eb047270/Zm00001eb058940,3
GWAS_Asn_Goodman,BP,754,538,GO:0016114,terpenoid biosynthetic process,3/538,52/27694,0.08019037915208484,0.47608265814806944,0.46488449699406154,Zm00001eb017640/Zm00001eb021200/Zm00001eb041770,3
GWAS_Asn_Goodman,BP,754,538,GO:0009101,glycoprotein biosynthetic process,5/538,118/27694,0.08047984443816011,0.47608265814806944,0.46488449699406154,Zm00001eb000640/Zm00001eb002220/Zm00001eb003600/Zm00001eb003610/Zm00001eb015780,5
GWAS_Asn_Goodman,MF,754,538,GO:0000977,RNA polymerase II transcription regulatory region sequence-specific DNA binding,4/538,84/27694,0.08105579990923824,0.47608265814806944,0.46488449699406154,Zm00001eb001670/Zm00001eb006480/Zm00001eb012650/Zm00001eb041650,4
GWAS_Asn_Goodman,MF,754,538,GO:0004843,cysteine-type deubiquitinase activity,4/538,84/27694,0.08105579990923824,0.47608265814806944,0.46488449699406154,Zm00001eb008340/Zm00001eb026810/Zm00001eb033290/Zm00001eb033330,4
GWAS_Asn_Goodman,MF,754,538,GO:0003777,microtubule motor activity,4/538,85/27694,0.08382156706207838,0.47608265814806944,0.46488449699406154,Zm00001eb000890/Zm00001eb004250/Zm00001eb025840/Zm00001eb031820,4
GWAS_Asn_Goodman,BP,754,538,GO:0007018,microtubule-based movement,4/538,85/27694,0.08382156706207838,0.47608265814806944,0.46488449699406154,Zm00001eb000890/Zm00001eb004250/Zm00001eb025840/Zm00001eb031820,4
GWAS_Asn_Goodman,MF,754,538,GO:0010333,terpene synthase activity,3/538,53/27694,0.08383232863938796,0.47608265814806944,0.46488449699406154,Zm00001eb017640/Zm00001eb021200/Zm00001eb041770,3
GWAS_Asn_Goodman,MF,754,538,GO:0004659,prenyltransferase activity,2/538,25/27694,0.08428320081870588,0.47608265814806944,0.46488449699406154,Zm00001eb004050/Zm00001eb006830,2
GWAS_Asn_Goodman,MF,754,538,GO:0009982,pseudouridine synthase activity,2/538,25/27694,0.08428320081870588,0.47608265814806944,0.46488449699406154,Zm00001eb004240/Zm00001eb018490,2
GWAS_Asn_Goodman,BP,754,538,GO:0009451,RNA modification,9/538,273/27694,0.08663936067395711,0.47608265814806944,0.46488449699406154,Zm00001eb004240/Zm00001eb005350/Zm00001eb006330/Zm00001eb006340/Zm00001eb010330/Zm00001eb015140/Zm00001eb018490/Zm00001eb019320/Zm00001eb025700,9
GWAS_Asn_Goodman,BP,754,538,GO:0015706,nitrate transmembrane transport,2/538,26/27694,0.09017341167337949,0.47608265814806944,0.46488449699406154,Zm00001eb000390/Zm00001eb023610,2
GWAS_Asn_Goodman,MF,754,538,GO:0000049,tRNA binding,3/538,55/27694,0.09132350731334499,0.47608265814806944,0.46488449699406154,Zm00001eb012220/Zm00001eb033310/Zm00001eb033320,3
GWAS_Asn_Goodman,BP,754,538,GO:0000395,mRNA 5'-splice site recognition,1/538,5/27694,0.09343811989177941,0.47608265814806944,0.46488449699406154,Zm00001eb007090,1
GWAS_Asn_Goodman,BP,754,538,GO:0001659,temperature homeostasis,1/538,5/27694,0.09343811989177941,0.47608265814806944,0.46488449699406154,Zm00001eb031340,1
GWAS_Asn_Goodman,MF,754,538,GO:0003852,2-isopropylmalate synthase activity,1/538,5/27694,0.09343811989177941,0.47608265814806944,0.46488449699406154,Zm00001eb019200,1
GWAS_Asn_Goodman,MF,754,538,GO:0004134,4-alpha-glucanotransferase activity,1/538,5/27694,0.09343811989177941,0.47608265814806944,0.46488449699406154,Zm00001eb016430,1
GWAS_Asn_Goodman,MF,754,538,GO:0004618,phosphoglycerate kinase activity,1/538,5/27694,0.09343811989177941,0.47608265814806944,0.46488449699406154,Zm00001eb047240,1
GWAS_Asn_Goodman,BP,754,538,GO:0010074,maintenance of meristem identity,1/538,5/27694,0.09343811989177941,0.47608265814806944,0.46488449699406154,Zm00001eb060200,1
GWAS_Asn_Goodman,BP,754,538,GO:0010190,cytochrome b6f complex assembly,1/538,5/27694,0.09343811989177941,0.47608265814806944,0.46488449699406154,Zm00001eb021390,1
GWAS_Asn_Goodman,MF,754,538,GO:0010277,chlorophyllide a oxygenase activity,1/538,5/27694,0.09343811989177941,0.47608265814806944,0.46488449699406154,Zm00001eb003760,1
GWAS_Asn_Goodman,BP,754,538,GO:0016320,endoplasmic reticulum membrane fusion,1/538,5/27694,0.09343811989177941,0.47608265814806944,0.46488449699406154,Zm00001eb031250,1
GWAS_Asn_Goodman,BP,754,538,GO:0030705,cytoskeleton-dependent intracellular transport,1/538,5/27694,0.09343811989177941,0.47608265814806944,0.46488449699406154,Zm00001eb004250,1
GWAS_Asn_Goodman,BP,754,538,GO:0032434,regulation of proteasomal ubiquitin-dependent protein catabolic process,1/538,5/27694,0.09343811989177941,0.47608265814806944,0.46488449699406154,Zm00001eb001890,1
GWAS_Asn_Goodman,BP,754,538,GO:0032436,positive regulation of proteasomal ubiquitin-dependent protein catabolic process,1/538,5/27694,0.09343811989177941,0.47608265814806944,0.46488449699406154,Zm00001eb001890,1
GWAS_Asn_Goodman,MF,754,538,GO:0032451,demethylase activity,1/538,5/27694,0.09343811989177941,0.47608265814806944,0.46488449699406154,Zm00001eb010150,1
GWAS_Asn_Goodman,CC,754,538,GO:0035371,microtubule plus-end,1/538,5/27694,0.09343811989177941,0.47608265814806944,0.46488449699406154,Zm00001eb044540,1
GWAS_Asn_Goodman,BP,754,538,GO:0045842,positive regulation of mitotic metaphase/anaphase transition,1/538,5/27694,0.09343811989177941,0.47608265814806944,0.46488449699406154,Zm00001eb010020,1
GWAS_Asn_Goodman,CC,754,538,GO:0051233,spindle midzone,1/538,5/27694,0.09343811989177941,0.47608265814806944,0.46488449699406154,Zm00001eb044540,1
GWAS_Asn_Goodman,BP,754,538,GO:0070981,L-asparagine biosynthetic process,1/538,5/27694,0.09343811989177941,0.47608265814806944,0.46488449699406154,Zm00001eb013430,1
GWAS_Asn_Goodman,BP,754,538,GO:0071244,cellular response to carbon dioxide,1/538,5/27694,0.09343811989177941,0.47608265814806944,0.46488449699406154,Zm00001eb031340,1
GWAS_Asn_Goodman,BP,754,538,GO:0080027,response to herbivore,1/538,5/27694,0.09343811989177941,0.47608265814806944,0.46488449699406154,Zm00001eb017640,1
GWAS_Asn_Goodman,BP,754,538,GO:1901663,quinone biosynthetic process,1/538,5/27694,0.09343811989177941,0.47608265814806944,0.46488449699406154,Zm00001eb004050,1
GWAS_Asn_Goodman,BP,754,538,GO:1905786,positive regulation of anaphase-promoting complex-dependent catabolic process,1/538,5/27694,0.09343811989177941,0.47608265814806944,0.46488449699406154,Zm00001eb001710,1
GWAS_Asn_Goodman,BP,754,538,GO:0000463,"maturation of LSU-rRNA from tricistronic rRNA transcript (SSU-rRNA, 5.8S rRNA, LSU-rRNA)",2/538,27/27694,0.09618055815832105,0.47608265814806944,0.46488449699406154,Zm00001eb016460/Zm00001eb025050,2
GWAS_Asn_Goodman,BP,754,538,GO:0009788,negative regulation of abscisic acid-activated signaling pathway,2/538,27/27694,0.09618055815832105,0.47608265814806944,0.46488449699406154,Zm00001eb010170/Zm00001eb039750,2
GWAS_Asn_Goodman,BP,754,538,GO:0016310,phosphorylation,2/538,27/27694,0.09618055815832105,0.47608265814806944,0.46488449699406154,Zm00001eb001870/Zm00001eb007080,2
GWAS_Asn_Goodman,BP,754,538,GO:0008299,isoprenoid biosynthetic process,3/538,57/27694,0.09908149044283418,0.47608265814806944,0.46488449699406154,Zm00001eb004050/Zm00001eb006300/Zm00001eb041770,3
GWAS_Asn_Goodman,MF,754,538,GO:0030246,carbohydrate binding,7/538,202/27694,0.10011328515595602,0.47608265814806944,0.46488449699406154,Zm00001eb018480/Zm00001eb040050/Zm00001eb046560/Zm00001eb047250/Zm00001eb047260/Zm00001eb047270/Zm00001eb058940,7
GWAS_Asn_Goodman,MF,754,538,GO:0003774,cytoskeletal motor activity,4/538,91/27694,0.10135987954624244,0.47608265814806944,0.46488449699406154,Zm00001eb000890/Zm00001eb004250/Zm00001eb025840/Zm00001eb031820,4
GWAS_Asn_Goodman,MF,754,538,GO:0008843,endochitinase activity,2/538,28/27694,0.10229789464727844,0.47608265814806944,0.46488449699406154,Zm00001eb007850/Zm00001eb022500,2
GWAS_Asn_Goodman,MF,754,538,GO:0020037,heme binding,15/538,539/27694,0.10600809261091909,0.47608265814806944,0.46488449699406154,Zm00001eb002510/Zm00001eb003230/Zm00001eb003240/Zm00001eb003290/Zm00001eb003300/Zm00001eb009300/Zm00001eb009340/Zm00001eb015820/Zm00001eb017640/Zm00001eb021550/Zm00001eb033010/Zm00001eb040240/Zm00001eb043620/Zm00001eb043630/Zm00001eb048540,15
GWAS_Asn_Goodman,MF,754,538,GO:0004499,"N,N-dimethylaniline monooxygenase activity",2/538,29/27694,0.10851889259699023,0.47608265814806944,0.46488449699406154,Zm00001eb004710/Zm00001eb023540,2
GWAS_Asn_Goodman,BP,754,538,GO:0050793,regulation of developmental process,2/538,29/27694,0.10851889259699023,0.47608265814806944,0.46488449699406154,Zm00001eb001670/Zm00001eb060200,2
GWAS_Asn_Goodman,MF,754,538,GO:0000340,RNA 7-methylguanosine cap binding,1/538,6/27694,0.11105270660485045,0.47608265814806944,0.46488449699406154,Zm00001eb003550,1
GWAS_Asn_Goodman,MF,754,538,GO:0003999,adenine phosphoribosyltransferase activity,1/538,6/27694,0.11105270660485045,0.47608265814806944,0.46488449699406154,Zm00001eb023390,1
GWAS_Asn_Goodman,MF,754,538,GO:0005338,nucleotide-sugar transmembrane transporter activity,1/538,6/27694,0.11105270660485045,0.47608265814806944,0.46488449699406154,Zm00001eb008660,1
GWAS_Asn_Goodman,BP,754,538,GO:0007004,telomere maintenance via telomerase,1/538,6/27694,0.11105270660485045,0.47608265814806944,0.46488449699406154,Zm00001eb008630,1
GWAS_Asn_Goodman,MF,754,538,GO:0008176,tRNA (guanine(46)-N7)-methyltransferase activity,1/538,6/27694,0.11105270660485045,0.47608265814806944,0.46488449699406154,Zm00001eb047240,1
GWAS_Asn_Goodman,BP,754,538,GO:0009958,positive gravitropism,1/538,6/27694,0.11105270660485045,0.47608265814806944,0.46488449699406154,Zm00001eb038710,1
GWAS_Asn_Goodman,MF,754,538,GO:0009978,allene oxide synthase activity,1/538,6/27694,0.11105270660485045,0.47608265814806944,0.46488449699406154,Zm00001eb009340,1
GWAS_Asn_Goodman,MF,754,538,GO:0010328,auxin influx transmembrane transporter activity,1/538,6/27694,0.11105270660485045,0.47608265814806944,0.46488449699406154,Zm00001eb038710,1
GWAS_Asn_Goodman,BP,754,538,GO:0010447,response to acidic pH,1/538,6/27694,0.11105270660485045,0.47608265814806944,0.46488449699406154,Zm00001eb038910,1
GWAS_Asn_Goodman,MF,754,538,GO:0015085,calcium ion transmembrane transporter activity,1/538,6/27694,0.11105270660485045,0.47608265814806944,0.46488449699406154,Zm00001eb041600,1
GWAS_Asn_Goodman,MF,754,538,GO:0016423,tRNA (guanine) methyltransferase activity,1/538,6/27694,0.11105270660485045,0.47608265814806944,0.46488449699406154,Zm00001eb012220,1
GWAS_Asn_Goodman,BP,754,538,GO:0019878,lysine biosynthetic process via aminoadipic acid,1/538,6/27694,0.11105270660485045,0.47608265814806944,0.46488449699406154,Zm00001eb000710,1
GWAS_Asn_Goodman,CC,754,538,GO:0030904,retromer complex,1/538,6/27694,0.11105270660485045,0.47608265814806944,0.46488449699406154,Zm00001eb035750,1
GWAS_Asn_Goodman,BP,754,538,GO:0031110,regulation of microtubule polymerization or depolymerization,1/538,6/27694,0.11105270660485045,0.47608265814806944,0.46488449699406154,Zm00001eb044540,1
GWAS_Asn_Goodman,BP,754,538,GO:0032468,Golgi calcium ion homeostasis,1/538,6/27694,0.11105270660485045,0.47608265814806944,0.46488449699406154,Zm00001eb041600,1
GWAS_Asn_Goodman,BP,754,538,GO:0032472,Golgi calcium ion transport,1/538,6/27694,0.11105270660485045,0.47608265814806944,0.46488449699406154,Zm00001eb041600,1
GWAS_Asn_Goodman,CC,754,538,GO:0032586,protein storage vacuole membrane,1/538,6/27694,0.11105270660485045,0.47608265814806944,0.46488449699406154,Zm00001eb031640,1
GWAS_Asn_Goodman,BP,754,538,GO:0035194,regulatory ncRNA-mediated post-transcriptional gene silencing,1/538,6/27694,0.11105270660485045,0.47608265814806944,0.46488449699406154,Zm00001eb020470,1
GWAS_Asn_Goodman,MF,754,538,GO:0045140,inositol phosphoceramide synthase activity,1/538,6/27694,0.11105270660485045,0.47608265814806944,0.46488449699406154,Zm00001eb028390,1
GWAS_Asn_Goodman,BP,754,538,GO:0046189,phenol-containing compound biosynthetic process,1/538,6/27694,0.11105270660485045,0.47608265814806944,0.46488449699406154,Zm00001eb006440,1
GWAS_Asn_Goodman,BP,754,538,GO:0060919,auxin import into cell,1/538,6/27694,0.11105270660485045,0.47608265814806944,0.46488449699406154,Zm00001eb038710,1
GWAS_Asn_Goodman,BP,754,538,GO:1901162,primary amino compound biosynthetic process,1/538,6/27694,0.11105270660485045,0.47608265814806944,0.46488449699406154,Zm00001eb006440,1
GWAS_Asn_Goodman,BP,754,538,GO:0001522,pseudouridine synthesis,2/538,30/27694,0.11483723468466447,0.47608265814806944,0.46488449699406154,Zm00001eb004240/Zm00001eb018490,2
GWAS_Asn_Goodman,BP,754,538,GO:0006032,chitin catabolic process,2/538,30/27694,0.11483723468466447,0.47608265814806944,0.46488449699406154,Zm00001eb007850/Zm00001eb022500,2
GWAS_Asn_Goodman,BP,754,538,GO:0006353,DNA-templated transcription termination,2/538,30/27694,0.11483723468466447,0.47608265814806944,0.46488449699406154,Zm00001eb017630/Zm00001eb035740,2
GWAS_Asn_Goodman,CC,754,538,GO:0005819,spindle,3/538,61/27694,0.1153505876185408,0.47608265814806944,0.46488449699406154,Zm00001eb007810/Zm00001eb025840/Zm00001eb044540,3
GWAS_Asn_Goodman,MF,754,538,GO:0030247,polysaccharide binding,3/538,62/27694,0.11956595532994821,0.47608265814806944,0.46488449699406154,Zm00001eb000620/Zm00001eb034290/Zm00001eb034370,3
GWAS_Asn_Goodman,BP,754,538,GO:0045490,pectin catabolic process,3/538,62/27694,0.11956595532994821,0.47608265814806944,0.46488449699406154,Zm00001eb040760/Zm00001eb061770/Zm00001eb061780,3
GWAS_Asn_Goodman,CC,754,538,GO:0043231,intracellular membrane-bounded organelle,2/538,31/27694,0.12124680909063063,0.47608265814806944,0.46488449699406154,Zm00001eb017630/Zm00001eb035740,2
GWAS_Asn_Goodman,BP,754,538,GO:0008033,tRNA processing,4/538,99/27694,0.1271129119486711,0.47608265814806944,0.46488449699406154,Zm00001eb012220/Zm00001eb018490/Zm00001eb026400/Zm00001eb047240,4
GWAS_Asn_Goodman,BP,754,538,GO:0006270,DNA replication initiation,2/538,32/27694,0.12774170392275305,0.47608265814806944,0.46488449699406154,Zm00001eb028400/Zm00001eb031810,2
GWAS_Asn_Goodman,BP,754,538,GO:0006400,tRNA modification,2/538,32/27694,0.12774170392275305,0.47608265814806944,0.46488449699406154,Zm00001eb026400/Zm00001eb047240,2
GWAS_Asn_Goodman,MF,754,538,GO:0008320,protein transmembrane transporter activity,2/538,32/27694,0.12774170392275305,0.47608265814806944,0.46488449699406154,Zm00001eb000980/Zm00001eb004090,2
GWAS_Asn_Goodman,BP,754,538,GO:0015995,chlorophyll biosynthetic process,2/538,32/27694,0.12774170392275305,0.47608265814806944,0.46488449699406154,Zm00001eb015790/Zm00001eb044650,2
GWAS_Asn_Goodman,BP,754,538,GO:0046854,phosphatidylinositol phosphate biosynthetic process,2/538,32/27694,0.12774170392275305,0.47608265814806944,0.46488449699406154,Zm00001eb011460/Zm00001eb019420,2
GWAS_Asn_Goodman,MF,754,538,GO:0052742,phosphatidylinositol kinase activity,2/538,32/27694,0.12774170392275305,0.47608265814806944,0.46488449699406154,Zm00001eb011460/Zm00001eb019420,2
GWAS_Asn_Goodman,MF,754,538,GO:0000014,single-stranded DNA endodeoxyribonuclease activity,1/538,7/27694,0.1283256639815683,0.47608265814806944,0.46488449699406154,Zm00001eb043930,1
GWAS_Asn_Goodman,BP,754,538,GO:0000902,cell morphogenesis,1/538,7/27694,0.1283256639815683,0.47608265814806944,0.46488449699406154,Zm00001eb003550,1
GWAS_Asn_Goodman,MF,754,538,GO:0003917,"DNA topoisomerase type I (single strand cut, ATP-independent) activity",1/538,7/27694,0.1283256639815683,0.47608265814806944,0.46488449699406154,Zm00001eb005010,1
GWAS_Asn_Goodman,MF,754,538,GO:0004239,initiator methionyl aminopeptidase activity,1/538,7/27694,0.1283256639815683,0.47608265814806944,0.46488449699406154,Zm00001eb043920,1
GWAS_Asn_Goodman,MF,754,538,GO:0004566,beta-glucuronidase activity,1/538,7/27694,0.1283256639815683,0.47608265814806944,0.46488449699406154,Zm00001eb029720,1
GWAS_Asn_Goodman,CC,754,538,GO:0005851,eukaryotic translation initiation factor 2B complex,1/538,7/27694,0.1283256639815683,0.47608265814806944,0.46488449699406154,Zm00001eb031930,1
GWAS_Asn_Goodman,MF,754,538,GO:0008296,3'-5'-DNA exonuclease activity,1/538,7/27694,0.1283256639815683,0.47608265814806944,0.46488449699406154,Zm00001eb014130,1
GWAS_Asn_Goodman,BP,754,538,GO:0008361,regulation of cell size,1/538,7/27694,0.1283256639815683,0.47608265814806944,0.46488449699406154,Zm00001eb038710,1
GWAS_Asn_Goodman,BP,754,538,GO:0010071,root meristem specification,1/538,7/27694,0.1283256639815683,0.47608265814806944,0.46488449699406154,Zm00001eb010160,1
GWAS_Asn_Goodman,MF,754,538,GO:0015098,molybdate ion transmembrane transporter activity,1/538,7/27694,0.1283256639815683,0.47608265814806944,0.46488449699406154,Zm00001eb000970,1
GWAS_Asn_Goodman,BP,754,538,GO:0015689,molybdate ion transport,1/538,7/27694,0.1283256639815683,0.47608265814806944,0.46488449699406154,Zm00001eb000970,1
GWAS_Asn_Goodman,CC,754,538,GO:0031012,extracellular matrix,1/538,7/27694,0.1283256639815683,0.47608265814806944,0.46488449699406154,Zm00001eb023280,1
GWAS_Asn_Goodman,BP,754,538,GO:0031119,tRNA pseudouridine synthesis,1/538,7/27694,0.1283256639815683,0.47608265814806944,0.46488449699406154,Zm00001eb018490,1
GWAS_Asn_Goodman,MF,754,538,GO:0035250,UDP-galactosyltransferase activity,1/538,7/27694,0.1283256639815683,0.47608265814806944,0.46488449699406154,Zm00001eb008640,1
GWAS_Asn_Goodman,MF,754,538,GO:0043021,ribonucleoprotein complex binding,1/538,7/27694,0.1283256639815683,0.47608265814806944,0.46488449699406154,Zm00001eb038700,1
GWAS_Asn_Goodman,MF,754,538,GO:0045547,"ditrans,polycis-polyprenyl diphosphate synthase [(2E,6E)-farnesyl diphosphate specific] activity",1/538,7/27694,0.1283256639815683,0.47608265814806944,0.46488449699406154,Zm00001eb008090,1
GWAS_Asn_Goodman,MF,754,538,GO:0046975,histone H3K36 methyltransferase activity,1/538,7/27694,0.1283256639815683,0.47608265814806944,0.46488449699406154,Zm00001eb041060,1
GWAS_Asn_Goodman,BP,754,538,GO:0048638,regulation of developmental growth,1/538,7/27694,0.1283256639815683,0.47608265814806944,0.46488449699406154,Zm00001eb041050,1
GWAS_Asn_Goodman,MF,754,538,GO:0061656,SUMO conjugating enzyme activity,1/538,7/27694,0.1283256639815683,0.47608265814806944,0.46488449699406154,Zm00001eb001680,1
GWAS_Asn_Goodman,MF,754,538,GO:0097027,ubiquitin-protein transferase activator activity,1/538,7/27694,0.1283256639815683,0.47608265814806944,0.46488449699406154,Zm00001eb001710,1
GWAS_Asn_Goodman,BP,754,538,GO:0106004,tRNA (guanine-N7)-methylation,1/538,7/27694,0.1283256639815683,0.47608265814806944,0.46488449699406154,Zm00001eb047240,1
GWAS_Asn_Goodman,BP,754,538,GO:1904668,positive regulation of ubiquitin protein ligase activity,1/538,7/27694,0.1283256639815683,0.47608265814806944,0.46488449699406154,Zm00001eb001710,1
GWAS_Asn_Goodman,BP,754,538,GO:0070588,calcium ion transmembrane transport,3/538,65/27694,0.1325429326572106,0.4767188184405675,0.4655056938650754,Zm00001eb004320/Zm00001eb019340/Zm00001eb041600,3
GWAS_Asn_Goodman,BP,754,538,GO:0002183,cytoplasmic translational initiation,2/538,33/27694,0.13431620177927067,0.4767188184405675,0.4655056938650754,Zm00001eb024200/Zm00001eb031930,2
GWAS_Asn_Goodman,BP,754,538,GO:0010417,glucuronoxylan biosynthetic process,2/538,33/27694,0.13431620177927067,0.4767188184405675,0.4655056938650754,Zm00001eb000640/Zm00001eb015780,2
GWAS_Asn_Goodman,MF,754,538,GO:0030234,enzyme regulator activity,2/538,33/27694,0.13431620177927067,0.4767188184405675,0.4655056938650754,Zm00001eb058950/Zm00001eb061750,2
GWAS_Asn_Goodman,MF,754,538,GO:0031593,polyubiquitin modification-dependent protein binding,2/538,33/27694,0.13431620177927067,0.4767188184405675,0.4655056938650754,Zm00001eb002530/Zm00001eb010400,2
GWAS_Asn_Goodman,BP,754,538,GO:0046488,phosphatidylinositol metabolic process,2/538,33/27694,0.13431620177927067,0.4767188184405675,0.4655056938650754,Zm00001eb011460/Zm00001eb019420,2
GWAS_Asn_Goodman,BP,754,538,GO:0006631,fatty acid metabolic process,5/538,139/27694,0.1347326050660216,0.4767188184405675,0.4655056938650754,Zm00001eb009340/Zm00001eb023370/Zm00001eb023380/Zm00001eb025490/Zm00001eb040040,5
GWAS_Asn_Goodman,BP,754,538,GO:0045454,cell redox homeostasis,2/538,34/27694,0.14096477444680738,0.4767188184405675,0.4655056938650754,Zm00001eb002510/Zm00001eb015550,2
GWAS_Asn_Goodman,MF,754,538,GO:0003904,deoxyribodipyrimidine photo-lyase activity,1/538,8/27694,0.14526360571515928,0.4767188184405675,0.4655056938650754,Zm00001eb016450,1
GWAS_Asn_Goodman,MF,754,538,GO:0004022,alcohol dehydrogenase (NAD+) activity,1/538,8/27694,0.14526360571515928,0.4767188184405675,0.4655056938650754,Zm00001eb026710,1
GWAS_Asn_Goodman,MF,754,538,GO:0004034,aldose 1-epimerase activity,1/538,8/27694,0.14526360571515928,0.4767188184405675,0.4655056938650754,Zm00001eb018480,1
GWAS_Asn_Goodman,MF,754,538,GO:0004301,epoxide hydrolase activity,1/538,8/27694,0.14526360571515928,0.4767188184405675,0.4655056938650754,Zm00001eb032970,1
GWAS_Asn_Goodman,MF,754,538,GO:0004807,triose-phosphate isomerase activity,1/538,8/27694,0.14526360571515928,0.4767188184405675,0.4655056938650754,Zm00001eb018150,1
GWAS_Asn_Goodman,CC,754,538,GO:0005664,nuclear origin of replication recognition complex,1/538,8/27694,0.14526360571515928,0.4767188184405675,0.4655056938650754,Zm00001eb031810,1
GWAS_Asn_Goodman,CC,754,538,GO:0005881,cytoplasmic microtubule,1/538,8/27694,0.14526360571515928,0.4767188184405675,0.4655056938650754,Zm00001eb044540,1
GWAS_Asn_Goodman,BP,754,538,GO:0009615,response to virus,1/538,8/27694,0.14526360571515928,0.4767188184405675,0.4655056938650754,Zm00001eb029200,1
GWAS_Asn_Goodman,BP,754,538,GO:0015780,nucleotide-sugar transmembrane transport,1/538,8/27694,0.14526360571515928,0.4767188184405675,0.4655056938650754,Zm00001eb008660,1
GWAS_Asn_Goodman,BP,754,538,GO:0016560,"protein import into peroxisome matrix, docking",1/538,8/27694,0.14526360571515928,0.4767188184405675,0.4655056938650754,Zm00001eb034080,1
GWAS_Asn_Goodman,BP,754,538,GO:0032544,plastid translation,1/538,8/27694,0.14526360571515928,0.4767188184405675,0.4655056938650754,Zm00001eb004240,1
GWAS_Asn_Goodman,MF,754,538,GO:0033188,sphingomyelin synthase activity,1/538,8/27694,0.14526360571515928,0.4767188184405675,0.4655056938650754,Zm00001eb028390,1
GWAS_Asn_Goodman,BP,754,538,GO:0033499,"galactose catabolic process via UDP-galactose, Leloir pathway",1/538,8/27694,0.14526360571515928,0.4767188184405675,0.4655056938650754,Zm00001eb018480,1
GWAS_Asn_Goodman,BP,754,538,GO:0042372,phylloquinone biosynthetic process,1/538,8/27694,0.14526360571515928,0.4767188184405675,0.4655056938650754,Zm00001eb006830,1
GWAS_Asn_Goodman,MF,754,538,GO:0046481,digalactosyldiacylglycerol synthase activity,1/538,8/27694,0.14526360571515928,0.4767188184405675,0.4655056938650754,Zm00001eb008640,1
GWAS_Asn_Goodman,MF,754,538,GO:0047134,protein-disulfide reductase [NAD(P)H] activity,1/538,8/27694,0.14526360571515928,0.4767188184405675,0.4655056938650754,Zm00001eb019530,1
GWAS_Asn_Goodman,MF,754,538,GO:0047493,ceramide cholinephosphotransferase activity,1/538,8/27694,0.14526360571515928,0.4767188184405675,0.4655056938650754,Zm00001eb028390,1
GWAS_Asn_Goodman,BP,754,538,GO:0048443,stamen development,1/538,8/27694,0.14526360571515928,0.4767188184405675,0.4655056938650754,Zm00001eb038710,1
GWAS_Asn_Goodman,BP,754,538,GO:0051231,spindle elongation,1/538,8/27694,0.14526360571515928,0.4767188184405675,0.4655056938650754,Zm00001eb025840,1
GWAS_Asn_Goodman,MF,754,538,GO:0051903,S-(hydroxymethyl)glutathione dehydrogenase [NAD(P)+] activity,1/538,8/27694,0.14526360571515928,0.4767188184405675,0.4655056938650754,Zm00001eb026710,1
GWAS_Asn_Goodman,BP,754,538,GO:0051923,sulfation,1/538,8/27694,0.14526360571515928,0.4767188184405675,0.4655056938650754,Zm00001eb053050,1
GWAS_Asn_Goodman,BP,754,538,GO:0071472,cellular response to salt stress,1/538,8/27694,0.14526360571515928,0.4767188184405675,0.4655056938650754,Zm00001eb008850,1
GWAS_Asn_Goodman,BP,754,538,GO:0009744,response to sucrose,2/538,35/27694,0.14768207773036426,0.4767188184405675,0.4655056938650754,Zm00001eb023160/Zm00001eb031810,2
GWAS_Asn_Goodman,BP,754,538,GO:0009833,plant-type primary cell wall biogenesis,2/538,35/27694,0.14768207773036426,0.4767188184405675,0.4655056938650754,Zm00001eb018170/Zm00001eb061800,2
GWAS_Asn_Goodman,BP,754,538,GO:0045892,negative regulation of DNA-templated transcription,4/538,105/27694,0.148036975988038,0.4767188184405675,0.4655056938650754,Zm00001eb001920/Zm00001eb007990/Zm00001eb013420/Zm00001eb020120,4
GWAS_Asn_Goodman,BP,754,538,GO:0045944,positive regulation of transcription by RNA polymerase II,5/538,144/27694,0.14957938355813422,0.4767188184405675,0.4655056938650754,Zm00001eb001670/Zm00001eb006480/Zm00001eb012650/Zm00001eb025330/Zm00001eb041650,5
GWAS_Asn_Goodman,MF,754,538,GO:0004650,polygalacturonase activity,3/538,69/27694,0.15055978440313605,0.4767188184405675,0.4655056938650754,Zm00001eb001830/Zm00001eb061770/Zm00001eb061780,3
GWAS_Asn_Goodman,MF,754,538,GO:0050660,flavin adenine dinucleotide binding,6/538,185/27694,0.15248161289279272,0.4767188184405675,0.4655056938650754,Zm00001eb004710/Zm00001eb006300/Zm00001eb021500/Zm00001eb023540/Zm00001eb045960/Zm00001eb045990,6
GWAS_Asn_Goodman,MF,754,538,GO:0004565,beta-galactosidase activity,2/538,36/27694,0.1544629464121856,0.4767188184405675,0.4655056938650754,Zm00001eb007800/Zm00001eb040050,2
GWAS_Asn_Goodman,BP,754,538,GO:0042026,protein refolding,3/538,70/27694,0.15518119782272036,0.4767188184405675,0.4655056938650754,Zm00001eb018130/Zm00001eb029200/Zm00001eb046580,3
GWAS_Asn_Goodman,MF,754,538,GO:0043565,sequence-specific DNA binding,14/538,531/27694,0.1554151241544008,0.4767188184405675,0.4655056938650754,Zm00001eb000470/Zm00001eb010190/Zm00001eb014150/Zm00001eb014350/Zm00001eb014370/Zm00001eb014390/Zm00001eb014420/Zm00001eb014430/Zm00001eb015150/Zm00001eb023620/Zm00001eb028610/Zm00001eb028820/Zm00001eb041640/Zm00001eb057820,14
GWAS_Asn_Goodman,MF,754,538,GO:0003993,acid phosphatase activity,2/538,37/27694,0.16130238933645544,0.4767188184405675,0.4655056938650754,Zm00001eb010130/Zm00001eb010140,2
GWAS_Asn_Goodman,BP,754,538,GO:0045492,xylan biosynthetic process,2/538,37/27694,0.16130238933645544,0.4767188184405675,0.4655056938650754,Zm00001eb006350/Zm00001eb013440,2
GWAS_Asn_Goodman,MF,754,538,GO:0001653,peptide receptor activity,1/538,9/27694,0.16187301769685547,0.4767188184405675,0.4655056938650754,Zm00001eb032940,1
GWAS_Asn_Goodman,MF,754,538,GO:0003978,UDP-glucose 4-epimerase activity,1/538,9/27694,0.16187301769685547,0.4767188184405675,0.4655056938650754,Zm00001eb014110,1
GWAS_Asn_Goodman,MF,754,538,GO:0004181,metallocarboxypeptidase activity,1/538,9/27694,0.16187301769685547,0.4767188184405675,0.4655056938650754,Zm00001eb060200,1
GWAS_Asn_Goodman,MF,754,538,GO:0004512,inositol-3-phosphate synthase activity,1/538,9/27694,0.16187301769685547,0.4767188184405675,0.4655056938650754,Zm00001eb008360,1
GWAS_Asn_Goodman,MF,754,538,GO:0005047,signal recognition particle binding,1/538,9/27694,0.16187301769685547,0.4767188184405675,0.4655056938650754,Zm00001eb000480,1
GWAS_Asn_Goodman,CC,754,538,GO:0005662,DNA replication factor A complex,1/538,9/27694,0.16187301769685547,0.4767188184405675,0.4655056938650754,Zm00001eb008630,1
GWAS_Asn_Goodman,CC,754,538,GO:0005854,nascent polypeptide-associated complex,1/538,9/27694,0.16187301769685547,0.4767188184405675,0.4655056938650754,Zm00001eb000700,1
GWAS_Asn_Goodman,BP,754,538,GO:0007032,endosome organization,1/538,9/27694,0.16187301769685547,0.4767188184405675,0.4655056938650754,Zm00001eb026810,1
GWAS_Asn_Goodman,MF,754,538,GO:0008453,alanine-glyoxylate transaminase activity,1/538,9/27694,0.16187301769685547,0.4767188184405675,0.4655056938650754,Zm00001eb034320,1
GWAS_Asn_Goodman,BP,754,538,GO:0009553,embryo sac development,1/538,9/27694,0.16187301769685547,0.4767188184405675,0.4655056938650754,Zm00001eb000540,1
GWAS_Asn_Goodman,BP,754,538,GO:0009556,microsporogenesis,1/538,9/27694,0.16187301769685547,0.4767188184405675,0.4655056938650754,Zm00001eb000540,1
GWAS_Asn_Goodman,BP,754,538,GO:0009620,response to fungus,1/538,9/27694,0.16187301769685547,0.4767188184405675,0.4655056938650754,Zm00001eb041770,1
GWAS_Asn_Goodman,BP,754,538,GO:0009648,photoperiodism,1/538,9/27694,0.16187301769685547,0.4767188184405675,0.4655056938650754,Zm00001eb040080,1
GWAS_Asn_Goodman,BP,754,538,GO:0010044,response to aluminum ion,1/538,9/27694,0.16187301769685547,0.4767188184405675,0.4655056938650754,Zm00001eb038910,1
GWAS_Asn_Goodman,MF,754,538,GO:0010997,anaphase-promoting complex binding,1/538,9/27694,0.16187301769685547,0.4767188184405675,0.4655056938650754,Zm00001eb001710,1
GWAS_Asn_Goodman,BP,754,538,GO:0019375,galactolipid biosynthetic process,1/538,9/27694,0.16187301769685547,0.4767188184405675,0.4655056938650754,Zm00001eb008640,1
GWAS_Asn_Goodman,BP,754,538,GO:0035821,modulation of process of another organism,1/538,9/27694,0.16187301769685547,0.4767188184405675,0.4655056938650754,Zm00001eb060190,1
GWAS_Asn_Goodman,BP,754,538,GO:0070192,chromosome organization involved in meiotic cell cycle,1/538,9/27694,0.16187301769685547,0.4767188184405675,0.4655056938650754,Zm00001eb000540,1
GWAS_Asn_Goodman,MF,754,538,GO:0090729,toxin activity,1/538,9/27694,0.16187301769685547,0.4767188184405675,0.4655056938650754,Zm00001eb060190,1
GWAS_Asn_Goodman,CC,754,538,GO:0015630,microtubule cytoskeleton,2/538,38/27694,0.168195584616852,0.48625268545292544,0.4748153103667331,Zm00001eb000890/Zm00001eb031820,2
GWAS_Asn_Goodman,BP,754,538,GO:0044042,glucan metabolic process,2/538,38/27694,0.168195584616852,0.48625268545292544,0.4748153103667331,Zm00001eb000620/Zm00001eb000660,2
GWAS_Asn_Goodman,BP,754,538,GO:0051225,spindle assembly,2/538,38/27694,0.168195584616852,0.48625268545292544,0.4748153103667331,Zm00001eb023530/Zm00001eb044540,2
GWAS_Asn_Goodman,CC,754,538,GO:0010008,endosome membrane,3/538,73/27694,0.1693020154023383,0.48625268545292544,0.4748153103667331,Zm00001eb001690/Zm00001eb019420/Zm00001eb035750,3
GWAS_Asn_Goodman,MF,754,538,GO:0003700,DNA-binding transcription factor activity,34/538,1476/27694,0.1736653357216148,0.48625268545292544,0.4748153103667331,Zm00001eb000470/Zm00001eb000690/Zm00001eb001670/Zm00001eb001720/Zm00001eb002490/Zm00001eb005020/Zm00001eb005380/Zm00001eb006160/Zm00001eb006180/Zm00001eb006200/Zm00001eb006480/Zm00001eb008010/Zm00001eb008350/Zm00001eb010190/Zm00001eb014150/Zm00001eb015150/Zm00001eb018460/Zm00001eb021440/Zm00001eb023160/Zm00001eb028430/Zm00001eb028610/Zm00001eb028820/Zm00001eb031300/Zm00001eb031310/Zm00001eb031670/Zm00001eb031910/Zm00001eb040070/Zm00001eb041070/Zm00001eb041610/Zm00001eb041640/Zm00001eb044660/Zm00001eb046540/Zm00001eb056260/Zm00001eb057820,34
GWAS_Asn_Goodman,BP,754,538,GO:0007017,microtubule-based process,3/538,74/27694,0.17408937381154782,0.48625268545292544,0.4748153103667331,Zm00001eb000490/Zm00001eb000890/Zm00001eb031820,3
GWAS_Asn_Goodman,BP,754,538,GO:0050832,defense response to fungus,3/538,74/27694,0.17408937381154782,0.48625268545292544,0.4748153103667331,Zm00001eb007850/Zm00001eb018150/Zm00001eb022500,3
GWAS_Asn_Goodman,MF,754,538,GO:0015144,carbohydrate transmembrane transporter activity,2/538,39/27694,0.17513787496405767,0.48625268545292544,0.4748153103667331,Zm00001eb008070/Zm00001eb008810,2
GWAS_Asn_Goodman,MF,754,538,GO:0000285,1-phosphatidylinositol-3-phosphate 5-kinase activity,1/538,10/27694,0.17816026048100186,0.48625268545292544,0.4748153103667331,Zm00001eb019420,1
GWAS_Asn_Goodman,BP,754,538,GO:0000289,nuclear-transcribed mRNA poly(A) tail shortening,1/538,10/27694,0.17816026048100186,0.48625268545292544,0.4748153103667331,Zm00001eb000340,1
GWAS_Asn_Goodman,MF,754,538,GO:0003825,"alpha,alpha-trehalose-phosphate synthase (UDP-forming) activity",1/538,10/27694,0.17816026048100186,0.48625268545292544,0.4748153103667331,Zm00001eb042370,1
GWAS_Asn_Goodman,MF,754,538,GO:0003977,UDP-N-acetylglucosamine diphosphorylase activity,1/538,10/27694,0.17816026048100186,0.48625268545292544,0.4748153103667331,Zm00001eb010380,1
GWAS_Asn_Goodman,BP,754,538,GO:0006107,oxaloacetate metabolic process,1/538,10/27694,0.17816026048100186,0.48625268545292544,0.4748153103667331,Zm00001eb038930,1
GWAS_Asn_Goodman,BP,754,538,GO:0006166,purine ribonucleoside salvage,1/538,10/27694,0.17816026048100186,0.48625268545292544,0.4748153103667331,Zm00001eb023390,1
GWAS_Asn_Goodman,BP,754,538,GO:0006297,"nucleotide-excision repair, DNA gap filling",1/538,10/27694,0.17816026048100186,0.48625268545292544,0.4748153103667331,Zm00001eb002150,1
GWAS_Asn_Goodman,BP,754,538,GO:0009098,L-leucine biosynthetic process,1/538,10/27694,0.17816026048100186,0.48625268545292544,0.4748153103667331,Zm00001eb019200,1
GWAS_Asn_Goodman,BP,754,538,GO:0009298,GDP-mannose biosynthetic process,1/538,10/27694,0.17816026048100186,0.48625268545292544,0.4748153103667331,Zm00001eb012020,1
GWAS_Asn_Goodman,BP,754,538,GO:0009741,response to brassinosteroid,1/538,10/27694,0.17816026048100186,0.48625268545292544,0.4748153103667331,Zm00001eb038710,1
GWAS_Asn_Goodman,BP,754,538,GO:0010215,cellulose microfibril organization,1/538,10/27694,0.17816026048100186,0.48625268545292544,0.4748153103667331,Zm00001eb014120,1
GWAS_Asn_Goodman,MF,754,538,GO:0030598,rRNA N-glycosylase activity,1/538,10/27694,0.17816026048100186,0.48625268545292544,0.4748153103667331,Zm00001eb060190,1
GWAS_Asn_Goodman,BP,754,538,GO:0030833,regulation of actin filament polymerization,1/538,10/27694,0.17816026048100186,0.48625268545292544,0.4748153103667331,Zm00001eb003550,1
GWAS_Asn_Goodman,BP,754,538,GO:0034204,lipid translocation,1/538,10/27694,0.17816026048100186,0.48625268545292544,0.4748153103667331,Zm00001eb015530,1
GWAS_Asn_Goodman,BP,754,538,GO:0042752,regulation of circadian rhythm,1/538,10/27694,0.17816026048100186,0.48625268545292544,0.4748153103667331,Zm00001eb006310,1
GWAS_Asn_Goodman,MF,754,538,GO:0004857,enzyme inhibitor activity,3/538,75/27694,0.1789144072947297,0.4867607842907408,0.4753114579759737,Zm00001eb024400/Zm00001eb040760/Zm00001eb043900,3
GWAS_Asn_Goodman,BP,754,538,GO:0008104,protein localization,2/538,40/27694,0.1821247631303821,0.48932575573295883,0.4778160975344867,Zm00001eb038690/Zm00001eb041780,2
GWAS_Asn_Goodman,MF,754,538,GO:0004519,endonuclease activity,3/538,77/27694,0.1886714798788113,0.48932575573295883,0.4778160975344867,Zm00001eb002260/Zm00001eb005390/Zm00001eb043930,3
GWAS_Asn_Goodman,BP,754,538,GO:0071897,DNA biosynthetic process,2/538,41/27694,0.18915190746873103,0.48932575573295883,0.4778160975344867,Zm00001eb002170/Zm00001eb031780,2
GWAS_Asn_Goodman,BP,754,538,GO:0000027,ribosomal large subunit assembly,1/538,11/27694,0.1941315717026908,0.48932575573295883,0.4778160975344867,Zm00001eb002520,1
GWAS_Asn_Goodman,MF,754,538,GO:0004332,fructose-bisphosphate aldolase activity,1/538,11/27694,0.1941315717026908,0.48932575573295883,0.4778160975344867,Zm00001eb010390,1
GWAS_Asn_Goodman,MF,754,538,GO:0004739,pyruvate dehydrogenase (acetyl-transferring) activity,1/538,11/27694,0.1941315717026908,0.48932575573295883,0.4778160975344867,Zm00001eb031900,1
GWAS_Asn_Goodman,BP,754,538,GO:0006021,inositol biosynthetic process,1/538,11/27694,0.1941315717026908,0.48932575573295883,0.4778160975344867,Zm00001eb008360,1
GWAS_Asn_Goodman,MF,754,538,GO:0008375,acetylglucosaminyltransferase activity,1/538,11/27694,0.1941315717026908,0.48932575573295883,0.4778160975344867,Zm00001eb012070,1
GWAS_Asn_Goodman,BP,754,538,GO:0009753,response to jasmonic acid,1/538,11/27694,0.1941315717026908,0.48932575573295883,0.4778160975344867,Zm00001eb041770,1
GWAS_Asn_Goodman,BP,754,538,GO:0009826,unidimensional cell growth,1/538,11/27694,0.1941315717026908,0.48932575573295883,0.4778160975344867,Zm00001eb003730,1
GWAS_Asn_Goodman,BP,754,538,GO:0009845,seed germination,1/538,11/27694,0.1941315717026908,0.48932575573295883,0.4778160975344867,Zm00001eb012040,1
GWAS_Asn_Goodman,BP,754,538,GO:0010073,meristem maintenance,1/538,11/27694,0.1941315717026908,0.48932575573295883,0.4778160975344867,Zm00001eb060200,1
GWAS_Asn_Goodman,BP,754,538,GO:0010960,magnesium ion homeostasis,1/538,11/27694,0.1941315717026908,0.48932575573295883,0.4778160975344867,Zm00001eb001900,1
GWAS_Asn_Goodman,MF,754,538,GO:0015369,calcium:proton antiporter activity,1/538,11/27694,0.1941315717026908,0.48932575573295883,0.4778160975344867,Zm00001eb019340,1
GWAS_Asn_Goodman,MF,754,538,GO:0016891,"RNA endonuclease activity producing 5'-phosphomonoesters, hydrolytic mechanism",1/538,11/27694,0.1941315717026908,0.48932575573295883,0.4778160975344867,Zm00001eb043930,1
GWAS_Asn_Goodman,MF,754,538,GO:0017116,single-stranded DNA helicase activity,1/538,11/27694,0.1941315717026908,0.48932575573295883,0.4778160975344867,Zm00001eb028400,1
GWAS_Asn_Goodman,BP,754,538,GO:0019288,"isopentenyl diphosphate biosynthetic process, methylerythritol 4-phosphate pathway",1/538,11/27694,0.1941315717026908,0.48932575573295883,0.4778160975344867,Zm00001eb056240,1
GWAS_Asn_Goodman,MF,754,538,GO:0031176,"endo-1,4-beta-xylanase activity",1/538,11/27694,0.1941315717026908,0.48932575573295883,0.4778160975344867,Zm00001eb027580,1
GWAS_Asn_Goodman,BP,754,538,GO:0034063,stress granule assembly,1/538,11/27694,0.1941315717026908,0.48932575573295883,0.4778160975344867,Zm00001eb044130,1
GWAS_Asn_Goodman,MF,754,538,GO:0043047,single-stranded telomeric DNA binding,1/538,11/27694,0.1941315717026908,0.48932575573295883,0.4778160975344867,Zm00001eb008630,1
GWAS_Asn_Goodman,MF,754,538,GO:0045300,stearoyl-[ACP] desaturase activity,1/538,11/27694,0.1941315717026908,0.48932575573295883,0.4778160975344867,Zm00001eb025490,1
GWAS_Asn_Goodman,BP,754,538,GO:0046294,formaldehyde catabolic process,1/538,11/27694,0.1941315717026908,0.48932575573295883,0.4778160975344867,Zm00001eb026710,1
GWAS_Asn_Goodman,BP,754,538,GO:0048527,lateral root development,1/538,11/27694,0.1941315717026908,0.48932575573295883,0.4778160975344867,Zm00001eb031810,1
GWAS_Asn_Goodman,MF,754,538,GO:0060090,molecular adaptor activity,1/538,11/27694,0.1941315717026908,0.48932575573295883,0.4778160975344867,Zm00001eb000340,1
GWAS_Asn_Goodman,MF,754,538,GO:0061928,glutathione specific gamma-glutamylcyclotransferase activity,1/538,11/27694,0.1941315717026908,0.48932575573295883,0.4778160975344867,Zm00001eb041680,1
GWAS_Asn_Goodman,BP,754,538,GO:0009409,response to cold,3/538,79/27694,0.1985613001040496,0.4990235606720543,0.4872857959028227,Zm00001eb002180/Zm00001eb006310/Zm00001eb043610,3
GWAS_Asn_Goodman,MF,754,538,GO:0016757,glycosyltransferase activity,19/538,791/27694,0.20243142516954227,0.49956145456104734,0.4878110377400142,Zm00001eb000640/Zm00001eb003600/Zm00001eb003610/Zm00001eb006350/Zm00001eb008640/Zm00001eb014090/Zm00001eb015130/Zm00001eb015780/Zm00001eb016430/Zm00001eb018170/Zm00001eb023390/Zm00001eb024010/Zm00001eb029710/Zm00001eb039370/Zm00001eb041700/Zm00001eb042370/Zm00001eb057750/Zm00001eb057840/Zm00001eb061800,19
GWAS_Asn_Goodman,BP,754,538,GO:0000160,phosphorelay signal transduction system,3/538,80/27694,0.20355231210969643,0.49956145456104734,0.4878110377400142,Zm00001eb007080/Zm00001eb029630/Zm00001eb046540,3
GWAS_Asn_Goodman,BP,754,538,GO:0006950,response to stress,7/538,246/27694,0.20380664131708462,0.49956145456104734,0.4878110377400142,Zm00001eb013430/Zm00001eb014350/Zm00001eb014370/Zm00001eb014390/Zm00001eb014420/Zm00001eb014430/Zm00001eb015130,7
GWAS_Asn_Goodman,MF,754,538,GO:0003849,3-deoxy-7-phosphoheptulonate synthase activity,1/538,12/27694,0.20979306844885048,0.49956145456104734,0.4878110377400142,Zm00001eb026910,1
GWAS_Asn_Goodman,MF,754,538,GO:0004791,thioredoxin-disulfide reductase (NADPH) activity,1/538,12/27694,0.20979306844885048,0.49956145456104734,0.4878110377400142,Zm00001eb019530,1
GWAS_Asn_Goodman,CC,754,538,GO:0005689,U12-type spliceosomal complex,1/538,12/27694,0.20979306844885048,0.49956145456104734,0.4878110377400142,Zm00001eb015560,1
GWAS_Asn_Goodman,BP,754,538,GO:0019509,L-methionine salvage from methylthioadenosine,1/538,12/27694,0.20979306844885048,0.49956145456104734,0.4878110377400142,Zm00001eb036610,1
GWAS_Asn_Goodman,BP,754,538,GO:0019674,NAD+ metabolic process,1/538,12/27694,0.20979306844885048,0.49956145456104734,0.4878110377400142,Zm00001eb038930,1
GWAS_Asn_Goodman,BP,754,538,GO:0030388,"fructose 1,6-bisphosphate metabolic process",1/538,12/27694,0.20979306844885048,0.49956145456104734,0.4878110377400142,Zm00001eb010390,1
GWAS_Asn_Goodman,MF,754,538,GO:0032454,histone H3K9 demethylase activity,1/538,12/27694,0.20979306844885048,0.49956145456104734,0.4878110377400142,Zm00001eb028840,1
GWAS_Asn_Goodman,BP,754,538,GO:0032509,endosome transport via multivesicular body sorting pathway,1/538,12/27694,0.20979306844885048,0.49956145456104734,0.4878110377400142,Zm00001eb000670,1
GWAS_Asn_Goodman,BP,754,538,GO:0033014,tetrapyrrole biosynthetic process,1/538,12/27694,0.20979306844885048,0.49956145456104734,0.4878110377400142,Zm00001eb006450,1
GWAS_Asn_Goodman,BP,754,538,GO:0042138,meiotic DNA double-strand break formation,1/538,12/27694,0.20979306844885048,0.49956145456104734,0.4878110377400142,Zm00001eb000540,1
GWAS_Asn_Goodman,BP,754,538,GO:0045047,protein targeting to ER,1/538,12/27694,0.20979306844885048,0.49956145456104734,0.4878110377400142,Zm00001eb000480,1
GWAS_Asn_Goodman,BP,754,538,GO:0051607,defense response to virus,1/538,12/27694,0.20979306844885048,0.49956145456104734,0.4878110377400142,Zm00001eb007810,1
GWAS_Asn_Goodman,MF,754,538,GO:0061575,cyclin-dependent protein serine/threonine kinase activator activity,1/538,12/27694,0.20979306844885048,0.49956145456104734,0.4878110377400142,Zm00001eb003750,1
GWAS_Asn_Goodman,CC,754,538,GO:0072686,mitotic spindle,1/538,12/27694,0.20979306844885048,0.49956145456104734,0.4878110377400142,Zm00001eb025840,1
GWAS_Asn_Goodman,BP,754,538,GO:2000024,regulation of leaf development,1/538,12/27694,0.20979306844885048,0.49956145456104734,0.4878110377400142,Zm00001eb004710,1
GWAS_Asn_Goodman,MF,754,538,GO:0003887,DNA-directed DNA polymerase activity,2/538,44/27694,0.2104337048967772,0.49956145456104734,0.4878110377400142,Zm00001eb002150/Zm00001eb002170,2
GWAS_Asn_Goodman,MF,754,538,GO:0016760,cellulose synthase (UDP-forming) activity,2/538,44/27694,0.2104337048967772,0.49956145456104734,0.4878110377400142,Zm00001eb018170/Zm00001eb061800,2
GWAS_Asn_Goodman,BP,754,538,GO:0009416,response to light stimulus,3/538,82/27694,0.21361929568052274,0.5011797205018682,0.489391239696598,Zm00001eb002510/Zm00001eb012210/Zm00001eb024620,3
GWAS_Asn_Goodman,MF,754,538,GO:0035251,UDP-glucosyltransferase activity,4/538,123/27694,0.21752207548389374,0.5011797205018682,0.489391239696598,Zm00001eb057740/Zm00001eb057750/Zm00001eb057770/Zm00001eb057790,4
GWAS_Asn_Goodman,MF,754,538,GO:0015267,channel activity,2/538,45/27694,0.21758142020572938,0.5011797205018682,0.489391239696598,Zm00001eb003730/Zm00001eb043650,2
GWAS_Asn_Goodman,CC,754,538,GO:0000139,Golgi membrane,14/538,568/27694,0.21815302129338943,0.5011797205018682,0.489391239696598,Zm00001eb000640/Zm00001eb001690/Zm00001eb003600/Zm00001eb003610/Zm00001eb005370/Zm00001eb006350/Zm00001eb008870/Zm00001eb009310/Zm00001eb013440/Zm00001eb015780/Zm00001eb022820/Zm00001eb027830/Zm00001eb028390/Zm00001eb029710,14
GWAS_Asn_Goodman,CC,754,538,GO:0005829,cytosol,23/538,994/27694,0.22290162570814823,0.5011797205018682,0.489391239696598,Zm00001eb000700/Zm00001eb000710/Zm00001eb002180/Zm00001eb002530/Zm00001eb006320/Zm00001eb008340/Zm00001eb008360/Zm00001eb010390/Zm00001eb010400/Zm00001eb013430/Zm00001eb018130/Zm00001eb019180/Zm00001eb021240/Zm00001eb021580/Zm00001eb026710/Zm00001eb028810/Zm00001eb029250/Zm00001eb031340/Zm00001eb034080/Zm00001eb035750/Zm00001eb043920/Zm00001eb046580/Zm00001eb047240,23
GWAS_Asn_Goodman,MF,754,538,GO:0030145,manganese ion binding,3/538,84/27694,0.2237900636287128,0.5011797205018682,0.489391239696598,Zm00001eb028090/Zm00001eb028540/Zm00001eb061410,3
GWAS_Asn_Goodman,CC,754,538,GO:0000243,commitment complex,1/538,13/27694,0.22515074958368642,0.5011797205018682,0.489391239696598,Zm00001eb007090,1
GWAS_Asn_Goodman,MF,754,538,GO:0004356,glutamine synthetase activity,1/538,13/27694,0.22515074958368642,0.5011797205018682,0.489391239696598,Zm00001eb031620,1
GWAS_Asn_Goodman,MF,754,538,GO:0004712,protein serine/threonine/tyrosine kinase activity,1/538,13/27694,0.22515074958368642,0.5011797205018682,0.489391239696598,Zm00001eb043610,1
GWAS_Asn_Goodman,MF,754,538,GO:0004725,protein tyrosine phosphatase activity,1/538,13/27694,0.22515074958368642,0.5011797205018682,0.489391239696598,Zm00001eb026740,1
GWAS_Asn_Goodman,BP,754,538,GO:0006048,UDP-N-acetylglucosamine biosynthetic process,1/538,13/27694,0.22515074958368642,0.5011797205018682,0.489391239696598,Zm00001eb010380,1
GWAS_Asn_Goodman,BP,754,538,GO:0006265,DNA topological change,1/538,13/27694,0.22515074958368642,0.5011797205018682,0.489391239696598,Zm00001eb005010,1
GWAS_Asn_Goodman,BP,754,538,GO:0006751,glutathione catabolic process,1/538,13/27694,0.22515074958368642,0.5011797205018682,0.489391239696598,Zm00001eb041680,1
GWAS_Asn_Goodman,CC,754,538,GO:0008250,oligosaccharyltransferase complex,1/538,13/27694,0.22515074958368642,0.5011797205018682,0.489391239696598,Zm00001eb002220,1
GWAS_Asn_Goodman,BP,754,538,GO:0009085,lysine biosynthetic process,1/538,13/27694,0.22515074958368642,0.5011797205018682,0.489391239696598,Zm00001eb028810,1
GWAS_Asn_Goodman,BP,754,538,GO:0009639,response to red or far red light,1/538,13/27694,0.22515074958368642,0.5011797205018682,0.489391239696598,Zm00001eb012210,1
GWAS_Asn_Goodman,BP,754,538,GO:0016197,endosomal transport,1/538,13/27694,0.22515074958368642,0.5011797205018682,0.489391239696598,Zm00001eb002430,1
GWAS_Asn_Goodman,MF,754,538,GO:0016615,malate dehydrogenase activity,1/538,13/27694,0.22515074958368642,0.5011797205018682,0.489391239696598,Zm00001eb038930,1
GWAS_Asn_Goodman,MF,754,538,GO:0032977,membrane insertase activity,1/538,13/27694,0.22515074958368642,0.5011797205018682,0.489391239696598,Zm00001eb001070,1
GWAS_Asn_Goodman,BP,754,538,GO:0033962,P-body assembly,1/538,13/27694,0.22515074958368642,0.5011797205018682,0.489391239696598,Zm00001eb044130,1
GWAS_Asn_Goodman,CC,754,538,GO:0042555,MCM complex,1/538,13/27694,0.22515074958368642,0.5011797205018682,0.489391239696598,Zm00001eb028400,1
GWAS_Asn_Goodman,BP,754,538,GO:0080142,regulation of salicylic acid biosynthetic process,1/538,13/27694,0.22515074958368642,0.5011797205018682,0.489391239696598,Zm00001eb014150,1
GWAS_Asn_Goodman,BP,754,538,GO:0090307,mitotic spindle assembly,1/538,13/27694,0.22515074958368642,0.5011797205018682,0.489391239696598,Zm00001eb025840,1
GWAS_Asn_Goodman,BP,754,538,GO:2000028,"regulation of photoperiodism, flowering",1/538,13/27694,0.22515074958368642,0.5011797205018682,0.489391239696598,Zm00001eb029250,1
GWAS_Asn_Goodman,MF,754,538,GO:0004867,serine-type endopeptidase inhibitor activity,2/538,47/27694,0.23193555811847621,0.5057995007644694,0.4939023559635856,Zm00001eb031470/Zm00001eb031490,2
GWAS_Asn_Goodman,MF,754,538,GO:0030599,pectinesterase activity,2/538,47/27694,0.23193555811847621,0.5057995007644694,0.4939023559635856,Zm00001eb040760/Zm00001eb043900,2
GWAS_Asn_Goodman,BP,754,538,GO:0048731,system development,2/538,47/27694,0.23193555811847621,0.5057995007644694,0.4939023559635856,Zm00001eb040240/Zm00001eb048540,2
GWAS_Asn_Goodman,CC,754,538,GO:0015935,small ribosomal subunit,3/538,86/27694,0.23405343310429802,0.5057995007644694,0.4939023559635856,Zm00001eb003570/Zm00001eb008100/Zm00001eb061760,3
GWAS_Asn_Goodman,BP,754,538,GO:0051301,cell division,6/538,213/27694,0.2348405327394062,0.5057995007644694,0.4939023559635856,Zm00001eb001710/Zm00001eb002520/Zm00001eb003750/Zm00001eb010020/Zm00001eb044540/Zm00001eb048550,6
GWAS_Asn_Goodman,BP,754,538,GO:0000462,"maturation of SSU-rRNA from tricistronic rRNA transcript (SSU-rRNA, 5.8S rRNA, LSU-rRNA)",2/538,48/27694,0.23913511774538707,0.5057995007644694,0.4939023559635856,Zm00001eb006370/Zm00001eb034060,2
GWAS_Asn_Goodman,BP,754,538,GO:0009408,response to heat,3/538,87/27694,0.23921641834378038,0.5057995007644694,0.4939023559635856,Zm00001eb026680/Zm00001eb029200/Zm00001eb034050,3
GWAS_Asn_Goodman,BP,754,538,GO:0009738,abscisic acid-activated signaling pathway,3/538,87/27694,0.23921641834378038,0.5057995007644694,0.4939023559635856,Zm00001eb012040/Zm00001eb013450/Zm00001eb023880,3
GWAS_Asn_Goodman,MF,754,538,GO:0003688,DNA replication origin binding,1/538,14/27694,0.2402104980293338,0.5057995007644694,0.4939023559635856,Zm00001eb031810,1
GWAS_Asn_Goodman,MF,754,538,GO:0003916,DNA topoisomerase activity,1/538,14/27694,0.2402104980293338,0.5057995007644694,0.4939023559635856,Zm00001eb005010,1
GWAS_Asn_Goodman,MF,754,538,GO:0004619,phosphoglycerate mutase activity,1/538,14/27694,0.2402104980293338,0.5057995007644694,0.4939023559635856,Zm00001eb019180,1
GWAS_Asn_Goodman,CC,754,538,GO:0005684,U2-type spliceosomal complex,1/538,14/27694,0.2402104980293338,0.5057995007644694,0.4939023559635856,Zm00001eb034090,1
GWAS_Asn_Goodman,BP,754,538,GO:0007029,endoplasmic reticulum organization,1/538,14/27694,0.2402104980293338,0.5057995007644694,0.4939023559635856,Zm00001eb043910,1
GWAS_Asn_Goodman,MF,754,538,GO:0008553,P-type proton-exporting transporter activity,1/538,14/27694,0.2402104980293338,0.5057995007644694,0.4939023559635856,Zm00001eb000570,1
GWAS_Asn_Goodman,CC,754,538,GO:0009524,phragmoplast,1/538,14/27694,0.2402104980293338,0.5057995007644694,0.4939023559635856,Zm00001eb044540,1
GWAS_Asn_Goodman,BP,754,538,GO:0009686,gibberellin biosynthetic process,1/538,14/27694,0.2402104980293338,0.5057995007644694,0.4939023559635856,Zm00001eb021200,1
GWAS_Asn_Goodman,BP,754,538,GO:0010256,endomembrane system organization,1/538,14/27694,0.2402104980293338,0.5057995007644694,0.4939023559635856,Zm00001eb019420,1
GWAS_Asn_Goodman,MF,754,538,GO:0030060,L-malate dehydrogenase (NAD+) activity,1/538,14/27694,0.2402104980293338,0.5057995007644694,0.4939023559635856,Zm00001eb038930,1
GWAS_Asn_Goodman,CC,754,538,GO:0030686,90S preribosome,1/538,14/27694,0.2402104980293338,0.5057995007644694,0.4939023559635856,Zm00001eb006370,1
GWAS_Asn_Goodman,CC,754,538,GO:0035145,exon-exon junction complex,1/538,14/27694,0.2402104980293338,0.5057995007644694,0.4939023559635856,Zm00001eb011470,1
GWAS_Asn_Goodman,BP,754,538,GO:0051693,actin filament capping,1/538,14/27694,0.2402104980293338,0.5057995007644694,0.4939023559635856,Zm00001eb018520,1
GWAS_Asn_Goodman,MF,754,538,GO:0140326,ATPase-coupled intramembrane lipid transporter activity,1/538,14/27694,0.2402104980293338,0.5057995007644694,0.4939023559635856,Zm00001eb015530,1
GWAS_Asn_Goodman,MF,754,538,GO:0008194,UDP-glycosyltransferase activity,5/538,172/27694,0.24339046876321857,0.5112392934560743,0.4992141967666635,Zm00001eb041700/Zm00001eb057740/Zm00001eb057750/Zm00001eb057770/Zm00001eb057790,5
GWAS_Asn_Goodman,BP,754,538,GO:0000413,protein peptidyl-prolyl isomerization,2/538,50/27694,0.25356299548877126,0.5154609419929236,0.5033365459489949,Zm00001eb039360/Zm00001eb057800,2
GWAS_Asn_Goodman,BP,754,538,GO:0006665,sphingolipid metabolic process,2/538,50/27694,0.25356299548877126,0.5154609419929236,0.5033365459489949,Zm00001eb001870/Zm00001eb028390,2
GWAS_Asn_Goodman,CC,754,538,GO:0005654,nucleoplasm,3/538,90/27694,0.2548145387181301,0.5154609419929236,0.5033365459489949,Zm00001eb028170/Zm00001eb033290/Zm00001eb033330,3
GWAS_Asn_Goodman,BP,754,538,GO:0009873,ethylene-activated signaling pathway,3/538,90/27694,0.2548145387181301,0.5154609419929236,0.5033365459489949,Zm00001eb006160/Zm00001eb006180/Zm00001eb006200,3
GWAS_Asn_Goodman,BP,754,538,GO:0000350,generation of catalytic spliceosome for second transesterification step,1/538,15/27694,0.25497808300260794,0.5154609419929236,0.5033365459489949,Zm00001eb040030,1
GWAS_Asn_Goodman,MF,754,538,GO:0004784,superoxide dismutase activity,1/538,15/27694,0.25497808300260794,0.5154609419929236,0.5033365459489949,Zm00001eb008850,1
GWAS_Asn_Goodman,CC,754,538,GO:0005876,spindle microtubule,1/538,15/27694,0.25497808300260794,0.5154609419929236,0.5033365459489949,Zm00001eb025840,1
GWAS_Asn_Goodman,BP,754,538,GO:0006123,"mitochondrial electron transport, cytochrome c to oxygen",1/538,15/27694,0.25497808300260794,0.5154609419929236,0.5033365459489949,Zm00001eb058950,1
GWAS_Asn_Goodman,BP,754,538,GO:0006996,organelle organization,1/538,15/27694,0.25497808300260794,0.5154609419929236,0.5033365459489949,Zm00001eb024000,1
GWAS_Asn_Goodman,MF,754,538,GO:0016308,1-phosphatidylinositol-4-phosphate 5-kinase activity,1/538,15/27694,0.25497808300260794,0.5154609419929236,0.5033365459489949,Zm00001eb011460,1
GWAS_Asn_Goodman,MF,754,538,GO:0031369,translation initiation factor binding,1/538,15/27694,0.25497808300260794,0.5154609419929236,0.5033365459489949,Zm00001eb024200,1
GWAS_Asn_Goodman,MF,754,538,GO:0044390,ubiquitin-like protein conjugating enzyme binding,1/538,15/27694,0.25497808300260794,0.5154609419929236,0.5033365459489949,Zm00001eb025340,1
GWAS_Asn_Goodman,BP,754,538,GO:0010468,regulation of gene expression,4/538,133/27694,0.25933584466022036,0.5154609419929236,0.5033365459489949,Zm00001eb010160/Zm00001eb028170/Zm00001eb041780/Zm00001eb051620,4
GWAS_Asn_Goodman,BP,754,538,GO:0030244,cellulose biosynthetic process,2/538,51/27694,0.2607851834862411,0.5154609419929236,0.5033365459489949,Zm00001eb018170/Zm00001eb061800,2
GWAS_Asn_Goodman,CC,754,538,GO:0048046,apoplast,5/538,177/27694,0.26160339760020984,0.5154609419929236,0.5033365459489949,Zm00001eb000660/Zm00001eb003590/Zm00001eb012250/Zm00001eb040050/Zm00001eb061410,5
GWAS_Asn_Goodman,BP,754,538,GO:0016579,protein deubiquitination,2/538,52/27694,0.268008975659607,0.5154609419929236,0.5033365459489949,Zm00001eb008340/Zm00001eb026810,2
GWAS_Asn_Goodman,BP,754,538,GO:0019752,carboxylic acid metabolic process,2/538,52/27694,0.268008975659607,0.5154609419929236,0.5033365459489949,Zm00001eb006440/Zm00001eb009340,2
GWAS_Asn_Goodman,BP,754,538,GO:0009733,response to auxin,5/538,179/27694,0.2689765147041146,0.5154609419929236,0.5033365459489949,Zm00001eb002510/Zm00001eb038710/Zm00001eb040610/Zm00001eb040650/Zm00001eb040680,5
GWAS_Asn_Goodman,BP,754,538,GO:0000727,double-strand break repair via break-induced replication,1/538,16/27694,0.2694591622086695,0.5154609419929236,0.5033365459489949,Zm00001eb028400,1
GWAS_Asn_Goodman,MF,754,538,GO:0003689,DNA clamp loader activity,1/538,16/27694,0.2694591622086695,0.5154609419929236,0.5033365459489949,Zm00001eb024430,1
GWAS_Asn_Goodman,CC,754,538,GO:0005663,DNA replication factor C complex,1/538,16/27694,0.2694591622086695,0.5154609419929236,0.5033365459489949,Zm00001eb024430,1
GWAS_Asn_Goodman,CC,754,538,GO:0005744,TIM23 mitochondrial import inner membrane translocase complex,1/538,16/27694,0.2694591622086695,0.5154609419929236,0.5033365459489949,Zm00001eb000980,1
GWAS_Asn_Goodman,BP,754,538,GO:0006401,RNA catabolic process,1/538,16/27694,0.2694591622086695,0.5154609419929236,0.5033365459489949,Zm00001eb022830,1
GWAS_Asn_Goodman,BP,754,538,GO:0006782,protoporphyrinogen IX biosynthetic process,1/538,16/27694,0.2694591622086695,0.5154609419929236,0.5033365459489949,Zm00001eb006450,1
GWAS_Asn_Goodman,BP,754,538,GO:0006783,heme biosynthetic process,1/538,16/27694,0.2694591622086695,0.5154609419929236,0.5033365459489949,Zm00001eb005400,1
GWAS_Asn_Goodman,BP,754,538,GO:0006801,superoxide metabolic process,1/538,16/27694,0.2694591622086695,0.5154609419929236,0.5033365459489949,Zm00001eb008850,1
GWAS_Asn_Goodman,BP,754,538,GO:0006863,purine nucleobase transport,1/538,16/27694,0.2694591622086695,0.5154609419929236,0.5033365459489949,Zm00001eb006630,1
GWAS_Asn_Goodman,BP,754,538,GO:0009089,lysine biosynthetic process via diaminopimelate,1/538,16/27694,0.2694591622086695,0.5154609419929236,0.5033365459489949,Zm00001eb028810,1
GWAS_Asn_Goodman,BP,754,538,GO:0009117,nucleotide metabolic process,1/538,16/27694,0.2694591622086695,0.5154609419929236,0.5033365459489949,Zm00001eb002420,1
GWAS_Asn_Goodman,BP,754,538,GO:0009740,gibberellic acid mediated signaling pathway,1/538,16/27694,0.2694591622086695,0.5154609419929236,0.5033365459489949,Zm00001eb039370,1
GWAS_Asn_Goodman,MF,754,538,GO:0009922,fatty acid elongase activity,1/538,16/27694,0.2694591622086695,0.5154609419929236,0.5033365459489949,Zm00001eb046050,1
GWAS_Asn_Goodman,BP,754,538,GO:0010078,maintenance of root meristem identity,1/538,16/27694,0.2694591622086695,0.5154609419929236,0.5033365459489949,Zm00001eb010160,1
GWAS_Asn_Goodman,BP,754,538,GO:0010114,response to red light,1/538,16/27694,0.2694591622086695,0.5154609419929236,0.5033365459489949,Zm00001eb031340,1
GWAS_Asn_Goodman,BP,754,538,GO:0016117,carotenoid biosynthetic process,1/538,16/27694,0.2694591622086695,0.5154609419929236,0.5033365459489949,Zm00001eb006300,1
GWAS_Asn_Goodman,MF,754,538,GO:0016209,antioxidant activity,1/538,16/27694,0.2694591622086695,0.5154609419929236,0.5033365459489949,Zm00001eb008850,1
GWAS_Asn_Goodman,MF,754,538,GO:0016868,intramolecular phosphotransferase activity,1/538,16/27694,0.2694591622086695,0.5154609419929236,0.5033365459489949,Zm00001eb019180,1
GWAS_Asn_Goodman,CC,754,538,GO:0017119,Golgi transport complex,1/538,16/27694,0.2694591622086695,0.5154609419929236,0.5033365459489949,Zm00001eb009310,1
GWAS_Asn_Goodman,BP,754,538,GO:0019388,galactose catabolic process,1/538,16/27694,0.2694591622086695,0.5154609419929236,0.5033365459489949,Zm00001eb040050,1
GWAS_Asn_Goodman,CC,754,538,GO:0030688,"preribosome, small subunit precursor",1/538,16/27694,0.2694591622086695,0.5154609419929236,0.5033365459489949,Zm00001eb006370,1
GWAS_Asn_Goodman,BP,754,538,GO:0045324,late endosome to vacuole transport,1/538,16/27694,0.2694591622086695,0.5154609419929236,0.5033365459489949,Zm00001eb000670,1
GWAS_Asn_Goodman,CC,754,538,GO:0009705,plant-type vacuole membrane,2/538,53/27694,0.27523158926824354,0.5241632711175216,0.5118341835514705,Zm00001eb003730/Zm00001eb019340,2
GWAS_Asn_Goodman,BP,754,538,GO:0015914,phospholipid transport,2/538,53/27694,0.27523158926824354,0.5241632711175216,0.5118341835514705,Zm00001eb008870/Zm00001eb015530,2
GWAS_Asn_Goodman,MF,754,538,GO:0004709,MAP kinase kinase kinase activity,1/538,17/27694,0.28365928399245943,0.5261818319946704,0.5138052649214063,Zm00001eb011480,1
GWAS_Asn_Goodman,BP,754,538,GO:0007623,circadian rhythm,1/538,17/27694,0.28365928399245943,0.5261818319946704,0.5138052649214063,Zm00001eb002510,1
GWAS_Asn_Goodman,BP,754,538,GO:0009851,auxin biosynthetic process,1/538,17/27694,0.28365928399245943,0.5261818319946704,0.5138052649214063,Zm00001eb004710,1
GWAS_Asn_Goodman,BP,754,538,GO:0010274,hydrotropism,1/538,17/27694,0.28365928399245943,0.5261818319946704,0.5138052649214063,Zm00001eb038240,1
GWAS_Asn_Goodman,CC,754,538,GO:0010494,cytoplasmic stress granule,1/538,17/27694,0.28365928399245943,0.5261818319946704,0.5138052649214063,Zm00001eb044130,1
GWAS_Asn_Goodman,BP,754,538,GO:0010608,post-transcriptional regulation of gene expression,1/538,17/27694,0.28365928399245943,0.5261818319946704,0.5138052649214063,Zm00001eb008320,1
GWAS_Asn_Goodman,MF,754,538,GO:0015211,purine nucleoside transmembrane transporter activity,1/538,17/27694,0.28365928399245943,0.5261818319946704,0.5138052649214063,Zm00001eb006630,1
GWAS_Asn_Goodman,BP,754,538,GO:0015860,purine nucleoside transmembrane transport,1/538,17/27694,0.28365928399245943,0.5261818319946704,0.5138052649214063,Zm00001eb006630,1
GWAS_Asn_Goodman,MF,754,538,GO:0016776,"phosphotransferase activity, phosphate group as acceptor",1/538,17/27694,0.28365928399245943,0.5261818319946704,0.5138052649214063,Zm00001eb002420,1
GWAS_Asn_Goodman,MF,754,538,GO:0016830,carbon-carbon lyase activity,1/538,17/27694,0.28365928399245943,0.5261818319946704,0.5138052649214063,Zm00001eb006440,1
GWAS_Asn_Goodman,BP,754,538,GO:0019318,hexose metabolic process,1/538,17/27694,0.28365928399245943,0.5261818319946704,0.5138052649214063,Zm00001eb018480,1
GWAS_Asn_Goodman,CC,754,538,GO:0042721,TIM22 mitochondrial import inner membrane insertion complex,1/538,17/27694,0.28365928399245943,0.5261818319946704,0.5138052649214063,Zm00001eb004090,1
GWAS_Asn_Goodman,BP,754,538,GO:0009658,chloroplast organization,2/538,55/27694,0.28966268232793624,0.5313112359531803,0.518814017788833,Zm00001eb017630/Zm00001eb035740,2
GWAS_Asn_Goodman,BP,754,538,GO:0009909,regulation of flower development,2/538,55/27694,0.28966268232793624,0.5313112359531803,0.518814017788833,Zm00001eb003210/Zm00001eb041070,2
GWAS_Asn_Goodman,BP,754,538,GO:0019953,sexual reproduction,2/538,55/27694,0.28966268232793624,0.5313112359531803,0.518814017788833,Zm00001eb000370/Zm00001eb000380,2
GWAS_Asn_Goodman,MF,754,538,GO:0042910,xenobiotic transmembrane transporter activity,2/538,55/27694,0.28966268232793624,0.5313112359531803,0.518814017788833,Zm00001eb008790/Zm00001eb021430,2
GWAS_Asn_Goodman,BP,754,538,GO:0000272,polysaccharide catabolic process,3/538,97/27694,0.291682881932211,0.5313112359531803,0.518814017788833,Zm00001eb007850/Zm00001eb022500/Zm00001eb027580,3
GWAS_Asn_Goodman,MF,754,538,GO:0000978,RNA polymerase II cis-regulatory region sequence-specific DNA binding,7/538,277/27694,0.2939456286356744,0.5313112359531803,0.518814017788833,Zm00001eb001670/Zm00001eb001720/Zm00001eb005020/Zm00001eb006480/Zm00001eb025330/Zm00001eb041650/Zm00001eb056260,7
GWAS_Asn_Goodman,MF,754,538,GO:0016491,oxidoreductase activity,36/538,1681/27694,0.2955577737681189,0.5313112359531803,0.518814017788833,Zm00001eb001060/Zm00001eb002510/Zm00001eb003230/Zm00001eb003240/Zm00001eb003290/Zm00001eb003300/Zm00001eb004710/Zm00001eb006300/Zm00001eb008850/Zm00001eb009300/Zm00001eb012060/Zm00001eb012250/Zm00001eb015820/Zm00001eb017640/Zm00001eb018220/Zm00001eb019530/Zm00001eb021550/Zm00001eb023540/Zm00001eb025490/Zm00001eb026710/Zm00001eb027570/Zm00001eb031900/Zm00001eb038930/Zm00001eb040240/Zm00001eb040640/Zm00001eb041710/Zm00001eb043590/Zm00001eb043620/Zm00001eb043630/Zm00001eb044650/Zm00001eb045960/Zm00001eb045990/Zm00001eb048540/Zm00001eb056240/Zm00001eb057810/Zm00001eb057850,36
GWAS_Asn_Goodman,CC,754,538,GO:0016592,mediator complex,2/538,56/27694,0.2968661195810136,0.5313112359531803,0.518814017788833,Zm00001eb004040/Zm00001eb044560,2
GWAS_Asn_Goodman,MF,754,538,GO:0003725,double-stranded RNA binding,1/538,18/27694,0.2975838894486891,0.5313112359531803,0.518814017788833,Zm00001eb045620,1
GWAS_Asn_Goodman,BP,754,538,GO:0006086,pyruvate decarboxylation to acetyl-CoA,1/538,18/27694,0.2975838894486891,0.5313112359531803,0.518814017788833,Zm00001eb031900,1
GWAS_Asn_Goodman,BP,754,538,GO:0006614,SRP-dependent cotranslational protein targeting to membrane,1/538,18/27694,0.2975838894486891,0.5313112359531803,0.518814017788833,Zm00001eb000480,1
GWAS_Asn_Goodman,BP,754,538,GO:0016925,protein sumoylation,1/538,18/27694,0.2975838894486891,0.5313112359531803,0.518814017788833,Zm00001eb001680,1
GWAS_Asn_Goodman,MF,754,538,GO:0019905,syntaxin binding,1/538,18/27694,0.2975838894486891,0.5313112359531803,0.518814017788833,Zm00001eb027830,1
GWAS_Asn_Goodman,BP,754,538,GO:0030042,actin filament depolymerization,1/538,18/27694,0.2975838894486891,0.5313112359531803,0.518814017788833,Zm00001eb010370,1
GWAS_Asn_Goodman,CC,754,538,GO:0031902,late endosome membrane,1/538,18/27694,0.2975838894486891,0.5313112359531803,0.518814017788833,Zm00001eb007810,1
GWAS_Asn_Goodman,BP,754,538,GO:0042908,xenobiotic transport,1/538,18/27694,0.2975838894486891,0.5313112359531803,0.518814017788833,Zm00001eb008790,1
GWAS_Asn_Goodman,BP,754,538,GO:0045036,protein targeting to chloroplast,1/538,18/27694,0.2975838894486891,0.5313112359531803,0.518814017788833,Zm00001eb004090,1
GWAS_Asn_Goodman,MF,754,538,GO:0070569,uridylyltransferase activity,1/538,18/27694,0.2975838894486891,0.5313112359531803,0.518814017788833,Zm00001eb010380,1
GWAS_Asn_Goodman,MF,754,538,GO:0008017,microtubule binding,6/538,234/27694,0.3037923878871147,0.5399417723055886,0.5272415512902326,Zm00001eb000890/Zm00001eb004250/Zm00001eb023530/Zm00001eb025840/Zm00001eb031820/Zm00001eb044540,6
GWAS_Asn_Goodman,MF,754,538,GO:0030414,peptidase inhibitor activity,2/538,57/27694,0.3040582879133107,0.5399417723055886,0.5272415512902326,Zm00001eb031470/Zm00001eb031490,2
GWAS_Asn_Goodman,BP,754,538,GO:0005975,carbohydrate metabolic process,12/538,517/27694,0.30603992725170953,0.5399417723055886,0.5272415512902326,Zm00001eb000660/Zm00001eb001830/Zm00001eb007800/Zm00001eb016430/Zm00001eb018180/Zm00001eb018480/Zm00001eb022500/Zm00001eb027580/Zm00001eb040050/Zm00001eb057840/Zm00001eb061770/Zm00001eb061780,12
GWAS_Asn_Goodman,BP,754,538,GO:0001510,RNA methylation,1/538,19/27694,0.31123831449120276,0.5399417723055886,0.5272415512902326,Zm00001eb019330,1
GWAS_Asn_Goodman,BP,754,538,GO:0009231,riboflavin biosynthetic process,1/538,19/27694,0.31123831449120276,0.5399417723055886,0.5272415512902326,Zm00001eb033400,1
GWAS_Asn_Goodman,BP,754,538,GO:0009926,auxin polar transport,1/538,19/27694,0.31123831449120276,0.5399417723055886,0.5272415512902326,Zm00001eb038710,1
GWAS_Asn_Goodman,BP,754,538,GO:0010315,auxin export across the plasma membrane,1/538,19/27694,0.31123831449120276,0.5399417723055886,0.5272415512902326,Zm00001eb038710,1
GWAS_Asn_Goodman,MF,754,538,GO:0010329,auxin efflux transmembrane transporter activity,1/538,19/27694,0.31123831449120276,0.5399417723055886,0.5272415512902326,Zm00001eb038710,1
GWAS_Asn_Goodman,BP,754,538,GO:0016075,rRNA catabolic process,1/538,19/27694,0.31123831449120276,0.5399417723055886,0.5272415512902326,Zm00001eb002260,1
GWAS_Asn_Goodman,BP,754,538,GO:0016926,protein desumoylation,1/538,19/27694,0.31123831449120276,0.5399417723055886,0.5272415512902326,Zm00001eb021580,1
GWAS_Asn_Goodman,MF,754,538,GO:0016929,deSUMOylase activity,1/538,19/27694,0.31123831449120276,0.5399417723055886,0.5272415512902326,Zm00001eb021580,1
GWAS_Asn_Goodman,CC,754,538,GO:0022626,cytosolic ribosome,1/538,19/27694,0.31123831449120276,0.5399417723055886,0.5272415512902326,Zm00001eb002520,1
GWAS_Asn_Goodman,MF,754,538,GO:0070180,large ribosomal subunit rRNA binding,1/538,19/27694,0.31123831449120276,0.5399417723055886,0.5272415512902326,Zm00001eb003180,1
GWAS_Asn_Goodman,BP,754,538,GO:0071806,protein transmembrane transport,1/538,19/27694,0.31123831449120276,0.5399417723055886,0.5272415512902326,Zm00001eb004090,1
GWAS_Asn_Goodman,BP,754,538,GO:0006096,glycolytic process,3/538,103/27694,0.32356179875849156,0.542785894044663,0.530018775121915,Zm00001eb010390/Zm00001eb019180/Zm00001eb047240,3
GWAS_Asn_Goodman,MF,754,538,GO:0008289,lipid binding,4/538,148/27694,0.32444759490355646,0.542785894044663,0.530018775121915,Zm00001eb000690/Zm00001eb019520/Zm00001eb031670/Zm00001eb058990,4
GWAS_Asn_Goodman,CC,754,538,GO:0000178,exosome (RNase complex),1/538,20/27694,0.3246277918824846,0.542785894044663,0.530018775121915,Zm00001eb002260,1
GWAS_Asn_Goodman,CC,754,538,GO:0000815,ESCRT III complex,1/538,20/27694,0.3246277918824846,0.542785894044663,0.530018775121915,Zm00001eb000670,1
GWAS_Asn_Goodman,MF,754,538,GO:0004017,AMP kinase activity,1/538,20/27694,0.3246277918824846,0.542785894044663,0.530018775121915,Zm00001eb002420,1
GWAS_Asn_Goodman,MF,754,538,GO:0004630,phospholipase D activity,1/538,20/27694,0.3246277918824846,0.542785894044663,0.530018775121915,Zm00001eb021510,1
GWAS_Asn_Goodman,MF,754,538,GO:0005345,purine nucleobase transmembrane transporter activity,1/538,20/27694,0.3246277918824846,0.542785894044663,0.530018775121915,Zm00001eb006630,1
GWAS_Asn_Goodman,CC,754,538,GO:0005815,microtubule organizing center,1/538,20/27694,0.3246277918824846,0.542785894044663,0.530018775121915,Zm00001eb044540,1
GWAS_Asn_Goodman,CC,754,538,GO:0005880,nuclear microtubule,1/538,20/27694,0.3246277918824846,0.542785894044663,0.530018775121915,Zm00001eb023530,1
GWAS_Asn_Goodman,BP,754,538,GO:0006874,intracellular calcium ion homeostasis,1/538,20/27694,0.3246277918824846,0.542785894044663,0.530018775121915,Zm00001eb019340,1
GWAS_Asn_Goodman,BP,754,538,GO:0009903,chloroplast avoidance movement,1/538,20/27694,0.3246277918824846,0.542785894044663,0.530018775121915,Zm00001eb006320,1
GWAS_Asn_Goodman,BP,754,538,GO:0009904,chloroplast accumulation movement,1/538,20/27694,0.3246277918824846,0.542785894044663,0.530018775121915,Zm00001eb006320,1
GWAS_Asn_Goodman,BP,754,538,GO:0019430,removal of superoxide radicals,1/538,20/27694,0.3246277918824846,0.542785894044663,0.530018775121915,Zm00001eb008850,1
GWAS_Asn_Goodman,BP,754,538,GO:0030163,protein catabolic process,1/538,20/27694,0.3246277918824846,0.542785894044663,0.530018775121915,Zm00001eb041630,1
GWAS_Asn_Goodman,BP,754,538,GO:0045039,protein insertion into mitochondrial inner membrane,1/538,20/27694,0.3246277918824846,0.542785894044663,0.530018775121915,Zm00001eb004090,1
GWAS_Asn_Goodman,BP,754,538,GO:0051017,actin filament bundle assembly,1/538,20/27694,0.3246277918824846,0.542785894044663,0.530018775121915,Zm00001eb010370,1
GWAS_Asn_Goodman,MF,754,538,GO:0103075,indole-3-pyruvate monooxygenase activity,1/538,20/27694,0.3246277918824846,0.542785894044663,0.530018775121915,Zm00001eb004710,1
GWAS_Asn_Goodman,BP,754,538,GO:1904823,purine nucleobase transmembrane transport,1/538,20/27694,0.3246277918824846,0.542785894044663,0.530018775121915,Zm00001eb006630,1
GWAS_Asn_Goodman,MF,754,538,GO:0004521,RNA endonuclease activity,2/538,60/27694,0.3255448652729951,0.542785894044663,0.530018775121915,Zm00001eb020470/Zm00001eb043930,2
GWAS_Asn_Goodman,BP,754,538,GO:0009414,response to water deprivation,2/538,60/27694,0.3255448652729951,0.542785894044663,0.530018775121915,Zm00001eb002510/Zm00001eb043610,2
GWAS_Asn_Goodman,BP,754,538,GO:0055085,transmembrane transport,22/538,1017/27694,0.33282474327437933,0.5538462232740643,0.5408189492143721,Zm00001eb000390/Zm00001eb001900/Zm00001eb003730/Zm00001eb004340/Zm00001eb006630/Zm00001eb008070/Zm00001eb008080/Zm00001eb008790/Zm00001eb008810/Zm00001eb009990/Zm00001eb013460/Zm00001eb018200/Zm00001eb018230/Zm00001eb018250/Zm00001eb018270/Zm00001eb019340/Zm00001eb021430/Zm00001eb023610/Zm00001eb027550/Zm00001eb038710/Zm00001eb043650/Zm00001eb051610,22
GWAS_Asn_Goodman,BP,754,538,GO:0006402,mRNA catabolic process,1/538,21/27694,0.3377574532240766,0.5545175046226698,0.541474441042833,Zm00001eb010150,1
GWAS_Asn_Goodman,BP,754,538,GO:0009395,phospholipid catabolic process,1/538,21/27694,0.3377574532240766,0.5545175046226698,0.541474441042833,Zm00001eb021510,1
GWAS_Asn_Goodman,MF,754,538,GO:0015145,monosaccharide transmembrane transporter activity,1/538,21/27694,0.3377574532240766,0.5545175046226698,0.541474441042833,Zm00001eb008810,1
GWAS_Asn_Goodman,MF,754,538,GO:0016866,intramolecular transferase activity,1/538,21/27694,0.3377574532240766,0.5545175046226698,0.541474441042833,Zm00001eb004240,1
GWAS_Asn_Goodman,MF,754,538,GO:0019205,nucleobase-containing compound kinase activity,1/538,21/27694,0.3377574532240766,0.5545175046226698,0.541474441042833,Zm00001eb002420,1
GWAS_Asn_Goodman,MF,754,538,GO:0044877,protein-containing complex binding,1/538,21/27694,0.3377574532240766,0.5545175046226698,0.541474441042833,Zm00001eb041780,1
GWAS_Asn_Goodman,BP,754,538,GO:0061157,mRNA destabilization,1/538,21/27694,0.3377574532240766,0.5545175046226698,0.541474441042833,Zm00001eb039740,1
GWAS_Asn_Goodman,MF,754,538,GO:0016709,"oxidoreductase activity, acting on paired donors, with incorporation or reduction of molecular oxygen, NAD(P)H as one donor, and incorporation of one atom of oxygen",2/538,62/27694,0.3397735663471283,0.5567608917007437,0.5436650603722792,Zm00001eb043620/Zm00001eb043630,2
GWAS_Asn_Goodman,MF,754,538,GO:0005507,copper ion binding,2/538,63/27694,0.3468534374257084,0.5637746859075436,0.5505138798704134,Zm00001eb008850/Zm00001eb012250,2
GWAS_Asn_Goodman,MF,754,538,GO:0016538,cyclin-dependent protein serine/threonine kinase regulator activity,2/538,63/27694,0.3468534374257084,0.5637746859075436,0.5505138798704134,Zm00001eb003750/Zm00001eb048550,2
GWAS_Asn_Goodman,CC,754,538,GO:0005771,multivesicular body,1/538,22/27694,0.350632330908659,0.5637746859075436,0.5505138798704134,Zm00001eb000670,1
GWAS_Asn_Goodman,BP,754,538,GO:0005983,starch catabolic process,1/538,22/27694,0.350632330908659,0.5637746859075436,0.5505138798704134,Zm00001eb000620,1
GWAS_Asn_Goodman,CC,754,538,GO:0019898,extrinsic component of membrane,1/538,22/27694,0.350632330908659,0.5637746859075436,0.5505138798704134,Zm00001eb028550,1
GWAS_Asn_Goodman,CC,754,538,GO:0030687,"preribosome, large subunit precursor",1/538,22/27694,0.350632330908659,0.5637746859075436,0.5505138798704134,Zm00001eb016460,1
GWAS_Asn_Goodman,MF,754,538,GO:0043539,protein serine/threonine kinase activator activity,1/538,22/27694,0.350632330908659,0.5637746859075436,0.5505138798704134,Zm00001eb000920,1
GWAS_Asn_Goodman,BP,754,538,GO:0046274,lignin catabolic process,1/538,22/27694,0.350632330908659,0.5637746859075436,0.5505138798704134,Zm00001eb012250,1
GWAS_Asn_Goodman,BP,754,538,GO:0048564,photosystem I assembly,1/538,22/27694,0.350632330908659,0.5637746859075436,0.5505138798704134,Zm00001eb028550,1
GWAS_Asn_Goodman,MF,754,538,GO:0052716,hydroquinone:oxygen oxidoreductase activity,1/538,22/27694,0.350632330908659,0.5637746859075436,0.5505138798704134,Zm00001eb012250,1
GWAS_Asn_Goodman,BP,754,538,GO:0007010,cytoskeleton organization,2/538,64/27694,0.3539079459388613,0.5660210137265339,0.5527073707702443,Zm00001eb000490/Zm00001eb025840,2
GWAS_Asn_Goodman,CC,754,538,GO:0032040,small-subunit processome,2/538,65/27694,0.3609354066779621,0.5660210137265339,0.5527073707702443,Zm00001eb016440/Zm00001eb034060,2
GWAS_Asn_Goodman,BP,754,538,GO:0036503,ERAD pathway,2/538,65/27694,0.3609354066779621,0.5660210137265339,0.5527073707702443,Zm00001eb021210/Zm00001eb025340,2
GWAS_Asn_Goodman,MF,754,538,GO:0042626,ATPase-coupled transmembrane transporter activity,2/538,65/27694,0.3609354066779621,0.5660210137265339,0.5527073707702443,Zm00001eb004340/Zm00001eb038710,2
GWAS_Asn_Goodman,MF,754,538,GO:0000175,3'-5'-RNA exonuclease activity,1/538,23/27694,0.3632573600345317,0.5660210137265339,0.5527073707702443,Zm00001eb002260,1
GWAS_Asn_Goodman,CC,754,538,GO:0000177,cytoplasmic exosome (RNase complex),1/538,23/27694,0.3632573600345317,0.5660210137265339,0.5527073707702443,Zm00001eb002260,1
GWAS_Asn_Goodman,MF,754,538,GO:0001228,"DNA-binding transcription activator activity, RNA polymerase II-specific",1/538,23/27694,0.3632573600345317,0.5660210137265339,0.5527073707702443,Zm00001eb025330,1
GWAS_Asn_Goodman,MF,754,538,GO:0001671,ATPase activator activity,1/538,23/27694,0.3632573600345317,0.5660210137265339,0.5527073707702443,Zm00001eb018130,1
GWAS_Asn_Goodman,MF,754,538,GO:0005545,1-phosphatidylinositol binding,1/538,23/27694,0.3632573600345317,0.5660210137265339,0.5527073707702443,Zm00001eb027120,1
GWAS_Asn_Goodman,CC,754,538,GO:0008540,"proteasome regulatory particle, base subcomplex",1/538,23/27694,0.3632573600345317,0.5660210137265339,0.5527073707702443,Zm00001eb010400,1
GWAS_Asn_Goodman,BP,754,538,GO:0009423,chorismate biosynthetic process,1/538,23/27694,0.3632573600345317,0.5660210137265339,0.5527073707702443,Zm00001eb026910,1
GWAS_Asn_Goodman,BP,754,538,GO:0015749,monosaccharide transmembrane transport,1/538,23/27694,0.3632573600345317,0.5660210137265339,0.5527073707702443,Zm00001eb008810,1
GWAS_Asn_Goodman,MF,754,538,GO:0016780,"phosphotransferase activity, for other substituted phosphate groups",1/538,23/27694,0.3632573600345317,0.5660210137265339,0.5527073707702443,Zm00001eb028390,1
GWAS_Asn_Goodman,BP,754,538,GO:0045493,xylan catabolic process,1/538,23/27694,0.3632573600345317,0.5660210137265339,0.5527073707702443,Zm00001eb027580,1
GWAS_Asn_Goodman,BP,754,538,GO:0048268,clathrin coat assembly,1/538,23/27694,0.3632573600345317,0.5660210137265339,0.5527073707702443,Zm00001eb027120,1
GWAS_Asn_Goodman,BP,754,538,GO:0048366,leaf development,1/538,23/27694,0.3632573600345317,0.5660210137265339,0.5527073707702443,Zm00001eb003730,1
GWAS_Asn_Goodman,MF,754,538,GO:1990247,N6-methyladenosine-containing RNA reader activity,1/538,23/27694,0.3632573600345317,0.5660210137265339,0.5527073707702443,Zm00001eb039740,1
GWAS_Asn_Goodman,BP,754,538,GO:0042546,cell wall biogenesis,2/538,66/27694,0.36793420922538045,0.5687654326903154,0.5553872369818839,Zm00001eb000660/Zm00001eb024010,2
GWAS_Asn_Goodman,MF,754,538,GO:0016747,"acyltransferase activity, transferring groups other than amino-acyl groups",6/538,253/27694,0.36887645435951844,0.5687654326903154,0.5553872369818839,Zm00001eb006430/Zm00001eb012650/Zm00001eb013420/Zm00001eb027660/Zm00001eb041100/Zm00001eb046050,6
GWAS_Asn_Goodman,CC,754,538,GO:0005777,peroxisome,3/538,112/27694,0.3713277591278149,0.5687654326903154,0.5553872369818839,Zm00001eb002510/Zm00001eb034080/Zm00001eb034320,3
GWAS_Asn_Goodman,CC,754,538,GO:0005856,cytoskeleton,5/538,206/27694,0.3715134214999818,0.5687654326903154,0.5553872369818839,Zm00001eb000490/Zm00001eb004250/Zm00001eb018520/Zm00001eb041010/Zm00001eb044690,5
GWAS_Asn_Goodman,MF,754,538,GO:0004683,calcium/calmodulin-dependent protein kinase activity,2/538,67/27694,0.3749028156940508,0.5687654326903154,0.5553872369818839,Zm00001eb002180/Zm00001eb060140,2
GWAS_Asn_Goodman,BP,754,538,GO:0006310,DNA recombination,2/538,67/27694,0.3749028156940508,0.5687654326903154,0.5553872369818839,Zm00001eb005010/Zm00001eb008630,2
GWAS_Asn_Goodman,MF,754,538,GO:0009931,calcium-dependent protein serine/threonine kinase activity,2/538,67/27694,0.3749028156940508,0.5687654326903154,0.5553872369818839,Zm00001eb002180/Zm00001eb060140,2
GWAS_Asn_Goodman,MF,754,538,GO:0043169,cation binding,2/538,67/27694,0.3749028156940508,0.5687654326903154,0.5553872369818839,Zm00001eb012040/Zm00001eb013450,2
GWAS_Asn_Goodman,MF,754,538,GO:0000155,phosphorelay sensor kinase activity,1/538,24/27694,0.3756373802832188,0.5687654326903154,0.5553872369818839,Zm00001eb007080,1
GWAS_Asn_Goodman,BP,754,538,GO:0000302,response to reactive oxygen species,1/538,24/27694,0.3756373802832188,0.5687654326903154,0.5553872369818839,Zm00001eb002510,1
GWAS_Asn_Goodman,MF,754,538,GO:0005262,calcium channel activity,1/538,24/27694,0.3756373802832188,0.5687654326903154,0.5553872369818839,Zm00001eb004320,1
GWAS_Asn_Goodman,BP,754,538,GO:0006108,malate metabolic process,1/538,24/27694,0.3756373802832188,0.5687654326903154,0.5553872369818839,Zm00001eb038930,1
GWAS_Asn_Goodman,BP,754,538,GO:0006892,post-Golgi vesicle-mediated transport,1/538,24/27694,0.3756373802832188,0.5687654326903154,0.5553872369818839,Zm00001eb008870,1
GWAS_Asn_Goodman,BP,754,538,GO:0009640,photomorphogenesis,1/538,24/27694,0.3756373802832188,0.5687654326903154,0.5553872369818839,Zm00001eb038710,1
GWAS_Asn_Goodman,BP,754,538,GO:0045489,pectin biosynthetic process,1/538,24/27694,0.3756373802832188,0.5687654326903154,0.5553872369818839,Zm00001eb029710,1
GWAS_Asn_Goodman,CC,754,538,GO:0080008,Cul4-RING E3 ubiquitin ligase complex,1/538,24/27694,0.3756373802832188,0.5687654326903154,0.5553872369818839,Zm00001eb001890,1
GWAS_Asn_Goodman,CC,754,538,GO:0005886,plasma membrane,38/538,1844/27694,0.3763793660035144,0.5688838036419962,0.5555028236754738,Zm00001eb000570/Zm00001eb000970/Zm00001eb000990/Zm00001eb001900/Zm00001eb002180/Zm00001eb002430/Zm00001eb002470/Zm00001eb002510/Zm00001eb006270/Zm00001eb008870/Zm00001eb009320/Zm00001eb010320/Zm00001eb011460/Zm00001eb014120/Zm00001eb018170/Zm00001eb018180/Zm00001eb018200/Zm00001eb018230/Zm00001eb018250/Zm00001eb018270/Zm00001eb021510/Zm00001eb021580/Zm00001eb025770/Zm00001eb028390/Zm00001eb032940/Zm00001eb034290/Zm00001eb034370/Zm00001eb038680/Zm00001eb038710/Zm00001eb041050/Zm00001eb043610/Zm00001eb047250/Zm00001eb047260/Zm00001eb047270/Zm00001eb058940/Zm00001eb060200/Zm00001eb061740/Zm00001eb061800,38
GWAS_Asn_Goodman,MF,754,538,GO:0004721,phosphoprotein phosphatase activity,5/538,208/27694,0.3792071750678069,0.5720920857641469,0.558635642304854,Zm00001eb000620/Zm00001eb012040/Zm00001eb013450/Zm00001eb026740/Zm00001eb040770,5
GWAS_Asn_Goodman,BP,754,538,GO:0006364,rRNA processing,4/538,161/27694,0.38169374358527863,0.5720920857641469,0.558635642304854,Zm00001eb002260/Zm00001eb004240/Zm00001eb016440/Zm00001eb016460,4
GWAS_Asn_Goodman,CC,754,538,GO:0022625,cytosolic large ribosomal subunit,4/538,161/27694,0.38169374358527863,0.5720920857641469,0.558635642304854,Zm00001eb002520/Zm00001eb003180/Zm00001eb025050/Zm00001eb040600,4
GWAS_Asn_Goodman,MF,754,538,GO:0005215,transporter activity,2/538,68/27694,0.38183975852636176,0.5720920857641469,0.558635642304854,Zm00001eb000570/Zm00001eb015530,2
GWAS_Asn_Goodman,BP,754,538,GO:0006139,nucleobase-containing compound metabolic process,2/538,68/27694,0.38183975852636176,0.5720920857641469,0.558635642304854,Zm00001eb002420/Zm00001eb016450,2
GWAS_Asn_Goodman,BP,754,538,GO:0045893,positive regulation of DNA-templated transcription,6/538,257/27694,0.38270502236810244,0.5723877908716646,0.5589243919952998,Zm00001eb014350/Zm00001eb014370/Zm00001eb014390/Zm00001eb014420/Zm00001eb014430/Zm00001eb028430,6
GWAS_Asn_Goodman,BP,754,538,GO:0000956,nuclear-transcribed mRNA catabolic process,1/538,25/27694,0.38777713776090694,0.5734135939186777,0.5599260666527652,Zm00001eb022830,1
GWAS_Asn_Goodman,BP,754,538,GO:0005991,trehalose metabolic process,1/538,25/27694,0.38777713776090694,0.5734135939186777,0.5599260666527652,Zm00001eb042370,1
GWAS_Asn_Goodman,BP,754,538,GO:0009555,pollen development,1/538,25/27694,0.38777713776090694,0.5734135939186777,0.5599260666527652,Zm00001eb019420,1
GWAS_Asn_Goodman,BP,754,538,GO:0046246,terpene biosynthetic process,1/538,25/27694,0.38777713776090694,0.5734135939186777,0.5599260666527652,Zm00001eb041770,1
GWAS_Asn_Goodman,BP,754,538,GO:0046940,nucleoside monophosphate phosphorylation,1/538,25/27694,0.38777713776090694,0.5734135939186777,0.5599260666527652,Zm00001eb002420,1
GWAS_Asn_Goodman,BP,754,538,GO:0072657,protein localization to membrane,1/538,25/27694,0.38777713776090694,0.5734135939186777,0.5599260666527652,Zm00001eb001690,1
GWAS_Asn_Goodman,BP,754,538,GO:0009737,response to abscisic acid,2/538,69/27694,0.3887436383509355,0.5734135939186777,0.5599260666527652,Zm00001eb002510/Zm00001eb041770,2
GWAS_Asn_Goodman,MF,754,538,GO:0016413,O-acetyltransferase activity,2/538,69/27694,0.3887436383509355,0.5734135939186777,0.5599260666527652,Zm00001eb013440/Zm00001eb022820,2
GWAS_Asn_Goodman,MF,754,538,GO:0004252,serine-type endopeptidase activity,4/538,163/27694,0.39047958799702576,0.5749845479612562,0.5614600695562225,Zm00001eb010360/Zm00001eb021530/Zm00001eb031860/Zm00001eb031870,4
GWAS_Asn_Goodman,BP,754,538,GO:0042742,defense response to bacterium,3/538,116/27694,0.3923809414124959,0.5767932535000154,0.5632262316925779,Zm00001eb047260/Zm00001eb047270/Zm00001eb058940,3
GWAS_Asn_Goodman,MF,754,538,GO:0008233,peptidase activity,13/538,605/27694,0.39519339405390114,0.5767979911484181,0.5632308579045537,Zm00001eb008340/Zm00001eb010360/Zm00001eb021530/Zm00001eb021580/Zm00001eb023280/Zm00001eb026810/Zm00001eb028090/Zm00001eb028540/Zm00001eb031860/Zm00001eb031870/Zm00001eb041630/Zm00001eb043920/Zm00001eb060200,13
GWAS_Asn_Goodman,MF,754,538,GO:0004445,inositol-polyphosphate 5-phosphatase activity,1/538,26/27694,0.3996812868044082,0.5767979911484181,0.5632308579045537,Zm00001eb047860,1
GWAS_Asn_Goodman,MF,754,538,GO:0004673,protein histidine kinase activity,1/538,26/27694,0.3996812868044082,0.5767979911484181,0.5632308579045537,Zm00001eb007080,1
GWAS_Asn_Goodman,CC,754,538,GO:0005871,kinesin complex,1/538,26/27694,0.3996812868044082,0.5767979911484181,0.5632308579045537,Zm00001eb004250,1
GWAS_Asn_Goodman,BP,754,538,GO:0006779,porphyrin-containing compound biosynthetic process,1/538,26/27694,0.3996812868044082,0.5767979911484181,0.5632308579045537,Zm00001eb006450,1
GWAS_Asn_Goodman,BP,754,538,GO:0007034,vacuolar transport,1/538,26/27694,0.3996812868044082,0.5767979911484181,0.5632308579045537,Zm00001eb000670,1
GWAS_Asn_Goodman,BP,754,538,GO:0009723,response to ethylene,1/538,26/27694,0.3996812868044082,0.5767979911484181,0.5632308579045537,Zm00001eb023160,1
GWAS_Asn_Goodman,CC,754,538,GO:0016282,eukaryotic 43S preinitiation complex,1/538,26/27694,0.3996812868044082,0.5767979911484181,0.5632308579045537,Zm00001eb024200,1
GWAS_Asn_Goodman,BP,754,538,GO:0051453,regulation of intracellular pH,1/538,26/27694,0.3996812868044082,0.5767979911484181,0.5632308579045537,Zm00001eb000570,1
GWAS_Asn_Goodman,MF,754,538,GO:0061608,nuclear import signal receptor activity,1/538,26/27694,0.3996812868044082,0.5767979911484181,0.5632308579045537,Zm00001eb012210,1
GWAS_Asn_Goodman,MF,754,538,GO:0004674,protein serine/threonine kinase activity,25/538,1207/27694,0.3997876391390436,0.5767979911484181,0.5632308579045537,Zm00001eb001880/Zm00001eb001940/Zm00001eb002180/Zm00001eb002470/Zm00001eb009320/Zm00001eb010320/Zm00001eb011480/Zm00001eb013480/Zm00001eb018290/Zm00001eb023880/Zm00001eb025770/Zm00001eb031270/Zm00001eb031340/Zm00001eb032940/Zm00001eb034290/Zm00001eb034370/Zm00001eb034410/Zm00001eb038680/Zm00001eb040080/Zm00001eb041050/Zm00001eb043610/Zm00001eb047260/Zm00001eb047270/Zm00001eb058940/Zm00001eb060140,25
GWAS_Asn_Goodman,BP,754,538,GO:0008654,phospholipid biosynthetic process,2/538,71/27694,0.4024469399571511,0.5792537411616526,0.5656288450820045,Zm00001eb001870/Zm00001eb008360,2
GWAS_Asn_Goodman,CC,754,538,GO:0005774,vacuolar membrane,3/538,118/27694,0.40284157495022754,0.5792537411616526,0.5656288450820045,Zm00001eb003730/Zm00001eb004250/Zm00001eb019340,3
GWAS_Asn_Goodman,BP,754,538,GO:0006893,Golgi to plasma membrane transport,1/538,27/27694,0.411354391752334,0.5865735669413482,0.5727764978423777,Zm00001eb038690,1
GWAS_Asn_Goodman,BP,754,538,GO:0031408,oxylipin biosynthetic process,1/538,27/27694,0.411354391752334,0.5865735669413482,0.5727764978423777,Zm00001eb009340,1
GWAS_Asn_Goodman,MF,754,538,GO:0034485,"phosphatidylinositol-3,4,5-trisphosphate 5-phosphatase activity",1/538,27/27694,0.411354391752334,0.5865735669413482,0.5727764978423777,Zm00001eb047860,1
GWAS_Asn_Goodman,MF,754,538,GO:0043495,membrane-membrane adaptor activity,1/538,27/27694,0.411354391752334,0.5865735669413482,0.5727764978423777,Zm00001eb004250,1
GWAS_Asn_Goodman,CC,754,538,GO:0071004,U2-type prespliceosome,1/538,27/27694,0.411354391752334,0.5865735669413482,0.5727764978423777,Zm00001eb007090,1
GWAS_Asn_Goodman,BP,754,538,GO:0001732,formation of cytoplasmic translation initiation complex,1/538,28/27694,0.42280092868215124,0.5999013176831186,0.585790760373493,Zm00001eb024200,1
GWAS_Asn_Goodman,MF,754,538,GO:0005384,manganese ion transmembrane transporter activity,1/538,28/27694,0.42280092868215124,0.5999013176831186,0.585790760373493,Zm00001eb041600,1
GWAS_Asn_Goodman,CC,754,538,GO:0033290,eukaryotic 48S preinitiation complex,1/538,28/27694,0.42280092868215124,0.5999013176831186,0.585790760373493,Zm00001eb024200,1
GWAS_Asn_Goodman,MF,754,538,GO:0050661,NADP binding,2/538,75/27694,0.42940230635390053,0.606785760287921,0.5925132708086928,Zm00001eb004710/Zm00001eb023540,2
GWAS_Asn_Goodman,MF,754,538,GO:0000287,magnesium ion binding,4/538,172/27694,0.42974033902991315,0.606785760287921,0.5925132708086928,Zm00001eb000710/Zm00001eb015530/Zm00001eb021200/Zm00001eb041770,4
GWAS_Asn_Goodman,CC,754,538,GO:0005874,microtubule,6/538,271/27694,0.43102437201842003,0.606785760287921,0.5925132708086928,Zm00001eb000490/Zm00001eb000890/Zm00001eb004250/Zm00001eb025840/Zm00001eb031820/Zm00001eb044540,6
GWAS_Asn_Goodman,BP,754,538,GO:0006094,gluconeogenesis,1/538,29/27694,0.43402528711376376,0.606785760287921,0.5925132708086928,Zm00001eb047240,1
GWAS_Asn_Goodman,BP,754,538,GO:0006623,protein targeting to vacuole,1/538,29/27694,0.43402528711376376,0.606785760287921,0.5925132708086928,Zm00001eb030660,1
GWAS_Asn_Goodman,BP,754,538,GO:0016311,dephosphorylation,1/538,29/27694,0.43402528711376376,0.606785760287921,0.5925132708086928,Zm00001eb000620,1
GWAS_Asn_Goodman,MF,754,538,GO:0019901,protein kinase binding,1/538,29/27694,0.43402528711376376,0.606785760287921,0.5925132708086928,Zm00001eb003750,1
GWAS_Asn_Goodman,BP,754,538,GO:0030036,actin cytoskeleton organization,1/538,29/27694,0.43402528711376376,0.606785760287921,0.5925132708086928,Zm00001eb041010,1
GWAS_Asn_Goodman,BP,754,538,GO:0071421,manganese ion transmembrane transport,1/538,29/27694,0.43402528711376376,0.606785760287921,0.5925132708086928,Zm00001eb041600,1
GWAS_Asn_Goodman,MF,754,538,GO:0016798,"hydrolase activity, acting on glycosyl bonds",9/538,422/27694,0.4355298941024942,0.6076211739092354,0.5933290342785017,Zm00001eb000660/Zm00001eb001830/Zm00001eb007800/Zm00001eb018180/Zm00001eb022500/Zm00001eb029720/Zm00001eb040050/Zm00001eb061770/Zm00001eb061780,9
GWAS_Asn_Goodman,MF,754,538,GO:0051287,NAD binding,2/538,76/27694,0.43604086575750267,0.6076211739092354,0.5933290342785017,Zm00001eb001910/Zm00001eb057810,2
GWAS_Asn_Goodman,MF,754,538,GO:0008483,transaminase activity,2/538,77/27694,0.4426373827142682,0.6102275653280066,0.5958741195550762,Zm00001eb014440/Zm00001eb034320,2
GWAS_Asn_Goodman,CC,754,538,GO:0000176,nuclear exosome (RNase complex),1/538,30/27694,0.44503177168028485,0.6102275653280066,0.5958741195550762,Zm00001eb002260,1
GWAS_Asn_Goodman,MF,754,538,GO:0004540,RNA nuclease activity,1/538,30/27694,0.44503177168028485,0.6102275653280066,0.5958741195550762,Zm00001eb002260,1
GWAS_Asn_Goodman,BP,754,538,GO:0006289,nucleotide-excision repair,1/538,30/27694,0.44503177168028485,0.6102275653280066,0.5958741195550762,Zm00001eb008630,1
GWAS_Asn_Goodman,MF,754,538,GO:0016018,cyclosporin A binding,1/538,30/27694,0.44503177168028485,0.6102275653280066,0.5958741195550762,Zm00001eb057800,1
GWAS_Asn_Goodman,BP,754,538,GO:0016102,diterpenoid biosynthetic process,1/538,30/27694,0.44503177168028485,0.6102275653280066,0.5958741195550762,Zm00001eb041770,1
GWAS_Asn_Goodman,MF,754,538,GO:0016706,2-oxoglutarate-dependent dioxygenase activity,1/538,30/27694,0.44503177168028485,0.6102275653280066,0.5958741195550762,Zm00001eb041710,1
GWAS_Asn_Goodman,BP,754,538,GO:0042147,"retrograde transport, endosome to Golgi",1/538,30/27694,0.44503177168028485,0.6102275653280066,0.5958741195550762,Zm00001eb035750,1
GWAS_Asn_Goodman,MF,754,538,GO:0047262,polygalacturonate 4-alpha-galacturonosyltransferase activity,1/538,30/27694,0.44503177168028485,0.6102275653280066,0.5958741195550762,Zm00001eb029710,1
GWAS_Asn_Goodman,MF,754,538,GO:0097602,cullin family protein binding,1/538,30/27694,0.44503177168028485,0.6102275653280066,0.5958741195550762,Zm00001eb000550,1
GWAS_Asn_Goodman,CC,754,538,GO:0000932,P-body,2/538,78/27694,0.449190983961676,0.6129883332088476,0.5985699501333094,Zm00001eb000340/Zm00001eb044130,2
GWAS_Asn_Goodman,MF,754,538,GO:0004527,exonuclease activity,2/538,78/27694,0.449190983961676,0.6129883332088476,0.5985699501333094,Zm00001eb002260/Zm00001eb014130,2
GWAS_Asn_Goodman,MF,754,538,GO:0004812,aminoacyl-tRNA ligase activity,2/538,78/27694,0.449190983961676,0.6129883332088476,0.5985699501333094,Zm00001eb033310/Zm00001eb033320,2
GWAS_Asn_Goodman,MF,754,538,GO:0016301,kinase activity,35/538,1751/27694,0.45562530246799915,0.6151837565794988,0.6007137339319555,Zm00001eb000920/Zm00001eb001000/Zm00001eb001870/Zm00001eb001880/Zm00001eb001940/Zm00001eb002180/Zm00001eb002420/Zm00001eb002470/Zm00001eb003750/Zm00001eb004990/Zm00001eb006270/Zm00001eb009320/Zm00001eb010320/Zm00001eb011460/Zm00001eb011480/Zm00001eb013480/Zm00001eb018290/Zm00001eb019420/Zm00001eb023880/Zm00001eb025770/Zm00001eb031270/Zm00001eb031340/Zm00001eb032940/Zm00001eb034290/Zm00001eb034370/Zm00001eb034410/Zm00001eb038680/Zm00001eb040080/Zm00001eb041050/Zm00001eb043610/Zm00001eb047240/Zm00001eb047260/Zm00001eb047270/Zm00001eb058940/Zm00001eb060140,35
GWAS_Asn_Goodman,BP,754,538,GO:0006417,regulation of translation,2/538,79/27694,0.45570084588005566,0.6151837565794988,0.6007137339319555,Zm00001eb003550/Zm00001eb008320,2
GWAS_Asn_Goodman,BP,754,538,GO:0009611,response to wounding,2/538,79/27694,0.45570084588005566,0.6151837565794988,0.6007137339319555,Zm00001eb031470/Zm00001eb031490,2
GWAS_Asn_Goodman,CC,754,538,GO:0030136,clathrin-coated vesicle,1/538,31/27694,0.4558246037666065,0.6151837565794988,0.6007137339319555,Zm00001eb027120,1
GWAS_Asn_Goodman,BP,754,538,GO:0030150,protein import into mitochondrial matrix,1/538,31/27694,0.4558246037666065,0.6151837565794988,0.6007137339319555,Zm00001eb000980,1
GWAS_Asn_Goodman,BP,754,538,GO:0031647,regulation of protein stability,1/538,31/27694,0.4558246037666065,0.6151837565794988,0.6007137339319555,Zm00001eb008340,1
GWAS_Asn_Goodman,BP,754,538,GO:0046513,ceramide biosynthetic process,1/538,31/27694,0.4558246037666065,0.6151837565794988,0.6007137339319555,Zm00001eb028390,1
GWAS_Asn_Goodman,MF,754,538,GO:0005516,calmodulin binding,5/538,229/27694,0.4593118722729498,0.6189155260030157,0.6043577266749339,Zm00001eb002180/Zm00001eb002250/Zm00001eb014150/Zm00001eb041660/Zm00001eb060140,5
GWAS_Asn_Goodman,MF,754,538,GO:0004439,"phosphatidylinositol-4,5-bisphosphate 5-phosphatase activity",1/538,32/27694,0.46640792311640844,0.6197078916445923,0.6051314547165152,Zm00001eb047860,1
GWAS_Asn_Goodman,CC,754,538,GO:0005618,cell wall,1/538,32/27694,0.46640792311640844,0.6197078916445923,0.6051314547165152,Zm00001eb000660,1
GWAS_Asn_Goodman,CC,754,538,GO:0005685,U1 snRNP,1/538,32/27694,0.46640792311640844,0.6197078916445923,0.6051314547165152,Zm00001eb007090,1
GWAS_Asn_Goodman,BP,754,538,GO:0009617,response to bacterium,1/538,32/27694,0.46640792311640844,0.6197078916445923,0.6051314547165152,Zm00001eb002510,1
GWAS_Asn_Goodman,CC,754,538,GO:0009654,photosystem II oxygen evolving complex,1/538,32/27694,0.46640792311640844,0.6197078916445923,0.6051314547165152,Zm00001eb028550,1
GWAS_Asn_Goodman,CC,754,538,GO:0016602,CCAAT-binding factor complex,1/538,32/27694,0.46640792311640844,0.6197078916445923,0.6051314547165152,Zm00001eb025330,1
GWAS_Asn_Goodman,MF,754,538,GO:0016762,xyloglucan:xyloglucosyl transferase activity,1/538,32/27694,0.46640792311640844,0.6197078916445923,0.6051314547165152,Zm00001eb000660,1
GWAS_Asn_Goodman,BP,754,538,GO:0019722,calcium-mediated signaling,1/538,32/27694,0.46640792311640844,0.6197078916445923,0.6051314547165152,Zm00001eb023890,1
GWAS_Asn_Goodman,MF,754,538,GO:0030544,Hsp70 protein binding,1/538,32/27694,0.46640792311640844,0.6197078916445923,0.6051314547165152,Zm00001eb018130,1
GWAS_Asn_Goodman,MF,754,538,GO:0015297,antiporter activity,4/538,181/27694,0.46830483278762636,0.6204872991044049,0.6058925293717398,Zm00001eb008660/Zm00001eb008790/Zm00001eb019340/Zm00001eb021430,4
GWAS_Asn_Goodman,BP,754,538,GO:0032259,methylation,9/538,434/27694,0.4684425700356476,0.6204872991044049,0.6058925293717398,Zm00001eb012220/Zm00001eb018440/Zm00001eb019330/Zm00001eb021260/Zm00001eb031660/Zm00001eb031790/Zm00001eb041060/Zm00001eb045600/Zm00001eb047240,9
GWAS_Asn_Goodman,MF,754,538,GO:0003755,peptidyl-prolyl cis-trans isomerase activity,2/538,82/27694,0.4749604709583618,0.6228741181750338,0.608223206963277,Zm00001eb039360/Zm00001eb057800,2
GWAS_Asn_Goodman,MF,754,538,GO:0043130,ubiquitin binding,2/538,82/27694,0.4749604709583618,0.6228741181750338,0.608223206963277,Zm00001eb003750/Zm00001eb021210,2
GWAS_Asn_Goodman,MF,754,538,GO:0005315,phosphate transmembrane transporter activity,1/538,33/27694,0.47678578940819394,0.6228741181750338,0.608223206963277,Zm00001eb051610,1
GWAS_Asn_Goodman,BP,754,538,GO:0006261,DNA-templated DNA replication,1/538,33/27694,0.47678578940819394,0.6228741181750338,0.608223206963277,Zm00001eb024430,1
GWAS_Asn_Goodman,BP,754,538,GO:0007059,chromosome segregation,1/538,33/27694,0.47678578940819394,0.6228741181750338,0.608223206963277,Zm00001eb007810,1
GWAS_Asn_Goodman,MF,754,538,GO:0008526,phosphatidylinositol transfer activity,1/538,33/27694,0.47678578940819394,0.6228741181750338,0.608223206963277,Zm00001eb008870,1
GWAS_Asn_Goodman,BP,754,538,GO:0009867,jasmonic acid mediated signaling pathway,1/538,33/27694,0.47678578940819394,0.6228741181750338,0.608223206963277,Zm00001eb000550,1
GWAS_Asn_Goodman,BP,754,538,GO:0010411,xyloglucan metabolic process,1/538,33/27694,0.47678578940819394,0.6228741181750338,0.608223206963277,Zm00001eb000660,1
GWAS_Asn_Goodman,MF,754,538,GO:0031624,ubiquitin conjugating enzyme binding,1/538,33/27694,0.47678578940819394,0.6228741181750338,0.608223206963277,Zm00001eb009370,1
GWAS_Asn_Goodman,MF,754,538,GO:0004386,helicase activity,5/538,234/27694,0.47800698302359323,0.6235190022088575,0.608852922380448,Zm00001eb000360/Zm00001eb006460/Zm00001eb028400/Zm00001eb044130/Zm00001eb044140,5
GWAS_Asn_Goodman,BP,754,538,GO:0000226,microtubule cytoskeleton organization,2/538,83/27694,0.48128807736837076,0.626844805934185,0.6121004983328343,Zm00001eb000490/Zm00001eb001910,2
GWAS_Asn_Goodman,BP,754,538,GO:0000398,"mRNA splicing, via spliceosome",4/538,185/27694,0.4851434941635093,0.6309073968105122,0.616067531123696,Zm00001eb015560/Zm00001eb018120/Zm00001eb034090/Zm00001eb039360,4
GWAS_Asn_Goodman,CC,754,538,GO:0005773,vacuole,2/538,84/27694,0.4875685167278744,0.6331003315693763,0.618208884846348,Zm00001eb016480/Zm00001eb040050,2
GWAS_Asn_Goodman,MF,754,538,GO:0008236,serine-type peptidase activity,3/538,135/27694,0.4891232324921425,0.6341582605836099,0.619241929821249,Zm00001eb010360/Zm00001eb021530/Zm00001eb031860,3
GWAS_Asn_Goodman,MF,754,538,GO:0003824,catalytic activity,13/538,650/27694,0.49690855738355844,0.6423505972183021,0.627241570703863,Zm00001eb018480/Zm00001eb019200/Zm00001eb021240/Zm00001eb021510/Zm00001eb031620/Zm00001eb032970/Zm00001eb033400/Zm00001eb036610/Zm00001eb038230/Zm00001eb038930/Zm00001eb042370/Zm00001eb044590/Zm00001eb057840,13
GWAS_Asn_Goodman,MF,754,538,GO:0008107,galactoside 2-alpha-L-fucosyltransferase activity,1/538,35/27694,0.4969410104500983,0.6423505972183021,0.627241570703863,Zm00001eb024010,1
GWAS_Asn_Goodman,MF,754,538,GO:0008168,methyltransferase activity,9/538,447/27694,0.5036538638176598,0.6481556208670016,0.632910051697189,Zm00001eb012220/Zm00001eb018440/Zm00001eb019330/Zm00001eb021260/Zm00001eb031660/Zm00001eb031790/Zm00001eb041060/Zm00001eb045600/Zm00001eb047240,9
GWAS_Asn_Goodman,BP,754,538,GO:0006506,GPI anchor biosynthetic process,1/538,36/27694,0.5067260979940387,0.6481556208670016,0.632910051697189,Zm00001eb002240,1
GWAS_Asn_Goodman,MF,754,538,GO:0008408,3'-5' exonuclease activity,1/538,36/27694,0.5067260979940387,0.6481556208670016,0.632910051697189,Zm00001eb014130,1
GWAS_Asn_Goodman,BP,754,538,GO:0010150,leaf senescence,1/538,36/27694,0.5067260979940387,0.6481556208670016,0.632910051697189,Zm00001eb043930,1
GWAS_Asn_Goodman,MF,754,538,GO:0016251,RNA polymerase II general transcription initiation factor activity,1/538,36/27694,0.5067260979940387,0.6481556208670016,0.632910051697189,Zm00001eb002410,1
GWAS_Asn_Goodman,BP,754,538,GO:0022900,electron transport chain,1/538,36/27694,0.5067260979940387,0.6481556208670016,0.632910051697189,Zm00001eb043590,1
GWAS_Asn_Goodman,MF,754,538,GO:0031267,small GTPase binding,1/538,36/27694,0.5067260979940387,0.6481556208670016,0.632910051697189,Zm00001eb003550,1
GWAS_Asn_Goodman,BP,754,538,GO:0006357,regulation of transcription by RNA polymerase II,12/538,605/27694,0.5117082990540355,0.6535529244251989,0.6381804027734853,Zm00001eb001670/Zm00001eb001720/Zm00001eb004040/Zm00001eb005020/Zm00001eb006480/Zm00001eb013420/Zm00001eb023620/Zm00001eb025330/Zm00001eb041650/Zm00001eb048550/Zm00001eb056260/Zm00001eb061430,12
GWAS_Asn_Goodman,BP,754,538,GO:0006470,protein dephosphorylation,3/538,140/27694,0.5133523317475785,0.6546770064102304,0.6392780447044564,Zm00001eb000620/Zm00001eb012040/Zm00001eb013450,3
GWAS_Asn_Goodman,CC,754,538,GO:0005778,peroxisomal membrane,1/538,37/27694,0.5163212010123049,0.6555366952111783,0.6401175123661325,Zm00001eb034080,1
GWAS_Asn_Goodman,MF,754,538,GO:0008324,monoatomic cation transmembrane transporter activity,1/538,37/27694,0.5163212010123049,0.6555366952111783,0.6401175123661325,Zm00001eb019340,1
GWAS_Asn_Goodman,CC,754,538,GO:0009579,thylakoid,1/538,37/27694,0.5163212010123049,0.6555366952111783,0.6401175123661325,Zm00001eb041790,1
GWAS_Asn_Goodman,CC,754,538,GO:0005739,mitochondrion,14/538,711/27694,0.5175069909848394,0.6560702533639163,0.6406385204499335,Zm00001eb000960/Zm00001eb001870/Zm00001eb002420/Zm00001eb003570/Zm00001eb005400/Zm00001eb008100/Zm00001eb013460/Zm00001eb014130/Zm00001eb019520/Zm00001eb021260/Zm00001eb028360/Zm00001eb031330/Zm00001eb043590/Zm00001eb046580,14
GWAS_Asn_Goodman,BP,754,538,GO:0006511,ubiquitin-dependent protein catabolic process,6/538,298/27694,0.5218651453934278,0.6606180644049743,0.6450793603168391,Zm00001eb000550/Zm00001eb002530/Zm00001eb009370/Zm00001eb024440/Zm00001eb025340/Zm00001eb031640,6
GWAS_Asn_Goodman,MF,754,538,GO:0003714,transcription corepressor activity,1/538,38/27694,0.5257300014554256,0.6635502374776138,0.6479425643858048,Zm00001eb013420,1
GWAS_Asn_Goodman,MF,754,538,GO:0042054,histone methyltransferase activity,1/538,38/27694,0.5257300014554256,0.6635502374776138,0.6479425643858048,Zm00001eb041060,1
GWAS_Asn_Goodman,BP,754,538,GO:0006468,protein phosphorylation,29/538,1495/27694,0.5307350644260664,0.6688822797252043,0.6531491891930694,Zm00001eb000920/Zm00001eb001880/Zm00001eb001940/Zm00001eb002180/Zm00001eb002470/Zm00001eb002480/Zm00001eb006270/Zm00001eb009320/Zm00001eb010320/Zm00001eb011480/Zm00001eb013480/Zm00001eb023880/Zm00001eb025770/Zm00001eb029700/Zm00001eb031270/Zm00001eb031340/Zm00001eb032940/Zm00001eb034290/Zm00001eb034370/Zm00001eb034410/Zm00001eb038680/Zm00001eb040030/Zm00001eb040080/Zm00001eb041050/Zm00001eb043610/Zm00001eb047260/Zm00001eb047270/Zm00001eb058940/Zm00001eb060140,29
GWAS_Asn_Goodman,BP,754,538,GO:0005992,trehalose biosynthetic process,1/538,39/27694,0.5349561100473035,0.6722249066136937,0.6564131926031892,Zm00001eb042370,1
GWAS_Asn_Goodman,BP,754,538,GO:0009739,response to gibberellin,1/538,39/27694,0.5349561100473035,0.6722249066136937,0.6564131926031892,Zm00001eb023160,1
GWAS_Asn_Goodman,BP,754,538,GO:0009834,plant-type secondary cell wall biogenesis,2/538,92/27694,0.5360550303689408,0.6726195622638099,0.656798565374598,Zm00001eb015780/Zm00001eb061800,2
GWAS_Asn_Goodman,MF,754,538,GO:0003735,structural constituent of ribosome,12/538,616/27694,0.5369229611489373,0.6727236516149698,0.6569002063918208,Zm00001eb001840/Zm00001eb002520/Zm00001eb003180/Zm00001eb003570/Zm00001eb005360/Zm00001eb008100/Zm00001eb018470/Zm00001eb021260/Zm00001eb024470/Zm00001eb025050/Zm00001eb040600/Zm00001eb061760,12
GWAS_Asn_Goodman,BP,754,538,GO:0006952,defense response,9/538,461/27694,0.5407851748903113,0.674689766982776,0.6588200758475796,Zm00001eb002250/Zm00001eb002390/Zm00001eb019170/Zm00001eb026440/Zm00001eb038250/Zm00001eb038270/Zm00001eb038280/Zm00001eb038290/Zm00001eb060190,9
GWAS_Asn_Goodman,MF,754,538,GO:0003743,translation initiation factor activity,3/538,146/27694,0.5416003270528555,0.674689766982776,0.6588200758475796,Zm00001eb000910/Zm00001eb024200/Zm00001eb031930,3
GWAS_Asn_Goodman,MF,754,538,GO:0008237,metallopeptidase activity,2/538,93/27694,0.5418903239392618,0.674689766982776,0.6588200758475796,Zm00001eb023280/Zm00001eb060200,2
GWAS_Asn_Goodman,CC,754,538,GO:0005743,mitochondrial inner membrane,5/538,252/27694,0.5432810843038678,0.674689766982776,0.6588200758475796,Zm00001eb001070/Zm00001eb007820/Zm00001eb019520/Zm00001eb043590/Zm00001eb058950,5
GWAS_Asn_Goodman,BP,754,538,GO:0000288,"nuclear-transcribed mRNA catabolic process, deadenylation-dependent decay",1/538,40/27694,0.5440030676605581,0.674689766982776,0.6588200758475796,Zm00001eb000340,1
GWAS_Asn_Goodman,CC,754,538,GO:0005852,eukaryotic translation initiation factor 3 complex,1/538,40/27694,0.5440030676605581,0.674689766982776,0.6588200758475796,Zm00001eb024200,1
GWAS_Asn_Goodman,BP,754,538,GO:0006006,glucose metabolic process,1/538,40/27694,0.5440030676605581,0.674689766982776,0.6588200758475796,Zm00001eb018480,1
GWAS_Asn_Goodman,MF,754,538,GO:0030276,clathrin binding,1/538,41/27694,0.5528743466653536,0.6837132973913536,0.6676313596095634,Zm00001eb027120,1
GWAS_Asn_Goodman,BP,754,538,GO:0051321,meiotic cell cycle,1/538,41/27694,0.5528743466653536,0.6837132973913536,0.6676313596095634,Zm00001eb008630,1
GWAS_Asn_Goodman,CC,754,538,GO:0009505,plant-type cell wall,4/538,203/27694,0.5579489730721601,0.6889946252490508,0.672788462903636,Zm00001eb024400/Zm00001eb040050/Zm00001eb043900/Zm00001eb061750,4
GWAS_Asn_Goodman,MF,754,538,GO:0003684,damaged DNA binding,1/538,43/27694,0.5701034237294631,0.6992040662718155,0.6827577629258654,Zm00001eb008630,1
GWAS_Asn_Goodman,BP,754,538,GO:0006891,intra-Golgi vesicle-mediated transport,1/538,43/27694,0.5701034237294631,0.6992040662718155,0.6827577629258654,Zm00001eb009310,1
GWAS_Asn_Goodman,BP,754,538,GO:0042273,ribosomal large subunit biogenesis,1/538,43/27694,0.5701034237294631,0.6992040662718155,0.6827577629258654,Zm00001eb040600,1
GWAS_Asn_Goodman,BP,754,538,GO:0072583,clathrin-dependent endocytosis,1/538,43/27694,0.5701034237294631,0.6992040662718155,0.6827577629258654,Zm00001eb027120,1
GWAS_Asn_Goodman,MF,754,538,GO:0003712,transcription coregulator activity,2/538,98/27694,0.5702959653722276,0.6992040662718155,0.6827577629258654,Zm00001eb004040/Zm00001eb044560,2
GWAS_Asn_Goodman,MF,754,538,GO:0016616,"oxidoreductase activity, acting on the CH-OH group of donors, NAD or NADP as acceptor",3/538,153/27694,0.5733285516664299,0.7011979282554539,0.684704726356428,Zm00001eb006380/Zm00001eb038930/Zm00001eb057810,3
GWAS_Asn_Goodman,CC,754,538,GO:0012505,endomembrane system,9/538,474/27694,0.5743033165321518,0.7011979282554539,0.684704726356428,Zm00001eb000480/Zm00001eb003730/Zm00001eb006850/Zm00001eb014090/Zm00001eb018170/Zm00001eb025340/Zm00001eb031640/Zm00001eb044700/Zm00001eb051610,9
GWAS_Asn_Goodman,MF,754,538,GO:0042393,histone binding,2/538,99/27694,0.575821770557389,0.7011979282554539,0.684704726356428,Zm00001eb003750/Zm00001eb012650,2
GWAS_Asn_Goodman,MF,754,538,GO:0051536,iron-sulfur cluster binding,4/538,208/27694,0.5771739883173446,0.7011979282554539,0.684704726356428,Zm00001eb003760/Zm00001eb021260/Zm00001eb043590/Zm00001eb056240,4
GWAS_Asn_Goodman,BP,754,538,GO:0006396,RNA processing,3/538,154/27694,0.5777483809290045,0.7011979282554539,0.684704726356428,Zm00001eb007090/Zm00001eb023860/Zm00001eb026470,3
GWAS_Asn_Goodman,MF,754,538,GO:0003678,DNA helicase activity,1/538,44/27694,0.5784678357953394,0.7011979282554539,0.684704726356428,Zm00001eb028400,1
GWAS_Asn_Goodman,BP,754,538,GO:0006352,DNA-templated transcription initiation,1/538,44/27694,0.5784678357953394,0.7011979282554539,0.684704726356428,Zm00001eb002410,1
GWAS_Asn_Goodman,BP,754,538,GO:0009664,plant-type cell wall organization,1/538,44/27694,0.5784678357953394,0.7011979282554539,0.684704726356428,Zm00001eb004260,1
GWAS_Asn_Goodman,CC,754,538,GO:0005768,endosome,2/538,100/27694,0.5812955341007784,0.7036303287067331,0.6870799131878067,Zm00001eb006850/Zm00001eb019420,2
GWAS_Asn_Goodman,CC,754,538,GO:0000151,ubiquitin ligase complex,1/538,45/27694,0.5866697997860122,0.706146093281759,0.6895365032966879,Zm00001eb009370,1
GWAS_Asn_Goodman,MF,754,538,GO:0016702,"oxidoreductase activity, acting on single donors with incorporation of molecular oxygen, incorporation of two atoms of oxygen",1/538,45/27694,0.5866697997860122,0.706146093281759,0.6895365032966879,Zm00001eb057850,1
GWAS_Asn_Goodman,BP,754,538,GO:0030001,metal ion transport,1/538,45/27694,0.5866697997860122,0.706146093281759,0.6895365032966879,Zm00001eb041600,1
GWAS_Asn_Goodman,MF,754,538,GO:0080044,quercetin 7-O-glucosyltransferase activity,1/538,45/27694,0.5866697997860122,0.706146093281759,0.6895365032966879,Zm00001eb041700,1
GWAS_Asn_Goodman,MF,754,538,GO:0004672,protein kinase activity,29/538,1536/27694,0.5906006289980466,0.7098804194268246,0.6931829926233808,Zm00001eb000920/Zm00001eb001880/Zm00001eb001940/Zm00001eb002180/Zm00001eb002470/Zm00001eb002480/Zm00001eb006270/Zm00001eb007080/Zm00001eb009320/Zm00001eb010320/Zm00001eb011480/Zm00001eb013480/Zm00001eb023880/Zm00001eb025770/Zm00001eb029700/Zm00001eb031270/Zm00001eb031340/Zm00001eb032940/Zm00001eb034290/Zm00001eb034370/Zm00001eb034410/Zm00001eb038680/Zm00001eb040030/Zm00001eb041050/Zm00001eb043610/Zm00001eb047260/Zm00001eb047270/Zm00001eb058940/Zm00001eb060140,29
GWAS_Asn_Goodman,BP,754,538,GO:0006508,proteolysis,13/538,694/27694,0.5922872451075749,0.7103522004662816,0.6936436766820535,Zm00001eb008340/Zm00001eb010360/Zm00001eb021530/Zm00001eb021580/Zm00001eb023280/Zm00001eb026810/Zm00001eb028090/Zm00001eb028540/Zm00001eb031860/Zm00001eb031870/Zm00001eb041630/Zm00001eb043920/Zm00001eb060200,13
GWAS_Asn_Goodman,MF,754,538,GO:0016829,lyase activity,8/538,428/27694,0.5931078173938337,0.7103522004662816,0.6936436766820535,Zm00001eb001830/Zm00001eb006440/Zm00001eb006450/Zm00001eb009340/Zm00001eb010390/Zm00001eb021200/Zm00001eb041680/Zm00001eb041770,8
GWAS_Asn_Goodman,BP,754,538,GO:0009699,phenylpropanoid biosynthetic process,1/538,46/27694,0.5947124648992217,0.7103522004662816,0.6936436766820535,Zm00001eb003590,1
GWAS_Asn_Goodman,MF,754,538,GO:0080043,quercetin 3-O-glucosyltransferase activity,1/538,46/27694,0.5947124648992217,0.7103522004662816,0.6936436766820535,Zm00001eb041700,1
GWAS_Asn_Goodman,MF,754,538,GO:0004518,nuclease activity,3/538,158/27694,0.5951375495155078,0.7103522004662816,0.6936436766820535,Zm00001eb002260/Zm00001eb014130/Zm00001eb043930,3
GWAS_Asn_Goodman,MF,754,538,GO:0005525,GTP binding,7/538,377/27694,0.6004587590020408,0.7157067544711391,0.6988722837370946,Zm00001eb000480/Zm00001eb000490/Zm00001eb006850/Zm00001eb007810/Zm00001eb012020/Zm00001eb031250/Zm00001eb033400,7
GWAS_Asn_Goodman,BP,754,538,GO:0006366,transcription by RNA polymerase II,1/538,47/27694,0.6025989193944552,0.71626528976567,0.6994176814637446,Zm00001eb002410,1
GWAS_Asn_Goodman,BP,754,538,GO:0042542,response to hydrogen peroxide,1/538,47/27694,0.6025989193944552,0.71626528976567,0.6994176814637446,Zm00001eb002510,1
GWAS_Asn_Goodman,BP,754,538,GO:0007165,signal transduction,9/538,487/27694,0.6067073184038415,0.7201498225375238,0.7032108443374457,Zm00001eb001940/Zm00001eb007080/Zm00001eb013480/Zm00001eb020120/Zm00001eb031340/Zm00001eb040030/Zm00001eb041050/Zm00001eb041780/Zm00001eb043610,9
GWAS_Asn_Goodman,MF,754,538,GO:0004553,"hydrolase activity, hydrolyzing O-glycosyl compounds",6/538,326/27694,0.6093924788454802,0.7204610032325927,0.7035147056069657,Zm00001eb000660/Zm00001eb001830/Zm00001eb007800/Zm00001eb018180/Zm00001eb027580/Zm00001eb040050,6
GWAS_Asn_Goodman,CC,754,538,GO:0005762,mitochondrial large ribosomal subunit,1/538,48/27694,0.6103321917699676,0.7204610032325927,0.7035147056069657,Zm00001eb001840,1
GWAS_Asn_Goodman,CC,754,538,GO:0009707,chloroplast outer membrane,1/538,48/27694,0.6103321917699676,0.7204610032325927,0.7035147056069657,Zm00001eb008640,1
GWAS_Asn_Goodman,BP,754,538,GO:0046856,phosphatidylinositol dephosphorylation,1/538,48/27694,0.6103321917699676,0.7204610032325927,0.7035147056069657,Zm00001eb047860,1
GWAS_Asn_Goodman,MF,754,538,GO:0016746,acyltransferase activity,6/538,328/27694,0.6153015391147756,0.7234335667936598,0.7064173501209353,Zm00001eb006430/Zm00001eb012650/Zm00001eb013420/Zm00001eb027660/Zm00001eb041100/Zm00001eb046050,6
GWAS_Asn_Goodman,MF,754,538,GO:0008234,cysteine-type peptidase activity,3/538,163/27694,0.6162092734834876,0.7234335667936598,0.7064173501209353,Zm00001eb008340/Zm00001eb021580/Zm00001eb026810,3
GWAS_Asn_Goodman,BP,754,538,GO:0006816,calcium ion transport,1/538,49/27694,0.617915251917105,0.7234335667936598,0.7064173501209353,Zm00001eb019340,1
GWAS_Asn_Goodman,MF,754,538,GO:0031072,heat shock protein binding,1/538,49/27694,0.617915251917105,0.7234335667936598,0.7064173501209353,Zm00001eb029200,1
GWAS_Asn_Goodman,BP,754,538,GO:0042274,ribosomal small subunit biogenesis,1/538,49/27694,0.617915251917105,0.7234335667936598,0.7064173501209353,Zm00001eb018470,1
GWAS_Asn_Goodman,BP,754,538,GO:0042545,cell wall modification,1/538,49/27694,0.617915251917105,0.7234335667936598,0.7064173501209353,Zm00001eb040760,1
GWAS_Asn_Goodman,MF,754,538,GO:0046873,metal ion transmembrane transporter activity,1/538,51/27694,0.6326423288276997,0.7392693199764839,0.7218806232037152,Zm00001eb041600,1
GWAS_Asn_Goodman,MF,754,538,GO:0051213,dioxygenase activity,2/538,110/27694,0.6331664887546549,0.7392693199764839,0.7218806232037152,Zm00001eb041710/Zm00001eb057850,2
GWAS_Asn_Goodman,CC,754,538,GO:0005794,Golgi apparatus,9/538,500/27694,0.6378443449982752,0.7437178281136352,0.7262244959164036,Zm00001eb006350/Zm00001eb006850/Zm00001eb007800/Zm00001eb008660/Zm00001eb009310/Zm00001eb014090/Zm00001eb022820/Zm00001eb035750/Zm00001eb041600,9
GWAS_Asn_Goodman,MF,754,538,GO:0003924,GTPase activity,5/538,285/27694,0.6517011376798928,0.754988533928672,0.7372300982291891,Zm00001eb000480/Zm00001eb000490/Zm00001eb006850/Zm00001eb007810/Zm00001eb031250,5
GWAS_Asn_Goodman,MF,754,538,GO:0016788,"hydrolase activity, acting on ester bonds",3/538,172/27694,0.6522348498415063,0.754988533928672,0.7372300982291891,Zm00001eb029100/Zm00001eb043930/Zm00001eb046570,3
GWAS_Asn_Goodman,CC,754,538,GO:0000785,chromatin,2/538,114/27694,0.6524632744287036,0.754988533928672,0.7372300982291891,Zm00001eb028170/Zm00001eb041060,2
GWAS_Asn_Goodman,MF,754,538,GO:0005200,structural constituent of cytoskeleton,1/538,54/27694,0.6536773537632143,0.754988533928672,0.7372300982291891,Zm00001eb000490,1
GWAS_Asn_Goodman,BP,754,538,GO:0006890,"retrograde vesicle-mediated transport, Golgi to endoplasmic reticulum",1/538,54/27694,0.6536773537632143,0.754988533928672,0.7372300982291891,Zm00001eb027830,1
GWAS_Asn_Goodman,CC,754,538,GO:0016607,nuclear speck,1/538,54/27694,0.6536773537632143,0.754988533928672,0.7372300982291891,Zm00001eb012210,1
GWAS_Asn_Goodman,BP,754,538,GO:0034219,carbohydrate transmembrane transport,1/538,54/27694,0.6536773537632143,0.754988533928672,0.7372300982291891,Zm00001eb008070,1
GWAS_Asn_Goodman,MF,754,538,GO:0005543,phospholipid binding,1/538,55/27694,0.660418366197201,0.7617476982920608,0.7438302771506335,Zm00001eb027120,1
GWAS_Asn_Goodman,BP,754,538,GO:0000165,MAPK cascade,1/538,56/27694,0.6670284070447678,0.7662779421412413,0.7482539630317347,Zm00001eb011480,1
GWAS_Asn_Goodman,BP,754,538,GO:0034605,cellular response to heat,1/538,56/27694,0.6670284070447678,0.7662779421412413,0.7482539630317347,Zm00001eb018130,1
GWAS_Asn_Goodman,MF,754,538,GO:0061631,ubiquitin conjugating enzyme activity,1/538,56/27694,0.6670284070447678,0.7662779421412413,0.7482539630317347,Zm00001eb033000,1
GWAS_Asn_Goodman,MF,754,538,GO:0004180,carboxypeptidase activity,1/538,57/27694,0.6735100163149728,0.7706249452362238,0.7524987182494601,Zm00001eb060200,1
GWAS_Asn_Goodman,MF,754,538,GO:0004222,metalloendopeptidase activity,1/538,57/27694,0.6735100163149728,0.7706249452362238,0.7524987182494601,Zm00001eb023280,1
GWAS_Asn_Goodman,CC,754,538,GO:0030014,CCR4-NOT complex,1/538,57/27694,0.6735100163149728,0.7706249452362238,0.7524987182494601,Zm00001eb000340,1
GWAS_Asn_Goodman,BP,754,538,GO:0006888,endoplasmic reticulum to Golgi vesicle-mediated transport,2/538,119/27694,0.6754371348867726,0.7707718037256512,0.7526421224122001,Zm00001eb020490/Zm00001eb027830,2
GWAS_Asn_Goodman,MF,754,538,GO:0140359,ABC-type transporter activity,2/538,119/27694,0.6754371348867726,0.7707718037256512,0.7526421224122001,Zm00001eb004340/Zm00001eb038710,2
GWAS_Asn_Goodman,BP,754,538,GO:0009073,aromatic amino acid family biosynthetic process,1/538,58/27694,0.6798656848471054,0.7737647966984985,0.7555647158082739,Zm00001eb026910,1
GWAS_Asn_Goodman,BP,754,538,GO:1902531,regulation of intracellular signal transduction,1/538,58/27694,0.6798656848471054,0.7737647966984985,0.7555647158082739,Zm00001eb012040,1
GWAS_Asn_Goodman,CC,754,538,GO:0005802,trans-Golgi network,1/538,59/27694,0.6860978552607777,0.7798220980881784,0.7614795406007515,Zm00001eb028390,1
GWAS_Asn_Goodman,BP,754,538,GO:0008380,RNA splicing,4/538,240/27694,0.6881065011523735,0.7810692337583894,0.7626973418140633,Zm00001eb007090/Zm00001eb018140/Zm00001eb019290/Zm00001eb034090,4
GWAS_Asn_Goodman,CC,754,538,GO:0030015,CCR4-NOT core complex,1/538,60/27694,0.6922089228876895,0.78444929650804,0.7659979005390798,Zm00001eb000340,1
GWAS_Asn_Goodman,MF,754,538,GO:0005096,GTPase activator activity,2/538,123/27694,0.6929149561920493,0.78444929650804,0.7659979005390798,Zm00001eb012610/Zm00001eb035750,2
GWAS_Asn_Goodman,CC,754,538,GO:0009941,chloroplast envelope,1/538,61/27694,0.6982012366854178,0.7893911079675501,0.770823473357738,Zm00001eb004090,1
GWAS_Asn_Goodman,CC,754,538,GO:0000145,exocyst,1/538,62/27694,0.7040771001335864,0.7900168872987688,0.7714345334428806,Zm00001eb038690,1
GWAS_Asn_Goodman,BP,754,538,GO:0006749,glutathione metabolic process,1/538,62/27694,0.7040771001335864,0.7900168872987688,0.7714345334428806,Zm00001eb021240,1
GWAS_Asn_Goodman,BP,754,538,GO:0009736,cytokinin-activated signaling pathway,1/538,62/27694,0.7040771001335864,0.7900168872987688,0.7714345334428806,Zm00001eb029630,1
GWAS_Asn_Goodman,CC,754,538,GO:0015934,large ribosomal subunit,1/538,62/27694,0.7040771001335864,0.7900168872987688,0.7714345334428806,Zm00001eb040600,1
GWAS_Asn_Goodman,BP,754,538,GO:0048544,recognition of pollen,1/538,62/27694,0.7040771001335864,0.7900168872987688,0.7714345334428806,Zm00001eb034410,1
GWAS_Asn_Goodman,MF,754,538,GO:0008270,zinc ion binding,35/538,1943/27694,0.7042857665067204,0.7900168872987688,0.7714345334428806,Zm00001eb000650/Zm00001eb003770/Zm00001eb005010/Zm00001eb005380/Zm00001eb005390/Zm00001eb008010/Zm00001eb008580/Zm00001eb008630/Zm00001eb009370/Zm00001eb010160/Zm00001eb010170/Zm00001eb010330/Zm00001eb012610/Zm00001eb013420/Zm00001eb014140/Zm00001eb015140/Zm00001eb015540/Zm00001eb019320/Zm00001eb019420/Zm00001eb021220/Zm00001eb023280/Zm00001eb023490/Zm00001eb024440/Zm00001eb024600/Zm00001eb025340/Zm00001eb026710/Zm00001eb031640/Zm00001eb031910/Zm00001eb038700/Zm00001eb038910/Zm00001eb039750/Zm00001eb043920/Zm00001eb044660/Zm00001eb053020/Zm00001eb061800,35
GWAS_Asn_Goodman,BP,754,538,GO:0008652,amino acid biosynthetic process,3/538,189/27694,0.7135192259071037,0.796329372565868,0.7775985398143648,Zm00001eb013430/Zm00001eb026910/Zm00001eb028810,3
GWAS_Asn_Goodman,MF,754,538,GO:0016791,phosphatase activity,2/538,128/27694,0.7136625134772541,0.796329372565868,0.7775985398143648,Zm00001eb038230/Zm00001eb047860,2
GWAS_Asn_Goodman,MF,754,538,GO:0030170,pyridoxal phosphate binding,2/538,128/27694,0.7136625134772541,0.796329372565868,0.7775985398143648,Zm00001eb006440/Zm00001eb057840,2
GWAS_Asn_Goodman,BP,754,538,GO:0000724,double-strand break repair via homologous recombination,1/538,64/27694,0.7154884677662992,0.796329372565868,0.7775985398143648,Zm00001eb008630,1
GWAS_Asn_Goodman,BP,754,538,GO:0009908,flower development,1/538,64/27694,0.7154884677662992,0.796329372565868,0.7775985398143648,Zm00001eb008310,1
GWAS_Asn_Goodman,CC,754,538,GO:0019005,SCF ubiquitin ligase complex,1/538,64/27694,0.7154884677662992,0.796329372565868,0.7775985398143648,Zm00001eb003750,1
GWAS_Asn_Goodman,CC,754,538,GO:0015629,actin cytoskeleton,1/538,65/27694,0.7210283593458047,0.7999650903530189,0.7811487401960941,Zm00001eb010370,1
GWAS_Asn_Goodman,MF,754,538,GO:0044183,protein folding chaperone,1/538,65/27694,0.7210283593458047,0.7999650903530189,0.7811487401960941,Zm00001eb029200,1
GWAS_Asn_Goodman,MF,754,538,GO:0000981,"DNA-binding transcription factor activity, RNA polymerase II-specific",5/538,310/27694,0.7220523048446148,0.7999650903530189,0.7811487401960941,Zm00001eb001670/Zm00001eb006480/Zm00001eb023620/Zm00001eb025330/Zm00001eb041650,5
GWAS_Asn_Goodman,CC,754,538,GO:1990904,ribonucleoprotein complex,13/538,763/27694,0.7231830275488254,0.7999650903530189,0.7811487401960941,Zm00001eb001840/Zm00001eb002520/Zm00001eb003180/Zm00001eb003570/Zm00001eb005360/Zm00001eb008100/Zm00001eb015560/Zm00001eb016440/Zm00001eb018470/Zm00001eb028170/Zm00001eb034060/Zm00001eb040600/Zm00001eb061760,13
GWAS_Asn_Goodman,CC,754,538,GO:0009536,plastid,3/538,192/27694,0.7234223395841186,0.7999650903530189,0.7811487401960941,Zm00001eb000620/Zm00001eb004050/Zm00001eb014130,3
GWAS_Asn_Goodman,BP,754,538,GO:0030154,cell differentiation,2/538,132/27694,0.7294035699784824,0.8055397673602571,0.786592292638217,Zm00001eb008310/Zm00001eb026740,2
GWAS_Asn_Goodman,BP,754,538,GO:0000278,mitotic cell cycle,1/538,67/27694,0.7317872097876306,0.8060946513984568,0.7871341249914304,Zm00001eb000490,1
GWAS_Asn_Goodman,BP,754,538,GO:0007015,actin filament organization,1/538,67/27694,0.7317872097876306,0.8060946513984568,0.7871341249914304,Zm00001eb010370,1
GWAS_Asn_Goodman,BP,754,538,GO:0006520,amino acid metabolic process,1/538,68/27694,0.7370103060751121,0.8087296188301806,0.7897071141312947,Zm00001eb006440,1
GWAS_Asn_Goodman,MF,754,538,GO:0030674,protein-macromolecule adaptor activity,1/538,68/27694,0.7370103060751121,0.8087296188301806,0.7897071141312947,Zm00001eb002430,1
GWAS_Asn_Goodman,CC,754,538,GO:0071013,catalytic step 2 spliceosome,1/538,68/27694,0.7370103060751121,0.8087296188301806,0.7897071141312947,Zm00001eb039360,1
GWAS_Asn_Goodman,MF,754,538,GO:0003779,actin binding,2/538,135/27694,0.740722796983633,0.8114339624038053,0.7923478475846285,Zm00001eb010370/Zm00001eb018520,2
GWAS_Asn_Goodman,BP,754,538,GO:0006412,translation,13/538,774/27694,0.7413684860702212,0.8114339624038053,0.7923478475846285,Zm00001eb001840/Zm00001eb002520/Zm00001eb003180/Zm00001eb003570/Zm00001eb005360/Zm00001eb008100/Zm00001eb021260/Zm00001eb024200/Zm00001eb024470/Zm00001eb033310/Zm00001eb033320/Zm00001eb040600/Zm00001eb061760,13
GWAS_Asn_Goodman,MF,754,538,GO:0016831,carboxy-lyase activity,1/538,70/27694,0.7471538856285818,0.8156826496607574,0.7964965994967784,Zm00001eb006440,1
GWAS_Asn_Goodman,BP,754,538,GO:0099402,plant organ development,1/538,70/27694,0.7471538856285818,0.8156826496607574,0.7964965994967784,Zm00001eb006340,1
GWAS_Asn_Goodman,MF,754,538,GO:0003697,single-stranded DNA binding,1/538,71/27694,0.752078270566745,0.8189721446959346,0.7997087207925664,Zm00001eb028400,1
GWAS_Asn_Goodman,BP,754,538,GO:0009725,response to hormone,1/538,71/27694,0.752078270566745,0.8189721446959346,0.7997087207925664,Zm00001eb002510,1
GWAS_Asn_Goodman,CC,754,538,GO:0005789,endoplasmic reticulum membrane,8/538,498/27694,0.7540043781811636,0.8200276041894127,0.8007393543334559,Zm00001eb000480/Zm00001eb002220/Zm00001eb002240/Zm00001eb008090/Zm00001eb025340/Zm00001eb028390/Zm00001eb031250/Zm00001eb043910,8
GWAS_Asn_Goodman,CC,754,538,GO:0005576,extracellular region,9/538,557/27694,0.7569373684164709,0.8221740490911477,0.8028353117084842,Zm00001eb000370/Zm00001eb000380/Zm00001eb004260/Zm00001eb010130/Zm00001eb010140/Zm00001eb010360/Zm00001eb021530/Zm00001eb029720/Zm00001eb061750,9
GWAS_Asn_Goodman,CC,754,538,GO:0005730,nucleolus,5/538,325/27694,0.75908758286832545,0.823465896858424,0.8040967733248751,Zm00001eb001860/Zm00001eb006370/Zm00001eb016440/Zm00001eb026470/Zm00001eb034060,5
GWAS_Asn_Goodman,CC,754,538,GO:0000307,cyclin-dependent protein kinase holoenzyme complex,1/538,73/27694,0.7616417032195241,0.8251920855361974,0.805782359517628,Zm00001eb003750,1
GWAS_Asn_Goodman,MF,754,538,GO:0004722,protein serine/threonine phosphatase activity,4/538,267/27694,0.764392141169665,0.8270853359387813,0.8076310778988284,Zm00001eb012040/Zm00001eb013450/Zm00001eb024410/Zm00001eb060180,4
GWAS_Asn_Goodman,MF,754,538,GO:0003690,double-stranded DNA binding,1/538,74/27694,0.7662844302630016,0.8270853359387813,0.8076310778988284,Zm00001eb003770,1
GWAS_Asn_Goodman,MF,754,538,GO:0004197,cysteine-type endopeptidase activity,1/538,74/27694,0.7662844302630016,0.8270853359387813,0.8076310778988284,Zm00001eb008340,1
GWAS_Asn_Goodman,BP,754,538,GO:0006099,tricarboxylic acid cycle,1/538,75/27694,0.7708368913969086,0.8309524728643405,0.811407254102009,Zm00001eb038930,1
GWAS_Asn_Goodman,MF,754,538,GO:0019843,rRNA binding,2/538,144/27694,0.772276789525479,0.8314588048031852,0.8119016763723298,Zm00001eb016460/Zm00001eb018470,2
GWAS_Asn_Goodman,BP,754,538,GO:0006897,endocytosis,1/538,76/27694,0.7753008384054338,0.8336672754246635,0.814058200531361,Zm00001eb002430,1
GWAS_Asn_Goodman,BP,754,538,GO:0002181,cytoplasmic translation,1/538,77/27694,0.7796779891382124,0.8362753901019375,0.8166049685328751,Zm00001eb040600,1
GWAS_Asn_Goodman,BP,754,538,GO:0031146,SCF-dependent proteasomal ubiquitin-dependent protein catabolic process,1/538,77/27694,0.7796779891382124,0.8362753901019375,0.8166049685328751,Zm00001eb000550,1
GWAS_Asn_Goodman,CC,754,538,GO:0022627,cytosolic small ribosomal subunit,2/538,147/27694,0.7820258125236607,0.8377451516659715,0.8180401591530398,Zm00001eb018470/Zm00001eb061760,2
GWAS_Asn_Goodman,CC,754,538,GO:0005759,mitochondrial matrix,1/538,78/27694,0.783970028166479,0.8387794184003401,0.8190500984195423,Zm00001eb031330,1
GWAS_Asn_Goodman,BP,754,538,GO:0006413,translational initiation,2/538,148/27694,0.7851932324458526,0.8390406486360295,0.8193051841376201,Zm00001eb000910/Zm00001eb024200,2
GWAS_Asn_Goodman,BP,754,538,GO:0031047,regulatory ncRNA-mediated gene silencing,1/538,79/27694,0.7881786074265613,0.8411819010766663,0.8213960711858377,Zm00001eb020470,1
GWAS_Asn_Goodman,BP,754,538,GO:0009742,brassinosteroid mediated signaling pathway,1/538,81/27694,0.7963518349871929,0.8488476649055029,0.828881525025947,Zm00001eb041050,1
GWAS_Asn_Goodman,BP,754,538,GO:0022904,respiratory electron transport chain,1/538,83/27694,0.8042102582906432,0.8561592439193555,0.8360211249964843,Zm00001eb043590,1
GWAS_Asn_Goodman,MF,754,538,GO:0003729,mRNA binding,11/538,703/27694,0.8064747677058683,0.8575048088386219,0.8373350402588028,Zm00001eb000960/Zm00001eb005000/Zm00001eb008320/Zm00001eb010150/Zm00001eb014140/Zm00001eb023860/Zm00001eb025110/Zm00001eb039740/Zm00001eb044130/Zm00001eb053020/Zm00001eb061760,11
GWAS_Asn_Goodman,BP,754,538,GO:0006887,exocytosis,1/538,84/27694,0.8080252190323631,0.858088739418507,0.8379052359365143,Zm00001eb038690,1
GWAS_Asn_Goodman,CC,754,538,GO:0005681,spliceosomal complex,2/538,156/27694,0.8091059706556232,0.8581730406582537,0.8379875542876764,Zm00001eb018120/Zm00001eb034090,2
GWAS_Asn_Goodman,MF,754,538,GO:0016887,ATP hydrolysis activity,8/538,530/27694,0.810532816087409,0.8586237619121255,0.8384276739177543,Zm00001eb000570/Zm00001eb000930/Zm00001eb004250/Zm00001eb004340/Zm00001eb015530/Zm00001eb026470/Zm00001eb029200/Zm00001eb038710,8
GWAS_Asn_Goodman,BP,754,538,GO:0016567,protein ubiquitination,7/538,472/27694,0.8132121808635627,0.859565712597864,0.8393474685442509,Zm00001eb000550/Zm00001eb000650/Zm00001eb009370/Zm00001eb010020/Zm00001eb025340/Zm00001eb028340/Zm00001eb029250,7
GWAS_Asn_Goodman,BP,754,538,GO:0006281,DNA repair,4/538,289/27694,0.8151335780700888,0.859565712597864,0.8393474685442509,Zm00001eb005010/Zm00001eb008630/Zm00001eb024430/Zm00001eb031780,4
GWAS_Asn_Goodman,BP,754,538,GO:0006812,monoatomic cation transport,1/538,86/27694,0.8154339840630845,0.859565712597864,0.8393474685442509,Zm00001eb019340,1
GWAS_Asn_Goodman,MF,754,538,GO:0071949,FAD binding,1/538,86/27694,0.8154339840630845,0.859565712597864,0.8393474685442509,Zm00001eb016450,1
GWAS_Asn_Goodman,BP,754,538,GO:0035556,intracellular signal transduction,2/538,159/27694,0.8174442247526912,0.8606261678293076,0.8403829803160344,Zm00001eb002180/Zm00001eb060140,2
GWAS_Asn_Goodman,MF,754,538,GO:0003899,DNA-directed RNA polymerase activity,1/538,87/27694,0.8190306414295746,0.861238355466436,0.8409807684036317,Zm00001eb006290,1
GWAS_Asn_Goodman,MF,754,538,GO:0016874,ligase activity,5/538,356/27694,0.8236632606454891,0.8641090842254125,0.8437839734191525,Zm00001eb013430/Zm00001eb031330/Zm00001eb031620/Zm00001eb033310/Zm00001eb033320,5
GWAS_Asn_Goodman,CC,754,538,GO:0005840,ribosome,10/538,657/27694,0.8237772716594657,0.8641090842254125,0.8437839734191525,Zm00001eb001840/Zm00001eb002520/Zm00001eb003180/Zm00001eb003570/Zm00001eb005360/Zm00001eb008100/Zm00001eb018470/Zm00001eb024470/Zm00001eb040600/Zm00001eb061760,10
GWAS_Asn_Goodman,MF,754,538,GO:0009055,electron transfer activity,2/538,167/27694,0.8381067813110061,0.8780654175837803,0.8574120333834125,Zm00001eb000990/Zm00001eb061740,2
GWAS_Asn_Goodman,CC,754,538,GO:0098552,side of membrane,1/538,93/27694,0.8391880428427739,0.8781247285912788,0.8574699493091771,Zm00001eb018180,1
GWAS_Asn_Goodman,BP,754,538,GO:0006351,DNA-templated transcription,2/538,168/27694,0.8405354379957342,0.878462037027249,0.857799323756879,Zm00001eb006290/Zm00001eb015150,2
GWAS_Asn_Goodman,CC,754,538,GO:0009506,plasmodesma,1/538,96/27694,0.8484099275791971,0.8856118245254225,0.8647809377850653,Zm00001eb018180,1
GWAS_Asn_Goodman,CC,754,538,GO:0000502,proteasome complex,1/538,97/27694,0.8513650496518979,0.8863194760928094,0.865471944351512,Zm00001eb010400,1
GWAS_Asn_Goodman,BP,754,538,GO:0006338,chromatin remodeling,2/538,173/27694,0.8521904880985706,0.8863194760928094,0.865471944351512,Zm00001eb028840/Zm00001eb041060,2
GWAS_Asn_Goodman,MF,754,538,GO:0016779,nucleotidyltransferase activity,2/538,173/27694,0.8521904880985706,0.8863194760928094,0.865471944351512,Zm00001eb010380/Zm00001eb012020,2
GWAS_Asn_Goodman,MF,754,538,GO:0046982,protein heterodimerization activity,2/538,174/27694,0.8544263744902197,0.8875677611371131,0.8666908679039549,Zm00001eb025330/Zm00001eb028430,2
GWAS_Asn_Goodman,BP,754,538,GO:0006397,mRNA processing,5/538,376/27694,0.857372985178688,0.8895504216684451,0.8686268933567695,Zm00001eb007090/Zm00001eb018140/Zm00001eb019290/Zm00001eb027100/Zm00001eb034090,5
GWAS_Asn_Goodman,BP,754,538,GO:0006325,chromatin organization,2/538,176/27694,0.858805874306455,0.8899596545110423,0.8690265004437495,Zm00001eb008580/Zm00001eb024600,2
GWAS_Asn_Goodman,MF,754,538,GO:0046983,protein dimerization activity,5/538,386/27694,0.8721064708514283,0.902514114884284,0.8812856615279809,Zm00001eb001670/Zm00001eb006480/Zm00001eb018460/Zm00001eb041610/Zm00001eb041650,5
GWAS_Asn_Goodman,MF,754,538,GO:0051015,actin filament binding,1/538,105/27694,0.8730270726243541,0.902514114884284,0.8812856615279809,Zm00001eb010370,1
GWAS_Asn_Goodman,BP,754,538,GO:0006457,protein folding,4/538,322/27694,0.8741349443537798,0.9025706594110714,0.8813408760447113,Zm00001eb018130/Zm00001eb039360/Zm00001eb046580/Zm00001eb057800,4
GWAS_Asn_Goodman,MF,754,538,GO:0003724,RNA helicase activity,1/538,109/27694,0.8826457790749667,0.9091675873404403,0.8877826345705953,Zm00001eb044130,1
GWAS_Asn_Goodman,CC,754,538,GO:0009523,photosystem II,1/538,109/27694,0.8826457790749667,0.9091675873404403,0.8877826345705953,Zm00001eb028550,1
GWAS_Asn_Goodman,MF,754,538,GO:0008757,S-adenosylmethionine-dependent methyltransferase activity,1/538,110/27694,0.8849345799035933,0.9104308943305875,0.8890162267307218,Zm00001eb031790,1
GWAS_Asn_Goodman,CC,754,538,GO:0005783,endoplasmic reticulum,8/538,590/27694,0.8891387014782559,0.9136593131497186,0.892168708412487,Zm00001eb002220/Zm00001eb004710/Zm00001eb020490/Zm00001eb021210/Zm00001eb025340/Zm00001eb028880/Zm00001eb031250/Zm00001eb031650,8
GWAS_Asn_Goodman,CC,754,538,GO:0005694,chromosome,2/538,196/27694,0.896409960571286,0.9200279475563977,0.8983875432135799,Zm00001eb005010/Zm00001eb041060,2
GWAS_Asn_Goodman,BP,754,538,GO:0016192,vesicle-mediated transport,4/538,354/27694,0.9150763623251823,0.9380627302783269,0.9159981214410978,Zm00001eb012610/Zm00001eb020490/Zm00001eb027830/Zm00001eb043910,4
GWAS_Asn_Goodman,BP,754,538,GO:0042254,ribosome biogenesis,1/538,127/27694,0.9176846538227761,0.9389899251734379,0.9169035073547666,Zm00001eb038700,1
GWAS_Asn_Goodman,MF,754,538,GO:0004842,ubiquitin-protein transferase activity,3/538,286/27694,0.9181721788743769,0.9389899251734379,0.9169035073547666,Zm00001eb000650/Zm00001eb009370/Zm00001eb029250,3
GWAS_Asn_Goodman,MF,754,538,GO:0003682,chromatin binding,1/538,132/27694,0.9254100986186237,0.9452639505556144,0.9230299584741307,Zm00001eb012650,1
GWAS_Asn_Goodman,BP,754,538,GO:0009058,biosynthetic process,1/538,133/27694,0.9268660657814994,0.945624069493744,0.923381606887584,Zm00001eb012020,1
GWAS_Asn_Goodman,BP,754,538,GO:0051707,response to other organism,1/538,138/27694,0.9337312543907507,0.9512573712703168,0.9288824051586341,Zm00001eb034410,1
GWAS_Asn_Goodman,BP,754,538,GO:0006974,DNA damage response,2/538,226/27694,0.9357175775739524,0.9512573712703168,0.9288824051586341,Zm00001eb008630/Zm00001eb031780,2
GWAS_Asn_Goodman,CC,754,538,GO:0009535,chloroplast thylakoid membrane,2/538,226/27694,0.9357175775739524,0.9512573712703168,0.9288824051586341,Zm00001eb028550/Zm00001eb041790,2
GWAS_Asn_Goodman,BP,754,538,GO:0098869,cellular oxidant detoxification,2/538,231/27694,0.9407078018697588,0.9551973770170419,0.9327297362016191,Zm00001eb002510/Zm00001eb019530,2
GWAS_Asn_Goodman,BP,754,538,GO:1902600,proton transmembrane transport,2/538,233/27694,0.9425990805745541,0.9559851030205833,0.9334989337362449,Zm00001eb000570/Zm00001eb019340,2
GWAS_Asn_Goodman,BP,754,538,GO:0043161,proteasome-mediated ubiquitin-dependent protein catabolic process,1/538,149/27694,0.946654385931158,0.9588851736536848,0.9363307904620517,Zm00001eb010400,1
GWAS_Asn_Goodman,MF,754,538,GO:0043531,ADP binding,1/538,150/27694,0.947696315151308,0.9588851736536848,0.9363307904620517,Zm00001eb047240,1
GWAS_Asn_Goodman,BP,754,538,GO:0015979,photosynthesis,2/538,249/27694,0.9557930430839939,0.9659370730223854,0.9432168188328887,Zm00001eb028550/Zm00001eb044650,2
GWAS_Asn_Goodman,MF,754,538,GO:0061630,ubiquitin protein ligase activity,5/538,491/27694,0.9632299646117896,0.9708461057934424,0.9480103839658377,Zm00001eb009370/Zm00001eb024440/Zm00001eb025340/Zm00001eb029250/Zm00001eb031640,5
GWAS_Asn_Goodman,BP,754,538,GO:0009734,auxin-activated signaling pathway,1/538,168/27694,0.9633323757258216,0.9708461057934424,0.9480103839658377,Zm00001eb044140,1
GWAS_Asn_Goodman,BP,754,538,GO:0042744,hydrogen peroxide catabolic process,1/538,169/27694,0.9640490502102912,0.9708461057934424,0.9480103839658377,Zm00001eb002510,1
GWAS_Asn_Goodman,BP,754,538,GO:0006886,intracellular protein transport,2/538,265/27694,0.9660577273377009,0.971727080197664,0.948870636562234,Zm00001eb000480/Zm00001eb027830,2
GWAS_Asn_Goodman,BP,754,538,GO:0006979,response to oxidative stress,1/538,196/27694,0.9789070905071592,0.9834975106267707,0.9603642092345178,Zm00001eb002510,1
GWAS_Asn_Goodman,BP,754,538,GO:0015031,protein transport,6/538,620/27694,0.9820065707798377,0.9853277662627618,0.9621514145782665,Zm00001eb000670/Zm00001eb005370/Zm00001eb007810/Zm00001eb008050/Zm00001eb009310/Zm00001eb031640,6
GWAS_Asn_Goodman,MF,754,538,GO:0004601,peroxidase activity,1/538,207/27694,0.9830282848945874,0.9853277662627618,0.9621514145782665,Zm00001eb002510,1
GWAS_Asn_Goodman,MF,754,538,GO:0000976,transcription cis-regulatory region binding,4/538,573/27694,0.9960766618323199,0.9972403027924044,0.9737837508075434,Zm00001eb010190/Zm00001eb028430/Zm00001eb040070/Zm00001eb057820,4
GWAS_Asn_Goodman,BP,754,538,GO:0006811,monoatomic ion transport,2/538,461/27694,0.9988742258840282,0.9988742258840282,0.9753792416358195,Zm00001eb000970/Zm00001eb019340,2
