gene_set,ontology,n_input_genes,n_mapped_genes,ID,Description,GeneRatio,BgRatio,pvalue,p.adjust,qvalue,geneID,Count
GWAS_PHG_landraces_N,MF,575,423,GO:0008289,lipid binding,9/423,148/27694,4.7061518581668346e-4,0.19425002114532502,0.18259586133218772,Zm00001eb063690/Zm00001eb068630/Zm00001eb110300/Zm00001eb198770/Zm00001eb298460/Zm00001eb322140/Zm00001eb366530/Zm00001eb401230/Zm00001eb429740,9
GWAS_PHG_landraces_N,BP,575,423,GO:0072344,rescue of stalled ribosome,3/423,11/27694,5.329218687114541e-4,0.19425002114532502,0.18259586133218772,Zm00001eb093280/Zm00001eb401260/Zm00001eb401270,3
GWAS_PHG_landraces_N,MF,575,423,GO:0004363,glutathione synthase activity,2/423,5/27694,0.00225757072750464,0.38573426514012266,0.3625918801620387,Zm00001eb115470/Zm00001eb115490,2
GWAS_PHG_landraces_N,CC,575,423,GO:0000325,plant-type vacuole,2/423,6/27694,0.0033521636559365148,0.38573426514012266,0.3625918801620387,Zm00001eb063700/Zm00001eb206930,2
GWAS_PHG_landraces_N,MF,575,423,GO:0016656,monodehydroascorbate reductase (NADH) activity,2/423,6/27694,0.0033521636559365148,0.38573426514012266,0.3625918801620387,Zm00001eb252200/Zm00001eb252210,2
GWAS_PHG_landraces_N,BP,575,423,GO:0006750,glutathione biosynthetic process,2/423,7/27694,0.004645703039621228,0.38573426514012266,0.3625918801620387,Zm00001eb115470/Zm00001eb115490,2
GWAS_PHG_landraces_N,MF,575,423,GO:0000287,magnesium ion binding,8/423,172/27694,0.005096342497492396,0.38573426514012266,0.3625918801620387,Zm00001eb015520/Zm00001eb015530/Zm00001eb115490/Zm00001eb296460/Zm00001eb298110/Zm00001eb298120/Zm00001eb417940/Zm00001eb434270,8
GWAS_PHG_landraces_N,BP,575,423,GO:0006869,lipid transport,5/423,74/27694,0.0055199370489117565,0.38573426514012266,0.3625918801620387,Zm00001eb063690/Zm00001eb068630/Zm00001eb110300/Zm00001eb198770/Zm00001eb401230,5
GWAS_PHG_landraces_N,CC,575,423,GO:0005871,kinesin complex,3/423,26/27694,0.0070871394160764364,0.38573426514012266,0.3625918801620387,Zm00001eb082570/Zm00001eb191700/Zm00001eb433100,3
GWAS_PHG_landraces_N,MF,575,423,GO:0004021,L-alanine:2-oxoglutarate aminotransferase activity,2/423,9/27694,0.00780455089035386,0.38573426514012266,0.3625918801620387,Zm00001eb109370/Zm00001eb298440,2
GWAS_PHG_landraces_N,BP,575,423,GO:0034204,lipid translocation,2/423,10/27694,0.009657684690421513,0.38573426514012266,0.3625918801620387,Zm00001eb015520/Zm00001eb015530,2
GWAS_PHG_landraces_N,BP,575,423,GO:0042853,L-alanine catabolic process,2/423,10/27694,0.009657684690421513,0.38573426514012266,0.3625918801620387,Zm00001eb109370/Zm00001eb298440,2
GWAS_PHG_landraces_N,MF,575,423,GO:0000978,RNA polymerase II cis-regulatory region sequence-specific DNA binding,10/423,277/27694,0.010629058077586705,0.38573426514012266,0.3625918801620387,Zm00001eb001720/Zm00001eb034940/Zm00001eb037600/Zm00001eb055540/Zm00001eb060670/Zm00001eb101190/Zm00001eb181510/Zm00001eb296470/Zm00001eb316260/Zm00001eb399800,10
GWAS_PHG_landraces_N,BP,575,423,GO:0045037,protein import into chloroplast stroma,3/423,31/27694,0.011584058257499917,0.38573426514012266,0.3625918801620387,Zm00001eb063660/Zm00001eb107180/Zm00001eb358380,3
GWAS_PHG_landraces_N,CC,575,423,GO:0030658,transport vesicle membrane,2/423,11/27694,0.011685409761912645,0.38573426514012266,0.3625918801620387,Zm00001eb292060/Zm00001eb352800,2
GWAS_PHG_landraces_N,CC,575,423,GO:0055038,recycling endosome membrane,2/423,11/27694,0.011685409761912645,0.38573426514012266,0.3625918801620387,Zm00001eb292060/Zm00001eb352800,2
GWAS_PHG_landraces_N,CC,575,423,GO:0009507,chloroplast,22/423,852/27694,0.012269325236488141,0.38573426514012266,0.3625918801620387,Zm00001eb014810/Zm00001eb015170/Zm00001eb023810/Zm00001eb024030/Zm00001eb035010/Zm00001eb044650/Zm00001eb063710/Zm00001eb063750/Zm00001eb082560/Zm00001eb093260/Zm00001eb115490/Zm00001eb194410/Zm00001eb231810/Zm00001eb238170/Zm00001eb284120/Zm00001eb316290/Zm00001eb358380/Zm00001eb358390/Zm00001eb378140/Zm00001eb401910/Zm00001eb409850/Zm00001eb434230,22
GWAS_PHG_landraces_N,MF,575,423,GO:0008146,sulfotransferase activity,2/423,12/27694,0.013881986180252059,0.38573426514012266,0.3625918801620387,Zm00001eb122840/Zm00001eb329220,2
GWAS_PHG_landraces_N,BP,575,423,GO:0010104,regulation of ethylene-activated signaling pathway,2/423,12/27694,0.013881986180252059,0.38573426514012266,0.3625918801620387,Zm00001eb015440/Zm00001eb034980,2
GWAS_PHG_landraces_N,BP,575,423,GO:0045454,cell redox homeostasis,3/423,34/27694,0.014912490804155118,0.38573426514012266,0.3625918801620387,Zm00001eb093260/Zm00001eb140270/Zm00001eb284120,3
GWAS_PHG_landraces_N,CC,575,423,GO:0032588,trans-Golgi network membrane,2/423,13/27694,0.01624180791174876,0.38573426514012266,0.3625918801620387,Zm00001eb292060/Zm00001eb352800,2
GWAS_PHG_landraces_N,CC,575,423,GO:0070461,SAGA-type complex,2/423,13/27694,0.01624180791174876,0.38573426514012266,0.3625918801620387,Zm00001eb068590/Zm00001eb214240,2
GWAS_PHG_landraces_N,MF,575,423,GO:0016887,ATP hydrolysis activity,15/423,530/27694,0.017119515871309082,0.38573426514012266,0.3625918801620387,Zm00001eb013840/Zm00001eb015520/Zm00001eb015530/Zm00001eb034990/Zm00001eb082570/Zm00001eb095020/Zm00001eb119440/Zm00001eb191700/Zm00001eb191710/Zm00001eb206930/Zm00001eb252170/Zm00001eb358380/Zm00001eb362590/Zm00001eb429680/Zm00001eb433100,15
GWAS_PHG_landraces_N,MF,575,423,GO:0140326,ATPase-coupled intramembrane lipid transporter activity,2/423,14/27694,0.01875940007848107,0.38573426514012266,0.3625918801620387,Zm00001eb015520/Zm00001eb015530,2
GWAS_PHG_landraces_N,BP,575,423,GO:0006996,organelle organization,2/423,15/27694,0.021429416275183442,0.38573426514012266,0.3625918801620387,Zm00001eb068620/Zm00001eb401910,2
GWAS_PHG_landraces_N,CC,575,423,GO:0008180,COP9 signalosome,2/423,15/27694,0.021429416275183442,0.38573426514012266,0.3625918801620387,Zm00001eb105310/Zm00001eb332660,2
GWAS_PHG_landraces_N,BP,575,423,GO:0000470,maturation of LSU-rRNA,2/423,16/27694,0.024246635937190484,0.38573426514012266,0.3625918801620387,Zm00001eb189070/Zm00001eb298370,2
GWAS_PHG_landraces_N,BP,575,423,GO:0010114,response to red light,2/423,16/27694,0.024246635937190484,0.38573426514012266,0.3625918801620387,Zm00001eb014810/Zm00001eb237920,2
GWAS_PHG_landraces_N,MF,575,423,GO:0004709,MAP kinase kinase kinase activity,2/423,17/27694,0.02720596175850999,0.38573426514012266,0.3625918801620387,Zm00001eb214220/Zm00001eb422820,2
GWAS_PHG_landraces_N,BP,575,423,GO:0010274,hydrotropism,2/423,17/27694,0.02720596175850999,0.38573426514012266,0.3625918801620387,Zm00001eb101030/Zm00001eb227010,2
GWAS_PHG_landraces_N,BP,575,423,GO:0007186,G protein-coupled receptor signaling pathway,2/423,18/27694,0.030302417159113453,0.38573426514012266,0.3625918801620387,Zm00001eb225130/Zm00001eb314160,2
GWAS_PHG_landraces_N,BP,575,423,GO:0048511,rhythmic process,2/423,18/27694,0.030302417159113453,0.38573426514012266,0.3625918801620387,Zm00001eb319590/Zm00001eb393000,2
GWAS_PHG_landraces_N,MF,575,423,GO:0008483,transaminase activity,4/423,77/27694,0.030352542560967175,0.38573426514012266,0.3625918801620387,Zm00001eb109370/Zm00001eb137310/Zm00001eb298420/Zm00001eb298440,4
GWAS_PHG_landraces_N,BP,575,423,GO:0006396,RNA processing,6/423,154/27694,0.031297887901812316,0.38573426514012266,0.3625918801620387,Zm00001eb014810/Zm00001eb014820/Zm00001eb034920/Zm00001eb189070/Zm00001eb298140/Zm00001eb329230,6
GWAS_PHG_landraces_N,CC,575,423,GO:0031969,chloroplast membrane,4/423,79/27694,0.03292019167368748,0.38573426514012266,0.3625918801620387,Zm00001eb014810/Zm00001eb107180/Zm00001eb320540/Zm00001eb433170,4
GWAS_PHG_landraces_N,BP,575,423,GO:0001510,RNA methylation,2/423,19/27694,0.033531143800548495,0.38573426514012266,0.3625918801620387,Zm00001eb034920/Zm00001eb189070,2
GWAS_PHG_landraces_N,BP,575,423,GO:0006826,iron ion transport,2/423,19/27694,0.033531143800548495,0.38573426514012266,0.3625918801620387,Zm00001eb384340/Zm00001eb384360,2
GWAS_PHG_landraces_N,MF,575,423,GO:0008970,phospholipase A1 activity,2/423,19/27694,0.033531143800548495,0.38573426514012266,0.3625918801620387,Zm00001eb296540/Zm00001eb358370,2
GWAS_PHG_landraces_N,CC,575,423,GO:0031428,box C/D methylation guide snoRNP complex,2/423,19/27694,0.033531143800548495,0.38573426514012266,0.3625918801620387,Zm00001eb191090/Zm00001eb433140,2
GWAS_PHG_landraces_N,BP,575,423,GO:0006468,protein phosphorylation,32/423,1495/27694,0.03494595979887073,0.38573426514012266,0.3625918801620387,Zm00001eb025540/Zm00001eb040450/Zm00001eb107190/Zm00001eb117610/Zm00001eb121540/Zm00001eb144570/Zm00001eb186860/Zm00001eb186880/Zm00001eb191720/Zm00001eb198810/Zm00001eb214220/Zm00001eb214290/Zm00001eb215750/Zm00001eb215790/Zm00001eb222890/Zm00001eb225970/Zm00001eb226000/Zm00001eb238200/Zm00001eb251700/Zm00001eb256740/Zm00001eb256750/Zm00001eb256760/Zm00001eb269440/Zm00001eb289960/Zm00001eb289970/Zm00001eb298390/Zm00001eb326620/Zm00001eb359720/Zm00001eb397950/Zm00001eb422820/Zm00001eb434280/Zm00001eb434290,32
GWAS_PHG_landraces_N,MF,575,423,GO:0005381,iron ion transmembrane transporter activity,2/423,20/27694,0.036887399148993194,0.38573426514012266,0.3625918801620387,Zm00001eb384340/Zm00001eb384360,2
GWAS_PHG_landraces_N,BP,575,423,GO:0030163,protein catabolic process,2/423,20/27694,0.036887399148993194,0.38573426514012266,0.3625918801620387,Zm00001eb296140/Zm00001eb433120,2
GWAS_PHG_landraces_N,MF,575,423,GO:0004843,cysteine-type deubiquitinase activity,4/423,84/27694,0.03987898929578577,0.38573426514012266,0.3625918801620387,Zm00001eb068590/Zm00001eb296140/Zm00001eb357270/Zm00001eb433120,4
GWAS_PHG_landraces_N,MF,575,423,GO:0061630,ubiquitin protein ligase activity,13/423,491/27694,0.03994802389383628,0.38573426514012266,0.3625918801620387,Zm00001eb068540/Zm00001eb093280/Zm00001eb095050/Zm00001eb101180/Zm00001eb101200/Zm00001eb186860/Zm00001eb186880/Zm00001eb322160/Zm00001eb360710/Zm00001eb392800/Zm00001eb401260/Zm00001eb401270/Zm00001eb401910,13
GWAS_PHG_landraces_N,BP,575,423,GO:0098655,monoatomic cation transmembrane transport,3/423,51/27694,0.04297879667022839,0.38573426514012266,0.3625918801620387,Zm00001eb095020/Zm00001eb227000/Zm00001eb363040,3
GWAS_PHG_landraces_N,MF,575,423,GO:0016301,kinase activity,36/423,1751/27694,0.04347434887060783,0.38573426514012266,0.3625918801620387,Zm00001eb015170/Zm00001eb025540/Zm00001eb040450/Zm00001eb068580/Zm00001eb107190/Zm00001eb108870/Zm00001eb121540/Zm00001eb144570/Zm00001eb186860/Zm00001eb191710/Zm00001eb191720/Zm00001eb194410/Zm00001eb198810/Zm00001eb214220/Zm00001eb214290/Zm00001eb215750/Zm00001eb222890/Zm00001eb225970/Zm00001eb226000/Zm00001eb251700/Zm00001eb256740/Zm00001eb256760/Zm00001eb256780/Zm00001eb269440/Zm00001eb289960/Zm00001eb289970/Zm00001eb298390/Zm00001eb326620/Zm00001eb359720/Zm00001eb359730/Zm00001eb397950/Zm00001eb409850/Zm00001eb422820/Zm00001eb433170/Zm00001eb434280/Zm00001eb434290,36
GWAS_PHG_landraces_N,BP,575,423,GO:0016114,terpenoid biosynthetic process,3/423,52/27694,0.04511090593437091,0.38573426514012266,0.3625918801620387,Zm00001eb298110/Zm00001eb298120/Zm00001eb394330,3
GWAS_PHG_landraces_N,BP,575,423,GO:0000349,generation of catalytic spliceosome for first transesterification step,1/423,3/27694,0.04512747634672931,0.38573426514012266,0.3625918801620387,Zm00001eb329230,1
GWAS_PHG_landraces_N,BP,575,423,GO:0000731,DNA synthesis involved in DNA repair,1/423,3/27694,0.04512747634672931,0.38573426514012266,0.3625918801620387,Zm00001eb146610,1
GWAS_PHG_landraces_N,MF,575,423,GO:0004609,phosphatidylserine decarboxylase activity,1/423,3/27694,0.04512747634672931,0.38573426514012266,0.3625918801620387,Zm00001eb362570,1
GWAS_PHG_landraces_N,MF,575,423,GO:0004641,phosphoribosylformylglycinamidine cyclo-ligase activity,1/423,3/27694,0.04512747634672931,0.38573426514012266,0.3625918801620387,Zm00001eb115440,1
GWAS_PHG_landraces_N,MF,575,423,GO:0004665,prephenate dehydrogenase (NADP+) activity,1/423,3/27694,0.04512747634672931,0.38573426514012266,0.3625918801620387,Zm00001eb383660,1
GWAS_PHG_landraces_N,MF,575,423,GO:0004765,shikimate kinase activity,1/423,3/27694,0.04512747634672931,0.38573426514012266,0.3625918801620387,Zm00001eb194410,1
GWAS_PHG_landraces_N,MF,575,423,GO:0004824,lysine-tRNA ligase activity,1/423,3/27694,0.04512747634672931,0.38573426514012266,0.3625918801620387,Zm00001eb063750,1
GWAS_PHG_landraces_N,CC,575,423,GO:0005798,Golgi-associated vesicle,1/423,3/27694,0.04512747634672931,0.38573426514012266,0.3625918801620387,Zm00001eb219250,1
GWAS_PHG_landraces_N,BP,575,423,GO:0006273,lagging strand elongation,1/423,3/27694,0.04512747634672931,0.38573426514012266,0.3625918801620387,Zm00001eb146610,1
GWAS_PHG_landraces_N,BP,575,423,GO:0006430,lysyl-tRNA aminoacylation,1/423,3/27694,0.04512747634672931,0.38573426514012266,0.3625918801620387,Zm00001eb063750,1
GWAS_PHG_landraces_N,BP,575,423,GO:0006509,membrane protein ectodomain proteolysis,1/423,3/27694,0.04512747634672931,0.38573426514012266,0.3625918801620387,Zm00001eb219250,1
GWAS_PHG_landraces_N,BP,575,423,GO:0006571,tyrosine biosynthetic process,1/423,3/27694,0.04512747634672931,0.38573426514012266,0.3625918801620387,Zm00001eb383660,1
GWAS_PHG_landraces_N,BP,575,423,GO:0007292,female gamete generation,1/423,3/27694,0.04512747634672931,0.38573426514012266,0.3625918801620387,Zm00001eb013840,1
GWAS_PHG_landraces_N,MF,575,423,GO:0008428,ribonuclease inhibitor activity,1/423,3/27694,0.04512747634672931,0.38573426514012266,0.3625918801620387,Zm00001eb014810,1
GWAS_PHG_landraces_N,MF,575,423,GO:0008977,prephenate dehydrogenase (NAD+) activity,1/423,3/27694,0.04512747634672931,0.38573426514012266,0.3625918801620387,Zm00001eb383660,1
GWAS_PHG_landraces_N,MF,575,423,GO:0009383,rRNA (cytosine-C5-)-methyltransferase activity,1/423,3/27694,0.04512747634672931,0.38573426514012266,0.3625918801620387,Zm00001eb189070,1
GWAS_PHG_landraces_N,MF,575,423,GO:0016165,linoleate 13S-lipoxygenase activity,1/423,3/27694,0.04512747634672931,0.38573426514012266,0.3625918801620387,Zm00001eb035010,1
GWAS_PHG_landraces_N,MF,575,423,GO:0016630,protochlorophyllide reductase activity,1/423,3/27694,0.04512747634672931,0.38573426514012266,0.3625918801620387,Zm00001eb044650,1
GWAS_PHG_landraces_N,MF,575,423,GO:0019789,SUMO transferase activity,1/423,3/27694,0.04512747634672931,0.38573426514012266,0.3625918801620387,Zm00001eb001680,1
GWAS_PHG_landraces_N,BP,575,423,GO:0048232,male gamete generation,1/423,3/27694,0.04512747634672931,0.38573426514012266,0.3625918801620387,Zm00001eb013840,1
GWAS_PHG_landraces_N,MF,575,423,GO:0048529,magnesium-protoporphyrin IX monomethyl ester (oxidative) cyclase activity,1/423,3/27694,0.04512747634672931,0.38573426514012266,0.3625918801620387,Zm00001eb332650,1
GWAS_PHG_landraces_N,MF,575,423,GO:0050307,sucrose-phosphate phosphatase activity,1/423,3/27694,0.04512747634672931,0.38573426514012266,0.3625918801620387,Zm00001eb417940,1
GWAS_PHG_landraces_N,BP,575,423,GO:0060321,acceptance of pollen,1/423,3/27694,0.04512747634672931,0.38573426514012266,0.3625918801620387,Zm00001eb392990,1
GWAS_PHG_landraces_N,CC,575,423,GO:1990112,RQC complex,1/423,3/27694,0.04512747634672931,0.38573426514012266,0.3625918801620387,Zm00001eb093280,1
GWAS_PHG_landraces_N,BP,575,423,GO:1990116,ribosome-associated ubiquitin-dependent protein catabolic process,1/423,3/27694,0.04512747634672931,0.38573426514012266,0.3625918801620387,Zm00001eb093280,1
GWAS_PHG_landraces_N,MF,575,423,GO:0010333,terpene synthase activity,3/423,53/27694,0.04729460789240676,0.38573426514012266,0.3625918801620387,Zm00001eb298110/Zm00001eb298120/Zm00001eb394330,3
GWAS_PHG_landraces_N,MF,575,423,GO:0004672,protein kinase activity,32/423,1536/27694,0.047448070358051216,0.38573426514012266,0.3625918801620387,Zm00001eb025540/Zm00001eb040450/Zm00001eb107190/Zm00001eb117610/Zm00001eb121540/Zm00001eb144570/Zm00001eb186860/Zm00001eb186880/Zm00001eb191720/Zm00001eb198810/Zm00001eb214220/Zm00001eb214290/Zm00001eb215750/Zm00001eb215790/Zm00001eb222890/Zm00001eb225970/Zm00001eb226000/Zm00001eb238200/Zm00001eb251700/Zm00001eb256740/Zm00001eb256750/Zm00001eb256760/Zm00001eb269440/Zm00001eb289960/Zm00001eb289970/Zm00001eb298390/Zm00001eb326620/Zm00001eb359720/Zm00001eb397950/Zm00001eb422820/Zm00001eb434280/Zm00001eb434290,32
GWAS_PHG_landraces_N,MF,575,423,GO:0015035,protein-disulfide reductase activity,2/423,23/27694,0.04767559928916482,0.38573426514012266,0.3625918801620387,Zm00001eb122820/Zm00001eb140270,2
GWAS_PHG_landraces_N,MF,575,423,GO:0016759,cellulose synthase activity,2/423,23/27694,0.04767559928916482,0.38573426514012266,0.3625918801620387,Zm00001eb063800/Zm00001eb283110,2
GWAS_PHG_landraces_N,MF,575,423,GO:0016788,"hydrolase activity, acting on ester bonds",6/423,172/27694,0.049131573520579404,0.38573426514012266,0.3625918801620387,Zm00001eb215780/Zm00001eb289980/Zm00001eb362600/Zm00001eb366510/Zm00001eb392810/Zm00001eb422790,6
GWAS_PHG_landraces_N,BP,575,423,GO:0009873,ethylene-activated signaling pathway,4/423,90/27694,0.04925035096500399,0.38573426514012266,0.3625918801620387,Zm00001eb015440/Zm00001eb034980/Zm00001eb068530/Zm00001eb146650,4
GWAS_PHG_landraces_N,MF,575,423,GO:0003774,cytoskeletal motor activity,4/423,91/27694,0.05092025479686686,0.38573426514012266,0.3625918801620387,Zm00001eb021150/Zm00001eb082570/Zm00001eb191700/Zm00001eb433100,4
GWAS_PHG_landraces_N,MF,575,423,GO:0005262,calcium channel activity,2/423,24/27694,0.05149677751164061,0.38573426514012266,0.3625918801620387,Zm00001eb060660/Zm00001eb287610,2
GWAS_PHG_landraces_N,MF,575,423,GO:0008094,"ATP-dependent activity, acting on DNA",2/423,24/27694,0.05149677751164061,0.38573426514012266,0.3625918801620387,Zm00001eb325580/Zm00001eb329200,2
GWAS_PHG_landraces_N,MF,575,423,GO:0046527,glucosyltransferase activity,2/423,24/27694,0.05149677751164061,0.38573426514012266,0.3625918801620387,Zm00001eb240450/Zm00001eb240460,2
GWAS_PHG_landraces_N,BP,575,423,GO:0000165,MAPK cascade,3/423,56/27694,0.054150759574308545,0.38573426514012266,0.3625918801620387,Zm00001eb214220/Zm00001eb359720/Zm00001eb422820,3
GWAS_PHG_landraces_N,BP,575,423,GO:0072657,protein localization to membrane,2/423,25/27694,0.05542342676168663,0.38573426514012266,0.3625918801620387,Zm00001eb001690/Zm00001eb091270,2
GWAS_PHG_landraces_N,MF,575,423,GO:0042802,identical protein binding,3/423,58/27694,0.05897083419279516,0.38573426514012266,0.3625918801620387,Zm00001eb034920/Zm00001eb296480/Zm00001eb434230,3
GWAS_PHG_landraces_N,MF,575,423,GO:0004693,cyclin-dependent protein serine/threonine kinase activity,2/423,26/27694,0.059451450707154165,0.38573426514012266,0.3625918801620387,Zm00001eb215750/Zm00001eb251700,2
GWAS_PHG_landraces_N,BP,575,423,GO:0000494,box C/D sno(s)RNA 3'-end processing,1/423,4/27694,0.05971384294617854,0.38573426514012266,0.3625918801620387,Zm00001eb191090,1
GWAS_PHG_landraces_N,BP,575,423,GO:0001558,regulation of cell growth,1/423,4/27694,0.05971384294617854,0.38573426514012266,0.3625918801620387,Zm00001eb256740,1
GWAS_PHG_landraces_N,MF,575,423,GO:0003838,sterol 24-C-methyltransferase activity,1/423,4/27694,0.05971384294617854,0.38573426514012266,0.3625918801620387,Zm00001eb303010,1
GWAS_PHG_landraces_N,MF,575,423,GO:0004637,phosphoribosylamine-glycine ligase activity,1/423,4/27694,0.05971384294617854,0.38573426514012266,0.3625918801620387,Zm00001eb115440,1
GWAS_PHG_landraces_N,MF,575,423,GO:0008113,peptide-methionine (S)-S-oxide reductase activity,1/423,4/27694,0.05971384294617854,0.38573426514012266,0.3625918801620387,Zm00001eb023810,1
GWAS_PHG_landraces_N,MF,575,423,GO:0008551,P-type cadmium transporter activity,1/423,4/27694,0.05971384294617854,0.38573426514012266,0.3625918801620387,Zm00001eb095020,1
GWAS_PHG_landraces_N,BP,575,423,GO:0008615,pyridoxine biosynthetic process,1/423,4/27694,0.05971384294617854,0.38573426514012266,0.3625918801620387,Zm00001eb298350,1
GWAS_PHG_landraces_N,MF,575,423,GO:0008863,formate dehydrogenase (NAD+) activity,1/423,4/27694,0.05971384294617854,0.38573426514012266,0.3625918801620387,Zm00001eb358390,1
GWAS_PHG_landraces_N,BP,575,423,GO:0009234,menaquinone biosynthetic process,1/423,4/27694,0.05971384294617854,0.38573426514012266,0.3625918801620387,Zm00001eb157640,1
GWAS_PHG_landraces_N,BP,575,423,GO:0009649,entrainment of circadian clock,1/423,4/27694,0.05971384294617854,0.38573426514012266,0.3625918801620387,Zm00001eb393000,1
GWAS_PHG_landraces_N,BP,575,423,GO:0010286,heat acclimation,1/423,4/27694,0.05971384294617854,0.38573426514012266,0.3625918801620387,Zm00001eb256740,1
GWAS_PHG_landraces_N,BP,575,423,GO:0010628,positive regulation of gene expression,1/423,4/27694,0.05971384294617854,0.38573426514012266,0.3625918801620387,Zm00001eb253700,1
GWAS_PHG_landraces_N,MF,575,423,GO:0016906,sterol 3-beta-glucosyltransferase activity,1/423,4/27694,0.05971384294617854,0.38573426514012266,0.3625918801620387,Zm00001eb146680,1
GWAS_PHG_landraces_N,BP,575,423,GO:0019750,chloroplast localization,1/423,4/27694,0.05971384294617854,0.38573426514012266,0.3625918801620387,Zm00001eb068620,1
GWAS_PHG_landraces_N,MF,575,423,GO:0032183,SUMO binding,1/423,4/27694,0.05971384294617854,0.38573426514012266,0.3625918801620387,Zm00001eb001680,1
GWAS_PHG_landraces_N,CC,575,423,GO:0033063,Rad51B-Rad51C-Rad51D-XRCC2 complex,1/423,4/27694,0.05971384294617854,0.38573426514012266,0.3625918801620387,Zm00001eb329200,1
GWAS_PHG_landraces_N,BP,575,423,GO:0033539,fatty acid beta-oxidation using acyl-CoA dehydrogenase,1/423,4/27694,0.05971384294617854,0.38573426514012266,0.3625918801620387,Zm00001eb063680,1
GWAS_PHG_landraces_N,BP,575,423,GO:0042753,positive regulation of circadian rhythm,1/423,4/27694,0.05971384294617854,0.38573426514012266,0.3625918801620387,Zm00001eb393000,1
GWAS_PHG_landraces_N,BP,575,423,GO:0042819,vitamin B6 biosynthetic process,1/423,4/27694,0.05971384294617854,0.38573426514012266,0.3625918801620387,Zm00001eb298350,1
GWAS_PHG_landraces_N,BP,575,423,GO:0070525,tRNA threonylcarbamoyladenosine metabolic process,1/423,4/27694,0.05971384294617854,0.38573426514012266,0.3625918801620387,Zm00001eb222890,1
GWAS_PHG_landraces_N,BP,575,423,GO:0070574,cadmium ion transmembrane transport,1/423,4/27694,0.05971384294617854,0.38573426514012266,0.3625918801620387,Zm00001eb095020,1
GWAS_PHG_landraces_N,CC,575,423,GO:0097255,R2TP complex,1/423,4/27694,0.05971384294617854,0.38573426514012266,0.3625918801620387,Zm00001eb325580,1
GWAS_PHG_landraces_N,MF,575,423,GO:1990259,histone H2AQ104 methyltransferase activity,1/423,4/27694,0.05971384294617854,0.38573426514012266,0.3625918801620387,Zm00001eb191090,1
GWAS_PHG_landraces_N,BP,575,423,GO:0006893,Golgi to plasma membrane transport,2/423,27/27694,0.06357685301956703,0.38573426514012266,0.3625918801620387,Zm00001eb051220/Zm00001eb392990,2
GWAS_PHG_landraces_N,MF,575,423,GO:0008173,RNA methyltransferase activity,2/423,27/27694,0.06357685301956703,0.38573426514012266,0.3625918801620387,Zm00001eb034920/Zm00001eb189070,2
GWAS_PHG_landraces_N,BP,575,423,GO:0032968,positive regulation of transcription elongation by RNA polymerase II,2/423,28/27694,0.06779573528684471,0.38573426514012266,0.3625918801620387,Zm00001eb215750/Zm00001eb326620,2
GWAS_PHG_landraces_N,BP,575,423,GO:0034755,iron ion transmembrane transport,2/423,28/27694,0.06779573528684471,0.38573426514012266,0.3625918801620387,Zm00001eb384340/Zm00001eb384360,2
GWAS_PHG_landraces_N,CC,575,423,GO:0000145,exocyst,3/423,62/27694,0.06918991480856931,0.38573426514012266,0.3625918801620387,Zm00001eb051220/Zm00001eb194380/Zm00001eb392990,3
GWAS_PHG_landraces_N,CC,575,423,GO:0009570,chloroplast stroma,5/423,144/27694,0.0704311504435447,0.38573426514012266,0.3625918801620387,Zm00001eb014810/Zm00001eb063710/Zm00001eb292100/Zm00001eb372460/Zm00001eb434230,5
GWAS_PHG_landraces_N,MF,575,423,GO:0000400,four-way junction DNA binding,1/423,5/27694,0.0740779110008466,0.38573426514012266,0.3625918801620387,Zm00001eb329200,1
GWAS_PHG_landraces_N,CC,575,423,GO:0000419,RNA polymerase V complex,1/423,5/27694,0.0740779110008466,0.38573426514012266,0.3625918801620387,Zm00001eb095630,1
GWAS_PHG_landraces_N,CC,575,423,GO:0005658,alpha DNA polymerase:primase complex,1/423,5/27694,0.0740779110008466,0.38573426514012266,0.3625918801620387,Zm00001eb146610,1
GWAS_PHG_landraces_N,BP,575,423,GO:0006272,leading strand elongation,1/423,5/27694,0.0740779110008466,0.38573426514012266,0.3625918801620387,Zm00001eb146610,1
GWAS_PHG_landraces_N,BP,575,423,GO:0006739,NADP+ metabolic process,1/423,5/27694,0.0740779110008466,0.38573426514012266,0.3625918801620387,Zm00001eb296460,1
GWAS_PHG_landraces_N,BP,575,423,GO:0009864,"induced systemic resistance, jasmonic acid mediated signaling pathway",1/423,5/27694,0.0740779110008466,0.38573426514012266,0.3625918801620387,Zm00001eb363100,1
GWAS_PHG_landraces_N,BP,575,423,GO:0010124,phenylacetate catabolic process,1/423,5/27694,0.0740779110008466,0.38573426514012266,0.3625918801620387,Zm00001eb222320,1
GWAS_PHG_landraces_N,BP,575,423,GO:0010190,cytochrome b6f complex assembly,1/423,5/27694,0.0740779110008466,0.38573426514012266,0.3625918801620387,Zm00001eb093260,1
GWAS_PHG_landraces_N,MF,575,423,GO:0015185,gamma-aminobutyric acid transmembrane transporter activity,1/423,5/27694,0.0740779110008466,0.38573426514012266,0.3625918801620387,Zm00001eb141470,1
GWAS_PHG_landraces_N,BP,575,423,GO:0015808,L-alanine transport,1/423,5/27694,0.0740779110008466,0.38573426514012266,0.3625918801620387,Zm00001eb141470,1
GWAS_PHG_landraces_N,BP,575,423,GO:0015812,gamma-aminobutyric acid transport,1/423,5/27694,0.0740779110008466,0.38573426514012266,0.3625918801620387,Zm00001eb141470,1
GWAS_PHG_landraces_N,MF,575,423,GO:0016463,P-type zinc transporter activity,1/423,5/27694,0.0740779110008466,0.38573426514012266,0.3625918801620387,Zm00001eb095020,1
GWAS_PHG_landraces_N,MF,575,423,GO:0016807,cysteine-type carboxypeptidase activity,1/423,5/27694,0.0740779110008466,0.38573426514012266,0.3625918801620387,Zm00001eb357270,1
GWAS_PHG_landraces_N,MF,575,423,GO:0019863,IgE binding,1/423,5/27694,0.0740779110008466,0.38573426514012266,0.3625918801620387,Zm00001eb378140,1
GWAS_PHG_landraces_N,CC,575,423,GO:0030532,small nuclear ribonucleoprotein complex,1/423,5/27694,0.0740779110008466,0.38573426514012266,0.3625918801620387,Zm00001eb013870,1
GWAS_PHG_landraces_N,MF,575,423,GO:0032451,demethylase activity,1/423,5/27694,0.0740779110008466,0.38573426514012266,0.3625918801620387,Zm00001eb287600,1
GWAS_PHG_landraces_N,MF,575,423,GO:0034237,protein kinase A regulatory subunit binding,1/423,5/27694,0.0740779110008466,0.38573426514012266,0.3625918801620387,Zm00001eb013860,1
GWAS_PHG_landraces_N,MF,575,423,GO:0042392,sphingosine-1-phosphate phosphatase activity,1/423,5/27694,0.0740779110008466,0.38573426514012266,0.3625918801620387,Zm00001eb359710,1
GWAS_PHG_landraces_N,BP,575,423,GO:0042823,pyridoxal phosphate biosynthetic process,1/423,5/27694,0.0740779110008466,0.38573426514012266,0.3625918801620387,Zm00001eb298350,1
GWAS_PHG_landraces_N,BP,575,423,GO:0048468,cell development,1/423,5/27694,0.0740779110008466,0.38573426514012266,0.3625918801620387,Zm00001eb063720,1
GWAS_PHG_landraces_N,BP,575,423,GO:0061024,membrane organization,1/423,5/27694,0.0740779110008466,0.38573426514012266,0.3625918801620387,Zm00001eb161490,1
GWAS_PHG_landraces_N,CC,575,423,GO:0070765,gamma-secretase complex,1/423,5/27694,0.0740779110008466,0.38573426514012266,0.3625918801620387,Zm00001eb219250,1
GWAS_PHG_landraces_N,CC,575,423,GO:0071007,U2-type catalytic step 2 spliceosome,1/423,5/27694,0.0740779110008466,0.38573426514012266,0.3625918801620387,Zm00001eb329230,1
GWAS_PHG_landraces_N,MF,575,423,GO:0071933,Arp2/3 complex binding,1/423,5/27694,0.0740779110008466,0.38573426514012266,0.3625918801620387,Zm00001eb013860,1
GWAS_PHG_landraces_N,BP,575,423,GO:1905786,positive regulation of anaphase-promoting complex-dependent catabolic process,1/423,5/27694,0.0740779110008466,0.38573426514012266,0.3625918801620387,Zm00001eb001710,1
GWAS_PHG_landraces_N,BP,575,423,GO:0043161,proteasome-mediated ubiquitin-dependent protein catabolic process,5/423,149/27694,0.07888961348421539,0.396113085161038,0.3723480159408502,Zm00001eb013840/Zm00001eb055880/Zm00001eb068540/Zm00001eb093280/Zm00001eb322160,5
GWAS_PHG_landraces_N,MF,575,423,GO:0008320,protein transmembrane transporter activity,2/423,32/27694,0.08553140919890456,0.396113085161038,0.3723480159408502,Zm00001eb015420/Zm00001eb107180,2
GWAS_PHG_landraces_N,BP,575,423,GO:0015995,chlorophyll biosynthetic process,2/423,32/27694,0.08553140919890456,0.396113085161038,0.3723480159408502,Zm00001eb044650/Zm00001eb332650,2
GWAS_PHG_landraces_N,MF,575,423,GO:0005215,transporter activity,3/423,68/27694,0.08589379439292179,0.396113085161038,0.3723480159408502,Zm00001eb015520/Zm00001eb015530/Zm00001eb095020,3
GWAS_PHG_landraces_N,MF,575,423,GO:0000095,S-adenosyl-L-methionine transmembrane transporter activity,1/423,6/27694,0.08822306046982875,0.396113085161038,0.3723480159408502,Zm00001eb186850,1
GWAS_PHG_landraces_N,CC,575,423,GO:0000421,autophagosome membrane,1/423,6/27694,0.08822306046982875,0.396113085161038,0.3723480159408502,Zm00001eb256700,1
GWAS_PHG_landraces_N,MF,575,423,GO:0003973,(S)-2-hydroxy-acid oxidase activity,1/423,6/27694,0.08822306046982875,0.396113085161038,0.3723480159408502,Zm00001eb109300,1
GWAS_PHG_landraces_N,MF,575,423,GO:0003988,acetyl-CoA C-acyltransferase activity,1/423,6/27694,0.08822306046982875,0.396113085161038,0.3723480159408502,Zm00001eb222320,1
GWAS_PHG_landraces_N,MF,575,423,GO:0004715,non-membrane spanning protein tyrosine kinase activity,1/423,6/27694,0.08822306046982875,0.396113085161038,0.3723480159408502,Zm00001eb144570,1
GWAS_PHG_landraces_N,MF,575,423,GO:0008430,selenium binding,1/423,6/27694,0.08822306046982875,0.396113085161038,0.3723480159408502,Zm00001eb378160,1
GWAS_PHG_landraces_N,MF,575,423,GO:0008460,"dTDP-glucose 4,6-dehydratase activity",1/423,6/27694,0.08822306046982875,0.396113085161038,0.3723480159408502,Zm00001eb209990,1
GWAS_PHG_landraces_N,MF,575,423,GO:0015189,L-lysine transmembrane transporter activity,1/423,6/27694,0.08822306046982875,0.396113085161038,0.3723480159408502,Zm00001eb141470,1
GWAS_PHG_landraces_N,BP,575,423,GO:0016094,polyprenol biosynthetic process,1/423,6/27694,0.08822306046982875,0.396113085161038,0.3723480159408502,Zm00001eb019540,1
GWAS_PHG_landraces_N,MF,575,423,GO:0016655,"oxidoreductase activity, acting on NAD(P)H, quinone or similar compound as acceptor",1/423,6/27694,0.08822306046982875,0.396113085161038,0.3723480159408502,Zm00001eb362560,1
GWAS_PHG_landraces_N,BP,575,423,GO:0019632,shikimate metabolic process,1/423,6/27694,0.08822306046982875,0.396113085161038,0.3723480159408502,Zm00001eb194410,1
GWAS_PHG_landraces_N,CC,575,423,GO:0032300,mismatch repair complex,1/423,6/27694,0.08822306046982875,0.396113085161038,0.3723480159408502,Zm00001eb362590,1
GWAS_PHG_landraces_N,CC,575,423,GO:0032586,protein storage vacuole membrane,1/423,6/27694,0.08822306046982875,0.396113085161038,0.3723480159408502,Zm00001eb429750,1
GWAS_PHG_landraces_N,CC,575,423,GO:0042564,NLS-dependent protein nuclear import complex,1/423,6/27694,0.08822306046982875,0.396113085161038,0.3723480159408502,Zm00001eb333670,1
GWAS_PHG_landraces_N,CC,575,423,GO:0045277,respiratory chain complex IV,1/423,6/27694,0.08822306046982875,0.396113085161038,0.3723480159408502,Zm00001eb184450,1
GWAS_PHG_landraces_N,BP,575,423,GO:0071786,endoplasmic reticulum tubular network organization,1/423,6/27694,0.08822306046982875,0.396113085161038,0.3723480159408502,Zm00001eb161490,1
GWAS_PHG_landraces_N,BP,575,423,GO:1903401,L-lysine transmembrane transport,1/423,6/27694,0.08822306046982875,0.396113085161038,0.3723480159408502,Zm00001eb141470,1
GWAS_PHG_landraces_N,BP,575,423,GO:1990542,mitochondrial transmembrane transport,1/423,6/27694,0.08822306046982875,0.396113085161038,0.3723480159408502,Zm00001eb434240,1
GWAS_PHG_landraces_N,MF,575,423,GO:0003697,single-stranded DNA binding,3/423,71/27694,0.09482659676053244,0.396113085161038,0.3723480159408502,Zm00001eb115510/Zm00001eb146610/Zm00001eb329200,3
GWAS_PHG_landraces_N,BP,575,423,GO:0008654,phospholipid biosynthetic process,3/423,71/27694,0.09482659676053244,0.396113085161038,0.3723480159408502,Zm00001eb198800/Zm00001eb362570/Zm00001eb401220,3
GWAS_PHG_landraces_N,BP,575,423,GO:0035556,intracellular signal transduction,5/423,159/27694,0.09735433857947984,0.396113085161038,0.3723480159408502,Zm00001eb107190/Zm00001eb121540/Zm00001eb251700/Zm00001eb269440/Zm00001eb359720,5
GWAS_PHG_landraces_N,MF,575,423,GO:0016874,ligase activity,9/423,356/27694,0.09742314077574718,0.396113085161038,0.3723480159408502,Zm00001eb063750/Zm00001eb068540/Zm00001eb093280/Zm00001eb101180/Zm00001eb115440/Zm00001eb115470/Zm00001eb115490/Zm00001eb296480/Zm00001eb401910,9
GWAS_PHG_landraces_N,BP,575,423,GO:0009833,plant-type primary cell wall biogenesis,2/423,35/27694,0.09963751795932968,0.396113085161038,0.3723480159408502,Zm00001eb063800/Zm00001eb283110,2
GWAS_PHG_landraces_N,BP,575,423,GO:0000338,protein deneddylation,1/423,7/27694,0.1021526200415297,0.396113085161038,0.3723480159408502,Zm00001eb332660,1
GWAS_PHG_landraces_N,MF,575,423,GO:0004014,adenosylmethionine decarboxylase activity,1/423,7/27694,0.1021526200415297,0.396113085161038,0.3723480159408502,Zm00001eb184470,1
GWAS_PHG_landraces_N,MF,575,423,GO:0004450,isocitrate dehydrogenase (NADP+) activity,1/423,7/27694,0.1021526200415297,0.396113085161038,0.3723480159408502,Zm00001eb296460,1
GWAS_PHG_landraces_N,MF,575,423,GO:0005313,L-glutamate transmembrane transporter activity,1/423,7/27694,0.1021526200415297,0.396113085161038,0.3723480159408502,Zm00001eb141470,1
GWAS_PHG_landraces_N,BP,575,423,GO:0006072,glycerol-3-phosphate metabolic process,1/423,7/27694,0.1021526200415297,0.396113085161038,0.3723480159408502,Zm00001eb068580,1
GWAS_PHG_landraces_N,BP,575,423,GO:0006474,N-terminal protein amino acid acetylation,1/423,7/27694,0.1021526200415297,0.396113085161038,0.3723480159408502,Zm00001eb401920,1
GWAS_PHG_landraces_N,BP,575,423,GO:0006597,spermine biosynthetic process,1/423,7/27694,0.1021526200415297,0.396113085161038,0.3723480159408502,Zm00001eb184470,1
GWAS_PHG_landraces_N,MF,575,423,GO:0008519,ammonium channel activity,1/423,7/27694,0.1021526200415297,0.396113085161038,0.3723480159408502,Zm00001eb289990,1
GWAS_PHG_landraces_N,BP,575,423,GO:0009225,nucleotide-sugar metabolic process,1/423,7/27694,0.1021526200415297,0.396113085161038,0.3723480159408502,Zm00001eb209990,1
GWAS_PHG_landraces_N,BP,575,423,GO:0009960,endosperm development,1/423,7/27694,0.1021526200415297,0.396113085161038,0.3723480159408502,Zm00001eb115450,1
GWAS_PHG_landraces_N,BP,575,423,GO:0015813,L-glutamate transmembrane transport,1/423,7/27694,0.1021526200415297,0.396113085161038,0.3723480159408502,Zm00001eb141470,1
GWAS_PHG_landraces_N,CC,575,423,GO:0031464,Cul4A-RING E3 ubiquitin ligase complex,1/423,7/27694,0.1021526200415297,0.396113085161038,0.3723480159408502,Zm00001eb055880,1
GWAS_PHG_landraces_N,BP,575,423,GO:0042148,DNA strand invasion,1/423,7/27694,0.1021526200415297,0.396113085161038,0.3723480159408502,Zm00001eb329200,1
GWAS_PHG_landraces_N,MF,575,423,GO:0045547,"ditrans,polycis-polyprenyl diphosphate synthase [(2E,6E)-farnesyl diphosphate specific] activity",1/423,7/27694,0.1021526200415297,0.396113085161038,0.3723480159408502,Zm00001eb019540,1
GWAS_PHG_landraces_N,MF,575,423,GO:0046975,histone H3K36 methyltransferase activity,1/423,7/27694,0.1021526200415297,0.396113085161038,0.3723480159408502,Zm00001eb184480,1
GWAS_PHG_landraces_N,BP,575,423,GO:0050982,detection of mechanical stimulus,1/423,7/27694,0.1021526200415297,0.396113085161038,0.3723480159408502,Zm00001eb373650,1
GWAS_PHG_landraces_N,MF,575,423,GO:0061656,SUMO conjugating enzyme activity,1/423,7/27694,0.1021526200415297,0.396113085161038,0.3723480159408502,Zm00001eb001680,1
GWAS_PHG_landraces_N,BP,575,423,GO:0072488,ammonium transmembrane transport,1/423,7/27694,0.1021526200415297,0.396113085161038,0.3723480159408502,Zm00001eb289990,1
GWAS_PHG_landraces_N,BP,575,423,GO:0090522,vesicle tethering involved in exocytosis,1/423,7/27694,0.1021526200415297,0.396113085161038,0.3723480159408502,Zm00001eb392990,1
GWAS_PHG_landraces_N,MF,575,423,GO:0097027,ubiquitin-protein transferase activator activity,1/423,7/27694,0.1021526200415297,0.396113085161038,0.3723480159408502,Zm00001eb001710,1
GWAS_PHG_landraces_N,BP,575,423,GO:1904668,positive regulation of ubiquitin protein ligase activity,1/423,7/27694,0.1021526200415297,0.396113085161038,0.3723480159408502,Zm00001eb001710,1
GWAS_PHG_landraces_N,MF,575,423,GO:0000976,transcription cis-regulatory region binding,13/423,573/27694,0.10300122070502732,0.3972904227193911,0.37345471834571314,Zm00001eb034940/Zm00001eb037590/Zm00001eb153330/Zm00001eb157620/Zm00001eb214230/Zm00001eb228560/Zm00001eb252180/Zm00001eb284130/Zm00001eb359740/Zm00001eb363100/Zm00001eb366540/Zm00001eb373660/Zm00001eb429720,13
GWAS_PHG_landraces_N,BP,575,423,GO:0006099,tricarboxylic acid cycle,3/423,75/27694,0.10729739619142192,0.40560047393870435,0.38126620248949034,Zm00001eb296460/Zm00001eb296550/Zm00001eb383680,3
GWAS_PHG_landraces_N,BP,575,423,GO:0006833,water transport,2/423,37/27694,0.10937493616128455,0.40560047393870435,0.38126620248949034,Zm00001eb429750/Zm00001eb429760,2
GWAS_PHG_landraces_N,BP,575,423,GO:0035672,oligopeptide transmembrane transport,2/423,37/27694,0.10937493616128455,0.40560047393870435,0.38126620248949034,Zm00001eb256770/Zm00001eb269450,2
GWAS_PHG_landraces_N,MF,575,423,GO:0035673,oligopeptide transmembrane transporter activity,2/423,37/27694,0.10937493616128455,0.40560047393870435,0.38126620248949034,Zm00001eb256770/Zm00001eb269450,2
GWAS_PHG_landraces_N,MF,575,423,GO:0051287,NAD binding,3/423,76/27694,0.11051038287654322,0.40560047393870435,0.38126620248949034,Zm00001eb296460/Zm00001eb358390/Zm00001eb434270,3
GWAS_PHG_landraces_N,CC,575,423,GO:0009706,chloroplast inner membrane,2/423,38/27694,0.11433433281065795,0.40560047393870435,0.38126620248949034,Zm00001eb107180/Zm00001eb283130,2
GWAS_PHG_landraces_N,MF,575,423,GO:0004674,protein serine/threonine kinase activity,24/423,1207/27694,0.114628920568223,0.40560047393870435,0.38126620248949034,Zm00001eb025540/Zm00001eb040450/Zm00001eb107190/Zm00001eb121540/Zm00001eb191720/Zm00001eb198810/Zm00001eb214290/Zm00001eb215750/Zm00001eb222890/Zm00001eb225970/Zm00001eb226000/Zm00001eb251700/Zm00001eb256740/Zm00001eb256760/Zm00001eb256780/Zm00001eb269440/Zm00001eb289960/Zm00001eb289970/Zm00001eb298390/Zm00001eb326620/Zm00001eb359720/Zm00001eb397950/Zm00001eb434280/Zm00001eb434290,24
GWAS_PHG_landraces_N,MF,575,423,GO:0000062,fatty-acyl-CoA binding,1/423,8/27694,0.11586986790957032,0.40560047393870435,0.38126620248949034,Zm00001eb063690,1
GWAS_PHG_landraces_N,MF,575,423,GO:0004930,G protein-coupled receptor activity,1/423,8/27694,0.11586986790957032,0.40560047393870435,0.38126620248949034,Zm00001eb225130,1
GWAS_PHG_landraces_N,CC,575,423,GO:0005742,mitochondrial outer membrane translocase complex,1/423,8/27694,0.11586986790957032,0.40560047393870435,0.38126620248949034,Zm00001eb015420,1
GWAS_PHG_landraces_N,MF,575,423,GO:0008381,mechanosensitive monoatomic ion channel activity,1/423,8/27694,0.11586986790957032,0.40560047393870435,0.38126620248949034,Zm00001eb373650,1
GWAS_PHG_landraces_N,MF,575,423,GO:0008649,rRNA methyltransferase activity,1/423,8/27694,0.11586986790957032,0.40560047393870435,0.38126620248949034,Zm00001eb191090,1
GWAS_PHG_landraces_N,BP,575,423,GO:0009615,response to virus,1/423,8/27694,0.11586986790957032,0.40560047393870435,0.38126620248949034,Zm00001eb215750,1
GWAS_PHG_landraces_N,BP,575,423,GO:0015833,peptide transport,1/423,8/27694,0.11586986790957032,0.40560047393870435,0.38126620248949034,Zm00001eb269450,1
GWAS_PHG_landraces_N,BP,575,423,GO:0019563,glycerol catabolic process,1/423,8/27694,0.11586986790957032,0.40560047393870435,0.38126620248949034,Zm00001eb068580,1
GWAS_PHG_landraces_N,MF,575,423,GO:0047134,protein-disulfide reductase [NAD(P)H] activity,1/423,8/27694,0.11586986790957032,0.40560047393870435,0.38126620248949034,Zm00001eb019550,1
GWAS_PHG_landraces_N,BP,575,423,GO:0051923,sulfation,1/423,8/27694,0.11586986790957032,0.40560047393870435,0.38126620248949034,Zm00001eb122840,1
GWAS_PHG_landraces_N,BP,575,423,GO:0072318,clathrin coat disassembly,1/423,8/27694,0.11586986790957032,0.40560047393870435,0.38126620248949034,Zm00001eb137290,1
GWAS_PHG_landraces_N,BP,575,423,GO:1901701,cellular response to oxygen-containing compound,1/423,8/27694,0.11586986790957032,0.40560047393870435,0.38126620248949034,Zm00001eb225130,1
GWAS_PHG_landraces_N,MF,575,423,GO:0043565,sequence-specific DNA binding,12/423,531/27694,0.11628326344744747,0.40560047393870435,0.38126620248949034,Zm00001eb015440/Zm00001eb034980/Zm00001eb037600/Zm00001eb060670/Zm00001eb153330/Zm00001eb157620/Zm00001eb296130/Zm00001eb359740/Zm00001eb363140/Zm00001eb372490/Zm00001eb392980/Zm00001eb399800,12
GWAS_PHG_landraces_N,CC,575,423,GO:0005783,endoplasmic reticulum,13/423,590/27694,0.1210359451802878,0.40950367675206006,0.3849352300420058,Zm00001eb068630/Zm00001eb110300/Zm00001eb137290/Zm00001eb146620/Zm00001eb161490/Zm00001eb180900/Zm00001eb191680/Zm00001eb214300/Zm00001eb303010/Zm00001eb315040/Zm00001eb326590/Zm00001eb393170/Zm00001eb422800,13
GWAS_PHG_landraces_N,MF,575,423,GO:0016829,lyase activity,10/423,428/27694,0.12250754420549546,0.40950367675206006,0.3849352300420058,Zm00001eb156880/Zm00001eb157640/Zm00001eb184470/Zm00001eb209990/Zm00001eb298110/Zm00001eb298120/Zm00001eb298350/Zm00001eb362570/Zm00001eb383680/Zm00001eb394330,10
GWAS_PHG_landraces_N,MF,575,423,GO:0016409,palmitoyltransferase activity,2/423,40/27694,0.12441975901726146,0.40950367675206006,0.3849352300420058,Zm00001eb146620/Zm00001eb326590,2
GWAS_PHG_landraces_N,BP,575,423,GO:0031347,regulation of defense response,2/423,40/27694,0.12441975901726146,0.40950367675206006,0.3849352300420058,Zm00001eb253680/Zm00001eb298390,2
GWAS_PHG_landraces_N,MF,575,423,GO:0004190,aspartic-type endopeptidase activity,4/423,125/27694,0.12500357485985392,0.40950367675206006,0.3849352300420058,Zm00001eb219250/Zm00001eb228230/Zm00001eb296120/Zm00001eb401930,4
GWAS_PHG_landraces_N,CC,575,423,GO:0000408,EKC/KEOPS complex,1/423,9/27694,0.1293780325369721,0.40950367675206006,0.3849352300420058,Zm00001eb222890,1
GWAS_PHG_landraces_N,MF,575,423,GO:0001653,peptide receptor activity,1/423,9/27694,0.1293780325369721,0.40950367675206006,0.3849352300420058,Zm00001eb298390,1
GWAS_PHG_landraces_N,MF,575,423,GO:0003883,CTP synthase activity,1/423,9/27694,0.1293780325369721,0.40950367675206006,0.3849352300420058,Zm00001eb296480,1
GWAS_PHG_landraces_N,MF,575,423,GO:0004129,cytochrome-c oxidase activity,1/423,9/27694,0.1293780325369721,0.40950367675206006,0.3849352300420058,Zm00001eb184450,1
GWAS_PHG_landraces_N,MF,575,423,GO:0004512,inositol-3-phosphate synthase activity,1/423,9/27694,0.1293780325369721,0.40950367675206006,0.3849352300420058,Zm00001eb401220,1
GWAS_PHG_landraces_N,BP,575,423,GO:0007219,Notch signaling pathway,1/423,9/27694,0.1293780325369721,0.40950367675206006,0.3849352300420058,Zm00001eb219250,1
GWAS_PHG_landraces_N,MF,575,423,GO:0008409,5'-3' exonuclease activity,1/423,9/27694,0.1293780325369721,0.40950367675206006,0.3849352300420058,Zm00001eb366510,1
GWAS_PHG_landraces_N,MF,575,423,GO:0008453,alanine-glyoxylate transaminase activity,1/423,9/27694,0.1293780325369721,0.40950367675206006,0.3849352300420058,Zm00001eb298440,1
GWAS_PHG_landraces_N,MF,575,423,GO:0008964,phosphoenolpyruvate carboxylase activity,1/423,9/27694,0.1293780325369721,0.40950367675206006,0.3849352300420058,Zm00001eb383680,1
GWAS_PHG_landraces_N,BP,575,423,GO:0009648,photoperiodism,1/423,9/27694,0.1293780325369721,0.40950367675206006,0.3849352300420058,Zm00001eb214290,1
GWAS_PHG_landraces_N,MF,575,423,GO:0010997,anaphase-promoting complex binding,1/423,9/27694,0.1293780325369721,0.40950367675206006,0.3849352300420058,Zm00001eb001710,1
GWAS_PHG_landraces_N,BP,575,423,GO:0015996,chlorophyll catabolic process,1/423,9/27694,0.1293780325369721,0.40950367675206006,0.3849352300420058,Zm00001eb231810,1
GWAS_PHG_landraces_N,BP,575,423,GO:0019748,secondary metabolic process,1/423,9/27694,0.1293780325369721,0.40950367675206006,0.3849352300420058,Zm00001eb025550,1
GWAS_PHG_landraces_N,CC,575,423,GO:0033180,"proton-transporting V-type ATPase, V1 domain",1/423,9/27694,0.1293780325369721,0.40950367675206006,0.3849352300420058,Zm00001eb206930,1
GWAS_PHG_landraces_N,MF,575,423,GO:1990380,K48-linked deubiquitinase activity,1/423,9/27694,0.1293780325369721,0.40950367675206006,0.3849352300420058,Zm00001eb357270,1
GWAS_PHG_landraces_N,MF,575,423,GO:0019706,protein-cysteine S-palmitoyltransferase activity,2/423,41/27694,0.12954011814773628,0.40950367675206006,0.3849352300420058,Zm00001eb146620/Zm00001eb326590,2
GWAS_PHG_landraces_N,CC,575,423,GO:0005667,transcription regulator complex,2/423,42/27694,0.13470858306427758,0.40950367675206006,0.3849352300420058,Zm00001eb181510/Zm00001eb253700,2
GWAS_PHG_landraces_N,MF,575,423,GO:0046961,"proton-transporting ATPase activity, rotational mechanism",2/423,42/27694,0.13470858306427758,0.40950367675206006,0.3849352300420058,Zm00001eb206930/Zm00001eb427770,2
GWAS_PHG_landraces_N,BP,575,423,GO:0006887,exocytosis,3/423,84/27694,0.1374716304713596,0.40950367675206006,0.3849352300420058,Zm00001eb051220/Zm00001eb194380/Zm00001eb392990,3
GWAS_PHG_landraces_N,MF,575,423,GO:0008353,RNA polymerase II CTD heptapeptide repeat kinase activity,3/423,84/27694,0.1374716304713596,0.40950367675206006,0.3849352300420058,Zm00001eb215750/Zm00001eb251700/Zm00001eb326620,3
GWAS_PHG_landraces_N,MF,575,423,GO:0046983,protein dimerization activity,9/423,386/27694,0.13908876548824806,0.40950367675206006,0.3849352300420058,Zm00001eb034940/Zm00001eb095630/Zm00001eb101190/Zm00001eb102580/Zm00001eb181510/Zm00001eb215740/Zm00001eb284130/Zm00001eb296470/Zm00001eb431920,9
GWAS_PHG_landraces_N,MF,575,423,GO:0005516,calmodulin binding,6/423,229/27694,0.13972431985279474,0.40950367675206006,0.3849352300420058,Zm00001eb107190/Zm00001eb269440/Zm00001eb286890/Zm00001eb363070/Zm00001eb410320/Zm00001eb433100,6
GWAS_PHG_landraces_N,MF,575,423,GO:0003700,DNA-binding transcription factor activity,28/423,1476/27694,0.14060309508573415,0.40950367675206006,0.3849352300420058,Zm00001eb001720/Zm00001eb015440/Zm00001eb034940/Zm00001eb034980/Zm00001eb037590/Zm00001eb037600/Zm00001eb044660/Zm00001eb060670/Zm00001eb068520/Zm00001eb068530/Zm00001eb102580/Zm00001eb146650/Zm00001eb153330/Zm00001eb156860/Zm00001eb157620/Zm00001eb161460/Zm00001eb214230/Zm00001eb228560/Zm00001eb252180/Zm00001eb296130/Zm00001eb319580/Zm00001eb325590/Zm00001eb359740/Zm00001eb363140/Zm00001eb366540/Zm00001eb372490/Zm00001eb392980/Zm00001eb399800,28
GWAS_PHG_landraces_N,MF,575,423,GO:0003777,microtubule motor activity,3/423,85/27694,0.14098777950745106,0.40950367675206006,0.3849352300420058,Zm00001eb082570/Zm00001eb191700/Zm00001eb433100,3
GWAS_PHG_landraces_N,BP,575,423,GO:0007018,microtubule-based movement,3/423,85/27694,0.14098777950745106,0.40950367675206006,0.3849352300420058,Zm00001eb082570/Zm00001eb191700/Zm00001eb433100,3
GWAS_PHG_landraces_N,BP,575,423,GO:0000492,box C/D snoRNP assembly,1/423,10/27694,0.14268029340881105,0.40950367675206006,0.3849352300420058,Zm00001eb325580,1
GWAS_PHG_landraces_N,MF,575,423,GO:0005464,UDP-xylose transmembrane transporter activity,1/423,10/27694,0.14268029340881105,0.40950367675206006,0.3849352300420058,Zm00001eb345900,1
GWAS_PHG_landraces_N,BP,575,423,GO:0005982,starch metabolic process,1/423,10/27694,0.14268029340881105,0.40950367675206006,0.3849352300420058,Zm00001eb409850,1
GWAS_PHG_landraces_N,BP,575,423,GO:0005986,sucrose biosynthetic process,1/423,10/27694,0.14268029340881105,0.40950367675206006,0.3849352300420058,Zm00001eb417940,1
GWAS_PHG_landraces_N,BP,575,423,GO:0006607,NLS-bearing protein import into nucleus,1/423,10/27694,0.14268029340881105,0.40950367675206006,0.3849352300420058,Zm00001eb333670,1
GWAS_PHG_landraces_N,BP,575,423,GO:0009098,L-leucine biosynthetic process,1/423,10/27694,0.14268029340881105,0.40950367675206006,0.3849352300420058,Zm00001eb434270,1
GWAS_PHG_landraces_N,BP,575,423,GO:0010506,regulation of autophagy,1/423,10/27694,0.14268029340881105,0.40950367675206006,0.3849352300420058,Zm00001eb434280,1
GWAS_PHG_landraces_N,BP,575,423,GO:0015790,UDP-xylose transmembrane transport,1/423,10/27694,0.14268029340881105,0.40950367675206006,0.3849352300420058,Zm00001eb345900,1
GWAS_PHG_landraces_N,MF,575,423,GO:0016818,"hydrolase activity, acting on acid anhydrides, in phosphorus-containing anhydrides",1/423,10/27694,0.14268029340881105,0.40950367675206006,0.3849352300420058,Zm00001eb417930,1
GWAS_PHG_landraces_N,BP,575,423,GO:0019856,pyrimidine nucleobase biosynthetic process,1/423,10/27694,0.14268029340881105,0.40950367675206006,0.3849352300420058,Zm00001eb296480,1
GWAS_PHG_landraces_N,BP,575,423,GO:0019915,lipid storage,1/423,10/27694,0.14268029340881105,0.40950367675206006,0.3849352300420058,Zm00001eb362600,1
GWAS_PHG_landraces_N,MF,575,423,GO:0043139,5'-3' DNA helicase activity,1/423,10/27694,0.14268029340881105,0.40950367675206006,0.3849352300420058,Zm00001eb417930,1
GWAS_PHG_landraces_N,BP,575,423,GO:0044210,'de novo' CTP biosynthetic process,1/423,10/27694,0.14268029340881105,0.40950367675206006,0.3849352300420058,Zm00001eb296480,1
GWAS_PHG_landraces_N,BP,575,423,GO:0070483,detection of hypoxia,1/423,10/27694,0.14268029340881105,0.40950367675206006,0.3849352300420058,Zm00001eb433180,1
GWAS_PHG_landraces_N,BP,575,423,GO:0072699,protein localization to cortical microtubule cytoskeleton,1/423,10/27694,0.14268029340881105,0.40950367675206006,0.3849352300420058,Zm00001eb296520,1
GWAS_PHG_landraces_N,MF,575,423,GO:0003678,DNA helicase activity,2/423,44/27694,0.14517928183309997,0.4134206892825386,0.3886172387884379,Zm00001eb325580/Zm00001eb417930,2
GWAS_PHG_landraces_N,MF,575,423,GO:0016760,cellulose synthase (UDP-forming) activity,2/423,44/27694,0.14517928183309997,0.4134206892825386,0.3886172387884379,Zm00001eb063800/Zm00001eb283110,2
GWAS_PHG_landraces_N,CC,575,423,GO:0005886,plasma membrane,34/423,1844/27694,0.14753115358687635,0.414549427638991,0.38967825773299136,Zm00001eb040450/Zm00001eb051220/Zm00001eb063730/Zm00001eb063800/Zm00001eb085200/Zm00001eb105290/Zm00001eb107190/Zm00001eb108870/Zm00001eb117610/Zm00001eb225130/Zm00001eb225970/Zm00001eb226000/Zm00001eb227000/Zm00001eb228230/Zm00001eb256740/Zm00001eb269450/Zm00001eb283110/Zm00001eb289990/Zm00001eb292060/Zm00001eb298390/Zm00001eb298460/Zm00001eb314160/Zm00001eb322140/Zm00001eb342040/Zm00001eb352800/Zm00001eb362560/Zm00001eb363040/Zm00001eb373650/Zm00001eb397950/Zm00001eb401230/Zm00001eb401940/Zm00001eb427800/Zm00001eb429750/Zm00001eb433110,34
GWAS_PHG_landraces_N,MF,575,423,GO:0015267,channel activity,2/423,45/27694,0.15047641376550142,0.414549427638991,0.38967825773299136,Zm00001eb429750/Zm00001eb429760,2
GWAS_PHG_landraces_N,MF,575,423,GO:0016702,"oxidoreductase activity, acting on single donors with incorporation of molecular oxygen, incorporation of two atoms of oxygen",2/423,45/27694,0.15047641376550142,0.414549427638991,0.38967825773299136,Zm00001eb035010/Zm00001eb433180,2
GWAS_PHG_landraces_N,BP,575,423,GO:0034599,cellular response to oxidative stress,2/423,45/27694,0.15047641376550142,0.414549427638991,0.38967825773299136,Zm00001eb023810/Zm00001eb082560,2
GWAS_PHG_landraces_N,BP,575,423,GO:0080090,regulation of primary metabolic process,2/423,45/27694,0.15047641376550142,0.414549427638991,0.38967825773299136,Zm00001eb102580/Zm00001eb107170,2
GWAS_PHG_landraces_N,BP,575,423,GO:0000398,"mRNA splicing, via spliceosome",5/423,185/27694,0.15428840274788627,0.414549427638991,0.38967825773299136,Zm00001eb013870/Zm00001eb215780/Zm00001eb329230/Zm00001eb362580/Zm00001eb433140,5
GWAS_PHG_landraces_N,CC,575,423,GO:0000812,Swr1 complex,1/423,11/27694,0.15577978177350094,0.414549427638991,0.38967825773299136,Zm00001eb325580,1
GWAS_PHG_landraces_N,MF,575,423,GO:0004373,"alpha-1,4-glucan glucosyltransferase (UDP-glucose donor) activity",1/423,11/27694,0.15577978177350094,0.414549427638991,0.38967825773299136,Zm00001eb378140,1
GWAS_PHG_landraces_N,BP,575,423,GO:0006021,inositol biosynthetic process,1/423,11/27694,0.15577978177350094,0.414549427638991,0.38967825773299136,Zm00001eb401220,1
GWAS_PHG_landraces_N,BP,575,423,GO:0009826,unidimensional cell growth,1/423,11/27694,0.15577978177350094,0.414549427638991,0.38967825773299136,Zm00001eb397950,1
GWAS_PHG_landraces_N,MF,575,423,GO:0016872,intramolecular lyase activity,1/423,11/27694,0.15577978177350094,0.414549427638991,0.38967825773299136,Zm00001eb372470,1
GWAS_PHG_landraces_N,MF,575,423,GO:0017172,cysteine dioxygenase activity,1/423,11/27694,0.15577978177350094,0.414549427638991,0.38967825773299136,Zm00001eb433180,1
GWAS_PHG_landraces_N,BP,575,423,GO:0017183,protein histidyl modification to diphthamide,1/423,11/27694,0.15577978177350094,0.414549427638991,0.38967825773299136,Zm00001eb315040,1
GWAS_PHG_landraces_N,BP,575,423,GO:0031120,snRNA pseudouridine synthesis,1/423,11/27694,0.15577978177350094,0.414549427638991,0.38967825773299136,Zm00001eb433140,1
GWAS_PHG_landraces_N,CC,575,423,GO:0031982,vesicle,1/423,11/27694,0.15577978177350094,0.414549427638991,0.38967825773299136,Zm00001eb137290,1
GWAS_PHG_landraces_N,BP,575,423,GO:0048527,lateral root development,1/423,11/27694,0.15577978177350094,0.414549427638991,0.38967825773299136,Zm00001eb215760,1
GWAS_PHG_landraces_N,BP,575,423,GO:0097352,autophagosome maturation,1/423,11/27694,0.15577978177350094,0.414549427638991,0.38967825773299136,Zm00001eb256700,1
GWAS_PHG_landraces_N,BP,575,423,GO:0009699,phenylpropanoid biosynthetic process,2/423,46/27694,0.15581144468187041,0.414549427638991,0.38967825773299136,Zm00001eb298320/Zm00001eb298340,2
GWAS_PHG_landraces_N,BP,575,423,GO:0006366,transcription by RNA polymerase II,2/423,47/27694,0.16118198929908917,0.42549278484717823,0.39996506091331036,Zm00001eb095630/Zm00001eb417930,2
GWAS_PHG_landraces_N,BP,575,423,GO:0009834,plant-type secondary cell wall biogenesis,3/423,92/27694,0.1663975327082213,0.42549278484717823,0.39996506091331036,Zm00001eb063800/Zm00001eb156920/Zm00001eb283110,3
GWAS_PHG_landraces_N,CC,575,423,GO:0005741,mitochondrial outer membrane,2/423,48/27694,0.16658572603927704,0.42549278484717823,0.39996506091331036,Zm00001eb015420/Zm00001eb119440,2
GWAS_PHG_landraces_N,BP,575,423,GO:0006612,protein targeting to membrane,2/423,48/27694,0.16658572603927704,0.42549278484717823,0.39996506091331036,Zm00001eb146620/Zm00001eb326590,2
GWAS_PHG_landraces_N,MF,575,423,GO:0004791,thioredoxin-disulfide reductase (NADPH) activity,1/423,12/27694,0.16867958137288686,0.42549278484717823,0.39996506091331036,Zm00001eb019550,1
GWAS_PHG_landraces_N,MF,575,423,GO:0005227,calcium-activated cation channel activity,1/423,12/27694,0.16867958137288686,0.42549278484717823,0.39996506091331036,Zm00001eb363040,1
GWAS_PHG_landraces_N,BP,575,423,GO:0016125,sterol metabolic process,1/423,12/27694,0.16867958137288686,0.42549278484717823,0.39996506091331036,Zm00001eb146680,1
GWAS_PHG_landraces_N,MF,575,423,GO:0033612,receptor serine/threonine kinase binding,1/423,12/27694,0.16867958137288686,0.42549278484717823,0.39996506091331036,Zm00001eb256740,1
GWAS_PHG_landraces_N,BP,575,423,GO:0034440,lipid oxidation,1/423,12/27694,0.16867958137288686,0.42549278484717823,0.39996506091331036,Zm00001eb035010,1
GWAS_PHG_landraces_N,BP,575,423,GO:0040008,regulation of growth,1/423,12/27694,0.16867958137288686,0.42549278484717823,0.39996506091331036,Zm00001eb431920,1
GWAS_PHG_landraces_N,MF,575,423,GO:0042500,"aspartic endopeptidase activity, intramembrane cleaving",1/423,12/27694,0.16867958137288686,0.42549278484717823,0.39996506091331036,Zm00001eb219250,1
GWAS_PHG_landraces_N,MF,575,423,GO:0043023,ribosomal large subunit binding,1/423,12/27694,0.16867958137288686,0.42549278484717823,0.39996506091331036,Zm00001eb093280,1
GWAS_PHG_landraces_N,BP,575,423,GO:0051607,defense response to virus,1/423,12/27694,0.16867958137288686,0.42549278484717823,0.39996506091331036,Zm00001eb253690,1
GWAS_PHG_landraces_N,BP,575,423,GO:0061723,glycophagy,1/423,12/27694,0.16867958137288686,0.42549278484717823,0.39996506091331036,Zm00001eb256700,1
GWAS_PHG_landraces_N,CC,575,423,GO:0090575,RNA polymerase II transcription regulator complex,1/423,12/27694,0.16867958137288686,0.42549278484717823,0.39996506091331036,Zm00001eb181510,1
GWAS_PHG_landraces_N,BP,575,423,GO:0000045,autophagosome assembly,2/423,49/27694,0.17202039564796012,0.43093769219025063,0.40508329740214166,Zm00001eb256700/Zm00001eb434280,2
GWAS_PHG_landraces_N,BP,575,423,GO:0042545,cell wall modification,2/423,49/27694,0.17202039564796012,0.43093769219025063,0.40508329740214166,Zm00001eb322150/Zm00001eb392850,2
GWAS_PHG_landraces_N,BP,575,423,GO:0000460,maturation of 5.8S rRNA,1/423,13/27694,0.18138272916131548,0.437841091253639,0.4115725224259895,Zm00001eb298370,1
GWAS_PHG_landraces_N,MF,575,423,GO:0008080,N-acetyltransferase activity,1/423,13/27694,0.18138272916131548,0.437841091253639,0.4115725224259895,Zm00001eb401920,1
GWAS_PHG_landraces_N,BP,575,423,GO:0009860,pollen tube growth,1/423,13/27694,0.18138272916131548,0.437841091253639,0.4115725224259895,Zm00001eb392990,1
GWAS_PHG_landraces_N,BP,575,423,GO:0010229,inflorescence development,1/423,13/27694,0.18138272916131548,0.437841091253639,0.4115725224259895,Zm00001eb214290,1
GWAS_PHG_landraces_N,BP,575,423,GO:0012501,programmed cell death,1/423,13/27694,0.18138272916131548,0.437841091253639,0.4115725224259895,Zm00001eb362610,1
GWAS_PHG_landraces_N,MF,575,423,GO:0016615,malate dehydrogenase activity,1/423,13/27694,0.18138272916131548,0.437841091253639,0.4115725224259895,Zm00001eb296550,1
GWAS_PHG_landraces_N,MF,575,423,GO:0016799,"hydrolase activity, hydrolyzing N-glycosyl compounds",1/423,13/27694,0.18138272916131548,0.437841091253639,0.4115725224259895,Zm00001eb021150,1
GWAS_PHG_landraces_N,MF,575,423,GO:0017108,5'-flap endonuclease activity,1/423,13/27694,0.18138272916131548,0.437841091253639,0.4115725224259895,Zm00001eb366510,1
GWAS_PHG_landraces_N,BP,575,423,GO:0046839,phospholipid dephosphorylation,1/423,13/27694,0.18138272916131548,0.437841091253639,0.4115725224259895,Zm00001eb359710,1
GWAS_PHG_landraces_N,MF,575,423,GO:0047429,nucleoside triphosphate diphosphatase activity,1/423,13/27694,0.18138272916131548,0.437841091253639,0.4115725224259895,Zm00001eb215810,1
GWAS_PHG_landraces_N,BP,575,423,GO:0048767,root hair elongation,1/423,13/27694,0.18138272916131548,0.437841091253639,0.4115725224259895,Zm00001eb063720,1
GWAS_PHG_landraces_N,BP,575,423,GO:0030244,cellulose biosynthetic process,2/423,51/27694,0.18297379996878474,0.4379085483250842,0.41163593236535967,Zm00001eb063800/Zm00001eb283110,2
GWAS_PHG_landraces_N,BP,575,423,GO:0051726,regulation of cell cycle,2/423,51/27694,0.18297379996878474,0.4379085483250842,0.41163593236535967,Zm00001eb215750/Zm00001eb251700,2
GWAS_PHG_landraces_N,BP,575,423,GO:0019752,carboxylic acid metabolic process,2/423,52/27694,0.1884883157301614,0.4379085483250842,0.41163593236535967,Zm00001eb296460/Zm00001eb296550,2
GWAS_PHG_landraces_N,BP,575,423,GO:0000422,autophagy of mitochondrion,1/423,14/27694,0.19389221601384055,0.4379085483250842,0.41163593236535967,Zm00001eb256700,1
GWAS_PHG_landraces_N,MF,575,423,GO:0003688,DNA replication origin binding,1/423,14/27694,0.19389221601384055,0.4379085483250842,0.41163593236535967,Zm00001eb146610,1
GWAS_PHG_landraces_N,BP,575,423,GO:0006820,monoatomic anion transport,1/423,14/27694,0.19389221601384055,0.4379085483250842,0.41163593236535967,Zm00001eb373650,1
GWAS_PHG_landraces_N,BP,575,423,GO:0008295,spermidine biosynthetic process,1/423,14/27694,0.19389221601384055,0.4379085483250842,0.41163593236535967,Zm00001eb184470,1
GWAS_PHG_landraces_N,BP,575,423,GO:0009653,anatomical structure morphogenesis,1/423,14/27694,0.19389221601384055,0.4379085483250842,0.41163593236535967,Zm00001eb063720,1
GWAS_PHG_landraces_N,BP,575,423,GO:0009696,salicylic acid metabolic process,1/423,14/27694,0.19389221601384055,0.4379085483250842,0.41163593236535967,Zm00001eb108850,1
GWAS_PHG_landraces_N,BP,575,423,GO:0009846,pollen germination,1/423,14/27694,0.19389221601384055,0.4379085483250842,0.41163593236535967,Zm00001eb392990,1
GWAS_PHG_landraces_N,BP,575,423,GO:0010256,endomembrane system organization,1/423,14/27694,0.19389221601384055,0.4379085483250842,0.41163593236535967,Zm00001eb332680,1
GWAS_PHG_landraces_N,MF,575,423,GO:0030060,L-malate dehydrogenase (NAD+) activity,1/423,14/27694,0.19389221601384055,0.4379085483250842,0.41163593236535967,Zm00001eb296550,1
GWAS_PHG_landraces_N,CC,575,423,GO:0031429,box H/ACA snoRNP complex,1/423,14/27694,0.19389221601384055,0.4379085483250842,0.41163593236535967,Zm00001eb433140,1
GWAS_PHG_landraces_N,CC,575,423,GO:0034045,phagophore assembly site membrane,1/423,14/27694,0.19389221601384055,0.4379085483250842,0.41163593236535967,Zm00001eb256700,1
GWAS_PHG_landraces_N,MF,575,423,GO:0042834,peptidoglycan binding,1/423,14/27694,0.19389221601384055,0.4379085483250842,0.41163593236535967,Zm00001eb108870,1
GWAS_PHG_landraces_N,MF,575,423,GO:0047617,fatty acyl-CoA hydrolase activity,1/423,14/27694,0.19389221601384055,0.4379085483250842,0.41163593236535967,Zm00001eb422790,1
GWAS_PHG_landraces_N,BP,575,423,GO:0048868,pollen tube development,1/423,14/27694,0.19389221601384055,0.4379085483250842,0.41163593236535967,Zm00001eb063780,1
GWAS_PHG_landraces_N,MF,575,423,GO:0080030,methyl indole-3-acetate esterase activity,1/423,14/27694,0.19389221601384055,0.4379085483250842,0.41163593236535967,Zm00001eb108850,1
GWAS_PHG_landraces_N,MF,575,423,GO:0080031,methyl salicylate esterase activity,1/423,14/27694,0.19389221601384055,0.4379085483250842,0.41163593236535967,Zm00001eb108850,1
GWAS_PHG_landraces_N,MF,575,423,GO:0080032,methyl jasmonate esterase activity,1/423,14/27694,0.19389221601384055,0.4379085483250842,0.41163593236535967,Zm00001eb108850,1
GWAS_PHG_landraces_N,BP,575,423,GO:0015914,phospholipid transport,2/423,53/27694,0.19402532388066146,0.4379085483250842,0.41163593236535967,Zm00001eb015520/Zm00001eb015530,2
GWAS_PHG_landraces_N,BP,575,423,GO:0034219,carbohydrate transmembrane transport,2/423,54/27694,0.19958285698950526,0.44906142822638684,0.42211968778482106,Zm00001eb021140/Zm00001eb342040,2
GWAS_PHG_landraces_N,CC,575,423,GO:0005739,mitochondrion,14/423,711/27694,0.2018592891192268,0.4527859131320503,0.4256207197299325,Zm00001eb015420/Zm00001eb024030/Zm00001eb063680/Zm00001eb063750/Zm00001eb068580/Zm00001eb184450/Zm00001eb252170/Zm00001eb296460/Zm00001eb296550/Zm00001eb401250/Zm00001eb421520/Zm00001eb422790/Zm00001eb422810/Zm00001eb434240,14
GWAS_PHG_landraces_N,BP,575,423,GO:0006241,CTP biosynthetic process,1/423,15/27694,0.20621098742374488,0.4553638076437346,0.4280439517378836,Zm00001eb296480,1
GWAS_PHG_landraces_N,BP,575,423,GO:0009694,jasmonic acid metabolic process,1/423,15/27694,0.20621098742374488,0.4553638076437346,0.4280439517378836,Zm00001eb108850,1
GWAS_PHG_landraces_N,MF,575,423,GO:0016462,pyrophosphatase activity,1/423,15/27694,0.20621098742374488,0.4553638076437346,0.4280439517378836,Zm00001eb421520,1
GWAS_PHG_landraces_N,BP,575,423,GO:0044281,small molecule metabolic process,1/423,15/27694,0.20621098742374488,0.4553638076437346,0.4280439517378836,Zm00001eb359730,1
GWAS_PHG_landraces_N,CC,575,423,GO:0071014,post-mRNA release spliceosomal complex,1/423,15/27694,0.20621098742374488,0.4553638076437346,0.4280439517378836,Zm00001eb329230,1
GWAS_PHG_landraces_N,MF,575,423,GO:0016616,"oxidoreductase activity, acting on the CH-OH group of donors, NAD or NADP as acceptor",4/423,153/27694,0.20675640648844465,0.4553638076437346,0.4280439517378836,Zm00001eb296460/Zm00001eb296550/Zm00001eb358390/Zm00001eb434270,4
GWAS_PHG_landraces_N,BP,575,423,GO:0034605,cellular response to heat,2/423,56/27694,0.21075190008740097,0.4600325933935167,0.43243263056700515,Zm00001eb060670/Zm00001eb399800,2
GWAS_PHG_landraces_N,BP,575,423,GO:0055085,transmembrane transport,19/423,1017/27694,0.2150177890834233,0.4600325933935167,0.43243263056700515,Zm00001eb015420/Zm00001eb021140/Zm00001eb034990/Zm00001eb095020/Zm00001eb105290/Zm00001eb141470/Zm00001eb227000/Zm00001eb269450/Zm00001eb283130/Zm00001eb298420/Zm00001eb320540/Zm00001eb325570/Zm00001eb345900/Zm00001eb373650/Zm00001eb384340/Zm00001eb384360/Zm00001eb427800/Zm00001eb429750/Zm00001eb429760,19
GWAS_PHG_landraces_N,BP,575,423,GO:0006357,regulation of transcription by RNA polymerase II,12/423,605/27694,0.21755533762358473,0.4600325933935167,0.43243263056700515,Zm00001eb001720/Zm00001eb034940/Zm00001eb055540/Zm00001eb101190/Zm00001eb181510/Zm00001eb214240/Zm00001eb251700/Zm00001eb253700/Zm00001eb296470/Zm00001eb316260/Zm00001eb325580/Zm00001eb326620,12
GWAS_PHG_landraces_N,BP,575,423,GO:0000103,sulfate assimilation,1/423,16/27694,0.21834194418951547,0.4600325933935167,0.43243263056700515,Zm00001eb292100,1
GWAS_PHG_landraces_N,MF,575,423,GO:0005459,UDP-galactose transmembrane transporter activity,1/423,16/27694,0.21834194418951547,0.4600325933935167,0.43243263056700515,Zm00001eb325570,1
GWAS_PHG_landraces_N,CC,575,423,GO:0005657,replication fork,1/423,16/27694,0.21834194418951547,0.4600325933935167,0.43243263056700515,Zm00001eb329200,1
GWAS_PHG_landraces_N,BP,575,423,GO:0006071,glycerol metabolic process,1/423,16/27694,0.21834194418951547,0.4600325933935167,0.43243263056700515,Zm00001eb068580,1
GWAS_PHG_landraces_N,BP,575,423,GO:0006596,polyamine biosynthetic process,1/423,16/27694,0.21834194418951547,0.4600325933935167,0.43243263056700515,Zm00001eb184470,1
GWAS_PHG_landraces_N,BP,575,423,GO:0010078,maintenance of root meristem identity,1/423,16/27694,0.21834194418951547,0.4600325933935167,0.43243263056700515,Zm00001eb013840,1
GWAS_PHG_landraces_N,MF,575,423,GO:0016846,carbon-sulfur lyase activity,1/423,16/27694,0.21834194418951547,0.4600325933935167,0.43243263056700515,Zm00001eb137310,1
GWAS_PHG_landraces_N,CC,575,423,GO:0042644,chloroplast nucleoid,1/423,16/27694,0.21834194418951547,0.4600325933935167,0.43243263056700515,Zm00001eb292100,1
GWAS_PHG_landraces_N,CC,575,423,GO:0048471,perinuclear region of cytoplasm,1/423,16/27694,0.21834194418951547,0.4600325933935167,0.43243263056700515,Zm00001eb333670,1
GWAS_PHG_landraces_N,BP,575,423,GO:0072334,UDP-galactose transmembrane transport,1/423,16/27694,0.21834194418951547,0.4600325933935167,0.43243263056700515,Zm00001eb325570,1
GWAS_PHG_landraces_N,MF,575,423,GO:0106310,protein serine kinase activity,1/423,16/27694,0.21834194418951547,0.4600325933935167,0.43243263056700515,Zm00001eb214290,1
GWAS_PHG_landraces_N,BP,575,423,GO:2000031,regulation of salicylic acid mediated signaling pathway,1/423,16/27694,0.21834194418951547,0.4600325933935167,0.43243263056700515,Zm00001eb362610,1
GWAS_PHG_landraces_N,CC,575,423,GO:0005802,trans-Golgi network,2/423,59/27694,0.22761329121575835,0.47434344198878137,0.445884890238534,Zm00001eb063700/Zm00001eb146670,2
GWAS_PHG_landraces_N,MF,575,423,GO:0008270,zinc ion binding,34/423,1943/27694,0.22789947484681256,0.47434344198878137,0.445884890238534,Zm00001eb015540/Zm00001eb024020/Zm00001eb044660/Zm00001eb055890/Zm00001eb063770/Zm00001eb063800/Zm00001eb068540/Zm00001eb068590/Zm00001eb093280/Zm00001eb101180/Zm00001eb101200/Zm00001eb105300/Zm00001eb107170/Zm00001eb146610/Zm00001eb157620/Zm00001eb184480/Zm00001eb194400/Zm00001eb214230/Zm00001eb228560/Zm00001eb252180/Zm00001eb283110/Zm00001eb286900/Zm00001eb298470/Zm00001eb322160/Zm00001eb325590/Zm00001eb360690/Zm00001eb360710/Zm00001eb363100/Zm00001eb392800/Zm00001eb393160/Zm00001eb401260/Zm00001eb401910/Zm00001eb429690/Zm00001eb429720,34
GWAS_PHG_landraces_N,BP,575,423,GO:0006102,isocitrate metabolic process,1/423,17/27694,0.23028794309145328,0.47434344198878137,0.445884890238534,Zm00001eb296460,1
GWAS_PHG_landraces_N,MF,575,423,GO:0015288,porin activity,1/423,17/27694,0.23028794309145328,0.47434344198878137,0.445884890238534,Zm00001eb015420,1
GWAS_PHG_landraces_N,MF,575,423,GO:0019829,ATPase-coupled monoatomic cation transmembrane transporter activity,1/423,17/27694,0.23028794309145328,0.47434344198878137,0.445884890238534,Zm00001eb095020,1
GWAS_PHG_landraces_N,MF,575,423,GO:0030983,mismatched DNA binding,1/423,17/27694,0.23028794309145328,0.47434344198878137,0.445884890238534,Zm00001eb362590,1
GWAS_PHG_landraces_N,CC,575,423,GO:0046930,pore complex,1/423,17/27694,0.23028794309145328,0.47434344198878137,0.445884890238534,Zm00001eb015420,1
GWAS_PHG_landraces_N,MF,575,423,GO:0043022,ribosome binding,2/423,60/27694,0.233255632041477,0.47434344198878137,0.445884890238534,Zm00001eb401260/Zm00001eb401270,2
GWAS_PHG_landraces_N,MF,575,423,GO:0008757,S-adenosylmethionine-dependent methyltransferase activity,3/423,110/27694,0.23671242009270704,0.47434344198878137,0.445884890238534,Zm00001eb189070/Zm00001eb267640/Zm00001eb303010,3
GWAS_PHG_landraces_N,BP,575,423,GO:0034220,monoatomic ion transmembrane transport,3/423,110/27694,0.23671242009270704,0.47434344198878137,0.445884890238534,Zm00001eb225130/Zm00001eb363040/Zm00001eb373650,3
GWAS_PHG_landraces_N,CC,575,423,GO:0005819,spindle,2/423,61/27694,0.23890618856139684,0.47434344198878137,0.445884890238534,Zm00001eb253690/Zm00001eb422790,2
GWAS_PHG_landraces_N,BP,575,423,GO:0000723,telomere maintenance,1/423,18/27694,0.24205179755806128,0.47434344198878137,0.445884890238534,Zm00001eb329200,1
GWAS_PHG_landraces_N,MF,575,423,GO:0003727,single-stranded RNA binding,1/423,18/27694,0.24205179755806128,0.47434344198878137,0.445884890238534,Zm00001eb014810,1
GWAS_PHG_landraces_N,CC,575,423,GO:0005765,lysosomal membrane,1/423,18/27694,0.24205179755806128,0.47434344198878137,0.445884890238534,Zm00001eb253690,1
GWAS_PHG_landraces_N,BP,575,423,GO:0006644,phospholipid metabolic process,1/423,18/27694,0.24205179755806128,0.47434344198878137,0.445884890238534,Zm00001eb433110,1
GWAS_PHG_landraces_N,CC,575,423,GO:0009501,amyloplast,1/423,18/27694,0.24205179755806128,0.47434344198878137,0.445884890238534,Zm00001eb378140,1
GWAS_PHG_landraces_N,MF,575,423,GO:0015276,ligand-gated monoatomic ion channel activity,1/423,18/27694,0.24205179755806128,0.47434344198878137,0.445884890238534,Zm00001eb225130,1
GWAS_PHG_landraces_N,BP,575,423,GO:0016925,protein sumoylation,1/423,18/27694,0.24205179755806128,0.47434344198878137,0.445884890238534,Zm00001eb001680,1
GWAS_PHG_landraces_N,MF,575,423,GO:0019900,kinase binding,1/423,18/27694,0.24205179755806128,0.47434344198878137,0.445884890238534,Zm00001eb001680,1
GWAS_PHG_landraces_N,BP,575,423,GO:0031145,anaphase-promoting complex-dependent catabolic process,1/423,18/27694,0.24205179755806128,0.47434344198878137,0.445884890238534,Zm00001eb001710,1
GWAS_PHG_landraces_N,BP,575,423,GO:0031167,rRNA methylation,1/423,18/27694,0.24205179755806128,0.47434344198878137,0.445884890238534,Zm00001eb191090,1
GWAS_PHG_landraces_N,CC,575,423,GO:0031902,late endosome membrane,1/423,18/27694,0.24205179755806128,0.47434344198878137,0.445884890238534,Zm00001eb253690,1
GWAS_PHG_landraces_N,BP,575,423,GO:0034727,piecemeal microautophagy of the nucleus,1/423,18/27694,0.24205179755806128,0.47434344198878137,0.445884890238534,Zm00001eb256700,1
GWAS_PHG_landraces_N,MF,575,423,GO:0042285,xylosyltransferase activity,1/423,18/27694,0.24205179755806128,0.47434344198878137,0.445884890238534,Zm00001eb156920,1
GWAS_PHG_landraces_N,MF,575,423,GO:0043295,glutathione binding,1/423,18/27694,0.24205179755806128,0.47434344198878137,0.445884890238534,Zm00001eb115490,1
GWAS_PHG_landraces_N,BP,575,423,GO:0045036,protein targeting to chloroplast,1/423,18/27694,0.24205179755806128,0.47434344198878137,0.445884890238534,Zm00001eb063660,1
GWAS_PHG_landraces_N,CC,575,423,GO:0005777,peroxisome,3/423,112/27694,0.24484078806961776,0.47852261260791246,0.4498133287239203,Zm00001eb109300/Zm00001eb157640/Zm00001eb222320,3
GWAS_PHG_landraces_N,CC,575,423,GO:0000974,Prp19 complex,1/423,19/27694,0.25363627832236746,0.4853040600971283,0.45618791873977416,Zm00001eb329230,1
GWAS_PHG_landraces_N,BP,575,423,GO:0006646,phosphatidylethanolamine biosynthetic process,1/423,19/27694,0.25363627832236746,0.4853040600971283,0.45618791873977416,Zm00001eb362570,1
GWAS_PHG_landraces_N,MF,575,423,GO:0008139,nuclear localization sequence binding,1/423,19/27694,0.25363627832236746,0.4853040600971283,0.45618791873977416,Zm00001eb333670,1
GWAS_PHG_landraces_N,BP,575,423,GO:0010020,chloroplast fission,1/423,19/27694,0.25363627832236746,0.4853040600971283,0.45618791873977416,Zm00001eb434230,1
GWAS_PHG_landraces_N,BP,575,423,GO:0010228,vegetative to reproductive phase transition of meristem,1/423,19/27694,0.25363627832236746,0.4853040600971283,0.45618791873977416,Zm00001eb068540,1
GWAS_PHG_landraces_N,MF,575,423,GO:0031386,protein tag activity,1/423,19/27694,0.25363627832236746,0.4853040600971283,0.45618791873977416,Zm00001eb256700,1
GWAS_PHG_landraces_N,MF,575,423,GO:0031625,ubiquitin protein ligase binding,1/423,19/27694,0.25363627832236746,0.4853040600971283,0.45618791873977416,Zm00001eb393170,1
GWAS_PHG_landraces_N,BP,575,423,GO:0070475,rRNA base methylation,1/423,19/27694,0.25363627832236746,0.4853040600971283,0.45618791873977416,Zm00001eb189070,1
GWAS_PHG_landraces_N,BP,575,423,GO:0009908,flower development,2/423,64/27694,0.2558917484461388,0.4883379178461655,0.45903975816598624,Zm00001eb115510/Zm00001eb157620,2
GWAS_PHG_landraces_N,CC,575,423,GO:0032040,small-subunit processome,2/423,65/27694,0.26155998790377327,0.4941615323678159,0.4645139810431711,Zm00001eb191090/Zm00001eb433140,2
GWAS_PHG_landraces_N,BP,575,423,GO:0070588,calcium ion transmembrane transport,2/423,65/27694,0.26155998790377327,0.4941615323678159,0.4645139810431711,Zm00001eb060660/Zm00001eb287610,2
GWAS_PHG_landraces_N,MF,575,423,GO:0004707,MAP kinase activity,1/423,20/27694,0.2650441140683347,0.4941615323678159,0.4645139810431711,Zm00001eb359720,1
GWAS_PHG_landraces_N,CC,575,423,GO:0005815,microtubule organizing center,1/423,20/27694,0.2650441140683347,0.4941615323678159,0.4645139810431711,Zm00001eb329200,1
GWAS_PHG_landraces_N,CC,575,423,GO:0005880,nuclear microtubule,1/423,20/27694,0.2650441140683347,0.4941615323678159,0.4645139810431711,Zm00001eb144540,1
GWAS_PHG_landraces_N,MF,575,423,GO:0015018,galactosylgalactosylxylosylprotein 3-beta-glucuronosyltransferase activity,1/423,20/27694,0.2650441140683347,0.4941615323678159,0.4645139810431711,Zm00001eb156920,1
GWAS_PHG_landraces_N,MF,575,423,GO:0016688,L-ascorbate peroxidase activity,1/423,20/27694,0.2650441140683347,0.4941615323678159,0.4645139810431711,Zm00001eb082560,1
GWAS_PHG_landraces_N,BP,575,423,GO:0030490,maturation of SSU-rRNA,1/423,20/27694,0.2650441140683347,0.4941615323678159,0.4645139810431711,Zm00001eb433140,1
GWAS_PHG_landraces_N,MF,575,423,GO:0052689,carboxylic ester hydrolase activity,1/423,20/27694,0.2650441140683347,0.4941615323678159,0.4645139810431711,Zm00001eb108850,1
GWAS_PHG_landraces_N,MF,575,423,GO:0004683,calcium/calmodulin-dependent protein kinase activity,2/423,67/27694,0.27289766057334475,0.49976837771020505,0.469784439952846,Zm00001eb107190/Zm00001eb269440,2
GWAS_PHG_landraces_N,MF,575,423,GO:0009931,calcium-dependent protein serine/threonine kinase activity,2/423,67/27694,0.27289766057334475,0.49976837771020505,0.469784439952846,Zm00001eb107190/Zm00001eb269440,2
GWAS_PHG_landraces_N,BP,575,423,GO:0000028,ribosomal small subunit assembly,1/423,21/27694,0.27627799206750703,0.49976837771020505,0.469784439952846,Zm00001eb109330,1
GWAS_PHG_landraces_N,CC,575,423,GO:0000407,phagophore assembly site,1/423,21/27694,0.27627799206750703,0.49976837771020505,0.469784439952846,Zm00001eb434280,1
GWAS_PHG_landraces_N,BP,575,423,GO:0006189,'de novo' IMP biosynthetic process,1/423,21/27694,0.27627799206750703,0.49976837771020505,0.469784439952846,Zm00001eb115440,1
GWAS_PHG_landraces_N,BP,575,423,GO:0006402,mRNA catabolic process,1/423,21/27694,0.27627799206750703,0.49976837771020505,0.469784439952846,Zm00001eb287600,1
GWAS_PHG_landraces_N,MF,575,423,GO:0008198,ferrous iron binding,1/423,21/27694,0.27627799206750703,0.49976837771020505,0.469784439952846,Zm00001eb157650,1
GWAS_PHG_landraces_N,BP,575,423,GO:0009082,branched-chain amino acid biosynthetic process,1/423,21/27694,0.27627799206750703,0.49976837771020505,0.469784439952846,Zm00001eb434270,1
GWAS_PHG_landraces_N,CC,575,423,GO:0016459,myosin complex,1/423,21/27694,0.27627799206750703,0.49976837771020505,0.469784439952846,Zm00001eb021150,1
GWAS_PHG_landraces_N,BP,575,423,GO:0016485,protein processing,1/423,21/27694,0.27627799206750703,0.49976837771020505,0.469784439952846,Zm00001eb219250,1
GWAS_PHG_landraces_N,MF,575,423,GO:0016773,"phosphotransferase activity, alcohol group as acceptor",1/423,21/27694,0.27627799206750703,0.49976837771020505,0.469784439952846,Zm00001eb068580,1
GWAS_PHG_landraces_N,CC,575,423,GO:0035267,NuA4 histone acetyltransferase complex,1/423,21/27694,0.27627799206750703,0.49976837771020505,0.469784439952846,Zm00001eb325580,1
GWAS_PHG_landraces_N,BP,575,423,GO:0006520,amino acid metabolic process,2/423,68/27694,0.27856444439699346,0.5014159999145883,0.4713332119621645,Zm00001eb137310/Zm00001eb298350,2
GWAS_PHG_landraces_N,BP,575,423,GO:0009651,response to salt stress,2/423,68/27694,0.27856444439699346,0.5014159999145883,0.4713332119621645,Zm00001eb023810/Zm00001eb397940,2
GWAS_PHG_landraces_N,CC,575,423,GO:0048046,apoplast,4/423,177/27694,0.28594866452710627,0.510905530169765,0.48025341150894096,Zm00001eb197140/Zm00001eb298320/Zm00001eb298340/Zm00001eb312000,4
GWAS_PHG_landraces_N,CC,575,423,GO:0005680,anaphase-promoting complex,1/423,22/27694,0.2873405588060407,0.510905530169765,0.48025341150894096,Zm00001eb001710,1
GWAS_PHG_landraces_N,CC,575,423,GO:0030687,"preribosome, large subunit precursor",1/423,22/27694,0.2873405588060407,0.510905530169765,0.48025341150894096,Zm00001eb298370,1
GWAS_PHG_landraces_N,BP,575,423,GO:0031124,mRNA 3'-end processing,1/423,22/27694,0.2873405588060407,0.510905530169765,0.48025341150894096,Zm00001eb142830,1
GWAS_PHG_landraces_N,MF,575,423,GO:0046910,pectinesterase inhibitor activity,1/423,22/27694,0.2873405588060407,0.510905530169765,0.48025341150894096,Zm00001eb392850,1
GWAS_PHG_landraces_N,MF,575,423,GO:0016831,carboxy-lyase activity,2/423,70/27694,0.28988758327378794,0.5122311119013739,0.4814994640788312,Zm00001eb184470/Zm00001eb362570,2
GWAS_PHG_landraces_N,BP,575,423,GO:0099402,plant organ development,2/423,70/27694,0.28988758327378794,0.5122311119013739,0.4814994640788312,Zm00001eb184470/Zm00001eb363100,2
GWAS_PHG_landraces_N,MF,575,423,GO:0005096,GTPase activator activity,3/423,123/27694,0.29019403184536,0.5122311119013739,0.4814994640788312,Zm00001eb286900/Zm00001eb298460/Zm00001eb322140,3
GWAS_PHG_landraces_N,BP,575,423,GO:0006629,lipid metabolic process,11/423,590/27694,0.29318886900040797,0.5162673562833271,0.4852935512821399,Zm00001eb035010/Zm00001eb167030/Zm00001eb214270/Zm00001eb296120/Zm00001eb296540/Zm00001eb303010/Zm00001eb358370/Zm00001eb362570/Zm00001eb401220/Zm00001eb422790/Zm00001eb433110,11
GWAS_PHG_landraces_N,BP,575,423,GO:0006298,mismatch repair,1/423,23/27694,0.2982344206022626,0.5164201724918038,0.48543719918007994,Zm00001eb362590,1
GWAS_PHG_landraces_N,CC,575,423,GO:0008540,"proteasome regulatory particle, base subcomplex",1/423,23/27694,0.2982344206022626,0.5164201724918038,0.48543719918007994,Zm00001eb013840,1
GWAS_PHG_landraces_N,BP,575,423,GO:0009423,chorismate biosynthetic process,1/423,23/27694,0.2982344206022626,0.5164201724918038,0.48543719918007994,Zm00001eb194410,1
GWAS_PHG_landraces_N,MF,575,423,GO:0016780,"phosphotransferase activity, for other substituted phosphate groups",1/423,23/27694,0.2982344206022626,0.5164201724918038,0.48543719918007994,Zm00001eb198800,1
GWAS_PHG_landraces_N,CC,575,423,GO:0033179,"proton-transporting V-type ATPase, V0 domain",1/423,23/27694,0.2982344206022626,0.5164201724918038,0.48543719918007994,Zm00001eb427770,1
GWAS_PHG_landraces_N,MF,575,423,GO:0048038,quinone binding,1/423,23/27694,0.2982344206022626,0.5164201724918038,0.48543719918007994,Zm00001eb362560,1
GWAS_PHG_landraces_N,BP,575,423,GO:0048366,leaf development,1/423,23/27694,0.2982344206022626,0.5164201724918038,0.48543719918007994,Zm00001eb383680,1
GWAS_PHG_landraces_N,CC,575,423,GO:0000307,cyclin-dependent protein kinase holoenzyme complex,2/423,73/27694,0.3068283987167145,0.5262462690015431,0.4946737724640887,Zm00001eb215750/Zm00001eb326620,2
GWAS_PHG_landraces_N,CC,575,423,GO:0010008,endosome membrane,2/423,73/27694,0.3068283987167145,0.5262462690015431,0.4946737724640887,Zm00001eb001690/Zm00001eb091270,2
GWAS_PHG_landraces_N,CC,575,423,GO:0000124,SAGA complex,1/423,24/27694,0.30896214421489776,0.5262462690015431,0.4946737724640887,Zm00001eb214240,1
GWAS_PHG_landraces_N,BP,575,423,GO:0000302,response to reactive oxygen species,1/423,24/27694,0.30896214421489776,0.5262462690015431,0.4946737724640887,Zm00001eb082560,1
GWAS_PHG_landraces_N,MF,575,423,GO:0003756,protein disulfide isomerase activity,1/423,24/27694,0.30896214421489776,0.5262462690015431,0.4946737724640887,Zm00001eb422800,1
GWAS_PHG_landraces_N,BP,575,423,GO:0006108,malate metabolic process,1/423,24/27694,0.30896214421489776,0.5262462690015431,0.4946737724640887,Zm00001eb296550,1
GWAS_PHG_landraces_N,MF,575,423,GO:0140096,"catalytic activity, acting on a protein",1/423,24/27694,0.30896214421489776,0.5262462690015431,0.4946737724640887,Zm00001eb140270,1
GWAS_PHG_landraces_N,MF,575,423,GO:0004857,enzyme inhibitor activity,2/423,75/27694,0.3180800072516763,0.5330312166482882,0.501051652643182,Zm00001eb333680/Zm00001eb392850,2
GWAS_PHG_landraces_N,MF,575,423,GO:0000993,RNA polymerase II complex binding,1/423,25/27694,0.31952625744211516,0.5330312166482882,0.501051652643182,Zm00001eb142830,1
GWAS_PHG_landraces_N,CC,575,423,GO:0005776,autophagosome,1/423,25/27694,0.31952625744211516,0.5330312166482882,0.501051652643182,Zm00001eb434280,1
GWAS_PHG_landraces_N,BP,575,423,GO:0015711,organic anion transport,1/423,25/27694,0.31952625744211516,0.5330312166482882,0.501051652643182,Zm00001eb283130,1
GWAS_PHG_landraces_N,BP,575,423,GO:0032502,developmental process,1/423,25/27694,0.31952625744211516,0.5330312166482882,0.501051652643182,Zm00001eb256730,1
GWAS_PHG_landraces_N,BP,575,423,GO:0046246,terpene biosynthetic process,1/423,25/27694,0.31952625744211516,0.5330312166482882,0.501051652643182,Zm00001eb394330,1
GWAS_PHG_landraces_N,BP,575,423,GO:0048193,Golgi vesicle transport,1/423,25/27694,0.31952625744211516,0.5330312166482882,0.501051652643182,Zm00001eb140280,1
GWAS_PHG_landraces_N,BP,575,423,GO:0051259,protein complex oligomerization,1/423,25/27694,0.31952625744211516,0.5330312166482882,0.501051652643182,Zm00001eb397940,1
GWAS_PHG_landraces_N,BP,575,423,GO:0071577,zinc ion transmembrane transport,1/423,25/27694,0.31952625744211516,0.5330312166482882,0.501051652643182,Zm00001eb095020,1
GWAS_PHG_landraces_N,MF,575,423,GO:0051087,protein-folding chaperone binding,2/423,76/27694,0.32368999709965285,0.5387443102412031,0.5064219853685991,Zm00001eb024030/Zm00001eb256820,2
GWAS_PHG_landraces_N,BP,575,423,GO:0031146,SCF-dependent proteasomal ubiquitin-dependent protein catabolic process,2/423,77/27694,0.32928812968760357,0.5417081599993095,0.5092080169800745,Zm00001eb109360/Zm00001eb115480,2
GWAS_PHG_landraces_N,MF,575,423,GO:0004445,inositol-polyphosphate 5-phosphatase activity,1/423,26/27694,0.3299292497115136,0.5417081599993095,0.5092080169800745,Zm00001eb399140,1
GWAS_PHG_landraces_N,BP,575,423,GO:0009723,response to ethylene,1/423,26/27694,0.3299292497115136,0.5417081599993095,0.5092080169800745,Zm00001eb161460,1
GWAS_PHG_landraces_N,BP,575,423,GO:0009772,photosynthetic electron transport in photosystem II,1/423,26/27694,0.3299292497115136,0.5417081599993095,0.5092080169800745,Zm00001eb238170,1
GWAS_PHG_landraces_N,BP,575,423,GO:0017004,cytochrome complex assembly,1/423,26/27694,0.3299292497115136,0.5417081599993095,0.5092080169800745,Zm00001eb093260,1
GWAS_PHG_landraces_N,MF,575,423,GO:0061608,nuclear import signal receptor activity,1/423,26/27694,0.3299292497115136,0.5417081599993095,0.5092080169800745,Zm00001eb333670,1
GWAS_PHG_landraces_N,CC,575,423,GO:0005759,mitochondrial matrix,2/423,78/27694,0.3348734597890891,0.5478685622761738,0.5149988218060634,Zm00001eb063680/Zm00001eb157650,2
GWAS_PHG_landraces_N,MF,575,423,GO:0000981,"DNA-binding transcription factor activity, RNA polymerase II-specific",6/423,310/27694,0.3370054245684034,0.5478685622761738,0.5149988218060634,Zm00001eb034940/Zm00001eb055540/Zm00001eb101190/Zm00001eb181510/Zm00001eb296470/Zm00001eb316260,6
GWAS_PHG_landraces_N,CC,575,423,GO:0005811,lipid droplet,1/423,27/27694,0.3401735726612042,0.5478685622761738,0.5149988218060634,Zm00001eb362600,1
GWAS_PHG_landraces_N,BP,575,423,GO:0015977,carbon fixation,1/423,27/27694,0.3401735726612042,0.5478685622761738,0.5149988218060634,Zm00001eb383680,1
GWAS_PHG_landraces_N,BP,575,423,GO:0016310,phosphorylation,1/423,27/27694,0.3401735726612042,0.5478685622761738,0.5149988218060634,Zm00001eb409850,1
GWAS_PHG_landraces_N,BP,575,423,GO:0031408,oxylipin biosynthetic process,1/423,27/27694,0.3401735726612042,0.5478685622761738,0.5149988218060634,Zm00001eb035010,1
GWAS_PHG_landraces_N,MF,575,423,GO:0034485,"phosphatidylinositol-3,4,5-trisphosphate 5-phosphatase activity",1/423,27/27694,0.3401735726612042,0.5478685622761738,0.5149988218060634,Zm00001eb399140,1
GWAS_PHG_landraces_N,BP,575,423,GO:0009611,response to wounding,2/423,79/27694,0.340445073677787,0.5478685622761738,0.5149988218060634,Zm00001eb225130/Zm00001eb253680,2
GWAS_PHG_landraces_N,MF,575,423,GO:0038023,signaling receptor activity,2/423,79/27694,0.340445073677787,0.5478685622761738,0.5149988218060634,Zm00001eb225130/Zm00001eb226000,2
GWAS_PHG_landraces_N,MF,575,423,GO:0005504,fatty acid binding,1/423,28/27694,0.35026164071210597,0.5576515891543067,0.5241949094497923,Zm00001eb372460,1
GWAS_PHG_landraces_N,MF,575,423,GO:0016765,"transferase activity, transferring alkyl or aryl (other than methyl) groups",1/423,28/27694,0.35026164071210597,0.5576515891543067,0.5241949094497923,Zm00001eb019540,1
GWAS_PHG_landraces_N,BP,575,423,GO:0032787,monocarboxylic acid metabolic process,1/423,28/27694,0.35026164071210597,0.5576515891543067,0.5241949094497923,Zm00001eb358390,1
GWAS_PHG_landraces_N,MF,575,423,GO:0070403,NAD+ binding,1/423,28/27694,0.35026164071210597,0.5576515891543067,0.5241949094497923,Zm00001eb383660,1
GWAS_PHG_landraces_N,BP,575,423,GO:0006979,response to oxidative stress,4/423,196/27694,0.35132692762521667,0.5576515891543067,0.5241949094497923,Zm00001eb023810/Zm00001eb082560/Zm00001eb140290/Zm00001eb214260,4
GWAS_PHG_landraces_N,CC,575,423,GO:0005829,cytosol,17/423,994/27694,0.3513676743880298,0.5576515891543067,0.5241949094497923,Zm00001eb063690/Zm00001eb068590/Zm00001eb068620/Zm00001eb093280/Zm00001eb115440/Zm00001eb115490/Zm00001eb184470/Zm00001eb222890/Zm00001eb298350/Zm00001eb315040/Zm00001eb359730/Zm00001eb383680/Zm00001eb392990/Zm00001eb393140/Zm00001eb401220/Zm00001eb422790/Zm00001eb434280,17
GWAS_PHG_landraces_N,BP,575,423,GO:0006397,mRNA processing,7/423,376/27694,0.3518789177105364,0.5576515891543067,0.5241949094497923,Zm00001eb013870/Zm00001eb014810/Zm00001eb014820/Zm00001eb142830/Zm00001eb215780/Zm00001eb329230/Zm00001eb362580,7
GWAS_PHG_landraces_N,BP,575,423,GO:0045893,positive regulation of DNA-templated transcription,5/423,257/27694,0.35639859181244027,0.5634269604806452,0.5296237835144034,Zm00001eb015440/Zm00001eb034980/Zm00001eb214240/Zm00001eb319580/Zm00001eb429720,5
GWAS_PHG_landraces_N,BP,575,423,GO:0009626,plant-type hypersensitive response,2/423,82/27694,0.35706893791777516,0.5634269604806452,0.5296237835144034,Zm00001eb322130/Zm00001eb362610,2
GWAS_PHG_landraces_N,CC,575,423,GO:0005665,"RNA polymerase II, core complex",1/423,29/27694,0.36019583163160196,0.5634823202992228,0.5296758219836749,Zm00001eb095630,1
GWAS_PHG_landraces_N,MF,575,423,GO:0019901,protein kinase binding,1/423,29/27694,0.36019583163160196,0.5634823202992228,0.5296758219836749,Zm00001eb144570,1
GWAS_PHG_landraces_N,BP,575,423,GO:0030036,actin cytoskeleton organization,1/423,29/27694,0.36019583163160196,0.5634823202992228,0.5296758219836749,Zm00001eb013860,1
GWAS_PHG_landraces_N,CC,575,423,GO:0055028,cortical microtubule,1/423,29/27694,0.36019583163160196,0.5634823202992228,0.5296758219836749,Zm00001eb296520,1
GWAS_PHG_landraces_N,CC,575,423,GO:0005773,vacuole,2/423,84/27694,0.36806753281454907,0.5738602491226421,0.5394311200329797,Zm00001eb296120/Zm00001eb366520,2
GWAS_PHG_landraces_N,BP,575,423,GO:0006221,pyrimidine nucleotide biosynthetic process,1/423,30/27694,0.36997848708867187,0.5738602491226421,0.5394311200329797,Zm00001eb296480,1
GWAS_PHG_landraces_N,BP,575,423,GO:0006289,nucleotide-excision repair,1/423,30/27694,0.36997848708867187,0.5738602491226421,0.5394311200329797,Zm00001eb417930,1
GWAS_PHG_landraces_N,MF,575,423,GO:0097602,cullin family protein binding,1/423,30/27694,0.36997848708867187,0.5738602491226421,0.5394311200329797,Zm00001eb115480,1
GWAS_PHG_landraces_N,BP,575,423,GO:0006812,monoatomic cation transport,2/423,86/27694,0.3789918449833932,0.5801616031934312,0.5453544201558352,Zm00001eb095020/Zm00001eb227000,2
GWAS_PHG_landraces_N,BP,575,423,GO:0006164,purine nucleotide biosynthetic process,1/423,31/27694,0.37961191320064014,0.5801616031934312,0.5453544201558352,Zm00001eb115440,1
GWAS_PHG_landraces_N,BP,575,423,GO:0006635,fatty acid beta-oxidation,1/423,31/27694,0.37961191320064014,0.5801616031934312,0.5453544201558352,Zm00001eb222320,1
GWAS_PHG_landraces_N,BP,575,423,GO:0015748,organophosphate ester transport,1/423,31/27694,0.37961191320064014,0.5801616031934312,0.5453544201558352,Zm00001eb283130,1
GWAS_PHG_landraces_N,BP,575,423,GO:0030150,protein import into mitochondrial matrix,1/423,31/27694,0.37961191320064014,0.5801616031934312,0.5453544201558352,Zm00001eb015420,1
GWAS_PHG_landraces_N,BP,575,423,GO:0031647,regulation of protein stability,1/423,31/27694,0.37961191320064014,0.5801616031934312,0.5453544201558352,Zm00001eb068590,1
GWAS_PHG_landraces_N,MF,575,423,GO:0051119,sugar transmembrane transporter activity,1/423,31/27694,0.37961191320064014,0.5801616031934312,0.5453544201558352,Zm00001eb342040,1
GWAS_PHG_landraces_N,MF,575,423,GO:0003899,DNA-directed RNA polymerase activity,2/423,87/27694,0.3844243784150796,0.5824491166349959,0.5475046926999962,Zm00001eb095630/Zm00001eb146610,2
GWAS_PHG_landraces_N,BP,575,423,GO:0009408,response to heat,2/423,87/27694,0.3844243784150796,0.5824491166349959,0.5475046926999962,Zm00001eb397940/Zm00001eb399800,2
GWAS_PHG_landraces_N,BP,575,423,GO:0009738,abscisic acid-activated signaling pathway,2/423,87/27694,0.3844243784150796,0.5824491166349959,0.5475046926999962,Zm00001eb298460/Zm00001eb322140,2
GWAS_PHG_landraces_N,MF,575,423,GO:0004439,"phosphatidylinositol-4,5-bisphosphate 5-phosphatase activity",1/423,32/27694,0.38909838107166395,0.5824491166349959,0.5475046926999962,Zm00001eb399140,1
GWAS_PHG_landraces_N,CC,575,423,GO:0005618,cell wall,1/423,32/27694,0.38909838107166395,0.5824491166349959,0.5475046926999962,Zm00001eb312000,1
GWAS_PHG_landraces_N,BP,575,423,GO:0006270,DNA replication initiation,1/423,32/27694,0.38909838107166395,0.5824491166349959,0.5475046926999962,Zm00001eb146610,1
GWAS_PHG_landraces_N,BP,575,423,GO:0009617,response to bacterium,1/423,32/27694,0.38909838107166395,0.5824491166349959,0.5475046926999962,Zm00001eb119450,1
GWAS_PHG_landraces_N,MF,575,423,GO:0016762,xyloglucan:xyloglucosyl transferase activity,1/423,32/27694,0.38909838107166395,0.5824491166349959,0.5475046926999962,Zm00001eb312000,1
GWAS_PHG_landraces_N,BP,575,423,GO:0046835,carbohydrate phosphorylation,1/423,32/27694,0.38909838107166395,0.5824491166349959,0.5475046926999962,Zm00001eb359730,1
GWAS_PHG_landraces_N,MF,575,423,GO:0052742,phosphatidylinositol kinase activity,1/423,32/27694,0.38909838107166395,0.5824491166349959,0.5475046926999962,Zm00001eb037590,1
GWAS_PHG_landraces_N,MF,575,423,GO:0004721,phosphoprotein phosphatase activity,4/423,208/27694,0.3927947893343411,0.5832587405994489,0.5482657427337251,Zm00001eb326610/Zm00001eb360690/Zm00001eb392820/Zm00001eb401240,4
GWAS_PHG_landraces_N,MF,575,423,GO:0051536,iron-sulfur cluster binding,4/423,208/27694,0.3927947893343411,0.5832587405994489,0.5482657427337251,Zm00001eb063710/Zm00001eb157650/Zm00001eb292100/Zm00001eb417930,4
GWAS_PHG_landraces_N,CC,575,423,GO:0000776,kinetochore,1/423,33/27694,0.3984401273230803,0.5832587405994489,0.5482657427337251,Zm00001eb092000,1
GWAS_PHG_landraces_N,MF,575,423,GO:0005315,phosphate transmembrane transporter activity,1/423,33/27694,0.3984401273230803,0.5832587405994489,0.5482657427337251,Zm00001eb320540,1
GWAS_PHG_landraces_N,BP,575,423,GO:0007059,chromosome segregation,1/423,33/27694,0.3984401273230803,0.5832587405994489,0.5482657427337251,Zm00001eb253690,1
GWAS_PHG_landraces_N,BP,575,423,GO:0009867,jasmonic acid mediated signaling pathway,1/423,33/27694,0.3984401273230803,0.5832587405994489,0.5482657427337251,Zm00001eb115480,1
GWAS_PHG_landraces_N,BP,575,423,GO:0010411,xyloglucan metabolic process,1/423,33/27694,0.3984401273230803,0.5832587405994489,0.5482657427337251,Zm00001eb312000,1
GWAS_PHG_landraces_N,BP,575,423,GO:0010417,glucuronoxylan biosynthetic process,1/423,33/27694,0.3984401273230803,0.5832587405994489,0.5482657427337251,Zm00001eb156920,1
GWAS_PHG_landraces_N,CC,575,423,GO:0031966,mitochondrial membrane,1/423,33/27694,0.3984401273230803,0.5832587405994489,0.5482657427337251,Zm00001eb358380,1
GWAS_PHG_landraces_N,BP,575,423,GO:0046034,ATP metabolic process,1/423,33/27694,0.3984401273230803,0.5832587405994489,0.5482657427337251,Zm00001eb206930,1
GWAS_PHG_landraces_N,BP,575,423,GO:0046488,phosphatidylinositol metabolic process,1/423,33/27694,0.3984401273230803,0.5832587405994489,0.5482657427337251,Zm00001eb037590,1
GWAS_PHG_landraces_N,CC,575,423,GO:0005654,nucleoplasm,2/423,90/27694,0.400595620515221,0.5852388924961847,0.5501270940943126,Zm00001eb357270/Zm00001eb362580,2
GWAS_PHG_landraces_N,BP,575,423,GO:0006811,monoatomic ion transport,8/423,461/27694,0.4075206458090995,0.593151875279195,0.5575653321879374,Zm00001eb015420/Zm00001eb206930/Zm00001eb225130/Zm00001eb227000/Zm00001eb322400/Zm00001eb384340/Zm00001eb384360/Zm00001eb427770,8
GWAS_PHG_landraces_N,BP,575,423,GO:0007131,reciprocal meiotic recombination,1/423,34/27694,0.4076393546157431,0.593151875279195,0.5575653321879374,Zm00001eb329200,1
GWAS_PHG_landraces_N,CC,575,423,GO:0005615,extracellular space,2/423,93/27694,0.41656469944484864,0.5991578131122135,0.5632109397675994,Zm00001eb167030/Zm00001eb326570,2
GWAS_PHG_landraces_N,MF,575,423,GO:0008237,metallopeptidase activity,2/423,93/27694,0.41656469944484864,0.5991578131122135,0.5632109397675994,Zm00001eb055890/Zm00001eb358380,2
GWAS_PHG_landraces_N,MF,575,423,GO:0000774,adenyl-nucleotide exchange factor activity,1/423,35/27694,0.4166982321644612,0.5991578131122135,0.5632109397675994,Zm00001eb256820,1
GWAS_PHG_landraces_N,BP,575,423,GO:0009744,response to sucrose,1/423,35/27694,0.4166982321644612,0.5991578131122135,0.5632109397675994,Zm00001eb161460,1
GWAS_PHG_landraces_N,BP,575,423,GO:0019252,starch biosynthetic process,1/423,35/27694,0.4166982321644612,0.5991578131122135,0.5632109397675994,Zm00001eb378140,1
GWAS_PHG_landraces_N,BP,575,423,GO:0034976,response to endoplasmic reticulum stress,1/423,35/27694,0.4166982321644612,0.5991578131122135,0.5632109397675994,Zm00001eb422800,1
GWAS_PHG_landraces_N,CC,575,423,GO:0005686,U2 snRNP,1/423,36/27694,0.42561889624466753,0.6071940809439582,0.5707650663410826,Zm00001eb013870,1
GWAS_PHG_landraces_N,BP,575,423,GO:0008643,carbohydrate transport,1/423,36/27694,0.42561889624466753,0.6071940809439582,0.5707650663410826,Zm00001eb342040,1
GWAS_PHG_landraces_N,BP,575,423,GO:0022900,electron transport chain,1/423,36/27694,0.42561889624466753,0.6071940809439582,0.5707650663410826,Zm00001eb063710,1
GWAS_PHG_landraces_N,CC,575,423,GO:0071011,precatalytic spliceosome,1/423,36/27694,0.42561889624466753,0.6071940809439582,0.5707650663410826,Zm00001eb433140,1
GWAS_PHG_landraces_N,BP,575,423,GO:0016567,protein ubiquitination,8/423,472/27694,0.43293400593039444,0.6137211541745177,0.5769005434518968,Zm00001eb024020/Zm00001eb093280/Zm00001eb101200/Zm00001eb115480/Zm00001eb186860/Zm00001eb401260/Zm00001eb401270/Zm00001eb401910,8
GWAS_PHG_landraces_N,BP,575,423,GO:0007005,mitochondrion organization,1/423,37/27694,0.43440345069142816,0.6137211541745177,0.5769005434518968,Zm00001eb252170,1
GWAS_PHG_landraces_N,BP,575,423,GO:0008202,steroid metabolic process,1/423,37/27694,0.43440345069142816,0.6137211541745177,0.5769005434518968,Zm00001eb303010,1
GWAS_PHG_landraces_N,MF,575,423,GO:0008324,monoatomic cation transmembrane transporter activity,1/423,37/27694,0.43440345069142816,0.6137211541745177,0.5769005434518968,Zm00001eb227000,1
GWAS_PHG_landraces_N,BP,575,423,GO:0045492,xylan biosynthetic process,1/423,37/27694,0.43440345069142816,0.6137211541745177,0.5769005434518968,Zm00001eb156920,1
GWAS_PHG_landraces_N,CC,575,423,GO:0012505,endomembrane system,8/423,474/27694,0.4375449463187393,0.6140424757185785,0.5772025870952202,Zm00001eb068630/Zm00001eb110300/Zm00001eb140280/Zm00001eb144560/Zm00001eb191680/Zm00001eb322160/Zm00001eb362570/Zm00001eb429750,8
GWAS_PHG_landraces_N,MF,575,423,GO:0020037,heme binding,9/423,539/27694,0.4404457006453638,0.6140424757185785,0.5772025870952202,Zm00001eb014830/Zm00001eb063780/Zm00001eb082560/Zm00001eb140290/Zm00001eb167040/Zm00001eb167050/Zm00001eb167060/Zm00001eb214260/Zm00001eb292100,9
GWAS_PHG_landraces_N,MF,575,423,GO:0005509,calcium ion binding,6/423,349/27694,0.44264267540364555,0.6140424757185785,0.5772025870952202,Zm00001eb015200/Zm00001eb107190/Zm00001eb161480/Zm00001eb286870/Zm00001eb289970/Zm00001eb362570,6
GWAS_PHG_landraces_N,MF,575,423,GO:0004175,endopeptidase activity,1/423,38/27694,0.4430539673909085,0.6140424757185785,0.5772025870952202,Zm00001eb219250,1
GWAS_PHG_landraces_N,CC,575,423,GO:0005788,endoplasmic reticulum lumen,1/423,38/27694,0.4430539673909085,0.6140424757185785,0.5772025870952202,Zm00001eb422800,1
GWAS_PHG_landraces_N,MF,575,423,GO:0015079,potassium ion transmembrane transporter activity,1/423,38/27694,0.4430539673909085,0.6140424757185785,0.5772025870952202,Zm00001eb322400,1
GWAS_PHG_landraces_N,MF,575,423,GO:0035091,phosphatidylinositol binding,1/423,38/27694,0.4430539673909085,0.6140424757185785,0.5772025870952202,Zm00001eb359710,1
GWAS_PHG_landraces_N,MF,575,423,GO:0042054,histone methyltransferase activity,1/423,38/27694,0.4430539673909085,0.6140424757185785,0.5772025870952202,Zm00001eb184480,1
GWAS_PHG_landraces_N,BP,575,423,GO:0044042,glucan metabolic process,1/423,38/27694,0.4430539673909085,0.6140424757185785,0.5772025870952202,Zm00001eb312000,1
GWAS_PHG_landraces_N,BP,575,423,GO:0051225,spindle assembly,1/423,38/27694,0.4430539673909085,0.6140424757185785,0.5772025870952202,Zm00001eb144540,1
GWAS_PHG_landraces_N,BP,575,423,GO:0006364,rRNA processing,3/423,161/27694,0.44690936164282746,0.6182104831833419,0.5811205321671441,Zm00001eb034960/Zm00001eb191090/Zm00001eb298370,3
GWAS_PHG_landraces_N,BP,575,423,GO:0008033,tRNA processing,2/423,99/27694,0.4478393200258707,0.6183236066266282,0.5812268686938633,Zm00001eb034920/Zm00001eb222890,2
GWAS_PHG_landraces_N,BP,575,423,GO:0009739,response to gibberellin,1/423,39/27694,0.4515724867644132,0.6211251751910514,0.583860355280304,Zm00001eb161460,1
GWAS_PHG_landraces_N,MF,575,423,GO:0015144,carbohydrate transmembrane transporter activity,1/423,39/27694,0.4515724867644132,0.6211251751910514,0.583860355280304,Zm00001eb021140,1
GWAS_PHG_landraces_N,BP,575,423,GO:0006974,DNA damage response,4/423,226/27694,0.45410765490005034,0.6221333128593748,0.584808009055596,Zm00001eb325580/Zm00001eb329200/Zm00001eb362590/Zm00001eb417930,4
GWAS_PHG_landraces_N,CC,575,423,GO:0009535,chloroplast thylakoid membrane,4/423,226/27694,0.45410765490005034,0.6221333128593748,0.584808009055596,Zm00001eb238170/Zm00001eb316290/Zm00001eb332650/Zm00001eb434230,4
GWAS_PHG_landraces_N,MF,575,423,GO:0008234,cysteine-type peptidase activity,3/423,163/27694,0.4548656457531506,0.6221333128593748,0.584808009055596,Zm00001eb068590/Zm00001eb326570/Zm00001eb433120,3
GWAS_PHG_landraces_N,BP,575,423,GO:0000288,"nuclear-transcribed mRNA catabolic process, deadenylation-dependent decay",1/423,40/27694,0.4599610182451095,0.6232557291834291,0.5858630852623093,Zm00001eb115500,1
GWAS_PHG_landraces_N,CC,575,423,GO:0005852,eukaryotic translation initiation factor 3 complex,1/423,40/27694,0.4599610182451095,0.6232557291834291,0.5858630852623093,Zm00001eb392860,1
GWAS_PHG_landraces_N,BP,575,423,GO:0006694,steroid biosynthetic process,1/423,40/27694,0.4599610182451095,0.6232557291834291,0.5858630852623093,Zm00001eb303010,1
GWAS_PHG_landraces_N,BP,575,423,GO:0006914,autophagy,1/423,40/27694,0.4599610182451095,0.6232557291834291,0.5858630852623093,Zm00001eb256700,1
GWAS_PHG_landraces_N,BP,575,423,GO:0008104,protein localization,1/423,40/27694,0.4599610182451095,0.6232557291834291,0.5858630852623093,Zm00001eb296110,1
GWAS_PHG_landraces_N,MF,575,423,GO:0030276,clathrin binding,1/423,41/27694,0.46822154074754385,0.6332718055750639,0.5952782404582582,Zm00001eb137290,1
GWAS_PHG_landraces_N,BP,575,423,GO:0098869,cellular oxidant detoxification,4/423,231/27694,0.4708019570571761,0.6355826420271877,0.5974504367333756,Zm00001eb019550/Zm00001eb082560/Zm00001eb140290/Zm00001eb214260,4
GWAS_PHG_landraces_N,MF,575,423,GO:0003713,transcription coactivator activity,1/423,42/27694,0.4763560031300622,0.6371807821684685,0.5989526953890305,Zm00001eb214240,1
GWAS_PHG_landraces_N,MF,575,423,GO:0004535,poly(A)-specific ribonuclease activity,1/423,42/27694,0.4763560031300622,0.6371807821684685,0.5989526953890305,Zm00001eb115500,1
GWAS_PHG_landraces_N,MF,575,423,GO:0008374,O-acyltransferase activity,1/423,42/27694,0.4763560031300622,0.6371807821684685,0.5989526953890305,Zm00001eb433110,1
GWAS_PHG_landraces_N,MF,575,423,GO:0010181,FMN binding,1/423,42/27694,0.4763560031300622,0.6371807821684685,0.5989526953890305,Zm00001eb109300,1
GWAS_PHG_landraces_N,BP,575,423,GO:0016226,iron-sulfur cluster assembly,1/423,42/27694,0.4763560031300622,0.6371807821684685,0.5989526953890305,Zm00001eb157650,1
GWAS_PHG_landraces_N,BP,575,423,GO:0042744,hydrogen peroxide catabolic process,3/423,169/27694,0.4784380922958522,0.6387937166367696,0.6004688607761709,Zm00001eb082560/Zm00001eb140290/Zm00001eb214260,3
GWAS_PHG_landraces_N,MF,575,423,GO:0008017,microtubule binding,4/423,234/27694,0.480728238492224,0.6406780363086496,0.6022401294302663,Zm00001eb082570/Zm00001eb144540/Zm00001eb191700/Zm00001eb433100,4
GWAS_PHG_landraces_N,MF,575,423,GO:0003684,damaged DNA binding,1/423,43/27694,0.4843663246502412,0.6420055466727742,0.6034879949230757,Zm00001eb417930,1
GWAS_PHG_landraces_N,CC,575,423,GO:0046540,U4/U6 x U5 tri-snRNP complex,1/423,43/27694,0.4843663246502412,0.6420055466727742,0.6034879949230757,Zm00001eb433140,1
GWAS_PHG_landraces_N,BP,575,423,GO:0072583,clathrin-dependent endocytosis,1/423,43/27694,0.4843663246502412,0.6420055466727742,0.6034879949230757,Zm00001eb137290,1
GWAS_PHG_landraces_N,MF,575,423,GO:0008194,UDP-glycosyltransferase activity,3/423,172/27694,0.4900453191535469,0.6483539703501554,0.6094555406800248,Zm00001eb146680/Zm00001eb240450/Zm00001eb240460,3
GWAS_PHG_landraces_N,MF,575,423,GO:0003887,DNA-directed DNA polymerase activity,1/423,44/27694,0.4922543954134305,0.6500968374209979,0.6110938432763985,Zm00001eb146610,1
GWAS_PHG_landraces_N,BP,575,423,GO:0006338,chromatin remodeling,3/423,173/27694,0.4938863465167932,0.6510725978494435,0.6120110623059529,Zm00001eb184480/Zm00001eb191090/Zm00001eb325580,3
GWAS_PHG_landraces_N,BP,575,423,GO:0032259,methylation,7/423,434/27694,0.49518924797397235,0.6516118443556423,0.6125179563576972,Zm00001eb034920/Zm00001eb144560/Zm00001eb184480/Zm00001eb189070/Zm00001eb191090/Zm00001eb267640/Zm00001eb303010,7
GWAS_PHG_landraces_N,MF,575,423,GO:0046982,protein heterodimerization activity,3/423,174/27694,0.4977129943833224,0.6537527439737694,0.6145304112727225,Zm00001eb040460/Zm00001eb298350/Zm00001eb316260,3
GWAS_PHG_landraces_N,BP,575,423,GO:0006879,intracellular iron ion homeostasis,1/423,45/27694,0.5000220768145198,0.6544274578057181,0.6151646451974911,Zm00001eb157650,1
GWAS_PHG_landraces_N,BP,575,423,GO:0030001,metal ion transport,1/423,45/27694,0.5000220768145198,0.6544274578057181,0.6151646451974911,Zm00001eb227000,1
GWAS_PHG_landraces_N,BP,575,423,GO:0006955,immune response,1/423,46/27694,0.5076712019730232,0.6620613707304721,0.6223405564154753,Zm00001eb108870,1
GWAS_PHG_landraces_N,MF,575,423,GO:0016298,lipase activity,1/423,46/27694,0.5076712019730232,0.6620613707304721,0.6223405564154753,Zm00001eb362600,1
GWAS_PHG_landraces_N,BP,575,423,GO:0009755,hormone-mediated signaling pathway,1/423,47/27694,0.5152035761615867,0.6682978772629835,0.6282028995714423,Zm00001eb226000,1
GWAS_PHG_landraces_N,MF,575,423,GO:0030599,pectinesterase activity,1/423,47/27694,0.5152035761615867,0.6682978772629835,0.6282028995714423,Zm00001eb392850,1
GWAS_PHG_landraces_N,BP,575,423,GO:0042542,response to hydrogen peroxide,1/423,47/27694,0.5152035761615867,0.6682978772629835,0.6282028995714423,Zm00001eb397940,1
GWAS_PHG_landraces_N,BP,575,423,GO:0009733,response to auxin,3/423,179/27694,0.5166235795233692,0.6689495372513965,0.6288154627834224,Zm00001eb142840/Zm00001eb156910/Zm00001eb227020,3
GWAS_PHG_landraces_N,BP,575,423,GO:0000462,"maturation of SSU-rRNA from tricistronic rRNA transcript (SSU-rRNA, 5.8S rRNA, LSU-rRNA)",1/423,48/27694,0.5226209772280188,0.6707582612662424,0.6305156711924395,Zm00001eb034960,1
GWAS_PHG_landraces_N,MF,575,423,GO:0004176,ATP-dependent peptidase activity,1/423,48/27694,0.5226209772280188,0.6707582612662424,0.6305156711924395,Zm00001eb358380,1
GWAS_PHG_landraces_N,CC,575,423,GO:0009707,chloroplast outer membrane,1/423,48/27694,0.5226209772280188,0.6707582612662424,0.6305156711924395,Zm00001eb063660,1
GWAS_PHG_landraces_N,BP,575,423,GO:0016126,sterol biosynthetic process,1/423,48/27694,0.5226209772280188,0.6707582612662424,0.6305156711924395,Zm00001eb303010,1
GWAS_PHG_landraces_N,BP,575,423,GO:0046856,phosphatidylinositol dephosphorylation,1/423,48/27694,0.5226209772280188,0.6707582612662424,0.6305156711924395,Zm00001eb399140,1
GWAS_PHG_landraces_N,MF,575,423,GO:0015297,antiporter activity,3/423,181/27694,0.5240804291857777,0.671449266918158,0.6311652194985503,Zm00001eb298420/Zm00001eb325570/Zm00001eb345900,3
GWAS_PHG_landraces_N,MF,575,423,GO:0008168,methyltransferase activity,7/423,447/27694,0.5262712841582564,0.67307327394977,0.632691793143167,Zm00001eb034920/Zm00001eb144560/Zm00001eb184480/Zm00001eb189070/Zm00001eb191090/Zm00001eb267640/Zm00001eb303010,7
GWAS_PHG_landraces_N,BP,575,423,GO:0015979,photosynthesis,4/423,249/27694,0.5291762340259856,0.6755521600448156,0.6350219568105911,Zm00001eb044650/Zm00001eb316290/Zm00001eb332650/Zm00001eb383680,4
GWAS_PHG_landraces_N,MF,575,423,GO:0003676,nucleic acid binding,15/423,978/27694,0.5304528309043786,0.6755521600448156,0.6350219568105911,Zm00001eb001700/Zm00001eb013870/Zm00001eb063750/Zm00001eb063770/Zm00001eb092000/Zm00001eb115500/Zm00001eb146610/Zm00001eb194400/Zm00001eb298140/Zm00001eb359700/Zm00001eb362580/Zm00001eb393140/Zm00001eb417930/Zm00001eb427780/Zm00001eb431910,15
GWAS_PHG_landraces_N,BP,575,423,GO:0042742,defense response to bacterium,2/423,116/27694,0.5309895578953077,0.6755521600448156,0.6350219568105911,Zm00001eb109300/Zm00001eb322130,2
GWAS_PHG_landraces_N,BP,575,423,GO:0000413,protein peptidyl-prolyl isomerization,1/423,50/27694,0.5371178367491307,0.6821583675785997,0.6412318205092319,Zm00001eb399150,1
GWAS_PHG_landraces_N,CC,575,423,GO:0005743,mitochondrial inner membrane,4/423,252/27694,0.5386020404989529,0.6825034197526253,0.6415561710475188,Zm00001eb186850/Zm00001eb283130/Zm00001eb401250/Zm00001eb434240,4
GWAS_PHG_landraces_N,BP,575,423,GO:0071555,cell wall organization,6/423,386/27694,0.5395843293712842,0.6825034197526253,0.6415561710475188,Zm00001eb063800/Zm00001eb122830/Zm00001eb156920/Zm00001eb283110/Zm00001eb312000/Zm00001eb429670,6
GWAS_PHG_landraces_N,CC,575,423,GO:0005774,vacuolar membrane,2/423,118/27694,0.5401981799688131,0.6825034197526253,0.6415561710475188,Zm00001eb298130/Zm00001eb429760,2
GWAS_PHG_landraces_N,MF,575,423,GO:0016747,"acyltransferase activity, transferring groups other than amino-acyl groups",4/423,253/27694,0.5417228109181065,0.683245552178719,0.642253778742829,Zm00001eb025550/Zm00001eb167070/Zm00001eb222320/Zm00001eb401920,4
GWAS_PHG_landraces_N,MF,575,423,GO:0004713,protein tyrosine kinase activity,1/423,51/27694,0.5442007174847379,0.6851853593201622,0.64407720585867545,Zm00001eb144570,1
GWAS_PHG_landraces_N,BP,575,423,GO:0016579,protein deubiquitination,1/423,52/27694,0.5511754704603178,0.6927705482165029,0.6512073162788873,Zm00001eb068590,1
GWAS_PHG_landraces_N,BP,575,423,GO:0098542,defense response to other organism,3/423,189/27694,0.5532611994132817,0.6941952054600384,0.6525465002591656,Zm00001eb044970/Zm00001eb063730/Zm00001eb322130,3
GWAS_PHG_landraces_N,CC,575,423,GO:0009705,plant-type vacuole membrane,1/423,53/27694,0.5580437425099263,0.6989929352057324,0.6570563870030062,Zm00001eb429750,1
GWAS_PHG_landraces_N,MF,575,423,GO:0016746,acyltransferase activity,5/423,328/27694,0.563649413613539,0.702528948376918,0.6603802547012833,Zm00001eb146620/Zm00001eb222320/Zm00001eb326590/Zm00001eb401920/Zm00001eb433110,5
GWAS_PHG_landraces_N,MF,575,423,GO:0005200,structural constituent of cytoskeleton,1/423,54/27694,0.5648071554442741,0.702528948376918,0.6603802547012833,Zm00001eb063720,1
GWAS_PHG_landraces_N,CC,575,423,GO:0009522,photosystem I,1/423,54/27694,0.5648071554442741,0.702528948376918,0.6603802547012833,Zm00001eb316290,1
GWAS_PHG_landraces_N,CC,575,423,GO:0016607,nuclear speck,1/423,54/27694,0.5648071554442741,0.702528948376918,0.6603802547012833,Zm00001eb014820,1
GWAS_PHG_landraces_N,CC,575,423,GO:0031410,cytoplasmic vesicle,2/423,124/27694,0.56706643980479,0.702528948376918,0.6603802547012833,Zm00001eb292060/Zm00001eb352800,2
GWAS_PHG_landraces_N,MF,575,423,GO:0000049,tRNA binding,1/423,55/27694,0.5714673064300582,0.702528948376918,0.6603802547012833,Zm00001eb063750,1
GWAS_PHG_landraces_N,MF,575,423,GO:0005543,phospholipid binding,1/423,55/27694,0.5714673064300582,0.702528948376918,0.6603802547012833,Zm00001eb286900,1
GWAS_PHG_landraces_N,BP,575,423,GO:0006606,protein import into nucleus,1/423,55/27694,0.5714673064300582,0.702528948376918,0.6603802547012833,Zm00001eb333670,1
GWAS_PHG_landraces_N,BP,575,423,GO:0009909,regulation of flower development,1/423,55/27694,0.5714673064300582,0.702528948376918,0.6603802547012833,Zm00001eb068520,1
GWAS_PHG_landraces_N,BP,575,423,GO:0019953,sexual reproduction,1/423,55/27694,0.5714673064300582,0.702528948376918,0.6603802547012833,Zm00001eb429670,1
GWAS_PHG_landraces_N,MF,575,423,GO:0042910,xenobiotic transmembrane transporter activity,1/423,55/27694,0.5714673064300582,0.702528948376918,0.6603802547012833,Zm00001eb298420,1
GWAS_PHG_landraces_N,CC,575,423,GO:0005694,chromosome,3/423,196/27694,0.5779048183012104,0.7031169996434594,0.6609330254391628,Zm00001eb040460/Zm00001eb071940/Zm00001eb184480,3
GWAS_PHG_landraces_N,MF,575,423,GO:0004185,serine-type carboxypeptidase activity,1/423,56/27694,0.5780257683635609,0.7031169996434594,0.6609330254391628,Zm00001eb025550,1
GWAS_PHG_landraces_N,CC,575,423,GO:0016592,mediator complex,1/423,56/27694,0.5780257683635609,0.7031169996434594,0.6609330254391628,Zm00001eb253700,1
GWAS_PHG_landraces_N,BP,575,423,GO:0042254,ribosome biogenesis,2/423,127/27694,0.5800702579837915,0.7031169996434594,0.6609330254391628,Zm00001eb189070/Zm00001eb256780,2
GWAS_PHG_landraces_N,MF,575,423,GO:0016791,phosphatase activity,2/423,128/27694,0.58434074795911,0.7031169996434594,0.6609330254391628,Zm00001eb399140/Zm00001eb418980,2
GWAS_PHG_landraces_N,MF,575,423,GO:0030170,pyridoxal phosphate binding,2/423,128/27694,0.58434074795911,0.7031169996434594,0.6609330254391628,Zm00001eb109370/Zm00001eb298440,2
GWAS_PHG_landraces_N,MF,575,423,GO:0001216,DNA-binding transcription activator activity,1/423,57/27694,0.5844840902385959,0.7031169996434594,0.6609330254391628,Zm00001eb429720,1
GWAS_PHG_landraces_N,MF,575,423,GO:0004180,carboxypeptidase activity,1/423,57/27694,0.5844840902385959,0.7031169996434594,0.6609330254391628,Zm00001eb025550,1
GWAS_PHG_landraces_N,MF,575,423,GO:0004222,metalloendopeptidase activity,1/423,57/27694,0.5844840902385959,0.7031169996434594,0.6609330254391628,Zm00001eb358380,1
GWAS_PHG_landraces_N,MF,575,423,GO:0005546,"phosphatidylinositol-4,5-bisphosphate binding",1/423,57/27694,0.5844840902385959,0.7031169996434594,0.6609330254391628,Zm00001eb051220,1
GWAS_PHG_landraces_N,BP,575,423,GO:0006418,tRNA aminoacylation for protein translation,1/423,57/27694,0.5844840902385959,0.7031169996434594,0.6609330254391628,Zm00001eb063750,1
GWAS_PHG_landraces_N,BP,575,423,GO:0008299,isoprenoid biosynthetic process,1/423,57/27694,0.5844840902385959,0.7031169996434594,0.6609330254391628,Zm00001eb394330,1
GWAS_PHG_landraces_N,CC,575,423,GO:0030014,CCR4-NOT complex,1/423,57/27694,0.5844840902385959,0.7031169996434594,0.6609330254391628,Zm00001eb115500,1
GWAS_PHG_landraces_N,CC,575,423,GO:0005764,lysosome,1/423,58/27694,0.5908437975088883,0.7084294874736506,0.6659267870122685,Zm00001eb326570,1
GWAS_PHG_landraces_N,BP,575,423,GO:0009073,aromatic amino acid family biosynthetic process,1/423,58/27694,0.5908437975088883,0.7084294874736506,0.6659267870122685,Zm00001eb194410,1
GWAS_PHG_landraces_N,CC,575,423,GO:0005874,microtubule,4/423,271/27694,0.5959565557509447,0.7133864189531013,0.6705863240754733,Zm00001eb082570/Zm00001eb146630/Zm00001eb191700/Zm00001eb433100,4
GWAS_PHG_landraces_N,CC,575,423,GO:0030015,CCR4-NOT core complex,1/423,60/27694,0.6032733544857143,0.7209611072460421,0.6777065638830027,Zm00001eb115500,1
GWAS_PHG_landraces_N,BP,575,423,GO:0009058,biosynthetic process,2/423,133/27694,0.6052113360953365,0.7220933944574474,0.6787709187665848,Zm00001eb109370/Zm00001eb298440,2
GWAS_PHG_landraces_N,CC,575,423,GO:0009941,chloroplast envelope,1/423,61/27694,0.6093461405844526,0.7258387851079509,0.6822916022024057,Zm00001eb014810,1
GWAS_PHG_landraces_N,CC,575,423,GO:0005856,cytoskeleton,3/423,206/27694,0.6115945257382395,0.7270223488913209,0.6834041572857554,Zm00001eb013860/Zm00001eb063720/Zm00001eb433100,3
GWAS_PHG_landraces_N,MF,575,423,GO:0004601,peroxidase activity,3/423,207/27694,0.6148628430552932,0.7270223488913209,0.6834041572857554,Zm00001eb082560/Zm00001eb140290/Zm00001eb214260,3
GWAS_PHG_landraces_N,BP,575,423,GO:0009736,cytokinin-activated signaling pathway,1/423,62/27694,0.6153261855499931,0.7270223488913209,0.6834041572857554,Zm00001eb319590,1
GWAS_PHG_landraces_N,BP,575,423,GO:0045490,pectin catabolic process,1/423,62/27694,0.6153261855499931,0.7270223488913209,0.6834041572857554,Zm00001eb392850,1
GWAS_PHG_landraces_N,BP,575,423,GO:0048544,recognition of pollen,1/423,62/27694,0.6153261855499931,0.7270223488913209,0.6834041572857554,Zm00001eb025540,1
GWAS_PHG_landraces_N,BP,575,423,GO:0007165,signal transduction,7/423,487/27694,0.6166769940496556,0.7274393667673121,0.6837961558956326,Zm00001eb063700/Zm00001eb191720/Zm00001eb198810/Zm00001eb225130/Zm00001eb296110/Zm00001eb393150/Zm00001eb434290,7
GWAS_PHG_landraces_N,BP,575,423,GO:0000724,double-strand break repair via homologous recombination,1/423,64/27694,0.6270136826035841,0.7372467332548595,0.6930151228776457,Zm00001eb329200,1
GWAS_PHG_landraces_N,BP,575,423,GO:0007010,cytoskeleton organization,1/423,64/27694,0.6270136826035841,0.7372467332548595,0.6930151228776457,Zm00001eb063720,1
GWAS_PHG_landraces_N,BP,575,423,GO:0006631,fatty acid metabolic process,2/423,139/27694,0.6291968682938157,0.7380091529747246,0.6937318007169818,Zm00001eb035010/Zm00001eb222320,2
GWAS_PHG_landraces_N,MF,575,423,GO:0000149,SNARE binding,1/423,65/27694,0.6327238965832687,0.7380091529747246,0.6937318007169818,Zm00001eb194380,1
GWAS_PHG_landraces_N,BP,575,423,GO:0002758,innate immune response-activating signaling pathway,1/423,65/27694,0.6327238965832687,0.7380091529747246,0.6937318007169818,Zm00001eb322130,1
GWAS_PHG_landraces_N,CC,575,423,GO:0015629,actin cytoskeleton,1/423,65/27694,0.6327238965832687,0.7380091529747246,0.6937318007169818,Zm00001eb063720,1
GWAS_PHG_landraces_N,MF,575,423,GO:0044183,protein folding chaperone,1/423,65/27694,0.6327238965832687,0.7380091529747246,0.6937318007169818,Zm00001eb024030,1
GWAS_PHG_landraces_N,BP,575,423,GO:0042546,cell wall biogenesis,1/423,66/27694,0.6383468938595103,0.74337841153927,0.698778927026301,Zm00001eb312000,1
GWAS_PHG_landraces_N,BP,575,423,GO:0000278,mitotic cell cycle,1/423,67/27694,0.6438840034547553,0.7451703941780796,0.7004633984693233,Zm00001eb215760,1
GWAS_PHG_landraces_N,BP,575,423,GO:0006310,DNA recombination,1/423,67/27694,0.6438840034547553,0.7451703941780796,0.7004633984693233,Zm00001eb329200,1
GWAS_PHG_landraces_N,CC,575,423,GO:0045271,respiratory chain complex I,1/423,67/27694,0.6438840034547553,0.7451703941780796,0.7004633984693233,Zm00001eb401250,1
GWAS_PHG_landraces_N,CC,575,423,GO:0005794,Golgi apparatus,7/423,500/27694,0.6439744147217972,0.7451703941780796,0.7004633984693233,Zm00001eb140280/Zm00001eb146620/Zm00001eb146670/Zm00001eb194820/Zm00001eb325570/Zm00001eb326590/Zm00001eb345900,7
GWAS_PHG_landraces_N,BP,575,423,GO:0006281,DNA repair,4/423,289/27694,0.6461941775885278,0.7465539706212945,0.7017639663193456,Zm00001eb325580/Zm00001eb329200/Zm00001eb362590/Zm00001eb417930,4
GWAS_PHG_landraces_N,BP,575,423,GO:0006139,nucleobase-containing compound metabolic process,1/423,68/27694,0.6493365341869607,0.7489973630099593,0.7040607657490198,Zm00001eb417930,1
GWAS_PHG_landraces_N,MF,575,423,GO:0004650,polygalacturonase activity,1/423,69/27694,0.654705774976033,0.7528083753273312,0.7076431338359581,Zm00001eb122830,1
GWAS_PHG_landraces_N,MF,575,423,GO:0016413,O-acetyltransferase activity,1/423,69/27694,0.654705774976033,0.7528083753273312,0.7076431338359581,Zm00001eb194820,1
GWAS_PHG_landraces_N,MF,575,423,GO:0003824,catalytic activity,9/423,650/27694,0.6633431065845065,0.7615387790552838,0.7158497511587464,Zm00001eb157640/Zm00001eb210000/Zm00001eb214260/Zm00001eb222890/Zm00001eb256780/Zm00001eb296550/Zm00001eb383680/Zm00001eb417940/Zm00001eb433100,9
GWAS_PHG_landraces_N,BP,575,423,GO:0006511,ubiquitin-dependent protein catabolic process,4/423,298/27694,0.6697142304136778,0.7669397598269521,0.7209266964801758,Zm00001eb095050/Zm00001eb115480/Zm00001eb296140/Zm00001eb433120,4
GWAS_PHG_landraces_N,MF,575,423,GO:0005506,iron ion binding,6/423,442/27694,0.6701517517280774,0.7669397598269521,0.7209266964801758,Zm00001eb063780/Zm00001eb157650/Zm00001eb167040/Zm00001eb167050/Zm00001eb167060/Zm00001eb315040,6
GWAS_PHG_landraces_N,MF,575,423,GO:0022857,transmembrane transporter activity,7/423,515/27694,0.6740262895620799,0.7701648355654486,0.7239582816448014,Zm00001eb021140/Zm00001eb095020/Zm00001eb105290/Zm00001eb141470/Zm00001eb298420/Zm00001eb320540/Zm00001eb427800,7
GWAS_PHG_landraces_N,MF,575,423,GO:0004197,cysteine-type endopeptidase activity,1/423,74/27694,0.6803463867535265,0.7749570561614388,0.7284629897640557,Zm00001eb326570,1
GWAS_PHG_landraces_N,BP,575,423,GO:0007017,microtubule-based process,1/423,74/27694,0.6803463867535265,0.7749570561614388,0.7284629897640557,Zm00001eb146630,1
GWAS_PHG_landraces_N,MF,575,423,GO:0015171,amino acid transmembrane transporter activity,1/423,75/27694,0.6852418783684163,0.779315646381553,0.7325600834515791,Zm00001eb427800,1
GWAS_PHG_landraces_N,BP,575,423,GO:0006897,endocytosis,1/423,76/27694,0.6900625701186667,0.7833949947913573,0.7363946886277866,Zm00001eb191720,1
GWAS_PHG_landraces_N,CC,575,423,GO:0005681,spliceosomal complex,2/423,156/27694,0.6909780269558885,0.7833949947913573,0.7363946886277866,Zm00001eb013870/Zm00001eb329230,2
GWAS_PHG_landraces_N,BP,575,423,GO:1902600,proton transmembrane transport,3/423,233/27694,0.6932467316835531,0.7844983186771901,0.7374318178598669,Zm00001eb184450/Zm00001eb206930/Zm00001eb427770,3
GWAS_PHG_landraces_N,BP,575,423,GO:0002181,cytoplasmic translation,1/423,77/27694,0.6948096022296018,0.7844983186771901,0.7374318178598669,Zm00001eb109330,1
GWAS_PHG_landraces_N,MF,575,423,GO:0004386,helicase activity,3/423,234/27694,0.6960067121146096,0.7844983186771901,0.7374318178598669,Zm00001eb071940/Zm00001eb325580/Zm00001eb417930,3
GWAS_PHG_landraces_N,MF,575,423,GO:0004518,nuclease activity,2/423,158/27694,0.6976605809886673,0.7844983186771901,0.7374318178598669,Zm00001eb366510/Zm00001eb392810,2
GWAS_PHG_landraces_N,CC,575,423,GO:0000932,P-body,1/423,78/27694,0.699484097585972,0.7844983186771901,0.7374318178598669,Zm00001eb115500,1
GWAS_PHG_landraces_N,MF,575,423,GO:0004812,aminoacyl-tRNA ligase activity,1/423,78/27694,0.699484097585972,0.7844983186771901,0.7374318178598669,Zm00001eb063750,1
GWAS_PHG_landraces_N,MF,575,423,GO:0016758,hexosyltransferase activity,1/423,78/27694,0.699484097585972,0.7844983186771901,0.7374318178598669,Zm00001eb146680,1
GWAS_PHG_landraces_N,BP,575,423,GO:0006417,regulation of translation,1/423,79/27694,0.7040871619950513,0.7884478357824767,0.7411443810474225,Zm00001eb014810,1
GWAS_PHG_landraces_N,BP,575,423,GO:0000160,phosphorelay signal transduction system,1/423,80/27694,0.7086198844457519,0.7923065885904189,0.7447716254022998,Zm00001eb319590,1
GWAS_PHG_landraces_N,BP,575,423,GO:0008380,RNA splicing,3/423,240/27694,0.7121731102269281,0.7950600265779947,0.7473598690380112,Zm00001eb013870/Zm00001eb329230/Zm00001eb362580,3
GWAS_PHG_landraces_N,MF,575,423,GO:0003755,peptidyl-prolyl cis-trans isomerase activity,1/423,82/27694,0.7174785768631506,0.7973199428860318,0.7494842001571104,Zm00001eb399150,1
GWAS_PHG_landraces_N,BP,575,423,GO:0009416,response to light stimulus,1/423,82/27694,0.7174785768631506,0.7973199428860318,0.7494842001571104,Zm00001eb063690,1
GWAS_PHG_landraces_N,MF,575,423,GO:0043130,ubiquitin binding,1/423,82/27694,0.7174785768631506,0.7973199428860318,0.7494842001571104,Zm00001eb359710,1
GWAS_PHG_landraces_N,BP,575,423,GO:0022904,respiratory electron transport chain,1/423,83/27694,0.7218066429933434,0.8009087408556276,0.7528576857945471,Zm00001eb401250,1
GWAS_PHG_landraces_N,MF,575,423,GO:0000977,RNA polymerase II transcription regulatory region sequence-specific DNA binding,1/423,84/27694,0.7260685599834493,0.8026628441734582,0.7545065505117627,Zm00001eb296470,1
GWAS_PHG_landraces_N,MF,575,423,GO:0009055,electron transfer activity,2/423,167/27694,0.7262639230432508,0.8026628441734582,0.7545065505117627,Zm00001eb063680/Zm00001eb063710,2
GWAS_PHG_landraces_N,BP,575,423,GO:0006351,DNA-templated transcription,2/423,168/27694,0.7292967208087509,0.8026628441734582,0.7545065505117627,Zm00001eb095630/Zm00001eb256730,2
GWAS_PHG_landraces_N,BP,575,423,GO:0009734,auxin-activated signaling pathway,2/423,168/27694,0.7292967208087509,0.8026628441734582,0.7545065505117627,Zm00001eb156910/Zm00001eb401940,2
GWAS_PHG_landraces_N,MF,575,423,GO:0015293,symporter activity,1/423,85/27694,0.7302653364820733,0.8026628441734582,0.7545065505117627,Zm00001eb021140,1
GWAS_PHG_landraces_N,BP,575,423,GO:0015031,protein transport,8/423,620/27694,0.7331122372570968,0.8026628441734582,0.7545065505117627,Zm00001eb015420/Zm00001eb063660/Zm00001eb140280/Zm00001eb253690/Zm00001eb269450/Zm00001eb292060/Zm00001eb333670/Zm00001eb352800,8
GWAS_PHG_landraces_N,CC,575,423,GO:0005730,nucleolus,4/423,325/27694,0.7336909294002163,0.8026628441734582,0.7545065505117627,Zm00001eb034960/Zm00001eb189070/Zm00001eb191090/Zm00001eb433140,4
GWAS_PHG_landraces_N,MF,575,423,GO:0016705,"oxidoreductase activity, acting on paired donors, with incorporation or reduction of molecular oxygen",4/423,325/27694,0.7336909294002163,0.8026628441734582,0.7545065505117627,Zm00001eb063780/Zm00001eb167040/Zm00001eb167050/Zm00001eb167060,4
GWAS_PHG_landraces_N,CC,575,423,GO:0015935,small ribosomal subunit,1/423,86/27694,0.7343979657938224,0.8026628441734582,0.7545065505117627,Zm00001eb109330,1
GWAS_PHG_landraces_N,BP,575,423,GO:0071805,potassium ion transmembrane transport,1/423,86/27694,0.7343979657938224,0.8026628441734582,0.7545065505117627,Zm00001eb322400,1
GWAS_PHG_landraces_N,BP,575,423,GO:0006508,proteolysis,9/423,694/27694,0.7357956065558118,0.8029865227233335,0.754810809750762,Zm00001eb025550/Zm00001eb068590/Zm00001eb219250/Zm00001eb228230/Zm00001eb296120/Zm00001eb326570/Zm00001eb358380/Zm00001eb401930/Zm00001eb433120,9
GWAS_PHG_landraces_N,MF,575,423,GO:0016491,oxidoreductase activity,23/423,1681/27694,0.7371827456511069,0.803297790104121,0.7551034024370554,Zm00001eb019550/Zm00001eb023810/Zm00001eb035010/Zm00001eb044650/Zm00001eb063780/Zm00001eb082560/Zm00001eb109300/Zm00001eb140290/Zm00001eb167050/Zm00001eb167060/Zm00001eb207540/Zm00001eb214260/Zm00001eb252200/Zm00001eb252210/Zm00001eb292100/Zm00001eb296460/Zm00001eb296550/Zm00001eb332650/Zm00001eb358390/Zm00001eb383660/Zm00001eb433100/Zm00001eb433180/Zm00001eb434270,23
GWAS_PHG_landraces_N,BP,575,423,GO:0003333,amino acid transmembrane transport,1/423,89/27694,0.7464206783596313,0.8121502604838376,0.7634247629412727,Zm00001eb427800,1
GWAS_PHG_landraces_N,MF,575,423,GO:0003729,mRNA binding,9/423,703/27694,0.749237498966483,0.8140002037951803,0.7651637176675512,Zm00001eb014810/Zm00001eb063750/Zm00001eb063770/Zm00001eb068620/Zm00001eb105300/Zm00001eb157660/Zm00001eb287600/Zm00001eb393140/Zm00001eb427780,9
GWAS_PHG_landraces_N,CC,575,423,GO:0098552,side of membrane,1/423,93/27694,0.7616105710666518,0.8262114677196267,0.7766423586534936,Zm00001eb401230,1
GWAS_PHG_landraces_N,MF,575,423,GO:0016853,isomerase activity,4/423,340/27694,0.7649875398946426,0.8277113761536218,0.7780522790787782,Zm00001eb399150/Zm00001eb401220/Zm00001eb417930/Zm00001eb422800,4
GWAS_PHG_landraces_N,MF,575,423,GO:0030527,structural constituent of chromatin,1/423,94/27694,0.7652640158128134,0.8277113761536218,0.7780522790787782,Zm00001eb040460,1
GWAS_PHG_landraces_N,CC,575,423,GO:0009506,plasmodesma,1/423,96/27694,0.772404175491122,0.8341965095304118,0.7841483325453731,Zm00001eb063730,1
GWAS_PHG_landraces_N,CC,575,423,GO:0000502,proteasome complex,1/423,97/27694,0.7758925816715427,0.8364542255293956,0.7862705953644309,Zm00001eb013840,1
GWAS_PHG_landraces_N,MF,575,423,GO:0004722,protein serine/threonine phosphatase activity,3/423,267/27694,0.7767894522406047,0.8364542255293956,0.7862705953644309,Zm00001eb360690/Zm00001eb392820/Zm00001eb401240,3
GWAS_PHG_landraces_N,CC,575,423,GO:0000428,DNA-directed RNA polymerase complex,1/423,98/27694,0.7793276448288764,0.8379496358115794,0.7876762875075277,Zm00001eb095630,1
GWAS_PHG_landraces_N,BP,575,423,GO:0006865,amino acid transport,1/423,100/27694,0.7860409848575016,0.8433451933231458,0.792748134940969,Zm00001eb427800,1
GWAS_PHG_landraces_N,BP,575,423,GO:0008652,amino acid biosynthetic process,2/423,189/27694,0.7866594395881196,0.8433451933231458,0.792748134940969,Zm00001eb194410/Zm00001eb434270,2
GWAS_PHG_landraces_N,BP,575,423,GO:0009451,RNA modification,3/423,273/27694,0.78941512119615,0.8450567156416937,0.7943569733344055,Zm00001eb298470/Zm00001eb422810/Zm00001eb434250,3
GWAS_PHG_landraces_N,BP,575,423,GO:0006813,potassium ion transport,1/423,103/27694,0.7957308684185386,0.850568626212778,0.7995381931478139,Zm00001eb322400,1
GWAS_PHG_landraces_N,BP,575,423,GO:0045892,negative regulation of DNA-templated transcription,1/423,105/27694,0.8019463036568933,0.8559573285005494,0.8046035966411923,Zm00001eb393150,1
GWAS_PHG_landraces_N,MF,575,423,GO:0003924,GTPase activity,3/423,285/27694,0.812890897568372,0.8658135953240585,0.8138685301508373,Zm00001eb063660/Zm00001eb253690/Zm00001eb434230,3
GWAS_PHG_landraces_N,CC,575,423,GO:0000786,nucleosome,1/423,109/27694,0.8138168258562113,0.8658135953240585,0.8138685301508373,Zm00001eb040460,1
GWAS_PHG_landraces_N,MF,575,423,GO:0004842,ubiquitin-protein transferase activity,3/423,286/27694,0.8147436576026121,0.8658135953240585,0.8138685301508373,Zm00001eb109360/Zm00001eb186860/Zm00001eb401910,3
GWAS_PHG_landraces_N,MF,575,423,GO:0051213,dioxygenase activity,1/423,110/27694,0.8166718370094765,0.8665993728965187,0.8146071644727946,Zm00001eb035010,1
GWAS_PHG_landraces_N,CC,575,423,GO:0000785,chromatin,1/423,114/27694,0.8276617173339617,0.8769845813029914,0.824369305361703,Zm00001eb184480,1
GWAS_PHG_landraces_N,MF,575,423,GO:0005525,GTP binding,4/423,377/27694,0.8299062258204288,0.8780865582338063,0.8254051684502318,Zm00001eb063660/Zm00001eb146630/Zm00001eb253690/Zm00001eb434230,4
GWAS_PHG_landraces_N,BP,575,423,GO:0051301,cell division,2/423,213/27694,0.838892854505318,0.8854182555985641,0.8322969957326767,Zm00001eb001710/Zm00001eb366530,2
GWAS_PHG_landraces_N,BP,575,423,GO:0006888,endoplasmic reticulum to Golgi vesicle-mediated transport,1/423,119/27694,0.8404793317890348,0.8854182555985641,0.8322969957326767,Zm00001eb146670,1
GWAS_PHG_landraces_N,MF,575,423,GO:0140359,ABC-type transporter activity,1/423,119/27694,0.8404793317890348,0.8854182555985641,0.8322969957326767,Zm00001eb034990,1
GWAS_PHG_landraces_N,MF,575,423,GO:0035251,UDP-glucosyltransferase activity,1/423,123/27694,0.8500450855761037,0.8942032718397974,0.8405549490545204,Zm00001eb240460,1
GWAS_PHG_landraces_N,MF,575,423,GO:0004497,monooxygenase activity,4/423,394/27694,0.8543380979442411,0.897424313258432,0.8435827419409996,Zm00001eb063780/Zm00001eb167040/Zm00001eb167050/Zm00001eb167060,4
GWAS_PHG_landraces_N,BP,575,423,GO:0006260,DNA replication,1/423,126/27694,0.8568418973622678,0.8987593427008536,0.8448376753999793,Zm00001eb146610,1
GWAS_PHG_landraces_N,CC,575,423,GO:0000139,Golgi membrane,6/423,568/27694,0.8677567087504099,0.9065857471786521,0.8521945295116637,Zm00001eb001690/Zm00001eb091270/Zm00001eb146670/Zm00001eb156920/Zm00001eb194820/Zm00001eb219250,6
GWAS_PHG_landraces_N,MF,575,423,GO:0003682,chromatin binding,1/423,132/27694,0.8695272649878854,0.9065857471786521,0.8521945295116637,Zm00001eb146610,1
GWAS_PHG_landraces_N,BP,575,423,GO:0030154,cell differentiation,1/423,132/27694,0.8695272649878854,0.9065857471786521,0.8521945295116637,Zm00001eb373660,1
GWAS_PHG_landraces_N,BP,575,423,GO:0006633,fatty acid biosynthetic process,1/423,133/27694,0.8715296583885865,0.9065857471786521,0.8521945295116637,Zm00001eb035010,1
GWAS_PHG_landraces_N,BP,575,423,GO:0010468,regulation of gene expression,1/423,133/27694,0.8715296583885865,0.9065857471786521,0.8521945295116637,Zm00001eb107170,1
GWAS_PHG_landraces_N,BP,575,423,GO:0006457,protein folding,3/423,322/27694,0.8717648954351649,0.9065857471786521,0.8521945295116637,Zm00001eb024030/Zm00001eb397940/Zm00001eb422800,3
GWAS_PHG_landraces_N,BP,575,423,GO:0016042,lipid catabolic process,1/423,134/27694,0.873501392161005,0.9070975995518129,0.8526756729596855,Zm00001eb296540,1
GWAS_PHG_landraces_N,MF,575,423,GO:0003779,actin binding,1/423,135/27694,0.8754429346543249,0.9078206249829344,0.8533553199969538,Zm00001eb013860,1
GWAS_PHG_landraces_N,CC,575,423,GO:0005789,endoplasmic reticulum membrane,5/423,498/27694,0.8796751634542586,0.9109136280655603,0.8562627562929462,Zm00001eb119450/Zm00001eb191680/Zm00001eb219250/Zm00001eb359710/Zm00001eb393170,5
GWAS_PHG_landraces_N,BP,575,423,GO:0051707,response to other organism,1/423,138/27694,0.8810909915361851,0.9110855784820978,0.856424390429349,Zm00001eb025540,1
GWAS_PHG_landraces_N,MF,575,423,GO:0019843,rRNA binding,1/423,144/27694,0.8916320384592137,0.9193773069826969,0.8642186511381645,Zm00001eb231800,1
GWAS_PHG_landraces_N,BP,575,423,GO:0045944,positive regulation of transcription by RNA polymerase II,1/423,144/27694,0.8916320384592137,0.9193773069826969,0.8642186511381645,Zm00001eb296470,1
GWAS_PHG_landraces_N,MF,575,423,GO:0003743,translation initiation factor activity,1/423,146/27694,0.894934293137555,0.9214789543746859,0.8661942087905865,Zm00001eb392860,1
GWAS_PHG_landraces_N,CC,575,423,GO:0022627,cytosolic small ribosomal subunit,1/423,147/27694,0.8965475788208283,0.921838060592925,0.8665317701913137,Zm00001eb109330,1
GWAS_PHG_landraces_N,BP,575,423,GO:0006413,translational initiation,1/423,148/27694,0.8981361501410733,0.9221707795110456,0.8668445274156246,Zm00001eb392860,1
GWAS_PHG_landraces_N,MF,575,423,GO:0043531,ADP binding,1/423,150/27694,0.9012406548234624,0.9240020487081271,0.8685659283936046,Zm00001eb322130,1
GWAS_PHG_landraces_N,MF,575,423,GO:0008233,peptidase activity,6/423,605/27694,0.9024546758301598,0.9240020487081271,0.8685659283936046,Zm00001eb068590/Zm00001eb219250/Zm00001eb228230/Zm00001eb296120/Zm00001eb358380/Zm00001eb433120,6
GWAS_PHG_landraces_N,BP,575,423,GO:0006886,intracellular protein transport,2/423,265/27694,0.9145193230466624,0.9350414957938525,0.8789430564750532,Zm00001eb063700/Zm00001eb392990,2
GWAS_PHG_landraces_N,MF,575,423,GO:0016779,nucleotidyltransferase activity,1/423,173/27694,0.9308287223880716,0.9503839476483251,0.8933650276789542,Zm00001eb146610,1
GWAS_PHG_landraces_N,MF,575,423,GO:0003723,RNA binding,19/423,1677/27694,0.9333767964657336,0.9509271154106096,0.8938756077284051,Zm00001eb001700/Zm00001eb013870/Zm00001eb014820/Zm00001eb034920/Zm00001eb063770/Zm00001eb189070/Zm00001eb191090/Zm00001eb231800/Zm00001eb298140/Zm00001eb298470/Zm00001eb359700/Zm00001eb362580/Zm00001eb393140/Zm00001eb417950/Zm00001eb422810/Zm00001eb427780/Zm00001eb431910/Zm00001eb433140/Zm00001eb434250,19
GWAS_PHG_landraces_N,BP,575,423,GO:0006325,chromatin organization,1/423,176/27694,0.9339695673991721,0.9509271154106096,0.8938756077284051,Zm00001eb040460,1
GWAS_PHG_landraces_N,MF,575,423,GO:0050660,flavin adenine dinucleotide binding,1/423,185/27694,0.9425637771254087,0.9583389031024031,0.9008427202652003,Zm00001eb063680,1
GWAS_PHG_landraces_N,CC,575,423,GO:1990904,ribonucleoprotein complex,7/423,763/27694,0.9481933916627765,0.9627200313679165,0.9049609998130298,Zm00001eb013870/Zm00001eb109330/Zm00001eb157660/Zm00001eb191090/Zm00001eb231800/Zm00001eb298140/Zm00001eb433140,7
GWAS_PHG_landraces_N,MF,575,423,GO:0030246,carbohydrate binding,1/423,202/27694,0.9558690240861716,0.9680462636922721,0.9099676812701887,Zm00001eb409850,1
GWAS_PHG_landraces_N,BP,575,423,GO:0005975,carbohydrate metabolic process,4/423,517/27694,0.9570791884926879,0.9680462636922721,0.9099676812701887,Zm00001eb068580/Zm00001eb122830/Zm00001eb146680/Zm00001eb312000,4
GWAS_PHG_landraces_N,MF,575,423,GO:0016798,"hydrolase activity, acting on glycosyl bonds",3/423,422/27694,0.9574229850783651,0.9680462636922721,0.9099676812701887,Zm00001eb021150/Zm00001eb122830/Zm00001eb312000,3
GWAS_PHG_landraces_N,MF,575,423,GO:0004553,"hydrolase activity, hydrolyzing O-glycosyl compounds",2/423,326/27694,0.9606990666795101,0.9700133235586743,0.9118167260655506,Zm00001eb122830/Zm00001eb312000,2
GWAS_PHG_landraces_N,BP,575,423,GO:0006952,defense response,3/423,461/27694,0.9729969081359986,0.9810715712740566,0.9222115268203176,Zm00001eb322130/Zm00001eb362610/Zm00001eb401930,3
GWAS_PHG_landraces_N,MF,575,423,GO:0016757,glycosyltransferase activity,6/423,791/27694,0.9825189226438507,0.9893042743195678,0.9299503033456629,Zm00001eb063800/Zm00001eb156920/Zm00001eb206910/Zm00001eb240450/Zm00001eb283110/Zm00001eb378140,6
GWAS_PHG_landraces_N,CC,575,423,GO:0005840,ribosome,4/423,657/27694,0.9909108703578381,0.9951040326088914,0.9354021012611197,Zm00001eb109330/Zm00001eb157660/Zm00001eb231800/Zm00001eb359680,4
GWAS_PHG_landraces_N,CC,575,423,GO:0005576,extracellular region,3/423,557/27694,0.9915928278434256,0.9951040326088914,0.9354021012611197,Zm00001eb140290/Zm00001eb214260/Zm00001eb429670,3
GWAS_PHG_landraces_N,BP,575,423,GO:0006412,translation,5/423,774/27694,0.9923739803932292,0.9951040326088914,0.9354021012611197,Zm00001eb063750/Zm00001eb109330/Zm00001eb157660/Zm00001eb231800/Zm00001eb392860,5
GWAS_PHG_landraces_N,BP,575,423,GO:0016192,vesicle-mediated transport,1/423,354/27694,0.9958474645893702,0.9960040919765389,0.9362481609656008,Zm00001eb140280,1
GWAS_PHG_landraces_N,MF,575,423,GO:0003735,structural constituent of ribosome,3/423,616/27694,0.9960040919765389,0.9960040919765389,0.9362481609656008,Zm00001eb109330/Zm00001eb157660/Zm00001eb231800,3
