pathway_id,pathway_name,n_genes,omni_p_final,omni_p_mvn,omni_p_analytic,omni_p_mvn_compcal,acat_p,fisher_p,minp_p_analytic,stouffer_p_analytic,tfisher_p_analytic,tau_hat,acat_p_mvn_cal,fisher_p_mvn_cal,tfisher_p_mvn_cal,minp_p_mvn_cal,stouffer_p_mvn_cal,perm
CALVIN-PWY,Calvin-Benson-Bassham cycle,38,9.99900009999e-05,9.99900009999e-05,6.07119909901144e-12,0.000165506340659982,0.00808680024006621,3.18923458904975e-08,0.0195539426313545,1.76868794621744e-06,1.21425092203253e-12,0.5,0.0065993400659934,9.99900009999e-05,9.99900009999e-05,0.0178982101789821,9.99900009999e-05,18
GLUCONEO-PWY,gluconeogenesis I,56,9.99900009999e-05,9.99900009999e-05,3.32481733256174e-08,0.000166219643376042,0.0214143690692679,1.25740560764821e-06,0.0286824211132872,1.99167331393073e-06,6.70750455178393e-09,1,0.022997700229977,9.99900009999e-05,9.99900009999e-05,0.0290970902909709,9.99900009999e-05,18
GLYCOLYSIS,glycolysis I (from glucose 6-phosphate),61,9.99900009999e-05,9.99900009999e-05,9.99200722162641e-15,0.000166174481847026,0.0195266483708612,1.33475607237242e-10,0.031202992351731,1.77214597004928e-10,1.99840144432528e-15,1,0.0194980501949805,9.99900009999e-05,9.99900009999e-05,0.0287971202879712,9.99900009999e-05,18
HEME-BIOSYNTHESIS-II,heme <i>b</i> biosynthesis I (aerobic),9,9.99900009999e-05,9.99900009999e-05,7.7135848597365e-08,0.000165661548782003,3.83593466205961e-05,0.0059319664613419,3.8356446110277e-05,0.234277755383862,1.54396300189319e-08,0.01,9.99900009999e-05,0.0056994300569943,9.99900009999e-05,9.99900009999e-05,0.229277072292771,18
LIPAS-PWY,triacylglycerol degradation,117,9.99900009999e-05,9.99900009999e-05,5.9628357806929e-09,0.000221905542044432,0.045995936488622,1.18877246449368e-07,0.126838537052585,5.86774829007227e-07,1.2071303956418e-09,1,0.0455954404559544,9.99900009999e-05,9.99900009999e-05,0.118088191180882,0.0003999600039996,18
PWY-1042,glycolysis IV (plant cytosol),60,9.99900009999e-05,9.99900009999e-05,1.28086430351004e-11,0.000166258840387234,0.0222006905164378,1.72969781270688e-08,0.030699401919004,2.1560664623686e-08,2.56239474083486e-12,1,0.024997500249975,9.99900009999e-05,9.99900009999e-05,0.0324967503249675,9.99900009999e-05,18
PWY-321,cutin biosynthesis,56,9.99900009999e-05,9.99900009999e-05,2.76523248743388e-12,0.000165419153143609,0.00549551142067967,3.81400416269777e-09,0.0137130497996664,1.5989424918331e-08,5.53113110868253e-13,1,0.0064993500649935,9.99900009999e-05,9.99900009999e-05,0.0143985601439856,9.99900009999e-05,18
PWY-3781,aerobic respiration I (cytochrome c),297,9.99900009999e-05,9.99900009999e-05,1.72084568816899e-15,0.000163949793774043,0.00349835575824665,1e-15,0.00566791679668444,1e-15,1e-15,0.5,0.0033996600339966,9.99900009999e-05,9.99900009999e-05,0.004999500049995,9.99900009999e-05,18
PWY-4841,UDP-&alpha;-D-glucuronate biosynthesis (from <i>myo</i>-inositol),3,9.99900009999e-05,9.99900009999e-05,2.08107975296912e-11,0.000149985003719821,0.000153355799687871,4.63722842851767e-05,0.000153970097060419,0.000304851491451449,4.16211509701725e-12,0.5,0.0001999800019998,9.99900009999e-05,9.99900009999e-05,0.0001999800019998,0.0002999700029997,18
PWY-5080,very long chain fatty acid biosynthesis I,65,9.99900009999e-05,9.99900009999e-05,7.82707232360735e-15,0.000111100001471909,1.23025141968286e-05,1.22931649451739e-09,1.23083254182088e-05,2.94168987033558e-08,1.55431223447522e-15,1,9.99900009999e-05,9.99900009999e-05,9.99900009999e-05,9.99900009999e-05,0.0001999800019998,18
PWY-5147,oleate biosynthesis I (plants),42,9.99900009999e-05,9.99900009999e-05,4.0689673852512e-14,0.000159558554143735,0.00132078173324876,2.00919802145663e-10,0.0017226499205405,4.27156609534316e-08,8.10462807976364e-15,1,0.0014998500149985,9.99900009999e-05,9.99900009999e-05,0.0014998500149985,9.99900009999e-05,18
PWY-5441,S-methyl-L-methionine cycle,5,9.99900009999e-05,9.99900009999e-05,4.9960036108132e-15,9.99900009999166e-05,6.08799395001651e-06,7.54001655356604e-09,8.72396955697852e-06,2.70582018437179e-06,1e-15,0.05,9.99900009999e-05,9.99900009999e-05,9.99900009999e-05,9.99900009999e-05,9.99900009999e-05,18
PWY-6066,IAA biosynthesis VII,3,9.99900009999e-05,9.99900009999e-05,5.17941245448128e-12,0.000163230339739973,0.00302591730387061,3.37058214628407e-05,0.00451000291886128,1.22168180664625e-05,1.03583808197527e-12,1,0.0025997400259974,9.99900009999e-05,9.99900009999e-05,0.0040995900409959,9.99900009999e-05,18
PWY-6351,"D-<i>myo</i>-inositol (1,4,5)-trisphosphate biosynthesis",31,9.99900009999e-05,9.99900009999e-05,3.02169237909045e-07,0.000199052477575845,0.0171213035411706,1.12498846820234e-05,0.0218967522983282,5.13924301578569e-06,6.14875926840952e-08,1,0.0156984301569843,9.99900009999e-05,9.99900009999e-05,0.0188981101889811,0.0001999800019998,18
PWY-6443,"benzoate biosynthesis I (CoA-dependent, &beta;-oxidative)",104,9.99900009999e-05,9.99900009999e-05,3.44285711051384e-12,0.000199577145833241,0.0310848036172646,5.24148081562492e-12,0.0564937171149007,1.41323580149007e-12,1.80533366034297e-12,1,0.0333966603339666,9.99900009999e-05,0.0001999800019998,0.0480951904809519,9.99900009999e-05,18
PWY-6549,L-glutamine biosynthesis III,26,9.99900009999e-05,9.99900009999e-05,1.45380336552536e-06,0.000180704840341717,5.67268670473912e-05,0.000118727123144043,5.67876495393138e-05,0.00058852649608941,2.94646708143276e-07,0.01,0.0002999700029997,9.99900009999e-05,9.99900009999e-05,0.0002999700029997,0.000999900009999,18
PWY-6733,sporopollenin precursors biosynthesis,62,9.99900009999e-05,9.99900009999e-05,4.9960036108132e-15,0.000164429168220792,0.00352137455311688,1.23277951031384e-12,0.0117260891482361,5.26619612345485e-09,1e-15,0.5,0.0033996600339966,9.99900009999e-05,9.99900009999e-05,0.008999100089991,9.99900009999e-05,18
PWY-6823,molybdenum cofactor biosynthesis,15,9.99900009999e-05,9.99900009999e-05,3.17437450159108e-07,0.000159075039957546,0.00104843998018716,3.65907961594305e-05,0.00105984045286311,1.43102291821991e-05,6.38894849247507e-08,1,0.0013998600139986,9.99900009999e-05,9.99900009999e-05,0.0013998600139986,9.99900009999e-05,18
PWY-7343,UDP-&alpha;-D-glucose biosynthesis I,8,9.99900009999e-05,9.99900009999e-05,4.83502127224256e-13,0.000181800012492683,0.000160676788226247,2.56245950560811e-06,0.000264097480440539,0.000104804393648574,9.67004254448511e-14,0.05,0.0003999600039996,9.99900009999e-05,9.99900009999e-05,0.0003999600039996,0.0003999600039996,18
RIBOSYN2-PWY,flavin biosynthesis I (bacteria and plants),21,9.99900009999e-05,9.99900009999e-05,1.51718931862277e-09,0.000162918707595827,0.00252024964907651,1.82305791732037e-06,0.00480176606394711,1.6793526452077e-05,3.03493896680607e-10,1,0.0021997800219978,9.99900009999e-05,9.99900009999e-05,0.0042995700429957,9.99900009999e-05,18
CHLOROPHYLL-SYN,"3,8-divinyl-chlorophyllide <i>a</i> biosynthesis I (aerobic, light-dependent)",12,0.0001999800019998,0.0001999800019998,6.64999352917306e-07,0.000248549087224603,5.11445163583545e-05,0.00860940449015866,5.11416012071164e-05,0.214760198497614,1.33697377613373e-07,0.01,0.0001999800019998,0.008999100089991,9.99900009999e-05,0.0001999800019998,0.225977402259774,18
PWY-381,nitrate reduction II (assimilatory),9,0.0001999800019998,0.0001999800019998,5.44035044791613e-09,0.000214264297781097,0.000191738974671793,2.1334796362984e-05,0.000192061603502158,0.000100649774446453,1.08814968147186e-09,0.5,0.0003999600039996,0.0001999800019998,9.99900009999e-05,0.0003999600039996,0.0002999700029997,18
PWY-4321,L-glutamate degradation IV,10,0.0001999800019998,0.0001999800019998,4.68221364857691e-06,0.000221380382191938,0.0212322881842338,0.000212670282696544,0.0274713669251142,6.56789032344913e-05,9.54326031199493e-07,1,0.020997900209979,0.0003999600039996,9.99900009999e-05,0.0278972102789721,9.99900009999e-05,18
PWY-5690,TCA cycle II (plants and fungi),29,0.0001999800019998,0.0001999800019998,2.75229087515205e-06,0.000221002415459637,6.32722278238681e-05,0.000350886684678323,6.33398631211257e-05,0.00574643121494751,5.61150865996396e-07,0.01,0.0001999800019998,0.0003999600039996,9.99900009999e-05,0.0001999800019998,0.0081991800819918,18
PWY-5912,2'-deoxymugineic acid phytosiderophore biosynthesis,29,0.0001999800019998,0.0001999800019998,8.54871728961371e-15,0.000199404931949643,0.0165913339321352,1.66098855236853e-11,0.0798421648832056,1.74831297516934e-12,1.66533453693773e-15,1,0.0171982801719828,0.0001999800019998,9.99900009999e-05,0.0701929807019298,9.99900009999e-05,18
PWY-6949,DIBOA-glucoside biosynthesis,39,0.0001999800019998,0.0001999800019998,5.23470156110761e-14,0.000272058786192853,0.0295545976879299,2.00663502150572e-09,0.134342721664758,3.21363335683764e-10,1.04360964314765e-14,1,0.0288971102889711,0.0001999800019998,9.99900009999e-05,0.11028897110289,0.0002999700029997,18
PWY-7039,"phosphatidate metabolism, as a signaling molecule",39,0.0001999800019998,0.0001999800019998,0.000184749763946279,0.000315372793569135,0.0694676887953416,0.000442909207081927,0.143914336355763,0.000153589694612668,5.47215201964768e-05,1,0.0745925407459254,0.0011998800119988,0.0001999800019998,0.14978502149785,9.99900009999e-05,18
TRIGLSYN-PWY,diacylglycerol and triacylglycerol biosynthesis,53,0.0001999800019998,0.0001999800019998,4.72074551255419e-06,0.000238717713618941,0.0442774129064606,2.71015641038127e-05,0.0784358706994717,5.41150803549663e-05,9.96271516284786e-07,1,0.0450954904509549,9.99900009999e-05,9.99900009999e-05,0.0812918708129187,0.0010998900109989,18
ALACAT2-PWY,L-alanine degradation II (to D-lactate),7,0.0002999700029997,0.0002999700029997,1.07719732150291e-05,0.000425631807065952,0.00609823647542144,0.000466806950355368,0.00659662400403571,0.000257404477506601,2.18424150788543e-06,1,0.0063993600639936,0.0013998600139986,9.99900009999e-05,0.0061993800619938,0.0013998600139986,18
CYSTSYN-PWY,L-cysteine biosynthesis I,15,0.0002999700029997,0.0002999700029997,4.9960036108132e-15,0.000257230370967643,0.00169258039808466,5.10884303439772e-09,0.00382161761211575,1.88934093067354e-06,1e-15,0.5,0.0012998700129987,0.0001999800019998,9.99900009999e-05,0.002999700029997,0.0002999700029997,18
GALACTMETAB-PWY,UDP-galactose biosynthesis (salvage pathway from galactose using UDP-glucose),9,0.0002999700029997,0.0002999700029997,3.06529169719072e-05,0.00045176242074596,0.00046090072742785,0.000727100808155969,0.000461839174459078,0.00156899611584981,6.37881102161231e-06,0.01,0.0003999600039996,0.0014998500149985,0.0001999800019998,0.0003999600039996,0.0024997500249975,18
GLUCOSE1PMETAB-PWY,glucose and glucose-1-phosphate degradation,13,0.0002999700029997,0.0002999700029997,8.98269555571485e-07,0.00032923577234184,0.000417806062361123,0.000141415978637713,0.000429122985904806,0.0025795964292302,1.80047978970421e-07,0.05,0.0005999400059994,0.0005999400059994,9.99900009999e-05,0.0005999400059994,0.0053994600539946,18
PWY-1121,suberin monomers biosynthesis,67,0.0002999700029997,0.0002999700029997,1.71420533323641e-09,0.000299736217777902,0.00667062142304952,1.56370507134768e-07,0.0163845061032436,1.12134430100228e-05,3.43604922292684e-10,1,0.0057994200579942,0.0001999800019998,9.99900009999e-05,0.0126987301269873,0.0006999300069993,18
PWY-2681,<i>trans</i>-zeatin biosynthesis,21,0.0002999700029997,0.0002999700029997,1.26760654162172e-06,0.000313456917279409,0.0282612650872435,4.19443912131926e-05,0.102714241329926,0.000236222117023571,2.55341583765834e-07,0.5,0.0316968303169683,0.0001999800019998,9.99900009999e-05,0.106589341065893,0.0010998900109989,18
PWY-2981,diterpene phytoalexins precursors biosynthesis,6,0.0002999700029997,0.0002999700029997,0.000112664117080163,0.000407131484675083,0.00131949271635842,0.00285030905921768,0.00132089243061639,0.0343954004013921,2.35377256688762e-05,0.01,0.000999900009999,0.003999600039996,9.99900009999e-05,0.000999900009999,0.0333966603339666,18
PWY-3462,L-phenylalanine biosynthesis II,6,0.0002999700029997,0.0002999700029997,3.38868383353841e-09,0.000197075438776728,0.00403196214385965,3.75376818077605e-05,0.00475873681049466,3.66776812552494e-05,6.77761735623506e-10,1,0.0050994900509949,0.0001999800019998,9.99900009999e-05,0.0057994200579942,9.99900009999e-05,18
PWY-361,phenylpropanoid biosynthesis,58,0.0002999700029997,0.0002999700029997,1.48700096680443e-09,0.000344616288164623,0.364496161782872,1.90363696376762e-07,0.171417514126232,5.56506038038295e-07,2.98025049083606e-10,1,0.356764323567643,0.0004999500049995,9.99900009999e-05,0.155284471552845,0.0003999600039996,18
PWY-3821,D-galactose detoxification,7,0.0002999700029997,0.0002999700029997,7.5435441734828e-06,0.000269203951539565,0.000358630980568035,0.000626961753414063,0.000359226683208425,0.00235848024164056,1.5261879502404e-06,0.01,0.0002999700029997,0.0006999300069993,9.99900009999e-05,0.0002999700029997,0.0020997900209979,18
PWY-5143,long-chain fatty acid activation,18,0.0002999700029997,0.0002999700029997,9.08973596946971e-06,0.000420023063949393,0.00317251784213345,0.000191697018068354,0.0051956891794499,0.00125267772979775,1.83976227752236e-06,0.05,0.0026997300269973,0.0008999100089991,9.99900009999e-05,0.0048995100489951,0.0045995400459954,18
PWY-5434,"(3<i>E</i>)-4,8-dimethylnona-1,3,7-triene biosynthesis I",5,0.0002999700029997,0.0002999700029997,4.9960036108132e-15,0.000421836246681628,0.00243339873127891,1.25476736547555e-07,0.00571439331980339,1.56664344482495e-08,1e-15,1,0.0031996800319968,0.0015998400159984,9.99900009999e-05,0.004999500049995,0.0013998600139986,18
PWY-5936,xyloglucan biosynthesis,52,0.0002999700029997,0.0002999700029997,1.88182802673964e-14,0.00028252887123531,0.00800104267322259,1.60995745832505e-09,0.0154505278404489,5.80720891704002e-10,3.77475828372553e-15,1,0.0087991200879912,0.0003999600039996,9.99900009999e-05,0.0121987801219878,0.0001999800019998,18
PWY-6030,serotonin and melatonin biosynthesis,10,0.0002999700029997,0.0002999700029997,1.69310327424732e-08,0.000403982668755465,0.00577036830843767,2.31144794098669e-05,0.0138044889216332,0.000123008802566165,3.38679873035375e-09,1,0.0057994200579942,0.0005999400059994,9.99900009999e-05,0.0121987801219878,0.0021997800219978,18
PWY-6275,&beta;-caryophyllene biosynthesis,16,0.0002999700029997,0.0002999700029997,2.3406470039955e-08,0.000344160910007663,0.00192824597700633,1.27467356862427e-05,0.00379547077715348,0.000145095517923538,4.68318217539121e-09,0.5,0.0030996900309969,0.0002999700029997,9.99900009999e-05,0.0048995100489951,0.0014998500149985,18
PWY-6473,4-aminobutanoate degradation IV,4,0.0002999700029997,0.0002999700029997,2.07876968774112e-05,0.000365171140254195,0.0100023604169543,0.00112835426258768,0.0110804589083494,0.000611877055517944,4.20492847064136e-06,1,0.00999900009999,0.000999900009999,9.99900009999e-05,0.010998900109989,0.0003999600039996,18
PWY-6605,adenine and adenosine salvage II,8,0.0002999700029997,0.0002999700029997,3.78054211812029e-05,0.000440172160963204,0.0387072922157309,0.000680774475499622,0.0822022511814892,0.000153309806376055,8.0497856411732e-06,1,0.0421957804219578,0.0030996900309969,9.99900009999e-05,0.081991800819918,0.000999900009999,18
PWY-6927,chlorophyll <i>a</i> degradation II,14,0.0002999700029997,0.0002999700029997,1.5614325943325e-09,0.000298856749779031,0.0217279421092623,4.60196851483228e-06,0.0650733858200462,6.62943948917439e-06,3.12322390172426e-10,1,0.0223977602239776,0.0005999400059994,9.99900009999e-05,0.0564943505649435,0.0001999800019998,18
PWY-7859,jasmonoyl-L-isoleucine inactivation,17,0.0002999700029997,0.0002999700029997,7.00578641432692e-07,0.000389273752830377,0.0202256827082829,5.79475324022393e-05,0.0521294274222829,0.000431814986987477,1.40502396273057e-07,0.5,0.0186981301869813,0.0004999500049995,9.99900009999e-05,0.0483951604839516,0.0012998700129987,18
PWY-84,resveratrol biosynthesis,2,0.0002999700029997,0.0002999700029997,1.18003157245639e-08,0.000294088302499884,0.000380154787791345,0.000432482324033829,0.000380423812546993,0.000973282655483422,2.36011099552513e-09,0.01,0.0004999500049995,0.0004999500049995,9.99900009999e-05,0.0004999500049995,0.000999900009999,18
PWYIO2-7,triacylglycerol biosynthesis (Chlamydomonas),53,0.0002999700029997,0.0002999700029997,4.72074551255419e-06,0.000311829660464003,0.0442774129064606,2.71015641038127e-05,0.0784358706994717,5.41150803549663e-05,9.96271516284786e-07,1,0.0475952404759524,0.0001999800019998,9.99900009999e-05,0.0818918108189181,0.000999900009999,18
GLUTAMATE-DEG1-PWY,L-glutamate degradation I,2,0.0003999600039996,0.0003999600039996,1.01074802598133e-05,0.000443697979210178,0.00188883244682179,0.00358045189943776,0.00188920688049754,0.0101312100030881,2.02738411758663e-06,0.01,0.0021997800219978,0.0036996300369963,9.99900009999e-05,0.0021997800219978,0.0112988701129887,18
HOMOSERSYN-PWY,L-homoserine biosynthesis,6,0.0003999600039996,0.0003999600039996,2.34028442767098e-05,0.00043491421292674,0.00159541873729698,0.00157904305549607,0.00162735544895654,0.0111296797141423,4.7240033362872e-06,0.05,0.0020997900209979,0.0021997800219978,9.99900009999e-05,0.0020997900209979,0.0112988701129887,18
NAGLIPASYN-PWY,lipid IV<sub>A</sub> biosynthesis,5,0.0003999600039996,0.0003999600039996,8.62813577647281e-05,0.000477188989842836,0.0185491195015841,0.00211195800968445,0.0354270270803029,0.0104968932719205,1.74522308321601e-05,0.5,0.0188981101889811,0.002999700029997,9.99900009999e-05,0.0341965803419658,0.0161983801619838,18
PWY-3181,L-tryptophan degradation VI (via tryptamine),10,0.0003999600039996,0.0003999600039996,1.13034679949386e-08,0.0003967700923585,0.0118729721505011,1.9938038925526e-05,0.0138044889216332,1.15879063997988e-06,2.26537077985256e-09,1,0.0123987601239876,0.0012998700129987,9.99900009999e-05,0.0118988101189881,0.0005999400059994,18
PWY-5097,L-lysine biosynthesis VI,15,0.0003999600039996,0.0003999600039996,7.79804484873914e-07,0.000383340838900681,0.00326747623828339,7.77605092708568e-05,0.0040634244336526,0.00178645801475287,1.56301488307697e-07,0.5,0.0025997400259974,0.0004999500049995,9.99900009999e-05,0.0031996800319968,0.0028997100289971,18
PWY-5138,"unsaturated, even numbered fatty acid &beta;-oxidation",12,0.0003999600039996,0.0003999600039996,1.39842535444301e-05,0.000432597155549941,0.00641511132687944,0.000273796203277005,0.00683982353617196,0.000272921230945259,2.85774255082139e-06,1,0.0075992400759924,0.0012998700129987,9.99900009999e-05,0.0076992300769923,0.0018998100189981,18
PWY-5807,heptaprenyl diphosphate biosynthesis,5,0.0003999600039996,0.0003999600039996,4.90907352040937e-06,0.000428460373093798,0.00206089888857163,0.00101448647612501,0.00209958447342484,0.0284921968538675,9.83729207981732e-07,0.5,0.0022997700229977,0.0012998700129987,9.99900009999e-05,0.0022997700229977,0.0334966503349665,18
PWY-6290,&beta;-cubebene biosynthesis,2,0.0003999600039996,0.0003999600039996,3.16121795740365e-07,0.00034948737090551,0.00601147085580577,0.00080571405292398,0.00694350490716,0.000432612980666859,6.32398045041782e-08,1,0.0046995300469953,0.0006999300069993,9.99900009999e-05,0.0060993900609939,0.0003999600039996,18
PWY-6535,4-aminobutanoate degradation I,4,0.0003999600039996,0.0003999600039996,2.07876968774112e-05,0.000396700516240522,0.0100023604169543,0.00112835426258768,0.0110804589083494,0.000611877055517944,4.20492847064136e-06,1,0.0084991500849915,0.0013998600139986,9.99900009999e-05,0.0095990400959904,0.0005999400059994,18
PWY-6752,<i>o</i>-diquinones biosynthesis,8,0.0003999600039996,0.0003999600039996,1.51128942693646e-10,0.000412627181421488,0.00207870741806647,7.51506134011781e-06,0.00283360094982665,2.0938319738243e-05,3.02259328677224e-11,1,0.0025997400259974,0.0010998900109989,9.99900009999e-05,0.0030996900309969,0.001999800019998,18
PWY-7477,momilactone A biosynthesis,4,0.0003999600039996,0.0003999600039996,1.1282933530643e-05,0.00041377830489181,0.000882579516391686,0.0045867692095222,0.00088078892950938,0.115254252137888,2.26936199143601e-06,0.01,0.0010998900109989,0.0038996100389961,9.99900009999e-05,0.0010998900109989,0.119388061193881,18
PWY0-1021,L-alanine biosynthesis III,8,0.0003999600039996,0.0003999600039996,3.42945679653317e-05,0.000396747457501956,0.000564627466943045,0.00154778403348517,0.000565388097691355,0.0023297719850676,7.08312551322976e-06,0.01,0.000999900009999,0.0028997100289971,9.99900009999e-05,0.000999900009999,0.0038996100389961,18
PWY-6556,pyrimidine ribonucleosides salvage II,3,0.0004999500049995,0.0004999500049995,3.81744631705594e-06,0.000434625598196681,0.00263999072058115,0.000992248082036663,0.00274021325982066,0.00291462776743622,7.64712196565931e-07,0.5,0.0037996200379962,0.0012998700129987,9.99900009999e-05,0.0041995800419958,0.0042995700429957,18
PWY-6786,detoxification of reactive carbonyls in chloroplasts,12,0.0004999500049995,0.0004999500049995,1.43391220508438e-07,0.000559982200564468,0.0172288441675195,3.798086859882e-05,0.0281996202024087,4.34676141438066e-06,2.88907459067289e-08,1,0.017998200179982,0.001999800019998,0.0001999800019998,0.0254974502549745,0.0002999700029997,18
PWY-6814,chitin degradation III (carnivorous plants),43,0.0004999500049995,0.0004999500049995,3.78586051397178e-14,0.00071421853129644,0.00380918001986011,1.70908395473703e-09,0.0134366885154751,8.07777322171946e-09,7.54951656745106e-15,1,0.0041995800419958,0.0005999400059994,0.0002999700029997,0.0104989501049895,0.0005999400059994,18
PWY-7141,(3<i>S</i>)-linalool biosynthesis,7,0.0004999500049995,0.0004999500049995,4.9960036108132e-15,0.000445272242154959,0.00336251310490615,1.03029950496919e-07,0.00799099697271466,2.11479122795959e-08,1e-15,1,0.0040995900409959,0.0021997800219978,9.99900009999e-05,0.0057994200579942,0.0027997200279972,18
PWY-7193,pyrimidine ribonucleosides salvage I,10,0.0004999500049995,0.0004999500049995,3.57436025158475e-05,0.000444397792116358,0.00821690820478451,0.000736974661190306,0.00910487898688872,0.00933398319015395,7.23642953670556e-06,0.5,0.0058994100589941,0.0011998800119988,9.99900009999e-05,0.0064993500649935,0.0106989301069893,18
UDPNACETYLGALSYN-PWY,UDP-<i>N</i>-acetyl-D-glucosamine biosynthesis II,10,0.0004999500049995,0.0004999500049995,1.38486025349494e-05,0.000353910224232867,0.000510360942904568,0.000442910812203734,0.000513141470101619,0.00478114480002742,2.81950522873498e-06,0.5,0.000999900009999,0.0004999500049995,9.99900009999e-05,0.0010998900109989,0.0045995400459954,18
VALSYN-PWY,L-valine biosynthesis,6,0.0004999500049995,0.0004999500049995,8.65491252594053e-06,0.000437516511412162,0.810948848330418,0.000615364876295948,0.028297858202453,0.00664999278015489,1.73641078493603e-06,0.5,0.811418858114189,0.0007999200079992,9.99900009999e-05,0.0256974302569743,0.006999300069993,18
PWY-5837,"2-carboxy-1,4-naphthoquinol biosynthesis",10,0.0005999400059994,0.0005999400059994,4.65640879004914e-06,0.000587491921414607,0.0181808800634367,0.000211430701723886,0.0255757874306559,0.000154434052851414,9.41185338221295e-07,1,0.0176982301769823,0.0010998900109989,0.0001999800019998,0.0224977502249775,0.0003999600039996,18
PWY-5971,palmitate biosynthesis II (bacteria and plants),43,0.0005999400059994,0.0005999400059994,2.10943549400211e-06,0.000619222950860865,0.0073507453605708,2.10780826402117e-05,0.0123671706568228,4.53637349194165e-05,4.34669429671963e-07,1,0.007999200079992,0.0006999300069993,0.0001999800019998,0.0108989101089891,0.0006999300069993,18
PWY-622,starch biosynthesis,22,0.0005999400059994,0.0005999400059994,0.000146709164393077,0.000593693073280943,0.000723568418389876,0.000594449905463067,0.000726100252420814,0.00633140989592398,3.39194279487254e-05,0.5,0.0005999400059994,0.0005999400059994,0.0002999700029997,0.0005999400059994,0.0113988601139886,18
PWY-6543,4-aminobenzoate biosynthesis,5,0.0005999400059994,0.0005999400059994,5.57631678277937e-05,0.000611487690132861,0.0301096386484371,0.00128311253631776,0.0486227668687219,0.000345973583118085,1.16358008235284e-05,1,0.0316968303169683,0.0015998400159984,0.0001999800019998,0.0507949205079492,0.0003999600039996,18
PWY-5659,GDP-mannose biosynthesis,12,0.0006999300069993,0.0006999300069993,5.02690570002295e-05,0.0005958004377698,0.000396469142504348,0.0199671818772765,0.000396120064204752,0.225272847874729,1.05972248275465e-05,0.01,0.0005999400059994,0.0183981601839816,0.0001999800019998,0.0005999400059994,0.228077192280772,18
PWY-7199,pyrimidine deoxyribonucleosides salvage,7,0.0006999300069993,0.0006999300069993,0.000119953772509673,0.000718884186896196,0.00605416106706279,0.00126087495589253,0.00638215419060739,0.0010797953571863,2.52259572450786e-05,1,0.0067993200679932,0.0014998500149985,0.0001999800019998,0.0070992900709929,0.000999900009999,18
HISTSYN-PWY,L-histidine biosynthesis,11,0.0007999200079992,0.0007999200079992,0.000646166429653705,0.000767034367234631,0.0383137590847551,0.0020907631640085,0.0610512995520659,0.000850007110579366,0.000165534501679443,1,0.0381961803819618,0.0020997900209979,0.0001999800019998,0.0627937206279372,0.000999900009999,18
MANNOSYL-CHITO-DOLICHOL-BIOSYNTHESIS,protein <i>N</i>-glycosylation initial phase (eukaryotic),23,0.0007999200079992,0.0007999200079992,0.000222099251568075,0.00092915624170431,0.053252430221445,0.000681596882824958,0.122023776228007,0.000264956320794657,5.79887815541635e-05,1,0.0522947705229477,0.0010998900109989,0.0002999700029997,0.116488351164884,0.0008999100089991,18
PWY-6040,chlorogenic acid biosynthesis II,23,0.0007999200079992,0.0007999200079992,2.25747198712156e-12,0.000676768049422127,0.0238206565533375,8.14614946743575e-08,0.0718548480379392,1.1218991206922e-08,4.51527704115051e-13,1,0.0261973802619738,0.0014998500149985,0.0001999800019998,0.0620937906209379,0.0005999400059994,18
PWY-6527,stachyose degradation,11,0.0007999200079992,0.0007999200079992,7.91434388480172e-05,0.000812658043800763,0.000563213041283625,0.00108731217032686,0.000564441132602567,0.00271077878635135,1.71407048129568e-05,0.01,0.000999900009999,0.0017998200179982,0.0002999700029997,0.000999900009999,0.0037996200379962,18
PWY-6959,L-ascorbate degradation V,9,0.0007999200079992,0.0007999200079992,0.000192490524628275,0.000738790392688371,0.0600484364508694,0.00129803841974456,0.124853737738386,0.000344914434484734,4.48800917473013e-05,1,0.0578942105789421,0.0010998900109989,0.0002999700029997,0.124287571242876,0.0003999600039996,18
PWY-861,dhurrin biosynthesis,25,0.0007999200079992,0.0007999200079992,1.81504928753462e-07,0.000814230806624905,0.00358004815748081,2.5969004835045e-05,0.00749688951793837,0.000382391073175122,3.63558019245147e-08,0.05,0.0034996500349965,0.0016998300169983,0.0001999800019998,0.0062993700629937,0.0092990700929907,18
PWY-6124,inosine-5'-phosphate biosynthesis II,6,0.000999900009999,0.000999900009999,0.000138078231274097,0.000829051104148326,0.0338808805544091,0.00153597425611526,0.0843582425466857,0.00125587112791239,2.87992956133909e-05,1,0.0348965103489651,0.0022997700229977,0.0001999800019998,0.0847915208479152,0.0017998200179982,18
PWY-5989,stearate biosynthesis II (bacteria and plants),38,0.0010998900109989,0.0010998900109989,2.9307458165595e-05,0.00130067052999622,0.00656183405812533,0.000118151462991158,0.0109370222356125,0.000428018881607845,6.2671873877207e-06,1,0.0074992500749925,0.0010998900109989,0.0003999600039996,0.0118988101189881,0.0045995400459954,18
PWY-2261,ascorbate glutathione cycle,20,0.0011998800119988,0.0011998800119988,2.09505871151539e-05,0.00116893374636756,0.0831441192770586,0.000218274068573741,0.256484004394289,1.60422709545108e-05,5.8232531701119e-06,1,0.0835916408359164,0.0011998800119988,0.0004999500049995,0.238676132386761,0.0006999300069993,18
PWY-6039,chlorogenic acid biosynthesis I,35,0.0013998600139986,0.0013998600139986,1.52403549780189e-08,0.00147886420240617,0.843465564279568,1.90898894108046e-06,0.107270577105124,2.53548438738292e-05,3.05331326888592e-09,1,0.84001599840016,0.0013998600139986,0.0003999600039996,0.0902909709029097,0.0061993800619938,18
PWY-5098,chlorophyll <i>a</i> degradation I,9,0.0015998400159984,0.0015998400159984,5.37460659200129e-07,0.0015878891701977,0.0173034681233667,0.000128370160515723,0.0423338833856502,0.000759269838248004,1.07598402854237e-07,0.5,0.0168983101689831,0.0023997600239976,0.0003999600039996,0.0357964203579642,0.0068993100689931,18
PWY-6352,3-phosphoinositide biosynthesis,42,0.0015998400159984,0.0015998400159984,0.000454606770697863,0.00140251933545549,0.0218068878592162,0.00067741090758556,0.02955076809026,0.00150935889737414,0.000113892018766215,1,0.0211978802119788,0.0007999200079992,0.0004999500049995,0.0284971502849715,0.0042995700429957,18
LIPASYN-PWY,phospholipases,106,0.0016998300169983,0.0016998300169983,2.17841413067688e-05,0.00155943809925474,0.0766472938495932,4.35803447812741e-05,0.335561614312905,4.20541845758512e-05,5.47090185842869e-06,1,0.0737926207379262,0.0006999300069993,0.0006999300069993,0.307669233076692,0.002999700029997,18
PROUT-PWY,L-proline degradation,4,0.0016998300169983,0.0016998300169983,0.0010136297131495,0.00166366772754922,0.0349951340258525,0.004918033506805,0.0632841925895962,0.00255283578121409,0.000232901059232682,1,0.036996300369963,0.0046995300469953,0.0003999600039996,0.0638936106389361,0.003999600039996,18
PWY-8027,parkeol biosynthesis,2,0.0016998300169983,0.0016998300169983,0.000945987914061308,0.00226585379873506,0.0290121133939394,0.00732512911016735,0.0446032268640001,0.00402851497790708,0.000206436285688838,1,0.0267973202679732,0.005999400059994,0.0005999400059994,0.0424957504249575,0.0031996800319968,18
PWY-6803,phosphatidylcholine acyl editing,99,0.0017998200179982,0.0017998200179982,3.9659109226986e-05,0.00172010964688951,0.0152143190588536,6.75354750707158e-05,0.0282442434775978,0.000211652680215503,9.39481459172331e-06,1,0.0150984901509849,0.000999900009999,0.0005999400059994,0.0258974102589741,0.0073992600739926,18
PWY-7458,violdelphin biosynthesis,7,0.0017998200179982,0.0017998200179982,0.000333529088163587,0.00165051424761464,0.0191880093767521,0.00198097627902576,0.0406686869995907,0.00216802989311747,7.16915410912122e-05,1,0.0195980401959804,0.0043995600439956,0.0003999600039996,0.0421957804219578,0.0043995600439956,18
PWY-882,L-ascorbate biosynthesis I (L-galactose pathway),24,0.0020997900209979,0.0020997900209979,0.000602779603736003,0.00190670650965313,0.000792017192002811,0.0259194021728941,0.000792083217304285,0.0773237606931301,0.000174866871297752,0.01,0.0010998900109989,0.0395960403959604,0.0012998700129987,0.0010998900109989,0.101589841015898,18
PWYDQC-4,indole-3-acetate biosynthesis I,15,0.0025997400259974,0.0025997400259974,0.000196082783598894,0.00220958378055153,0.0381482447702342,0.000815486240458048,0.0698028685307368,0.00127457564136737,4.26468019434356e-05,1,0.040995900409959,0.0027997200279972,0.0005999400059994,0.0675932406759324,0.004999500049995,18
PWY-7464,"cyanidin 3,7-diglucoside polyacylation biosynthesis",7,0.0026997300269973,0.0026997300269973,0.00033361147630051,0.00291605537114265,0.0191880093767521,0.00198097627902576,0.0406686869995907,0.00216802989311747,7.17105742669144e-05,1,0.0176982301769823,0.0047995200479952,0.0007999200079992,0.0364963503649635,0.0057994200579942,18
PWY-5667,CDP-diacylglycerol biosynthesis I,29,0.0027997200279972,0.0027997200279972,0.00144259490377296,0.00297460668675031,0.071347958417196,0.00234217115280948,0.119880899614202,0.0107948995167128,0.000341917429366179,0.5,0.0672932706729327,0.0028997100289971,0.0007999200079992,0.119288071192881,0.0157984201579842,18
PWY-5968,cinnamate esters biosynthesis,7,0.0027997200279972,0.0027997200279972,1.04284132716459e-05,0.00284466168851028,0.0173869522266279,0.00045968210293504,0.0459684387859225,0.0010188591124909,2.09985497190424e-06,1,0.0170982901709829,0.0064993500649935,0.0006999300069993,0.0398960103989601,0.0108989101089891,18
PWY-6163,chorismate biosynthesis from 3-dehydroquinate,7,0.002999700029997,0.002999700029997,0.000158347271233206,0.00338619586955125,0.00839660695548928,0.010582044696011,0.0134631647962695,0.20767219165746,3.19649275972722e-05,0.05,0.0097990200979902,0.022997700229977,0.0007999200079992,0.0128987101289871,0.233076692330767,18
PWY-4361,<i>S</i>-methyl-5-thio-&alpha;-D-ribose 1-phosphate degradation I,11,0.0030996900309969,0.0030996900309969,0.000226479890957532,0.00329712979534325,0.0330360852472805,0.00116405181868728,0.0885385322127136,0.000604212431051873,5.12249439877932e-05,1,0.032996700329967,0.0045995400459954,0.000999900009999,0.0795920407959204,0.0038996100389961,18
PWY-1061,homogalacturonan biosynthesis,25,0.0031996800319968,0.0031996800319968,0.00137877181482721,0.00335954994520193,0.0669950028318168,0.0019682845890501,0.214406604720704,0.00210798140497247,0.000380905660981701,1,0.067993200679932,0.002999700029997,0.0011998800119988,0.214378562143786,0.0032996700329967,18
PWY-5723,Rubisco shunt,38,0.0031996800319968,0.0031996800319968,0.000481410379255642,0.00312137484622277,0.0285579233414379,0.000808987894562759,0.039375827992793,0.00282696546349134,0.000114467347576475,0.5,0.0305969403059694,0.0017998200179982,0.0011998800119988,0.0414958504149585,0.0063993600639936,18
PWY-4201,volatile cinnamoic ester biosynthesis,4,0.0033996600339966,0.0033996600339966,5.23791574673083e-05,0.0040656788463081,0.0122764043830573,0.00155032041465643,0.0142591136457275,0.00149813664918492,1.0638999422774e-05,1,0.0115988401159884,0.0092990700929907,0.0010998900109989,0.0110988901109889,0.0270972902709729,18
THIOREDOX-PWY,thioredoxin pathway,20,0.0033996600339966,0.0033996600339966,0.000758204980533084,0.00300378757364961,0.0338491291171482,0.00149230038236486,0.0488434744104718,0.00176357242381373,0.000188407641832034,1,0.0325967403259674,0.0024997500249975,0.0010998900109989,0.0457954204579542,0.0032996700329967,18
PWY-6773,"1,3-&beta;-D-glucan biosynthesis",14,0.0034996500349965,0.0034996500349965,0.000350253906448439,0.00346928627665832,0.0171463757715733,0.0011837510359356,0.0276920920075359,0.00190897145721015,7.80490045023674e-05,1,0.0186981301869813,0.0040995900409959,0.000999900009999,0.0266973302669733,0.0093990600939906,18
PWY4FS-10,scopolin biosynthesis,6,0.0036996300369963,0.0036996300369963,1.45945064342623e-05,0.00434693424957733,0.0152254042779513,0.000675009026189187,0.0395332152816309,0.00226335827713003,2.93616259383622e-06,0.5,0.0160983901609839,0.0106989301069893,0.0010998900109989,0.0342965703429657,0.0176982301769823,18
SUCSYN-PWY,sucrose biosynthesis I (from photosynthesis),33,0.0037996200379962,0.0037996200379962,0.000487869269482744,0.00379794049097099,0.0140679352077789,0.000891495360204402,0.0170030634342274,0.000579608714642835,0.00013751682644747,1,0.0137986201379862,0.0023997600239976,0.0018998100189981,0.0158984101589841,0.0041995800419958,18
PWY-3742,tetrahydrofolate biosynthesis II,20,0.0038996100389961,0.0038996100389961,0.00292157619857975,0.00399013161872525,0.0837041896623392,0.00384591291655124,0.180760248030464,0.008691330477718,0.000757729214537872,0.5,0.0826917308269173,0.0035996400359964,0.0011998800119988,0.178182181781822,0.007999200079992,18
PWY-116,coniferin metabolism,6,0.0040995900409959,0.0040995900409959,1.45945064342623e-05,0.00461623713779602,0.0152254042779513,0.000675009026189187,0.0395332152816309,0.00226335827713003,2.93616259383622e-06,0.5,0.0155984401559844,0.0096990300969903,0.0011998800119988,0.0323967603239676,0.0192980701929807,18
PWY-695,abscisic acid biosynthesis,9,0.0043995600439956,0.0043995600439956,0.00124051263738645,0.00476395629438853,0.013774145445619,0.00328124523282357,0.0157937218697577,0.0028160661354794,0.000309127995061664,1,0.013998600139986,0.0063993600639936,0.0016998300169983,0.0155984401559844,0.0058994100589941,18
PWY-6717,"(1,4)-&beta;-D-xylan degradation",22,0.0044995500449955,0.0044995500449955,0.000408968599599435,0.00428667904047431,0.0953814421970042,0.00115781694896815,0.197472887413667,0.000250028793367693,0.000136090035681713,1,0.0923907609239076,0.0062993700629937,0.0035996400359964,0.18018198180182,0.0013998600139986,18
PWY-5176,coumarin biosynthesis (via 2-coumarate),6,0.0045995400459954,0.0045995400459954,1.45945064342623e-05,0.00420110035343935,0.0152254042779513,0.000675009026189187,0.0395332152816309,0.00226335827713003,2.93616259383622e-06,0.5,0.0138986101389861,0.0076992300769923,0.0010998900109989,0.0340965903409659,0.01999800019998,18
PWY-6801,volatile esters biosynthesis (during fruit ripening),20,0.004999500049995,0.004999500049995,7.97413746533859e-05,0.00482533078216668,0.0102621537539701,0.000451392489341452,0.0111208272693997,0.0018484893548725,1.67338623289215e-05,0.5,0.0092990700929907,0.0057994200579942,0.0016998300169983,0.0087991200879912,0.0183981601839816,18
PWY-6333,acetaldehyde biosynthesis I,11,0.0053994600539946,0.0053994600539946,0.000305860460131202,0.00494628837743072,0.0681894441449962,0.00152167948089311,0.162565328389548,0.000231054741012696,8.81668568398775e-05,1,0.0692930706929307,0.0075992400759924,0.0017998200179982,0.146185381461854,0.0032996700329967,18
PYRUVDEHYD-PWY,pyruvate decarboxylation to acetyl CoA,18,0.0057994200579942,0.0057994200579942,0.0036941395355804,0.00534120842506569,0.0632874665607272,0.00441734153311092,0.0530962224039631,0.00602754305860902,0.00107882331572462,1,0.0611938806119388,0.0040995900409959,0.0018998100189981,0.0501949805019498,0.0076992300769923,18
PWY-5486,pyruvate fermentation to ethanol II,15,0.0058994100589941,0.0058994100589941,0.000554844565035073,0.0059229210027783,0.0867608636786411,0.00228475873924823,0.214885321849591,0.000196081093991271,0.000289121312078922,1,0.0891910808919108,0.006999300069993,0.0034996500349965,0.192280771922808,0.0024997500249975,18
GLYSYN-ALA-PWY,glycine biosynthesis III,5,0.0061993800619938,0.0061993800619938,0.00472773266630217,0.00624943983750592,0.0302590949044966,0.00896040712779835,0.0501045252673195,0.00931689488615254,0.00127242567919317,1,0.0327967203279672,0.0094990500949905,0.0017998200179982,0.0508949105089491,0.0111988801119888,18
GLUTATHIONESYN-PWY,glutathione biosynthesis,4,0.0063993600639936,0.0063993600639936,0.00409887572883894,0.00674778707429874,0.052146378405541,0.00986676770505566,0.0750125415405535,0.00369156840783754,0.00122623901994379,1,0.054994500549945,0.0118988101189881,0.0030996900309969,0.0742925707429257,0.0032996700329967,18
PWY-6120,L-tyrosine biosynthesis III,5,0.0064993500649935,0.0064993500649935,0.000518347355439597,0.00598374100091459,0.0224012564794754,0.0031341120993907,0.0266634872243745,0.00237243185245317,0.000113333841233132,1,0.0227977202279772,0.0104989501049895,0.0018998100189981,0.0237976202379762,0.0077992200779922,18
PWY-6762,salicylate glucosides biosynthesis IV,7,0.0075992400759924,0.0075992400759924,0.000140718680980811,0.007485100532516,0.0181544172908821,0.00190598178936941,0.0459684387859225,0.0151037298698003,2.86825199599106e-05,0.5,0.0173982601739826,0.0146985301469853,0.001999800019998,0.0368963103689631,0.0638936106389361,18
PWY-3341,L-proline biosynthesis III,5,0.0083991600839916,0.0083991600839916,0.00617303090989957,0.00801358972081107,0.0582636723698931,0.0109912938290503,0.112510308810141,0.00529000517426959,0.00198243348879013,1,0.0558944105589441,0.0108989101089891,0.002999700029997,0.111288871112889,0.0057994200579942,18
PWY-5805,nonaprenyl diphosphate biosynthesis I,3,0.0088991100889911,0.0088991100889911,0.00491907692678734,0.00862301068377691,0.0221459503886247,0.0156080269375255,0.0208500890346955,0.0940365380260424,0.00117777627449267,0.5,0.025997400259974,0.0178982101789821,0.0022997700229977,0.0247975202479752,0.092990700929907,18
PWY-6360,flavonol glucosylation I,23,0.0091990800919908,0.0091990800919908,0.000420311365398884,0.00826381632800344,0.0651583529585984,0.00107946065030339,0.170281723899466,0.00306383683731034,9.41376748789802e-05,0.5,0.0657934206579342,0.0063993600639936,0.0026997300269973,0.149385061493851,0.0174982501749825,18
PWY-5084,2-oxoglutarate decarboxylation to succinyl-CoA,8,0.0094990500949905,0.0094990500949905,0.00291866936394308,0.0101255278031903,0.0988049019792127,0.00751301149419377,0.323012531341975,0.00117929713747267,0.00138834242089969,1,0.0995900409959004,0.0151984801519848,0.0052994700529947,0.304469553044696,0.0043995600439956,18
PWY-5453,methylglyoxal degradation III,9,0.0100989901009899,0.0100989901009899,0.000598266695641669,0.0105788095111922,0.0360165297379453,0.00242519989482783,0.0461446838839378,0.000518679865564792,0.0001675602342599,1,0.0365963403659634,0.0154984501549845,0.0062993700629937,0.0382961703829617,0.0050994900509949,18
PWY-66,GDP-L-fucose biosynthesis I (from GDP-D-mannose),5,0.0105989401059894,0.0105989401059894,0.00120590947070309,0.0125145711155384,0.0623110069075729,0.00481483968720576,0.182471933463978,0.00137874401752331,0.000313229105055268,1,0.0626937306269373,0.018998100189981,0.0043995600439956,0.14018598140186,0.0102989701029897,18
ARGASEDEG-PWY,L-arginine degradation I (arginase pathway),5,0.0107989201079892,0.0107989201079892,0.0077463132737311,0.0114798826851318,0.0702630389795587,0.0133100923084498,0.112510308810141,0.00459375545741097,0.00302959720846918,1,0.0702929707029297,0.0136986301369863,0.0055994400559944,0.112088791120888,0.0061993800619938,18
PWY-5068,chlorophyll cycle,7,0.0115988401159884,0.0115988401159884,0.00610305596368504,0.0111090560791118,0.0162303769476963,0.0152775387760222,0.0186993844938718,0.0376342774212731,0.00163308456356726,0.05,0.015998400159984,0.0154984501549845,0.0040995900409959,0.017998200179982,0.0421957804219578,18
PWY-3461,L-tyrosine biosynthesis II,4,0.012998700129987,0.012998700129987,0.0108938227790195,0.012790639339356,0.0196124895246586,0.0154266788609123,0.0213882807517669,0.0250625423597554,0.00389693320763651,1,0.0170982901709829,0.0136986301369863,0.0061993800619938,0.0196980301969803,0.0210978902109789,18
PWY-6922,L-<i>N<sup>&delta;</sup></i>-acetylornithine biosynthesis,7,0.0137986201379862,0.0137986201379862,0.00986251562839846,0.0129118943247968,0.0572333918385455,0.0125068698997972,0.108104986076766,0.0084048956501722,0.00354888709246393,1,0.0530946905309469,0.0127987201279872,0.0065993400659934,0.107889211078892,0.0076992300769923,18
PWY-641,proanthocyanidins biosynthesis from flavanols,7,0.0142985701429857,0.0142985701429857,0.0108350549016395,0.0143957243718878,0.0125935346994663,0.0285399849837661,0.0129205761398681,0.10308379157221,0.00384204903278818,0.01,0.0130986901309869,0.028997100289971,0.0064993500649935,0.0135986401359864,0.106189381061894,18
BSUBPOLYAMSYN-PWY,spermidine biosynthesis I,7,0.0143985601439856,0.0143985601439856,0.0121364314764468,0.0140434548310529,0.0554744403925149,0.0149641556245345,0.0833056500768486,0.00918783420413712,0.00483932466740955,1,0.0557944205579442,0.0150984901509849,0.0075992400759924,0.0806919308069193,0.0077992200779922,18
PWY0-166,superpathway of pyrimidine deoxyribonucleotides <i>de novo</i> biosynthesis (<i>E. coli</i>),28,0.0143985601439856,0.0143985601439856,0.00697992112407209,0.014032198769012,0.028738361813563,0.00623493197081331,0.0310370902606489,0.00891347847934001,0.00265330489811544,1,0.0274972502749725,0.0096990300969903,0.0081991800819918,0.0300969903009699,0.0161983801619838,18
PWY-3561,choline biosynthesis III,22,0.0154984501549845,0.0154984501549845,0.0061489892062116,0.014703411548907,0.0601626986357493,0.00623936344291764,0.0839212835381331,0.00543977512189149,0.00226798060818778,1,0.0572942705729427,0.0098990100989901,0.0085991400859914,0.076992300769923,0.0107989201079892,18
ALANINE-DEG3-PWY,L-alanine degradation III,5,0.0171982801719828,0.0171982801719828,0.00644555235176048,0.0183034743511072,0.0556747359630641,0.0119579760571712,0.0768945346793434,0.00413295246180847,0.00238338856094911,1,0.0503949605039496,0.0218978102189781,0.0088991100889911,0.061993800619938,0.0125987401259874,18
PHOSLIPSYN2-PWY,superpathway of phospholipid biosynthesis II (plants),4,0.0175982401759824,0.0175982401759824,0.0160394824294874,0.0182919101705678,0.0697787012578609,0.0181555693322594,0.11858150112822,0.00845025563252144,0.00861893028713245,1,0.0682931706829317,0.0170982901709829,0.0131986801319868,0.116288371162884,0.0085991400859914,18
PWY-7411,phosphatidate biosynthesis (yeast),32,0.0181981801819818,0.0181981801819818,0.00946134544848021,0.017134791879334,0.0757967697883248,0.00797256787600162,0.131430941098048,0.022228386053214,0.00295956160934896,0.5,0.0775922407759224,0.0094990500949905,0.006999300069993,0.134086591340866,0.0417958204179582,18
PWY-1001,cellulose biosynthesis,19,0.0191980801919808,0.0191980801919808,0.00531110435060606,0.0175977966959918,0.0459965311363734,0.0061343075618717,0.0709285666378239,0.0136122792975481,0.00149371481313898,0.5,0.047995200479952,0.0134986501349865,0.0068993100689931,0.0697930206979302,0.0330966903309669,18
PWY-5083,NAD/NADH phosphorylation and dephosphorylation,52,0.0192980701929807,0.0192980701929807,0.00468465941850615,0.0181434368692091,0.175641881877874,0.00413387034508343,0.40096413936976,0.0030306582752929,0.00204378787171844,1,0.178582141785821,0.0093990600939906,0.0105989401059894,0.387861213878612,0.0145985401459854,18
ALANINE-SYN2-PWY,L-alanine biosynthesis II,5,0.0195980401959804,0.0195980401959804,0.00645370688535457,0.0206073727818106,0.0556747359630641,0.0119579760571712,0.0768945346793434,0.00413295246180847,0.0023889701341393,1,0.056994300569943,0.0254974502549745,0.0116988301169883,0.0693930606939306,0.0115988401159884,18
TYRFUMCAT-PWY,L-tyrosine degradation I,8,0.0195980401959804,0.0195980401959804,0.0114360975635259,0.0191600572491818,0.0392665945282901,0.0131191813482688,0.0496094468835298,0.0132501201409504,0.00416497421873085,1,0.0404959504049595,0.0170982901709829,0.0096990300969903,0.0488951104889511,0.0183981601839816,18
PWY-1422,vitamin E biosynthesis (tocopherols),13,0.0208979102089791,0.0208979102089791,0.0100667492585012,0.0198147223943806,0.0851060658923385,0.00994516760225365,0.218676742775688,0.0116991351914711,0.00338667210256471,1,0.0856914308569143,0.0140985901409859,0.0094990500949905,0.214178582141786,0.0164983501649835,18
PWY-6619,adenine and adenosine salvage VI,2,0.0211978802119788,0.0211978802119788,0.0231745758597964,0.023486281464048,0.0462085907352356,0.0157475797239485,0.076142619375,0.00901185295283999,0.141105909594154,1,0.0454954504549545,0.0155984401559844,0.15038496150385,0.0756924307569243,0.0092990700929907,18
DETOX1-PWY,superoxide radicals degradation,10,0.0215978402159784,0.0215978402159784,0.0157723508162608,0.0199232138919885,0.0155143537109882,0.0263859873176525,0.0162026368514271,0.0535540062578414,0.00744065690615781,0.01,0.0153984601539846,0.0287971202879712,0.014998500149985,0.0150984901509849,0.0540945905409459,18
PWY-5864,superpathway of plastoquinol biosynthesis,5,0.0216978302169783,0.0216978302169783,0.0145706267210723,0.0217754986874547,0.0350571763662249,0.0183821390985812,0.0345080703904923,0.0489569197526974,0.00473815643646136,0.5,0.0377962203779622,0.0205979402059794,0.0091990800919908,0.0363963603639636,0.0537946205379462,18
PWY-7186,superpathway of scopolin and esculin biosynthesis,11,0.0222977702229777,0.0222977702229777,0.00326818948293889,0.0211002256941506,0.0445044195950179,0.00767230842320734,0.0712810455862908,0.0878199081579557,0.000739469511591651,0.05,0.0420957904209579,0.0245975402459754,0.0066993300669933,0.05999400059994,0.139386061393861,18
PWY-922,mevalonate pathway I,15,0.0228977102289771,0.0228977102289771,0.0125551400851681,0.0219564298599435,0.065720921746755,0.0115100353165986,0.0779210940094982,0.0131035042824332,0.00482247828645488,1,0.0663933606639336,0.0143985601439856,0.0121987801219878,0.0771922807719228,0.0205979402059794,18
PWY-3101,flavonol biosynthesis,33,0.0236976302369763,0.0236976302369763,0.00139156572903149,0.0223649864924159,0.0808697432730539,0.00222216932819368,0.180361476489883,0.0098557915833933,0.000330624122121814,0.5,0.0821917808219178,0.0160983901609839,0.0080991900809919,0.16008399160084,0.0493950604939506,18
PWY-282,cuticular wax biosynthesis,11,0.0237976202379762,0.0237976202379762,0.0154617413813365,0.0228113068365879,0.0175549535728108,0.020429634334924,0.0173992505158718,0.0662058589908601,0.00689383185335624,0.5,0.0180981901809819,0.0272972702729727,0.0175982401759824,0.0171982801719828,0.0800919908009199,18
PWY0-1319,CDP-diacylglycerol biosynthesis II,21,0.0242975702429757,0.0242975702429757,0.0118418180426408,0.0221575879267174,0.0786864042691257,0.010899116468331,0.158727818135643,0.0235499418611626,0.003707384586221,0.5,0.0776922307769223,0.0132986701329867,0.00999900009999,0.157984201579842,0.0313968603139686,18
ETHYL-PWY,ethylene biosynthesis I (plants),19,0.0243975602439756,0.0243975602439756,0.0169757544027164,0.0229482682742905,0.0143419909169797,0.0476910017013232,0.0145281182018402,0.0305089637405978,0.00977133150183529,0.01,0.0141985801419858,0.0594940505949405,0.025997400259974,0.0136986301369863,0.0516948305169483,18
FASYN-ELONG-PWY,fatty acid elongation -- saturated,12,0.0248975102489751,0.0248975102489751,0.0115990033045824,0.0252394698895874,0.0691580285233917,0.0133851906693709,0.102737300309212,0.00653559371499799,0.00556723903079548,1,0.0693930606939306,0.0223977602239776,0.0173982601739826,0.0957904209579042,0.013998600139986,18
PWY-101,photosynthesis light reactions,32,0.0248975102489751,0.0248975102489751,0.00721456066484266,0.0228420296769771,0.0942915755007943,0.00587086876482717,0.179968271829316,0.0198659030374279,0.00218769916424022,0.5,0.0994900509949005,0.0126987301269873,0.0102989701029897,0.177082291770823,0.0355964403559644,18
PWY-6115,"avenacin biosynthesis, initial reactions",12,0.024997500249975,0.024997500249975,0.00487021744889776,0.0239342300422211,0.0586691277501466,0.00683740766147655,0.133330718446189,0.00407935248835048,0.0016358296177007,1,0.0598940105989401,0.0222977702229777,0.0107989201079892,0.113388661133887,0.0215978402159784,18
PWY-4302,aerobic respiration III (alternative oxidase pathway),62,0.0252974702529747,0.0252974702529747,0.00541779776625523,0.0237233018265477,0.180308033055875,0.00478517260225315,0.457180691498138,0.00301811770830103,0.00265144171629839,1,0.179082091790821,0.0141985801419858,0.0153984601539846,0.428957104289571,0.0143985601439856,18
PWY-63,UDP-&beta;-L-arabinose biosynthesis I (from UDP-&alpha;-D-xylose),3,0.0253974602539746,0.0253974602539746,0.0273428862927479,0.0270082797314841,0.0206190435374083,0.0249659792996191,0.0210893841607169,0.0268609878712719,0.101445724603579,0.01,0.0195980401959804,0.0247975202479752,0.138386161383862,0.0205979402059794,0.0260973902609739,18
PWY-7388,"octanoyl-[acyl-carrier protein] biosynthesis (mitochondria, yeast)",18,0.0253974602539746,0.0253974602539746,0.0199531333956692,0.0243566003560055,0.0951559282682073,0.0229019173658547,0.150077315084725,0.00779008413401755,0.0161227872314205,1,0.0936906309369063,0.0220977902209779,0.02999700029997,0.148685131486851,0.0090990900909909,18
PWY-7206,pyrimidine deoxyribonucleotides dephosphorylation,16,0.0257974202579742,0.0257974202579742,0.0180739494367665,0.0241613196063086,0.0173168046899482,0.0238472155447753,0.0178552122637858,0.0272893550789325,0.0118573935903483,0.01,0.0178982101789821,0.0300969903009699,0.0275972402759724,0.0178982101789821,0.0387961203879612,18
NONOXIPENT-PWY,pentose phosphate pathway (non-oxidative branch),14,0.0263973602639736,0.0263973602639736,0.0185131922346874,0.0261579728787936,0.014872039802793,0.146357451978814,0.014691235402557,0.236122306708982,0.00801177556296229,0.01,0.0156984301569843,0.149085091490851,0.0187981201879812,0.0154984501549845,0.244575542445755,18
PWY-4203,volatile benzenoid biosynthesis I (ester formation),28,0.0264973502649735,0.0264973502649735,0.0188611222844149,0.0249828997862061,0.0146185252229093,0.0259097637484559,0.0155344524295393,0.0756072389913705,0.0123978611152402,0.05,0.0132986701329867,0.0587941205879412,0.0526947305269473,0.0120987901209879,0.146385361463854,18
PWY0-501,lipoate biosynthesis and incorporation I,5,0.0267973202679732,0.0267973202679732,0.0197246325855722,0.0266359030877764,0.0217981128587009,0.0469214989204264,0.0212028534183307,0.314190855865025,0.00729610492956612,0.05,0.0231976802319768,0.0471952804719528,0.0131986801319868,0.021997800219978,0.312068793120688,18
PWY-6367,D-<i>myo</i>-inositol-5-phosphate metabolism,8,0.0268973102689731,0.0268973102689731,0.0182769095475501,0.0256062896877515,0.0447943223196962,0.0183715278393754,0.0898407360001555,0.0173342517692186,0.00779544789005005,1,0.045995400459954,0.0192980701929807,0.0154984501549845,0.0936906309369063,0.0213978602139786,18
LEUSYN-PWY,L-leucine biosynthesis,10,0.0273972602739726,0.0273972602739726,0.0194442341132076,0.0250717944109621,0.0367208544084147,0.0251869660957362,0.0401486406479181,0.00968186154809841,0.0160984837779808,1,0.0396960303969603,0.0265973402659734,0.0318968103189681,0.043995600439956,0.0120987901209879,18
PWY-4041,&gamma;-glutamyl cycle,3,0.0281971802819718,0.0281971802819718,0.0280380453019839,0.0291574751863362,0.0365276332300416,0.0186435014650212,0.0455823270813079,0.0201305556647934,0.0388124270376057,1,0.0354964503549645,0.018998100189981,0.0541945805419458,0.0433956604339566,0.0202979702029797,18
PWY-7224,purine deoxyribonucleosides salvage,9,0.0291970802919708,0.0291970802919708,0.0261052539408898,0.0301188399546179,0.109604327936046,0.0255627735909218,0.193170000837459,0.0127979011871102,0.016463462995588,1,0.107589241075892,0.026997300269973,0.0300969903009699,0.191980801919808,0.0121987801219878,18
PWY-7187,pyrimidine deoxyribonucleotides <i>de novo</i> biosynthesis II,17,0.0300969903009699,0.0300969903009699,0.0217222896594941,0.0290415296473646,0.0183661582918676,0.0365002296978472,0.0189605180079042,0.0468146085488863,0.0134561746254427,0.01,0.0195980401959804,0.0441955804419558,0.0323967603239676,0.0198980101989801,0.0571942805719428,18
PWY-7484,"phytocassanes biosynthesis, shared reactions",10,0.0315968403159684,0.0315968403159684,0.00780133451144077,0.032431178801098,0.0294919202660867,0.0096098761690419,0.0436866238838445,0.0197646915572573,0.00232731242957918,0.5,0.0317968203179682,0.0352964703529647,0.0187981201879812,0.0380961903809619,0.0664933506649335,18
PWY-5125,anthocyanin biosynthesis,13,0.0322967703229677,0.0322967703229677,0.0214893268919937,0.0326238488112651,0.0247691080487512,0.026837740312747,0.0238624019962952,0.146442403328117,0.00937043791304826,0.5,0.0260973902609739,0.0355964403559644,0.0253974602539746,0.0238976102389761,0.166183381661834,18
GLNSYN-PWY,L-glutamine biosynthesis I,5,0.0328967103289671,0.0328967103289671,0.0282582322049317,0.032638801298233,0.0873435828694258,0.02290101165856,0.158364788996003,0.0160343640268463,0.0186265794415839,1,0.0871912808719128,0.0236976302369763,0.0303969603039696,0.153584641535846,0.0164983501649835,18
PROSYN-PWY,L-proline biosynthesis I,4,0.0331966803319668,0.0331966803319668,0.0305309415313437,0.032830204419923,0.0547916005034716,0.0225338237493617,0.0910695483870432,0.0158390121899052,0.0366970187024618,1,0.0542945705429457,0.0215978402159784,0.053994600539946,0.0923907609239076,0.0170982901709829,18
PWY0-1507,biotin biosynthesis from 8-amino-7-oxononanoate I,7,0.0333966603339666,0.0333966603339666,0.0283559239602642,0.0317760919014359,0.0247905017871193,0.0396878068854694,0.0259113552028225,0.0466006837094704,0.0196879495409282,0.01,0.0248975102489751,0.0375962403759624,0.0326967303269673,0.0253974602539746,0.0483951604839516,18
PWY4FS-2,phosphatidylcholine biosynthesis II,13,0.0368963103689631,0.0368963103689631,0.0217238941731855,0.0361637593656334,0.12376702827076,0.0242090015315998,0.237592263379436,0.00872707937827648,0.015871324911316,1,0.127987201279872,0.028997100289971,0.0351964803519648,0.231376862313769,0.0155984401559844,18
PWY-6964,ammonia assimilation cycle II,6,0.0375962403759624,0.0375962403759624,0.0339389290702128,0.0385335819066637,0.10031723548297,0.0273931850052842,0.186891172837772,0.0157963941946071,0.0304518488191153,1,0.101689831016898,0.0281971802819718,0.0502949705029497,0.187381261873813,0.0166983301669833,18
GLYOXYLATE-BYPASS,glyoxylate cycle,17,0.0385961403859614,0.0385961403859614,0.02977219998986,0.036959238023401,0.0372153038471567,0.0271223511903018,0.0400848518988881,0.0312719967395852,0.0211402917461816,1,0.0367963203679632,0.0280971902809719,0.0411958804119588,0.0412958704129587,0.0415958404159584,18
ARG-PRO-PWY,L-arginine degradation VI (arginase 2 pathway),4,0.0387961203879612,0.0387961203879612,0.0369194652028176,0.040004576706726,0.0834875518260613,0.0285448558855761,0.135236587559056,0.0132333307781308,0.16000724135238,1,0.0876912308769123,0.0320967903209679,0.216478352164784,0.136186381361864,0.013998600139986,18
PWY-7205,CMP phosphorylation,10,0.0401959804019598,0.0401959804019598,0.0327718823070551,0.0410325670650142,0.0847673663733511,0.0243492155800682,0.151281685590113,0.0375791221346919,0.0149293536803817,1,0.0818918108189181,0.0252974702529747,0.0271972802719728,0.149185081491851,0.036996300369963,18
PWY-5046,2-oxoisovalerate decarboxylation to isobutanoyl-CoA,9,0.0405959404059594,0.0405959404059594,0.0269983984167591,0.0399935980722009,0.0922155063801241,0.0254064779119667,0.167323586933067,0.0146601396802289,0.0162838753755724,1,0.0891910808919108,0.0290970902909709,0.0312968703129687,0.163783621637836,0.0238976102389761,18
PWY-6663,plant sterol biosynthesis II,28,0.0407959204079592,0.0407959204079592,0.0083468840865028,0.0408819457426436,0.0433818436348003,0.00812542601352725,0.0508197358584507,0.00639128075780438,0.00361015409341725,1,0.0472952704729527,0.0347965203479652,0.0311968803119688,0.0507949205079492,0.0482951704829517,18
GLUT-REDOX-PWY,glutathione-glutaredoxin redox reactions,5,0.0433956604339566,0.0433956604339566,0.0308170644427285,0.046517487584899,0.0636723383838537,0.0253919283868076,0.104079940377296,0.0147239412578333,0.0334170084667054,1,0.0634936506349365,0.0338966103389661,0.056994300569943,0.0998900109989001,0.0286971302869713,18
PWY-701,L-methionine degradation II,2,0.0437956204379562,0.0437956204379562,0.0495611688538455,0.0496377048486403,0.0704889945014142,0.0339599400400983,0.104716914364,0.0208091898349163,0.541257282745693,1,0.0684931506849315,0.0330966903309669,0.58024197580242,0.103089691030897,0.0212978702129787,18
PWY-7184,pyrimidine deoxyribonucleotides <i>de novo</i> biosynthesis I,42,0.043995600439956,0.043995600439956,0.0252952361545092,0.0407159309764514,0.0430232955591754,0.0199385381006857,0.0461925068052858,0.0223672960030965,0.0172457613197915,1,0.0467953204679532,0.0281971802819718,0.0501949805019498,0.0475952404759524,0.0398960103989601,18
PWY-5905,hypusine biosynthesis,4,0.0446955304469553,0.0446955304469553,0.0412154704027237,0.0435585053545451,0.0253217403362748,0.0481530705960538,0.0255965714592428,0.0944668575530496,0.0858709736770084,0.01,0.025997400259974,0.0511948805119488,0.122987701229877,0.025997400259974,0.0948905109489051,18
PWY-5925,hydroxylated mugineic acid phytosiderophore biosynthesis,8,0.0446955304469553,0.0446955304469553,0.0276409757534458,0.0509157317947419,0.0340922677962197,0.025463200977679,0.0398899760404929,0.0365995045917117,0.0166826442397052,1,0.0350964903509649,0.0648935106489351,0.0604939506049395,0.0352964703529647,0.104289571042896,18
DTDPRHAMSYN-PWY,dTDP-L-rhamnose biosynthesis,3,0.0488951104889511,0.0488951104889511,0.0512367559694056,0.0523324122269759,0.0464976427577861,0.0369996629372644,0.0513433314018472,0.0335663475352927,0.550787026832439,1,0.0474952504749525,0.0363963603639636,0.588841115888411,0.0522947705229477,0.0350964903509649,18
PWY-7995,tricin biosynthesis,24,0.04999500049995,0.04999500049995,0.00721840971256671,0.0482142192401793,0.112737353015846,0.00628723454507262,0.186633660642573,0.0140165435036107,0.00222714003717917,0.5,0.119388061193881,0.0306969303069693,0.0242975702429757,0.165083491650835,0.0621937806219378,18
PWY-6369,inositol diphosphates biosynthesis,3,0.0513948605139486,0.0513948605139486,0.0584722488269697,0.0550982294389705,0.0736308181630806,0.0368258441438092,0.12214701390404,0.0270354250456429,0.550795077592813,1,0.0724927507249275,0.0350964903509649,0.586141385861414,0.120887911208879,0.0243975602439756,18
PWY-5934,iron reduction and absorption,2,0.0535946405359464,0.0535946405359464,0.0573004942551592,0.0613388334686086,0.035560406632291,0.0546134223500359,0.035059205404,0.0803286245606906,0.541417166572248,0.05,0.037996200379962,0.0570942905709429,0.583641635836416,0.0383961603839616,0.0820917908209179,18
PWY-7478,oryzalexin D and E biosynthesis,6,0.0535946405359464,0.0535946405359464,0.0216046185857379,0.0570974219548383,0.0855679616592668,0.0205659458893348,0.194732136699255,0.0163083715564178,0.00948721566507782,1,0.0827917208279172,0.0473952604739526,0.033996600339966,0.161183881611839,0.0523947605239476,18
PWY-5048,rosmarinic acid biosynthesis I,25,0.0552944705529447,0.0552944705529447,0.0198328132266682,0.056429722831962,0.0751206313562961,0.0140466946951337,0.125305275559647,0.0237965563890046,0.00846799559542244,1,0.0750924907509249,0.0380961903809619,0.0383961603839616,0.111588841115888,0.0703929607039296,18
PWY-5921,glutaminyl-tRNA<sup>gln</sup> biosynthesis via transamidation,34,0.0552944705529447,0.0552944705529447,0.0438284123533944,0.0537170487754419,0.0262809002511996,0.29003037371811,0.0258500987659378,0.178655149276646,0.0339277879701804,0.01,0.0277972202779722,0.303269673032697,0.0873912608739126,0.0255974402559744,0.214178582141786,18
GLUTAMINDEG-PWY,L-glutamine degradation I,34,0.0587941205879412,0.0587941205879412,0.0437793163363069,0.0544242974446827,0.0262809002511996,0.29003037371811,0.0258500987659378,0.178655149276646,0.0337807864123916,0.01,0.0282971702829717,0.304369563043696,0.0875912408759124,0.0257974202579742,0.223877612238776,18
PWY-2582,brassinosteroid biosynthesis II,6,0.0587941205879412,0.0587941205879412,0.0541469406484684,0.0589093831922092,0.071428626719307,0.0372462731104787,0.123988092111968,0.0274565240361394,0.13470660148369,1,0.0754924507549245,0.0390960903909609,0.197680231976802,0.126387361263874,0.0296970302969703,18
PWY-5410,traumatin and (<i>Z</i>)-3-hexen-1-yl acetate biosynthesis,20,0.0588941105889411,0.0588941105889411,0.0232396044324217,0.0576015545742897,0.0782319421005897,0.0184599602273386,0.0996620310488693,0.0185553477258904,0.0118152823927139,1,0.0742925707429257,0.0472952704729527,0.0497950204979502,0.0808919108089191,0.0504949505049495,18
PWY-5120,geranylgeranyl diphosphate biosynthesis,6,0.0601939806019398,0.0601939806019398,0.0572599091783784,0.0604304749832913,0.069172008463649,0.0425344983122862,0.0892867283282475,0.0290333054432262,0.23165367048233,1,0.0634936506349365,0.0433956604339566,0.305169483051695,0.0852914708529147,0.0335966403359664,18
PWY-6665,pterostilbene biosynthesis,27,0.0603939606039396,0.0603939606039396,0.0191429637380428,0.0573758518667933,0.041779725062092,0.0166615967549473,0.0487335679419048,0.0146118180150282,0.011311562965125,1,0.047995200479952,0.0627937206279372,0.0695930406959304,0.042995700429957,0.0780921907809219,18
PWY-5980,xylogalacturonan biosynthesis,23,0.0605939406059394,0.0605939406059394,0.0250640605688259,0.0589990584391973,0.181740864710922,0.0231293088201655,0.403180922632294,0.0106798460274876,0.0176993731103579,1,0.177982201779822,0.0390960903909609,0.0480951904809519,0.372862713728627,0.0317968203179682,18
PWY-7197,pyrimidine deoxyribonucleotide phosphorylation,8,0.0606939306069393,0.0606939306069393,0.0529145632563499,0.0603793852631914,0.100205013793248,0.0354712739615528,0.173696506403879,0.0310034979693151,0.0533429588693415,1,0.102289771022898,0.0367963203679632,0.0918908109189081,0.178582141785821,0.0334966503349665,18
PWY-6596,adenosine nucleotides degradation I,19,0.0611938806119388,0.0611938806119388,0.0362211076451621,0.0605041707059281,0.12587228227958,0.0296557325758946,0.184311955759134,0.0191630962748889,0.0253462255954244,1,0.127987201279872,0.0406959304069593,0.0592940705929407,0.180581941805819,0.0352964703529647,18
PWY-5148,acyl-CoA hydrolysis,11,0.0612938706129387,0.0612938706129387,0.029719799862346,0.059400113181815,0.0832347410180443,0.0228348890870142,0.19088836707651,0.0292761574913831,0.0135720745473543,1,0.0872912708729127,0.0423957604239576,0.0410958904109589,0.175882411758824,0.0513948605139486,18
PWY-5910,superpathway of geranylgeranyldiphosphate biosynthesis I (via mevalonate),6,0.0621937806219378,0.0621937806219378,0.0572604571064178,0.0633483601530931,0.069172008463649,0.0425344983122862,0.0892867283282475,0.0290333054432262,0.231691544401185,1,0.0697930206979302,0.0463953604639536,0.316768323167683,0.0916908309169083,0.0334966503349665,18
PWY-401,galactolipid biosynthesis I,8,0.0628937106289371,0.0628937106289371,0.0571695769327102,0.0644178141861733,0.114560169213766,0.0362972434798004,0.24623275412577,0.0333859598258966,0.0559849134737314,0.5,0.114888511148885,0.0371962803719628,0.0921907809219078,0.243775622437756,0.035996400359964,18
PWY-5121,superpathway of geranylgeranyl diphosphate biosynthesis II (via MEP),6,0.065993400659934,0.065993400659934,0.0572605113824951,0.068593721606265,0.069172008463649,0.0425344983122862,0.0892867283282475,0.0290333054432262,0.231695296587479,1,0.0727927207279272,0.0475952404759524,0.317668233176682,0.0934906509349065,0.0397960203979602,18
PWY-699,brassinosteroid biosynthesis I,7,0.0665933406659334,0.0665933406659334,0.0660987906378884,0.0669139007032877,0.081945272304367,0.0481532776523851,0.143103547953993,0.0310315418737826,0.2384024828598,1,0.0827917208279172,0.0490950904909509,0.325667433256674,0.142085791420858,0.0300969903009699,18
PWY-5034,GA<sub>12</sub> biosynthesis,4,0.0672932706729327,0.0672932706729327,0.03436980117315,0.0738497518336574,0.115093760631296,0.0310747145214447,0.298603747019303,0.0101036865194139,0.243053192619356,1,0.12008799120088,0.058994100589941,0.289371062893711,0.253274672532747,0.0274972502749725,18
PWY0-1264,biotin-carboxyl carrier protein assembly,5,0.067993200679932,0.067993200679932,0.0662510628516801,0.0666931152309623,0.13793207340617,0.0473556018429927,0.365947017166678,0.0219660805520165,0.523598681067075,1,0.142385761423858,0.0470952904709529,0.567943205679432,0.372562743725627,0.0218978102189781,18
PWY-4261,glycerol degradation I,4,0.0680931906809319,0.0680931906809319,0.0666400334525877,0.0681868876505573,0.0989981464682393,0.0469969339059122,0.177221340313483,0.0258589178801445,0.560014553517545,1,0.0997900209979002,0.044995500449955,0.595140485951405,0.174982501749825,0.0274972502749725,18
PWY-6363,"D-<i>myo</i>-inositol (1,4,5)-trisphosphate degradation",7,0.0685931406859314,0.0685931406859314,0.0567333937368163,0.070692129079483,0.0631526545456752,0.0462510642833488,0.0718816864934235,0.030862428419679,0.207126600042903,1,0.0640935906409359,0.0596940305969403,0.28047195280472,0.0650934906509349,0.0498950104989501,18
LEU-DEG2-PWY,L-leucine degradation I,12,0.0696930306969303,0.0696930306969303,0.0599912214946325,0.0671982345923602,0.0480037905236081,0.0669333111701498,0.0479828299816292,0.0641848321153035,0.0892253211203471,0.01,0.0477952204779522,0.0778922107789221,0.150884911508849,0.0456954304569543,0.0808919108089191,18
TRPSYN-PWY,L-tryptophan biosynthesis,17,0.0704929507049295,0.0704929507049295,0.0378690813736844,0.070421734901893,0.10117090529535,0.0339522378896557,0.176456842971765,0.0177518379438103,0.0319724337325784,1,0.105089491050895,0.0512948705129487,0.0747925207479252,0.171182881711829,0.0432956704329567,18
POLYAMINSYN3-PWY,superpathway of polyamine biosynthesis II,9,0.0712928707129287,0.0712928707129287,0.0314780770514912,0.071224439368452,0.124566328651378,0.0267454383101971,0.269485817214273,0.0175429620748548,0.0186065305833454,1,0.123887611238876,0.0504949505049495,0.0497950204979502,0.232776722327767,0.0540945905409459,18
PWY-46,putrescine biosynthesis III,6,0.071992800719928,0.071992800719928,0.0374316527608504,0.0821422152687011,0.100736264788342,0.0289712329805351,0.188878771042824,0.0353247780406853,0.0178082218995418,0.5,0.102589741025897,0.0633936606339366,0.0520947905209479,0.153784621537846,0.101389861013899,18
PWY-3981,&beta;-alanine biosynthesis I,10,0.0724927507249275,0.0724927507249275,0.0662505098541388,0.0713234497088908,0.134614601466117,0.0532301870782386,0.320797914819154,0.0244722374904556,0.153054786853932,1,0.135686431356864,0.0542945705429457,0.223077692230777,0.322467753224678,0.0261973802619738,18
PWY-7204,pyridoxal 5'-phosphate salvage II (plants),12,0.0726927307269273,0.0726927307269273,0.0659905447968078,0.0708936079877984,0.191305350979181,0.0800431412528342,0.393624551441391,0.0181639279223062,0.335636679486892,1,0.193380661933807,0.0780921907809219,0.44965503449655,0.393760623937606,0.0196980301969803,18
ARGSPECAT-PWY,spermine biosynthesis,7,0.0748925107489251,0.0748925107489251,0.0730703725570442,0.0733738795728263,0.128356865372558,0.0570271448528958,0.256385582177046,0.025965154018612,0.396060038052141,1,0.126787321267873,0.0566943305669433,0.465153484651535,0.257774222577742,0.0257974202579742,18
PWY-5194,siroheme biosynthesis,2,0.0752924707529247,0.0752924707529247,0.0889830783925902,0.0881011689374464,0.0627462677034945,0.078100437732829,0.062943087711,0.0863679699157066,0.55317949813996,0.05,0.0610938906109389,0.0752924707529247,0.591640835916408,0.0620937906209379,0.0875912408759124,18
PWY-6546,brassinosteroids inactivation,23,0.0760923907609239,0.0760923907609239,0.00893533827064324,0.0759721367097939,0.149467372846582,0.0182728046260534,0.46105767606471,0.00239740754508058,0.0123279422223797,1,0.14978502149785,0.0710928907109289,0.0712928707129287,0.369063093690631,0.0338966103389661,18
PWY-6950,DIMBOA-glucoside biosynthesis,4,0.0766923307669233,0.0766923307669233,0.0789274418127914,0.0829269438172594,0.064401619347479,0.0463345511268665,0.102963352511735,0.0597940273151932,0.55976894418651,0.5,0.0621937806219378,0.0475952404759524,0.587941205879412,0.0985901409859014,0.073992600739926,18
PWY-4081,glutathione-peroxide redox reactions,10,0.0782921707829217,0.0782921707829217,0.0553473456711834,0.0789133283972304,0.123390474964853,0.0406350745872195,0.19511733767946,0.0269519852994466,0.0625700066496916,1,0.11978802119788,0.0543945605439456,0.114088591140886,0.177582241775822,0.0441955804419558,18
PYRIDNUCSYN-PWY,NAD <i>de novo</i> biosynthesis I (from aspartate),5,0.0788921107889211,0.0788921107889211,0.0812381113333486,0.0823811256676064,0.13740193565292,0.0662506856394282,0.236967337855461,0.0278536519352,0.570815669879941,1,0.133586641335866,0.0670932906709329,0.604739526047395,0.23017698230177,0.0283971602839716,18
PWYQT-1,lysine degradation III,4,0.0842915708429157,0.0842915708429157,0.090196817792637,0.08980351125665,0.107575310293326,0.0629841464048937,0.174886335932706,0.0400489771913065,0.563391020764808,1,0.107189281071893,0.0614938506149385,0.606339366063394,0.178682131786821,0.0393960603939606,18
SULFMETII-PWY,assimilatory sulfate reduction II,5,0.0866913308669133,0.0866913308669133,0.0863302447133416,0.0882789438095263,0.111985052505584,0.0613238359274026,0.212380392296634,0.0349011262385249,0.569638610668245,1,0.115988401159884,0.0625937406259374,0.613438656134387,0.213278672132787,0.0350964903509649,18
PWY3O-4107,NAD salvage pathway V (PNC V cycle),11,0.0894910508949105,0.0894910508949105,0.0747696148382483,0.0879946863084569,0.0735988756250873,0.0533079555062325,0.10950452122063,0.0942018439269706,0.0672964829612734,0.5,0.0774922507749225,0.0573942605739426,0.121487851214879,0.11008899110089,0.107589241075892,18
PWY-6441,spermine and spermidine degradation III,8,0.0904909509049095,0.0904909509049095,0.0855692211721589,0.0938848752210302,0.0511753216064692,0.134532290717104,0.0520407070521677,0.119606271482627,0.226092017090757,0.01,0.053994600539946,0.151984801519848,0.31026897310269,0.0516948305169483,0.153884611538846,18
PWY-7227,adenosine deoxyribonucleotides <i>de novo</i> biosynthesis,6,0.0906909309069093,0.0906909309069093,0.0897984504059564,0.0926529580633012,0.0948035415048042,0.0529497549114827,0.133328147897349,0.0556463952814429,0.459097869202424,1,0.0978902109789021,0.0568943105689431,0.500849915008499,0.133886611338866,0.0545945405459454,18
PWY-7219,adenosine ribonucleotides <i>de novo</i> biosynthesis,14,0.0923907609239076,0.0923907609239076,0.0700289427088889,0.093280786890688,0.144808054980976,0.0415293534757625,0.232273386496304,0.0583703393704902,0.0510351392804676,1,0.147485251474853,0.0494950504949505,0.097990200979902,0.227877212278772,0.07999200079992,18
PWY-7226,guanosine deoxyribonucleotides <i>de novo</i> biosynthesis I,6,0.0924907509249075,0.0924907509249075,0.0897983275807731,0.0935748314623698,0.0948035415048042,0.0529497549114827,0.133328147897349,0.0556463952814429,0.459090074842911,1,0.096990300969903,0.0532946705329467,0.498950104989501,0.136786321367863,0.0600939906009399,18
PWY3O-450,phosphatidylcholine biosynthesis I,6,0.0940905909409059,0.0940905909409059,0.0923813543184007,0.0966122534686349,0.0925501928654501,0.0627119182767898,0.117682475450878,0.0521200367723094,0.575932699647438,1,0.0936906309369063,0.0652934706529347,0.604239576042396,0.117988201179882,0.055994400559944,18
PWY-735,jasmonic acid biosynthesis,32,0.0944905509449055,0.0944905509449055,0.0620682323552064,0.0949857644942793,0.0665646876474883,0.048864643223826,0.0829005040494443,0.0564402639225855,0.06527084794754,1,0.0677932206779322,0.0954904509549045,0.158784121587841,0.0714928507149285,0.136586341365863,18
PWY-2541,phytosterol biosynthesis (plants),27,0.095990400959904,0.095990400959904,0.0892999520468277,0.100836484880802,0.0546110947773521,0.317788814724443,0.0490500179418404,0.344930849036703,0.0785658703916966,0.01,0.0562943705629437,0.334266573342666,0.187481251874813,0.0433956604339566,0.408159184081592,18
PWY-4541,"lipid-dependent phytate biosynthesis I (via Ins(1,4,5)P<sub>3</sub>)",2,0.095990400959904,0.095990400959904,0.108252439344819,0.110259280522428,0.100702952817106,0.0827150708965062,0.117005256316,0.0622355556656292,0.601771314157811,1,0.101089891010899,0.0831916808319168,0.643735626437356,0.117788221177882,0.0630936906309369,18
ARGSYNBSUB-PWY,L-arginine biosynthesis II (acetyl cycle),15,0.0974902509749025,0.0974902509749025,0.0853572401718463,0.0970286402514087,0.185716669048978,0.0671526160026035,0.394663791049861,0.0319659482124285,0.165693605811946,1,0.184781521847815,0.0693930606939306,0.251074892510749,0.388861113888611,0.0372962703729627,18
ASPARAGINE-BIOSYNTHESIS,L-asparagine biosynthesis I,4,0.0977902209779022,0.0977902209779022,0.107686902832916,0.106088707273758,0.158053012359814,0.0867721294847346,0.291933608972697,0.0383906484354467,0.571518743581808,1,0.158684131586841,0.084991500849915,0.610938906109389,0.295570442955704,0.036996300369963,18
PWY0-1325,superpathway of L-asparagine biosynthesis,4,0.0990900909909009,0.0990900909909009,0.107686407369144,0.104777883561126,0.158053012359814,0.0867721294847346,0.291933608972697,0.0383906484354467,0.571497369564028,1,0.15968403159684,0.0915908409159084,0.610738926107389,0.292170782921708,0.0350964903509649,18
PWY-6613,"tetrahydrofolate salvage from 5,10-methenyltetrahydrofolate",4,0.0992900709929007,0.0992900709929007,0.102027011185022,0.10428951915822,0.129746840817472,0.0769426388989541,0.216919475957002,0.0412580525651217,0.567517414577246,1,0.127087291270873,0.0792920707929207,0.603539646035396,0.215078492150785,0.0421957804219578,18
PWY-241,"C4 photosynthetic carbon assimilation cycle, NADP-ME type",18,0.104689531046895,0.104689531046895,0.0787508169574441,0.105117183675823,0.177125662206832,0.0566419895432261,0.237414337461697,0.0381014653080375,0.0955324494717762,1,0.175082491750825,0.0701929807019298,0.171082891710829,0.222377762223778,0.055994400559944,18
SERSYN-PWY,L-serine biosynthesis I,6,0.106589341065893,0.106589341065893,0.0750895937426511,0.112976332677352,0.151968948854471,0.0657506814279881,0.354323554689757,0.0229450077634522,0.576657727669572,1,0.153984601539846,0.0862913708629137,0.574142585741426,0.307469253074693,0.041995800419958,18
ASPARAGINESYN-PWY,L-asparagine biosynthesis II,4,0.106689331066893,0.106689331066893,0.107686543776054,0.112284173059503,0.158053012359814,0.0867721294847346,0.291933608972697,0.0383906484354467,0.571503254162757,1,0.159184081591841,0.0885911408859114,0.602839716028397,0.295370462953705,0.0403959604039596,18
PWY-5863,superpathway of phylloquinol biosynthesis,8,0.108689131086891,0.108689131086891,0.0975891908410298,0.109139748817373,0.0912577197678628,0.0788228035839557,0.117240864478533,0.051331292680592,0.590210929718843,1,0.092990700929907,0.0793920607939206,0.628637136286371,0.115988401159884,0.0686931306869313,18
GLUTORN-PWY,L-ornithine biosynthesis I,9,0.10998900109989,0.10998900109989,0.103392775912771,0.111412398673068,0.161061084429747,0.0871648379319033,0.260057467674549,0.0357797833214793,0.596947793289424,1,0.15998400159984,0.0910908909109089,0.648635136486351,0.255574442555744,0.0394960503949605,18
PWY-1269,CMP-3-deoxy-D-<I>manno</I>-octulosonate biosynthesis,3,0.111688831116888,0.111688831116888,0.126121067203049,0.122452634295221,0.146379848532606,0.0984797056444197,0.214292980187343,0.0541441604929508,0.58444327432584,1,0.142685731426857,0.0963903609639036,0.623137686231377,0.211578842115788,0.0508949105089491,18
GLYSYN2-PWY,glycine biosynthesis,9,0.112088791120888,0.112088791120888,0.0910164151787773,0.117961273031457,0.0987460833371992,0.0557745779124566,0.134130623543893,0.0657431454151034,0.216582038620039,1,0.1003899610039,0.0807919208079192,0.295070492950705,0.125087491250875,0.10968903109689,18
PWY-6606,guanosine nucleotides degradation II,13,0.113688631136886,0.113688631136886,0.0937989941067188,0.115508164004939,0.103387534673798,0.0995493654737765,0.130110966759255,0.0397092359338396,0.459390017037133,1,0.100789921007899,0.113088691130887,0.573342665733427,0.118488151184882,0.0616938306169383,18
PWY-6515,phloridzin biosynthesis,3,0.114488551144886,0.114488551144886,0.117128844996738,0.135374324799848,0.112419467868181,0.0947758685493383,0.133348337329878,0.0627592111965767,0.579205872814009,1,0.110788921107889,0.0971902809719028,0.593140685931407,0.128387161283872,0.1002899710029,18
PWY-6754,<i>S</i>-methyl-5'-thioadenosine degradation I,6,0.115788421157884,0.115788421157884,0.0986488141474271,0.124806195591243,0.0814861093002285,0.0568268584987006,0.129358392336187,0.0924045284714876,0.332670734421184,0.5,0.0853914608539146,0.0943905609439056,0.380761923807619,0.10978902109789,0.147285271472853,18
PWY-5027,phylloquinol biosynthesis,4,0.118588141185881,0.118588141185881,0.127843002473222,0.1267695200164,0.162125444747256,0.102143625897853,0.277266270470418,0.0494116719199317,0.580555285917209,1,0.15978402159784,0.0975902409759024,0.612038796120388,0.275472452754725,0.0491950804919508,18
PWY-5745,costunolide biosynthesis I,4,0.120987901209879,0.120987901209879,0.132064064825995,0.13363554951053,0.125073227845872,0.105483688335423,0.154366766599083,0.0711030566629453,0.583056984128249,1,0.122087791220878,0.105589441055894,0.619038096190381,0.154784521547845,0.0723927607239276,18
GLYCLEAV-PWY,glycine cleavage,8,0.125287471252875,0.125287471252875,0.111774254703712,0.133199986713977,0.156472482683418,0.0801603173246711,0.348270772086387,0.0412653377081435,0.590537153031959,1,0.155884411558844,0.0864913508649135,0.631336866313369,0.345565443455654,0.0553944605539446,18
PWY-6465,&omega;-hydroxylation of caprate and laurate,13,0.12958704129587,0.12958704129587,0.102087223489735,0.131373942677466,0.115143387569594,0.0551179151750082,0.221456813979396,0.106740481919638,0.115868167058678,1,0.118788121187881,0.0758924107589241,0.203979602039796,0.202379762023798,0.144185581441856,18
PWY4LZ-81,Organic Nitrogen Assimilation,20,0.12958704129587,0.12958704129587,0.10580124431814,0.129349406467418,0.212057384851684,0.107798370439782,0.498240520603222,0.0324134502816808,0.332304849045012,1,0.209179082091791,0.118588141185881,0.456854314568543,0.482151784821518,0.0417958204179582,18
PWY-5800,xylan biosynthesis,27,0.131286871312869,0.131286871312869,0.0669854086312152,0.137857214351246,0.129141403571427,0.0438426812838509,0.16935580278844,0.0503857220059629,0.0534239365139555,1,0.131586841315868,0.112488751124888,0.16008399160084,0.143985601439856,0.150984901509849,18
PWY-2161,folate polyglutamylation,7,0.135786421357864,0.135786421357864,0.137197397279104,0.139110752447596,0.146376570038269,0.0685574089993935,0.283463191475763,0.0944572723374051,0.436107005249404,0.5,0.149485051494851,0.0681931806819318,0.494350564943506,0.286471352864714,0.092990700929907,18
PWYQT-4427,sulfoquinovosyl diacylglycerol biosynthesis,4,0.136186381361864,0.136186381361864,0.146234096330646,0.148201846801483,0.14399540562615,0.0882010586100437,0.0889564519723933,0.213222414588094,0.567122052214027,0.5,0.146485351464854,0.0891910808919108,0.605839416058394,0.0876912308769123,0.212678732126787,18
PWY4FS-4,phosphatidylcholine biosynthesis IV,7,0.137486251374863,0.137486251374863,0.114105450931302,0.144480032525417,0.171851426682884,0.0823774182090853,0.346532064218789,0.0413542885648384,0.586240499747386,1,0.167383261673833,0.0965903409659034,0.6000399960004,0.321267873212679,0.0624937506249375,18
PWY-8028,cycloartenol biosynthesis,7,0.137686231376862,0.137686231376862,0.128980017676797,0.148773676104435,0.106720962374735,0.118705267559004,0.121478407929434,0.07688625280108,0.598705843989779,1,0.107489251074893,0.145285471452855,0.597640235976402,0.101089891010899,0.130686931306869,18
PWY-7253,apigeninidin 5-<i>O</i>-glucoside biosynthesis,31,0.138786121387861,0.138786121387861,0.0407710107695264,0.143333433103693,0.137495704625794,0.0435174114254071,0.218813327805734,0.014277925765897,0.0535539974465831,1,0.136986301369863,0.138886111388861,0.186081391860814,0.154084591540846,0.116588341165883,18
PWY-5687,pyrimidine ribonucleotides interconversion,33,0.14018598140186,0.14018598140186,0.0977686147799359,0.141088414393131,0.216153489463389,0.0590309644412368,0.418004276068473,0.0572446401030811,0.0902886328559364,1,0.215978402159784,0.083991600839916,0.186481351864814,0.391760823917608,0.0833916608339166,18
PWY-5326,sulfite oxidation IV,2,0.143185681431857,0.143185681431857,0.170837649645877,0.170551819665088,0.148075499396552,0.148774475201541,0.0713825320960001,0.418624138443316,0.567508767218042,0.05,0.147285271472853,0.148685131486851,0.604839516048395,0.0695930406959304,0.414658534146585,18
PWY-7252,luteolinidin 5-<i>O</i>-glucoside biosynthesis,31,0.143685631436856,0.143685631436856,0.0407654724244696,0.145927118080601,0.137495704625794,0.0435174114254071,0.218813327805734,0.014277925765897,0.0535064439955971,1,0.13978602139786,0.139286071392861,0.183281671832817,0.157984201579842,0.122087791220878,18
PWY-3982,uracil degradation I (reductive),3,0.144785521447855,0.144785521447855,0.152769507261654,0.159513163401186,0.108340213034831,0.132874218267783,0.109661791299165,0.14259758212841,0.604532671172183,0.05,0.111088891110889,0.13988601139886,0.642135786421358,0.10998900109989,0.150584941505849,18
PWY-6554,"1D-<i>myo</i>-inositol hexakisphosphate biosynthesis V (from Ins(1,3,4)P3)",8,0.146385361463854,0.146385361463854,0.145344305789805,0.155688463412593,0.172966442955707,0.117854072607798,0.348435767522947,0.0546787237735338,0.602392596772567,1,0.175482451754825,0.12048795120488,0.641035896410359,0.347165283471653,0.0603939606039396,18
PWY-6121,5-aminoimidazole ribonucleotide biosynthesis I,11,0.147185281471853,0.147185281471853,0.1442285364616,0.151090703436023,0.141280550431801,0.15221548723407,0.17447972828153,0.0626081355301413,0.626431462745477,1,0.14008599140086,0.153484651534847,0.686031396860314,0.174882511748825,0.0663933606639336,18
OXIDATIVEPENT-PWY,pentose phosphate pathway (oxidative branch) I,12,0.148385161483852,0.148385161483852,0.137171854401433,0.150990452199227,0.195667035770526,0.0906309481410094,0.522595125781319,0.053489318979075,0.431566602145824,1,0.1996800319968,0.0855914408559144,0.55004499550045,0.521047895210479,0.0633936606339366,18
PWY-181,photorespiration,20,0.149085091490851,0.149085091490851,0.09358811427085,0.153734754044055,0.149259781514989,0.0647504657148078,0.273885199719593,0.0497722191722872,0.121655111789062,1,0.146885311468853,0.110788921107889,0.231276872312769,0.244075592440756,0.116688331166883,18
PWY4FS-3,phosphatidylcholine biosynthesis III,8,0.150684931506849,0.150684931506849,0.123623677779876,0.158129044958389,0.186668546180299,0.0961758243703911,0.385067068391807,0.0425460168136856,0.595031231031919,1,0.185681431856814,0.116288371162884,0.620637936206379,0.363963603639636,0.0623937606239376,18
VALDEG-PWY,L-valine degradation I,6,0.153584641535846,0.153584641535846,0.135132338557106,0.166070446373911,0.137419815838922,0.0864684766830711,0.26028585860019,0.0677452166370319,0.582210662499631,1,0.143385661433857,0.105389461053895,0.604139586041396,0.253374662533747,0.0998900109989001,18
PWY-6540,costunolide biosynthesis,5,0.155284471552845,0.155284471552845,0.165733779587981,0.168209520419725,0.150487082457998,0.1417669797224,0.189080856463424,0.0873433134530817,0.611103617544096,1,0.149385061493851,0.140785921407859,0.62983701629837,0.184281571842816,0.0914908509149085,18
PWY-3881,mannitol biosynthesis,11,0.158084191580842,0.158084191580842,0.140759808864742,0.162912146522429,0.157709641291326,0.0832699639550112,0.289792382940934,0.0794079258933125,0.415215044383679,1,0.15958404159584,0.0983901609839016,0.525547445255475,0.271472852714729,0.0977902209779022,18
PWY-5059,pinobanksin biosynthesis,20,0.159484051594841,0.159484051594841,0.111159301663401,0.166255224852594,0.177809582577169,0.0759694923860545,0.266843602213162,0.151514976655351,0.0606836129482806,0.5,0.181481851814819,0.110788921107889,0.138186181381862,0.238976102389761,0.228977102289771,18
PWY-4661,1D-<i>myo</i>-inositol hexakisphosphate biosynthesis III (<i>Spirodela polyrrhiza</i>),9,0.163483651634837,0.163483651634837,0.150415145816191,0.173049107577485,0.183406660372927,0.12594328675301,0.382407675040068,0.05417495847296,0.609336627848221,1,0.181181881811819,0.127787221277872,0.650734926507349,0.384661533846615,0.0697930206979302,18
PWY-5945,"violaxanthin, antheraxanthin and zeaxanthin interconversion",7,0.166383361663834,0.166383361663834,0.170546512610354,0.174096039656089,0.142940811836834,0.121629057183284,0.156037502960747,0.130530122974227,0.597503442114193,0.5,0.144385561443856,0.12048795120488,0.636536346365364,0.156084391560844,0.134186581341866,18
PWY-7489,"oryzalexin A, B, and C biosynthesis",2,0.167083291670833,0.167083291670833,0.188565655625859,0.197156404519234,0.172353651326647,0.135075496690437,0.2875627164,0.0917165125908536,0.67412644980955,1,0.18048195180482,0.143285671432857,0.70992900709929,0.298470152984702,0.0906909309069093,18
PWY-7101,5-deoxystrigol biosynthesis,9,0.167683231676832,0.167683231676832,0.170778707188756,0.175301743935544,0.146196106665291,0.109906658823697,0.197628488273977,0.119170552974299,0.603711876197855,1,0.145085491450855,0.110888911108889,0.654734526547345,0.195880411958804,0.122787721227877,18
PWY-5686,UMP biosynthesis I,11,0.168983101689831,0.168983101689831,0.166154339128453,0.174338164010232,0.0934530781379206,0.282109017201852,0.0872414726075678,0.272120508122352,0.455080105296595,0.01,0.0957904209579042,0.287871212878712,0.551044895510449,0.0868913108689131,0.289371062893711,18
PWY-6963,ammonia assimilation cycle I,11,0.16998300169983,0.16998300169983,0.169432894084751,0.179182297858303,0.175074873715722,0.119720793838737,0.315658980682106,0.0770787890826373,0.614680499727758,1,0.17008299170083,0.120987901209879,0.677732226777322,0.316668333166683,0.0838916108389161,18
PWY-5070,"gibberellin biosynthesis I (non C-3, non C-13 hydroxylation)",6,0.171182881711829,0.171182881711829,0.177700858033314,0.185837863522348,0.222484577748138,0.143082802340728,0.469125618517312,0.0627802744523078,0.609472640411923,1,0.222377762223778,0.140685931406859,0.643235676432357,0.465353464653535,0.0675932406759324,18
PWY-5136,fatty acid &beta;-oxidation II (peroxisome),15,0.172182781721828,0.172182781721828,0.141873126239389,0.177466233909366,0.245328501884087,0.114434765536457,0.542309569966817,0.0460312592545753,0.486750679197402,1,0.242175782421758,0.126087391260874,0.61033896610339,0.525647435256474,0.0625937406259374,18
PWY-5188,tetrapyrrole biosynthesis I (from glutamate),7,0.173982601739826,0.173982601739826,0.160958784123602,0.189063776086883,0.332308723780869,0.0731053762373872,0.44784566854963,0.0731332169044814,0.583782120432171,1,0.322667733226677,0.0870912908709129,0.589041095890411,0.395860413958604,0.0973902609739026,18
PWY-621,sucrose degradation III (sucrose invertase),9,0.173982601739826,0.173982601739826,0.172799291249598,0.186262717385035,0.209542925679564,0.113244507444371,0.394740397930433,0.0727077827826286,0.604815040129331,1,0.214678532146785,0.114788521147885,0.659234076592341,0.387161283871613,0.0814918508149185,18
PWY-7909,formaldehyde oxidation VII (THF pathway),4,0.173982601739826,0.173982601739826,0.186042250871743,0.190983613356354,0.15595857545996,0.126670659060349,0.216919475957002,0.125068846619762,0.604813301694589,1,0.157484251574843,0.129487051294871,0.637936206379362,0.21987801219878,0.126287371262874,18
PWY1F-FLAVSYN,flavonoid biosynthesis,52,0.175282471752825,0.175282471752825,0.113874181674088,0.182912180847495,0.212880905553236,0.0638761939456696,0.24305986221523,0.0978634468671302,0.102435144463575,1,0.202979702029797,0.116288371162884,0.220577942205779,0.209179082091791,0.213878612138786,18
PWY-1581,plastoquinol-9 biosynthesis I,8,0.176682331766823,0.176682331766823,0.184519400091057,0.188804114061464,0.114057307816999,0.12252549272261,0.146308730630553,0.337967424278542,0.525422937779409,0.5,0.114688531146885,0.131886811318868,0.555644435556444,0.137186281371863,0.354764523547645,18
PWY-6440,spermine and spermidine degradation II,2,0.176682331766823,0.176682331766823,0.208796428104443,0.210307761253434,0.161396786899602,0.16982181161734,0.172347659484,0.148860062223106,0.681144482518221,1,0.159184081591841,0.16998300169983,0.713328667133287,0.17018298170183,0.146585341465853,18
PWY-6607,guanosine nucleotides degradation I,9,0.177382261773823,0.177382261773823,0.158723881334378,0.189174207576529,0.231508880904123,0.168123970066726,0.447523822618363,0.0478311186551396,0.628318715306063,1,0.23967603239676,0.178282171782822,0.676032396760324,0.456354364563544,0.0602939706029397,18
PWY-7344,UDP-&alpha;-D-galactose biosynthesis,4,0.179382061793821,0.179382061793821,0.19663814125848,0.196048681071023,0.143476262990163,0.178732586462441,0.152022183387884,0.151972561884304,0.643479881224062,0.05,0.139386061393861,0.170682931706829,0.675432456754325,0.149385061493851,0.154984501549845,18
PWY-7897,flavonoid di-C-glucosylation,37,0.17958204179582,0.17958204179582,0.144859427627743,0.196013948895447,0.181836589208537,0.0979932766235774,0.179747371785287,0.116706912699543,0.204730581488799,1,0.177882211778822,0.156484351564844,0.337366263373663,0.151784821517848,0.234376562343766,18
PWY-82,UDP-&beta;-L-arabinose biosynthesis II (from &beta;-L-arabinose),3,0.18048195180482,0.18048195180482,0.197922009575957,0.214594540151168,0.162084528339443,0.158640238326161,0.192517536445898,0.117479764846561,0.690836308145982,1,0.161583841615838,0.168283171682832,0.702529747025297,0.183581641835816,0.150884911508849,18
PWYQT-4429,CO<sub>2</sub> fixation into oxaloacetate (anaplerotic),7,0.181181881811819,0.181181881811819,0.185335442882448,0.191982962529947,0.216652310250308,0.170854010579622,0.370226664026014,0.067093313432525,0.628458880115021,1,0.216178382161784,0.171782821717828,0.669133086691331,0.375762423757624,0.0691930806919308,18
PWY-5350,thiosulfate disproportionation IV (rhodanese),6,0.182181781821818,0.182181781821818,0.163064935190957,0.201151382915988,0.192034358315821,0.122173017554489,0.342453341194665,0.0662188434747876,0.596748952145087,1,0.189181081891811,0.138386161383862,0.601239876012399,0.311568843115688,0.107289271072893,18
PWY-7060,ornithine-citrulline shuttle,10,0.183581641835816,0.183581641835816,0.180283470108691,0.191601587400845,0.18619051042696,0.109298409347181,0.291650171598257,0.0981327347197568,0.60755052457194,1,0.185181481851815,0.109289071092891,0.662233776622338,0.287671232876712,0.111688831116888,18
PWY-5129,sphingolipid biosynthesis (plants),32,0.184181581841816,0.184181581841816,0.142515188312782,0.186625977527116,0.19824610155431,0.0856258525999708,0.201152054615825,0.15975415191195,0.135629933496898,0.5,0.199480051994801,0.121887811218878,0.256874312568743,0.184481551844816,0.223977602239776,18
PWY-7560,methylerythritol phosphate pathway II,14,0.185681431856814,0.185681431856814,0.149547126819099,0.192155497802924,0.243852577368023,0.111128660028181,0.570833733378973,0.0501478827735084,0.502316490217899,1,0.25027497250275,0.125787421257874,0.61993800619938,0.557844215578442,0.0705929407059294,18
NONMEVIPP-PWY,methylerythritol phosphate pathway I,13,0.187581241875812,0.187581241875812,0.154613685661585,0.194637066376568,0.237916021622389,0.106593697116195,0.544103132337306,0.0552803157655437,0.513427436294768,1,0.239176082391761,0.118588141185881,0.60953904609539,0.522347765223478,0.0792920707929207,18
PWY-6164,3-dehydroquinate biosynthesis I,5,0.188681131886811,0.188681131886811,0.194855113869249,0.204228912125704,0.20441856764128,0.0981519591961028,0.212272988346186,0.176954561696669,0.57356450768771,0.5,0.21027897210279,0.102389761023898,0.623437656234377,0.216978302169783,0.179482051794821,18
PWY-5466,matairesinol biosynthesis,4,0.192480751924808,0.192480751924808,0.238126265905704,0.230344017953516,0.171259026264581,0.171258736199331,0.19431608566381,0.25501531484669,0.610606582901814,0.5,0.168383161683832,0.201579842015798,0.557244275572443,0.141585841415858,0.312068793120688,18
PWY0-1535,D-serine degradation,2,0.192980701929807,0.192980701929807,0.227312619168158,0.23255757043096,0.15773916072658,0.198562225882514,0.135782485311,0.254268784270342,0.682240504465194,0.5,0.157284271572843,0.199180081991801,0.718128187181282,0.138586141385861,0.248775122487751,18
PWY-5398,crocetin esters biosynthesis,8,0.195680431956804,0.195680431956804,0.196168255455857,0.228354624980424,0.17400372421384,0.100347336590381,0.335802619845396,0.167958823330822,0.478889920639737,0.5,0.171482851714829,0.136486351364864,0.483551644835517,0.286971302869713,0.245675432456754,18
PWY-5269,cardiolipin biosynthesis II,3,0.197180281971803,0.197180281971803,0.218720493572529,0.234768063503796,0.191063129309654,0.155468086933721,0.347857080367041,0.105229887645172,0.690341086873341,1,0.189181081891811,0.158884111588841,0.718528147185281,0.341965803419658,0.122587741225877,18
PWY-8011,L-serine biosynthesis II,9,0.197480251974803,0.197480251974803,0.178138061212042,0.237006082449494,0.189830090457177,0.130175825912468,0.272428426771856,0.0841019528186466,0.610959831255834,1,0.193180681931807,0.188881111888811,0.555344465553445,0.193980601939806,0.215278472152785,18
PWY4FS-6,phosphatidylethanolamine biosynthesis II,9,0.1996800319968,0.1996800319968,0.201154589076944,0.207493269899118,0.189714741282235,0.113070092184452,0.343501190415852,0.122650028229319,0.604726769504676,1,0.19018098190181,0.116488351164884,0.653834616538346,0.344165583441656,0.122687731226877,18
METHIONINE-DEG1-PWY,L-methionine degradation I (to L-homocysteine),4,0.20967903209679,0.20967903209679,0.229307696089174,0.243814754932291,0.206089858110397,0.184935770068964,0.298689583256673,0.106798555012431,0.704784721318225,1,0.203179682031797,0.184981501849815,0.738726127387261,0.295270472952705,0.120687931206879,18
PWY-4984,urea cycle,8,0.217278272172783,0.217278272172783,0.226175350783275,0.235327445337041,0.229594930313253,0.14418858898243,0.379883038072472,0.117036973081202,0.613762490806901,1,0.22957704229577,0.146485351464854,0.654934506549345,0.383161683831617,0.122287771222878,18
PWY-6235,hydroxyjasmonate sulfate biosynthesis,3,0.219378062193781,0.219378062193781,0.244805452908133,0.253666251030134,0.158650916971086,0.23628788130508,0.147038751791053,0.251118741117993,0.707496606026174,1,0.16038396160384,0.242175782421758,0.737726227377262,0.150584941505849,0.250974902509749,18
PWY-7029,terminal olefins biosynthesis II,2,0.21977802219778,0.21977802219778,0.251587425968627,0.262598608093118,0.199560955052866,0.202411074675245,0.2269018524,0.16640368401954,0.689396476196253,1,0.204579542045795,0.209179082091791,0.726527347265273,0.228977102289771,0.168583141685831,18
ASPARAGINE-DEG1-PWY,L-asparagine degradation I,9,0.222577742225777,0.222577742225777,0.220581357971183,0.249132762140257,0.17828963281731,0.148239644380405,0.370758935021732,0.125843104769733,0.618082806536949,0.5,0.175582441755824,0.177982201779822,0.61003899610039,0.320767923207679,0.183981601839816,18
PWY-5698,allantoin degradation to ureidoglycolate II (ammonia producing),3,0.223577642235776,0.223577642235776,0.247410474468857,0.253822364921904,0.16827714683305,0.22276814410124,0.156305682856512,0.241368327059912,0.703488025841857,0.5,0.166083391660834,0.21977802219778,0.742525747425257,0.157584241575842,0.244775522447755,18
PWY-6147,6-hydroxymethyl-dihydropterin diphosphate biosynthesis I,5,0.225877412258774,0.225877412258774,0.242260545973045,0.250293112392337,0.209651006463378,0.303198553933022,0.0713423575811979,0.734552432130454,0.573036298100003,0.05,0.209279072092791,0.301669833016698,0.617438256174383,0.0731926807319268,0.734726527347265,18
PWY-2902,cytokinin-<i>O</i>-glucosides biosynthesis,31,0.23017698230177,0.23017698230177,0.077554339564493,0.2442500661992,0.26262349326609,0.127888143082065,0.81530664171491,0.0179124516214762,0.325465323113428,1,0.256674332566743,0.189181081891811,0.446755324467553,0.731526847315269,0.0893910608939106,18
PWY-2161B-PMN,folate polyglutamylation II,5,0.231276872312769,0.231276872312769,0.291174599339482,0.281722501010826,0.198557859495733,0.270501606859451,0.211868052752596,0.244057274408433,0.700970407810892,0.05,0.197280271972803,0.277872212778722,0.656934306569343,0.16988301169883,0.306469353064694,18
PWYQT-4449,polyisoprenoid biosynthesis,5,0.233276672332767,0.233276672332767,0.250839682860124,0.262483588679135,0.206943343195502,0.213272589644749,0.261309258249837,0.135479555283968,0.702951608375674,1,0.207679232076792,0.214978502149785,0.735326467353265,0.254974502549745,0.147085291470853,18
PWY-5670,epoxysqualene biosynthesis,2,0.233776622337766,0.233776622337766,0.275638342784566,0.279737932871933,0.227557761518444,0.207032821611526,0.3584951164,0.148023441852904,0.690664457854597,1,0.227977202279772,0.206779322067793,0.724627537246275,0.359164083591641,0.144085591440856,18
PWY-7176,UTP and CTP <i>de novo</i> biosynthesis,12,0.235576442355764,0.235576442355764,0.236698538188505,0.250807079841301,0.230499349008873,0.163143982702995,0.178672643034536,0.199039371984511,0.633813337393444,1,0.229377062293771,0.17048295170483,0.686531346865314,0.172282771722828,0.227677232276772,18
PWY-5886,4-hydroxyphenylpyruvate biosynthesis,2,0.236476352364764,0.236476352364764,0.291940058020202,0.293796355189383,0.237415993747689,0.219483427557691,0.3841988271,0.157512211830815,0.694239262061497,1,0.232276772322768,0.213678632136786,0.731126887311269,0.378062193780622,0.154784521547845,18
PWY1F-467,"phenylpropanoid biosynthesis, initial reactions",11,0.24047595240476,0.24047595240476,0.303319000097264,0.270837772950855,0.216319127031883,0.256198997714598,0.160099945986427,0.501560100558757,0.636850240953222,0.05,0.21007899210079,0.276972302769723,0.606639336066393,0.116688331166883,0.501149885011499,18
PWY-5987,sorgoleone biosynthesis,22,0.243675632436756,0.243675632436756,0.255158958353041,0.262529870607839,0.149972045374129,0.247477222400622,0.168983601581983,0.378862650125957,0.575542326223684,0.01,0.15008499150085,0.275172482751725,0.650734926507349,0.145185481451855,0.412858714128587,18
PWYQT-4445,pyrimidine salvage pathway,15,0.243975602439756,0.243975602439756,0.226769290186743,0.262033824915752,0.347188198857872,0.16660022238546,0.311662584300417,0.0923995347696131,0.643591305300527,1,0.346565343465653,0.174582541745825,0.725027497250275,0.301269873012699,0.116488351164884,18
PWY-5829,geraniol and geranial biosynthesis,8,0.245475452454755,0.245475452454755,0.289739302912218,0.296569027009552,0.262137618340894,0.24248361249714,0.33118607823545,0.149821709072241,0.681586420215546,1,0.251374862513749,0.260973902609739,0.567543245675433,0.220877912208779,0.284371562843716,18
PWY-6019,pseudouridine degradation,2,0.245675432456754,0.245675432456754,0.295044914329356,0.298338092614165,0.238398985649839,0.220054047240374,0.4026410479,0.157510508947111,0.694401072103581,1,0.233276672332767,0.216178382161784,0.729527047295271,0.401359864013599,0.155484451554845,18
PWY4FS-8,phosphatidylglycerol biosynthesis II (non-plastidic),2,0.248475152484752,0.248475152484752,0.303730386137471,0.313404901177058,0.234131928218245,0.25173192036055,0.2479815039,0.223257906690241,0.704207999016944,1,0.231176882311769,0.246775322467753,0.735526447355265,0.242775722427757,0.243675632436756,18
PWY4FS-7,phosphatidylglycerol biosynthesis I (plastidic),2,0.24997500249975,0.24997500249975,0.303733925628636,0.310538269750365,0.234131928218245,0.25173192036055,0.2479815039,0.223257906690241,0.704225064777343,1,0.233876612338766,0.252274772522748,0.725327467253275,0.243975602439756,0.233376662333767,18
PWY-7208,superpathway of pyrimidine nucleobases salvage,6,0.250774922507749,0.250774922507749,0.277537293632194,0.28360468988758,0.510802668384372,0.175753615968421,0.13876722132722,0.281073506748621,0.608746108688516,0.05,0.504649535046495,0.175682431756824,0.642435756424358,0.138686131386861,0.292270772922708,18
PWY-7183,pyrimidine nucleobases salvage I,6,0.253674632536746,0.253674632536746,0.277533927737504,0.286728900047556,0.510802668384372,0.175753615968421,0.13876722132722,0.281073506748621,0.608720615550637,0.05,0.504749525047495,0.181981801819818,0.641235876412359,0.142685731426857,0.281771822817718,18
PWY-7196,superpathway of pyrimidine ribonucleosides salvage,6,0.255274472552745,0.255274472552745,0.277534378507121,0.28200833964592,0.510802668384372,0.175753615968421,0.13876722132722,0.281073506748621,0.608724029770297,0.05,0.513848615138486,0.176082391760824,0.638636136386361,0.135986401359864,0.28987101289871,18
PWY-6466,pyridoxal 5'-phosphate biosynthesis II,2,0.25977402259774,0.25977402259774,0.301718884564964,0.313101792071317,0.238904546990689,0.243931099155851,0.28377631,0.196599196244417,0.701707598825492,1,0.245575442455754,0.24997500249975,0.739626037396261,0.288971102889711,0.191680831916808,18
PWY-6673,caffeoylglucarate biosynthesis,5,0.263773622637736,0.263773622637736,0.331317165735889,0.31395527386873,0.245429599089982,0.309021131468833,0.296734731563367,0.196140438535128,0.739907608977587,1,0.245975402459754,0.308869113088691,0.657434256574343,0.206379362063794,0.281971802819718,18
PANTO-PWY,phosphopantothenate biosynthesis I,6,0.264273572642736,0.264273572642736,0.289638194673409,0.305945867738837,0.233079421468636,0.25885473602213,0.313654240950625,0.14472020205399,0.729619005870093,1,0.228977102289771,0.272672732726727,0.686331366863314,0.261473852614739,0.219078092190781,18
HOMOSER-THRESYN-PWY,L-threonine biosynthesis,3,0.268573142685731,0.268573142685731,0.308595267873678,0.311302498188224,0.259851471381198,0.234262037561982,0.518662674747,0.135499588156547,0.706966809057583,1,0.259174082591741,0.232376762323768,0.743625637436256,0.515748425157484,0.12968703129687,18
PWY-3385,choline biosynthesis I,12,0.270872912708729,0.270872912708729,0.27250301351149,0.294202765189745,0.265354535971356,0.175245134665016,0.517783987748907,0.129339211307321,0.63891167888014,1,0.257974202579742,0.182881711828817,0.682231776822318,0.491150884911509,0.154584541545845,18
ARGSYN-PWY,L-arginine biosynthesis I (via L-ornithine),7,0.271072892710729,0.271072892710729,0.277247581401675,0.292882596566575,0.240385345492941,0.186872519928542,0.341714317637744,0.180066296303874,0.640737520331047,1,0.245875412458754,0.192780721927807,0.671432856714329,0.351464853514649,0.194280571942806,18
PWY-5669,phosphatidylserine and phosphatidylethanolamine biosynthesis I,3,0.271072892710729,0.271072892710729,0.315148477269229,0.320480690360246,0.242860363266836,0.26884828707719,0.177116510207208,0.349992435090262,0.708914222101791,0.5,0.239076092390761,0.266873312668733,0.744325567443256,0.176082391760824,0.342965703429657,18
PWY-5139,pelargonidin conjugates biosynthesis,3,0.274272572742726,0.274272572742726,0.302220526524071,0.318963649221208,0.255349478179514,0.238496286328796,0.420135799207131,0.144629285389477,0.708039882701066,1,0.255674432556744,0.238876112388761,0.746025397460254,0.426557344265573,0.154284571542846,18
PWY-5137,"fatty acid &beta;-oxidation III (unsaturated, odd number)",6,0.282571742825717,0.282571742825717,0.313467390969322,0.320475915720474,0.240739787124323,0.256246604973073,0.268475741318558,0.212338102810174,0.726538772578495,1,0.238176182381762,0.263073692630737,0.731226877312269,0.248775122487751,0.242975702429757,18
PWY-1822,indole-3-acetate activation I,7,0.288671132886711,0.288671132886711,0.264810421532044,0.335763685660396,0.275659269856629,0.213911838319217,0.768769299616491,0.0754398257428,0.664187012151628,1,0.272672732726727,0.24967503249675,0.616838316168383,0.623337666233377,0.164483551644836,18
PWY-5957,L-nicotianamine biosynthesis,2,0.289271072892711,0.289271072892711,0.335237488635262,0.352723520427882,0.3363773716263,0.262673035514561,0.156862849375,0.447513452385551,0.687830558062135,0.5,0.343365663433657,0.272372762723728,0.728327167283272,0.162683731626837,0.443755624437556,18
PWY-5481,pyruvate fermentation to (<i>S</i>)-lactate,2,0.292370762923708,0.292370762923708,0.371659971144057,0.343041876762698,0.28561364848273,0.286097425583397,0.47784924,0.211771596805369,0.715720632160058,1,0.284571542845715,0.280871912808719,0.604339566043396,0.339166083391661,0.276172382761724,18
PWY-6475,<i>trans</i>-lycopene biosynthesis II (oxygenic phototrophs and green sulfur bacteria),11,0.293770622937706,0.293770622937706,0.306410388178214,0.322110228392106,0.286366963328036,0.241876188635725,0.448193891193923,0.143085172296753,0.672577349899867,1,0.282071792820718,0.244575542445755,0.718028197180282,0.445855414458554,0.152784721527847,18
PWY-6012,acyl carrier protein metabolism,3,0.299370062993701,0.299370062993701,0.333037793423884,0.34715942179728,0.2639348543857,0.25348885387275,0.318644153400125,0.22904221597089,0.711494778748287,0.5,0.267173282671733,0.256974302569743,0.748625137486251,0.321567843215678,0.232976702329767,18
PWY-5340,sulfate activation for sulfonation,7,0.3001699830017,0.3001699830017,0.313930368881487,0.332028475917285,0.290746231861302,0.252048040434589,0.790724805756393,0.0867909232046256,0.701049047428832,1,0.287471252874713,0.248475152484752,0.736326367363264,0.78982101789821,0.0930906909309069,18
PWY-5041,<i>S</i>-adenosyl-L-methionine cycle II,6,0.301469853014699,0.301469853014699,0.322002257611735,0.338139586933355,0.266237712659044,0.273338586472262,0.412692652041357,0.146865084372278,0.738384312508126,1,0.258174182581742,0.263673632636736,0.773922607739226,0.405959404059594,0.163083691630837,18
PWY-5337,stachyose biosynthesis,11,0.31026897310269,0.31026897310269,0.301700169777686,0.339246671626656,0.384231455388495,0.208605155690789,0.673647691930645,0.101160843292269,0.653244395345219,1,0.383761623837616,0.221177882211779,0.69053094690531,0.642235776422358,0.128387161283872,18
PWY-6330,acetaldehyde biosynthesis II,4,0.31976802319768,0.31976802319768,0.352146617307606,0.367710248031106,0.290021013497892,0.27999429542384,0.586639280601626,0.144946813465434,0.726192771595543,1,0.293770622937706,0.281971802819718,0.767423257674233,0.591140885911409,0.144885511448855,18
PWY-6014,vernolate biosynthesis I,12,0.32976702329767,0.32976702329767,0.34282753156536,0.36706915132776,0.302842528958484,0.264007066395451,0.645000596394425,0.135162950535628,0.685528746881585,1,0.289071092890711,0.277572242775722,0.687431256874313,0.579042095790421,0.185281471852815,18
PWY-3841,folate transformations II,13,0.332666733326667,0.332666733326667,0.341063694825925,0.362576148950398,0.264106158031421,0.217345431242699,0.527453513287782,0.220317303462026,0.656971310226587,0.5,0.270972902709729,0.225777422257774,0.719528047195281,0.532346765323468,0.222577742225777,18
PWY-7634,vernolate biosynthesis II,12,0.338866113388661,0.338866113388661,0.342837053113477,0.377553722356346,0.302842528958484,0.264007066395451,0.645000596394425,0.135162950535628,0.685571541141979,1,0.3000699930007,0.278372162783722,0.695230476952305,0.588941105889411,0.191880811918808,18
PWY-2841,cytokinins degradation,4,0.33956604339566,0.33956604339566,0.386719846816924,0.403591204045668,0.302174322987969,0.30144521056841,0.623603157270259,0.167387005749774,0.73170892112559,1,0.301869813018698,0.304169583041696,0.743425657434257,0.599040095990401,0.195380461953805,18
PWY-6118,glycerol-3-phosphate shuttle,8,0.342265773422658,0.342265773422658,0.355260239095311,0.374080951436034,0.255600135242098,0.33423129434087,0.304413857578829,0.23282065024029,0.735774545731883,0.05,0.261173882611739,0.34016598340166,0.768523147685231,0.304969503049695,0.245675432456754,18
PWY-6710,poly-hydroxy fatty acids biosynthesis,12,0.342265773422658,0.342265773422658,0.342829782914329,0.381530989793004,0.302842528958484,0.264007066395451,0.645000596394425,0.135162950535628,0.685538866298975,1,0.305869413058694,0.289071092890711,0.698430156984302,0.587441255874413,0.18978102189781,18
PWY-6837,"fatty acid beta-oxidation V (unsaturated, odd number, di-isomerase-dependent)",7,0.344665533446655,0.344665533446655,0.391579972467012,0.388608803250587,0.282022558524389,0.344811426652286,0.305615227931815,0.287646623598905,0.759605276527433,1,0.276672332766723,0.339366063393661,0.757624237576242,0.282071792820718,0.314268573142686,18
PWY0-662,PRPP biosynthesis,5,0.347265273472653,0.347265273472653,0.38326762826439,0.394044409134028,0.475716105591156,0.242384562810506,0.241262722728166,0.405060484387011,0.664632252794373,0.5,0.477052294770523,0.241975802419758,0.706629337066293,0.242875712428757,0.402059794020598,18
ASPSYNII-PWY,cyanide detoxification I,5,0.349065093490651,0.349065093490651,0.506482806865968,0.419082584236163,0.333361614670476,0.566857187190546,0.226907075449934,0.622482591739716,0.781142032898528,0.5,0.315468453154685,0.486251374862514,0.713828617138286,0.17038296170383,0.58984101589841,18
PWY-6233,jasmonoyl-amino acid conjugates biosynthesis II,5,0.354864513548645,0.354864513548645,0.419347725156073,0.404817429687445,0.297096678654206,0.397087180684433,0.321684743891181,0.310350357737123,0.763136193859382,1,0.286671332866713,0.380961903809619,0.747725227477252,0.293670632936706,0.331566843315668,18
ASPARTATESYN-PWY,L-aspartate biosynthesis,6,0.358064193580642,0.358064193580642,0.398689350365568,0.404893664830003,0.311787657831465,0.312418251210277,0.485960561324311,0.215651499649835,0.746735660753305,1,0.306369363063694,0.306469353064694,0.782021797820218,0.478752124787521,0.208079192080792,18
PWY-3001,superpathway of L-isoleucine biosynthesis I,6,0.360563943605639,0.360563943605639,0.398695168859727,0.405155733897442,0.311787657831465,0.312418251210277,0.485960561324311,0.215651499649835,0.746752115848356,1,0.306969303069693,0.30956904309569,0.78012198780122,0.487351264873513,0.205179482051795,18
THRESYN-PWY,superpathway of L-threonine biosynthesis,6,0.363363663633637,0.363363663633637,0.398692227361215,0.406695585313779,0.311787657831465,0.312418251210277,0.485960561324311,0.215651499649835,0.746743797324698,1,0.308969103089691,0.311068893110689,0.773322667733227,0.483451654834517,0.213978602139786,18
CYANCAT-PWY,cyanate degradation,2,0.370662933706629,0.370662933706629,0.438528438455871,0.445831017470499,0.339986000379587,0.368705081168165,0.4246625799,0.301097500392432,0.745496769553464,1,0.337666233376662,0.363263673632637,0.76962303769623,0.419458054194581,0.302469753024698,18
ASPARTATE-DEG1-PWY,L-aspartate degradation I,6,0.375562443755624,0.375562443755624,0.39869347382676,0.4203294111442,0.311787657831465,0.312418251210277,0.485960561324311,0.215651499649835,0.74674732237299,1,0.312668733126687,0.315068493150685,0.786821317868213,0.490550944905509,0.222777722227777,18
PWY-7528,L-methionine salvage cycle I (bacteria and plants),3,0.398260173982602,0.398260173982602,0.452167078526906,0.470450928184854,0.341662228831477,0.382688694537124,0.532910113912531,0.259969462228233,0.751202020113446,1,0.341765823417658,0.38006199380062,0.781621837816218,0.528047195280472,0.278172182781722,18
PWY-6457,cinnamoyl-CoA biosynthesis,9,0.407259274072593,0.407259274072593,0.560626430047786,0.476012238639904,0.413879393142541,0.497230674422334,0.430921313204475,0.556699057427262,0.790158167009117,0.5,0.378862113788621,0.439156084391561,0.6996300369963,0.326967303269673,0.53034696530347,18
SAM-PWY,S-adenosyl-L-methionine biosynthesis,3,0.408159184081592,0.408159184081592,0.45215794744372,0.478100356582119,0.341662228831477,0.382688694537124,0.532910113912531,0.259969462228233,0.751178843616608,1,0.344265573442656,0.383961603839616,0.785021497850215,0.534746525347465,0.287471252874713,18
PWY-2,putrescine degradation IV,2,0.417158284171583,0.417158284171583,0.483192346513688,0.497659127731159,0.38765088756392,0.417990057156357,0.3957114304,0.383789802739676,0.763657989441227,1,0.391860813918608,0.421057894210579,0.788421157884212,0.399060093990601,0.384961503849615,18
PWY-6745,phytochelatins biosynthesis,4,0.441855814418558,0.441855814418558,0.54950265845343,0.519066998605852,0.400479930148999,0.503375847246892,0.594582289950739,0.347631077488853,0.792380557827344,1,0.38046195380462,0.463953604639536,0.772922707729227,0.530846915308469,0.366763323667633,18
PWY-6348,phosphate acquisition,33,0.471152884711529,0.471152884711529,0.479897891144229,0.526319206587081,0.315153191179676,0.386680292581142,0.731599649874354,0.216158289346128,0.759298623508759,1,0.303369663033697,0.376462353764624,0.826817318268173,0.676432356764324,0.297570242975702,18
PWY-6,GDP-L-fucose biosynthesis II (from L-fucose),2,0.481251874812519,0.481251874812519,0.563936604164389,0.561219596078545,0.430133468170332,0.492932854856378,0.5850578944,0.405729366206048,0.790657219937984,1,0.426157384261574,0.486251374862514,0.793220677932207,0.577442255774423,0.403859614038596,18
PWY1F-353,glycine betaine biosynthesis III (plants),3,0.486351364863514,0.486351364863514,0.541717764246658,0.55658403554713,0.393695690162935,0.462141041273925,0.652452449341888,0.331674797173993,0.777624822412535,1,0.386461353864614,0.456754324567543,0.812218778122188,0.655634436556344,0.323767623237676,18
PWY-43,putrescine biosynthesis II,4,0.501549845015498,0.501549845015498,0.534643136913665,0.562101278676522,0.429206902765618,0.529741387834651,0.292914942776148,0.579719130514713,0.776762992576507,0.5,0.435856414358564,0.540845915408459,0.815218478152185,0.301669833016698,0.58014198580142,18
PWY-4861,UDP-&alpha;-D-galacturonate biosynthesis I (from UDP-D-glucuronate),5,0.505849415058494,0.505849415058494,0.537618387480121,0.561845077302572,0.387386094070884,0.475219473964093,0.619898511174675,0.32545685212505,0.786000734479123,1,0.392760723927607,0.47965203479652,0.819118088191181,0.625237476252375,0.331966803319668,18
PWY-6577,farnesylcysteine salvage pathway,5,0.508549145085491,0.508549145085491,0.556678221421413,0.569403653060487,0.828193609586524,0.301032308718971,0.222293344873185,0.603225527976474,0.716182043856338,0.05,0.833916608339166,0.304769523047695,0.754024597540246,0.216378362163784,0.588041195880412,18
PWY-7221,guanosine ribonucleotides <i>de novo</i> biosynthesis,5,0.51044895510449,0.51044895510449,0.540476831173346,0.564287533836677,0.455073510327336,0.440208059058235,0.487149679937561,0.491476103626128,0.756026901941315,0.5,0.461653834616538,0.451754824517548,0.795820417958204,0.495450454954505,0.491350864913509,18
PWY-6483,ceramide degradation,7,0.514948505149485,0.514948505149485,0.627173657945808,0.577962280819319,0.889175927518129,0.263258529321937,0.291155058952622,0.676187793007868,0.628699831230219,0.5,0.875812418758124,0.274172582741726,0.599340065993401,0.23967603239676,0.626837316268373,18
PWY-5173,superpathway of acetyl-CoA biosynthesis,3,0.515548445155485,0.515548445155485,0.558613991271894,0.586992005937294,0.407417706549545,0.4786332168817,0.661653396117432,0.354362605439826,0.783178531525763,1,0.415358464153585,0.482551744825518,0.824217578242176,0.665933406659334,0.360563943605639,18
PWY-5172,acetyl-CoA biosynthesis III (from citrate),3,0.515848415158484,0.515848415158484,0.558609091039931,0.585397310527699,0.407417706549545,0.4786332168817,0.661653396117432,0.354362605439826,0.78316847895008,1,0.415358464153585,0.483751624837516,0.823317668233177,0.662933706629337,0.358464153584642,18
PWY-5032,<i>ent</i>-kaurene biosynthesis I,3,0.521847815218478,0.521847815218478,0.573139582414065,0.592182277227479,0.432285545545436,0.521984069285669,0.581574927990125,0.406945952798773,0.797655536621681,1,0.429057094290571,0.52034796520348,0.828917108289171,0.581741825817418,0.410758924107589,18
PWY-7590,"(7Z,10Z,13Z)-hexadecatrienoate biosynthesis",2,0.534646535346465,0.534646535346465,0.594284284385066,0.602926698030915,0.572741985276166,0.527837129834532,0.4406755056,0.557016146242684,0.780560730450018,0.5,0.574142585741426,0.527347265273473,0.797020297970203,0.445455454454555,0.555344465553445,18
PWY-5142,acyl-[acyl-carrier protein] thioesterase pathway,9,0.537346265373463,0.537346265373463,0.639137119236658,0.596684035484392,0.796761844982948,0.362047348842487,0.683133000959492,0.411570597554714,0.763457967404138,0.5,0.777622237776222,0.356164383561644,0.719428057194281,0.584141585841416,0.427157284271573,18
PWY-5997,&alpha;-linolenate biosynthesis I (plants and red algae),2,0.540945905409459,0.540945905409459,0.594278127819761,0.608974111023166,0.572741985276166,0.527837129834532,0.4406755056,0.557016146242684,0.780547115806991,0.5,0.577842215778422,0.538846115388461,0.799320067993201,0.45055494450555,0.561643835616438,18
PWY-7270,L-methionine salvage cycle II (plants),7,0.552744725527447,0.552744725527447,0.583852095862236,0.604077454194657,0.513749810554705,0.499681037012527,0.569753955287683,0.411298995449434,0.799257742913302,1,0.515748425157484,0.498950104989501,0.83051694830517,0.57034296570343,0.415358464153585,18
PWY0A-6303,methyl indole-3-acetate interconversion,6,0.556044395560444,0.556044395560444,0.684026409597088,0.619876714307269,0.442010393724007,0.56523584998925,0.863426259621997,0.358018066812914,0.815846611900847,1,0.422457754224578,0.522747725227477,0.78012198780122,0.795220477952205,0.381861813818618,18
PWY-6219,indole-3-acetate inactivation VIII,8,0.556544345565443,0.556544345565443,0.593495250781472,0.608073348608197,0.409970649996801,0.576194302338927,0.475663033829444,0.579310112919812,0.800517660776412,0.5,0.400859914008599,0.571942805719428,0.830616938306169,0.46975302469753,0.579442055794421,18
PWY-7546,diphthamide biosynthesis II (eukaryotes),7,0.561443855614439,0.561443855614439,0.621594250679014,0.615726962772495,0.460864049244318,0.616725941690724,0.474776859432465,0.529062405916632,0.833647936902183,1,0.451554844515549,0.601139886011399,0.838716128387161,0.451654834516548,0.524847515248475,18
PWY-5063,phytyl diphosphate biosynthesis,2,0.563943605639436,0.563943605639436,0.622967828385668,0.624761364390269,0.506170971626867,0.568187408241819,0.5744133831,0.507345333314166,0.816264414340105,1,0.497850214978502,0.567943205679432,0.819418058194181,0.577142285771423,0.512748725127487,18
COA-PWY,coenzyme A biosynthesis I (prokaryotic),11,0.56974302569743,0.56974302569743,0.661626867726298,0.626409450414771,0.480493348788291,0.631156110065037,0.658661695662072,0.525046236334585,0.837323375796115,0.5,0.468153184681532,0.582741725827417,0.817318268173183,0.598140185981402,0.521047895210479,18
PWY-6498,eumelanin biosynthesis,3,0.583141685831417,0.583141685831417,0.640625793631481,0.649255851623364,0.765969849840383,0.527623141704352,0.255721570214625,0.777121117553957,0.741842232126022,0.5,0.762123787621238,0.522747725227477,0.773122687731227,0.256974302569743,0.776522347765224,18
PWY-5691,urate conversion to allantoin I,2,0.591340865913409,0.591340865913409,0.638290443662484,0.635923106846878,0.533183906905862,0.586516046751339,0.5723886336,0.537511119286429,0.82102014729483,0.5,0.53044695530447,0.587741225877412,0.819218078192181,0.569343065693431,0.534146585341466,18
PWY-5123,"<i>trans, trans</i>-farnesyl diphosphate biosynthesis",7,0.604139586041396,0.604139586041396,0.642564297783848,0.65711265629462,0.546458878295454,0.519690799716938,0.767108162392865,0.394918744672186,0.804932588753188,1,0.537646235376462,0.509149085091491,0.834716528347165,0.766523347665233,0.402359764023598,18
PWY-7185,UTP and CTP dephosphorylation I,26,0.607239276072393,0.607239276072393,0.647594160351356,0.656771954535068,0.528298537931763,0.518335098576029,0.819875621469147,0.303630864977784,0.811678230008444,1,0.504149585041496,0.496850314968503,0.855314468553145,0.783121687831217,0.328067193280672,18
PWY-7436,vitamin E biosynthesis (tocotrienols),9,0.60993900609939,0.60993900609939,0.659472251883423,0.660479988521947,0.602794914044245,0.555241969316644,0.644652169944511,0.587259113811309,0.808665649108321,0.5,0.594540545945406,0.547145285471453,0.824917508249175,0.63003699630037,0.574842515748425,18
PWY-5692,allantoin degradation to glyoxylate II,2,0.630836916308369,0.630836916308369,0.660280626350893,0.660412545323406,0.564387419382796,0.6144534046123,0.5914617111,0.571365859837801,0.826562348614319,0.5,0.563743625637436,0.614038596140386,0.827317268273173,0.59044095590441,0.571642835716428,18
PWY-702,L-methionine biosynthesis II (plants),4,0.651234876512349,0.651234876512349,0.679084550147645,0.700732127351004,0.493290147903048,0.623028513114046,0.765610745535231,0.488302694178575,0.830796299294359,1,0.497150284971503,0.625437456254375,0.863913608639136,0.764523547645235,0.485051494850515,18
PWY-5947,lutein biosynthesis,3,0.657034296570343,0.657034296570343,0.690391061436408,0.70416376640038,0.613261155655461,0.677934163729335,0.567387037535409,0.652258871318217,0.828793454965523,0.5,0.611438856114389,0.674232576742326,0.854014598540146,0.563443655634437,0.655534446555345,18
GLUGLNSYN-PWY,L-glutamate biosynthesis IV,6,0.665433456654335,0.665433456654335,0.690575391731384,0.712077267283665,0.490515754783916,0.685942080834231,0.70048108471523,0.510901645065582,0.853478224434113,1,0.483951604839516,0.690630936906309,0.88021197880212,0.702229777022298,0.50984901509849,18
PWY-6908,thiamine diphosphate biosynthesis IV (eukaryotes),8,0.714928507149285,0.714928507149285,0.743576973015736,0.753533113059878,0.4786272201359,0.690850803898051,0.86735302188574,0.446455165860283,0.858336555821691,1,0.468653134686531,0.682131786821318,0.880811918808119,0.864513548645136,0.442255774422558,18
PWY-7856,heme <i>a</i> biosynthesis,2,0.731926807319268,0.731926807319268,0.730342820116988,0.732811950411769,0.684528674446971,0.701492343787054,0.6485407344,0.687744226320314,0.842701040901071,0.5,0.688331166883312,0.701829817018298,0.845315468453155,0.650734926507349,0.688831116888311,18
PWY-3261,UDP-&beta;-L-rhamnose biosynthesis,4,0.741525847415259,0.741525847415259,0.801572336215666,0.756918711834445,0.563498515949037,0.745514005014628,0.902697541424717,0.595568850296673,0.869508097374776,1,0.542645735426457,0.68963103689631,0.853514648535147,0.861513848615138,0.575142485751425,18
CITRULLINE-DEG-PWY,L-citrulline degradation,4,0.751324867513249,0.751324867513249,0.763028224624315,0.772432790249703,0.710332474520724,0.731239396721458,0.726436790441842,0.700022421375993,0.862687105268704,0.5,0.703929607039296,0.724527547245276,0.886111388861114,0.71972802719728,0.686131386861314,18
PWY-2161B,glutamate removal from folates,3,0.752924707529247,0.752924707529247,0.863760732082597,0.741384873555145,0.631913235472764,0.837855406258953,0.936860117832,0.719574003072123,0.895291900571825,1,0.567843215678432,0.704329567043296,0.7997200279972,0.848715128487151,0.636036396360364,18
PWY-1801,formaldehyde oxidation II (glutathione-dependent),2,0.761023897610239,0.761023897610239,0.760705266004393,0.759096865268128,0.597618283064957,0.723566798218741,0.8176795399,0.636136643208773,0.863029749992175,1,0.6001399860014,0.719328067193281,0.862013798620138,0.816518348165183,0.633636636336366,18
PWY-5976,dhurrin degradation,9,0.768123187681232,0.768123187681232,0.914983665981601,0.779190457866134,0.660565248127242,0.93840554510454,0.936936875388033,0.834638844180848,0.946451588213524,1,0.588941105889411,0.809119088091191,0.853714628537146,0.809319068093191,0.71042895710429,18
PWY-4381,fatty acid biosynthesis initiation I,2,0.771522847715229,0.771522847715229,0.773060163448365,0.771076867607254,0.671747021672188,0.75879144325739,0.7541724439,0.707432859212413,0.871322214953069,1,0.665233476652335,0.755124487551245,0.872812718728127,0.749425057494251,0.703129687031297,18
PWY-8001,felinine and 3-methyl-3-sulfanylbutan-1-ol biosynthesis,3,0.772122787721228,0.772122787721228,0.768106950379372,0.78706743034345,0.581766724561077,0.749224207003137,0.824016832412681,0.628493384528228,0.869366536841513,1,0.583141685831417,0.748625137486251,0.896410358964104,0.827217278272173,0.633236676332367,18
PWY-7120,esterified suberin biosynthesis,5,0.786621337866213,0.786621337866213,0.796091086739232,0.803677041112003,0.649442936874958,0.834834448503823,0.686644504453028,0.772158632067674,0.884525476454599,0.5,0.644735526447355,0.825617438256174,0.906209379062094,0.676932306769323,0.751224877512249,18
PWY-5115,GDP-L-galactose biosynthesis,2,0.791820817918208,0.791820817918208,0.782563304807421,0.787915848788627,0.681314704514031,0.772766240706094,0.7707314076,0.720809356375454,0.87329725629588,1,0.67983201679832,0.782021797820218,0.876412358764124,0.784421557844216,0.717228277172283,18
PWY-5035,gibberellin biosynthesis III (early C-13 hydroxylation),10,0.797620237976202,0.797620237976202,0.804674832338063,0.822384715993226,0.566092197880428,0.856402975693292,0.651940937019194,0.763896645834746,0.904021781096725,0.5,0.568443155684432,0.856814318568143,0.924207579242076,0.650734926507349,0.763523647635237,18
PWY-7346,UDP-&alpha;-D-glucuronate biosynthesis (from UDP-glucose),3,0.812018798120188,0.812018798120188,0.813046014665288,0.817907869121187,0.849804661976951,0.790128737721965,0.603987132412125,0.860330250768937,0.83793091347232,0.5,0.840815918408159,0.786721327867213,0.863613638636137,0.607139286071393,0.86051394860514,18
PWYQT-94,superpathway of polyamine biosynthesis,2,0.814918508149185,0.814918508149185,0.813437166027366,0.809757468453755,0.725652626572684,0.815753730152049,0.8086287484,0.771455895152924,0.880628964559427,1,0.725527447255275,0.80961903809619,0.875812418758124,0.805019498050195,0.774322567743226,18
PWY-4821,UDP-&alpha;-D-xylose biosynthesis,11,0.836616338366163,0.836616338366163,0.840135700994117,0.848817122721284,0.685178315629677,0.871597726707343,0.695422099399746,0.830562703530698,0.915996639082865,0.5,0.678332166783322,0.86991300869913,0.932306769323068,0.692530746925308,0.809319068093191,18
PWY-762,phospholipid desaturation,2,0.852014798520148,0.852014798520148,0.844124497081348,0.846648000097351,0.821387058817372,0.845116933080505,0.8015653884,0.840047166432915,0.886675497623619,1,0.823017698230177,0.847115288471153,0.887811218878112,0.805219478052195,0.845115488451155,18
MANNCAT-PWY,D-mannose degradation,3,0.877412258774123,0.877412258774123,0.873787994204141,0.876938677556917,0.783190738195944,0.889359472316201,0.882610117534656,0.848666175146043,0.909410241673139,1,0.780821917808219,0.888411158884112,0.917108289171083,0.882011798820118,0.852814718528147,18
PWY-2781,<i>cis</i>-zeatin biosynthesis,4,0.881311868813119,0.881311868813119,0.873436018117352,0.884947378888491,0.717732015878778,0.904324820617555,0.878316246659558,0.837132290700114,0.913658171959986,0.5,0.716828317168283,0.905709429057094,0.936106389361064,0.879012098790121,0.832416758324168,18
PWY-6468,&omega;- hydroxylation of laurate,2,0.882511748825118,0.882511748825118,0.880116536282319,0.877791974936162,0.90826787157134,0.861671555502106,0.79641856,0.896945131380215,0.890447565078021,1,0.904209579042096,0.856114388561144,0.885611438856114,0.787421257874213,0.902609739026097,18
PWY18C3-22,methylsalicylate biosynthesis,4,0.89001099890011,0.89001099890011,0.88363727572565,0.893078892492782,0.659394514750845,0.895425022995625,0.931783793838905,0.783808392742794,0.917019939692218,1,0.655734426557344,0.895310468953105,0.937006299370063,0.932806719328067,0.779522047795221,18
PWY-5859,eugenol and isoeugenol biosynthesis,7,0.8998100189981,0.8998100189981,0.956553659210219,0.901379083957617,0.833514599871498,0.973111078628064,0.963540838312754,0.952825303672082,0.957641628813829,0.5,0.815618438156184,0.924307569243076,0.924707529247075,0.907209279072093,0.878112188781122,18
PWY66-423,"fructose 2,6-bisphosphate biosynthesis",2,0.936706329367063,0.936706329367063,0.932613140968374,0.934332293640464,0.825731819403328,0.942571258090869,0.9657453936,0.907214567333271,0.912647261175326,1,0.828417158284172,0.944405559444056,0.912208779122088,0.967203279672033,0.907609239076092,18
