pathway_id,pathway_name,n_genes,omni_p_final,omni_p_mvn,omni_p_analytic,omni_p_mvn_compcal,acat_p,fisher_p,minp_p_analytic,stouffer_p_analytic,tfisher_p_analytic,tau_hat,acat_p_mvn_cal,fisher_p_mvn_cal,tfisher_p_mvn_cal,minp_p_mvn_cal,stouffer_p_mvn_cal,perm
GLYOXYLATE-BYPASS,glyoxylate cycle,17,9.99900009999e-05,9.99900009999e-05,1.89357752256036e-08,0.000165575034033749,0.00885977313361273,8.71516696638146e-06,0.0107923326694731,2.43511943492014e-05,3.78939402079226e-09,0.5,0.0096990300969903,9.99900009999e-05,9.99900009999e-05,0.0108989101089891,9.99900009999e-05,21
LIPAS-PWY,triacylglycerol degradation,117,9.99900009999e-05,9.99900009999e-05,9.62230295442623e-13,0.000165279722891709,0.00771549613415964,7.38654595824618e-12,0.00945208695921207,2.30226916717707e-13,1.39432909662673e-12,1,0.0073992600739926,9.99900009999e-05,9.99900009999e-05,0.0087991200879912,9.99900009999e-05,21
PWY-1042,glycolysis IV (plant cytosol),60,9.99900009999e-05,9.99900009999e-05,6.64323341337259e-07,0.000199618551641134,0.0353363526461464,6.8529497751846e-06,0.0651618083760184,1.00640978943343e-05,1.37341386818868e-07,1,0.0335966403359664,9.99900009999e-05,9.99900009999e-05,0.0631936806319368,0.0001999800019998,21
PWY-1121,suberin monomers biosynthesis,67,9.99900009999e-05,9.99900009999e-05,2.12717580216903e-07,0.000199884734929656,0.085155802572937,4.74437659167537e-06,0.425638046331027,7.76530234973233e-08,9.5999160176774e-08,1,0.0896910308969103,9.99900009999e-05,9.99900009999e-05,0.396260373962604,0.0001999800019998,21
PWY-3781,aerobic respiration I (cytochrome c),297,9.99900009999e-05,9.99900009999e-05,8.54871728961371e-15,0.000166574991628476,0.070482276227994,6.89342783663188e-14,0.502048757949282,1.78928899644316e-15,8.85957973650875e-14,1,0.0734926507349265,9.99900009999e-05,9.99900009999e-05,0.485351464853515,9.99900009999e-05,21
PWY-5687,pyrimidine ribonucleotides interconversion,33,9.99900009999e-05,9.99900009999e-05,5.00500757505407e-09,0.000166324153944963,0.0229082400950289,1.20736472183626e-06,0.0530242079606771,4.32188050575634e-07,1.00415986636904e-09,1,0.0251974802519748,9.99900009999e-05,9.99900009999e-05,0.0516948305169483,9.99900009999e-05,21
PWY-5690,TCA cycle II (plants and fungi),29,9.99900009999e-05,9.99900009999e-05,5.84780524004458e-09,0.000198923327468736,0.0139445976250949,2.02033460393791e-06,0.0183402489065787,1.26890509410543e-05,1.17034659741222e-09,0.5,0.0134986501349865,9.99900009999e-05,9.99900009999e-05,0.016998300169983,0.0001999800019998,21
PWY-5936,xyloglucan biosynthesis,52,9.99900009999e-05,9.99900009999e-05,4.9960036108132e-15,9.99900009999166e-05,2.24394142567826e-05,1.39918874412763e-12,4.06288704996038e-05,6.30357479130357e-11,1e-15,1,9.99900009999e-05,9.99900009999e-05,9.99900009999e-05,9.99900009999e-05,9.99900009999e-05,21
PWY-5971,palmitate biosynthesis II (bacteria and plants),43,9.99900009999e-05,9.99900009999e-05,1.33473132712947e-07,0.000199878989223634,0.0838155643885668,5.3821361053025e-06,0.436507834176214,7.99007244271392e-08,4.03887344679887e-08,1,0.0836916308369163,0.0001999800019998,9.99900009999e-05,0.405459454054595,9.99900009999e-05,21
PWY-5989,stearate biosynthesis II (bacteria and plants),38,9.99900009999e-05,9.99900009999e-05,1.78032120712324e-08,0.000166571435931462,0.0744533628321222,1.9528754261349e-06,0.397642381248348,2.10627182693993e-08,4.29444679816982e-09,1,0.0767923207679232,9.99900009999e-05,9.99900009999e-05,0.368163183681632,9.99900009999e-05,21
PWY-6363,"D-<i>myo</i>-inositol (1,4,5)-trisphosphate degradation",7,9.99900009999e-05,9.99900009999e-05,4.9960036108132e-15,0.000162889314523129,0.00194048694932217,2.20518312370588e-07,0.00409744638103349,6.79341212635609e-07,1e-15,1,0.0021997800219978,9.99900009999e-05,9.99900009999e-05,0.0041995800419958,9.99900009999e-05,21
PWY-6803,phosphatidylcholine acyl editing,99,9.99900009999e-05,9.99900009999e-05,1.1160338236893e-07,0.000227117878993433,0.0801653523494663,1.14938317046413e-06,0.50022260268546,4.49364098973509e-07,2.39773086940787e-08,1,0.0786921307869213,9.99900009999e-05,9.99900009999e-05,0.464653534646535,0.0004999500049995,21
PWY-6908,thiamine diphosphate biosynthesis IV (eukaryotes),8,9.99900009999e-05,9.99900009999e-05,4.62933445188885e-07,0.000166278701234146,0.0209526737402131,0.000116764533858872,0.0470523255659118,2.83983034664649e-05,9.29640850966251e-08,1,0.0215978402159784,9.99900009999e-05,9.99900009999e-05,0.0477952204779522,9.99900009999e-05,21
PWYIO2-7,triacylglycerol biosynthesis (Chlamydomonas),53,9.99900009999e-05,9.99900009999e-05,2.77231724798988e-08,0.000166523119894235,0.0594992267924917,1.31150616013495e-06,0.136616912551317,5.7936959012246e-08,6.16021889054963e-09,1,0.0615938406159384,9.99900009999e-05,9.99900009999e-05,0.137286271372863,9.99900009999e-05,21
THIOREDOX-PWY,thioredoxin pathway,20,9.99900009999e-05,9.99900009999e-05,1.86298131743534e-06,0.000199654136478822,0.0412879316744913,5.82089373973471e-05,0.0695022048936793,2.70117336005049e-06,4.35456058989203e-07,1,0.0382961703829617,0.0001999800019998,9.99900009999e-05,0.0664933506649335,9.99900009999e-05,21
TRIGLSYN-PWY,diacylglycerol and triacylglycerol biosynthesis,53,9.99900009999e-05,9.99900009999e-05,2.77231724798988e-08,0.000166511928508528,0.0594992267924917,1.31150616013495e-06,0.136616912551317,5.7936959012246e-08,6.16021889054963e-09,1,0.0551944805519448,9.99900009999e-05,9.99900009999e-05,0.135286471352865,9.99900009999e-05,21
PWY-6121,5-aminoimidazole ribonucleotide biosynthesis I,11,0.0001999800019998,0.0001999800019998,4.08388008371619e-06,0.000248736512056591,0.0160873429058705,0.00017615641989049,0.0357846269115568,0.000175427136825479,8.24498296747578e-07,1,0.0144985501449855,0.0001999800019998,9.99900009999e-05,0.0324967503249675,0.0001999800019998,21
PWY-6348,phosphate acquisition,33,0.0001999800019998,0.0001999800019998,3.44964667942094e-10,0.000272206791226026,0.0389696729697478,3.20806091107194e-07,0.111069280316097,1.80144375655948e-08,6.92731427776039e-11,1,0.0424957504249575,0.0002999700029997,9.99900009999e-05,0.0984901509849015,0.0001999800019998,21
PWY-321,cutin biosynthesis,56,0.0002999700029997,0.0002999700029997,6.74548197399094e-06,0.000310160196217379,0.118380386290057,0.000105682008905227,0.526221971173807,1.60378565097943e-06,9.23855681578267e-06,1,0.118188181181882,0.0008999100089991,0.0001999800019998,0.509149085091491,9.99900009999e-05,21
PWY-3385,choline biosynthesis I,12,0.0002999700029997,0.0002999700029997,2.30585767146962e-09,0.000207662901514138,0.00214369828781461,7.52586677002799e-06,0.00232192529862707,2.51839951448757e-05,4.61208404800573e-10,1,0.0025997400259974,9.99900009999e-05,9.99900009999e-05,0.0027997200279972,0.0002999700029997,21
PWY-5129,sphingolipid biosynthesis (plants),32,0.0002999700029997,0.0002999700029997,3.56971782189408e-07,0.000371036868142938,0.0345547208263337,1.17206001597927e-05,0.0573098125496233,5.17348339926519e-06,7.28435572971975e-08,1,0.0374962503749625,0.0006999300069993,9.99900009999e-05,0.0513948605139486,0.0004999500049995,21
PWY-621,sucrose degradation III (sucrose invertase),9,0.0002999700029997,0.0002999700029997,1.01967733018848e-05,0.000332242552623152,0.0319291916772121,0.000336170875378553,0.0539186534346833,0.000283175411567577,2.06698879678946e-06,1,0.032996700329967,0.0003999600039996,9.99900009999e-05,0.0563943605639436,0.0003999600039996,21
PWY-6733,sporopollenin precursors biosynthesis,62,0.0002999700029997,0.0002999700029997,2.79819223397704e-06,0.000352505384933144,0.0782709448939006,1.82516146662112e-05,0.221885434356959,3.23479827873222e-06,7.02778364836121e-07,1,0.0822917708229177,0.0003999600039996,9.99900009999e-05,0.203879612038796,0.0005999400059994,21
PWY-6949,DIBOA-glucoside biosynthesis,39,0.0002999700029997,0.0002999700029997,5.23470156110761e-14,0.000324260965821277,0.00629187128117368,1.0219191564994e-08,0.0175311198201075,6.29497513088021e-06,1.04360964314765e-14,0.5,0.0060993900609939,0.0001999800019998,9.99900009999e-05,0.0137986201379862,0.0054994500549945,21
PWY-7120,esterified suberin biosynthesis,5,0.0002999700029997,0.0002999700029997,2.47891247362464e-07,0.000243237459058354,0.000180549539766073,0.00130171066274419,0.000180576955372103,0.00884137004167419,4.96076590916772e-08,0.01,0.0001999800019998,0.001999800019998,9.99900009999e-05,0.0001999800019998,0.0184981501849815,21
PWY-7897,flavonoid di-C-glucosylation,37,0.0002999700029997,0.0002999700029997,3.0204727607952e-12,0.000365578788631582,0.0229389452040482,2.06429826183607e-08,0.0580013338854504,1.11201063242142e-07,6.04072347698548e-13,1,0.0225977402259774,0.0003999600039996,9.99900009999e-05,0.0488951104889511,0.0008999100089991,21
PWY3O-4107,NAD salvage pathway V (PNC V cycle),11,0.0002999700029997,0.0002999700029997,7.08135894145201e-07,0.000351190945806767,0.022107642705255,8.98853869122727e-05,0.0555237827789815,0.000354402766483644,1.4190875197162e-07,0.5,0.0196980301969803,0.0003999600039996,9.99900009999e-05,0.0535946405359464,0.0005999400059994,21
PWY4FS-2,phosphatidylcholine biosynthesis II,13,0.0002999700029997,0.0002999700029997,1.11706564137615e-05,0.000337396302769188,0.00247793143245569,0.000224304065718742,0.00251517554169667,0.000266119612792103,2.28006391522762e-06,1,0.0022997700229977,0.0003999600039996,9.99900009999e-05,0.0021997800219978,0.0006999300069993,21
RIBOSYN2-PWY,flavin biosynthesis I (bacteria and plants),21,0.0002999700029997,0.0002999700029997,9.70968968696528e-05,0.00037813298833328,0.000873073629767137,0.000683569757109768,0.000887085059762427,0.00420562550921149,2.10430535481088e-05,0.01,0.0007999200079992,0.0016998300169983,9.99900009999e-05,0.0007999200079992,0.0074992500749925,21
POLYAMINSYN3-PWY,superpathway of polyamine biosynthesis II,9,0.0003999600039996,0.0003999600039996,1.98576320259436e-06,0.000411593058258275,0.0357276288541281,0.000172785850794094,0.0666161592182673,2.24403196426716e-05,4.05263437475156e-07,1,0.0347965203479652,0.0022997700229977,9.99900009999e-05,0.0593940605939406,0.0005999400059994,21
PWY-2681,<i>trans</i>-zeatin biosynthesis,21,0.0003999600039996,0.0003999600039996,0.000110219038817583,0.000404274876688426,0.0466998503360139,0.000462911518323673,0.12776477415308,0.000241591570758351,2.56173163255546e-05,1,0.0464953504649535,0.0006999300069993,9.99900009999e-05,0.125187481251875,0.0010998900109989,21
PWY-6164,3-dehydroquinate biosynthesis I,5,0.0003999600039996,0.0003999600039996,8.85525524968456e-06,0.000383596608928394,0.0108704917140248,0.000650389793133862,0.0135825980396059,0.000421216385582588,1.78393253680298e-06,1,0.0103989601039896,0.0006999300069993,9.99900009999e-05,0.0124987501249875,0.0006999300069993,21
PWY4FS-3,phosphatidylcholine biosynthesis III,8,0.0003999600039996,0.0003999600039996,2.00948439066373e-06,0.000393238417839281,0.00152728190176079,0.000203621528877078,0.00154854985556474,0.000300497523614186,4.03443622176702e-07,1,0.0017998200179982,0.0011998800119988,9.99900009999e-05,0.0017998200179982,0.0012998700129987,21
PYRIDNUCSYN-PWY,NAD <i>de novo</i> biosynthesis I (from aspartate),5,0.0003999600039996,0.0003999600039996,2.65293201595074e-05,0.000308690619200136,0.018495114075036,0.000965382228107774,0.0356616351518388,0.000593900869323168,5.38592440613162e-06,1,0.0181981801819818,0.0008999100089991,9.99900009999e-05,0.0333966603339666,0.0001999800019998,21
PWY-3462,L-phenylalanine biosynthesis II,6,0.0004999500049995,0.0004999500049995,0.000264076522584422,0.000431636449470418,0.00521399396694123,0.00203887305798673,0.00536988555859408,0.00183789890683308,5.70731712683514e-05,1,0.0056994300569943,0.0013998600139986,9.99900009999e-05,0.005999400059994,0.0018998100189981,21
PWY-5080,very long chain fatty acid biosynthesis I,65,0.0004999500049995,0.0004999500049995,8.57739018700343e-09,0.000687231345943451,0.085363721679422,4.73633283256146e-07,0.35743406001983,1.59975131757303e-08,1.9293591169145e-09,1,0.0885911408859114,0.0006999300069993,0.0003999600039996,0.324067593240676,0.0002999700029997,21
PWY-5147,oleate biosynthesis I (plants),42,0.0004999500049995,0.0004999500049995,1.72025888279803e-05,0.000641618821035084,0.0796082418352855,0.000110446927704501,0.400105839932852,7.72999573890161e-06,6.56942561783058e-06,1,0.0760923907609239,0.0008999100089991,0.0005999400059994,0.371862813718628,0.0001999800019998,21
PWY-5934,iron reduction and absorption,2,0.0004999500049995,0.0004999500049995,0.000366675275862927,0.000466677540815863,0.0157262283662808,0.00534944614017967,0.01752890366976,0.00338659525717134,7.67264086886099e-05,1,0.013998600139986,0.0045995400459954,9.99900009999e-05,0.0148985101489851,0.0027997200279972,21
PWY-6012,acyl carrier protein metabolism,3,0.0004999500049995,0.0004999500049995,2.08465789156009e-05,0.00043598611214124,0.00721127111856198,0.00153475790978878,0.0075851406535048,0.000857883645304653,4.20592498517891e-06,1,0.0070992900709929,0.0014998500149985,9.99900009999e-05,0.0074992500749925,0.0018998100189981,21
PWY1F-FLAVSYN,flavonoid biosynthesis,52,0.0004999500049995,0.0004999500049995,4.29655311329213e-10,0.000672922713373492,0.0311775031713329,1.27737661188492e-07,0.0805457295541048,6.96947078460447e-07,8.59995408220016e-11,1,0.02999700029997,0.0005999400059994,0.0001999800019998,0.0642935706429357,0.0013998600139986,21
PWY4FS-4,phosphatidylcholine biosynthesis IV,7,0.0004999500049995,0.0004999500049995,8.56322092679385e-08,0.000342823029575723,0.0013357874469962,7.96083012338508e-05,0.00135511234082519,5.49667615838422e-05,1.71359038070307e-08,1,0.0011998800119988,0.0007999200079992,9.99900009999e-05,0.0011998800119988,0.0005999400059994,21
PWY-6443,"benzoate biosynthesis I (CoA-dependent, &beta;-oxidative)",104,0.0005999400059994,0.0005999400059994,4.70382122141899e-10,0.000622878735887844,0.0179984659647183,3.73888421347144e-08,0.0214853768647235,4.3807385609056e-09,9.63888968641413e-11,1,0.0181981801819818,0.0005999400059994,0.0001999800019998,0.0181981801819818,0.0007999200079992,21
PWY-6665,pterostilbene biosynthesis,27,0.0005999400059994,0.0005999400059994,2.08573255888744e-08,0.000535825166697923,0.011297785828681,3.7066600353123e-06,0.0152493648297802,1.23009379558226e-07,4.32293112417881e-09,1,0.0114988501149885,0.0011998800119988,0.0001999800019998,0.012998700129987,0.0002999700029997,21
PWY-7205,CMP phosphorylation,10,0.0006999300069993,0.0006999300069993,0.000153330976990995,0.000743504198254863,0.0173886591536199,0.00101947854941427,0.0235653097475345,0.0011241418702627,3.26382142979975e-05,1,0.0175982401759824,0.0015998400159984,0.0001999800019998,0.0234976502349765,0.000999900009999,21
PWY0-1319,CDP-diacylglycerol biosynthesis II,21,0.0006999300069993,0.0006999300069993,0.000344717214160517,0.000677371082812184,0.0416145656040911,0.00104063234869579,0.0616495705962218,0.000239434087113941,0.000107212596474948,1,0.0378962103789621,0.0010998900109989,0.0001999800019998,0.0587941205879412,0.0006999300069993,21
CALVIN-PWY,Calvin-Benson-Bassham cycle,38,0.0007999200079992,0.0007999200079992,0.000159762023061283,0.000770397320696947,0.0390013320441726,0.000450573359701886,0.0527790216884492,9.33289635151925e-05,5.45908682706431e-05,1,0.0384961503849615,0.0008999100089991,0.0004999500049995,0.0515948405159484,0.0002999700029997,21
GLYSYN-ALA-PWY,glycine biosynthesis III,5,0.0007999200079992,0.0007999200079992,0.000460860481080572,0.000842295686151351,0.0113177052182516,0.00297683700461961,0.0131364246308697,0.00288160346499602,9.99807482237047e-05,1,0.0106989301069893,0.0022997700229977,0.0001999800019998,0.0134986501349865,0.002999700029997,21
PWY-5143,long-chain fatty acid activation,18,0.0007999200079992,0.0007999200079992,3.99295778005793e-05,0.000854096375017155,0.0594023597064344,0.000309746043966653,0.213460552208058,7.41332673930645e-05,9.21810321541372e-06,1,0.0614938506149385,0.0011998800119988,0.0002999700029997,0.205979402059794,0.0005999400059994,21
PWY-5987,sorgoleone biosynthesis,22,0.0007999200079992,0.0007999200079992,2.80100826477447e-07,0.000670797807117207,0.0729825883686231,1.96025433030435e-05,0.317371143334862,5.10913891827218e-07,6.31217147439855e-08,1,0.0688931106889311,0.0012998700129987,0.0002999700029997,0.263973602639736,0.0002999700029997,21
PWY-6468,&omega;- hydroxylation of laurate,2,0.0007999200079992,0.0007999200079992,0.000248826501506594,0.000880426015687719,0.00470022927935233,0.00573405644321157,0.00472141386774994,0.00860096675177022,5.16017766449828e-05,0.01,0.004999500049995,0.0055994400559944,0.0001999800019998,0.004999500049995,0.00999900009999,21
PWY-695,abscisic acid biosynthesis,9,0.0007999200079992,0.0007999200079992,9.27854059264432e-05,0.000881837487521575,0.0581652348263667,0.000927522459881954,0.147858667209531,0.000159982585503185,2.14888805217806e-05,1,0.0582941705829417,0.0031996800319968,0.0002999700029997,0.141085891410859,0.0004999500049995,21
LIPASYN-PWY,phospholipases,106,0.0008999100089991,0.0008999100089991,8.35337155752347e-06,0.000941801666644038,0.0540377242146857,2.21188326014754e-05,0.0952402099904743,1.29092463992754e-05,2.10146725132532e-06,1,0.0504949505049495,0.0005999400059994,0.0003999600039996,0.0883911608839116,0.0008999100089991,21
PWY-622,starch biosynthesis,22,0.0008999100089991,0.0008999100089991,5.38990429980735e-05,0.000654578264066452,0.0307422525127316,0.000288491566267056,0.0399233002626209,0.000249888154237172,1.17315007064356e-05,1,0.0287971202879712,0.0005999400059994,0.0001999800019998,0.0363963603639636,0.0010998900109989,21
PWY-6549,L-glutamine biosynthesis III,26,0.0008999100089991,0.0008999100089991,0.000539743172712492,0.000921402438746777,0.0895034402136189,0.00120555374490294,0.169441138394021,0.000370126860449439,0.000174941973737575,1,0.0861913808619138,0.0010998900109989,0.0003999600039996,0.163883611638836,0.0004999500049995,21
PWY-3561,choline biosynthesis III,22,0.000999900009999,0.000999900009999,2.03888970894406e-05,0.000839046017033496,0.0179985367967745,0.000170290830913919,0.020558260968001,7.56564911787451e-05,4.42404486367121e-06,1,0.0198980101989801,0.0018998100189981,0.0002999700029997,0.0204979502049795,0.0004999500049995,21
PWY-6773,"1,3-&beta;-D-glucan biosynthesis",14,0.000999900009999,0.000999900009999,1.12113669273328e-05,0.000857083126559133,0.00201158369712967,0.000206387942917385,0.00205561553861733,0.00013724346720212,2.3102114817819e-06,1,0.0020997900209979,0.0010998900109989,0.0002999700029997,0.0018998100189981,0.0016998300169983,21
PWY-7560,methylerythritol phosphate pathway II,14,0.0010998900109989,0.0010998900109989,0.000154981288534972,0.00119923772114205,0.0455766355061147,0.000766626914952385,0.108129930125938,0.000689782840836163,3.39246008301819e-05,1,0.0468953104689531,0.0022997700229977,0.0002999700029997,0.104289571042896,0.0026997300269973,21
ARGASEDEG-PWY,L-arginine degradation I (arginase pathway),5,0.0011998800119988,0.0011998800119988,0.000945533375348417,0.0013992259100567,0.050236223674399,0.00483607388778619,0.0493269045198933,0.0204461528237919,0.0002002984490721,0.5,0.0517948205179482,0.0060993900609939,0.0002999700029997,0.0506949305069493,0.0268973102689731,21
GLUCONEO-PWY,gluconeogenesis I,56,0.0011998800119988,0.0011998800119988,2.31670062053047e-05,0.00117304462997814,0.0276462749279862,7.16037585614225e-05,0.035113156653676,0.000226383799213349,5.06645396569638e-06,0.5,0.0277972202779722,0.0006999300069993,0.0004999500049995,0.0351964803519648,0.0012998700129987,21
PWY-5070,"gibberellin biosynthesis I (non C-3, non C-13 hydroxylation)",6,0.0012998700129987,0.0012998700129987,0.000416188557807562,0.00119308190256123,0.00234236770183002,0.0270988842719151,0.00233502494389493,0.137210548929719,8.99687447765141e-05,0.01,0.0024997500249975,0.0292970702929707,0.0002999700029997,0.0023997600239976,0.145785421457854,21
PWY-7184,pyrimidine deoxyribonucleotides <i>de novo</i> biosynthesis I,42,0.0012998700129987,0.0012998700129987,8.95923661867193e-05,0.00120005730769984,0.0393243098869245,0.000225928926959247,0.0669909774455988,0.000325813104377489,2.07155544996729e-05,1,0.0375962403759624,0.0010998900109989,0.0003999600039996,0.060993900609939,0.0013998600139986,21
PWY-7436,vitamin E biosynthesis (tocotrienols),9,0.0012998700129987,0.0012998700129987,0.00024275809417279,0.00152216388166498,0.0094962654922132,0.00138662587368102,0.0106270684046598,0.00284956188464255,5.17459020296096e-05,1,0.008999100089991,0.002999700029997,0.0003999600039996,0.0092990700929907,0.0042995700429957,21
PWY-7176,UTP and CTP <i>de novo</i> biosynthesis,12,0.0013998600139986,0.0013998600139986,0.000187659793894457,0.00149551209460497,0.0236930742573703,0.000982638457457429,0.0282113095738995,0.000535321463796383,4.22283481685826e-05,1,0.0254974502549745,0.001999800019998,0.0004999500049995,0.0287971202879712,0.0012998700129987,21
PWY-6823,molybdenum cofactor biosynthesis,15,0.0014998500149985,0.0014998500149985,0.000749622697868047,0.00146349110439103,0.0765314982585777,0.00195263569708789,0.242637826788203,0.00065432357606275,0.000216755606142316,1,0.0756924307569243,0.0024997500249975,0.0004999500049995,0.248275172482752,0.000999900009999,21
PWY-2541,phytosterol biosynthesis (plants),27,0.0015998400159984,0.0015998400159984,3.46504594073149e-07,0.0016267434344015,0.0579779508748494,1.52345620167076e-05,0.226217216628419,1.56173434055589e-06,7.286585868016e-08,1,0.0622937706229377,0.0032996700329967,0.0003999600039996,0.195980401959804,0.003999600039996,21
PWY-46,putrescine biosynthesis III,6,0.0016998300169983,0.0016998300169983,3.8245368380041e-06,0.00227288082777921,0.0277807361290197,0.000384265266755192,0.0449190444504304,6.974959665592e-05,7.74983255458217e-07,1,0.0297970202979702,0.0058994100589941,0.0005999400059994,0.0368963103689631,0.0032996700329967,21
PWY-5035,gibberellin biosynthesis III (early C-13 hydroxylation),10,0.0016998300169983,0.0016998300169983,0.000744473097961718,0.00176921674598268,0.0244772283971688,0.00233733004491541,0.0328675103816275,0.00146508777947283,0.000180678984551763,1,0.0235976402359764,0.0030996900309969,0.0006999300069993,0.0307969203079692,0.000999900009999,21
PWY-6959,L-ascorbate degradation V,9,0.0016998300169983,0.0016998300169983,0.000414494341141103,0.00178653121868899,0.0503840626044822,0.00183808985073699,0.112166349315342,0.00114220196708134,9.42052071971622e-05,1,0.0470952904709529,0.0022997700229977,0.0005999400059994,0.104389561043896,0.0014998500149985,21
FASYN-ELONG-PWY,fatty acid elongation -- saturated,12,0.0017998200179982,0.0017998200179982,0.000127978070814161,0.00177757037363502,0.0727069789125987,0.000893367339993581,0.242439189230905,0.000108465783774478,3.48267887640974e-05,1,0.0743925607439256,0.0022997700229977,0.0007999200079992,0.235476452354765,0.0008999100089991,21
PWY-6745,phytochelatins biosynthesis,4,0.0017998200179982,0.0017998200179982,7.66596355729066e-05,0.00199402731846554,0.0425829515822819,0.00179553957519521,0.10953014646236,0.000400787998868493,1.60928885115652e-05,1,0.0427957204279572,0.0061993800619938,0.0004999500049995,0.0948905109489051,0.0031996800319968,21
NONMEVIPP-PWY,methylerythritol phosphate pathway I,13,0.0018998100189981,0.0018998100189981,0.000192975698290188,0.00178631904152732,0.0431243706564777,0.000948882188484601,0.100809983880717,0.00114174875557582,4.17577532656477e-05,0.5,0.0451954804519548,0.0021997800219978,0.0004999500049995,0.0992900709929007,0.0031996800319968,21
PWY-6465,&omega;-hydroxylation of caprate and laurate,13,0.0020997900209979,0.0020997900209979,0.000245609468474295,0.00230123229032792,0.0255212692264314,0.00116147862615193,0.0302935354751781,0.000220390674944191,6.71720517432251e-05,1,0.0280971902809719,0.0043995600439956,0.0015998400159984,0.0286971302869713,0.0007999200079992,21
PWY-1422,vitamin E biosynthesis (tocopherols),13,0.0021997800219978,0.0021997800219978,0.000717418510126466,0.00213729561135517,0.013210673437078,0.00192830402311009,0.0153138876742384,0.00149401173730575,0.000177286079743988,1,0.0130986901309869,0.002999700029997,0.0006999300069993,0.0150984901509849,0.0022997700229977,21
PWY-101,photosynthesis light reactions,32,0.0023997600239976,0.0023997600239976,0.000285041264285801,0.00234674670626378,0.035079720953456,0.000597012763046493,0.0564995318808204,0.000632946293886894,7.0222270450393e-05,1,0.0344965503449655,0.0017998200179982,0.0008999100089991,0.0544945505449455,0.0023997600239976,21
PWY-5723,Rubisco shunt,38,0.0024997500249975,0.0024997500249975,0.000668291219405426,0.00247248088239582,0.0371784691060668,0.000951756497335562,0.0527790216884492,0.00155264105681559,0.00017417156196875,1,0.0392960703929607,0.0014998500149985,0.0008999100089991,0.0522947705229477,0.004999500049995,21
PWY-181,photorespiration,20,0.0025997400259974,0.0025997400259974,2.93205615044534e-05,0.0028201611036982,0.0721118378624666,0.000303560259475193,0.153584725054077,1.33319827433944e-05,1.08451246574326e-05,1,0.0723927607239276,0.0060993900609939,0.000999900009999,0.134086591340866,0.0016998300169983,21
PWY-4261,glycerol degradation I,4,0.0026997300269973,0.0026997300269973,0.00106735755184884,0.00254256983878121,0.0361242860658697,0.00508814417052797,0.0530891044332653,0.00200893707486667,0.000253553748843838,1,0.0375962403759624,0.0057994200579942,0.0007999200079992,0.0567943205679432,0.001999800019998,21
PWY-3261,UDP-&beta;-L-rhamnose biosynthesis,4,0.0027997200279972,0.0027997200279972,0.000218117451830979,0.00312404104166447,0.0212687134206272,0.00262695704463722,0.0265902697710373,0.00139746953927262,4.5992397616712e-05,1,0.0226977302269773,0.0093990600939906,0.0007999200079992,0.0241975802419758,0.0062993700629937,21
PWY-5921,glutaminyl-tRNA<sup>gln</sup> biosynthesis via transamidation,34,0.0027997200279972,0.0027997200279972,0.000242948262621112,0.00285876925270928,0.107038700908436,0.000611659915791395,0.421086544601044,0.000162083035476006,7.83321092112654e-05,1,0.11018898110189,0.0028997100289971,0.0015998400159984,0.398760123987601,0.0012998700129987,21
GLUTAMINDEG-PWY,L-glutamine degradation I,34,0.0028997100289971,0.0028997100289971,0.000242627429136277,0.00283017892799808,0.107038700908436,0.000611659915791395,0.421086544601044,0.000162083035476006,7.81654800936504e-05,1,0.102689731026897,0.0023997600239976,0.0013998600139986,0.391160883911609,0.0015998400159984,21
PWY-5686,UMP biosynthesis I,11,0.0028997100289971,0.0028997100289971,0.000538903009154934,0.00276478092684646,0.00943819054541577,0.0019271441018534,0.00998201896782158,0.000684014167522677,0.000141020287859561,1,0.0110988901109889,0.0048995100489951,0.0011998800119988,0.0107989201079892,0.0016998300169983,21
PWY-6275,&beta;-caryophyllene biosynthesis,16,0.002999700029997,0.002999700029997,0.000405884512986898,0.00302310532566186,0.0818098868575749,0.00156311818296865,0.219646482712504,0.000189041663207568,0.000156901403679521,1,0.0786921307869213,0.0038996100389961,0.0013998600139986,0.214778522147785,0.0014998500149985,21
ARG-PRO-PWY,L-arginine degradation VI (arginase 2 pathway),4,0.0030996900309969,0.0030996900309969,0.00145670526891711,0.0029207919302176,0.0598195954277908,0.00600448548819296,0.136631091604948,0.00163287058102642,0.000380219225893153,1,0.0584941505849415,0.0064993500649935,0.0010998900109989,0.137086291370863,0.0015998400159984,21
PWY-7039,"phosphatidate metabolism, as a signaling molecule",39,0.0031996800319968,0.0031996800319968,0.000970088672628211,0.00304255950470139,0.0294940821163786,0.00149361632526141,0.0361542612814707,0.000570120403258833,0.000374632803525565,1,0.0306969303069693,0.0023997600239976,0.001999800019998,0.0363963603639636,0.0014998500149985,21
PWY-5667,CDP-diacylglycerol biosynthesis I,29,0.0034996500349965,0.0034996500349965,0.00219322176648279,0.00359507588430846,0.0574433070967638,0.00309355826727264,0.0841223528864362,0.00121815299681651,0.000903557419919765,1,0.0581941805819418,0.0037996200379962,0.0013998600139986,0.0843915608439156,0.0025997400259974,21
PWY-7995,tricin biosynthesis,24,0.0034996500349965,0.0034996500349965,1.6690715397949e-05,0.00370130357213461,0.0350058590726206,0.000137704306812512,0.0996593386456478,8.85032656999199e-05,3.55911610916415e-06,1,0.035996400359964,0.0044995500449955,0.0011998800119988,0.0878912108789121,0.0038996100389961,21
PWY-6540,costunolide biosynthesis,5,0.0037996200379962,0.0037996200379962,0.00143404867875585,0.00386098936216495,0.0263472529441325,0.00551503086006094,0.0386831651017577,0.0144254407718752,0.000315214899233696,0.5,0.0260973902609739,0.0055994400559944,0.000999900009999,0.0403959604039596,0.0186981301869813,21
PWY-2161B,glutamate removal from folates,3,0.0038996100389961,0.0038996100389961,2.16273573204751e-05,0.00542227229540521,0.0279326370833158,0.00155388922914709,0.0719879900272606,0.000480219382453602,4.37802710007151e-06,1,0.0298970102989701,0.0196980301969803,0.0012998700129987,0.046995300469953,0.020997900209979,21
PWY-3101,flavonol biosynthesis,33,0.003999600039996,0.003999600039996,2.16641801881745e-05,0.00380957848574426,0.0447617986585362,0.000119093029662709,0.134415564877727,4.36072034699237e-05,5.01409602737812e-06,1,0.0486951304869513,0.0045995400459954,0.0014998500149985,0.120687931206879,0.0024997500249975,21
CITRULLINE-DEG-PWY,L-citrulline degradation,4,0.0041995800419958,0.0041995800419958,0.00306587335067882,0.00410000400897531,0.0458723721525279,0.0083000281415042,0.0889154207586692,0.00387737953575131,0.000819766031336711,1,0.0460953904609539,0.0081991800819918,0.0010998900109989,0.0921907809219078,0.0063993600639936,21
PWY-7101,5-deoxystrigol biosynthesis,9,0.0043995600439956,0.0043995600439956,0.00217746326853741,0.00417900996275333,0.0133621349497756,0.00468131122228971,0.0143472784998443,0.00274233759113721,0.00063551535045614,1,0.0125987401259874,0.0056994300569943,0.0017998200179982,0.0135986401359864,0.0031996800319968,21
PWY-4984,urea cycle,8,0.0045995400459954,0.0045995400459954,0.00258540519542583,0.00443775640720206,0.0659835681749894,0.00578875833936772,0.169924889468647,0.00183720076894992,0.000835693743180488,1,0.0678932106789321,0.0053994600539946,0.0016998300169983,0.170682931706829,0.002999700029997,21
PWY-922,mevalonate pathway I,15,0.0050994900509949,0.0050994900509949,0.00283346602735646,0.00475171601363394,0.107527266775235,0.00476038377117537,0.372045376459318,0.00172423455684831,0.00103703490229601,1,0.106889311068893,0.0047995200479952,0.0020997900209979,0.363763623637636,0.0027997200279972,21
PWY-7344,UDP-&alpha;-D-galactose biosynthesis,4,0.0051994800519948,0.0051994800519948,0.00366040695216596,0.0058025616061369,0.0149832127981228,0.00981561287215774,0.0173543034114961,0.0286552962503725,0.000904974018855809,0.5,0.0145985401459854,0.0090990900909909,0.0016998300169983,0.0172982701729827,0.0267973202679732,21
PWY-2902,cytokinin-<i>O</i>-glucosides biosynthesis,31,0.0053994600539946,0.0053994600539946,7.09157828887586e-06,0.00527481187800633,0.0228338923844126,6.39828055904077e-05,0.0314896469659467,4.1790227741248e-05,1.5027920627908e-06,1,0.0206979302069793,0.0046995300469953,0.0020997900209979,0.0242975702429757,0.0058994100589941,21
PWY-4302,aerobic respiration III (alternative oxidase pathway),62,0.0054994500549945,0.0054994500549945,0.000245217437118195,0.00522770343696305,0.0661125774993237,0.000348887367118991,0.136456013957565,0.000821692024139023,6.14060882393464e-05,1,0.0686931306869313,0.0028997100289971,0.0021997800219978,0.126787321267873,0.0073992600739926,21
GLYCOLYSIS,glycolysis I (from glucose 6-phosphate),61,0.0060993900609939,0.0060993900609939,0.00142799527709148,0.00555558110840321,0.0490212534425944,0.00140465712601192,0.066211070762297,0.00163095443852853,0.00046702299053214,1,0.04999500049995,0.0033996600339966,0.0023997600239976,0.0640935906409359,0.0064993500649935,21
PWY-5340,sulfate activation for sulfonation,7,0.0060993900609939,0.0060993900609939,0.00383609316020095,0.00656151353607148,0.0783317496929381,0.00709969328108495,0.229326315147421,0.00443591224466664,0.00108575537198963,1,0.0784921507849215,0.0067993200679932,0.0022997700229977,0.227077292270773,0.0060993900609939,21
PWY-4203,volatile benzenoid biosynthesis I (ester formation),28,0.0066993300669933,0.0066993300669933,0.000723802773049398,0.0062760459345636,0.00561687990691504,0.0012108917925335,0.0058305068020541,0.00211434252460529,0.000190126642220179,1,0.0051994800519948,0.0086991300869913,0.0047995200479952,0.0044995500449955,0.016998300169983,21
PWY-4041,&gamma;-glutamyl cycle,3,0.0068993100689931,0.0068993100689931,0.00448862995220689,0.00676094997394106,0.0247061205468388,0.0109599451145094,0.0292528292959531,0.0111937085377757,0.00116432276886214,1,0.0248975102489751,0.0104989501049895,0.0020997900209979,0.0304969503049695,0.0104989501049895,21
PWY-5912,2'-deoxymugineic acid phytosiderophore biosynthesis,29,0.0068993100689931,0.0068993100689931,1.86583971176213e-05,0.00634391527047923,0.0586696090912854,0.000122466430408376,0.115259857543767,5.04971600864176e-05,4.16697713967462e-06,1,0.0624937506249375,0.0058994100589941,0.0022997700229977,0.104489551044896,0.0062993700629937,21
PWY-6163,chorismate biosynthesis from 3-dehydroquinate,7,0.0080991900809919,0.0080991900809919,0.00175278073037566,0.00779169677009739,0.0226226330930189,0.0046095754262926,0.0280966706519956,0.00802182732953596,0.000411286257182897,0.5,0.0203979602039796,0.0110988901109889,0.0024997500249975,0.022997700229977,0.0168983101689831,21
NONOXIPENT-PWY,pentose phosphate pathway (non-oxidative branch),14,0.0083991600839916,0.0083991600839916,0.00427209038414944,0.00853817168300525,0.0177919710554369,0.00557123291056562,0.019778630792213,0.00770869585365497,0.00132536914678338,1,0.0191980801919808,0.0067993200679932,0.0038996100389961,0.0213978602139786,0.011998800119988,21
PWY-6801,volatile esters biosynthesis (during fruit ripening),20,0.0083991600839916,0.0083991600839916,0.00385022797936641,0.00824846336330753,0.00410023135896871,0.006941439260321,0.00416812527080568,0.0211884542391451,0.00160353146161485,0.01,0.0042995700429957,0.0296970302969703,0.0155984401559844,0.0037996200379962,0.0773922607739226,21
PWY-6483,ceramide degradation,7,0.0090990900909909,0.0090990900909909,0.000274920201634277,0.00988370776926162,0.0390793674318584,0.00193083105882871,0.0656414281949418,0.00245696415538768,5.80662440581303e-05,0.5,0.0381961803819618,0.0167983201679832,0.0028997100289971,0.0515948405159484,0.0177982201779822,21
MANNOSYL-CHITO-DOLICHOL-BIOSYNTHESIS,protein <i>N</i>-glycosylation initial phase (eukaryotic),23,0.0112988701129887,0.0112988701129887,0.00559988527983968,0.00999824142449929,0.102137514027923,0.00615015579807429,0.250767874137611,0.00360295847111117,0.00227222717855458,1,0.0987901209879012,0.0067993200679932,0.0055994400559944,0.246075392460754,0.0061993800619938,21
PWY4FS-6,phosphatidylethanolamine biosynthesis II,9,0.0117988201179882,0.0117988201179882,0.00725142751310182,0.0118874126413905,0.0250182839547712,0.0103852228053976,0.0252733138627725,0.0384718091775593,0.00204955274000274,0.5,0.0277972202779722,0.0093990600939906,0.0045995400459954,0.0288971102889711,0.0378962103789621,21
PWY-1061,homogalacturonan biosynthesis,25,0.011998800119988,0.011998800119988,0.00640885232994554,0.0113044234723963,0.0371752332734708,0.00752263409082543,0.0522505051417307,0.0283275939598248,0.00176612213956839,0.5,0.0375962403759624,0.0082991700829917,0.003999600039996,0.0548945105489451,0.0366963303669633,21
PWY-5083,NAD/NADH phosphorylation and dephosphorylation,52,0.0133986601339866,0.0133986601339866,0.00345915357832088,0.0126493773063257,0.0639295360310302,0.00285315872589876,0.11577831128405,0.00548715527574812,0.00112486220550667,1,0.062993700629937,0.0067993200679932,0.0056994300569943,0.105489451054895,0.0208979102089791,21
PWY66-423,"fructose 2,6-bisphosphate biosynthesis",2,0.0138986101389861,0.0138986101389861,0.0150261381903113,0.0151909839833564,0.0123075459417915,0.0201558314049238,0.01228980633679,0.0354111333651743,0.0108303147043416,0.01,0.0113988601139886,0.0184981501849815,0.0141985801419858,0.0113988601139886,0.0341965803419658,21
PWYDQC-4,indole-3-acetate biosynthesis I,15,0.0140985901409859,0.0140985901409859,0.00465899868306036,0.0135040046676286,0.0892081469388322,0.00634357824198707,0.151685433600996,0.00303763937368544,0.00175651631009566,1,0.0892910708929107,0.0115988401159884,0.006999300069993,0.14018598140186,0.0080991900809919,21
PWY-7186,superpathway of scopolin and esculin biosynthesis,11,0.0148985101489851,0.0148985101489851,0.00171237083168091,0.0143959776880226,0.0710239099473645,0.00383366642083499,0.158803685581817,0.0012963152583713,0.000535319449370242,1,0.068993100689931,0.0158984101589841,0.0067993200679932,0.14038596140386,0.0085991400859914,21
PWY-6927,chlorophyll <i>a</i> degradation II,14,0.0152984701529847,0.0152984701529847,0.00189764113947727,0.015209560871654,0.0567091987462212,0.00321411100245786,0.095281132525183,0.00381852801850009,0.000491591847439743,0.5,0.0613938606139386,0.0138986101389861,0.0063993600639936,0.0903909609039096,0.0135986401359864,21
PWY-5398,crocetin esters biosynthesis,8,0.0161983801619838,0.0161983801619838,0.000994688473068328,0.0175647882934498,0.0308464869507594,0.00371532599354676,0.0603645210596784,0.0108213921902688,0.000216615130961717,0.5,0.0338966103389661,0.0210978902109789,0.0058994100589941,0.0536946305369463,0.0502949705029497,21
PWY0-1021,L-alanine biosynthesis III,8,0.0184981501849815,0.0184981501849815,0.00921527060418675,0.017259292494467,0.0614851976351254,0.0110091695032935,0.137759154413253,0.0122448100731385,0.00288059864394641,0.5,0.0622937706229377,0.0140985901409859,0.0072992700729927,0.135386461353865,0.016998300169983,21
PWY-6219,indole-3-acetate inactivation VIII,8,0.0186981301869813,0.0186981301869813,0.0137414207794946,0.0190259160715502,0.0252441895620972,0.0158166586177024,0.0310257119149699,0.0166025213365539,0.00592950900572919,1,0.0267973202679732,0.0161983801619838,0.0123987601239876,0.0324967503249675,0.0190980901909809,21
LEUSYN-PWY,L-leucine biosynthesis,10,0.0203979602039796,0.0203979602039796,0.0119213361877757,0.0191611868508303,0.032308950133656,0.0154025443886841,0.042918831426183,0.0422323721827699,0.00361251409338925,0.5,0.031996800319968,0.0167983201679832,0.0080991900809919,0.0423957604239576,0.042995700429957,21
PWY-7185,UTP and CTP dephosphorylation I,26,0.0207979202079792,0.0207979202079792,0.00532286420048139,0.0199451163353762,0.0806509072673805,0.00519539360921843,0.204673172706056,0.0061789177274841,0.00175853581951069,1,0.0792920707929207,0.0141985801419858,0.0096990300969903,0.186781321867813,0.0166983301669833,21
PWY-361,phenylpropanoid biosynthesis,58,0.0214978502149785,0.0214978502149785,0.0036131373091754,0.020759896074864,0.0192147094465118,0.00357058062609036,0.0195870052879847,0.00241917911658319,0.0017024032395252,1,0.0205979402059794,0.020997900209979,0.0198980101989801,0.0185981401859814,0.0245975402459754,21
ARGSYN-PWY,L-arginine biosynthesis I (via L-ornithine),7,0.0217978202179782,0.0217978202179782,0.0146849828532969,0.0215712666543518,0.0747721726934566,0.0184059913178171,0.150374149011552,0.00763920027861619,0.00736141690663239,1,0.0782921707829217,0.0205979402059794,0.0152984701529847,0.150584941505849,0.0100989901009899,21
PWY-5148,acyl-CoA hydrolysis,11,0.0217978202179782,0.0217978202179782,0.00767156758806636,0.0217520237774269,0.125844914861072,0.0141658510234178,0.332310103048643,0.00251824067283803,0.00572558331628625,1,0.128187181281872,0.0280971902809719,0.021997800219978,0.294470552944706,0.0071992800719928,21
ARGSYNBSUB-PWY,L-arginine biosynthesis II (acetyl cycle),15,0.0225977402259774,0.0225977402259774,0.0140542024354656,0.022345056856195,0.0679885532940237,0.0126650842669805,0.127021428684665,0.0132511814737944,0.00557782404277252,1,0.068993100689931,0.0157984201579842,0.0111988801119888,0.127387261273873,0.0202979702029797,21
PWY-6922,L-<i>N<sup>&delta;</sup></i>-acetylornithine biosynthesis,7,0.0260973902609739,0.0260973902609739,0.0196251799115432,0.0254265543540161,0.122636413343203,0.0172165062754349,0.12339355074584,0.0398779390998912,0.00640779906976408,1,0.123787621237876,0.0158984101589841,0.0106989301069893,0.126687331266873,0.0400959904009599,21
PWY-2161B-PMN,folate polyglutamylation II,5,0.0265973402659734,0.0265973402659734,0.00404873963927982,0.0296311504955172,0.0468656116860421,0.00821813554843851,0.1170773436918,0.00762256829952466,0.0010496110942555,1,0.0500949905009499,0.0338966103389661,0.0115988401159884,0.0984901509849015,0.0430956904309569,21
PWY-7193,pyrimidine ribonucleosides salvage I,10,0.0271972802719728,0.0271972802719728,0.0213566153329722,0.0270620670008558,0.0959091064290369,0.0210646533636585,0.149182860270721,0.0124625744087559,0.0111249869228756,1,0.0960903909609039,0.0227977202279772,0.0207979202079792,0.150884911508849,0.0130986901309869,21
PWY-7199,pyrimidine deoxyribonucleosides salvage,7,0.0272972702729727,0.0272972702729727,0.0258998199264106,0.0259374685018968,0.0792431128041046,0.027435244478354,0.11348524531913,0.0107464537180581,0.0235116217595794,1,0.0735926407359264,0.0248975102489751,0.0386961303869613,0.106289371062894,0.0095990400959904,21
PWY0-1507,biotin biosynthesis from 8-amino-7-oxononanoate I,7,0.0284971502849715,0.0284971502849715,0.0217274131212628,0.0278553110068313,0.08996361937848,0.0219683907315603,0.226685197140955,0.0122869375189455,0.0112927974216862,1,0.0924907509249075,0.0220977902209779,0.0208979102089791,0.225477452254775,0.0138986101389861,21
PWY-3821,D-galactose detoxification,7,0.0288971102889711,0.0288971102889711,0.0215300142675075,0.028375801671688,0.026173046068267,0.0357900601440184,0.0301720995520478,0.0806583953829696,0.0082789961974391,0.05,0.0285971402859714,0.0362963703629637,0.0144985501449855,0.030996900309969,0.0792920707929207,21
PWY-7489,"oryzalexin A, B, and C biosynthesis",2,0.0311968803119688,0.0311968803119688,0.0349125198570825,0.0355204349170423,0.0440170336890717,0.0244262511790909,0.050965534144,0.0166084381157365,0.540426894847604,1,0.0445955404459554,0.0241975802419758,0.579142085791421,0.0520947905209479,0.0170982901709829,21
CYANCAT-PWY,cyanate degradation,2,0.0320967903209679,0.0320967903209679,0.0347749472863537,0.0357754928049604,0.0184596512160892,0.0419188079093886,0.0177281241263099,0.134720171994442,0.315488479186726,0.01,0.0187981201879812,0.0441955804419558,0.346265373462654,0.0181981801819818,0.133986601339866,21
PWY-735,jasmonic acid biosynthesis,32,0.0321967803219678,0.0321967803219678,0.00447730641917271,0.0312778656407488,0.0840189340108008,0.00492633843427363,0.134324034100256,0.00251050003736724,0.00201304067856456,1,0.0803919608039196,0.0252974702529747,0.0203979602039796,0.111788821117888,0.0198980101989801,21
PWY-7206,pyrimidine deoxyribonucleotides dephosphorylation,16,0.0331966803319668,0.0331966803319668,0.0233865786396322,0.0318834147350104,0.0281726780690786,0.0345594156677778,0.0336184251919218,0.0736396124486993,0.00941194104581511,0.05,0.024997500249975,0.0415958404159584,0.0210978902109789,0.028997100289971,0.0904909509049095,21
PWY-2261,ascorbate glutathione cycle,20,0.033996600339966,0.033996600339966,0.0115718559356998,0.0329473567758169,0.100380537936516,0.0120291418844831,0.232318036698006,0.00584948931276895,0.00607004236194331,1,0.102889711028897,0.0265973402659734,0.0227977202279772,0.221077892210779,0.0175982401759824,21
PWY-282,cuticular wax biosynthesis,11,0.0340965903409659,0.0340965903409659,0.0204184540760135,0.0323551941730212,0.0688981934229016,0.0185826348167898,0.158925874616851,0.015858555062545,0.0092793644404402,1,0.0684931506849315,0.0214978502149785,0.0221977802219778,0.147985201479852,0.0237976202379762,21
PWY-5968,cinnamate esters biosynthesis,7,0.0340965903409659,0.0340965903409659,0.00689378608734426,0.0345244140697136,0.0834634750146288,0.0115490427147835,0.215321109350076,0.00352314521650776,0.0029481697486814,1,0.0896910308969103,0.0381961803819618,0.0185981401859814,0.180781921807819,0.0204979502049795,21
PWY-6030,serotonin and melatonin biosynthesis,10,0.0345965403459654,0.0345965403459654,0.0089533550396837,0.034149473089897,0.0521067289771183,0.0106424662733856,0.114476294101079,0.0290216417143366,0.00248357180643533,0.5,0.0551944805519448,0.0261973802619738,0.0148985101489851,0.103489651034897,0.0730926907309269,21
PWY-6710,poly-hydroxy fatty acids biosynthesis,12,0.0352964703529647,0.0352964703529647,0.0166687894827274,0.0347317046299414,0.0308025352143142,0.0185266722287527,0.042839106370768,0.0132141834085017,0.00872579826483655,0.05,0.0294970502949705,0.0395960403959604,0.0294970502949705,0.0368963103689631,0.041995800419958,21
PWY-7411,phosphatidate biosynthesis (yeast),32,0.0354964503549645,0.0354964503549645,0.0179670802554363,0.0343962707074416,0.167473373225385,0.0250370816912759,0.448492226414267,0.00534220007300025,0.0221670705202525,1,0.17018298170183,0.0294970502949705,0.0502949705029497,0.446655334466553,0.0116988301169883,21
PWY-6014,vernolate biosynthesis I,12,0.0358964103589641,0.0358964103589641,0.0165988368714732,0.0356204128266012,0.0308025352143142,0.0185266722287527,0.042839106370768,0.0132141834085017,0.00863053556571181,0.05,0.0323967603239676,0.0406959304069593,0.0317968203179682,0.0376962303769623,0.0370962903709629,21
PWY-7634,vernolate biosynthesis II,12,0.0362963703629637,0.0362963703629637,0.0166012381900741,0.0346209348878928,0.0308025352143142,0.0185266722287527,0.042839106370768,0.0132141834085017,0.0086337844024027,0.05,0.0294970502949705,0.0392960703929607,0.0351964803519648,0.0354964503549645,0.0350964903509649,21
PWY-8011,L-serine biosynthesis II,9,0.0382961703829617,0.0382961703829617,0.00168675476621483,0.0435555719243943,0.0952052772337377,0.00497506290851798,0.348480724735475,0.000755345363827826,0.000700497383310794,1,0.0953904609539046,0.0413958604139586,0.0208979102089791,0.24967503249675,0.0343965603439656,21
PWY-7060,ornithine-citrulline shuttle,10,0.0391960803919608,0.0391960803919608,0.0248009569427268,0.0386422225881425,0.111334402582029,0.0201130096932687,0.207687076353605,0.0247566734587534,0.010147985118364,0.5,0.115288471152885,0.0240975902409759,0.0233976602339766,0.207379262073793,0.0308969103089691,21
PWY-7388,"octanoyl-[acyl-carrier protein] biosynthesis (mitochondria, yeast)",18,0.0402959704029597,0.0402959704029597,0.0306948411439222,0.0378043934444897,0.13220277063967,0.026975052975531,0.340634453753506,0.0143907442091628,0.0211904863025493,1,0.132086791320868,0.0273972602739726,0.0402959704029597,0.33966603339666,0.0161983801619838,21
GALACTMETAB-PWY,UDP-galactose biosynthesis (salvage pathway from galactose using UDP-glucose),9,0.040995900409959,0.040995900409959,0.0344192286422332,0.0413054173891145,0.0330906463157452,0.0457248333019511,0.0386242742668099,0.0695506045789424,0.0188604687140576,0.05,0.032996700329967,0.0460953904609539,0.0343965603439656,0.0367963203679632,0.0776922307769223,21
GLUTATHIONESYN-PWY,glutathione biosynthesis,4,0.0410958904109589,0.0410958904109589,0.0380466952044368,0.0417604797822447,0.02585696666029,0.0402539049638341,0.0264248368716669,0.0484446542750913,0.104181819402278,0.01,0.0280971902809719,0.0426957304269573,0.144485551444856,0.0285971402859714,0.0522947705229477,21
PWY0-166,superpathway of pyrimidine deoxyribonucleotides <i>de novo</i> biosynthesis (<i>E. coli</i>),28,0.0417958204179582,0.0417958204179582,0.0249824665644172,0.0397804818416759,0.0975196032980927,0.0169744230482055,0.209502020365008,0.0234899012757407,0.0118451115857999,1,0.0975902409759024,0.0208979102089791,0.0296970302969703,0.211578842115788,0.0334966503349665,21
PWY-116,coniferin metabolism,6,0.041995800419958,0.041995800419958,0.0110305554361478,0.044987339230352,0.0775857438078025,0.0153502326560164,0.187663488130453,0.00641773599870341,0.00465335275330259,1,0.0727927207279272,0.0434956504349565,0.0248975102489751,0.148585141485851,0.0358964103589641,21
PWY-5745,costunolide biosynthesis I,4,0.0424957504249575,0.0424957504249575,0.0402885261857875,0.043684600154775,0.0291139397674057,0.0301685421715355,0.0310681357945947,0.0797161407666018,0.0829897211201022,0.5,0.0308969103089691,0.0324967503249675,0.116188381161884,0.0326967303269673,0.0807919208079192,21
PWY-6837,"fatty acid beta-oxidation V (unsaturated, odd number, di-isomerase-dependent)",7,0.043995600439956,0.043995600439956,0.0274935529926904,0.0440380706144982,0.0908866263344595,0.024670304731628,0.184894301696393,0.0158332297792976,0.0160222191758069,1,0.0866913308669133,0.0341965803419658,0.0345965403459654,0.171282871712829,0.025997400259974,21
PWY-5176,coumarin biosynthesis (via 2-coumarate),6,0.0445955404459554,0.0445955404459554,0.0110415713071317,0.0481501664339697,0.0775857438078025,0.0153502326560164,0.187663488130453,0.00641773599870341,0.00466316911934761,1,0.0796920307969203,0.0458954104589541,0.0282971702829717,0.159284071592841,0.0353964603539646,21
PWY-5136,fatty acid &beta;-oxidation II (peroxisome),15,0.0446955304469553,0.0446955304469553,0.0277032493825506,0.0426237790069718,0.0654225090635505,0.0231837768212402,0.118695577994317,0.0204254047108903,0.0153775170536995,1,0.0623937606239376,0.0321967803219678,0.0373962603739626,0.113188681131887,0.0286971302869713,21
ASPSYNII-PWY,cyanide detoxification I,5,0.0461953804619538,0.0461953804619538,0.0570159528053218,0.0518571348929861,0.0341865897057562,0.275478083911206,0.0268993097911024,0.745448433532693,0.0474755900166309,0.01,0.0323967603239676,0.281371862813719,0.103889611038896,0.0181981801819818,0.676432356764324,21
PWY-6352,3-phosphoinositide biosynthesis,42,0.0470952904709529,0.0470952904709529,0.0290808617758255,0.0446036627553018,0.0649677019254274,0.0250408429884544,0.0716699959796998,0.016333212749452,0.0240285801028038,1,0.0656934306569343,0.0312968703129687,0.0578942105789421,0.070992900709929,0.0296970302969703,21
PWY-5125,anthocyanin biosynthesis,13,0.0478952104789521,0.0478952104789521,0.0332514439845086,0.0480582514947553,0.0891591227446643,0.0378742353283573,0.11847901801183,0.0123864934227574,0.0416312001496796,1,0.0903909609039096,0.0511948805119488,0.0872912708729127,0.112288771122888,0.0186981301869813,21
PWY-5925,hydroxylated mugineic acid phytosiderophore biosynthesis,8,0.0481951804819518,0.0481951804819518,0.0117677586650634,0.0509965421587272,0.0734823699874656,0.0125315434449126,0.195345096842013,0.0156046257238774,0.00380093438983975,1,0.0748925107489251,0.0420957904209579,0.0245975402459754,0.16988301169883,0.0674932506749325,21
PWY-7224,purine deoxyribonucleosides salvage,9,0.0487951204879512,0.0487951204879512,0.0445377495555017,0.0475795611457355,0.0645716664721345,0.0374159661244098,0.0727808587020616,0.0263627514981253,0.0540923477889989,1,0.0583941605839416,0.0350964903509649,0.0850914908509149,0.0673932606739326,0.0302969703029697,21
PWY4FS-10,scopolin biosynthesis,6,0.0495950404959504,0.0495950404959504,0.0109779030470859,0.051074843090068,0.0775857438078025,0.0153502326560164,0.187663488130453,0.00641773599870341,0.00460673270752154,1,0.0833916608339166,0.0512948705129487,0.0286971302869713,0.156284371562844,0.0391960803919608,21
PWY-2841,cytokinins degradation,4,0.04999500049995,0.04999500049995,0.0478501452676837,0.0529721503877789,0.036239873831264,0.0440510414967485,0.0377576940218005,0.0364748708996345,0.498195114923126,0.01,0.0360963903609639,0.0512948705129487,0.516448355164484,0.0357964203579642,0.0522947705229477,21
PWY-6066,IAA biosynthesis VII,3,0.0502949705029497,0.0502949705029497,0.050946640935109,0.0525803426555606,0.0798540860440323,0.0342091471308598,0.153406779249162,0.0198078328149051,0.550412096939829,1,0.0787921207879212,0.0341965803419658,0.578642135786421,0.150784921507849,0.0210978902109789,21
PWY-7546,diphthamide biosynthesis II (eukaryotes),7,0.0507949205079492,0.0507949205079492,0.0384309326502285,0.0498725920148849,0.0487723819160034,0.0361745785981763,0.0540105154875922,0.0197612797988929,0.0770298008240645,1,0.0483951604839516,0.0483951604839516,0.117788221177882,0.0501949805019498,0.0325967403259674,21
PWY-2781,<i>cis</i>-zeatin biosynthesis,4,0.0517948205179482,0.0517948205179482,0.0507047231899486,0.0532934436430034,0.0873051129982634,0.0381261753938221,0.123012341650486,0.0188797922184523,0.512044526088065,1,0.093990600939906,0.0414958504149585,0.548745125487451,0.128087191280872,0.0192980701929807,21
ASPARAGINE-DEG1-PWY,L-asparagine degradation I,9,0.0520947905209479,0.0520947905209479,0.0343856047188676,0.053869164531149,0.0409544863018222,0.0339984824485272,0.047896843276495,0.136060038351215,0.0156998788997377,0.5,0.0386961303869613,0.0650934906509349,0.0472952704729527,0.0388961103889611,0.194080591940806,21
GLUT-REDOX-PWY,glutathione-glutaredoxin redox reactions,5,0.0532946705329467,0.0532946705329467,0.0521814903938064,0.0555861659264426,0.0347247807148454,0.0402207070585555,0.0355746946280581,0.109010108271724,0.186282144695104,0.5,0.0335966403359664,0.0501949805019498,0.248275172482752,0.0335966403359664,0.137886211378862,21
PWY-6333,acetaldehyde biosynthesis I,11,0.053994600539946,0.053994600539946,0.0206223571727533,0.0529488893809201,0.0936855979067412,0.0220701662998278,0.219796276725972,0.00960854271572489,0.0127046287546219,1,0.0958904109589041,0.0440955904409559,0.0386961303869613,0.192880711928807,0.0324967503249675,21
PWY-241,"C4 photosynthetic carbon assimilation cycle, NADP-ME type",18,0.0543945605439456,0.0543945605439456,0.0292619224951736,0.0527195712144828,0.164633983963544,0.022113651531924,0.470698830056765,0.0305573903002763,0.011515249266741,0.5,0.161783821617838,0.0311968803119688,0.0285971402859714,0.443455654434557,0.0473952604739526,21
SUCSYN-PWY,sucrose biosynthesis I (from photosynthesis),33,0.0543945605439456,0.0543945605439456,0.0193952625118686,0.0527522227989724,0.198639999109272,0.0317393442157782,0.61459055382223,0.00520593069133712,0.0323331758325546,1,0.195880411958804,0.0477952204779522,0.0802919708029197,0.589241075892411,0.0173982601739826,21
PWY0A-6303,methyl indole-3-acetate interconversion,6,0.0546945305469453,0.0546945305469453,0.0297684798466736,0.0588046474701844,0.0672231389044232,0.0240241050504363,0.132912672962718,0.0224563294387861,0.0167252367809809,1,0.0670932906709329,0.0490950904909509,0.0442955704429557,0.112288771122888,0.0543945605439456,21
PWY-1269,CMP-3-deoxy-D-<I>manno</I>-octulosonate biosynthesis,3,0.0552944705529447,0.0552944705529447,0.0571693612421682,0.0582632633668789,0.0299341214982517,0.0765723884236904,0.0289360270259341,0.153322955159215,0.507226131660722,0.01,0.0307969203079692,0.0767923207679232,0.542545745425457,0.0292970702929707,0.151284871512849,21
DTDPRHAMSYN-PWY,dTDP-L-rhamnose biosynthesis,3,0.0556944305569443,0.0556944305569443,0.0567232991658887,0.0593154330890506,0.0639199409358806,0.0411194314551493,0.0758785764635788,0.0283520363189043,0.551366224151742,1,0.066993300669933,0.0443955604439556,0.592840715928407,0.0773922607739226,0.0288971102889711,21
PWY-6527,stachyose degradation,11,0.056994300569943,0.056994300569943,0.0498090571550757,0.0546620331311146,0.0402928818236042,0.0636220950592686,0.0470027871933558,0.0868105655393678,0.036849094189584,0.05,0.0376962303769623,0.0615938406159384,0.0654934506549345,0.0436956304369563,0.0938906109389061,21
PWY-699,brassinosteroid biosynthesis I,7,0.0582941705829417,0.0582941705829417,0.0534005609065859,0.0588480402663747,0.0340677097550461,0.086140963996781,0.0335354647784645,0.178680848422418,0.0565978932141336,0.01,0.034996500349965,0.0850914908509149,0.0925907409259074,0.0345965403459654,0.185081491850815,21
PWY-5138,"unsaturated, even numbered fatty acid &beta;-oxidation",12,0.0591940805919408,0.0591940805919408,0.0344114466769482,0.0594908570330661,0.129472262820979,0.0295361239815099,0.295638990403623,0.0170955693260364,0.023271690656422,1,0.126187381261874,0.0441955804419558,0.0560943905609439,0.271272872712729,0.0304969503049695,21
ARGSPECAT-PWY,spermine biosynthesis,7,0.0593940605939406,0.0593940605939406,0.0581292041206343,0.0599447848310013,0.126256654679861,0.0521577730531173,0.218896511589353,0.0190004315914013,0.308043420847914,1,0.133686631336866,0.0571942805719428,0.406759324067593,0.223077692230777,0.0186981301869813,21
PWY-5486,pyruvate fermentation to ethanol II,15,0.0610938906109389,0.0610938906109389,0.0287714776200783,0.0587547933899115,0.115520588894959,0.0289167245762464,0.287129021976636,0.0118000482398617,0.023022180583207,1,0.112488751124888,0.0421957804219578,0.0554944505549445,0.258874112588741,0.0318968103189681,21
PWY-6360,flavonol glucosylation I,23,0.0611938806119388,0.0611938806119388,0.0197295147124641,0.0601697421743969,0.13475902192356,0.019885606280462,0.29461725835329,0.00819980401065864,0.0139542504857977,1,0.132186781321868,0.0431956804319568,0.0510948905109489,0.261873812618738,0.0335966403359664,21
PWY-5945,"violaxanthin, antheraxanthin and zeaxanthin interconversion",7,0.0628937106289371,0.0628937106289371,0.0564615063287024,0.0628101332902177,0.0883611943809795,0.0437423613612647,0.13766806755853,0.0239282843265199,0.168617615133312,1,0.0905909409059094,0.0476952304769523,0.242875712428757,0.143185681431857,0.0267973202679732,21
PWY-7197,pyrimidine deoxyribonucleotide phosphorylation,8,0.0633936606339366,0.0633936606339366,0.0582221796291532,0.0627818336887545,0.0589012087133338,0.0410523536665298,0.0649630144660121,0.0784791863491888,0.0607931868511504,0.5,0.0587941205879412,0.0407959204079592,0.0998900109989001,0.063993600639936,0.0794920507949205,21
COA-PWY,coenzyme A biosynthesis I (prokaryotic),11,0.0663933606639336,0.0663933606639336,0.0318243518450922,0.0672530850721856,0.0702606546513044,0.0297126851965898,0.126199199089321,0.0748356365398906,0.011306181170476,0.5,0.0660933906609339,0.0558944105589441,0.041995800419958,0.106489351064894,0.12038796120388,21
GLYCLEAV-PWY,glycine cleavage,8,0.066993300669933,0.066993300669933,0.0493428096858054,0.0665874818067359,0.118542171207875,0.036879514010602,0.244538148454947,0.0215343516602199,0.062226814121768,1,0.122987701229877,0.0430956904309569,0.107189281071893,0.243175682431757,0.0321967803219678,21
PWY-7227,adenosine deoxyribonucleotides <i>de novo</i> biosynthesis,6,0.0670932906709329,0.0670932906709329,0.0651823895768143,0.0680006625373285,0.0478660835139446,0.0515092457446149,0.0491290218614059,0.0694997172977819,0.374885049781539,0.01,0.0484951504849515,0.0525947405259474,0.43035696430357,0.0516948305169483,0.0741925807419258,21
PWY-5269,cardiolipin biosynthesis II,3,0.067993200679932,0.067993200679932,0.0734842227644201,0.0760623217210172,0.0498774197787345,0.0702054523563638,0.0508711376046531,0.0703950451403078,0.553328584521844,0.05,0.0490950904909509,0.0681931806819318,0.585541445855415,0.0502949705029497,0.0886911308869113,21
PWY-7226,guanosine deoxyribonucleotides <i>de novo</i> biosynthesis I,6,0.0712928707129287,0.0712928707129287,0.0651823620063395,0.0702768673077062,0.0478660835139446,0.0515092457446149,0.0491290218614059,0.0694997172977819,0.374882205109452,0.01,0.0526947305269473,0.0536946305369463,0.434056594340566,0.0543945605439456,0.0708929107089291,21
PWYQT-1,lysine degradation III,4,0.0714928507149285,0.0714928507149285,0.0725410334848738,0.0743769053651944,0.0495060749851104,0.0550638800546329,0.0532657160558013,0.083312360913516,0.561283360069817,0.5,0.0511948805119488,0.0558944105589441,0.602539746025398,0.0541945805419458,0.0834916508349165,21
PWY-6950,DIMBOA-glucoside biosynthesis,4,0.0720927907209279,0.0720927907209279,0.0685549414926275,0.0772399942990639,0.0903405178471097,0.0411505032028476,0.180199463901772,0.0306611071870808,0.559099860946459,1,0.0847915208479152,0.0414958504149585,0.590740925907409,0.170682931706829,0.0420957904209579,21
PWY-5800,xylan biosynthesis,27,0.0728927107289271,0.0728927107289271,0.0130149686599649,0.077265862519206,0.093392407435836,0.0163520860391711,0.14723103301422,0.00464181814989867,0.0110158806234334,1,0.0971902809719028,0.0706929307069293,0.0715928407159284,0.124987501249875,0.0542945705429457,21
PWY-5048,rosmarinic acid biosynthesis I,25,0.0733926607339266,0.0733926607339266,0.0281534069785933,0.0744129513816005,0.161540535553273,0.019826750564887,0.186900105894565,0.0211679118418155,0.01443653968672,1,0.158284171582842,0.0478952104789521,0.0527947205279472,0.168483151684832,0.0643935606439356,21
PWY-7221,guanosine ribonucleotides <i>de novo</i> biosynthesis,5,0.0757924207579242,0.0757924207579242,0.0809689098470754,0.0775373485652631,0.0559857293090421,0.0970836271050639,0.036154988836723,0.377505512779929,0.214018239953442,0.01,0.0507949205079492,0.0948905109489051,0.282671732826717,0.0336966303369663,0.371662833716628,21
PWY-5137,"fatty acid &beta;-oxidation III (unsaturated, odd number)",6,0.0761923807619238,0.0761923807619238,0.0599121735209593,0.0797494567052214,0.0866792169861821,0.0370042650599566,0.16073781832113,0.0317123204094539,0.13091373454029,1,0.0881911808819118,0.0522947705229477,0.192580741925807,0.149185081491851,0.0480951904809519,21
PWY1F-467,"phenylpropanoid biosynthesis, initial reactions",11,0.076992300769923,0.076992300769923,0.0455216752605332,0.0843265134288308,0.0471990388111327,0.0609699331541225,0.087015681785745,0.104850951728725,0.0194078082831133,0.05,0.0505949405059494,0.122187781221878,0.0774922507749225,0.0706929307069293,0.213378662133787,21
PWY-762,phospholipid desaturation,2,0.0772922707729227,0.0772922707729227,0.0837123157145699,0.08645664807029,0.0962263991746166,0.0601640999194813,0.131929519791,0.0394693450320316,0.550074789529751,1,0.095990400959904,0.0582941705829417,0.588341165883412,0.131386861313869,0.0430956904309569,21
PWY-6475,<i>trans</i>-lycopene biosynthesis II (oxygenic phototrophs and green sulfur bacteria),11,0.0816918308169183,0.0816918308169183,0.0752950150133588,0.0801640229865851,0.150500540373542,0.0745368207166321,0.266549599782764,0.0242719527509009,0.326887947012783,1,0.154184581541846,0.0785921407859214,0.437256274372563,0.265473452654735,0.0254974502549745,21
PWY0-1325,superpathway of L-asparagine biosynthesis,4,0.0821917808219178,0.0821917808219178,0.0865537655371632,0.0832256549692665,0.102600567639297,0.06223912258032,0.141311267790652,0.039642056526416,0.563221737584234,1,0.0983901609839016,0.0600939906009399,0.599040095990401,0.138786121387861,0.0372962703729627,21
TRPSYN-PWY,L-tryptophan biosynthesis,17,0.0845915408459154,0.0845915408459154,0.0540097371372189,0.0832406593783708,0.0728454051382853,0.0391072156114592,0.131370493745326,0.0446448437453077,0.0426073280109213,1,0.0773922607739226,0.0605939406059394,0.0992900709929007,0.123387661233877,0.0796920307969203,21
PWY-6457,cinnamoyl-CoA biosynthesis,9,0.0855914408559144,0.0855914408559144,0.0366097976773805,0.0939173663877424,0.106908589591763,0.0643783735812638,0.0717781109168469,0.357796317729141,0.0103641139658768,0.05,0.111788821117888,0.134686531346865,0.061993800619938,0.0511948805119488,0.416558344165583,21
PROUT-PWY,L-proline degradation,4,0.0862913708629137,0.0862913708629137,0.0956321410336679,0.0936187087346593,0.0790252687843564,0.0853432315685036,0.0396601233212449,0.29359378514585,0.559240798332906,0.05,0.0770922907709229,0.0864913508649135,0.588541145885412,0.0375962403759624,0.2995700429957,21
PWY-6762,salicylate glucosides biosynthesis IV,7,0.0866913308669133,0.0866913308669133,0.0422371258860245,0.0957555081693693,0.094316647924337,0.0308968572223583,0.215321109350076,0.0220216996255562,0.0384537441789856,1,0.100689931006899,0.0742925707429257,0.1000899910009,0.18018198180182,0.0742925707429257,21
ASPARAGINE-BIOSYNTHESIS,L-asparagine biosynthesis I,4,0.0873912608739126,0.0873912608739126,0.0865535059687162,0.0911958542072491,0.102600567639297,0.06223912258032,0.141311267790652,0.039642056526416,0.563204445781289,1,0.105089491050895,0.0638936106389361,0.608539146085392,0.144585541445855,0.0424957504249575,21
ASPARAGINESYN-PWY,L-asparagine biosynthesis II,4,0.0873912608739126,0.0873912608739126,0.0865544401416337,0.0920515189251984,0.102600567639297,0.06223912258032,0.141311267790652,0.039642056526416,0.563266675810971,1,0.108489151084892,0.0641935806419358,0.599540045995401,0.143885611438856,0.042995700429957,21
PWY-6663,plant sterol biosynthesis II,28,0.087991200879912,0.087991200879912,0.0160192934283256,0.0889561583000685,0.200884985757067,0.0332289537314382,0.595017130107409,0.00401826699772751,0.0335533952274429,1,0.193180681931807,0.0697930206979302,0.0936906309369063,0.537646235376462,0.0380961903809619,21
PWY-5139,pelargonidin conjugates biosynthesis,3,0.0900909909009099,0.0900909909009099,0.0895199410152863,0.0966930494671482,0.0456361146482366,0.136128055852399,0.0415343191356708,0.299329531692848,0.551616254562088,0.05,0.04999500049995,0.138086191380862,0.591840815918408,0.0447955204479552,0.302369763023698,21
SULFMETII-PWY,assimilatory sulfate reduction II,5,0.0901909809019098,0.0901909809019098,0.0915425798261037,0.0925941306835902,0.113228514676659,0.054355383081072,0.169779915172219,0.0455711110765503,0.568162075241016,1,0.114088591140886,0.0533946605339466,0.615138486151385,0.168683131686831,0.0464953504649535,21
PWY-5980,xylogalacturonan biosynthesis,23,0.0902909709029097,0.0902909709029097,0.0763928038809455,0.0873027081936116,0.0440384770829221,0.461028067487024,0.0437290980859774,0.281772615325565,0.0619142500610039,0.01,0.0451954804519548,0.45975402459754,0.136786321367863,0.0402959704029597,0.325867413258674,21
PWY-6441,spermine and spermidine degradation III,8,0.0902909709029097,0.0902909709029097,0.0709568009153757,0.0943869977013788,0.113692601170738,0.0434046888336526,0.229167907359882,0.0378038439409524,0.118172629654649,1,0.116388361163884,0.0582941705829417,0.178582141785821,0.216378362163784,0.056994300569943,21
PWY-6554,"1D-<i>myo</i>-inositol hexakisphosphate biosynthesis V (from Ins(1,3,4)P3)",8,0.0902909709029097,0.0902909709029097,0.0820483536180546,0.0894378211147414,0.093982034087677,0.0517212994549973,0.130013323290146,0.0520781748912332,0.219835773213229,1,0.0915908409159084,0.0515948405159484,0.301469853014699,0.127387261273873,0.0660933906609339,21
PWYQT-4429,CO<sub>2</sub> fixation into oxaloacetate (anaplerotic),7,0.0914908509149085,0.0914908509149085,0.0912263659663295,0.094945529031656,0.138722372976917,0.0609825165921127,0.247000506686419,0.0371084734398648,0.466764295151532,1,0.140785921407859,0.0600939906009399,0.520847915208479,0.249075092490751,0.0396960303969603,21
PWY-5027,phylloquinol biosynthesis,4,0.0940905909409059,0.0940905909409059,0.100590756005243,0.0998270546009331,0.0736072784596196,0.0957212794291582,0.0776243104409502,0.0776148616782788,0.56844344324611,0.05,0.0724927507249275,0.0896910308969103,0.612238776122388,0.076992300769923,0.0786921307869213,21
PWY-6466,pyridoxal 5'-phosphate biosynthesis II,2,0.097990200979902,0.097990200979902,0.108956700650216,0.111225236808052,0.0795595416373017,0.0931993985293696,0.0806085951990001,0.0953337263793648,0.594171412321672,0.05,0.0808919108089191,0.0926907309269073,0.62983701629837,0.0828917108289171,0.095990400959904,21
PWY-7484,"phytocassanes biosynthesis, shared reactions",10,0.098990100989901,0.098990100989901,0.045954879103387,0.106028044333267,0.125044166925225,0.0467911877219452,0.205405286981468,0.0152658060316158,0.100496752927428,1,0.124787521247875,0.0896910308969103,0.177782221777822,0.17008299170083,0.0594940505949405,21
PWY-8001,felinine and 3-methyl-3-sulfanylbutan-1-ol biosynthesis,3,0.101789821017898,0.101789821017898,0.113401112146791,0.112810231645047,0.0977455390459191,0.0710546150282961,0.131550005344013,0.0823758776778083,0.556874727735858,0.5,0.0946905309469053,0.0703929607039296,0.601939806019398,0.127687231276872,0.0823917608239176,21
GLUCOSE1PMETAB-PWY,glucose and glucose-1-phosphate degradation,13,0.103189681031897,0.103189681031897,0.0749746441853199,0.104385296247426,0.199512903251583,0.0771968279343223,0.547022018895851,0.0216043236544487,0.276009007467062,1,0.201779822017798,0.0926907309269073,0.37976202379762,0.512348765123488,0.0328967103289671,21
PWY-6619,adenine and adenosine salvage VI,2,0.103689631036896,0.103689631036896,0.123371020717759,0.119204514226688,0.128705280064111,0.0883410892278943,0.1951936479,0.058346304830228,0.625057944515427,1,0.127387261273873,0.0871912808719128,0.658434156584342,0.193580641935806,0.0533946605339466,21
PWY-1001,cellulose biosynthesis,19,0.104789521047895,0.104789521047895,0.0578857645917604,0.101867591539879,0.134669109520102,0.0595372141381823,0.242468692312329,0.020261596688443,0.104070827302529,1,0.14008599140086,0.0783921607839216,0.18988101189881,0.233876612338766,0.0492950704929507,21
PWY-882,L-ascorbate biosynthesis I (L-galactose pathway),24,0.107589241075892,0.107589241075892,0.0685376644718724,0.10676600979481,0.229332558751792,0.110093277916194,0.72264419404663,0.0166841381466939,0.299767768465948,1,0.231076892310769,0.11968803119688,0.41975802419758,0.705429457054295,0.0283971602839716,21
HISTSYN-PWY,L-histidine biosynthesis,11,0.10978902109789,0.10978902109789,0.0951531317439932,0.108110424137291,0.149310401231557,0.061710655007131,0.26693953758714,0.045826785801661,0.201619150531477,1,0.157784221577842,0.0682931706829317,0.3002699730027,0.276172382761724,0.0513948605139486,21
MANNCAT-PWY,D-mannose degradation,3,0.112388761123888,0.112388761123888,0.122801841044288,0.123744157377184,0.127575700768509,0.0964840824784264,0.164611468483662,0.0598342143496008,0.581512948194575,1,0.127487251274873,0.0956904309569043,0.622237776222378,0.16018398160184,0.0603939606039396,21
PWY-5123,"<i>trans, trans</i>-farnesyl diphosphate biosynthesis",7,0.116088391160884,0.116088391160884,0.118048127441985,0.118969546911195,0.160143447898285,0.0844511588400361,0.308355261824702,0.0454648177812414,0.586821678213346,1,0.156484351564844,0.081991800819918,0.620737926207379,0.296070392960704,0.0468953104689531,21
BSUBPOLYAMSYN-PWY,spermidine biosynthesis I,7,0.117588241175882,0.117588241175882,0.116608445956199,0.12194082197805,0.148839274748679,0.0718866737713302,0.218896511589353,0.0548010566318148,0.583522409225689,1,0.156484351564844,0.0777922207779222,0.61963803619638,0.220577942205779,0.0550944905509449,21
PWY-7204,pyridoxal 5'-phosphate salvage II (plants),12,0.118088191180882,0.118088191180882,0.116397109190923,0.118269629632974,0.0960686840565985,0.101306168981215,0.117464561968377,0.0727797371000441,0.52279001682793,1,0.0923907609239076,0.0980901909809019,0.627337266273373,0.113088691130887,0.0766923307669233,21
PWY-7859,jasmonoyl-L-isoleucine inactivation,17,0.121087891210879,0.121087891210879,0.0899739485155235,0.121717373051239,0.200283884502195,0.0712215606318509,0.536734414338809,0.0321971427310797,0.168398400633587,1,0.198480151984802,0.0812918708129187,0.264973502649735,0.508149185081492,0.0498950104989501,21
PWY-3841,folate transformations II,13,0.126587341265873,0.126587341265873,0.111853010169186,0.12702873470878,0.210369936399706,0.0839987969143411,0.382111342646478,0.0412087531615777,0.33227051411989,1,0.212478752124788,0.0866913308669133,0.44995500449955,0.381561843815618,0.0488951104889511,21
GLUTORN-PWY,L-ornithine biosynthesis I,9,0.127387261273873,0.127387261273873,0.134170395938067,0.132038175448162,0.071839252624894,0.172585498301058,0.0782733382455996,0.289787141621713,0.385879655265193,0.05,0.0671932806719328,0.166983301669833,0.481251874812519,0.0748925107489251,0.299470052994701,21
PWY-3981,&beta;-alanine biosynthesis I,10,0.13048695130487,0.13048695130487,0.124320748220343,0.134926810292829,0.177383732547995,0.0697583044848666,0.298781033877876,0.0665130785981603,0.327612056807213,1,0.179482051794821,0.0711928807119288,0.443055694430557,0.301069893010699,0.0743925607439256,21
PWY-6605,adenine and adenosine salvage II,8,0.132486751324868,0.132486751324868,0.0822193665523746,0.140398805982022,0.190866454852369,0.0775590189468827,0.512459740010894,0.0230776440328547,0.589892521828533,1,0.195280471952805,0.0961903809619038,0.607339266073393,0.496150384961504,0.0500949905009499,21
PWY-6115,"avenacin biosynthesis, initial reactions",12,0.133686631336866,0.133686631336866,0.0888355765097503,0.14449152719492,0.180539555343529,0.0776412084727228,0.318518949789909,0.0300642899025998,0.313683662475483,1,0.170582941705829,0.101189881011899,0.396660333966603,0.272572742725727,0.0723927607239276,21
PWY-5063,phytyl diphosphate biosynthesis,2,0.135586441355864,0.135586441355864,0.157462574922191,0.160151765373198,0.147559122132554,0.115493587180112,0.2026402975,0.0803265155988038,0.671102132141766,1,0.147985201479852,0.118588141185881,0.702429757024298,0.200679932006799,0.0798920107989201,21
PWY-3461,L-tyrosine biosynthesis II,4,0.137286271372863,0.137286271372863,0.14805476098094,0.147954284655062,0.133231416926284,0.125809869262965,0.160034997219116,0.0811401980323397,0.603738584319552,1,0.132486751324868,0.127087291270873,0.641735826417358,0.161783821617838,0.0775922407759224,21
PWY-5976,dhurrin degradation,9,0.142585741425857,0.142585741425857,0.242167625248652,0.162743558786959,0.573724612583067,0.390760409289964,0.060177458364692,0.743972216083225,0.272580243044748,0.01,0.512848715128487,0.375162483751625,0.336066393360664,0.0374962503749625,0.641635836416358,21
PWY0-662,PRPP biosynthesis,5,0.144485551444856,0.144485551444856,0.151693122992072,0.152810246102808,0.137639688817574,0.0859210097733136,0.167213198312302,0.124624733314055,0.575900591954189,0.5,0.136786321367863,0.0867913208679132,0.608339166083392,0.165483451654835,0.123287671232877,21
PWY-6754,<i>S</i>-methyl-5'-thioadenosine degradation I,6,0.145285471452855,0.145285471452855,0.121152690893101,0.160350174873597,0.133446842342269,0.0923794263537974,0.195518260874533,0.0547491626499668,0.584114810615123,1,0.133986601339866,0.130886911308869,0.57024297570243,0.157484251574843,0.105189481051895,21
PWY-6814,chitin degradation III (carnivorous plants),43,0.145685431456854,0.145685431456854,0.0689958581394449,0.145361218627069,0.0930865676746427,0.057485844742112,0.218578194615416,0.127714860862658,0.0307195666624357,0.05,0.0938906109389061,0.144285571442856,0.138186181381862,0.166583341665833,0.259374062593741,21
PWY-5691,urate conversion to allantoin I,2,0.145785421457854,0.145785421457854,0.175465562207092,0.172776425908405,0.137263999455613,0.141343537516198,0.147465404416,0.122489412614473,0.675249125785237,1,0.131786821317868,0.135286471352865,0.711528847115289,0.140685931406859,0.122287771222878,21
LEU-DEG2-PWY,L-leucine degradation I,12,0.147485251474853,0.147485251474853,0.133695916818308,0.15015634512339,0.135014674046585,0.0835223032926529,0.212347577772516,0.111978581774042,0.213042516375251,0.5,0.138686131386861,0.0958904109589041,0.305469453054695,0.206679332066793,0.124887511248875,21
PWY-3181,L-tryptophan degradation VI (via tryptamine),10,0.148185181481852,0.148185181481852,0.109638537977217,0.164852707332163,0.132630023871948,0.0714169234255905,0.237006605007334,0.0553975998877467,0.346553411033002,1,0.12958704129587,0.11988801119888,0.406159384061594,0.191680831916808,0.137486251374863,21
PWY-381,nitrate reduction II (assimilatory),9,0.151384861513849,0.151384861513849,0.148551427298655,0.158384310422209,0.174043616628077,0.097370584506122,0.234391305143677,0.0721459530806141,0.599834217337994,1,0.16978302169783,0.0984901509849015,0.641935806419358,0.231576842315768,0.0831916808319168,21
PWY-3341,L-proline biosynthesis III,5,0.152784721527847,0.152784721527847,0.15608331018398,0.160261998759393,0.697867281231138,0.0531078344497864,0.210561207715649,0.10111320817381,0.55712085280795,0.5,0.701929807019298,0.0564943505649435,0.591340865913409,0.206579342065793,0.095990400959904,21
PWY-2161,folate polyglutamylation,7,0.153384661533847,0.153384661533847,0.157388075459444,0.162417929752099,0.148809058239262,0.121778941828802,0.228362728065757,0.0782179623459714,0.599995965836579,1,0.152784721527847,0.126287371262874,0.64003599640036,0.229277072292771,0.0787921207879212,21
PWY-4541,"lipid-dependent phytate biosynthesis I (via Ins(1,4,5)P<sub>3</sub>)",2,0.153884611538846,0.153884611538846,0.177426347068855,0.181971812803106,0.129744585423,0.14819866713792,0.130908072999,0.144974769771665,0.67655244922247,1,0.131386861313869,0.151884811518848,0.713228677132287,0.131986801319868,0.142985701429857,21
PWY-4821,UDP-&alpha;-D-xylose biosynthesis,11,0.155384461553845,0.155384461553845,0.146535215434783,0.160812957225655,0.118950111918717,0.0888645772627604,0.201736829539183,0.139208889049474,0.341258870288027,0.5,0.120887911208879,0.0971902809719028,0.451254874512549,0.203079692030797,0.157084291570843,21
PWY-5084,2-oxoglutarate decarboxylation to succinyl-CoA,8,0.156984301569843,0.156984301569843,0.132150627470346,0.169857242259224,0.184632538675605,0.0993776596266984,0.351262495605204,0.0484024499597391,0.596016168511482,1,0.186181381861814,0.12018798120188,0.619238076192381,0.334866513348665,0.0734926507349265,21
PWY-4361,<i>S</i>-methyl-5-thio-&alpha;-D-ribose 1-phosphate degradation I,11,0.157384261573843,0.157384261573843,0.107908571890943,0.165424030951682,0.196216914146255,0.103487698443404,0.445593512170148,0.0318646705963162,0.600601922664062,1,0.192980701929807,0.128387161283872,0.630636936306369,0.404159584041596,0.0618938106189381,21
PWY-861,dhurrin biosynthesis,25,0.15988401159884,0.15988401159884,0.102258843150073,0.165415643868992,0.178766378399565,0.0621742426985227,0.275275973272752,0.101319836195989,0.0696990576264476,0.5,0.177882211778822,0.106289371062894,0.16018398160184,0.25017498250175,0.192980701929807,21
CYSTSYN-PWY,L-cysteine biosynthesis I,15,0.160783921607839,0.160783921607839,0.16777103352626,0.171542159882054,0.100829152941612,0.235769321068628,0.0873569732563357,0.440028643206408,0.304643688805734,0.01,0.101789821017898,0.255974402559744,0.405859414058594,0.0791920807919208,0.456354364563544,21
PWY-6440,spermine and spermidine degradation II,2,0.165883411658834,0.165883411658834,0.194441100262234,0.195800128412577,0.15876959069051,0.153275013400301,0.181526956975,0.12307158538608,0.6775571250018,1,0.156384361563844,0.14968503149685,0.714028597140286,0.179382061793821,0.123187681231877,21
PWY-6498,eumelanin biosynthesis,3,0.167083291670833,0.167083291670833,0.186625332874818,0.190390047239211,0.189579330957256,0.139275902021988,0.342926505341047,0.0778763222332933,0.678716601891437,1,0.190680931906809,0.141485851414859,0.716928307169283,0.339166083391661,0.0773922607739226,21
VALSYN-PWY,L-valine biosynthesis,6,0.168483151684832,0.168483151684832,0.174171264455613,0.176427211734044,0.221826169704002,0.140051314062712,0.539665618182324,0.0586647965177019,0.607427077604617,1,0.220677932206779,0.133786621337866,0.636036396360364,0.536446355364464,0.0603939606039396,21
PWY-4321,L-glutamate degradation IV,10,0.169383061693831,0.169383061693831,0.167922397773682,0.178642979192101,0.203729745025791,0.110351709302458,0.350552156385254,0.0724713645542013,0.607882171734619,1,0.198780121987801,0.11018898110189,0.661133886611339,0.339466053394661,0.081991800819918,21
PWY-5410,traumatin and (<i>Z</i>)-3-hexen-1-yl acetate biosynthesis,20,0.170682931706829,0.170682931706829,0.0998640317898608,0.176199723282278,0.237512483089425,0.067625570856801,0.663268373890503,0.0395052896335391,0.13363048383483,1,0.232976702329767,0.112888711128887,0.246275372462754,0.590640935906409,0.0874912508749125,21
PWY18C3-22,methylsalicylate biosynthesis,4,0.170682931706829,0.170682931706829,0.188596926541939,0.191474550875294,0.166889409580471,0.152432284448987,0.218134136431926,0.101350315324864,0.643741360483146,1,0.165483451654835,0.148685131486851,0.683931606839316,0.22037796220378,0.102389761023898,21
PWY-6717,"(1,4)-&beta;-D-xylan degradation",22,0.170882911708829,0.170882911708829,0.152007697772295,0.178337208154547,0.145756172423587,0.119854425166528,0.18227542533681,0.0992462609047872,0.365403967319561,1,0.142985701429857,0.140785921407859,0.475252474752525,0.169483051694831,0.146985301469853,21
PWY-3881,mannitol biosynthesis,11,0.171282871712829,0.171282871712829,0.151210678174446,0.179580120134697,0.19728878922921,0.125694992462887,0.482880161575614,0.0504968994254693,0.616611016118825,1,0.195880411958804,0.141285871412859,0.659034096590341,0.449155084491551,0.0657934206579342,21
PWY-5034,GA<sub>12</sub> biosynthesis,4,0.175182481751825,0.175182481751825,0.190105438217423,0.20018933797921,0.147647932964929,0.171276051976307,0.165692143961766,0.120433296105043,0.667907062528941,0.05,0.149485051494851,0.193780621937806,0.654734526547345,0.137186281371863,0.15978402159784,21
PWY-5453,methylglyoxal degradation III,9,0.179382061793821,0.179382061793821,0.139614064934993,0.196362856756389,0.185763905900206,0.0827745282121124,0.423076185368926,0.0591809106768101,0.555682651620461,1,0.183881611838816,0.122987701229877,0.572742725727427,0.354864513548645,0.109189081091891,21
PWY-4661,1D-<i>myo</i>-inositol hexakisphosphate biosynthesis III (<i>Spirodela polyrrhiza</i>),9,0.17978202179782,0.17978202179782,0.179061781139624,0.189555120150501,0.127801678052553,0.139963045790138,0.145028423343481,0.162460544889482,0.614964312734692,1,0.129187081291871,0.147785221477852,0.651034896510349,0.142685731426857,0.188181181881812,21
PWY-5669,phosphatidylserine and phosphatidylethanolamine biosynthesis I,3,0.182581741825817,0.182581741825817,0.206686094692788,0.210976630699869,0.175010273243342,0.166290991289048,0.216701901621141,0.113954752135645,0.692177382891044,1,0.173882611738826,0.165283471652835,0.733526647335267,0.214078592140786,0.114588541145885,21
PWY-6607,guanosine nucleotides degradation I,9,0.186781321867813,0.186781321867813,0.187335650142877,0.19545723922818,0.0978217683802299,0.34711948160191,0.076209508056451,0.606542959930131,0.477541220054894,0.01,0.0996900309969003,0.34046595340466,0.55034496550345,0.0791920807919208,0.598540145985402,21
OXIDATIVEPENT-PWY,pentose phosphate pathway (oxidative branch) I,12,0.187981201879812,0.187981201879812,0.182915030204918,0.201441241443118,0.267168267963198,0.0948318055189942,0.473860633958846,0.0945231781303091,0.431972933853277,0.5,0.27037296270373,0.097990200979902,0.548245175482452,0.472852714728527,0.107089291070893,21
PWY-1581,plastoquinol-9 biosynthesis I,8,0.188181181881812,0.188181181881812,0.182675669913627,0.204600484823168,0.190020896177934,0.144291569000751,0.308803878501525,0.0799260463252379,0.613753604582841,1,0.184181581841816,0.153884611538846,0.624737526247375,0.283971602839716,0.107489251074893,21
PWY-5659,GDP-mannose biosynthesis,12,0.188781121887811,0.188781121887811,0.190893887192781,0.200311850641139,0.253933289412398,0.135044072743099,0.512971882093367,0.068539055849757,0.623293753576951,1,0.254874512548745,0.136286371362864,0.694530546945305,0.517048295170483,0.0701929807019298,21
PWY-5947,lutein biosynthesis,3,0.189281071892811,0.189281071892811,0.217425182942443,0.221253187090532,0.19365206302488,0.163548162904225,0.291031275450368,0.107283259312558,0.691707431938097,1,0.188281171882812,0.161383861613839,0.728927107289271,0.285971402859714,0.10968903109689,21
PWY-82,UDP-&beta;-L-arabinose biosynthesis II (from &beta;-L-arabinose),3,0.191680831916808,0.191680831916808,0.193797567474125,0.228000108021314,0.183012677881758,0.142208992497947,0.305223334875991,0.0884495389460075,0.68710112620871,1,0.185381461853815,0.153884611538846,0.713128687131287,0.3002699730027,0.126287371262874,21
PWY-6613,"tetrahydrofolate salvage from 5,10-methenyltetrahydrofolate",4,0.192280771922808,0.192280771922808,0.207262082488295,0.210647102751452,0.192276255844282,0.148528892107759,0.337011697150099,0.101631498473165,0.637090551573652,1,0.191580841915808,0.147985201479852,0.66983301669833,0.336166383361664,0.102589741025897,21
PWY-7856,heme <i>a</i> biosynthesis,2,0.193280671932807,0.193280671932807,0.23459938577885,0.234566558618806,0.164810078783804,0.205093262812124,0.1278681456,0.30473572217165,0.680287856500694,0.5,0.163083691630837,0.204279572042796,0.709529047095291,0.123787621237876,0.2999700029997,21
PWY-5326,sulfite oxidation IV,2,0.195180481951805,0.195180481951805,0.223949388347852,0.232991695371108,0.194453122894425,0.161991707480652,0.3329031024,0.1119189005054,0.679396234805813,1,0.200679932006799,0.167883211678832,0.717928207179282,0.335666433356664,0.111888811118888,21
PWY-1822,indole-3-acetate activation I,7,0.195680431956804,0.195680431956804,0.181637563565846,0.220018728120547,0.168207908040597,0.106591067115994,0.311304694191257,0.108023502999982,0.593672168079005,0.5,0.169483051694831,0.158484151584842,0.552544745525447,0.223077692230777,0.188381161883812,21
PWY-3742,tetrahydrofolate biosynthesis II,20,0.195680431956804,0.195680431956804,0.182739072395965,0.199989072804933,0.21143157683954,0.145680306093287,0.500396656368031,0.0698367339085881,0.519064324311056,1,0.209479052094791,0.14978502149785,0.655234476552345,0.498450154984502,0.0752924707529247,21
PWY-6543,4-aminobenzoate biosynthesis,5,0.199480051994801,0.199480051994801,0.220981273279116,0.219794671625257,0.139286883175301,0.183000356310211,0.159270407842056,0.277199711226819,0.605993016353192,0.5,0.134386561343866,0.17978202179782,0.638536146385362,0.155284471552845,0.27987201279872,21
PWY-6120,L-tyrosine biosynthesis III,5,0.2004799520048,0.2004799520048,0.221262183513917,0.227185610937313,0.17085975320665,0.212707262962703,0.195869584167754,0.13263611374852,0.678013066241339,0.05,0.168083191680832,0.222677732226777,0.662833716628337,0.165283471652835,0.170682931706829,21
CHLOROPHYLL-SYN,"3,8-divinyl-chlorophyllide <i>a</i> biosynthesis I (aerobic, light-dependent)",12,0.201679832016798,0.201679832016798,0.203034466435027,0.212178440042834,0.238502316447619,0.131354304221912,0.477446194775625,0.083613047814419,0.622038472035284,1,0.236976302369763,0.128387161283872,0.684831516848315,0.473552644735526,0.0885911408859114,21
PWY-5142,acyl-[acyl-carrier protein] thioesterase pathway,9,0.204379562043796,0.204379562043796,0.163184113421464,0.22482552960414,0.200591852972939,0.148157377262255,0.367358250345573,0.0575624672289231,0.618575924269697,1,0.2004799520048,0.18988101189881,0.595940405959404,0.294870512948705,0.117888211178882,21
ETHYL-PWY,ethylene biosynthesis I (plants),19,0.210778922107789,0.210778922107789,0.184339512222424,0.221718931545003,0.188890141029712,0.1330800832716,0.388867675614914,0.088841948993708,0.481084126716299,1,0.192880711928807,0.148085191480852,0.598340165983402,0.374262573742626,0.123587641235876,21
PWY-5098,chlorophyll <i>a</i> degradation I,9,0.213778622137786,0.213778622137786,0.236596463881206,0.238459919800532,0.159294836984861,0.167526095394982,0.21690421563256,0.247068627485051,0.610448992269008,0.5,0.151884811518848,0.197380261973803,0.610738926107389,0.173782621737826,0.293470652934707,21
PWY-6596,adenosine nucleotides degradation I,19,0.218678132186781,0.218678132186781,0.214288262566186,0.230712154350428,0.151299607924846,0.188422284970146,0.154094579360967,0.22232295227991,0.578948843355375,0.01,0.15008499150085,0.198280171982802,0.692230776922308,0.148485151484852,0.250574942505749,21
PWY-5068,chlorophyll cycle,7,0.219078092190781,0.219078092190781,0.239115886643439,0.243206952049444,0.197972356464957,0.168392365459153,0.293819268873847,0.153634569360309,0.625600798398047,0.5,0.196280371962804,0.166083391660834,0.655134486551345,0.293770622937706,0.158384161583842,21
PWY-7187,pyrimidine deoxyribonucleotides <i>de novo</i> biosynthesis II,17,0.226477352264774,0.226477352264774,0.219090476067538,0.234619069597468,0.144483176240539,0.154180023689276,0.242114633017731,0.184883191362955,0.633353782949351,1,0.141585841415858,0.158884111588841,0.727427257274273,0.241075892410759,0.198980101989801,21
PWYQT-4445,pyrimidine salvage pathway,15,0.228277172282772,0.228277172282772,0.220594788119331,0.238227992674174,0.134722397927814,0.256345841016992,0.123761199850343,0.341837528781445,0.545242729613924,0.01,0.137086291370863,0.259274072592741,0.667833216678332,0.126687331266873,0.360663933606639,21
VALDEG-PWY,L-valine degradation I,6,0.228977102289771,0.228977102289771,0.243796922906812,0.256644114780881,0.19349261030944,0.168523370480427,0.235673687968563,0.201024684255795,0.62354905515729,0.5,0.196680331966803,0.184781521847815,0.623837616238376,0.220877912208779,0.238976102389761,21
PWY-5863,superpathway of phylloquinol biosynthesis,8,0.22987701229877,0.22987701229877,0.238736992078699,0.248120799409946,0.195108362100447,0.186821346132819,0.244005943763091,0.15641636448592,0.63862381895934,1,0.190780921907809,0.185281471852815,0.674432556744326,0.24017598240176,0.175782421757824,21
PWY-5692,allantoin degradation to glyoxylate II,2,0.23037696230377,0.23037696230377,0.268080309335631,0.276956384983937,0.222849371169799,0.201140226239594,0.3476368639,0.143536774608666,0.689046893218649,1,0.223577642235776,0.200779922007799,0.725127487251275,0.350964903509649,0.146585341465853,21
PWY4LZ-81,Organic Nitrogen Assimilation,20,0.231976802319768,0.231976802319768,0.217369550106336,0.241391204675709,0.227091889938438,0.143339765927392,0.372240231022902,0.123135083621909,0.486130047907742,0.5,0.222677732226777,0.151684831516848,0.617238276172383,0.362563743625637,0.142785721427857,21
PWY-6546,brassinosteroids inactivation,23,0.232576742325767,0.232576742325767,0.245626244428741,0.254683029911253,0.1578538568619,0.239204725952358,0.183898810700276,0.243086705900252,0.609321324567064,0.01,0.154584541545845,0.28017198280172,0.656534346565343,0.142685731426857,0.33026697330267,21
PWY-6786,detoxification of reactive carbonyls in chloroplasts,12,0.232676732326767,0.232676732326767,0.2146127749578,0.251873766497583,0.236792190982259,0.115172374502903,0.519723553649984,0.119849558038897,0.4806973202529,0.5,0.228477152284772,0.141985801419858,0.559244075592441,0.452954704529547,0.165683431656834,21
PWY-6290,&beta;-cubebene biosynthesis,2,0.235076492350765,0.235076492350765,0.27635553390683,0.281845190108494,0.21773754768667,0.223988790735615,0.2474263999,0.185408879274457,0.695580351476183,1,0.218278172182782,0.223277672232777,0.73022697730227,0.250574942505749,0.180681931806819,21
PWY-5059,pinobanksin biosynthesis,20,0.237576242375762,0.237576242375762,0.193629541854041,0.258573465625041,0.214538564885446,0.134819809517765,0.548800790027321,0.0826091457644853,0.46890786130984,1,0.203379662033797,0.168083191680832,0.564643535646435,0.49015098490151,0.157584241575842,21
PWY-6606,guanosine nucleotides degradation II,13,0.239476052394761,0.239476052394761,0.252150665395953,0.263249704628035,0.133126137403082,0.424237514620862,0.108189018180453,0.594798394010646,0.525645833152339,0.01,0.136886311368863,0.428857114288571,0.63053694630537,0.105489451054895,0.586541345865414,21
PWYQT-94,superpathway of polyamine biosynthesis,2,0.243675632436756,0.243675632436756,0.297039146135237,0.299483343582765,0.241225065000679,0.229783177730847,0.3459881359,0.169259069962775,0.697312615011192,1,0.246675332466753,0.231876812318768,0.724927507249275,0.346365363463654,0.158984101589841,21
PWY-7253,apigeninidin 5-<i>O</i>-glucoside biosynthesis,31,0.244875512448755,0.244875512448755,0.179458328444586,0.276196307745411,0.251792427065598,0.145470414372619,0.451574408949273,0.0716814933839391,0.38792620659728,1,0.227277272272773,0.229477052294771,0.465253474652535,0.320767923207679,0.22047795220478,21
PWY-7478,oryzalexin D and E biosynthesis,6,0.245875412458754,0.245875412458754,0.26865983214822,0.283261266196528,0.218668600381931,0.208451536977074,0.282611428019453,0.168821605316869,0.670741631239384,1,0.216378362163784,0.222277772222778,0.644135586441356,0.242575742425757,0.240575942405759,21
PWY-7252,luteolinidin 5-<i>O</i>-glucoside biosynthesis,31,0.251974802519748,0.251974802519748,0.179459759775074,0.280390885819055,0.251792427065598,0.145470414372619,0.451574408949273,0.0716814933839391,0.387948287333091,1,0.238376162383762,0.232076792320768,0.467153284671533,0.327367263273673,0.217978202179782,21
GLNSYN-PWY,L-glutamine biosynthesis I,5,0.254074592540746,0.254074592540746,0.277666463616968,0.287709922036495,0.297551568804719,0.162639182601603,0.433262799807915,0.153540936835056,0.633606640134586,1,0.301969803019698,0.163383661633837,0.673732626737326,0.430756924307569,0.159084091590841,21
PWY-5188,tetrapyrrole biosynthesis I (from glutamate),7,0.261573842615738,0.261573842615738,0.273917684035662,0.296702912661567,0.267054305483941,0.207856808235667,0.545009718040489,0.109871656016,0.658677180824338,1,0.265873412658734,0.225477452254775,0.667733226677332,0.498350164983502,0.134886511348865,21
PWYQT-4449,polyisoprenoid biosynthesis,5,0.266373362663734,0.266373362663734,0.29782283985149,0.304406429545469,0.209751450694231,0.26718483263798,0.231523184705765,0.214025977545091,0.730240853149061,1,0.209079092090791,0.263873612638736,0.755824417558244,0.22997700229977,0.218878112188781,21
PWY-5807,heptaprenyl diphosphate biosynthesis,5,0.269373062693731,0.269373062693731,0.274106510682432,0.298983221070625,0.240820516263695,0.216122317948729,0.396083821520541,0.124782815073717,0.707133008045891,1,0.243875612438756,0.223377662233777,0.755224477552245,0.393360663933607,0.14028597140286,21
PWY-6963,ammonia assimilation cycle I,11,0.272872712728727,0.272872712728727,0.278345128228438,0.29323966415412,0.310819359026984,0.162642334326006,0.713292017484634,0.104076198979556,0.630751617247407,1,0.308269173082692,0.162483751624838,0.685231476852315,0.71022897710229,0.110688931106889,21
PWY-6556,pyrimidine ribonucleosides salvage II,3,0.273772622737726,0.273772622737726,0.297520824584775,0.314430243987765,0.213626665446103,0.25981574765766,0.201306857384949,0.262761704211084,0.713673772247959,1,0.218078192180782,0.264073592640736,0.757424257574243,0.205179482051795,0.271072892710729,21
PWY-5670,epoxysqualene biosynthesis,2,0.276472352764724,0.276472352764724,0.325813704580174,0.335569447442698,0.255753573632936,0.276504935438161,0.1936139599,0.347398947990913,0.698620950722171,0.5,0.258474152584742,0.279272072792721,0.730726927307269,0.194780521947805,0.346965303469653,21
PWY-2,putrescine degradation IV,2,0.278972102789721,0.278972102789721,0.33116434882383,0.342430257673172,0.256107505069925,0.282015087127438,0.2107987431,0.324058063867714,0.704028904275566,0.5,0.25987401259874,0.287171282871713,0.735726427357264,0.210578942105789,0.328167183281672,21
PWY-43,putrescine biosynthesis II,4,0.284471552844716,0.284471552844716,0.312769186799554,0.321290253434335,0.268474062019851,0.216467144169783,0.315103034524289,0.204637541417272,0.711514343600456,0.5,0.266373362663734,0.215278472152785,0.748125187481252,0.316268373162684,0.204779522047795,21
PWY-7346,UDP-&alpha;-D-glucuronate biosynthesis (from UDP-glucose),3,0.289271072892711,0.289271072892711,0.327126216306872,0.337284656608174,0.257892060973314,0.273180941364376,0.330812856232768,0.194439530147682,0.717383005838078,1,0.256474352564744,0.269373062693731,0.755624437556245,0.332066793320668,0.196080391960804,21
PWY-5910,superpathway of geranylgeranyldiphosphate biosynthesis I (via mevalonate),6,0.290970902909709,0.290970902909709,0.318851833436225,0.325394990140501,0.217415496879884,0.342586779093108,0.189246586671097,0.3611141892181,0.651382542648244,0.05,0.219278072192781,0.346765323467653,0.688231176882312,0.186581341865813,0.356464353564644,21
PWY-5120,geranylgeranyl diphosphate biosynthesis,6,0.291070892910709,0.291070892910709,0.318846497133129,0.32933740353543,0.217415496879884,0.342586779093108,0.189246586671097,0.3611141892181,0.651352823308698,0.05,0.219178082191781,0.346965303469653,0.687431256874313,0.18988101189881,0.370862913708629,21
PWY-5121,superpathway of geranylgeranyl diphosphate biosynthesis II (via MEP),6,0.291070892910709,0.291070892910709,0.318847746572076,0.327889228977023,0.217415496879884,0.342586779093108,0.189246586671097,0.3611141892181,0.65135978209119,0.05,0.218778122187781,0.339166083391661,0.684531546845316,0.191480851914809,0.371162883711629,21
GLYSYN2-PWY,glycine biosynthesis,9,0.293970602939706,0.293970602939706,0.331042603481842,0.337098809068064,0.235806664774645,0.350899094981744,0.283451586243921,0.208675178496154,0.70965603749537,0.05,0.231876812318768,0.343365663433657,0.711328867113289,0.263073692630737,0.247975202479752,21
PWY-7458,violdelphin biosynthesis,7,0.296870312968703,0.296870312968703,0.335222580499448,0.334201248360189,0.242698261792235,0.34309749522199,0.244130570206695,0.262569044707436,0.694049437189536,0.05,0.234376562343766,0.331266873312669,0.704529547045295,0.232776722327767,0.282671732826717,21
DETOX1-PWY,superoxide radicals degradation,10,0.301869813018698,0.301869813018698,0.322009325569231,0.332047431419621,0.229122027544124,0.292310869956264,0.313048996346304,0.205438776812758,0.708761636420429,1,0.225677432256774,0.288571142885711,0.751124887511249,0.307869213078692,0.210778922107789,21
PWY-6515,phloridzin biosynthesis,3,0.303269673032697,0.303269673032697,0.348836592965054,0.372798951690891,0.278974470726386,0.264910546947368,0.575334494882875,0.156289322109665,0.715085021312238,1,0.270672932706729,0.261973802619738,0.733326667333267,0.552144785521448,0.2004799520048,21
PWYQT-4427,sulfoquinovosyl diacylglycerol biosynthesis,4,0.306769323067693,0.306769323067693,0.335866424267818,0.348682104017503,0.255387393116107,0.286969245787012,0.317860382303846,0.208440288535248,0.727947241540964,1,0.252774722527747,0.287371262873713,0.77032296770323,0.314468553144686,0.211178882111789,21
PWY-7464,"cyanidin 3,7-diglucoside polyacylation biosynthesis",7,0.308369163083692,0.308369163083692,0.335233344392231,0.342623686715846,0.242698261792235,0.34309749522199,0.244130570206695,0.262569044707436,0.694097338877694,0.05,0.245875412458754,0.342565743425657,0.706229377062294,0.234676532346765,0.288071192880712,21
PWY-4381,fatty acid biosynthesis initiation I,2,0.315768423157684,0.315768423157684,0.373111775572554,0.378578244381238,0.290839031677684,0.311383956660628,0.3266320519,0.265432736163839,0.724624696765864,1,0.291470852914709,0.310768923107689,0.747525247475253,0.325367463253675,0.260773922607739,21
PWY3O-450,phosphatidylcholine biosynthesis I,6,0.317368263173683,0.317368263173683,0.345810193826193,0.354763607346204,0.40372647334359,0.197875051880199,0.539288299234594,0.17841760235013,0.65907062538526,1,0.403459654034597,0.195280471952805,0.696230376962304,0.540845915408459,0.181581841815818,21
ALANINE-DEG3-PWY,L-alanine degradation III,5,0.320567943205679,0.320567943205679,0.384876683955693,0.378659266398263,0.27588249692703,0.346152140555099,0.300833735464267,0.287102223439741,0.749282342523557,1,0.277072292770723,0.343865613438656,0.738226177382262,0.266173382661734,0.315968403159684,21
PWY-5350,thiosulfate disproportionation IV (rhodanese),6,0.324267573242676,0.324267573242676,0.343730359594579,0.370710846949261,0.282154149140801,0.239303633370948,0.615605134595934,0.152443528660395,0.706543116260849,1,0.287671232876712,0.257674232576742,0.706829317068293,0.576642335766423,0.195780421957804,21
PWY-7343,UDP-&alpha;-D-glucose biosynthesis I,8,0.327767223277672,0.327767223277672,0.351386912501342,0.361315779951959,0.283574063065461,0.278768133054296,0.476435568474334,0.178287701409052,0.713004083003547,1,0.285071492850715,0.281871812818718,0.747125287471253,0.472452754724528,0.177382261773823,21
PWY-5337,stachyose biosynthesis,11,0.329167083291671,0.329167083291671,0.366754983315515,0.364510111420438,0.278246432508611,0.343482153394428,0.217185220831355,0.439890384482578,0.664813830597804,0.05,0.275872412758724,0.341965803419658,0.691930806919308,0.198380161983802,0.445455454454555,21
PWY-6118,glycerol-3-phosphate shuttle,8,0.33036696330367,0.33036696330367,0.358977402140357,0.369689820413291,0.295862178067927,0.289791890747055,0.651395923988527,0.135483281705976,0.722690124942977,1,0.295670432956704,0.288671132886711,0.755324467553245,0.647435256474353,0.137286271372863,21
ALANINE-SYN2-PWY,L-alanine biosynthesis II,5,0.331566843315668,0.331566843315668,0.384874241016356,0.381717711833649,0.27588249692703,0.346152140555099,0.300833735464267,0.287102223439741,0.749275329440384,1,0.272972702729727,0.344065593440656,0.746325367463254,0.272372762723728,0.314568543145685,21
PWY-5194,siroheme biosynthesis,2,0.334266573342666,0.334266573342666,0.39526636529719,0.403264745966983,0.301018413339468,0.308307158538762,0.49533184,0.230674152502348,0.72350136589364,1,0.295470452954705,0.302369763023698,0.755824417558244,0.491150884911509,0.232876712328767,21
PWY-6673,caffeoylglucarate biosynthesis,5,0.334566543345665,0.334566543345665,0.42094501435456,0.402673065355732,0.357236917118992,0.281691137153198,0.591504544948696,0.225755753943427,0.733469384915434,1,0.356064393560644,0.293670632936706,0.658234176582342,0.447255274472553,0.303369663033697,21
TYRFUMCAT-PWY,L-tyrosine degradation I,8,0.338366163383662,0.338366163383662,0.368866726374924,0.377130675974246,0.260117418515519,0.382028123632158,0.308803878501525,0.233564522112632,0.739512085683626,0.05,0.251174882511749,0.374762523747625,0.763123687631237,0.296870312968703,0.255074492550745,21
PWY-4861,UDP-&alpha;-D-galacturonate biosynthesis I (from UDP-D-glucuronate),5,0.33996600339966,0.33996600339966,0.370642773816019,0.385765845658184,0.25935586458077,0.376134145455024,0.207585412339491,0.439971324017319,0.694751415580278,0.05,0.264773522647735,0.381461853814619,0.735826417358264,0.207779222077792,0.443155684431557,21
PWY-5837,"2-carboxy-1,4-naphthoquinol biosynthesis",10,0.34016598340166,0.34016598340166,0.366993540465421,0.379456252444346,0.321750515342791,0.305119202783809,0.473987857087463,0.175536391394921,0.718008619216888,1,0.321167883211679,0.306469353064694,0.732926707329267,0.441855814418558,0.1998800119988,21
PWY-6330,acetaldehyde biosynthesis II,4,0.347565243475652,0.347565243475652,0.382361411607369,0.395668651853281,0.284628318251569,0.337869073271496,0.278225227078191,0.308254359159463,0.741684458481778,1,0.283971602839716,0.337066293370663,0.776822317768223,0.281471852814719,0.306269373062694,21
PWY-641,proanthocyanidins biosynthesis from flavanols,7,0.350564943505649,0.350564943505649,0.372017937588256,0.387314578889187,0.304494941522965,0.293080004118777,0.731396593435912,0.121081805350015,0.741960172136734,1,0.306869313068693,0.293070692930707,0.777322267773223,0.731026897310269,0.122487751224878,21
PWY-5466,matairesinol biosynthesis,4,0.351764823517648,0.351764823517648,0.480174106480492,0.426423482766699,0.361337073063561,0.415077283491143,0.524707376801345,0.295840029245678,0.764547194419087,1,0.341465853414659,0.378662133786621,0.683731626837316,0.394860513948605,0.342265773422658,21
PWY-6752,<i>o</i>-diquinones biosynthesis,8,0.355364463553645,0.355364463553645,0.439173848376157,0.414277259913723,0.316777523077758,0.336226964583879,0.482858684576979,0.3285981903352,0.732947065319615,0.5,0.304569543045695,0.338166183381662,0.680931906809319,0.393760623937606,0.376162383761624,21
PWY-7183,pyrimidine nucleobases salvage I,6,0.355564443555644,0.355564443555644,0.390949868327109,0.400589173099493,0.33070279513163,0.268161552477689,0.490834509893116,0.221638908912886,0.737103742347968,0.5,0.327167283271673,0.268273172682732,0.76022397760224,0.483151684831517,0.23017698230177,21
PWY-7196,superpathway of pyrimidine ribonucleosides salvage,6,0.363463653634637,0.363463653634637,0.390945292170352,0.410887958997331,0.33070279513163,0.268161552477689,0.490834509893116,0.221638908912886,0.737089802287767,0.5,0.334466553344666,0.271472852714729,0.772122787721228,0.487751224877512,0.234476552344766,21
PWY-7208,superpathway of pyrimidine nucleobases salvage,6,0.366063393660634,0.366063393660634,0.390945580742872,0.411294098643538,0.33070279513163,0.268161552477689,0.490834509893116,0.221638908912886,0.737090681385671,0.5,0.33956604339566,0.272072792720728,0.770722927707229,0.491450854914509,0.231776822317768,21
GLUGLNSYN-PWY,L-glutamate biosynthesis IV,6,0.366863313668633,0.366863313668633,0.398813893745,0.41127530959689,0.322479876068563,0.289837451601834,0.50422364682844,0.220097847384058,0.741804299266016,1,0.323667633236676,0.287471252874713,0.773122687731227,0.501649835016498,0.222977702229777,21
PWY-5046,2-oxoisovalerate decarboxylation to isobutanoyl-CoA,9,0.371562843715628,0.371562843715628,0.410373691182786,0.422293047846501,0.312178370304433,0.319383591390933,0.385421120161608,0.347099424659231,0.706481331754165,0.5,0.310668933106689,0.32026797320268,0.732226777322268,0.379162083791621,0.370562943705629,21
PWY-5859,eugenol and isoeugenol biosynthesis,7,0.372762723727627,0.372762723727627,0.460613558717959,0.434455744888561,0.328643781648033,0.353472345626323,0.752877053765857,0.175815798718005,0.761563169436445,1,0.310568943105689,0.341765823417658,0.694830516948305,0.629337066293371,0.256974302569743,21
PWY-5829,geraniol and geranial biosynthesis,8,0.373962603739626,0.373962603739626,0.594830113850095,0.444662617766884,0.468427801920489,0.654770801223522,0.270108612388144,0.782585071385585,0.706512073771164,0.05,0.435856414358564,0.519248075192481,0.587041295870413,0.178182181781822,0.667533246675332,21
PWY-6039,chlorogenic acid biosynthesis I,35,0.375962403759624,0.375962403759624,0.362467795405262,0.416370076645677,0.2545983303055,0.27556670043854,0.598689883081318,0.187457014733675,0.693017298694988,1,0.250874912508749,0.313468653134687,0.756924307569243,0.525647435256474,0.282971702829717,21
PWY-6964,ammonia assimilation cycle II,6,0.382061793820618,0.382061793820618,0.426676126810517,0.430906138091471,0.408460154250936,0.266096237764403,0.494107705620538,0.303440168929563,0.705954928544304,0.5,0.403559644035597,0.254874512548745,0.738826117388261,0.491050894910509,0.3004699530047,21
PWY-6,GDP-L-fucose biosynthesis II (from L-fucose),2,0.386761323867613,0.386761323867613,0.463976112796429,0.473433864940991,0.357826304438315,0.392079885266313,0.4617430044,0.31827586500217,0.754133373917386,1,0.352864713528647,0.389161083891611,0.783321667833217,0.458754124587541,0.313968603139686,21
PYRUVDEHYD-PWY,pyruvate decarboxylation to acetyl CoA,18,0.388461153884612,0.388461153884612,0.393885967842754,0.426243879264748,0.303050023666226,0.251221088296205,0.568089788444113,0.266833440965932,0.68461019736722,0.5,0.3003699630037,0.25047495250475,0.771822817718228,0.564743525647435,0.282971702829717,21
PWY-5997,&alpha;-linolenate biosynthesis I (plants and red algae),2,0.396160383961604,0.396160383961604,0.479383356223151,0.479957938275726,0.375286066022665,0.412457341964127,0.4352928391,0.352810569721662,0.761591633852306,1,0.371962803719628,0.407259274072593,0.776222377762224,0.426757324267573,0.343465653434657,21
PWY-5441,S-methyl-L-methionine cycle,5,0.3995600439956,0.3995600439956,0.460292277800363,0.457499938671638,0.333239672089858,0.362122032842997,0.748691423140909,0.177721831751196,0.75351851165009,1,0.327767223277672,0.356164383561644,0.743325667433257,0.700929907009299,0.211678832116788,21
PWY-66,GDP-L-fucose biosynthesis I (from GDP-D-mannose),5,0.402959704029597,0.402959704029597,0.542404059729074,0.464689908768177,0.417563568764743,0.627748609621232,0.196998702381991,0.789089835939296,0.679641101391429,0.05,0.409059094090591,0.570842915708429,0.643035696430357,0.157484251574843,0.73002699730027,21
PWY-7590,"(7Z,10Z,13Z)-hexadecatrienoate biosynthesis",2,0.406159384061594,0.406159384061594,0.479408873514971,0.489728703803686,0.375286066022665,0.412457341964127,0.4352928391,0.352810569721662,0.761651021582437,1,0.373862613738626,0.410658934106589,0.787221277872213,0.43025697430257,0.352864713528647,21
PWY-6019,pseudouridine degradation,2,0.407059294070593,0.407059294070593,0.46990617740524,0.4884567834973,0.357935877918864,0.391955341171989,0.5039474239,0.309707761170159,0.754088071130702,1,0.363663633636636,0.399060093990601,0.783821617838216,0.505449455054495,0.315968403159684,21
SERSYN-PWY,L-serine biosynthesis I,6,0.421857814218578,0.421857814218578,0.490454223218457,0.476938021563159,0.350201442347467,0.471208609971532,0.435361788114532,0.324041954566903,0.787962347852027,1,0.346865313468653,0.451354864513549,0.782021797820218,0.38036196380362,0.348165183481652,21
PROSYN-PWY,L-proline biosynthesis I,4,0.435556444355565,0.435556444355565,0.478619234632449,0.491951514226389,0.883383370726382,0.152926452340532,0.333297929460068,0.279524381452229,0.61654235209857,0.5,0.884311568843116,0.154184581541846,0.653234676532347,0.334566543345665,0.284171582841716,21
PWY-7219,adenosine ribonucleotides <i>de novo</i> biosynthesis,14,0.44045595440456,0.44045595440456,0.46531100293431,0.486960658272392,0.758867723850124,0.191518589894055,0.611347909245021,0.249868170383924,0.644535141203765,0.5,0.746125387461254,0.196280371962804,0.711128887111289,0.598340165983402,0.271972802719728,21
PWY-5886,4-hydroxyphenylpyruvate biosynthesis,2,0.447655234476552,0.447655234476552,0.509470979739219,0.525788752793844,0.3805431708301,0.42452013862731,0.5778509271,0.334722933173123,0.766067179357003,1,0.387961203879612,0.433256674332567,0.792320767923208,0.583841615838416,0.32976702329767,21
PWY-5032,<i>ent</i>-kaurene biosynthesis I,3,0.45015498450155,0.45015498450155,0.502733604248455,0.517891454300829,0.41103027448972,0.394761656843015,0.537769407747241,0.360418867957141,0.753605694888627,0.5,0.40955904409559,0.391160883911609,0.790920907909209,0.536446355364464,0.356864313568643,21
PWY-7270,L-methionine salvage cycle II (plants),7,0.45045495450455,0.45045495450455,0.499839950570709,0.505858701707587,0.401643854214093,0.403952258305524,0.476712616423793,0.379465653510188,0.765018502779506,0.5,0.394360563943606,0.394360563943606,0.786721327867213,0.467153284671533,0.385161483851615,21
PWY-8027,parkeol biosynthesis,2,0.453354664533547,0.453354664533547,0.521528198976499,0.528253303617919,0.39486380821928,0.44442188596212,0.55697664,0.357195772067887,0.773314327146403,1,0.392060793920608,0.444355564443556,0.787621237876213,0.557444255574443,0.358164183581642,21
PWY-5698,allantoin degradation to ureidoglycolate II (ammonia producing),3,0.456454354564544,0.456454354564544,0.500678615463134,0.519708514457093,0.36952139879619,0.428092506318772,0.598624333027875,0.294611941584716,0.766235632054124,1,0.370962903709629,0.426057394260574,0.805619438056194,0.597640235976402,0.291170882911709,21
PWY-6351,"D-<i>myo</i>-inositol (1,4,5)-trisphosphate biosynthesis",31,0.45985401459854,0.45985401459854,0.428103851641411,0.504785698043787,0.335271966951385,0.323595159214197,0.709909435967443,0.174995969746247,0.73253502976917,1,0.327267273272673,0.324467553244676,0.848215178482152,0.711928807119288,0.194480551944806,21
METHIONINE-DEG1-PWY,L-methionine degradation I (to L-homocysteine),4,0.466453354664534,0.466453354664534,0.524367722037431,0.535003093702421,0.426612804605291,0.389801438387716,0.661416717521847,0.323188897382523,0.756860148997888,1,0.421057894210579,0.386361363863614,0.784721527847215,0.652534746525348,0.330966903309669,21
PWY-6535,4-aminobutanoate degradation I,4,0.481551844815518,0.481551844815518,0.524464259766728,0.544711629327819,0.379680014544148,0.441193671606085,0.649071826269814,0.307654620936235,0.772661116128402,1,0.377962203779622,0.443955604439556,0.807119288071193,0.653034696530347,0.310668933106689,21
PWY-6473,4-aminobutanoate degradation IV,4,0.487351264873513,0.487351264873513,0.524460106951074,0.543194483610673,0.379680014544148,0.441193671606085,0.649071826269814,0.307654620936235,0.772652154221892,1,0.378062193780622,0.438656134386561,0.806319368063194,0.652534746525348,0.311168883111689,21
PWY-1801,formaldehyde oxidation II (glutathione-dependent),2,0.494850514948505,0.494850514948505,0.564776178316362,0.572469939376117,0.462573610655731,0.502232477584496,0.4835852956,0.459493337214308,0.793914106294978,1,0.463353664633537,0.504449555044496,0.807419258074193,0.486051394860514,0.455054494550545,21
PWY4FS-8,phosphatidylglycerol biosynthesis II (non-plastidic),2,0.495750424957504,0.495750424957504,0.562542486879741,0.564579251105615,0.41352512610696,0.473004318310074,0.6532792311,0.378669367162613,0.783601340236731,1,0.413058694130587,0.470952904709529,0.791020897910209,0.644235576442356,0.383161683831617,21
PWY-5041,<i>S</i>-adenosyl-L-methionine cycle II,6,0.502449755024498,0.502449755024498,0.545644432549067,0.56265102440627,0.39624615640613,0.386643771753542,0.802985465637041,0.239310244493398,0.764795033136243,1,0.404859514048595,0.393060693930607,0.793320667933207,0.798620137986201,0.245775422457754,21
PWY-5481,pyruvate fermentation to (<i>S</i>)-lactate,2,0.502849715028497,0.502849715028497,0.621397857607027,0.52102257113375,0.461889266539815,0.542763054143252,0.6966964671,0.446241876886321,0.807814051333657,1,0.446155384461554,0.456854314568543,0.686231376862314,0.535046495350465,0.457254274572543,21
PWY4FS-7,phosphatidylglycerol biosynthesis I (plastidic),2,0.502849715028497,0.502849715028497,0.562540050448817,0.564521952793022,0.41352512610696,0.473004318310074,0.6532792311,0.378669367162613,0.783596334744365,1,0.406559344065593,0.463553644635536,0.791420857914209,0.645335466453355,0.393560643935606,21
PWY-2981,diterpene phytoalexins precursors biosynthesis,6,0.504249575042496,0.504249575042496,0.550854107244948,0.56327390215262,0.403758897208889,0.405684941757115,0.759723640782473,0.290524292961271,0.769805968666972,1,0.404959504049595,0.405259474052595,0.796220377962204,0.754724527547245,0.294970502949705,21
PWY-8028,cycloartenol biosynthesis,7,0.508649135086491,0.508649135086491,0.59465553230884,0.57216551597219,0.449760065982277,0.509389431036107,0.699806513913867,0.363202389312607,0.801991668318635,1,0.44005599440056,0.483351664833517,0.78962103789621,0.635436456354365,0.394860513948605,21
SAM-PWY,S-adenosyl-L-methionine biosynthesis,3,0.514748525147485,0.514748525147485,0.576307606573725,0.590418606908505,0.515373449427987,0.471484194758793,0.570229373830375,0.4535238062528,0.777072141531806,0.5,0.508649135086491,0.464253574642536,0.81041895810419,0.562943705629437,0.458654134586541,21
PWY-7528,L-methionine salvage cycle I (bacteria and plants),3,0.515748425157484,0.515748425157484,0.57631483732682,0.586782688335186,0.515373449427987,0.471484194758793,0.570229373830375,0.4535238062528,0.777088054680222,0.5,0.51024897510249,0.463253674632537,0.804819518048195,0.56004399560044,0.458754124587541,21
PWY-6233,jasmonoyl-amino acid conjugates biosynthesis II,5,0.521147885211479,0.521147885211479,0.609415877837271,0.586614504751463,0.460484467619853,0.532053670381954,0.686980290422537,0.418914112554482,0.803433120583995,1,0.44045595440456,0.502449755024498,0.796620337966203,0.642235776422358,0.422457754224578,21
PWY0-1264,biotin-carboxyl carrier protein assembly,5,0.523047695230477,0.523047695230477,0.561160832981154,0.579903354266956,0.500893263297518,0.513589526530263,0.357038445732845,0.545533053485113,0.787089638504989,0.5,0.497350264973503,0.514348565143486,0.820717928207179,0.357364263573643,0.545045495450455,21
HOMOSER-THRESYN-PWY,L-threonine biosynthesis,3,0.524647535246475,0.524647535246475,0.573237348258893,0.592062767042631,0.426222222912126,0.518655912929923,0.608868897844032,0.391987277232731,0.796549481964096,1,0.425957404259574,0.516248375162484,0.827117288271173,0.606539346065394,0.398360163983602,21
PWY1F-353,glycine betaine biosynthesis III (plants),3,0.524947505249475,0.524947505249475,0.560634023678646,0.589656944535959,0.436102546510353,0.521256306308616,0.472152857301487,0.448042636561808,0.797414511942645,1,0.443855614438556,0.526447355264474,0.835716428357164,0.48015198480152,0.45005499450055,21
PWY-84,resveratrol biosynthesis,2,0.527647235276472,0.527647235276472,0.580672390901195,0.593767826313811,0.701089286345695,0.458230213994603,0.3294846775,0.600913009395228,0.743626643142877,0.5,0.706729327067293,0.459154084591541,0.774322567743226,0.328467153284672,0.598240175982402,21
ALACAT2-PWY,L-alanine degradation II (to D-lactate),7,0.54044595540446,0.54044595540446,0.62291118534638,0.598708249297295,0.505452699611872,0.619649270303581,0.394083678786354,0.62272467524765,0.818613265908599,0.5,0.487951204879512,0.582241775822418,0.812518748125187,0.357064293570643,0.61023897610239,21
HEME-BIOSYNTHESIS-II,heme <i>b</i> biosynthesis I (aerobic),9,0.556744325567443,0.556744325567443,0.59501778299649,0.615321410079151,0.415168472548973,0.529001205852654,0.71104083834846,0.336122094830895,0.813315787357204,1,0.41965803419658,0.535446455354465,0.841615838416158,0.71032896710329,0.333366663333667,21
PWY-7909,formaldehyde oxidation VII (THF pathway),4,0.557744225577442,0.557744225577442,0.596320305613296,0.617572454048301,0.757616950222127,0.442301765575984,0.337011697150099,0.570124051933177,0.755208695482087,0.5,0.76032396760324,0.453554644535547,0.799120087991201,0.333766623337666,0.56974302569743,21
PHOSLIPSYN2-PWY,superpathway of phospholipid biosynthesis II (plants),4,0.560643935606439,0.560643935606439,0.609058809092878,0.620534594897408,0.418681615849326,0.523599973588434,0.766847944786444,0.350466988773992,0.79886592166182,1,0.417258274172583,0.522247775222478,0.825617438256174,0.761223877612239,0.345665433456654,21
PWY-2582,brassinosteroid biosynthesis II,6,0.561043895610439,0.561043895610439,0.586963005836408,0.612269540121761,0.517052072125094,0.52934081161204,0.423566876061997,0.524486392419692,0.80498891067626,1,0.522247775222478,0.541445855414459,0.837216278372163,0.429357064293571,0.526447355264474,21
PWY-6040,chlorogenic acid biosynthesis II,23,0.571942805719428,0.571942805719428,0.72167391504024,0.629863047997104,0.426490476484058,0.840355860750572,0.514177469114843,0.755423022789385,0.814090568844466,0.05,0.392560743925607,0.738726127387261,0.790920907909209,0.428757124287571,0.65043495650435,21
PWY-7477,momilactone A biosynthesis,4,0.572742725727427,0.572742725727427,0.616989072639106,0.630459646762421,0.513375721452209,0.545900177425708,0.613507834258163,0.503313177552044,0.797618816337936,0.5,0.51004899510049,0.537146285371463,0.828817118288171,0.606839316068393,0.499350064993501,21
PWY-7029,terminal olefins biosynthesis II,2,0.593440655934407,0.593440655934407,0.625877283646909,0.63974678581319,0.509179131399985,0.571593461223421,0.5773179804,0.510921345845351,0.817383115478625,1,0.517748225177482,0.583441655834417,0.83021697830217,0.594140585941406,0.508149185081492,21
PWY-6369,inositol diphosphates biosynthesis,3,0.613138686131387,0.613138686131387,0.650795000931697,0.671545357476026,0.490400337980076,0.607897058477972,0.681905535332553,0.486358749852892,0.825774557213525,1,0.489151084891511,0.60963903609639,0.855614438556144,0.682531746825318,0.48985101489851,21
PWY-5115,GDP-L-galactose biosynthesis,2,0.616538346165384,0.616538346165384,0.646216816682594,0.648489991513098,0.513834331801028,0.594025006042229,0.6324488124,0.517766095551399,0.82463555199508,1,0.521647835216478,0.599540045995401,0.826117388261174,0.630836916308369,0.514548545145486,21
PWY-401,galactolipid biosynthesis I,8,0.62953704629537,0.62953704629537,0.665095429399856,0.682037830484705,0.465896553954495,0.583491182985149,0.81147090690815,0.369169858189679,0.825935045580499,1,0.476852314768523,0.586041395860414,0.852114788521148,0.805719428057194,0.375862413758624,21
PWY-5097,L-lysine biosynthesis VI,15,0.63003699630037,0.63003699630037,0.679595138695072,0.684154014886112,0.431857722061792,0.499555761421074,0.887025121058465,0.279996736420981,0.814007483599178,1,0.43005699430057,0.491150884911509,0.840915908409159,0.875312468753125,0.298070192980702,21
PWY-5957,L-nicotianamine biosynthesis,2,0.631536846315369,0.631536846315369,0.660214705591371,0.658986022071196,0.502972781601502,0.598122180071234,0.7088102556,0.504156027391013,0.825933861911643,1,0.498550144985502,0.593740625937406,0.827017298270173,0.706229377062294,0.505449455054495,21
PWY-6147,6-hydroxymethyl-dihydropterin diphosphate biosynthesis I,5,0.645435456454355,0.645435456454355,0.665229306775429,0.69036672404764,0.48108560244684,0.596058684760388,0.773701840812397,0.446182922403998,0.823472174834575,1,0.479152084791521,0.6005399460054,0.858614138586141,0.781921807819218,0.443355664433557,21
PWY-6124,inosine-5'-phosphate biosynthesis II,6,0.655934406559344,0.655934406559344,0.690055834320456,0.702292695291095,0.760075321903323,0.591110458218202,0.530250922073503,0.655347182615583,0.803997691541625,0.5,0.757624237576242,0.591640835916408,0.834916508349165,0.532546745325467,0.644535546445356,21
UDPNACETYLGALSYN-PWY,UDP-<i>N</i>-acetyl-D-glucosamine biosynthesis II,10,0.658534146585342,0.658534146585342,0.694693970836883,0.705993531899654,0.686030526774344,0.601976275499738,0.60050182558796,0.665837560789053,0.823349406928555,0.5,0.687131286871313,0.597240275972403,0.848415158484152,0.591540845915409,0.663033696630337,21
PWY-6577,farnesylcysteine salvage pathway,5,0.664733526647335,0.664733526647335,0.702685740580334,0.709638543067825,0.749352423626735,0.624306994537108,0.429028114072893,0.791696912668854,0.780570963857044,0.5,0.746225377462254,0.621037896210379,0.809319068093191,0.426157384261574,0.787021297870213,21
PWY-702,L-methionine biosynthesis II (plants),4,0.665433456654335,0.665433456654335,0.681723456124582,0.712547194016923,0.4808593863004,0.604720049287858,0.807733226633762,0.45256043391616,0.824927154753221,1,0.483151684831517,0.608839116088391,0.864913508649135,0.819318068193181,0.455254474552545,21
PWY-6235,hydroxyjasmonate sulfate biosynthesis,3,0.680931906809319,0.680931906809319,0.706455375974586,0.720727619359392,0.663900353601083,0.661099264981456,0.611046944496064,0.645421706317008,0.839676073021388,0.5,0.656934306569343,0.655934406559344,0.866013398660134,0.608739126087391,0.646535346465354,21
PWY-701,L-methionine degradation II,2,0.69043095690431,0.69043095690431,0.702295205726013,0.705240564358145,0.570367076546295,0.663972104248367,0.69452271,0.590520226170348,0.846086270550863,1,0.567943205679432,0.666533346665334,0.84981501849815,0.6999300069993,0.587041295870413,21
PWY0-501,lipoate biosynthesis and incorporation I,5,0.695830416958304,0.695830416958304,0.723895595300635,0.738201587191812,0.503426444331241,0.691835349088025,0.812924860157059,0.505590102355527,0.853877294005402,1,0.495550444955504,0.686431356864314,0.879012098790121,0.807919208079192,0.512448755124488,21
PWY-63,UDP-&beta;-L-arabinose biosynthesis I (from UDP-&alpha;-D-xylose),3,0.717828217178282,0.717828217178282,0.724539702534067,0.746522841127826,0.615616054372726,0.724366463999634,0.647760151105633,0.668241394695627,0.848671764705469,0.5,0.62033796620338,0.725227477252275,0.88021197880212,0.65013498650135,0.671732826717328,21
NAGLIPASYN-PWY,lipid IV<sub>A</sub> biosynthesis,5,0.717928207179282,0.717928207179282,0.739867058648077,0.754681504553387,0.60844341423116,0.702442358430927,0.772281851424402,0.612628510738422,0.857253129937554,1,0.607039296070393,0.699530046995301,0.882611738826117,0.77022297770223,0.607739226077392,21
PWY-5805,nonaprenyl diphosphate biosynthesis I,3,0.724527547245276,0.724527547245276,0.732633736400912,0.746230209520697,0.548903336629431,0.697008632276823,0.798471041607811,0.572748667227311,0.8536697447932,1,0.545545445455455,0.692730726927307,0.878512148785122,0.795320467953205,0.569043095690431,21
PWY-5864,superpathway of plastoquinol biosynthesis,5,0.724827517248275,0.724827517248275,0.743259404262964,0.761112413634716,0.479443723105094,0.656638057042884,0.884211720819019,0.449091120705395,0.842675272725903,1,0.482351764823518,0.655034496550345,0.873512648735126,0.885211478852115,0.453654634536546,21
PWY-6367,D-<i>myo</i>-inositol-5-phosphate metabolism,8,0.738926107389261,0.738926107389261,0.75226652381996,0.770753812203613,0.545332705611299,0.785785649238987,0.600787065154893,0.672011282292671,0.888840460062879,1,0.549045095490451,0.785121487851215,0.908909109089091,0.598340165983402,0.666433356664334,21
PWY-4841,UDP-&alpha;-D-glucuronate biosynthesis (from <i>myo</i>-inositol),3,0.748825117488251,0.748825117488251,0.746542655641618,0.765411368549524,0.57360085665285,0.719436873550317,0.797396681881163,0.606185172559552,0.860471327407677,1,0.575442455754425,0.721327867213279,0.888411158884112,0.801019898010199,0.596540345965404,21
HOMOSERSYN-PWY,L-homoserine biosynthesis,6,0.76032396760324,0.76032396760324,0.78288824724982,0.787047801527502,0.472541816025005,0.668646422042706,0.92067749449694,0.435847328965484,0.848002770150858,1,0.468453154684532,0.665033496650335,0.871312868713129,0.916308369163084,0.437256274372563,21
PWY-4081,glutathione-peroxide redox reactions,10,0.779422057794221,0.779422057794221,0.816665343422511,0.805891676079637,0.548041977039358,0.808268478502286,0.886755089137894,0.607180416391765,0.899199230215504,1,0.542445755424458,0.786721327867213,0.904309569043096,0.867213278672133,0.586441355864414,21
PWY0-1535,D-serine degradation,2,0.792020797920208,0.792020797920208,0.786847958147873,0.784848033780452,0.659571144885227,0.776312735197104,0.80578351,0.708377586817154,0.873826667688028,1,0.656434356564344,0.774622537746225,0.872512748725128,0.803419658034197,0.707229277072293,21
THRESYN-PWY,superpathway of L-threonine biosynthesis,6,0.835416458354165,0.835416458354165,0.841417984047009,0.851159010493378,0.568293780700688,0.8288602164516,0.916690174292591,0.643867255378419,0.900009662307411,1,0.564743525647435,0.824317568243176,0.920907909209079,0.914708529147085,0.644535546445356,21
PWY-3001,superpathway of L-isoleucine biosynthesis I,6,0.843015698430157,0.843015698430157,0.841419544794919,0.855554553685475,0.568293780700688,0.8288602164516,0.916690174292591,0.643867255378419,0.900012925194926,1,0.565043495650435,0.826817318268173,0.925207479252075,0.916708329167083,0.642435756424358,21
ASPARTATE-DEG1-PWY,L-aspartate degradation I,6,0.847515248475153,0.847515248475153,0.841418616612986,0.859563303720088,0.568293780700688,0.8288602164516,0.916690174292591,0.643867255378419,0.900010984762677,1,0.567843215678432,0.828517148285172,0.928007199280072,0.91950804919508,0.643135686431357,21
ASPARTATESYN-PWY,L-aspartate biosynthesis,6,0.84971502849715,0.84971502849715,0.841419661890431,0.861134781932146,0.568293780700688,0.8288602164516,0.916690174292591,0.643867255378419,0.900013169987967,1,0.58044195580442,0.834216578342166,0.928107189281072,0.91980801919808,0.644035596440356,21
PWY-5173,superpathway of acetyl-CoA biosynthesis,3,0.854914508549145,0.854914508549145,0.859547997110649,0.860662430673856,0.666432192527511,0.859117638366046,0.916087381848,0.76040689208066,0.901493203885724,1,0.664033596640336,0.854514548545146,0.90990900909909,0.912208779122088,0.766823317668233,21
PWY-5172,acetyl-CoA biosynthesis III (from citrate),3,0.862013798620138,0.862013798620138,0.859548504182577,0.860873897381389,0.666432192527511,0.859117638366046,0.916087381848,0.76040689208066,0.901494493243845,1,0.663833616638336,0.856214378562144,0.911508849115089,0.912808719128087,0.751924807519248,21
PANTO-PWY,phosphopantothenate biosynthesis I,6,0.874512548745125,0.874512548745125,0.924682057092052,0.875730523872993,0.882652742368922,0.934248642286948,0.846148376298169,0.95650313109375,0.925545786945897,0.5,0.871612838716128,0.881711828817118,0.899310068993101,0.772122787721228,0.898710128987101,21
PWY-3982,uracil degradation I (reductive),3,0.895310468953105,0.895310468953105,0.890694264756949,0.89485360509852,0.820860214859283,0.894565484226139,0.918501873937984,0.86424010122697,0.910685791241969,1,0.825117488251175,0.897210278972103,0.91960803919608,0.919408059194081,0.865313468653135,21
PWY-5434,"(3<i>E</i>)-4,8-dimethylnona-1,3,7-triene biosynthesis I",5,0.902309769023098,0.902309769023098,0.974897249637963,0.895439021117328,0.713592803822248,0.96489039208289,0.992861776912364,0.887837200018687,0.948627971088404,1,0.65023497650235,0.876312368763124,0.877012298770123,0.962003799620038,0.736926307369263,21
GLUTAMATE-DEG1-PWY,L-glutamate degradation I,2,0.935306469353065,0.935306469353065,0.934856933876689,0.93116955838478,0.863278977870582,0.952994190132232,0.9550008631,0.929664839465235,0.91610133946792,1,0.856714328567143,0.94980501949805,0.911308869113089,0.951904809519048,0.927907209279072,21
PWY-4201,volatile cinnamoic ester biosynthesis,4,0.94050594940506,0.94050594940506,0.956100480840299,0.935270940983506,0.969675389223894,0.950956483224794,0.941647597195431,0.963813532518896,0.93677487179399,1,0.968203179682032,0.920707929207079,0.926307369263074,0.910708929107089,0.884211578842116,21
PWY-7141,(3<i>S</i>)-linalool biosynthesis,7,0.96030396960304,0.96030396960304,0.995470767201969,0.957086140156401,0.695756747420389,0.980776509609377,0.999011387349934,0.904302667562449,0.964486699380887,1,0.621737826217378,0.906209379062094,0.894510548945106,0.989101089891011,0.75992400759924,21
PWY-5905,hypusine biosynthesis,4,0.962703729627037,0.962703729627037,0.962576401765806,0.96244736508265,0.909183184460693,0.967089109557709,0.981173147955359,0.953447360398817,0.943838115690985,1,0.907809219078092,0.965703429657034,0.956804319568043,0.97950204979502,0.953204679532047,21
