ontology,GO_ID,GO_term_name,term_size
BP,GO:0006355,regulation of DNA-templated transcription,2268
BP,GO:0006468,protein phosphorylation,1495
BP,GO:0055085,transmembrane transport,1017
BP,GO:0006412,translation,774
BP,GO:0006508,proteolysis,694
BP,GO:0015031,protein transport,620
BP,GO:0006357,regulation of transcription by RNA polymerase II,605
BP,GO:0006629,lipid metabolic process,590
BP,GO:0005975,carbohydrate metabolic process,517
BP,GO:0007165,signal transduction,487
BP,GO:0016567,protein ubiquitination,472
BP,GO:0006811,monoatomic ion transport,461
BP,GO:0006952,defense response,461
BP,GO:0032259,methylation,434
BP,GO:0071555,cell wall organization,386
BP,GO:0006397,mRNA processing,376
BP,GO:0016192,vesicle-mediated transport,354
BP,GO:0006457,protein folding,322
BP,GO:0006511,ubiquitin-dependent protein catabolic process,298
BP,GO:0006281,DNA repair,289
BP,GO:0009451,RNA modification,273
BP,GO:0006886,intracellular protein transport,265
BP,GO:0045893,positive regulation of DNA-templated transcription,257
BP,GO:0015979,photosynthesis,249
BP,GO:0006950,response to stress,246
BP,GO:0008380,RNA splicing,240
BP,GO:1902600,proton transmembrane transport,233
BP,GO:0098869,cellular oxidant detoxification,231
BP,GO:0006974,DNA damage response,226
BP,GO:0051301,cell division,213
BP,GO:0006979,response to oxidative stress,196
BP,GO:0008652,amino acid biosynthetic process,189
BP,GO:0098542,defense response to other organism,189
BP,GO:0000398,"mRNA splicing, via spliceosome",185
BP,GO:0009733,response to auxin,179
BP,GO:0006325,chromatin organization,176
BP,GO:0006338,chromatin remodeling,173
BP,GO:0042744,hydrogen peroxide catabolic process,169
BP,GO:0006351,DNA-templated transcription,168
BP,GO:0009734,auxin-activated signaling pathway,168
BP,GO:0006364,rRNA processing,161
BP,GO:0035556,intracellular signal transduction,159
BP,GO:0006396,RNA processing,154
BP,GO:0043161,proteasome-mediated ubiquitin-dependent protein catabolic process,149
BP,GO:0006413,translational initiation,148
BP,GO:0045944,positive regulation of transcription by RNA polymerase II,144
BP,GO:0006470,protein dephosphorylation,140
BP,GO:0006631,fatty acid metabolic process,139
BP,GO:0051707,response to other organism,138
BP,GO:0016042,lipid catabolic process,134
BP,GO:0006633,fatty acid biosynthetic process,133
BP,GO:0009058,biosynthetic process,133
BP,GO:0010468,regulation of gene expression,133
BP,GO:0030154,cell differentiation,132
BP,GO:0042254,ribosome biogenesis,127
BP,GO:0006260,DNA replication,126
BP,GO:0006888,endoplasmic reticulum to Golgi vesicle-mediated transport,119
BP,GO:0009101,glycoprotein biosynthetic process,118
BP,GO:0042742,defense response to bacterium,116
BP,GO:0034220,monoatomic ion transmembrane transport,110
BP,GO:0045892,negative regulation of DNA-templated transcription,105
BP,GO:0006096,glycolytic process,103
BP,GO:0006813,potassium ion transport,103
BP,GO:0006865,amino acid transport,100
BP,GO:0008033,tRNA processing,99
BP,GO:0000272,polysaccharide catabolic process,97
BP,GO:0009834,plant-type secondary cell wall biogenesis,92
BP,GO:0009873,ethylene-activated signaling pathway,90
BP,GO:0003333,amino acid transmembrane transport,89
BP,GO:0009408,response to heat,87
BP,GO:0009738,abscisic acid-activated signaling pathway,87
BP,GO:0006812,monoatomic cation transport,86
BP,GO:0071805,potassium ion transmembrane transport,86
BP,GO:0007018,microtubule-based movement,85
BP,GO:0006887,exocytosis,84
BP,GO:0000226,microtubule cytoskeleton organization,83
BP,GO:0022904,respiratory electron transport chain,83
BP,GO:0009416,response to light stimulus,82
BP,GO:0009626,plant-type hypersensitive response,82
BP,GO:0009742,brassinosteroid mediated signaling pathway,81
BP,GO:0000160,phosphorelay signal transduction system,80
BP,GO:0006417,regulation of translation,79
BP,GO:0009409,response to cold,79
BP,GO:0009611,response to wounding,79
BP,GO:0031047,regulatory ncRNA-mediated gene silencing,79
BP,GO:0006414,translational elongation,78
BP,GO:0002181,cytoplasmic translation,77
BP,GO:0031146,SCF-dependent proteasomal ubiquitin-dependent protein catabolic process,77
BP,GO:0006897,endocytosis,76
BP,GO:0006099,tricarboxylic acid cycle,75
BP,GO:0006869,lipid transport,74
BP,GO:0007017,microtubule-based process,74
BP,GO:0050832,defense response to fungus,74
BP,GO:0008654,phospholipid biosynthetic process,71
BP,GO:0009725,response to hormone,71
BP,GO:0042026,protein refolding,70
BP,GO:0099402,plant organ development,70
BP,GO:0007166,cell surface receptor signaling pathway,69
BP,GO:0009737,response to abscisic acid,69
BP,GO:0006139,nucleobase-containing compound metabolic process,68
BP,GO:0006520,amino acid metabolic process,68
BP,GO:0009651,response to salt stress,68
BP,GO:0031507,heterochromatin formation,68
BP,GO:0000278,mitotic cell cycle,67
BP,GO:0006310,DNA recombination,67
BP,GO:0007015,actin filament organization,67
BP,GO:0015986,proton motive force-driven ATP synthesis,67
BP,GO:0042546,cell wall biogenesis,66
BP,GO:0002758,innate immune response-activating signaling pathway,65
BP,GO:0036503,ERAD pathway,65
BP,GO:0070588,calcium ion transmembrane transport,65
BP,GO:0000724,double-strand break repair via homologous recombination,64
BP,GO:0007010,cytoskeleton organization,64
BP,GO:0009908,flower development,64
BP,GO:0006749,glutathione metabolic process,62
BP,GO:0009736,cytokinin-activated signaling pathway,62
BP,GO:0045490,pectin catabolic process,62
BP,GO:0048544,recognition of pollen,62
BP,GO:0006754,ATP biosynthetic process,61
BP,GO:0009414,response to water deprivation,60
BP,GO:0009073,aromatic amino acid family biosynthetic process,58
BP,GO:0009791,post-embryonic development,58
BP,GO:1902531,regulation of intracellular signal transduction,58
BP,GO:0000209,protein polyubiquitination,57
BP,GO:0006418,tRNA aminoacylation for protein translation,57
BP,GO:0008299,isoprenoid biosynthetic process,57
BP,GO:0009698,phenylpropanoid metabolic process,57
BP,GO:0000165,MAPK cascade,56
BP,GO:0034605,cellular response to heat,56
BP,GO:0006606,protein import into nucleus,55
BP,GO:0009658,chloroplast organization,55
BP,GO:0009909,regulation of flower development,55
BP,GO:0019953,sexual reproduction,55
BP,GO:0006890,"retrograde vesicle-mediated transport, Golgi to endoplasmic reticulum",54
BP,GO:0034219,carbohydrate transmembrane transport,54
BP,GO:0015914,phospholipid transport,53
BP,GO:0002229,defense response to oomycetes,52
BP,GO:0006004,fucose metabolic process,52
BP,GO:0016114,terpenoid biosynthetic process,52
BP,GO:0016579,protein deubiquitination,52
BP,GO:0019752,carboxylic acid metabolic process,52
BP,GO:0030244,cellulose biosynthetic process,51
BP,GO:0051726,regulation of cell cycle,51
BP,GO:0098655,monoatomic cation transmembrane transport,51
BP,GO:0000413,protein peptidyl-prolyl isomerization,50
BP,GO:0006334,nucleosome assembly,50
BP,GO:0006665,sphingolipid metabolic process,50
BP,GO:0000045,autophagosome assembly,49
BP,GO:0006816,calcium ion transport,49
BP,GO:0042274,ribosomal small subunit biogenesis,49
BP,GO:0042545,cell wall modification,49
BP,GO:0000462,"maturation of SSU-rRNA from tricistronic rRNA transcript (SSU-rRNA, 5.8S rRNA, LSU-rRNA)",48
BP,GO:0006612,protein targeting to membrane,48
BP,GO:0016126,sterol biosynthetic process,48
BP,GO:0046856,phosphatidylinositol dephosphorylation,48
BP,GO:0051603,proteolysis involved in protein catabolic process,48
BP,GO:0006366,transcription by RNA polymerase II,47
BP,GO:0006367,transcription initiation at RNA polymerase II promoter,47
BP,GO:0009755,hormone-mediated signaling pathway,47
BP,GO:0042542,response to hydrogen peroxide,47
BP,GO:0048731,system development,47
BP,GO:0000082,G1/S transition of mitotic cell cycle,46
BP,GO:0006955,immune response,46
BP,GO:0007178,cell surface receptor protein serine/threonine kinase signaling pathway,46
BP,GO:0009699,phenylpropanoid biosynthetic process,46
BP,GO:0009827,plant-type cell wall modification,46
BP,GO:0006879,intracellular iron ion homeostasis,45
BP,GO:0030001,metal ion transport,45
BP,GO:0034599,cellular response to oxidative stress,45
BP,GO:0051028,mRNA transport,45
BP,GO:0080090,regulation of primary metabolic process,45
BP,GO:0006352,DNA-templated transcription initiation,44
BP,GO:0009664,plant-type cell wall organization,44
BP,GO:0048367,shoot system development,44
BP,GO:0006891,intra-Golgi vesicle-mediated transport,43
BP,GO:0042273,ribosomal large subunit biogenesis,43
BP,GO:0072583,clathrin-dependent endocytosis,43
BP,GO:0016226,iron-sulfur cluster assembly,42
BP,GO:0051321,meiotic cell cycle,41
BP,GO:0071897,DNA biosynthetic process,41
BP,GO:0000288,"nuclear-transcribed mRNA catabolic process, deadenylation-dependent decay",40
BP,GO:0006006,glucose metabolic process,40
BP,GO:0006694,steroid biosynthetic process,40
BP,GO:0006914,autophagy,40
BP,GO:0008104,protein localization,40
BP,GO:0017148,negative regulation of translation,40
BP,GO:0031347,regulation of defense response,40
BP,GO:0005992,trehalose biosynthetic process,39
BP,GO:0009739,response to gibberellin,39
BP,GO:0009969,xyloglucan biosynthetic process,39
BP,GO:0044042,glucan metabolic process,38
BP,GO:0048364,root development,38
BP,GO:0051225,spindle assembly,38
BP,GO:0061025,membrane fusion,38
BP,GO:0006833,water transport,37
BP,GO:0007005,mitochondrion organization,37
BP,GO:0008202,steroid metabolic process,37
BP,GO:0008610,lipid biosynthetic process,37
BP,GO:0035672,oligopeptide transmembrane transport,37
BP,GO:0045492,xylan biosynthetic process,37
BP,GO:0005985,sucrose metabolic process,36
BP,GO:0006506,GPI anchor biosynthetic process,36
BP,GO:0008643,carbohydrate transport,36
BP,GO:0010150,leaf senescence,36
BP,GO:0022900,electron transport chain,36
BP,GO:0048608,reproductive structure development,36
BP,GO:0006913,nucleocytoplasmic transport,35
BP,GO:0009744,response to sucrose,35
BP,GO:0009833,plant-type primary cell wall biogenesis,35
BP,GO:0019252,starch biosynthetic process,35
BP,GO:0034976,response to endoplasmic reticulum stress,35
BP,GO:0007030,Golgi organization,34
BP,GO:0007131,reciprocal meiotic recombination,34
BP,GO:0045454,cell redox homeostasis,34
BP,GO:0002183,cytoplasmic translational initiation,33
BP,GO:0006261,DNA-templated DNA replication,33
BP,GO:0006906,vesicle fusion,33
BP,GO:0007059,chromosome segregation,33
BP,GO:0009867,jasmonic acid mediated signaling pathway,33
BP,GO:0010411,xyloglucan metabolic process,33
BP,GO:0010417,glucuronoxylan biosynthetic process,33
BP,GO:0032543,mitochondrial translation,33
BP,GO:0046034,ATP metabolic process,33
BP,GO:0046488,phosphatidylinositol metabolic process,33
BP,GO:1903830,magnesium ion transmembrane transport,33
BP,GO:0006270,DNA replication initiation,32
BP,GO:0006400,tRNA modification,32
BP,GO:0009617,response to bacterium,32
BP,GO:0015995,chlorophyll biosynthetic process,32
BP,GO:0019722,calcium-mediated signaling,32
BP,GO:0046835,carbohydrate phosphorylation,32
BP,GO:0046854,phosphatidylinositol phosphate biosynthetic process,32
BP,GO:0000467,"exonucleolytic trimming to generate mature 3'-end of 5.8S rRNA from tricistronic rRNA transcript (SSU-rRNA, 5.8S rRNA, LSU-rRNA)",31
BP,GO:0006164,purine nucleotide biosynthetic process,31
BP,GO:0006635,fatty acid beta-oxidation,31
BP,GO:0006900,vesicle budding from membrane,31
BP,GO:0007264,small GTPase-mediated signal transduction,31
BP,GO:0009765,"photosynthesis, light harvesting",31
BP,GO:0015693,magnesium ion transport,31
BP,GO:0015748,organophosphate ester transport,31
BP,GO:0030150,protein import into mitochondrial matrix,31
BP,GO:0031647,regulation of protein stability,31
BP,GO:0045037,protein import into chloroplast stroma,31
BP,GO:0046513,ceramide biosynthetic process,31
BP,GO:0000381,"regulation of alternative mRNA splicing, via spliceosome",30
BP,GO:0001522,pseudouridine synthesis,30
BP,GO:0006032,chitin catabolic process,30
BP,GO:0006221,pyrimidine nucleotide biosynthetic process,30
BP,GO:0006259,DNA metabolic process,30
BP,GO:0006289,nucleotide-excision repair,30
BP,GO:0006353,DNA-templated transcription termination,30
BP,GO:0006415,translational termination,30
BP,GO:0016102,diterpenoid biosynthetic process,30
BP,GO:0019684,"photosynthesis, light reaction",30
BP,GO:0042147,"retrograde transport, endosome to Golgi",30
BP,GO:0006094,gluconeogenesis,29
BP,GO:0006368,transcription elongation by RNA polymerase II,29
BP,GO:0006623,protein targeting to vacuole,29
BP,GO:0009751,response to salicylic acid,29
BP,GO:0016311,dephosphorylation,29
BP,GO:0030036,actin cytoskeleton organization,29
BP,GO:0040029,epigenetic regulation of gene expression,29
BP,GO:0050793,regulation of developmental process,29
BP,GO:0061615,glycolytic process through fructose-6-phosphate,29
BP,GO:0071421,manganese ion transmembrane transport,29
BP,GO:0001732,formation of cytoplasmic translation initiation complex,28
BP,GO:0006284,base-excision repair,28
BP,GO:0006465,signal peptide processing,28
BP,GO:0006814,sodium ion transport,28
BP,GO:0009635,response to herbicide,28
BP,GO:0030245,cellulose catabolic process,28
BP,GO:0032787,monocarboxylic acid metabolic process,28
BP,GO:0032968,positive regulation of transcription elongation by RNA polymerase II,28
BP,GO:0034755,iron ion transmembrane transport,28
BP,GO:1900150,regulation of defense response to fungus,28
BP,GO:0000463,"maturation of LSU-rRNA from tricistronic rRNA transcript (SSU-rRNA, 5.8S rRNA, LSU-rRNA)",27
BP,GO:0006893,Golgi to plasma membrane transport,27
BP,GO:0007275,multicellular organism development,27
BP,GO:0009788,negative regulation of abscisic acid-activated signaling pathway,27
BP,GO:0010268,brassinosteroid homeostasis,27
BP,GO:0015977,carbon fixation,27
BP,GO:0016310,phosphorylation,27
BP,GO:0019253,reductive pentose-phosphate cycle,27
BP,GO:0030261,chromosome condensation,27
BP,GO:0031408,oxylipin biosynthetic process,27
BP,GO:0045087,innate immune response,27
BP,GO:0051604,protein maturation,27
BP,GO:0006779,porphyrin-containing compound biosynthetic process,26
BP,GO:0007031,peroxisome organization,26
BP,GO:0007034,vacuolar transport,26
BP,GO:0009723,response to ethylene,26
BP,GO:0009772,photosynthetic electron transport in photosystem II,26
BP,GO:0010027,thylakoid membrane organization,26
BP,GO:0015706,nitrate transmembrane transport,26
BP,GO:0016070,RNA metabolic process,26
BP,GO:0017004,cytochrome complex assembly,26
BP,GO:0051453,regulation of intracellular pH,26
BP,GO:0000956,nuclear-transcribed mRNA catabolic process,25
BP,GO:0005991,trehalose metabolic process,25
BP,GO:0006122,"mitochondrial electron transport, ubiquinol to cytochrome c",25
BP,GO:0006302,double-strand break repair,25
BP,GO:0006384,transcription initiation at RNA polymerase III promoter,25
BP,GO:0006885,regulation of pH,25
BP,GO:0009555,pollen development,25
BP,GO:0015711,organic anion transport,25
BP,GO:0032502,developmental process,25
BP,GO:0046246,terpene biosynthetic process,25
BP,GO:0046940,nucleoside monophosphate phosphorylation,25
BP,GO:0048193,Golgi vesicle transport,25
BP,GO:0051259,protein complex oligomerization,25
BP,GO:0071577,zinc ion transmembrane transport,25
BP,GO:0072657,protein localization to membrane,25
BP,GO:0000302,response to reactive oxygen species,24
BP,GO:0000423,mitophagy,24
BP,GO:0006108,malate metabolic process,24
BP,GO:0006406,mRNA export from nucleus,24
BP,GO:0006892,post-Golgi vesicle-mediated transport,24
BP,GO:0006896,Golgi to vacuole transport,24
BP,GO:0008360,regulation of cell shape,24
BP,GO:0009640,photomorphogenesis,24
BP,GO:0009768,"photosynthesis, light harvesting in photosystem I",24
BP,GO:0009853,photorespiration,24
BP,GO:0030488,tRNA methylation,24
BP,GO:0045292,"mRNA cis splicing, via spliceosome",24
BP,GO:0045489,pectin biosynthetic process,24
BP,GO:0071035,nuclear polyadenylation-dependent rRNA catabolic process,24
BP,GO:0071038,TRAMP-dependent tRNA surveillance pathway,24
BP,GO:0071669,plant-type cell wall organization or biogenesis,24
BP,GO:0098656,monoatomic anion transmembrane transport,24
BP,GO:0000387,spliceosomal snRNP assembly,23
BP,GO:0006098,pentose-phosphate shunt,23
BP,GO:0006298,mismatch repair,23
BP,GO:0006515,protein quality control for misfolded or incompletely synthesized proteins,23
BP,GO:0009423,chorismate biosynthetic process,23
BP,GO:0009637,response to blue light,23
BP,GO:0010052,guard cell differentiation,23
BP,GO:0015749,monosaccharide transmembrane transport,23
BP,GO:0032511,late endosome to vacuole transport via multivesicular body sorting pathway,23
BP,GO:0042732,D-xylose metabolic process,23
BP,GO:0043328,protein transport to vacuole involved in ubiquitin-dependent protein catabolic process via the multivesicular body sorting pathway,23
BP,GO:0045493,xylan catabolic process,23
BP,GO:0045927,positive regulation of growth,23
BP,GO:0048268,clathrin coat assembly,23
BP,GO:0048366,leaf development,23
BP,GO:0000162,L-tryptophan biosynthetic process,22
BP,GO:0000373,Group II intron splicing,22
BP,GO:0005983,starch catabolic process,22
BP,GO:0009691,cytokinin biosynthetic process,22
BP,GO:0031124,mRNA 3'-end processing,22
BP,GO:0034475,U4 snRNA 3'-end processing,22
BP,GO:0046274,lignin catabolic process,22
BP,GO:0048278,vesicle docking,22
BP,GO:0048564,photosystem I assembly,22
BP,GO:0000028,ribosomal small subunit assembly,21
BP,GO:0006189,'de novo' IMP biosynthetic process,21
BP,GO:0006402,mRNA catabolic process,21
BP,GO:0006730,one-carbon metabolic process,21
BP,GO:0006744,ubiquinone biosynthetic process,21
BP,GO:0006857,oligopeptide transport,21
BP,GO:0009082,branched-chain amino acid biosynthetic process,21
BP,GO:0009395,phospholipid catabolic process,21
BP,GO:0016485,protein processing,21
BP,GO:0030026,intracellular manganese ion homeostasis,21
BP,GO:0032956,regulation of actin cytoskeleton organization,21
BP,GO:0043484,regulation of RNA splicing,21
BP,GO:0061157,mRNA destabilization,21
BP,GO:0000122,negative regulation of transcription by RNA polymerase II,20
BP,GO:0000184,"nuclear-transcribed mRNA catabolic process, nonsense-mediated decay",20
BP,GO:0000911,cytokinesis by cell plate formation,20
BP,GO:0006075,(1->3)-beta-D-glucan biosynthetic process,20
BP,GO:0006526,L-arginine biosynthetic process,20
BP,GO:0006817,phosphate ion transport,20
BP,GO:0006874,intracellular calcium ion homeostasis,20
BP,GO:0009060,aerobic respiration,20
BP,GO:0009903,chloroplast avoidance movement,20
BP,GO:0009904,chloroplast accumulation movement,20
BP,GO:0010143,cutin biosynthetic process,20
BP,GO:0010158,abaxial cell fate specification,20
BP,GO:0015990,electron transport coupled proton transport,20
BP,GO:0019430,removal of superoxide radicals,20
BP,GO:0030163,protein catabolic process,20
BP,GO:0030490,maturation of SSU-rRNA,20
BP,GO:0032981,mitochondrial respiratory chain complex I assembly,20
BP,GO:0045039,protein insertion into mitochondrial inner membrane,20
BP,GO:0045088,regulation of innate immune response,20
BP,GO:0051017,actin filament bundle assembly,20
BP,GO:1904823,purine nucleobase transmembrane transport,20
BP,GO:0001510,RNA methylation,19
BP,GO:0006646,phosphatidylethanolamine biosynthetic process,19
BP,GO:0006826,iron ion transport,19
BP,GO:0007064,mitotic sister chromatid cohesion,19
BP,GO:0009165,nucleotide biosynthetic process,19
BP,GO:0009231,riboflavin biosynthetic process,19
BP,GO:0009585,"red, far-red light phototransduction",19
BP,GO:0009926,auxin polar transport,19
BP,GO:0009966,regulation of signal transduction,19
BP,GO:0010020,chloroplast fission,19
BP,GO:0010228,vegetative to reproductive phase transition of meristem,19
BP,GO:0010315,auxin export across the plasma membrane,19
BP,GO:0016036,cellular response to phosphate starvation,19
BP,GO:0016075,rRNA catabolic process,19
BP,GO:0016926,protein desumoylation,19
BP,GO:0016998,cell wall macromolecule catabolic process,19
BP,GO:0019344,cysteine biosynthetic process,19
BP,GO:0031123,RNA 3'-end processing,19
BP,GO:0034314,Arp2/3 complex-mediated actin nucleation,19
BP,GO:0070475,rRNA base methylation,19
BP,GO:0071806,protein transmembrane transport,19
BP,GO:0080188,gene silencing by siRNA-directed DNA methylation,19
BP,GO:0000723,telomere maintenance,18
BP,GO:0006002,fructose 6-phosphate metabolic process,18
BP,GO:0006086,pyruvate decarboxylation to acetyl-CoA,18
BP,GO:0006383,transcription by RNA polymerase III,18
BP,GO:0006559,L-phenylalanine catabolic process,18
BP,GO:0006614,SRP-dependent cotranslational protein targeting to membrane,18
BP,GO:0006644,phospholipid metabolic process,18
BP,GO:0007186,G protein-coupled receptor signaling pathway,18
BP,GO:0009813,flavonoid biosynthetic process,18
BP,GO:0016925,protein sumoylation,18
BP,GO:0030042,actin filament depolymerization,18
BP,GO:0031145,anaphase-promoting complex-dependent catabolic process,18
BP,GO:0031167,rRNA methylation,18
BP,GO:0034727,piecemeal microautophagy of the nucleus,18
BP,GO:0042908,xenobiotic transport,18
BP,GO:0044772,mitotic cell cycle phase transition,18
BP,GO:0045036,protein targeting to chloroplast,18
BP,GO:0045814,"negative regulation of gene expression, epigenetic",18
BP,GO:0045910,negative regulation of DNA recombination,18
BP,GO:0046148,pigment biosynthetic process,18
BP,GO:0046512,sphingosine biosynthetic process,18
BP,GO:0048511,rhythmic process,18
BP,GO:0071028,nuclear mRNA surveillance,18
BP,GO:0090158,endoplasmic reticulum membrane organization,18
BP,GO:0005987,sucrose catabolic process,17
BP,GO:0006012,galactose metabolic process,17
BP,GO:0006102,isocitrate metabolic process,17
BP,GO:0006301,postreplication repair,17
BP,GO:0006487,protein N-linked glycosylation,17
BP,GO:0006488,dolichol-linked oligosaccharide biosynthetic process,17
BP,GO:0006970,response to osmotic stress,17
BP,GO:0007623,circadian rhythm,17
BP,GO:0009299,mRNA transcription,17
BP,GO:0009767,photosynthetic electron transport chain,17
BP,GO:0009793,embryo development ending in seed dormancy,17
BP,GO:0009809,lignin biosynthetic process,17
BP,GO:0009851,auxin biosynthetic process,17
BP,GO:0010274,hydrotropism,17
BP,GO:0010374,stomatal complex development,17
BP,GO:0010608,post-transcriptional regulation of gene expression,17
BP,GO:0015860,purine nucleoside transmembrane transport,17
BP,GO:0019318,hexose metabolic process,17
BP,GO:0030187,melatonin biosynthetic process,17
BP,GO:0035434,copper ion transmembrane transport,17
BP,GO:0051177,meiotic sister chromatid cohesion,17
BP,GO:0061817,endoplasmic reticulum-plasma membrane tethering,17
BP,GO:0000103,sulfate assimilation,16
BP,GO:0000470,maturation of LSU-rRNA,16
BP,GO:0000727,double-strand break repair via break-induced replication,16
BP,GO:0001676,long-chain fatty acid metabolic process,16
BP,GO:0006071,glycerol metabolic process,16
BP,GO:0006271,DNA strand elongation involved in DNA replication,16
BP,GO:0006303,double-strand break repair via nonhomologous end joining,16
BP,GO:0006401,RNA catabolic process,16
BP,GO:0006596,polyamine biosynthetic process,16
BP,GO:0006782,protoporphyrinogen IX biosynthetic process,16
BP,GO:0006783,heme biosynthetic process,16
BP,GO:0006801,superoxide metabolic process,16
BP,GO:0006863,purine nucleobase transport,16
BP,GO:0009089,lysine biosynthetic process via diaminopimelate,16
BP,GO:0009117,nucleotide metabolic process,16
BP,GO:0009740,gibberellic acid mediated signaling pathway,16
BP,GO:0010017,red or far-red light signaling pathway,16
BP,GO:0010078,maintenance of root meristem identity,16
BP,GO:0010114,response to red light,16
BP,GO:0016104,triterpenoid biosynthetic process,16
BP,GO:0016117,carotenoid biosynthetic process,16
BP,GO:0016132,brassinosteroid biosynthetic process,16
BP,GO:0019388,galactose catabolic process,16
BP,GO:0030639,polyketide biosynthetic process,16
BP,GO:0043039,tRNA aminoacylation,16
BP,GO:0045010,actin nucleation,16
BP,GO:0045324,late endosome to vacuole transport,16
BP,GO:0048024,"regulation of mRNA splicing, via spliceosome",16
BP,GO:0072334,UDP-galactose transmembrane transport,16
BP,GO:0090110,COPII-coated vesicle cargo loading,16
BP,GO:1901135,carbohydrate derivative metabolic process,16
BP,GO:2000031,regulation of salicylic acid mediated signaling pathway,16
BP,GO:0000350,generation of catalytic spliceosome for second transesterification step,15
BP,GO:0005978,glycogen biosynthetic process,15
BP,GO:0006123,"mitochondrial electron transport, cytochrome c to oxygen",15
BP,GO:0006241,CTP biosynthetic process,15
BP,GO:0006535,cysteine biosynthetic process from serine,15
BP,GO:0006796,phosphate-containing compound metabolic process,15
BP,GO:0006821,chloride transport,15
BP,GO:0006996,organelle organization,15
BP,GO:0007033,vacuole organization,15
BP,GO:0009631,cold acclimation,15
BP,GO:0009636,response to toxic substance,15
BP,GO:0009690,cytokinin metabolic process,15
BP,GO:0009694,jasmonic acid metabolic process,15
BP,GO:0009749,response to glucose,15
BP,GO:0016121,carotene catabolic process,15
BP,GO:0019853,L-ascorbic acid biosynthetic process,15
BP,GO:0019941,modification-dependent protein catabolic process,15
BP,GO:0030048,actin filament-based movement,15
BP,GO:0030422,siRNA processing,15
BP,GO:0031468,nuclear membrane reassembly,15
BP,GO:0035725,sodium ion transmembrane transport,15
BP,GO:0036211,protein modification process,15
BP,GO:0042128,nitrate assimilation,15
BP,GO:0042276,error-prone translesion synthesis,15
BP,GO:0044281,small molecule metabolic process,15
BP,GO:0106074,aminoacyl-tRNA metabolism involved in translational fidelity,15
BP,GO:1901001,negative regulation of response to salt stress,15
BP,GO:0000422,autophagy of mitochondrion,14
BP,GO:0000425,pexophagy,14
BP,GO:0006360,transcription by RNA polymerase I,14
BP,GO:0006820,monoatomic anion transport,14
BP,GO:0007029,endoplasmic reticulum organization,14
BP,GO:0008295,spermidine biosynthetic process,14
BP,GO:0009134,nucleoside diphosphate catabolic process,14
BP,GO:0009653,anatomical structure morphogenesis,14
BP,GO:0009686,gibberellin biosynthetic process,14
BP,GO:0009696,salicylic acid metabolic process,14
BP,GO:0009846,pollen germination,14
BP,GO:0010256,endomembrane system organization,14
BP,GO:0015786,UDP-glucose transmembrane transport,14
BP,GO:0019432,triglyceride biosynthetic process,14
BP,GO:0034473,U1 snRNA 3'-end processing,14
BP,GO:0034476,U5 snRNA 3'-end processing,14
BP,GO:0034497,protein localization to phagophore assembly site,14
BP,GO:0035999,tetrahydrofolate interconversion,14
BP,GO:0045487,gibberellin catabolic process,14
BP,GO:0048868,pollen tube development,14
BP,GO:0051693,actin filament capping,14
BP,GO:0071051,poly(A)-dependent snoRNA 3'-end processing,14
BP,GO:0000086,G2/M transition of mitotic cell cycle,13
BP,GO:0000290,deadenylation-dependent decapping of nuclear-transcribed mRNA,13
BP,GO:0000460,maturation of 5.8S rRNA,13
BP,GO:0002098,tRNA wobble uridine modification,13
BP,GO:0006048,UDP-N-acetylglucosamine biosynthetic process,13
BP,GO:0006207,'de novo' pyrimidine nucleobase biosynthetic process,13
BP,GO:0006265,DNA topological change,13
BP,GO:0006491,N-glycan processing,13
BP,GO:0006505,GPI anchor metabolic process,13
BP,GO:0006568,L-tryptophan metabolic process,13
BP,GO:0006751,glutathione catabolic process,13
BP,GO:0009085,lysine biosynthetic process,13
BP,GO:0009086,methionine biosynthetic process,13
BP,GO:0009097,isoleucine biosynthetic process,13
BP,GO:0009639,response to red or far red light,13
BP,GO:0009860,pollen tube growth,13
BP,GO:0010090,trichome morphogenesis,13
BP,GO:0010207,photosystem II assembly,13
BP,GO:0010229,inflorescence development,13
BP,GO:0010497,plasmodesmata-mediated intercellular transport,13
BP,GO:0012501,programmed cell death,13
BP,GO:0015937,coenzyme A biosynthetic process,13
BP,GO:0016197,endosomal transport,13
BP,GO:0030148,sphingolipid biosynthetic process,13
BP,GO:0032958,inositol phosphate biosynthetic process,13
BP,GO:0033962,P-body assembly,13
BP,GO:0036092,phosphatidylinositol-3-phosphate biosynthetic process,13
BP,GO:0044550,secondary metabolite biosynthetic process,13
BP,GO:0045116,protein neddylation,13
BP,GO:0045727,positive regulation of translation,13
BP,GO:0046394,carboxylic acid biosynthetic process,13
BP,GO:0046839,phospholipid dephosphorylation,13
BP,GO:0048767,root hair elongation,13
BP,GO:0070897,transcription preinitiation complex assembly,13
BP,GO:0080142,regulation of salicylic acid biosynthetic process,13
BP,GO:0080147,root hair cell development,13
BP,GO:0090307,mitotic spindle assembly,13
BP,GO:1902475,L-alpha-amino acid transmembrane transport,13
BP,GO:1905393,plant organ formation,13
BP,GO:2000028,"regulation of photoperiodism, flowering",13
BP,GO:0000245,spliceosomal complex assembly,12
BP,GO:0001709,cell fate determination,12
BP,GO:0006152,purine nucleoside catabolic process,12
BP,GO:0006163,purine nucleotide metabolic process,12
BP,GO:0006555,methionine metabolic process,12
BP,GO:0006572,L-tyrosine catabolic process,12
BP,GO:0006611,protein export from nucleus,12
BP,GO:0006616,"SRP-dependent cotranslational protein targeting to membrane, translocation",12
BP,GO:0006829,zinc ion transport,12
BP,GO:0006995,cellular response to nitrogen starvation,12
BP,GO:0007020,microtubule nucleation,12
BP,GO:0007052,mitotic spindle organization,12
BP,GO:0007140,male meiotic nuclear division,12
BP,GO:0007389,pattern specification process,12
BP,GO:0009773,photosynthetic electron transport in photosystem I,12
BP,GO:0009785,blue light signaling pathway,12
BP,GO:0009959,negative gravitropism,12
BP,GO:0010104,regulation of ethylene-activated signaling pathway,12
BP,GO:0010208,pollen wall assembly,12
BP,GO:0015718,monocarboxylic acid transport,12
BP,GO:0016024,CDP-diacylglycerol biosynthetic process,12
BP,GO:0016125,sterol metabolic process,12
BP,GO:0016131,brassinosteroid metabolic process,12
BP,GO:0016554,cytidine to uridine editing,12
BP,GO:0019509,L-methionine salvage from methylthioadenosine,12
BP,GO:0019674,NAD+ metabolic process,12
BP,GO:0030388,"fructose 1,6-bisphosphate metabolic process",12
BP,GO:0030865,cortical cytoskeleton organization,12
BP,GO:0031122,cytoplasmic microtubule organization,12
BP,GO:0031204,"post-translational protein targeting to membrane, translocation",12
BP,GO:0032509,endosome transport via multivesicular body sorting pathway,12
BP,GO:0033014,tetrapyrrole biosynthetic process,12
BP,GO:0033320,UDP-D-xylose biosynthetic process,12
BP,GO:0034440,lipid oxidation,12
BP,GO:0040008,regulation of growth,12
BP,GO:0042138,meiotic DNA double-strand break formation,12
BP,GO:0043622,cortical microtubule organization,12
BP,GO:0045047,protein targeting to ER,12
BP,GO:0045165,cell fate commitment,12
BP,GO:0051156,glucose 6-phosphate metabolic process,12
BP,GO:0051607,defense response to virus,12
BP,GO:0061723,glycophagy,12
BP,GO:0098734,macromolecule depalmitoylation,12
BP,GO:1905039,carboxylic acid transmembrane transport,12
BP,GO:2000024,regulation of leaf development,12
BP,GO:0000027,ribosomal large subunit assembly,11
BP,GO:0006021,inositol biosynthetic process,11
BP,GO:0006354,DNA-templated transcription elongation,11
BP,GO:0006405,RNA export from nucleus,11
BP,GO:0006657,CDP-choline pathway,11
BP,GO:0006661,phosphatidylinositol biosynthetic process,11
BP,GO:0006672,ceramide metabolic process,11
BP,GO:0006777,Mo-molybdopterin cofactor biosynthetic process,11
BP,GO:0006790,sulfur compound metabolic process,11
BP,GO:0006828,manganese ion transport,11
BP,GO:0006873,intracellular monoatomic ion homeostasis,11
BP,GO:0007019,microtubule depolymerization,11
BP,GO:0007035,vacuolar acidification,11
BP,GO:0007062,sister chromatid cohesion,11
BP,GO:0007094,mitotic spindle assembly checkpoint signaling,11
BP,GO:0007163,establishment or maintenance of cell polarity,11
BP,GO:0008356,asymmetric cell division,11
BP,GO:0009051,"pentose-phosphate shunt, oxidative branch",11
BP,GO:0009088,threonine biosynthetic process,11
BP,GO:0009407,toxin catabolic process,11
BP,GO:0009435,NAD+ biosynthetic process,11
BP,GO:0009584,detection of visible light,11
BP,GO:0009753,response to jasmonic acid,11
BP,GO:0009826,unidimensional cell growth,11
BP,GO:0009845,seed germination,11
BP,GO:0010026,trichome differentiation,11
BP,GO:0010073,meristem maintenance,11
BP,GO:0010087,phloem or xylem histogenesis,11
BP,GO:0010960,magnesium ion homeostasis,11
BP,GO:0015969,guanosine tetraphosphate metabolic process,11
BP,GO:0017183,protein histidyl modification to diphthamide,11
BP,GO:0018216,peptidyl-arginine methylation,11
BP,GO:0019288,"isopentenyl diphosphate biosynthetic process, methylerythritol 4-phosphate pathway",11
BP,GO:0031120,snRNA pseudouridine synthesis,11
BP,GO:0031349,positive regulation of defense response,11
BP,GO:0032875,regulation of DNA endoreduplication,11
BP,GO:0034063,stress granule assembly,11
BP,GO:0042776,proton motive force-driven mitochondrial ATP synthesis,11
BP,GO:0045332,phospholipid translocation,11
BP,GO:0046294,formaldehyde catabolic process,11
BP,GO:0046470,phosphatidylcholine metabolic process,11
BP,GO:0048527,lateral root development,11
BP,GO:0060255,regulation of macromolecule metabolic process,11
BP,GO:0070534,protein K63-linked ubiquitination,11
BP,GO:0070973,protein localization to endoplasmic reticulum exit site,11
BP,GO:0072344,rescue of stalled ribosome,11
BP,GO:0080143,regulation of amino acid export,11
BP,GO:0097352,autophagosome maturation,11
BP,GO:1902074,response to salt,11
BP,GO:0000105,L-histidine biosynthetic process,10
BP,GO:0000289,nuclear-transcribed mRNA poly(A) tail shortening,10
BP,GO:0000447,"endonucleolytic cleavage in ITS1 to separate SSU-rRNA from 5.8S rRNA and LSU-rRNA from tricistronic rRNA transcript (SSU-rRNA, 5.8S rRNA, LSU-rRNA)",10
BP,GO:0000492,box C/D snoRNP assembly,10
BP,GO:0000712,resolution of meiotic recombination intermediates,10
BP,GO:0001678,intracellular glucose homeostasis,10
BP,GO:0001731,formation of translation preinitiation complex,10
BP,GO:0005982,starch metabolic process,10
BP,GO:0005986,sucrose biosynthetic process,10
BP,GO:0006011,UDP-alpha-D-glucose metabolic process,10
BP,GO:0006101,citrate metabolic process,10
BP,GO:0006107,oxaloacetate metabolic process,10
BP,GO:0006166,purine ribonucleoside salvage,10
BP,GO:0006183,GTP biosynthetic process,10
BP,GO:0006297,"nucleotide-excision repair, DNA gap filling",10
BP,GO:0006574,L-valine catabolic process,10
BP,GO:0006591,ornithine metabolic process,10
BP,GO:0006607,NLS-bearing protein import into nucleus,10
BP,GO:0006621,protein retention in ER lumen,10
BP,GO:0006656,phosphatidylcholine biosynthetic process,10
BP,GO:0006862,nucleotide transport,10
BP,GO:0009098,L-leucine biosynthetic process,10
BP,GO:0009099,L-valine biosynthetic process,10
BP,GO:0009143,nucleoside triphosphate catabolic process,10
BP,GO:0009228,thiamine biosynthetic process,10
BP,GO:0009298,GDP-mannose biosynthetic process,10
BP,GO:0009314,response to radiation,10
BP,GO:0009411,response to UV,10
BP,GO:0009644,response to high light intensity,10
BP,GO:0009688,abscisic acid biosynthetic process,10
BP,GO:0009693,ethylene biosynthetic process,10
BP,GO:0009695,jasmonic acid biosynthetic process,10
BP,GO:0009741,response to brassinosteroid,10
BP,GO:0010021,amylopectin biosynthetic process,10
BP,GO:0010105,negative regulation of ethylene-activated signaling pathway,10
BP,GO:0010167,response to nitrate,10
BP,GO:0010182,sugar mediated signaling pathway,10
BP,GO:0010193,response to ozone,10
BP,GO:0010215,cellulose microfibril organization,10
BP,GO:0010305,leaf vascular tissue pattern formation,10
BP,GO:0010506,regulation of autophagy,10
BP,GO:0015790,UDP-xylose transmembrane transport,10
BP,GO:0015867,ATP transport,10
BP,GO:0015908,fatty acid transport,10
BP,GO:0015936,coenzyme A metabolic process,10
BP,GO:0016556,mRNA modification,10
BP,GO:0019856,pyrimidine nucleobase biosynthetic process,10
BP,GO:0019915,lipid storage,10
BP,GO:0030833,regulation of actin filament polymerization,10
BP,GO:0033314,mitotic DNA replication checkpoint signaling,10
BP,GO:0034204,lipid translocation,10
BP,GO:0035825,homologous recombination,10
BP,GO:0036444,calcium import into the mitochondrion,10
BP,GO:0042450,L-arginine biosynthetic process via ornithine,10
BP,GO:0042752,regulation of circadian rhythm,10
BP,GO:0042773,ATP synthesis coupled electron transport,10
BP,GO:0042853,L-alanine catabolic process,10
BP,GO:0044205,'de novo' UMP biosynthetic process,10
BP,GO:0044210,'de novo' CTP biosynthetic process,10
BP,GO:0048316,seed development,10
BP,GO:0051014,actin filament severing,10
BP,GO:0070483,detection of hypoxia,10
BP,GO:0071816,tail-anchored membrane protein insertion into ER membrane,10
BP,GO:0072699,protein localization to cortical microtubule cytoskeleton,10
BP,GO:0080156,mitochondrial mRNA modification,10
BP,GO:0080162,endoplasmic reticulum to cytosol auxin transport,10
BP,GO:0098754,detoxification,10
BP,GO:0098838,folate transmembrane transport,10
BP,GO:0001682,tRNA 5'-leader removal,9
BP,GO:0006120,"mitochondrial electron transport, NADH to ubiquinone",9
BP,GO:0006121,"mitochondrial electron transport, succinate to ubiquinone",9
BP,GO:0006283,transcription-coupled nucleotide-excision repair,9
BP,GO:0006312,mitotic recombination,9
BP,GO:0006335,DNA replication-dependent chromatin assembly,9
BP,GO:0006450,regulation of translational fidelity,9
BP,GO:0006659,phosphatidylserine biosynthetic process,9
BP,GO:0006825,copper ion transport,9
BP,GO:0007032,endosome organization,9
BP,GO:0007129,homologous chromosome pairing at meiosis,9
BP,GO:0007219,Notch signaling pathway,9
BP,GO:0008283,cell population proliferation,9
BP,GO:0008285,negative regulation of cell population proliferation,9
BP,GO:0009245,lipid A biosynthetic process,9
BP,GO:0009247,glycolipid biosynthetic process,9
BP,GO:0009396,folic acid-containing compound biosynthetic process,9
BP,GO:0009415,response to water,9
BP,GO:0009553,embryo sac development,9
BP,GO:0009556,microsporogenesis,9
BP,GO:0009620,response to fungus,9
BP,GO:0009627,systemic acquired resistance,9
BP,GO:0009646,response to absence of light,9
BP,GO:0009648,photoperiodism,9
BP,GO:0009685,gibberellin metabolic process,9
BP,GO:0009800,cinnamic acid biosynthetic process,9
BP,GO:0009850,auxin metabolic process,9
BP,GO:0009862,"systemic acquired resistance, salicylic acid mediated signaling pathway",9
BP,GO:0010044,response to aluminum ion,9
BP,GO:0010099,regulation of photomorphogenesis,9
BP,GO:0015996,chlorophyll catabolic process,9
BP,GO:0016558,protein import into peroxisome matrix,9
BP,GO:0016973,poly(A)+ mRNA export from nucleus,9
BP,GO:0019240,citrulline biosynthetic process,9
BP,GO:0019375,galactolipid biosynthetic process,9
BP,GO:0019464,glycine decarboxylation via glycine cleavage system,9
BP,GO:0019538,protein metabolic process,9
BP,GO:0019748,secondary metabolic process,9
BP,GO:0030418,nicotianamine biosynthetic process,9
BP,GO:0031222,arabinan catabolic process,9
BP,GO:0031640,killing of cells of another organism,9
BP,GO:0032012,regulation of ARF protein signal transduction,9
BP,GO:0032786,"positive regulation of DNA-templated transcription, elongation",9
BP,GO:0033356,UDP-L-arabinose metabolic process,9
BP,GO:0033619,membrane protein proteolysis,9
BP,GO:0035435,phosphate ion transmembrane transport,9
BP,GO:0035436,triose phosphate transmembrane transport,9
BP,GO:0035821,modulation of process of another organism,9
BP,GO:0042797,tRNA transcription by RNA polymerase III,9
BP,GO:0043248,proteasome assembly,9
BP,GO:0044804,nucleophagy,9
BP,GO:0045040,protein insertion into mitochondrial outer membrane,9
BP,GO:0045736,negative regulation of cyclin-dependent protein serine/threonine kinase activity,9
BP,GO:0045740,positive regulation of DNA replication,9
BP,GO:0046373,L-arabinose metabolic process,9
BP,GO:0046486,glycerolipid metabolic process,9
BP,GO:0046621,negative regulation of organ growth,9
BP,GO:0046654,tetrahydrofolate biosynthetic process,9
BP,GO:0048573,"photoperiodism, flowering",9
BP,GO:0051258,protein polymerization,9
BP,GO:0051302,regulation of cell division,9
BP,GO:0051762,sesquiterpene biosynthetic process,9
BP,GO:0052324,plant-type cell wall cellulose biosynthetic process,9
BP,GO:0060236,regulation of mitotic spindle organization,9
BP,GO:0070192,chromosome organization involved in meiotic cell cycle,9
BP,GO:0080119,ER body organization,9
BP,GO:0090114,COPII-coated vesicle budding,9
BP,GO:0090481,pyrimidine nucleotide-sugar transmembrane transport,9
BP,GO:0098719,sodium ion import across plasma membrane,9
BP,GO:0000041,transition metal ion transport,8
BP,GO:0000056,ribosomal small subunit export from nucleus,8
BP,GO:0000244,spliceosomal tri-snRNP complex assembly,8
BP,GO:0000375,"RNA splicing, via transesterification reactions",8
BP,GO:0000455,enzyme-directed rRNA pseudouridine synthesis,8
BP,GO:0001172,RNA-templated transcription,8
BP,GO:0006013,mannose metabolic process,8
BP,GO:0006228,UTP biosynthetic process,8
BP,GO:0006308,DNA catabolic process,8
BP,GO:0006541,glutamine metabolic process,8
BP,GO:0007097,nuclear migration,8
BP,GO:0007143,female meiotic nuclear division,8
BP,GO:0007200,phospholipase C-activating G protein-coupled receptor signaling pathway,8
BP,GO:0009094,L-phenylalanine biosynthetic process,8
BP,GO:0009102,biotin biosynthetic process,8
BP,GO:0009251,glucan catabolic process,8
BP,GO:0009615,response to virus,8
BP,GO:0009638,phototropism,8
BP,GO:0010019,chloroplast-nucleus signaling pathway,8
BP,GO:0010089,xylem development,8
BP,GO:0010119,regulation of stomatal movement,8
BP,GO:0010154,fruit development,8
BP,GO:0010206,photosystem II repair,8
BP,GO:0010224,response to UV-B,8
BP,GO:0010332,response to gamma radiation,8
BP,GO:0010405,arabinogalactan protein metabolic process,8
BP,GO:0010492,maintenance of shoot apical meristem identity,8
BP,GO:0015780,nucleotide-sugar transmembrane transport,8
BP,GO:0015833,peptide transport,8
BP,GO:0015866,ADP transport,8
BP,GO:0016559,peroxisome fission,8
BP,GO:0016560,"protein import into peroxisome matrix, docking",8
BP,GO:0019363,pyridine nucleotide biosynthetic process,8
BP,GO:0019563,glycerol catabolic process,8
BP,GO:0031573,mitotic intra-S DNA damage checkpoint signaling,8
BP,GO:0031929,TOR signaling,8
BP,GO:0031930,mitochondria-nucleus signaling pathway,8
BP,GO:0032147,activation of protein kinase activity,8
BP,GO:0032469,endoplasmic reticulum calcium ion homeostasis,8
BP,GO:0032544,plastid translation,8
BP,GO:0032784,regulation of DNA-templated transcription elongation,8
BP,GO:0033481,galacturonate biosynthetic process,8
BP,GO:0033499,"galactose catabolic process via UDP-galactose, Leloir pathway",8
BP,GO:0034244,negative regulation of transcription elongation by RNA polymerase II,8
BP,GO:0042176,regulation of protein catabolic process,8
BP,GO:0042372,phylloquinone biosynthetic process,8
BP,GO:0043001,Golgi to plasma membrane protein transport,8
BP,GO:0044209,AMP salvage,8
BP,GO:0046907,intracellular transport,8
BP,GO:0048015,phosphatidylinositol-mediated signaling,8
BP,GO:0048443,stamen development,8
BP,GO:0048507,meristem development,8
BP,GO:0048829,root cap development,8
BP,GO:0051231,spindle elongation,8
BP,GO:0051252,regulation of RNA metabolic process,8
BP,GO:0051260,protein homooligomerization,8
BP,GO:0051276,chromosome organization,8
BP,GO:0051923,sulfation,8
BP,GO:0055070,copper ion homeostasis,8
BP,GO:0055088,lipid homeostasis,8
BP,GO:0061709,reticulophagy,8
BP,GO:0070828,heterochromatin organization,8
BP,GO:0071423,malate transmembrane transport,8
BP,GO:0071472,cellular response to salt stress,8
BP,GO:0072318,clathrin coat disassembly,8
BP,GO:1900034,regulation of cellular response to heat,8
BP,GO:1901701,cellular response to oxygen-containing compound,8
BP,GO:2000067,regulation of root morphogenesis,8
BP,GO:2000142,regulation of DNA-templated transcription initiation,8
BP,GO:0000055,ribosomal large subunit export from nucleus,7
BP,GO:0000076,DNA replication checkpoint signaling,7
BP,GO:0000079,regulation of cyclin-dependent protein serine/threonine kinase activity,7
BP,GO:0000338,protein deneddylation,7
BP,GO:0000902,cell morphogenesis,7
BP,GO:0000965,mitochondrial RNA 3'-end processing,7
BP,GO:0005996,monosaccharide metabolic process,7
BP,GO:0006007,glucose catabolic process,7
BP,GO:0006072,glycerol-3-phosphate metabolic process,7
BP,GO:0006081,aldehyde metabolic process,7
BP,GO:0006085,acetyl-CoA biosynthetic process,7
BP,GO:0006144,purine nucleobase metabolic process,7
BP,GO:0006225,UDP biosynthetic process,7
BP,GO:0006362,transcription elongation by RNA polymerase I,7
BP,GO:0006370,7-methylguanosine mRNA capping,7
BP,GO:0006474,N-terminal protein amino acid acetylation,7
BP,GO:0006538,L-glutamate catabolic process,7
BP,GO:0006542,glutamine biosynthetic process,7
BP,GO:0006597,spermine biosynthetic process,7
BP,GO:0006598,polyamine catabolic process,7
BP,GO:0006750,glutathione biosynthetic process,7
BP,GO:0006788,heme oxidation,7
BP,GO:0007051,spindle organization,7
BP,GO:0007142,male meiosis II,7
BP,GO:0008361,regulation of cell size,7
BP,GO:0009072,aromatic amino acid metabolic process,7
BP,GO:0009225,nucleotide-sugar metabolic process,7
BP,GO:0009229,thiamine diphosphate biosynthetic process,7
BP,GO:0009306,protein secretion,7
BP,GO:0009630,gravitropism,7
BP,GO:0009807,lignan biosynthetic process,7
BP,GO:0009835,fruit ripening,7
BP,GO:0009944,polarity specification of adaxial/abaxial axis,7
BP,GO:0009960,endosperm development,7
BP,GO:0010048,vernalization response,7
BP,GO:0010071,root meristem specification,7
BP,GO:0010082,regulation of root meristem growth,7
BP,GO:0010152,pollen maturation,7
BP,GO:0010336,gibberellic acid homeostasis,7
BP,GO:0010343,singlet oxygen-mediated programmed cell death,7
BP,GO:0010345,suberin biosynthetic process,7
BP,GO:0010498,proteasomal protein catabolic process,7
BP,GO:0015689,molybdate ion transport,7
BP,GO:0015770,sucrose transport,7
BP,GO:0015813,L-glutamate transmembrane transport,7
BP,GO:0016071,mRNA metabolic process,7
BP,GO:0019287,"isopentenyl diphosphate biosynthetic process, mevalonate pathway",7
BP,GO:0019290,siderophore biosynthetic process,7
BP,GO:0019646,aerobic electron transport chain,7
BP,GO:0030497,fatty acid elongation,7
BP,GO:0031119,tRNA pseudouridine synthesis,7
BP,GO:0031297,replication fork processing,7
BP,GO:0032957,inositol trisphosphate metabolic process,7
BP,GO:0035627,ceramide transport,7
BP,GO:0042148,DNA strand invasion,7
BP,GO:0042793,plastid transcription,7
BP,GO:0043335,protein unfolding,7
BP,GO:0046166,glyceraldehyde-3-phosphate biosynthetic process,7
BP,GO:0046208,spermine catabolic process,7
BP,GO:0046622,positive regulation of organ growth,7
BP,GO:0048578,"positive regulation of long-day photoperiodism, flowering",7
BP,GO:0048638,regulation of developmental growth,7
BP,GO:0048658,anther wall tapetum development,7
BP,GO:0050982,detection of mechanical stimulus,7
BP,GO:0051315,attachment of mitotic spindle microtubules to kinetochore,7
BP,GO:0051445,regulation of meiotic cell cycle,7
BP,GO:0065002,intracellular protein transmembrane transport,7
BP,GO:0070125,mitochondrial translational elongation,7
BP,GO:0071763,nuclear membrane organization,7
BP,GO:0072488,ammonium transmembrane transport,7
BP,GO:0090522,vesicle tethering involved in exocytosis,7
BP,GO:0090708,specification of plant organ axis polarity,7
BP,GO:0106004,tRNA (guanine-N7)-methylation,7
BP,GO:1904668,positive regulation of ubiquitin protein ligase activity,7
BP,GO:0000054,ribosomal subunit export from nucleus,6
BP,GO:0000070,mitotic sister chromatid segregation,6
BP,GO:0000466,"maturation of 5.8S rRNA from tricistronic rRNA transcript (SSU-rRNA, 5.8S rRNA, LSU-rRNA)",6
BP,GO:0000730,DNA recombinase assembly,6
BP,GO:0001193,maintenance of transcriptional fidelity during transcription elongation by RNA polymerase II,6
BP,GO:0002143,tRNA wobble position uridine thiolation,6
BP,GO:0002182,cytoplasmic translational elongation,6
BP,GO:0003002,regionalization,6
BP,GO:0003006,developmental process involved in reproduction,6
BP,GO:0003400,regulation of COPII vesicle coating,6
BP,GO:0005977,glycogen metabolic process,6
BP,GO:0006000,fructose metabolic process,6
BP,GO:0006015,5-phosphoribose 1-diphosphate biosynthetic process,6
BP,GO:0006177,GMP biosynthetic process,6
BP,GO:0006369,termination of RNA polymerase II transcription,6
BP,GO:0006434,seryl-tRNA aminoacylation,6
BP,GO:0006479,protein methylation,6
BP,GO:0006564,L-serine biosynthetic process,6
BP,GO:0006624,vacuolar protein processing,6
BP,GO:0006655,phosphatidylglycerol biosynthetic process,6
BP,GO:0006760,folic acid-containing compound metabolic process,6
BP,GO:0006772,thiamine metabolic process,6
BP,GO:0006809,nitric oxide biosynthetic process,6
BP,GO:0006882,intracellular zinc ion homeostasis,6
BP,GO:0006999,nuclear pore organization,6
BP,GO:0007004,telomere maintenance via telomerase,6
BP,GO:0007021,tubulin complex assembly,6
BP,GO:0007095,mitotic G2 DNA damage checkpoint signaling,6
BP,GO:0009052,"pentose-phosphate shunt, non-oxidative branch",6
BP,GO:0009062,fatty acid catabolic process,6
BP,GO:0009090,homoserine biosynthetic process,6
BP,GO:0009269,response to desiccation,6
BP,GO:0009610,response to symbiotic fungus,6
BP,GO:0009854,oxidative photosynthetic carbon pathway,6
BP,GO:0009901,anther dehiscence,6
BP,GO:0009910,negative regulation of flower development,6
BP,GO:0009958,positive gravitropism,6
BP,GO:0010142,"farnesyl diphosphate biosynthetic process, mevalonate pathway",6
BP,GO:0010183,pollen tube guidance,6
BP,GO:0010218,response to far red light,6
BP,GO:0010230,alternative respiration,6
BP,GO:0010304,PSII associated light-harvesting complex II catabolic process,6
BP,GO:0010447,response to acidic pH,6
BP,GO:0015886,heme transport,6
BP,GO:0016094,polyprenol biosynthetic process,6
BP,GO:0016236,macroautophagy,6
BP,GO:0016255,attachment of GPI anchor to protein,6
BP,GO:0017006,protein-tetrapyrrole linkage,6
BP,GO:0019346,transsulfuration,6
BP,GO:0019441,L-tryptophan catabolic process to kynurenine,6
BP,GO:0019632,shikimate metabolic process,6
BP,GO:0019877,diaminopimelate biosynthetic process,6
BP,GO:0019878,lysine biosynthetic process via aminoadipic acid,6
BP,GO:0031110,regulation of microtubule polymerization or depolymerization,6
BP,GO:0032196,transposition,6
BP,GO:0032456,endocytic recycling,6
BP,GO:0032468,Golgi calcium ion homeostasis,6
BP,GO:0032472,Golgi calcium ion transport,6
BP,GO:0034080,CENP-A containing chromatin assembly,6
BP,GO:0034355,NAD+ biosynthetic process via the salvage pathway,6
BP,GO:0035194,regulatory ncRNA-mediated post-transcriptional gene silencing,6
BP,GO:0035303,regulation of dephosphorylation,6
BP,GO:0035442,dipeptide transmembrane transport,6
BP,GO:0042255,ribosome assembly,6
BP,GO:0042549,photosystem II stabilization,6
BP,GO:0042938,dipeptide transport,6
BP,GO:0042939,tripeptide transport,6
BP,GO:0043067,regulation of programmed cell death,6
BP,GO:0043085,positive regulation of catalytic activity,6
BP,GO:0043162,ubiquitin-dependent protein catabolic process via the multivesicular body sorting pathway,6
BP,GO:0043436,oxoacid metabolic process,6
BP,GO:0044206,UMP salvage,6
BP,GO:0045038,protein import into chloroplast thylakoid membrane,6
BP,GO:0045836,positive regulation of meiotic nuclear division,6
BP,GO:0046189,phenol-containing compound biosynthetic process,6
BP,GO:0046506,sulfolipid biosynthetic process,6
BP,GO:0046656,folic acid biosynthetic process,6
BP,GO:0046901,tetrahydrofolylpolyglutamate biosynthetic process,6
BP,GO:0046902,regulation of mitochondrial membrane permeability,6
BP,GO:0048280,vesicle fusion with Golgi apparatus,6
BP,GO:0048437,floral organ development,6
BP,GO:0048830,adventitious root development,6
BP,GO:0050482,arachidonate secretion,6
BP,GO:0051168,nuclear export,6
BP,GO:0052325,cell wall pectin biosynthetic process,6
BP,GO:0055062,phosphate ion homeostasis,6
BP,GO:0060919,auxin import into cell,6
BP,GO:0070417,cellular response to cold,6
BP,GO:0070979,protein K11-linked ubiquitination,6
BP,GO:0071036,nuclear polyadenylation-dependent snoRNA catabolic process,6
BP,GO:0071037,nuclear polyadenylation-dependent snRNA catabolic process,6
BP,GO:0071039,nuclear polyadenylation-dependent CUT catabolic process,6
BP,GO:0071040,nuclear polyadenylation-dependent antisense transcript catabolic process,6
BP,GO:0071044,histone mRNA catabolic process,6
BP,GO:0071786,endoplasmic reticulum tubular network organization,6
BP,GO:0080038,positive regulation of cytokinin-activated signaling pathway,6
BP,GO:0080167,response to karrikin,6
BP,GO:0090297,positive regulation of mitochondrial DNA replication,6
BP,GO:1901162,primary amino compound biosynthetic process,6
BP,GO:1903401,L-lysine transmembrane transport,6
BP,GO:1905037,autophagosome organization,6
BP,GO:1990414,replication-born double-strand break repair via sister chromatid exchange,6
BP,GO:1990542,mitochondrial transmembrane transport,6
BP,GO:0000077,DNA damage checkpoint signaling,5
BP,GO:0000154,rRNA modification,5
BP,GO:0000212,meiotic spindle organization,5
BP,GO:0000304,response to singlet oxygen,5
BP,GO:0000380,"alternative mRNA splicing, via spliceosome",5
BP,GO:0000389,mRNA 3'-splice site recognition,5
BP,GO:0000395,mRNA 5'-splice site recognition,5
BP,GO:0000461,"endonucleolytic cleavage to generate mature 3'-end of SSU-rRNA from (SSU-rRNA, 5.8S rRNA, LSU-rRNA)",5
BP,GO:0000472,"endonucleolytic cleavage to generate mature 5'-end of SSU-rRNA from (SSU-rRNA, 5.8S rRNA, LSU-rRNA)",5
BP,GO:0000480,"endonucleolytic cleavage in 5'-ETS of tricistronic rRNA transcript (SSU-rRNA, 5.8S rRNA, LSU-rRNA)",5
BP,GO:0000725,recombinational repair,5
BP,GO:0000914,phragmoplast assembly,5
BP,GO:0000963,mitochondrial RNA processing,5
BP,GO:0000972,transcription-dependent tethering of RNA polymerase II gene DNA at nuclear periphery,5
BP,GO:0001659,temperature homeostasis,5
BP,GO:0002188,translation reinitiation,5
BP,GO:0002939,tRNA N1-guanine methylation,5
BP,GO:0006044,N-acetylglucosamine metabolic process,5
BP,GO:0006090,pyruvate metabolic process,5
BP,GO:0006145,purine nucleobase catabolic process,5
BP,GO:0006168,adenine salvage,5
BP,GO:0006188,IMP biosynthetic process,5
BP,GO:0006272,leading strand elongation,5
BP,GO:0006285,"base-excision repair, AP site formation",5
BP,GO:0006307,DNA alkylation repair,5
BP,GO:0006376,mRNA splice site recognition,5
BP,GO:0006388,"tRNA splicing, via endonucleolytic cleavage and ligation",5
BP,GO:0006390,mitochondrial transcription,5
BP,GO:0006419,alanyl-tRNA aminoacylation,5
BP,GO:0006426,glycyl-tRNA aminoacylation,5
BP,GO:0006534,cysteine metabolic process,5
BP,GO:0006536,glutamate metabolic process,5
BP,GO:0006545,glycine biosynthetic process,5
BP,GO:0006546,glycine catabolic process,5
BP,GO:0006552,L-leucine catabolic process,5
BP,GO:0006556,S-adenosylmethionine biosynthetic process,5
BP,GO:0006567,L-threonine catabolic process,5
BP,GO:0006595,polyamine metabolic process,5
BP,GO:0006605,protein targeting,5
BP,GO:0006636,unsaturated fatty acid biosynthetic process,5
BP,GO:0006739,NADP+ metabolic process,5
BP,GO:0006741,NADP+ biosynthetic process,5
BP,GO:0006850,pyruvate import into mitochondria,5
BP,GO:0006898,receptor-mediated endocytosis,5
BP,GO:0006904,vesicle docking involved in exocytosis,5
BP,GO:0006986,response to unfolded protein,5
BP,GO:0006997,nucleus organization,5
BP,GO:0007076,mitotic chromosome condensation,5
BP,GO:0007154,cell communication,5
BP,GO:0007266,Rho protein signal transduction,5
BP,GO:0009113,purine nucleobase biosynthetic process,5
BP,GO:0009249,protein lipoylation,5
BP,GO:0009263,deoxyribonucleotide biosynthetic process,5
BP,GO:0009735,response to cytokinin,5
BP,GO:0009786,regulation of asymmetric cell division,5
BP,GO:0009828,plant-type cell wall loosening,5
BP,GO:0009864,"induced systemic resistance, jasmonic acid mediated signaling pathway",5
BP,GO:0009891,positive regulation of biosynthetic process,5
BP,GO:0009937,regulation of gibberellic acid mediated signaling pathway,5
BP,GO:0009942,longitudinal axis specification,5
BP,GO:0009956,radial pattern formation,5
BP,GO:0010037,response to carbon dioxide,5
BP,GO:0010047,fruit dehiscence,5
BP,GO:0010074,maintenance of meristem identity,5
BP,GO:0010093,specification of floral organ identity,5
BP,GO:0010124,phenylacetate catabolic process,5
BP,GO:0010189,vitamin E biosynthetic process,5
BP,GO:0010190,cytochrome b6f complex assembly,5
BP,GO:0010253,UDP-rhamnose biosynthetic process,5
BP,GO:0010267,ta-siRNA processing,5
BP,GO:0010311,lateral root formation,5
BP,GO:0010467,gene expression,5
BP,GO:0010928,regulation of auxin mediated signaling pathway,5
BP,GO:0015714,phosphoenolpyruvate transport,5
BP,GO:0015808,L-alanine transport,5
BP,GO:0015812,gamma-aminobutyric acid transport,5
BP,GO:0015976,carbon utilization,5
BP,GO:0016052,carbohydrate catabolic process,5
BP,GO:0016119,carotene metabolic process,5
BP,GO:0016320,endoplasmic reticulum membrane fusion,5
BP,GO:0019264,glycine biosynthetic process from serine,5
BP,GO:0022618,protein-RNA complex assembly,5
BP,GO:0030091,protein repair,5
BP,GO:0030174,regulation of DNA-templated DNA replication initiation,5
BP,GO:0030203,glycosaminoglycan metabolic process,5
BP,GO:0030705,cytoskeleton-dependent intracellular transport,5
BP,GO:0031118,rRNA pseudouridine synthesis,5
BP,GO:0031509,subtelomeric heterochromatin formation,5
BP,GO:0032434,regulation of proteasomal ubiquitin-dependent protein catabolic process,5
BP,GO:0032436,positive regulation of proteasomal ubiquitin-dependent protein catabolic process,5
BP,GO:0032790,ribosome disassembly,5
BP,GO:0033355,ascorbate glutathione cycle,5
BP,GO:0033554,cellular response to stress,5
BP,GO:0034090,maintenance of meiotic sister chromatid cohesion,5
BP,GO:0034227,tRNA thio-modification,5
BP,GO:0034551,mitochondrial respiratory chain complex III assembly,5
BP,GO:0034635,glutathione transport,5
BP,GO:0035195,miRNA-mediated post-transcriptional gene silencing,5
BP,GO:0035336,long-chain fatty-acyl-CoA metabolic process,5
BP,GO:0035493,SNARE complex assembly,5
BP,GO:0035494,SNARE complex disassembly,5
BP,GO:0035973,aggrephagy,5
BP,GO:0036265,RNA (guanine-N7)-methylation,5
BP,GO:0042454,ribonucleoside catabolic process,5
BP,GO:0042594,response to starvation,5
BP,GO:0042761,very long-chain fatty acid biosynthetic process,5
BP,GO:0042796,snRNA transcription by RNA polymerase III,5
BP,GO:0042823,pyridoxal phosphate biosynthetic process,5
BP,GO:0043171,peptide catabolic process,5
BP,GO:0045048,protein insertion into ER membrane,5
BP,GO:0045132,meiotic chromosome segregation,5
BP,GO:0045144,meiotic sister chromatid segregation,5
BP,GO:0045842,positive regulation of mitotic metaphase/anaphase transition,5
BP,GO:0046168,glycerol-3-phosphate catabolic process,5
BP,GO:0046417,chorismate metabolic process,5
BP,GO:0046653,tetrahydrofolate metabolic process,5
BP,GO:0048468,cell development,5
BP,GO:0048586,"regulation of long-day photoperiodism, flowering",5
BP,GO:0048653,anther development,5
BP,GO:0048827,phyllome development,5
BP,GO:0050801,monoatomic ion homeostasis,5
BP,GO:0050826,response to freezing,5
BP,GO:0051091,positive regulation of DNA-binding transcription factor activity,5
BP,GO:0051205,protein insertion into membrane,5
BP,GO:0051209,release of sequestered calcium ion into cytosol,5
BP,GO:0051606,detection of stimulus,5
BP,GO:0051781,positive regulation of cell division,5
BP,GO:0051783,regulation of nuclear division,5
BP,GO:0055129,L-proline biosynthetic process,5
BP,GO:0061024,membrane organization,5
BP,GO:0070072,vacuolar proton-transporting V-type ATPase complex assembly,5
BP,GO:0070370,cellular heat acclimation,5
BP,GO:0070981,L-asparagine biosynthetic process,5
BP,GO:0071218,cellular response to misfolded protein,5
BP,GO:0071244,cellular response to carbon dioxide,5
BP,GO:0071586,CAAX-box protein processing,5
BP,GO:0072598,protein localization to chloroplast,5
BP,GO:0080027,response to herbivore,5
BP,GO:0080050,regulation of seed development,5
BP,GO:0080183,response to photooxidative stress,5
BP,GO:0089722,phosphoenolpyruvate transmembrane transport,5
BP,GO:0098876,vesicle-mediated transport to the plasma membrane,5
BP,GO:1901663,quinone biosynthetic process,5
BP,GO:1901987,regulation of cell cycle phase transition,5
BP,GO:1903338,regulation of cell wall organization or biogenesis,5
BP,GO:1905786,positive regulation of anaphase-promoting complex-dependent catabolic process,5
BP,GO:1990145,maintenance of translational fidelity,5
BP,GO:2000779,regulation of double-strand break repair,5
BP,GO:2000904,regulation of starch metabolic process,5
BP,GO:0000266,mitochondrial fission,4
BP,GO:0000494,box C/D sno(s)RNA 3'-end processing,4
BP,GO:0000719,photoreactive repair,4
BP,GO:0000949,aromatic amino acid family catabolic process to alcohol via Ehrlich pathway,4
BP,GO:0000973,post-transcriptional tethering of RNA polymerase II gene DNA at nuclear periphery,4
BP,GO:0001558,regulation of cell growth,4
BP,GO:0001680,tRNA 3'-terminal CCA addition,4
BP,GO:0002943,tRNA dihydrouridine synthesis,4
BP,GO:0006047,UDP-N-acetylglucosamine metabolic process,4
BP,GO:0006084,acetyl-CoA metabolic process,4
BP,GO:0006103,2-oxoglutarate metabolic process,4
BP,GO:0006110,regulation of glycolytic process,4
BP,GO:0006227,dUDP biosynthetic process,4
BP,GO:0006233,dTDP biosynthetic process,4
BP,GO:0006235,dTTP biosynthetic process,4
BP,GO:0006275,regulation of DNA replication,4
BP,GO:0006423,cysteinyl-tRNA aminoacylation,4
BP,GO:0006424,glutamyl-tRNA aminoacylation,4
BP,GO:0006428,isoleucyl-tRNA aminoacylation,4
BP,GO:0006431,methionyl-tRNA aminoacylation,4
BP,GO:0006432,phenylalanyl-tRNA aminoacylation,4
BP,GO:0006438,valyl-tRNA aminoacylation,4
BP,GO:0006446,regulation of translational initiation,4
BP,GO:0006513,protein monoubiquitination,4
BP,GO:0006537,glutamate biosynthetic process,4
BP,GO:0006680,glucosylceramide catabolic process,4
BP,GO:0006729,tetrahydrobiopterin biosynthetic process,4
BP,GO:0006747,FAD biosynthetic process,4
BP,GO:0006851,mitochondrial calcium ion transmembrane transport,4
BP,GO:0007023,post-chaperonin tubulin folding pathway,4
BP,GO:0007188,adenylate cyclase-modulating G protein-coupled receptor signaling pathway,4
BP,GO:0007346,regulation of mitotic cell cycle,4
BP,GO:0008615,pyridoxine biosynthetic process,4
BP,GO:0008645,hexose transmembrane transport,4
BP,GO:0009067,aspartate family amino acid biosynthetic process,4
BP,GO:0009081,branched-chain amino acid metabolic process,4
BP,GO:0009116,nucleoside metabolic process,4
BP,GO:0009123,nucleoside monophosphate metabolic process,4
BP,GO:0009150,purine ribonucleotide metabolic process,4
BP,GO:0009234,menaquinone biosynthetic process,4
BP,GO:0009267,cellular response to starvation,4
BP,GO:0009410,response to xenobiotic stimulus,4
BP,GO:0009649,entrainment of circadian clock,4
BP,GO:0009743,response to carbohydrate,4
BP,GO:0009808,lignin metabolic process,4
BP,GO:0009830,cell wall modification involved in abscission,4
BP,GO:0009965,leaf morphogenesis,4
BP,GO:0010032,meiotic chromosome condensation,4
BP,GO:0010038,response to metal ion,4
BP,GO:0010039,response to iron ion,4
BP,GO:0010103,stomatal complex morphogenesis,4
BP,GO:0010109,regulation of photosynthesis,4
BP,GO:0010118,stomatal movement,4
BP,GO:0010196,nonphotochemical quenching,4
BP,GO:0010223,secondary shoot formation,4
BP,GO:0010236,plastoquinone biosynthetic process,4
BP,GO:0010286,heat acclimation,4
BP,GO:0010510,regulation of pyruvate decarboxylation to acetyl-CoA,4
BP,GO:0010628,positive regulation of gene expression,4
BP,GO:0010705,meiotic DNA double-strand break processing involved in reciprocal meiotic recombination,4
BP,GO:0010906,regulation of glucose metabolic process,4
BP,GO:0015713,phosphoglycerate transmembrane transport,4
BP,GO:0015798,myo-inositol transport,4
BP,GO:0015858,nucleoside transport,4
BP,GO:0015918,sterol transport,4
BP,GO:0016123,xanthophyll biosynthetic process,4
BP,GO:0017121,plasma membrane phospholipid scrambling,4
BP,GO:0018342,protein prenylation,4
BP,GO:0018344,protein geranylgeranylation,4
BP,GO:0019750,chloroplast localization,4
BP,GO:0019852,L-ascorbic acid metabolic process,4
BP,GO:0019985,translesion synthesis,4
BP,GO:0030162,regulation of proteolysis,4
BP,GO:0030307,positive regulation of cell growth,4
BP,GO:0030951,establishment or maintenance of microtubule cytoskeleton polarity,4
BP,GO:0031023,microtubule organizing center organization,4
BP,GO:0031125,rRNA 3'-end processing,4
BP,GO:0032366,intracellular sterol transport,4
BP,GO:0032877,positive regulation of DNA endoreduplication,4
BP,GO:0032922,circadian regulation of gene expression,4
BP,GO:0033539,fatty acid beta-oxidation using acyl-CoA dehydrogenase,4
BP,GO:0034067,protein localization to Golgi apparatus,4
BP,GO:0035196,miRNA processing,4
BP,GO:0036293,response to decreased oxygen levels,4
BP,GO:0042126,nitrate metabolic process,4
BP,GO:0042149,cellular response to glucose starvation,4
BP,GO:0042256,cytosolic ribosome assembly,4
BP,GO:0042753,positive regulation of circadian rhythm,4
BP,GO:0042795,snRNA transcription by RNA polymerase II,4
BP,GO:0042819,vitamin B6 biosynthetic process,4
BP,GO:0043048,dolichyl monophosphate biosynthetic process,4
BP,GO:0043069,negative regulation of programmed cell death,4
BP,GO:0043153,entrainment of circadian clock by photoperiod,4
BP,GO:0043419,urea catabolic process,4
BP,GO:0043481,anthocyanin accumulation in tissues in response to UV light,4
BP,GO:0043488,regulation of mRNA stability,4
BP,GO:0044208,'de novo' AMP biosynthetic process,4
BP,GO:0044211,CTP salvage,4
BP,GO:0044375,regulation of peroxisome size,4
BP,GO:0045722,positive regulation of gluconeogenesis,4
BP,GO:0045793,positive regulation of cell size,4
BP,GO:0045905,positive regulation of translational termination,4
BP,GO:0046514,ceramide catabolic process,4
BP,GO:0046705,CDP biosynthetic process,4
BP,GO:0046785,microtubule polymerization,4
BP,GO:0048205,COPI coating of Golgi vesicle,4
BP,GO:0048229,gametophyte development,4
BP,GO:0048440,carpel development,4
BP,GO:0048510,regulation of timing of transition from vegetative to reproductive phase,4
BP,GO:0051639,actin filament network formation,4
BP,GO:0060261,positive regulation of transcription initiation by RNA polymerase II,4
BP,GO:0070525,tRNA threonylcarbamoyladenosine metabolic process,4
BP,GO:0070536,protein K63-linked deubiquitination,4
BP,GO:0070574,cadmium ion transmembrane transport,4
BP,GO:0070814,hydrogen sulfide biosynthetic process,4
BP,GO:0071034,CUT catabolic process,4
BP,GO:0071108,protein K48-linked deubiquitination,4
BP,GO:0071163,DNA replication preinitiation complex assembly,4
BP,GO:0071277,cellular response to calcium ion,4
BP,GO:0071365,cellular response to auxin stimulus,4
BP,GO:0071569,protein ufmylation,4
BP,GO:0072528,pyrimidine-containing compound biosynthetic process,4
BP,GO:0090156,intracellular sphingolipid homeostasis,4
BP,GO:0090615,mitochondrial mRNA processing,4
BP,GO:0106005,RNA 5'-cap (guanine-N7)-methylation,4
BP,GO:1901642,nucleoside transmembrane transport,4
BP,GO:1904667,negative regulation of ubiquitin protein ligase activity,4
BP,GO:2000070,regulation of response to water deprivation,4
BP,GO:2000134,negative regulation of G1/S transition of mitotic cell cycle,4
BP,GO:0000025,maltose catabolic process,3
BP,GO:0000256,allantoin catabolic process,3
BP,GO:0000301,"retrograde transport, vesicle recycling within Golgi",3
BP,GO:0000349,generation of catalytic spliceosome for first transesterification step,3
BP,GO:0000454,snoRNA guided rRNA pseudouridine synthesis,3
BP,GO:0000479,"endonucleolytic cleavage of tricistronic rRNA transcript (SSU-rRNA, 5.8S rRNA, LSU-rRNA)",3
BP,GO:0000495,box H/ACA sno(s)RNA 3'-end processing,3
BP,GO:0000706,meiotic DNA double-strand break processing,3
BP,GO:0000731,DNA synthesis involved in DNA repair,3
BP,GO:0000967,rRNA 5'-end processing,3
BP,GO:0001188,RNA polymerase I preinitiation complex assembly,3
BP,GO:0001881,receptor recycling,3
BP,GO:0002184,cytoplasmic translational termination,3
BP,GO:0002218,activation of innate immune response,3
BP,GO:0002221,pattern recognition receptor signaling pathway,3
BP,GO:0002376,immune system process,3
BP,GO:0002926,tRNA wobble base 5-methoxycarbonylmethyl-2-thiouridinylation,3
BP,GO:0002949,tRNA threonylcarbamoyladenosine modification,3
BP,GO:0006020,inositol metabolic process,3
BP,GO:0006024,glycosaminoglycan biosynthetic process,3
BP,GO:0006065,UDP-glucuronate biosynthetic process,3
BP,GO:0006097,glyoxylate cycle,3
BP,GO:0006106,fumarate metabolic process,3
BP,GO:0006114,glycerol biosynthetic process,3
BP,GO:0006169,adenosine salvage,3
BP,GO:0006203,dGTP catabolic process,3
BP,GO:0006222,UMP biosynthetic process,3
BP,GO:0006269,"DNA replication, synthesis of primer",3
BP,GO:0006273,lagging strand elongation,3
BP,GO:0006337,nucleosome disassembly,3
BP,GO:0006382,adenosine to inosine editing,3
BP,GO:0006398,mRNA 3'-end processing by stem-loop binding and cleavage,3
BP,GO:0006399,tRNA metabolic process,3
BP,GO:0006409,tRNA export from nucleus,3
BP,GO:0006421,asparaginyl-tRNA aminoacylation,3
BP,GO:0006422,aspartyl-tRNA aminoacylation,3
BP,GO:0006427,histidyl-tRNA aminoacylation,3
BP,GO:0006429,leucyl-tRNA aminoacylation,3
BP,GO:0006430,lysyl-tRNA aminoacylation,3
BP,GO:0006433,prolyl-tRNA aminoacylation,3
BP,GO:0006435,threonyl-tRNA aminoacylation,3
BP,GO:0006437,tyrosyl-tRNA aminoacylation,3
BP,GO:0006509,membrane protein ectodomain proteolysis,3
BP,GO:0006518,peptide metabolic process,3
BP,GO:0006571,tyrosine biosynthetic process,3
BP,GO:0006620,post-translational protein targeting to endoplasmic reticulum membrane,3
BP,GO:0006637,acyl-CoA metabolic process,3
BP,GO:0006651,diacylglycerol biosynthetic process,3
BP,GO:0006654,phosphatidic acid biosynthetic process,3
BP,GO:0006720,isoprenoid metabolic process,3
BP,GO:0006784,heme A biosynthetic process,3
BP,GO:0007091,metaphase/anaphase transition of mitotic cell cycle,3
BP,GO:0007254,JNK cascade,3
BP,GO:0007265,Ras protein signal transduction,3
BP,GO:0007292,female gamete generation,3
BP,GO:0008064,regulation of actin polymerization or depolymerization,3
BP,GO:0008203,cholesterol metabolic process,3
BP,GO:0008284,positive regulation of cell population proliferation,3
BP,GO:0008333,endosome to lysosome transport,3
BP,GO:0008612,peptidyl-lysine modification to peptidyl-hypusine,3
BP,GO:0009083,branched-chain amino acid catabolic process,3
BP,GO:0009107,lipoate biosynthetic process,3
BP,GO:0009157,deoxyribonucleoside monophosphate biosynthetic process,3
BP,GO:0009240,isopentenyl diphosphate biosynthetic process,3
BP,GO:0009308,amine metabolic process,3
BP,GO:0009446,putrescine biosynthetic process,3
BP,GO:0009448,gamma-aminobutyric acid metabolic process,3
BP,GO:0009624,response to nematode,3
BP,GO:0009625,response to insect,3
BP,GO:0009657,plastid organization,3
BP,GO:0009704,de-etiolation,3
BP,GO:0009787,regulation of abscisic acid-activated signaling pathway,3
BP,GO:0009825,multidimensional cell growth,3
BP,GO:0009875,pollen-pistil interaction,3
BP,GO:0009934,regulation of meristem structural organization,3
BP,GO:0009939,positive regulation of gibberellic acid mediated signaling pathway,3
BP,GO:0009945,radial axis specification,3
BP,GO:0009955,adaxial/abaxial pattern specification,3
BP,GO:0009968,negative regulation of signal transduction,3
BP,GO:0010016,shoot system morphogenesis,3
BP,GO:0010025,wax biosynthetic process,3
BP,GO:0010029,regulation of seed germination,3
BP,GO:0010100,negative regulation of photomorphogenesis,3
BP,GO:0010117,photoprotection,3
BP,GO:0010133,L-proline catabolic process to L-glutamate,3
BP,GO:0010212,response to ionizing radiation,3
BP,GO:0010227,floral organ abscission,3
BP,GO:0010239,chloroplast mRNA processing,3
BP,GO:0010258,NADH dehydrogenase complex (plastoquinone) assembly,3
BP,GO:0010265,SCF complex assembly,3
BP,GO:0010344,seed oilbody biogenesis,3
BP,GO:0010363,regulation of plant-type hypersensitive response,3
BP,GO:0010406,classical arabinogalactan protein metabolic process,3
BP,GO:0010476,gibberellin mediated signaling pathway,3
BP,GO:0010556,regulation of macromolecule biosynthetic process,3
BP,GO:0010582,floral meristem determinacy,3
BP,GO:0010587,miRNA catabolic process,3
BP,GO:0010623,programmed cell death involved in cell development,3
BP,GO:0015720,allantoin transport,3
BP,GO:0015768,maltose transport,3
BP,GO:0015846,polyamine transport,3
BP,GO:0015853,adenine transport,3
BP,GO:0015854,guanine transport,3
BP,GO:0016031,tRNA import into mitochondrion,3
BP,GO:0016050,vesicle organization,3
BP,GO:0016116,carotenoid metabolic process,3
BP,GO:0016120,carotene biosynthetic process,3
BP,GO:0016139,glycoside catabolic process,3
BP,GO:0016180,snRNA processing,3
BP,GO:0016477,cell migration,3
BP,GO:0017196,N-terminal peptidyl-methionine acetylation,3
BP,GO:0019265,"glycine biosynthetic process, by transamination of glyoxylate",3
BP,GO:0019276,UDP-N-acetylgalactosamine metabolic process,3
BP,GO:0019285,glycine betaine biosynthetic process from choline,3
BP,GO:0019521,D-gluconate metabolic process,3
BP,GO:0019627,urea metabolic process,3
BP,GO:0019676,ammonia assimilation cycle,3
BP,GO:0019760,glucosinolate metabolic process,3
BP,GO:0030041,actin filament polymerization,3
BP,GO:0030198,extracellular matrix organization,3
BP,GO:0030574,collagen catabolic process,3
BP,GO:0031348,negative regulation of defense response,3
BP,GO:0031425,chloroplast RNA processing,3
BP,GO:0031564,transcription antitermination,3
BP,GO:0032264,IMP salvage,3
BP,GO:0032324,molybdopterin cofactor biosynthetic process,3
BP,GO:0032446,protein modification by small protein conjugation,3
BP,GO:0032465,regulation of cytokinesis,3
BP,GO:0032979,protein insertion into mitochondrial inner membrane from matrix,3
BP,GO:0032984,protein-containing complex disassembly,3
BP,GO:0033387,"putrescine biosynthetic process from arginine, via ornithine",3
BP,GO:0033512,L-lysine catabolic process to acetyl-CoA via saccharopine,3
BP,GO:0033993,response to lipid,3
BP,GO:0034052,positive regulation of plant-type hypersensitive response,3
BP,GO:0034059,response to anoxia,3
BP,GO:0034553,mitochondrial respiratory chain complex II assembly,3
BP,GO:0034587,piRNA processing,3
BP,GO:0034975,protein folding in endoplasmic reticulum,3
BP,GO:0042127,regulation of cell population proliferation,3
BP,GO:0042218,1-aminocyclopropane-1-carboxylate biosynthetic process,3
BP,GO:0042351,'de novo' GDP-L-fucose biosynthetic process,3
BP,GO:0042538,hyperosmotic salinity response,3
BP,GO:0042631,cellular response to water deprivation,3
BP,GO:0042791,5S class rRNA transcription by RNA polymerase III,3
BP,GO:0043087,regulation of GTPase activity,3
BP,GO:0043137,"DNA replication, removal of RNA primer",3
BP,GO:0044272,sulfur compound biosynthetic process,3
BP,GO:0044773,mitotic DNA damage checkpoint signaling,3
BP,GO:0045003,double-strand break repair via synthesis-dependent strand annealing,3
BP,GO:0045046,protein import into peroxisome membrane,3
BP,GO:0045053,protein retention in Golgi apparatus,3
BP,GO:0045333,cellular respiration,3
BP,GO:0045337,farnesyl diphosphate biosynthetic process,3
BP,GO:0045739,positive regulation of DNA repair,3
BP,GO:0045899,positive regulation of RNA polymerase II transcription preinitiation complex assembly,3
BP,GO:0045901,positive regulation of translational elongation,3
BP,GO:0045926,negative regulation of growth,3
BP,GO:0045930,negative regulation of mitotic cell cycle,3
BP,GO:0045943,positive regulation of transcription by RNA polymerase I,3
BP,GO:0046037,GMP metabolic process,3
BP,GO:0046474,glycerophospholipid biosynthetic process,3
BP,GO:0046475,glycerophospholipid catabolic process,3
BP,GO:0046686,response to cadmium ion,3
BP,GO:0046688,response to copper ion,3
BP,GO:0046963,3'-phosphoadenosine 5'-phosphosulfate transport,3
BP,GO:0048219,inter-Golgi cisterna vesicle-mediated transport,3
BP,GO:0048232,male gamete generation,3
BP,GO:0048236,plant-type sporogenesis,3
BP,GO:0048255,mRNA stabilization,3
BP,GO:0048354,mucilage biosynthetic process involved in seed coat development,3
BP,GO:0048438,floral whorl development,3
BP,GO:0048450,floral organ structural organization,3
BP,GO:0048508,embryonic meristem development,3
BP,GO:0048579,"negative regulation of long-day photoperiodism, flowering",3
BP,GO:0048589,developmental growth,3
BP,GO:0048768,root hair cell tip growth,3
BP,GO:0048831,regulation of shoot system development,3
BP,GO:0051457,maintenance of protein location in nucleus,3
BP,GO:0051754,"meiotic sister chromatid cohesion, centromeric",3
BP,GO:0051865,protein autoubiquitination,3
BP,GO:0051983,regulation of chromosome segregation,3
BP,GO:0052543,callose deposition in cell wall,3
BP,GO:0060321,acceptance of pollen,3
BP,GO:0060962,regulation of ribosomal protein gene transcription by RNA polymerase II,3
BP,GO:0070129,regulation of mitochondrial translation,3
BP,GO:0070150,mitochondrial glycyl-tRNA aminoacylation,3
BP,GO:0070681,glutaminyl-tRNAGln biosynthesis via transamidation,3
BP,GO:0071215,cellular response to abscisic acid stimulus,3
BP,GO:0071230,cellular response to amino acid stimulus,3
BP,GO:0071249,cellular response to nitrate,3
BP,GO:0071267,L-methionine salvage,3
BP,GO:0071470,cellular response to osmotic stress,3
BP,GO:0071705,nitrogen compound transport,3
BP,GO:0072659,protein localization to plasma membrane,3
BP,GO:0080022,primary root development,3
BP,GO:0080036,regulation of cytokinin-activated signaling pathway,3
BP,GO:0080037,negative regulation of cytokinin-activated signaling pathway,3
BP,GO:0080051,cutin transport,3
BP,GO:0080092,regulation of pollen tube growth,3
BP,GO:0080113,regulation of seed growth,3
BP,GO:0080151,positive regulation of salicylic acid mediated signaling pathway,3
BP,GO:0090150,establishment of protein localization to membrane,3
BP,GO:0090333,regulation of stomatal closure,3
BP,GO:0090351,seedling development,3
BP,GO:0090610,bundle sheath cell fate specification,3
BP,GO:0097035,regulation of membrane lipid distribution,3
BP,GO:0097054,L-glutamate biosynthetic process,3
BP,GO:0097354,prenylation,3
BP,GO:0098813,nuclear chromosome segregation,3
BP,GO:1901679,nucleotide transmembrane transport,3
BP,GO:1902903,regulation of supramolecular fiber organization,3
BP,GO:1990116,ribosome-associated ubiquitin-dependent protein catabolic process,3
BP,GO:0000012,single strand break repair,2
BP,GO:0000280,nuclear division,2
BP,GO:0000281,mitotic cytokinesis,2
BP,GO:0000379,tRNA-type intron splice site recognition and cleavage,2
BP,GO:0000390,spliceosomal complex disassembly,2
BP,GO:0000481,maturation of 5S rRNA,2
BP,GO:0000493,box H/ACA snoRNP assembly,2
BP,GO:0000722,telomere maintenance via recombination,2
BP,GO:0000819,sister chromatid segregation,2
BP,GO:0000958,mitochondrial mRNA catabolic process,2
BP,GO:0001763,morphogenesis of a branching structure,2
BP,GO:0002128,tRNA nucleoside ribose methylation,2
BP,GO:0002191,cap-dependent translational initiation,2
BP,GO:0005980,glycogen catabolic process,2
BP,GO:0005997,xylulose metabolic process,2
BP,GO:0006003,"fructose 2,6-bisphosphate metabolic process",2
BP,GO:0006089,lactate metabolic process,2
BP,GO:0006104,succinyl-CoA metabolic process,2
BP,GO:0006210,thymine catabolic process,2
BP,GO:0006223,uracil salvage,2
BP,GO:0006231,dTMP biosynthetic process,2
BP,GO:0006253,dCTP catabolic process,2
BP,GO:0006278,RNA-templated DNA biosynthetic process,2
BP,GO:0006282,regulation of DNA repair,2
BP,GO:0006287,"base-excision repair, gap-filling",2
BP,GO:0006315,homing of group II introns,2
BP,GO:0006420,arginyl-tRNA aminoacylation,2
BP,GO:0006425,glutaminyl-tRNA aminoacylation,2
BP,GO:0006436,tryptophanyl-tRNA aminoacylation,2
BP,GO:0006493,protein O-linked glycosylation,2
BP,GO:0006499,N-terminal protein myristoylation,2
BP,GO:0006525,arginine metabolic process,2
BP,GO:0006527,L-arginine catabolic process,2
BP,GO:0006528,asparagine metabolic process,2
BP,GO:0006544,glycine metabolic process,2
BP,GO:0006560,proline metabolic process,2
BP,GO:0006562,L-proline catabolic process,2
BP,GO:0006563,L-serine metabolic process,2
BP,GO:0006587,serotonin biosynthetic process from tryptophan,2
BP,GO:0006592,ornithine biosynthetic process,2
BP,GO:0006617,"SRP-dependent cotranslational protein targeting to membrane, signal sequence recognition",2
BP,GO:0006625,protein targeting to peroxisome,2
BP,GO:0006627,protein processing involved in protein targeting to mitochondrion,2
BP,GO:0006650,glycerophospholipid metabolic process,2
BP,GO:0006664,glycolipid metabolic process,2
BP,GO:0006666,3-keto-sphinganine metabolic process,2
BP,GO:0006695,cholesterol biosynthetic process,2
BP,GO:0006753,nucleoside phosphate metabolic process,2
BP,GO:0006761,dihydrofolate biosynthetic process,2
BP,GO:0006884,cell volume homeostasis,2
BP,GO:0006895,Golgi to endosome transport,2
BP,GO:0006949,syncytium formation,2
BP,GO:0007009,plasma membrane organization,2
BP,GO:0007039,protein catabolic process in the vacuole,2
BP,GO:0007127,meiosis I,2
BP,GO:0007130,synaptonemal complex assembly,2
BP,GO:0007189,adenylate cyclase-activating G protein-coupled receptor signaling pathway,2
BP,GO:0007323,peptide pheromone maturation,2
BP,GO:0008216,spermidine metabolic process,2
BP,GO:0008298,intracellular mRNA localization,2
BP,GO:0008608,attachment of spindle microtubules to kinetochore,2
BP,GO:0008655,pyrimidine-containing compound salvage,2
BP,GO:0009095,"aromatic amino acid family biosynthetic process, prephenate pathway",2
BP,GO:0009152,purine ribonucleotide biosynthetic process,2
BP,GO:0009156,ribonucleoside monophosphate biosynthetic process,2
BP,GO:0009168,purine ribonucleoside monophosphate biosynthetic process,2
BP,GO:0009398,FMN biosynthetic process,2
BP,GO:0009443,pyridoxal 5'-phosphate salvage,2
BP,GO:0009450,gamma-aminobutyric acid catabolic process,2
BP,GO:0009554,megasporogenesis,2
BP,GO:0009561,megagametogenesis,2
BP,GO:0009567,double fertilization forming a zygote and endosperm,2
BP,GO:0009650,UV protection,2
BP,GO:0009652,thigmotropism,2
BP,GO:0009729,detection of brassinosteroid stimulus,2
BP,GO:0009745,sucrose mediated signaling,2
BP,GO:0009832,plant-type cell wall biogenesis,2
BP,GO:0009863,salicylic acid mediated signaling pathway,2
BP,GO:0009877,nodulation,2
BP,GO:0009911,positive regulation of flower development,2
BP,GO:0010014,meristem initiation,2
BP,GO:0010015,root morphogenesis,2
BP,GO:0010022,meristem determinacy,2
BP,GO:0010028,xanthophyll cycle,2
BP,GO:0010031,circumnutation,2
BP,GO:0010075,regulation of meristem growth,2
BP,GO:0010091,trichome branching,2
BP,GO:0010112,regulation of systemic acquired resistance,2
BP,GO:0010115,regulation of abscisic acid biosynthetic process,2
BP,GO:0010136,ureide catabolic process,2
BP,GO:0010197,polar nucleus fusion,2
BP,GO:0010200,response to chitin,2
BP,GO:0010225,response to UV-C,2
BP,GO:0010241,ent-kaurene oxidation to kaurenoic acid,2
BP,GO:0010245,radial microtubular system formation,2
BP,GO:0010264,myo-inositol hexakisphosphate biosynthetic process,2
BP,GO:0010387,COP9 signalosome assembly,2
BP,GO:0010431,seed maturation,2
BP,GO:0010446,response to alkaline pH,2
BP,GO:0010478,chlororespiration,2
BP,GO:0010496,intercellular transport,2
BP,GO:0010508,positive regulation of autophagy,2
BP,GO:0010581,regulation of starch biosynthetic process,2
BP,GO:0010584,pollen exine formation,2
BP,GO:0015012,heparan sulfate proteoglycan biosynthetic process,2
BP,GO:0015789,UDP-N-acetylgalactosamine transmembrane transport,2
BP,GO:0015840,urea transport,2
BP,GO:0015910,long-chain fatty acid import into peroxisome,2
BP,GO:0015940,pantothenate biosynthetic process,2
BP,GO:0015994,chlorophyll metabolic process,2
BP,GO:0016055,Wnt signaling pathway,2
BP,GO:0016480,negative regulation of transcription by RNA polymerase III,2
BP,GO:0016482,cytosolic transport,2
BP,GO:0017003,protein-heme linkage,2
BP,GO:0017007,protein-bilin linkage,2
BP,GO:0017038,protein import,2
BP,GO:0017126,nucleologenesis,2
BP,GO:0018022,peptidyl-lysine methylation,2
BP,GO:0018160,peptidyl-pyrromethane cofactor linkage,2
BP,GO:0018279,protein N-linked glycosylation via asparagine,2
BP,GO:0018283,iron incorporation into metallo-sulfur cluster,2
BP,GO:0019216,regulation of lipid metabolic process,2
BP,GO:0019243,methylglyoxal catabolic process to D-lactate via S-lactoyl-glutathione,2
BP,GO:0019365,pyridine nucleotide salvage,2
BP,GO:0019367,"fatty acid elongation, saturated fatty acid",2
BP,GO:0019379,"sulfate assimilation, phosphoadenylyl sulfate reduction by phosphoadenylyl-sulfate reductase (thioredoxin)",2
BP,GO:0019427,acetyl-CoA biosynthetic process from acetate,2
BP,GO:0019433,triglyceride catabolic process,2
BP,GO:0019673,GDP-mannose metabolic process,2
BP,GO:0019693,ribose phosphate metabolic process,2
BP,GO:0023052,signaling,2
BP,GO:0030010,establishment of cell polarity,2
BP,GO:0030029,actin filament-based process,2
BP,GO:0030155,regulation of cell adhesion,2
BP,GO:0030177,positive regulation of Wnt signaling pathway,2
BP,GO:0030202,heparin proteoglycan metabolic process,2
BP,GO:0031538,negative regulation of anthocyanin metabolic process,2
BP,GO:0031567,mitotic cell size control checkpoint signaling,2
BP,GO:0031591,wybutosine biosynthetic process,2
BP,GO:0032049,cardiolipin biosynthetic process,2
BP,GO:0032204,regulation of telomere maintenance,2
BP,GO:0032367,intracellular cholesterol transport,2
BP,GO:0032418,lysosome localization,2
BP,GO:0032447,protein urmylation,2
BP,GO:0032933,SREBP signaling pathway,2
BP,GO:0033044,regulation of chromosome organization,2
BP,GO:0033260,nuclear DNA replication,2
BP,GO:0033353,S-adenosylmethionine cycle,2
BP,GO:0034058,endosomal vesicle fusion,2
BP,GO:0034087,establishment of mitotic sister chromatid cohesion,2
BP,GO:0034088,maintenance of mitotic sister chromatid cohesion,2
BP,GO:0034198,cellular response to amino acid starvation,2
BP,GO:0034213,quinolinate catabolic process,2
BP,GO:0034389,lipid droplet organization,2
BP,GO:0034398,telomere tethering at nuclear periphery,2
BP,GO:0034472,snRNA 3'-end processing,2
BP,GO:0034517,ribophagy,2
BP,GO:0034625,"fatty acid elongation, monounsaturated fatty acid",2
BP,GO:0034626,"fatty acid elongation, polyunsaturated fatty acid",2
BP,GO:0034628,'de novo' NAD+ biosynthetic process from L-aspartate,2
BP,GO:0034654,nucleobase-containing compound biosynthetic process,2
BP,GO:0034728,nucleosome organization,2
BP,GO:0034765,regulation of monoatomic ion transmembrane transport,2
BP,GO:0034982,mitochondrial protein processing,2
BP,GO:0035023,regulation of Rho protein signal transduction,2
BP,GO:0035246,peptidyl-arginine N-methylation,2
BP,GO:0035266,meristem growth,2
BP,GO:0035352,NAD transmembrane transport,2
BP,GO:0035372,protein localization to microtubule,2
BP,GO:0035513,oxidative RNA demethylation,2
BP,GO:0035600,tRNA methylthiolation,2
BP,GO:0042023,DNA endoreduplication,2
BP,GO:0042181,ketone biosynthetic process,2
BP,GO:0042262,DNA protection,2
BP,GO:0042327,positive regulation of phosphorylation,2
BP,GO:0042398,modified amino acid biosynthetic process,2
BP,GO:0042407,cristae formation,2
BP,GO:0042548,"regulation of photosynthesis, light reaction",2
BP,GO:0042726,flavin-containing compound metabolic process,2
BP,GO:0042760,very long-chain fatty acid catabolic process,2
BP,GO:0042790,nucleolar large rRNA transcription by RNA polymerase I,2
BP,GO:0042794,plastid rRNA transcription,2
BP,GO:0042816,vitamin B6 metabolic process,2
BP,GO:0042867,pyruvate catabolic process,2
BP,GO:0042948,salicin transport,2
BP,GO:0043043,peptide biosynthetic process,2
BP,GO:0043068,positive regulation of programmed cell death,2
BP,GO:0043111,replication fork arrest,2
BP,GO:0043407,negative regulation of MAP kinase activity,2
BP,GO:0043489,RNA stabilization,2
BP,GO:0043547,positive regulation of GTPase activity,2
BP,GO:0043634,polyadenylation-dependent ncRNA catabolic process,2
BP,GO:0043647,inositol phosphate metabolic process,2
BP,GO:0044571,[2Fe-2S] cluster assembly,2
BP,GO:0044818,mitotic G2/M transition checkpoint,2
BP,GO:0045004,DNA replication proofreading,2
BP,GO:0045017,glycerolipid biosynthetic process,2
BP,GO:0045041,protein import into mitochondrial intermembrane space,2
BP,GO:0045338,farnesyl diphosphate metabolic process,2
BP,GO:0045488,pectin metabolic process,2
BP,GO:0045717,negative regulation of fatty acid biosynthetic process,2
BP,GO:0045721,negative regulation of gluconeogenesis,2
BP,GO:0045732,positive regulation of protein catabolic process,2
BP,GO:0045815,transcription initiation-coupled chromatin remodeling,2
BP,GO:0045841,negative regulation of mitotic metaphase/anaphase transition,2
BP,GO:0045862,positive regulation of proteolysis,2
BP,GO:0045951,positive regulation of mitotic recombination,2
BP,GO:0045995,regulation of embryonic development,2
BP,GO:0046033,AMP metabolic process,2
BP,GO:0046040,IMP metabolic process,2
BP,GO:0046084,adenine biosynthetic process,2
BP,GO:0046135,pyrimidine nucleoside catabolic process,2
BP,GO:0046349,amino sugar biosynthetic process,2
BP,GO:0046395,carboxylic acid catabolic process,2
BP,GO:0046496,nicotinamide nucleotide metabolic process,2
BP,GO:0046521,sphingoid catabolic process,2
BP,GO:0046685,response to arsenic-containing substance,2
BP,GO:0046710,GDP metabolic process,2
BP,GO:0046938,phytochelatin biosynthetic process,2
BP,GO:0046949,fatty-acyl-CoA biosynthetic process,2
BP,GO:0046951,ketone body biosynthetic process,2
BP,GO:0048194,Golgi vesicle budding,2
BP,GO:0048211,Golgi vesicle docking,2
BP,GO:0048250,iron import into the mitochondrion,2
BP,GO:0048284,organelle fusion,2
BP,GO:0048441,petal development,2
BP,GO:0048479,style development,2
BP,GO:0048481,plant ovule development,2
BP,GO:0048509,regulation of meristem development,2
BP,GO:0048574,"long-day photoperiodism, flowering",2
BP,GO:0048766,root hair initiation,2
BP,GO:0048833,specification of floral organ number,2
BP,GO:0050684,regulation of mRNA processing,2
BP,GO:0051169,nuclear transport,2
BP,GO:0051239,regulation of multicellular organismal process,2
BP,GO:0051291,protein heterooligomerization,2
BP,GO:0051410,detoxification of nitrogen compound,2
BP,GO:0051645,Golgi localization,2
BP,GO:0055075,potassium ion homeostasis,2
BP,GO:0055086,nucleobase-containing small molecule metabolic process,2
BP,GO:0055091,phospholipid homeostasis,2
BP,GO:0060906,negative regulation of regulatory ncRNA-mediated heterochromatin formation,2
BP,GO:0061458,reproductive system development,2
BP,GO:0061621,canonical glycolysis,2
BP,GO:0070059,intrinsic apoptotic signaling pathway in response to endoplasmic reticulum stress,2
BP,GO:0070143,mitochondrial alanyl-tRNA aminoacylation,2
BP,GO:0070197,meiotic attachment of telomere to nuclear envelope,2
BP,GO:0070212,protein poly-ADP-ribosylation,2
BP,GO:0070407,oxidation-dependent protein catabolic process,2
BP,GO:0070476,rRNA (guanine-N7)-methylation,2
BP,GO:0070478,"nuclear-transcribed mRNA catabolic process, 3'-5' exonucleolytic nonsense-mediated decay",2
BP,GO:0070676,intralumenal vesicle formation,2
BP,GO:0070898,RNA polymerase III preinitiation complex assembly,2
BP,GO:0071169,establishment of protein localization to chromatin,2
BP,GO:0071422,succinate transmembrane transport,2
BP,GO:0071486,cellular response to high light intensity,2
BP,GO:0071528,tRNA re-export from nucleus,2
BP,GO:0071709,membrane assembly,2
BP,GO:0071985,multivesicular body sorting pathway,2
BP,GO:0080065,4-alpha-methyl-delta7-sterol oxidation,2
BP,GO:0080153,negative regulation of reductive pentose-phosphate cycle,2
BP,GO:0080155,regulation of double fertilization forming a zygote and endosperm,2
BP,GO:0090266,regulation of mitotic cell cycle spindle assembly checkpoint,2
BP,GO:0090364,regulation of proteasome assembly,2
BP,GO:0090414,molybdate ion export from vacuole,2
BP,GO:0090435,protein localization to nuclear envelope,2
BP,GO:0090611,ubiquitin-independent protein catabolic process via the multivesicular body sorting pathway,2
BP,GO:0097237,cellular response to toxic substance,2
BP,GO:0097272,ammonium homeostasis,2
BP,GO:0097510,"base-excision repair, AP site formation via deaminated base removal",2
BP,GO:0097552,mitochondrial double-strand break repair via homologous recombination,2
BP,GO:0098609,cell-cell adhesion,2
BP,GO:0098629,trans-Golgi network membrane organization,2
BP,GO:0110095,cellular detoxification of aldehyde,2
BP,GO:0140352,export from cell,2
BP,GO:0140694,membraneless organelle assembly,2
BP,GO:1900036,positive regulation of cellular response to heat,2
BP,GO:1900069,regulation of cellular hyperosmotic salinity response,2
BP,GO:1900140,regulation of seedling development,2
BP,GO:1901371,regulation of leaf morphogenesis,2
BP,GO:1901562,response to paraquat,2
BP,GO:1901607,alpha-amino acid biosynthetic process,2
BP,GO:1903409,reactive oxygen species biosynthetic process,2
BP,GO:1904380,endoplasmic reticulum mannose trimming,2
BP,GO:1904382,mannose trimming involved in glycoprotein ERAD pathway,2
BP,GO:1904659,D-glucose transmembrane transport,2
BP,GO:2000059,negative regulation of ubiquitin-dependent protein catabolic process,2
BP,GO:2000377,regulation of reactive oxygen species metabolic process,2
BP,GO:2001057,reactive nitrogen species metabolic process,2
BP,GO:0000050,urea cycle,1
BP,GO:0000053,argininosuccinate metabolic process,1
BP,GO:0000388,spliceosome conformational change to release U4 (or U4atac) and U1 (or U11),1
BP,GO:0000448,"cleavage in ITS2 between 5.8S rRNA and LSU-rRNA of tricistronic rRNA transcript (SSU-rRNA, 5.8S rRNA, LSU-rRNA)",1
BP,GO:0000476,maturation of 4.5S rRNA,1
BP,GO:0000488,"maturation of LSU-rRNA from tetracistronic rRNA transcript (SSU-rRNA, LSU-rRNA, 4.5S-rRNA, 5S-rRNA)",1
BP,GO:0000489,"maturation of SSU-rRNA from tetracistronic rRNA transcript (SSU-rRNA, LSU-rRNA, 4.5S-rRNA, 5S-rRNA)",1
BP,GO:0000578,embryonic axis specification,1
BP,GO:0000707,meiotic DNA recombinase assembly,1
BP,GO:0000709,meiotic joint molecule formation,1
BP,GO:0000729,DNA double-strand break processing,1
BP,GO:0000741,karyogamy,1
BP,GO:0000919,cell plate assembly,1
BP,GO:0000959,mitochondrial RNA metabolic process,1
BP,GO:0001561,fatty acid alpha-oxidation,1
BP,GO:0001578,microtubule bundle formation,1
BP,GO:0002101,tRNA wobble cytosine modification,1
BP,GO:0002130,wobble position ribose methylation,1
BP,GO:0002213,defense response to insect,1
BP,GO:0002237,response to molecule of bacterial origin,1
BP,GO:0002238,response to molecule of fungal origin,1
BP,GO:0002679,respiratory burst involved in defense response,1
BP,GO:0002938,tRNA guanine ribose methylation,1
BP,GO:0003352,regulation of cilium movement,1
BP,GO:0005990,lactose catabolic process,1
BP,GO:0005993,trehalose catabolic process,1
BP,GO:0006014,D-ribose metabolic process,1
BP,GO:0006040,amino sugar metabolic process,1
BP,GO:0006091,generation of precursor metabolites and energy,1
BP,GO:0006127,glycerol-3-phosphate shuttle,1
BP,GO:0006154,adenosine catabolic process,1
BP,GO:0006178,guanine salvage,1
BP,GO:0006208,pyrimidine nucleobase catabolic process,1
BP,GO:0006212,uracil catabolic process,1
BP,GO:0006226,dUMP biosynthetic process,1
BP,GO:0006264,mitochondrial DNA replication,1
BP,GO:0006294,"nucleotide-excision repair, preincision complex assembly",1
BP,GO:0006361,transcription initiation at RNA polymerase I promoter,1
BP,GO:0006386,termination of RNA polymerase III transcription,1
BP,GO:0006408,snRNA export from nucleus,1
BP,GO:0006480,N-terminal protein amino acid methylation,1
BP,GO:0006481,C-terminal protein methylation,1
BP,GO:0006482,protein demethylation,1
BP,GO:0006516,glycoprotein catabolic process,1
BP,GO:0006521,regulation of amino acid metabolic process,1
BP,GO:0006553,lysine metabolic process,1
BP,GO:0006570,tyrosine metabolic process,1
BP,GO:0006581,acetylcholine catabolic process,1
BP,GO:0006641,triglyceride metabolic process,1
BP,GO:0006679,glucosylceramide biosynthetic process,1
BP,GO:0006691,leukotriene metabolic process,1
BP,GO:0006715,farnesol biosynthetic process,1
BP,GO:0006721,terpenoid metabolic process,1
BP,GO:0006740,NADPH regeneration,1
BP,GO:0006742,NADP+ catabolic process,1
BP,GO:0006771,riboflavin metabolic process,1
BP,GO:0006778,porphyrin-containing compound metabolic process,1
BP,GO:0006780,uroporphyrinogen III biosynthetic process,1
BP,GO:0006839,mitochondrial transport,1
BP,GO:0006858,extracellular transport,1
BP,GO:0006883,intracellular sodium ion homeostasis,1
BP,GO:0006968,cellular defense response,1
BP,GO:0006972,hyperosmotic response,1
BP,GO:0007040,lysosome organization,1
BP,GO:0007041,lysosomal transport,1
BP,GO:0007043,cell-cell junction assembly,1
BP,GO:0007096,regulation of exit from mitosis,1
BP,GO:0007155,cell adhesion,1
BP,GO:0007229,integrin-mediated signaling pathway,1
BP,GO:0007584,response to nutrient,1
BP,GO:0008153,4-aminobenzoate biosynthetic process,1
BP,GO:0008614,pyridoxine metabolic process,1
BP,GO:0009063,amino acid catabolic process,1
BP,GO:0009142,nucleoside triphosphate biosynthetic process,1
BP,GO:0009187,cyclic nucleotide metabolic process,1
BP,GO:0009204,deoxyribonucleoside triphosphate catabolic process,1
BP,GO:0009220,pyrimidine ribonucleotide biosynthetic process,1
BP,GO:0009226,nucleotide-sugar biosynthetic process,1
BP,GO:0009264,deoxyribonucleotide catabolic process,1
BP,GO:0009266,response to temperature stimulus,1
BP,GO:0009311,oligosaccharide metabolic process,1
BP,GO:0009312,oligosaccharide biosynthetic process,1
BP,GO:0009413,response to flooding,1
BP,GO:0009436,glyoxylate catabolic process,1
BP,GO:0009440,cyanate catabolic process,1
BP,GO:0009629,response to gravity,1
BP,GO:0009645,response to low light intensity stimulus,1
BP,GO:0009647,skotomorphogenesis,1
BP,GO:0009660,amyloplast organization,1
BP,GO:0009662,etioplast organization,1
BP,GO:0009687,abscisic acid metabolic process,1
BP,GO:0009789,positive regulation of abscisic acid-activated signaling pathway,1
BP,GO:0009805,coumarin biosynthetic process,1
BP,GO:0009880,embryonic pattern specification,1
BP,GO:0009888,tissue development,1
BP,GO:0009893,positive regulation of metabolic process,1
BP,GO:0009902,chloroplast relocation,1
BP,GO:0009933,meristem structural organization,1
BP,GO:0009938,negative regulation of gibberellic acid mediated signaling pathway,1
BP,GO:0010024,phytochromobilin biosynthetic process,1
BP,GO:0010030,positive regulation of seed germination,1
BP,GO:0010043,response to zinc ion,1
BP,GO:0010067,procambium histogenesis,1
BP,GO:0010080,regulation of floral meristem growth,1
BP,GO:0010113,negative regulation of systemic acquired resistance,1
BP,GO:0010121,L-arginine catabolic process to proline via ornithine,1
BP,GO:0010162,seed dormancy process,1
BP,GO:0010165,response to X-ray,1
BP,GO:0010184,cytokinin transport,1
BP,GO:0010187,negative regulation of seed germination,1
BP,GO:0010234,anther wall tapetum cell fate specification,1
BP,GO:0010235,guard mother cell cytokinesis,1
BP,GO:0010244,response to low fluence blue light stimulus by blue low-fluence system,1
BP,GO:0010255,glucose mediated signaling pathway,1
BP,GO:0010257,NADH dehydrogenase complex assembly,1
BP,GO:0010262,somatic embryogenesis,1
BP,GO:0010269,response to selenium ion,1
BP,GO:0010270,photosystem II oxygen evolving complex assembly,1
BP,GO:0010273,detoxification of copper ion,1
BP,GO:0010275,NAD(P)H dehydrogenase complex assembly,1
BP,GO:0010306,rhamnogalacturonan II biosynthetic process,1
BP,GO:0010312,detoxification of zinc ion,1
BP,GO:0010372,positive regulation of gibberellin biosynthetic process,1
BP,GO:0010376,stomatal complex formation,1
BP,GO:0010380,regulation of chlorophyll biosynthetic process,1
BP,GO:0010444,guard mother cell differentiation,1
BP,GO:0010449,root meristem growth,1
BP,GO:0010499,proteasomal ubiquitin-independent protein catabolic process,1
BP,GO:0010507,negative regulation of autophagy,1
BP,GO:0010555,response to mannitol,1
BP,GO:0010569,regulation of double-strand break repair via homologous recombination,1
BP,GO:0010597,green leaf volatile biosynthetic process,1
BP,GO:0010604,positive regulation of macromolecule metabolic process,1
BP,GO:0010774,meiotic strand invasion involved in reciprocal meiotic recombination,1
BP,GO:0010777,meiotic mismatch repair involved in reciprocal meiotic recombination,1
BP,GO:0010792,DNA double-strand break processing involved in repair via single-strand annealing,1
BP,GO:0010817,regulation of hormone levels,1
BP,GO:0010821,regulation of mitochondrion organization,1
BP,GO:0010833,telomere maintenance via telomere lengthening,1
BP,GO:0010845,positive regulation of reciprocal meiotic recombination,1
BP,GO:0010896,regulation of triglyceride catabolic process,1
BP,GO:0010929,positive regulation of auxin mediated signaling pathway,1
BP,GO:0010930,negative regulation of auxin mediated signaling pathway,1
BP,GO:0010965,regulation of mitotic sister chromatid separation,1
BP,GO:0010966,regulation of phosphate transport,1
BP,GO:0010968,regulation of microtubule nucleation,1
BP,GO:0010992,ubiquitin recycling,1
BP,GO:0015074,DNA integration,1
BP,GO:0015671,oxygen transport,1
BP,GO:0015690,aluminum cation transport,1
BP,GO:0015709,thiosulfate transport,1
BP,GO:0015729,oxaloacetate transport,1
BP,GO:0015739,sialic acid transport,1
BP,GO:0015741,fumarate transport,1
BP,GO:0015742,alpha-ketoglutarate transport,1
BP,GO:0015744,succinate transport,1
BP,GO:0015791,polyol transmembrane transport,1
BP,GO:0015793,glycerol transmembrane transport,1
BP,GO:0015811,L-cystine transport,1
BP,GO:0015851,nucleobase transport,1
BP,GO:0015919,peroxisomal membrane transport,1
BP,GO:0015938,coenzyme A catabolic process,1
BP,GO:0016072,rRNA metabolic process,1
BP,GO:0016106,sesquiterpenoid biosynthetic process,1
BP,GO:0016137,glycoside metabolic process,1
BP,GO:0016233,telomere capping,1
BP,GO:0016242,negative regulation of macroautophagy,1
BP,GO:0016441,post-transcriptional gene silencing,1
BP,GO:0016540,protein autoprocessing,1
BP,GO:0016598,protein arginylation,1
BP,GO:0017009,protein-phycocyanobilin linkage,1
BP,GO:0017186,"peptidyl-pyroglutamic acid biosynthetic process, using glutaminyl-peptide cyclotransferase",1
BP,GO:0018026,peptidyl-lysine monomethylation,1
BP,GO:0018343,protein farnesylation,1
BP,GO:0019249,lactate biosynthetic process,1
BP,GO:0019303,D-ribose catabolic process,1
BP,GO:0019305,dTDP-rhamnose biosynthetic process,1
BP,GO:0019310,inositol catabolic process,1
BP,GO:0019321,pentose metabolic process,1
BP,GO:0019478,D-amino acid catabolic process,1
BP,GO:0019481,"L-alanine catabolic process, by transamination",1
BP,GO:0019483,beta-alanine biosynthetic process,1
BP,GO:0019544,L-arginine catabolic process to L-glutamate,1
BP,GO:0019605,butyrate metabolic process,1
BP,GO:0019628,urate catabolic process,1
BP,GO:0019677,NAD+ catabolic process,1
BP,GO:0019740,nitrogen utilization,1
BP,GO:0019761,glucosinolate biosynthetic process,1
BP,GO:0019805,quinolinate biosynthetic process,1
BP,GO:0019988,charged-tRNA amino acid modification,1
BP,GO:0022613,ribonucleoprotein complex biogenesis,1
BP,GO:0030007,intracellular potassium ion homeostasis,1
BP,GO:0030031,cell projection assembly,1
BP,GO:0030071,regulation of mitotic metaphase/anaphase transition,1
BP,GO:0030149,sphingolipid catabolic process,1
BP,GO:0030186,melatonin metabolic process,1
BP,GO:0030258,lipid modification,1
BP,GO:0030327,prenylated protein catabolic process,1
BP,GO:0030328,prenylcysteine catabolic process,1
BP,GO:0030644,intracellular chloride ion homeostasis,1
BP,GO:0030845,phospholipase C-inhibiting G protein-coupled receptor signaling pathway,1
BP,GO:0030866,cortical actin cytoskeleton organization,1
BP,GO:0031048,regulatory ncRNA-mediated heterochromatin formation,1
BP,GO:0031054,pre-miRNA processing,1
BP,GO:0031179,peptide modification,1
BP,GO:0031293,membrane protein intracellular domain proteolysis,1
BP,GO:0031338,regulation of vesicle fusion,1
BP,GO:0031534,minus-end directed microtubule sliding,1
BP,GO:0031540,regulation of anthocyanin biosynthetic process,1
BP,GO:0031623,receptor internalization,1
BP,GO:0032042,mitochondrial DNA metabolic process,1
BP,GO:0032210,regulation of telomere maintenance via telomerase,1
BP,GO:0032263,GMP salvage,1
BP,GO:0032467,positive regulation of cytokinesis,1
BP,GO:0032483,regulation of Rab protein signal transduction,1
BP,GO:0032780,negative regulation of ATP-dependent activity,1
BP,GO:0032785,"negative regulation of DNA-templated transcription, elongation",1
BP,GO:0032885,regulation of polysaccharide biosynthetic process,1
BP,GO:0032955,regulation of division septum assembly,1
BP,GO:0032963,collagen metabolic process,1
BP,GO:0032970,regulation of actin filament-based process,1
BP,GO:0033013,tetrapyrrole metabolic process,1
BP,GO:0033045,regulation of sister chromatid segregation,1
BP,GO:0033212,iron import into cell,1
BP,GO:0033316,meiotic spindle assembly checkpoint signaling,1
BP,GO:0033332,ent-kaurene biosynthetic process,1
BP,GO:0033354,chlorophyll cycle,1
BP,GO:0033384,geranyl diphosphate biosynthetic process,1
BP,GO:0033388,putrescine biosynthetic process from arginine,1
BP,GO:0033389,"putrescine biosynthetic process from arginine, via agmatine",1
BP,GO:0033396,beta-alanine biosynthetic process via 3-ureidopropionate,1
BP,GO:0033468,CMP-keto-3-deoxy-D-manno-octulosonic acid biosynthetic process,1
BP,GO:0033484,intracellular nitric oxide homeostasis,1
BP,GO:0033491,coniferin metabolic process,1
BP,GO:0033591,response to L-ascorbic acid,1
BP,GO:0034085,establishment of sister chromatid cohesion,1
BP,GO:0034196,acylglycerol transport,1
BP,GO:0034203,glycolipid translocation,1
BP,GO:0034214,protein hexamerization,1
BP,GO:0034224,cellular response to zinc ion starvation,1
BP,GO:0034337,RNA folding,1
BP,GO:0034462,small-subunit processome assembly,1
BP,GO:0034477,U6 snRNA 3'-end processing,1
BP,GO:0034486,vacuolar transmembrane transport,1
BP,GO:0034498,early endosome to Golgi transport,1
BP,GO:0034501,protein localization to kinetochore,1
BP,GO:0034504,protein localization to nucleus,1
BP,GO:0034756,regulation of iron ion transport,1
BP,GO:0035264,multicellular organism growth,1
BP,GO:0035269,protein O-linked mannosylation,1
BP,GO:0035350,FAD transmembrane transport,1
BP,GO:0036066,protein O-linked fucosylation,1
BP,GO:0036172,thiamine salvage,1
BP,GO:0038066,p38MAPK cascade,1
BP,GO:0040015,negative regulation of multicellular organism growth,1
BP,GO:0040031,snRNA modification,1
BP,GO:0042180,ketone metabolic process,1
BP,GO:0042183,formate catabolic process,1
BP,GO:0042246,tissue regeneration,1
BP,GO:0042335,cuticle development,1
BP,GO:0042350,GDP-L-fucose biosynthetic process,1
BP,GO:0042352,GDP-L-fucose salvage,1
BP,GO:0042364,water-soluble vitamin biosynthetic process,1
BP,GO:0042428,serotonin metabolic process,1
BP,GO:0042558,pteridine-containing compound metabolic process,1
BP,GO:0042559,pteridine-containing compound biosynthetic process,1
BP,GO:0042659,regulation of cell fate specification,1
BP,GO:0042723,thiamine-containing compound metabolic process,1
BP,GO:0042758,long-chain fatty acid catabolic process,1
BP,GO:0042759,long-chain fatty acid biosynthetic process,1
BP,GO:0042780,tRNA 3'-end processing,1
BP,GO:0042789,mRNA transcription by RNA polymerase II,1
BP,GO:0042868,antisense RNA metabolic process,1
BP,GO:0043007,maintenance of rDNA,1
BP,GO:0043041,amino acid activation for nonribosomal peptide biosynthetic process,1
BP,GO:0043065,positive regulation of apoptotic process,1
BP,GO:0043066,negative regulation of apoptotic process,1
BP,GO:0043086,negative regulation of catalytic activity,1
BP,GO:0043132,NAD transport,1
BP,GO:0043254,regulation of protein-containing complex assembly,1
BP,GO:0043408,regulation of MAPK cascade,1
BP,GO:0043447,alkane biosynthetic process,1
BP,GO:0043461,proton-transporting ATP synthase complex assembly,1
BP,GO:0043504,mitochondrial DNA repair,1
BP,GO:0043609,regulation of carbon utilization,1
BP,GO:0043648,dicarboxylic acid metabolic process,1
BP,GO:0043687,post-translational protein modification,1
BP,GO:0043693,monoterpene biosynthetic process,1
BP,GO:0044038,cell wall macromolecule biosynthetic process,1
BP,GO:0044070,regulation of monoatomic anion transport,1
BP,GO:0044238,primary metabolic process,1
BP,GO:0044283,small molecule biosynthetic process,1
BP,GO:0044528,regulation of mitochondrial mRNA stability,1
BP,GO:0044747,pre-miRNA 3'-end processing,1
BP,GO:0044778,meiotic DNA integrity checkpoint signaling,1
BP,GO:0044786,cell cycle DNA replication,1
BP,GO:0044794,positive regulation by host of viral process,1
BP,GO:0045026,plasma membrane fusion,1
BP,GO:0045050,protein insertion into ER membrane by stop-transfer membrane-anchor sequence,1
BP,GO:0045089,positive regulation of innate immune response,1
BP,GO:0045143,homologous chromosome segregation,1
BP,GO:0045339,farnesyl diphosphate catabolic process,1
BP,GO:0045787,positive regulation of cell cycle,1
BP,GO:0045824,negative regulation of innate immune response,1
BP,GO:0045900,negative regulation of translational elongation,1
BP,GO:0045931,positive regulation of mitotic cell cycle,1
BP,GO:0045948,positive regulation of translational initiation,1
BP,GO:0046081,dUTP catabolic process,1
BP,GO:0046100,hypoxanthine metabolic process,1
BP,GO:0046103,inosine biosynthetic process,1
BP,GO:0046104,thymidine metabolic process,1
BP,GO:0046110,xanthine metabolic process,1
BP,GO:0046131,pyrimidine ribonucleoside metabolic process,1
BP,GO:0046167,glycerol-3-phosphate biosynthetic process,1
BP,GO:0046184,aldehyde biosynthetic process,1
BP,GO:0046364,monosaccharide biosynthetic process,1
BP,GO:0046452,dihydrofolate metabolic process,1
BP,GO:0046473,phosphatidic acid metabolic process,1
BP,GO:0046655,folic acid metabolic process,1
BP,GO:0046741,"transport of virus in host, tissue to tissue",1
BP,GO:0046900,tetrahydrofolylpolyglutamate metabolic process,1
BP,GO:0047484,regulation of response to osmotic stress,1
BP,GO:0048235,pollen sperm cell differentiation,1
BP,GO:0048439,flower morphogenesis,1
BP,GO:0048444,floral organ morphogenesis,1
BP,GO:0048575,"short-day photoperiodism, flowering",1
BP,GO:0048576,"positive regulation of short-day photoperiodism, flowering",1
BP,GO:0048581,negative regulation of post-embryonic development,1
BP,GO:0048587,"regulation of short-day photoperiodism, flowering",1
BP,GO:0048654,anther morphogenesis,1
BP,GO:0048657,anther wall tapetum cell differentiation,1
BP,GO:0048870,cell motility,1
BP,GO:0050658,RNA transport,1
BP,GO:0050688,regulation of defense response to virus,1
BP,GO:0050790,regulation of catalytic activity,1
BP,GO:0050891,multicellular organismal-level water homeostasis,1
BP,GO:0051053,negative regulation of DNA metabolic process,1
BP,GO:0051170,import into nucleus,1
BP,GO:0051246,regulation of protein metabolic process,1
BP,GO:0051307,meiotic chromosome separation,1
BP,GO:0051383,kinetochore organization,1
BP,GO:0051647,nucleus localization,1
BP,GO:0051764,actin crosslink formation,1
BP,GO:0051776,detection of redox state,1
BP,GO:0051851,host-mediated perturbation of symbiont process,1
BP,GO:0051987,positive regulation of attachment of spindle microtubules to kinetochore,1
BP,GO:0052837,thiazole biosynthetic process,1
BP,GO:0055078,sodium ion homeostasis,1
BP,GO:0060147,regulation of post-transcriptional gene silencing,1
BP,GO:0060211,regulation of nuclear-transcribed mRNA poly(A) tail shortening,1
BP,GO:0060213,positive regulation of nuclear-transcribed mRNA poly(A) tail shortening,1
BP,GO:0060627,regulation of vesicle-mediated transport,1
BP,GO:0060771,phyllotactic patterning,1
BP,GO:0060966,regulation of gene silencing by regulatory ncRNA,1
BP,GO:0061015,snRNA import into nucleus,1
BP,GO:0061504,cyclic threonylcarbamoyladenosine biosynthetic process,1
BP,GO:0061635,regulation of protein complex stability,1
BP,GO:0061936,fusion of sperm to egg plasma membrane involved in double fertilization forming a zygote and endosperm,1
BP,GO:0062075,pollen aperture formation,1
BP,GO:0065003,protein-containing complex assembly,1
BP,GO:0070096,mitochondrial outer membrane translocase complex assembly,1
BP,GO:0070158,mitochondrial seryl-tRNA aminoacylation,1
BP,GO:0070291,N-acylethanolamine metabolic process,1
BP,GO:0070481,"nuclear-transcribed mRNA catabolic process, non-stop decay",1
BP,GO:0070651,nonfunctional rRNA decay,1
BP,GO:0070682,proteasome regulatory particle assembly,1
BP,GO:0070813,hydrogen sulfide metabolic process,1
BP,GO:0070899,mitochondrial tRNA wobble uridine modification,1
BP,GO:0070900,mitochondrial tRNA modification,1
BP,GO:0070901,mitochondrial tRNA methylation,1
BP,GO:0070914,UV-damage excision repair,1
BP,GO:0070966,"nuclear-transcribed mRNA catabolic process, no-go decay",1
BP,GO:0070987,error-free translesion synthesis,1
BP,GO:0070988,demethylation,1
BP,GO:0071025,RNA surveillance,1
BP,GO:0071027,nuclear RNA surveillance,1
BP,GO:0071031,nuclear mRNA surveillance of mRNA 3'-end processing,1
BP,GO:0071139,resolution of DNA recombination intermediates,1
BP,GO:0071140,resolution of mitotic recombination intermediates,1
BP,GO:0071266,'de novo' L-methionine biosynthetic process,1
BP,GO:0071280,cellular response to copper ion,1
BP,GO:0071329,cellular response to sucrose stimulus,1
BP,GO:0071333,cellular response to glucose stimulus,1
BP,GO:0071369,cellular response to ethylene stimulus,1
BP,GO:0071395,cellular response to jasmonic acid stimulus,1
BP,GO:0071398,cellular response to fatty acid,1
BP,GO:0071446,cellular response to salicylic acid stimulus,1
BP,GO:0071454,cellular response to anoxia,1
BP,GO:0071456,cellular response to hypoxia,1
BP,GO:0071457,cellular response to ozone,1
BP,GO:0071475,cellular hyperosmotic salinity response,1
BP,GO:0071479,cellular response to ionizing radiation,1
BP,GO:0071480,cellular response to gamma radiation,1
BP,GO:0071482,cellular response to light stimulus,1
BP,GO:0071484,cellular response to light intensity,1
BP,GO:0071492,cellular response to UV-A,1
BP,GO:0071493,cellular response to UV-B,1
BP,GO:0071494,cellular response to UV-C,1
BP,GO:0071562,nucleus-vacuole junction assembly,1
BP,GO:0071918,urea transmembrane transport,1
BP,GO:0071932,replication fork reversal,1
BP,GO:0071951,conversion of methionyl-tRNA to N-formyl-methionyl-tRNA,1
BP,GO:0072356,chromosome passenger complex localization to kinetochore,1
BP,GO:0072387,flavin adenine dinucleotide metabolic process,1
BP,GO:0072423,response to DNA damage checkpoint signaling,1
BP,GO:0072522,purine-containing compound biosynthetic process,1
BP,GO:0072593,reactive oxygen species metabolic process,1
BP,GO:0072663,establishment of protein localization to peroxisome,1
BP,GO:0080028,nitrile biosynthetic process,1
BP,GO:0080040,positive regulation of cellular response to phosphate starvation,1
BP,GO:0080121,AMP transport,1
BP,GO:0080148,negative regulation of response to water deprivation,1
BP,GO:0080168,abscisic acid transport,1
BP,GO:0080177,plastoglobule organization,1
BP,GO:0080186,developmental vegetative growth,1
BP,GO:0080187,floral organ senescence,1
BP,GO:0089709,L-histidine transmembrane transport,1
BP,GO:0090069,regulation of ribosome biogenesis,1
BP,GO:0090071,negative regulation of ribosome biogenesis,1
BP,GO:0090148,membrane fission,1
BP,GO:0090173,regulation of synaptonemal complex assembly,1
BP,GO:0090228,positive regulation of red or far-red light signaling pathway,1
BP,GO:0090310,negative regulation of DNA methylation-dependent heterochromatin formation,1
BP,GO:0090332,stomatal closure,1
BP,GO:0090374,oligopeptide export from mitochondrion,1
BP,GO:0090391,granum assembly,1
BP,GO:0090392,sepal giant cell differentiation,1
BP,GO:0090558,plant epidermis development,1
BP,GO:0090617,mitochondrial mRNA 5'-end processing,1
BP,GO:0090627,plant epidermal cell differentiation,1
BP,GO:0090656,t-circle formation,1
BP,GO:0090657,telomeric loop disassembly,1
BP,GO:0090693,plant organ senescence,1
BP,GO:0090709,regulation of timing of plant organ formation,1
BP,GO:0097009,energy homeostasis,1
BP,GO:0097036,regulation of plasma membrane sterol distribution,1
BP,GO:0097051,establishment of protein localization to endoplasmic reticulum membrane,1
BP,GO:0097222,mitochondrial mRNA polyadenylation,1
BP,GO:0097250,mitochondrial respirasome assembly,1
BP,GO:0097359,UDP-glucosylation,1
BP,GO:0097466,ubiquitin-dependent glycoprotein ERAD pathway,1
BP,GO:0097681,double-strand break repair via alternative nonhomologous end joining,1
BP,GO:0098586,cellular response to virus,1
BP,GO:0098702,adenine import across plasma membrane,1
BP,GO:0098710,guanine import across plasma membrane,1
BP,GO:0098711,iron ion import across plasma membrane,1
BP,GO:0098721,uracil import across plasma membrane,1
BP,GO:0098849,cellular detoxification of cadmium ion,1
BP,GO:0099116,tRNA 5'-end processing,1
BP,GO:0106044,guanine deglycation,1
BP,GO:0140115,export across plasma membrane,1
BP,GO:0141137,"positive regulation of gene expression, epigenetic",1
BP,GO:0141194,siRNA-mediated heterochromatin formation,1
BP,GO:1900035,negative regulation of cellular response to heat,1
BP,GO:1900055,regulation of leaf senescence,1
BP,GO:1900425,negative regulation of defense response to bacterium,1
BP,GO:1900426,positive regulation of defense response to bacterium,1
BP,GO:1900864,mitochondrial RNA modification,1
BP,GO:1901137,carbohydrate derivative biosynthetic process,1
BP,GO:1901656,glycoside transport,1
BP,GO:1901991,negative regulation of mitotic cell cycle phase transition,1
BP,GO:1902025,nitrate import,1
BP,GO:1902369,negative regulation of RNA catabolic process,1
BP,GO:1902806,regulation of cell cycle G1/S phase transition,1
BP,GO:1903352,L-ornithine transmembrane transport,1
BP,GO:1903826,L-arginine transmembrane transport,1
BP,GO:1904430,negative regulation of t-circle formation,1
BP,GO:1904812,rRNA acetylation involved in maturation of SSU-rRNA,1
BP,GO:1905392,plant organ morphogenesis,1
BP,GO:1905614,negative regulation of developmental vegetative growth,1
BP,GO:1905615,positive regulation of developmental vegetative growth,1
BP,GO:1905623,positive regulation of leaf development,1
BP,GO:1905897,regulation of response to endoplasmic reticulum stress,1
BP,GO:1990052,ER to chloroplast lipid transport,1
BP,GO:1990074,polyuridylation-dependent mRNA catabolic process,1
BP,GO:1990110,callus formation,1
BP,GO:1990113,RNA polymerase I assembly,1
BP,GO:1990114,RNA polymerase II core complex assembly,1
BP,GO:1990115,RNA polymerase III assembly,1
BP,GO:1990180,mitochondrial tRNA 3'-end processing,1
BP,GO:1990428,miRNA transport,1
BP,GO:2000058,regulation of ubiquitin-dependent protein catabolic process,1
BP,GO:2000379,positive regulation of reactive oxygen species metabolic process,1
BP,GO:2000640,positive regulation of SREBP signaling pathway,1
CC,GO:0005634,nucleus,5712
CC,GO:0016020,membrane,4535
CC,GO:0005737,cytoplasm,3391
CC,GO:0005886,plasma membrane,1844
CC,GO:0005829,cytosol,994
CC,GO:0009507,chloroplast,852
CC,GO:1990904,ribonucleoprotein complex,763
CC,GO:0005739,mitochondrion,711
CC,GO:0005840,ribosome,657
CC,GO:0005783,endoplasmic reticulum,590
CC,GO:0000139,Golgi membrane,568
CC,GO:0005576,extracellular region,557
CC,GO:0005794,Golgi apparatus,500
CC,GO:0005789,endoplasmic reticulum membrane,498
CC,GO:0012505,endomembrane system,474
CC,GO:0005730,nucleolus,325
CC,GO:0005874,microtubule,271
CC,GO:0005743,mitochondrial inner membrane,252
CC,GO:0009535,chloroplast thylakoid membrane,226
CC,GO:0005856,cytoskeleton,206
CC,GO:0009505,plant-type cell wall,203
CC,GO:0005694,chromosome,196
CC,GO:0009536,plastid,192
CC,GO:0048046,apoplast,177
CC,GO:0022625,cytosolic large ribosomal subunit,161
CC,GO:0005681,spliceosomal complex,156
CC,GO:0022627,cytosolic small ribosomal subunit,147
CC,GO:0009570,chloroplast stroma,144
CC,GO:0031410,cytoplasmic vesicle,124
CC,GO:0005774,vacuolar membrane,118
CC,GO:0000785,chromatin,114
CC,GO:0005777,peroxisome,112
CC,GO:0000786,nucleosome,109
CC,GO:0009523,photosystem II,109
CC,GO:0005768,endosome,100
CC,GO:0000428,DNA-directed RNA polymerase complex,98
CC,GO:0000502,proteasome complex,97
CC,GO:0009506,plasmodesma,96
CC,GO:0005615,extracellular space,93
CC,GO:0098552,side of membrane,93
CC,GO:0005654,nucleoplasm,90
CC,GO:0015935,small ribosomal subunit,86
CC,GO:0005773,vacuole,84
CC,GO:0031969,chloroplast membrane,79
CC,GO:0000932,P-body,78
CC,GO:0005759,mitochondrial matrix,78
CC,GO:0000307,cyclin-dependent protein kinase holoenzyme complex,73
CC,GO:0010008,endosome membrane,73
CC,GO:0071013,catalytic step 2 spliceosome,68
CC,GO:0045271,respiratory chain complex I,67
CC,GO:0005635,nuclear envelope,66
CC,GO:0015629,actin cytoskeleton,65
CC,GO:0032040,small-subunit processome,65
CC,GO:0019005,SCF ubiquitin ligase complex,64
CC,GO:0045259,proton-transporting ATP synthase complex,64
CC,GO:0000145,exocyst,62
CC,GO:0015934,large ribosomal subunit,62
CC,GO:0005819,spindle,61
CC,GO:0009941,chloroplast envelope,61
CC,GO:0030015,CCR4-NOT core complex,60
CC,GO:0005802,trans-Golgi network,59
CC,GO:0005764,lysosome,58
CC,GO:0030014,CCR4-NOT complex,57
CC,GO:0016592,mediator complex,56
CC,GO:0031201,SNARE complex,56
CC,GO:0009522,photosystem I,54
CC,GO:0016607,nuclear speck,54
CC,GO:0009705,plant-type vacuole membrane,53
CC,GO:0005643,nuclear pore,51
CC,GO:0005741,mitochondrial outer membrane,48
CC,GO:0005762,mitochondrial large ribosomal subunit,48
CC,GO:0009707,chloroplast outer membrane,48
CC,GO:0032991,protein-containing complex,48
CC,GO:0000151,ubiquitin ligase complex,45
CC,GO:0032580,Golgi cisterna membrane,44
CC,GO:0005839,proteasome core complex,43
CC,GO:0046540,U4/U6 x U5 tri-snRNP complex,43
CC,GO:0005667,transcription regulator complex,42
CC,GO:0005852,eukaryotic translation initiation factor 3 complex,40
CC,GO:0005788,endoplasmic reticulum lumen,38
CC,GO:0009706,chloroplast inner membrane,38
CC,GO:0015630,microtubule cytoskeleton,38
CC,GO:0005778,peroxisomal membrane,37
CC,GO:0009579,thylakoid,37
CC,GO:0030117,membrane coat,37
CC,GO:0005686,U2 snRNP,36
CC,GO:0071011,precatalytic spliceosome,36
CC,GO:0005682,U5 snRNP,34
CC,GO:0000776,kinetochore,33
CC,GO:0031966,mitochondrial membrane,33
CC,GO:0005618,cell wall,32
CC,GO:0005685,U1 snRNP,32
CC,GO:0005905,clathrin-coated pit,32
CC,GO:0009654,photosystem II oxygen evolving complex,32
CC,GO:0016602,CCAAT-binding factor complex,32
CC,GO:0030136,clathrin-coated vesicle,31
CC,GO:0043231,intracellular membrane-bounded organelle,31
CC,GO:0000159,protein phosphatase type 2A complex,30
CC,GO:0000176,nuclear exosome (RNase complex),30
CC,GO:0005769,early endosome,30
CC,GO:0030126,COPI vesicle coat,30
CC,GO:0005665,"RNA polymerase II, core complex",29
CC,GO:0030663,COPI-coated vesicle membrane,29
CC,GO:0055028,cortical microtubule,29
CC,GO:0009534,chloroplast thylakoid,28
CC,GO:0033290,eukaryotic 48S preinitiation complex,28
CC,GO:0005669,transcription factor TFIID complex,27
CC,GO:0005811,lipid droplet,27
CC,GO:0071004,U2-type prespliceosome,27
CC,GO:0000118,histone deacetylase complex,26
CC,GO:0005871,kinesin complex,26
CC,GO:0016282,eukaryotic 43S preinitiation complex,26
CC,GO:0031090,organelle membrane,26
CC,GO:0034702,monoatomic ion channel complex,26
CC,GO:0005666,RNA polymerase III complex,25
CC,GO:0005776,autophagosome,25
CC,GO:0000124,SAGA complex,24
CC,GO:0000127,transcription factor TFIIIC complex,24
CC,GO:0012507,ER to Golgi transport vesicle membrane,24
CC,GO:0035861,site of double-strand break,24
CC,GO:0080008,Cul4-RING E3 ubiquitin ligase complex,24
CC,GO:0000177,cytoplasmic exosome (RNase complex),23
CC,GO:0008540,"proteasome regulatory particle, base subcomplex",23
CC,GO:0030127,COPII vesicle coat,23
CC,GO:0033179,"proton-transporting V-type ATPase, V0 domain",23
CC,GO:0005680,anaphase-promoting complex,22
CC,GO:0005758,mitochondrial intermembrane space,22
CC,GO:0005771,multivesicular body,22
CC,GO:0019773,"proteasome core complex, alpha-subunit complex",22
CC,GO:0019898,extrinsic component of membrane,22
CC,GO:0030687,"preribosome, large subunit precursor",22
CC,GO:0070971,endoplasmic reticulum exit site,22
CC,GO:0000407,phagophore assembly site,21
CC,GO:0016459,myosin complex,21
CC,GO:0030134,COPII-coated ER to Golgi transport vesicle,21
CC,GO:0035267,NuA4 histone acetyltransferase complex,21
CC,GO:0000148,"1,3-beta-D-glucan synthase complex",20
CC,GO:0000178,exosome (RNase complex),20
CC,GO:0000781,"chromosome, telomeric region",20
CC,GO:0000815,ESCRT III complex,20
CC,GO:0005763,mitochondrial small ribosomal subunit,20
CC,GO:0005793,endoplasmic reticulum-Golgi intermediate compartment,20
CC,GO:0005815,microtubule organizing center,20
CC,GO:0005880,nuclear microtubule,20
CC,GO:0042651,thylakoid membrane,20
CC,GO:0043625,delta DNA polymerase complex,20
CC,GO:0045275,respiratory chain complex III,20
CC,GO:0000974,Prp19 complex,19
CC,GO:0005885,Arp2/3 protein complex,19
CC,GO:0022626,cytosolic ribosome,19
CC,GO:0031428,box C/D methylation guide snoRNP complex,19
CC,GO:0005765,lysosomal membrane,18
CC,GO:0009501,amyloplast,18
CC,GO:0031902,late endosome membrane,18
CC,GO:0031965,nuclear membrane,18
CC,GO:0000775,"chromosome, centromeric region",17
CC,GO:0009543,chloroplast thylakoid lumen,17
CC,GO:0010494,cytoplasmic stress granule,17
CC,GO:0031981,nuclear lumen,17
CC,GO:0042721,TIM22 mitochondrial import inner membrane insertion complex,17
CC,GO:0045254,pyruvate dehydrogenase complex,17
CC,GO:0046930,pore complex,17
CC,GO:0048188,Set1C/COMPASS complex,17
CC,GO:0005657,replication fork,16
CC,GO:0005663,DNA replication factor C complex,16
CC,GO:0005687,U4 snRNP,16
CC,GO:0005744,TIM23 mitochondrial import inner membrane translocase complex,16
CC,GO:0008541,"proteasome regulatory particle, lid subcomplex",16
CC,GO:0016272,prefoldin complex,16
CC,GO:0017119,Golgi transport complex,16
CC,GO:0030688,"preribosome, small subunit precursor",16
CC,GO:0042644,chloroplast nucleoid,16
CC,GO:0045273,respiratory chain complex II (succinate dehydrogenase),16
CC,GO:0048471,perinuclear region of cytoplasm,16
CC,GO:0000922,spindle pole,15
CC,GO:0005876,spindle microtubule,15
CC,GO:0008180,COP9 signalosome,15
CC,GO:0017059,serine palmitoyltransferase complex,15
CC,GO:0071014,post-mRNA release spliceosomal complex,15
CC,GO:0005684,U2-type spliceosomal complex,14
CC,GO:0005801,cis-Golgi network,14
CC,GO:0005832,chaperonin-containing T-complex,14
CC,GO:0009524,phragmoplast,14
CC,GO:0016593,Cdc73/Paf1 complex,14
CC,GO:0030131,clathrin adaptor complex,14
CC,GO:0030665,clathrin-coated vesicle membrane,14
CC,GO:0030686,90S preribosome,14
CC,GO:0031429,box H/ACA snoRNP complex,14
CC,GO:0034045,phagophore assembly site membrane,14
CC,GO:0035145,exon-exon junction complex,14
CC,GO:0072546,EMC complex,14
CC,GO:0098803,respiratory chain complex,14
CC,GO:0000243,commitment complex,13
CC,GO:0005736,RNA polymerase I complex,13
CC,GO:0005770,late endosome,13
CC,GO:0005786,"signal recognition particle, endoplasmic reticulum targeting",13
CC,GO:0008250,oligosaccharyltransferase complex,13
CC,GO:0010287,plastoglobule,13
CC,GO:0030121,AP-1 adaptor complex,13
CC,GO:0030659,cytoplasmic vesicle membrane,13
CC,GO:0032588,trans-Golgi network membrane,13
CC,GO:0042555,MCM complex,13
CC,GO:0042645,mitochondrial nucleoid,13
CC,GO:0070461,SAGA-type complex,13
CC,GO:0000221,"vacuolar proton-transporting V-type ATPase, V1 domain",12
CC,GO:0005689,U12-type spliceosomal complex,12
CC,GO:0005847,mRNA cleavage and polyadenylation specificity factor complex,12
CC,GO:0009368,endopeptidase Clp complex,12
CC,GO:0019774,"proteasome core complex, beta-subunit complex",12
CC,GO:0019867,outer membrane,12
CC,GO:0030125,clathrin vesicle coat,12
CC,GO:0031461,cullin-RING ubiquitin ligase complex,12
CC,GO:0032432,actin filament bundle,12
CC,GO:0034715,pICln-Sm protein complex,12
CC,GO:0072686,mitotic spindle,12
CC,GO:0090575,RNA polymerase II transcription regulator complex,12
CC,GO:0097526,spliceosomal tri-snRNP complex,12
CC,GO:0000123,histone acetyltransferase complex,11
CC,GO:0000812,Swr1 complex,11
CC,GO:0000930,gamma-tubulin complex,11
CC,GO:0005675,transcription factor TFIIH holo complex,11
CC,GO:0005787,signal peptidase complex,11
CC,GO:0008023,transcription elongation factor complex,11
CC,GO:0009898,cytoplasmic side of plasma membrane,11
CC,GO:0030008,TRAPP complex,11
CC,GO:0030658,transport vesicle membrane,11
CC,GO:0030915,Smc5-Smc6 complex,11
CC,GO:0031982,vesicle,11
CC,GO:0034707,chloride channel complex,11
CC,GO:0042995,cell projection,11
CC,GO:0048500,signal recognition particle,11
CC,GO:0055038,recycling endosome membrane,11
CC,GO:0097550,transcription preinitiation complex,11
CC,GO:0000794,condensed nuclear chromosome,10
CC,GO:0000813,ESCRT I complex,10
CC,GO:0005688,U6 snRNP,10
CC,GO:0005868,cytoplasmic dynein complex,10
CC,GO:0016281,eukaryotic translation initiation factor 4F complex,10
CC,GO:0016604,nuclear body,10
CC,GO:0030286,dynein complex,10
CC,GO:0033177,"proton-transporting two-sector ATPase complex, proton-transporting domain",10
CC,GO:0089701,U2AF complex,10
CC,GO:1990246,uniplex complex,10
CC,GO:0000408,EKC/KEOPS complex,9
CC,GO:0000779,"condensed chromosome, centromeric region",9
CC,GO:0000796,condensin complex,9
CC,GO:0005662,DNA replication factor A complex,9
CC,GO:0005854,nascent polypeptide-associated complex,9
CC,GO:0005938,cell cortex,9
CC,GO:0005956,protein kinase CK2 complex,9
CC,GO:0005960,glycine cleavage complex,9
CC,GO:0008024,cyclin/CDK positive transcription elongation factor complex,9
CC,GO:0009840,chloroplastic endopeptidase Clp complex,9
CC,GO:0017087,mitochondrial processing peptidase complex,9
CC,GO:0033180,"proton-transporting V-type ATPase, V1 domain",9
CC,GO:0034098,VCP-NPL4-UFD1 AAA ATPase complex,9
CC,GO:0034663,endoplasmic reticulum chaperone complex,9
CC,GO:0045252,oxoglutarate dehydrogenase complex,9
CC,GO:0070652,HAUS complex,9
CC,GO:0070772,PAS complex,9
CC,GO:0070847,core mediator complex,9
CC,GO:0071944,cell periphery,9
CC,GO:0098553,lumenal side of endoplasmic reticulum membrane,9
CC,GO:0098554,cytoplasmic side of endoplasmic reticulum membrane,9
CC,GO:1990316,Atg1/ULK1 kinase complex,9
CC,GO:0000015,phosphopyruvate hydratase complex,8
CC,GO:0000347,THO complex,8
CC,GO:0000792,heterochromatin,8
CC,GO:0000938,GARP complex,8
CC,GO:0005664,nuclear origin of replication recognition complex,8
CC,GO:0005742,mitochondrial outer membrane translocase complex,8
CC,GO:0005782,peroxisomal matrix,8
CC,GO:0005849,mRNA cleavage factor complex,8
CC,GO:0005850,eukaryotic translation initiation factor 2 complex,8
CC,GO:0005875,microtubule associated complex,8
CC,GO:0005881,cytoplasmic microtubule,8
CC,GO:0009360,DNA polymerase III complex,8
CC,GO:0009538,photosystem I reaction center,8
CC,GO:0010168,ER body,8
CC,GO:0017101,aminoacyl-tRNA synthetase multienzyme complex,8
CC,GO:0030130,clathrin coat of trans-Golgi network vesicle,8
CC,GO:0030132,clathrin coat of coated pit,8
CC,GO:0030139,endocytic vesicle,8
CC,GO:0031519,PcG protein complex,8
CC,GO:0031901,early endosome membrane,8
CC,GO:0034657,GID complex,8
CC,GO:0034719,SMN-Sm protein complex,8
CC,GO:0044613,nuclear pore central transport channel,8
CC,GO:0070531,BRCA1-A complex,8
CC,GO:0071021,U2-type post-spliceosomal complex,8
CC,GO:0098807,chloroplast thylakoid membrane protein complex,8
CC,GO:0000126,transcription factor TFIIIB complex,7
CC,GO:0005784,Sec61 translocon complex,7
CC,GO:0005851,eukaryotic translation initiation factor 2B complex,7
CC,GO:0008278,cohesin complex,7
CC,GO:0009539,photosystem II reaction center,7
CC,GO:0010005,"cortical microtubule, transverse to long axis",7
CC,GO:0010170,glucose-1-phosphate adenylyltransferase complex,7
CC,GO:0012511,monolayer-surrounded lipid storage body,7
CC,GO:0030660,Golgi-associated vesicle membrane,7
CC,GO:0031012,extracellular matrix,7
CC,GO:0031314,extrinsic component of mitochondrial inner membrane,7
CC,GO:0031464,Cul4A-RING E3 ubiquitin ligase complex,7
CC,GO:0033281,TAT protein transport complex,7
CC,GO:0071541,"eukaryotic translation initiation factor 3 complex, eIF3m",7
CC,GO:0000228,nuclear chromosome,6
CC,GO:0000323,lytic vacuole,6
CC,GO:0000325,plant-type vacuole,6
CC,GO:0000421,autophagosome membrane,6
CC,GO:0000445,THO complex part of transcription export complex,6
CC,GO:0001401,SAM complex,6
CC,GO:0002189,ribose phosphate diphosphokinase complex,6
CC,GO:0005637,nuclear inner membrane,6
CC,GO:0005672,transcription factor TFIIA complex,6
CC,GO:0005757,mitochondrial permeability transition pore complex,6
CC,GO:0005950,anthranilate synthase complex,6
CC,GO:0008622,epsilon DNA polymerase complex,6
CC,GO:0009521,photosystem,6
CC,GO:0010330,cellulose synthase complex,6
CC,GO:0016514,SWI/SNF complex,6
CC,GO:0017053,transcription repressor complex,6
CC,GO:0030880,RNA polymerase complex,6
CC,GO:0030904,retromer complex,6
CC,GO:0032300,mismatch repair complex,6
CC,GO:0032586,protein storage vacuole membrane,6
CC,GO:0032777,piccolo histone acetyltransferase complex,6
CC,GO:0033263,CORVET complex,6
CC,GO:0034515,proteasome storage granule,6
CC,GO:0042564,NLS-dependent protein nuclear import complex,6
CC,GO:0042765,GPI-anchor transamidase complex,6
CC,GO:0043527,tRNA methyltransferase complex,6
CC,GO:0043541,UDP-N-acetylglucosamine transferase complex,6
CC,GO:0045277,respiratory chain complex IV,6
CC,GO:0055037,recycling endosome,6
CC,GO:0070390,transcription export complex 2,6
CC,GO:0071006,U2-type catalytic step 1 spliceosome,6
CC,GO:0000419,RNA polymerase V complex,5
CC,GO:0000427,plastid-encoded plastid RNA polymerase complex,5
CC,GO:0000439,transcription factor TFIIH core complex,5
CC,GO:0000506,glycosylphosphatidylinositol-N-acetylglucosaminyltransferase (GPI-GnT) complex,5
CC,GO:0000793,condensed chromosome,5
CC,GO:0000811,GINS complex,5
CC,GO:0001405,"PAM complex, Tim23 associated import motor",5
CC,GO:0005658,alpha DNA polymerase:primase complex,5
CC,GO:0005740,mitochondrial envelope,5
CC,GO:0005795,Golgi stack,5
CC,GO:0005834,heterotrimeric G-protein complex,5
CC,GO:0005884,actin filament,5
CC,GO:0008352,katanin complex,5
CC,GO:0010598,NAD(P)H dehydrogenase complex (plastoquinone),5
CC,GO:0015030,Cajal body,5
CC,GO:0016460,myosin II complex,5
CC,GO:0016471,vacuolar proton-transporting V-type ATPase complex,5
CC,GO:0018444,translation release factor complex,5
CC,GO:0030532,small nuclear ribonucleoprotein complex,5
CC,GO:0031213,RSF complex,5
CC,GO:0031262,Ndc80 complex,5
CC,GO:0031417,NatC complex,5
CC,GO:0032044,DSIF complex,5
CC,GO:0034245,mitochondrial DNA-directed RNA polymerase complex,5
CC,GO:0034271,"phosphatidylinositol 3-kinase complex, class III, type I",5
CC,GO:0034272,"phosphatidylinositol 3-kinase complex, class III, type II",5
CC,GO:0034388,Pwp2p-containing subcomplex of 90S preribosome,5
CC,GO:0034399,nuclear periphery,5
CC,GO:0035097,histone methyltransferase complex,5
CC,GO:0035371,microtubule plus-end,5
CC,GO:0042720,mitochondrial inner membrane peptidase complex,5
CC,GO:0043226,organelle,5
CC,GO:0043253,chloroplast ribosome,5
CC,GO:0045025,mitochondrial degradosome,5
CC,GO:0051233,spindle midzone,5
CC,GO:0070552,BRISC complex,5
CC,GO:0070765,gamma-secretase complex,5
CC,GO:0071007,U2-type catalytic step 2 spliceosome,5
CC,GO:0071020,post-spliceosomal complex,5
CC,GO:0000172,ribonuclease MRP complex,4
CC,GO:0000808,origin recognition complex,4
CC,GO:0000814,ESCRT II complex,4
CC,GO:0000940,outer kinetochore,4
CC,GO:0005674,transcription factor TFIIF complex,4
CC,GO:0005732,sno(s)RNA-containing ribonucleoprotein complex,4
CC,GO:0005838,proteasome regulatory particle,4
CC,GO:0005846,nuclear cap binding complex,4
CC,GO:0009330,"DNA topoisomerase type II (double strand cut, ATP-hydrolyzing) complex",4
CC,GO:0009526,plastid envelope,4
CC,GO:0016442,RISC complex,4
CC,GO:0019185,snRNA-activating protein complex,4
CC,GO:0030122,AP-2 adaptor complex,4
CC,GO:0030677,ribonuclease P complex,4
CC,GO:0030692,Noc4p-Nop14p complex,4
CC,GO:0030870,Mre11 complex,4
CC,GO:0030897,HOPS complex,4
CC,GO:0030906,"retromer, cargo-selective complex",4
CC,GO:0031010,ISWI-type complex,4
CC,GO:0031380,nuclear RNA-directed RNA polymerase complex,4
CC,GO:0031415,NatA complex,4
CC,GO:0031499,TRAMP complex,4
CC,GO:0031931,TORC1 complex,4
CC,GO:0032153,cell division site,4
CC,GO:0032299,ribonuclease H2 complex,4
CC,GO:0033063,Rad51B-Rad51C-Rad51D-XRCC2 complex,4
CC,GO:0033186,CAF-1 complex,4
CC,GO:0035657,eRF1 methyltransferase complex,4
CC,GO:0043186,P granule,4
CC,GO:0043529,GET complex,4
CC,GO:0043596,nuclear replication fork,4
CC,GO:0044614,nuclear pore cytoplasmic filaments,4
CC,GO:0061617,MICOS complex,4
CC,GO:0071439,clathrin complex,4
CC,GO:0071540,"eukaryotic translation initiation factor 3 complex, eIF3e",4
CC,GO:0097255,R2TP complex,4
CC,GO:0097361,cytosolic [4Fe-4S] assembly targeting complex,4
CC,GO:0101031,protein folding chaperone complex,4
CC,GO:1902494,catalytic complex,4
CC,GO:0000220,"vacuolar proton-transporting V-type ATPase, V0 domain",3
CC,GO:0000444,MIS12/MIND type complex,3
CC,GO:0000500,RNA polymerase I upstream activating factor complex,3
CC,GO:0000931,gamma-tubulin ring complex,3
CC,GO:0005652,nuclear lamina,3
CC,GO:0005673,transcription factor TFIIE complex,3
CC,GO:0005785,signal recognition particle receptor complex,3
CC,GO:0005797,Golgi medial cisterna,3
CC,GO:0005798,Golgi-associated vesicle,3
CC,GO:0005853,eukaryotic translation elongation factor 1 complex,3
CC,GO:0005953,CAAX-protein geranylgeranyltransferase complex,3
CC,GO:0005965,protein farnesyltransferase complex,3
CC,GO:0008290,F-actin capping protein complex,3
CC,GO:0009509,chromoplast,3
CC,GO:0009574,preprophase band,3
CC,GO:0010319,stromule,3
CC,GO:0016363,nuclear matrix,3
CC,GO:0017177,glucosidase II complex,3
CC,GO:0030123,AP-3 adaptor complex,3
CC,GO:0030141,secretory granule,3
CC,GO:0030289,protein phosphatase 4 complex,3
CC,GO:0030684,preribosome,3
CC,GO:0030863,cortical cytoskeleton,3
CC,GO:0030864,cortical actin cytoskeleton,3
CC,GO:0030891,VCB complex,3
CC,GO:0030896,checkpoint clamp complex,3
CC,GO:0031209,SCAR complex,3
CC,GO:0031371,ubiquitin conjugating enzyme complex,3
CC,GO:0031436,BRCA1-BARD1 complex,3
CC,GO:0031510,SUMO activating enzyme complex,3
CC,GO:0031515,tRNA (m1A) methyltransferase complex,3
CC,GO:0031897,Tic complex,3
CC,GO:0031985,Golgi cisterna,3
CC,GO:0032133,chromosome passenger complex,3
CC,GO:0032797,SMN complex,3
CC,GO:0033178,"proton-transporting two-sector ATPase complex, catalytic domain",3
CC,GO:0033503,HULC complex,3
CC,GO:0034066,Ric1-Rgp1 guanyl-nucleotide exchange factor complex,3
CC,GO:0034426,etioplast membrane,3
CC,GO:0034457,Mpp10 complex,3
CC,GO:0035101,FACT complex,3
CC,GO:0042170,plastid membrane,3
CC,GO:0043240,Fanconi anaemia nuclear complex,3
CC,GO:0044545,NSL complex,3
CC,GO:0044615,nuclear pore nuclear basket,3
CC,GO:0048476,Holliday junction resolvase complex,3
CC,GO:0055087,Ski complex,3
CC,GO:0061908,phagophore,3
CC,GO:0070176,DRM complex,3
CC,GO:0070545,PeBoW complex,3
CC,GO:0070985,transcription factor TFIIK complex,3
CC,GO:0071513,phosphopantothenoylcysteine decarboxylase complex,3
CC,GO:0071782,endoplasmic reticulum tubular network,3
CC,GO:0071819,DUBm complex,3
CC,GO:0090404,pollen tube tip,3
CC,GO:0098572,stromal side of plastid thylakoid membrane,3
CC,GO:1990072,TRAPPIII protein complex,3
CC,GO:1990112,RQC complex,3
CC,GO:1990140,molybdopterin synthase complex,3
CC,GO:0000110,nucleotide-excision repair factor 1 complex,2
CC,GO:0000214,tRNA-intron endonuclease complex,2
CC,GO:0000326,protein storage vacuole,2
CC,GO:0000417,HIR complex,2
CC,GO:0000418,RNA polymerase IV complex,2
CC,GO:0005622,intracellular anatomical structure,2
CC,GO:0005655,nucleolar ribonuclease P complex,2
CC,GO:0005656,nuclear pre-replicative complex,2
CC,GO:0005697,telomerase holoenzyme complex,2
CC,GO:0005761,mitochondrial ribosome,2
CC,GO:0005813,centrosome,2
CC,GO:0005948,acetolactate synthase complex,2
CC,GO:0005951,carbamoyl-phosphate synthase complex,2
CC,GO:0005971,ribonucleoside-diphosphate reductase complex,2
CC,GO:0009328,phenylalanine-tRNA ligase complex,2
CC,GO:0009349,riboflavin synthase complex,2
CC,GO:0009361,succinate-CoA ligase complex (ADP-forming),2
CC,GO:0009512,cytochrome b6f complex,2
CC,GO:0009514,glyoxysome,2
CC,GO:0009921,auxin efflux carrier complex,2
CC,GO:0010445,nuclear dicing body,2
CC,GO:0016035,zeta DNA polymerase complex,2
CC,GO:0016324,apical plasma membrane,2
CC,GO:0016605,PML body,2
CC,GO:0017102,methionyl glutamyl tRNA synthetase complex,2
CC,GO:0030095,chloroplast photosystem II,2
CC,GO:0030119,AP-type membrane coat adaptor complex,2
CC,GO:0030124,AP-4 adaptor complex,2
CC,GO:0030690,Noc1p-Noc2p complex,2
CC,GO:0030691,Noc2p-Noc3p complex,2
CC,GO:0031207,Sec62/Sec63 complex,2
CC,GO:0031261,DNA replication preinitiation complex,2
CC,GO:0031298,replication fork protection complex,2
CC,GO:0031332,RNAi effector complex,2
CC,GO:0031390,Ctf18 RFC-like complex,2
CC,GO:0031416,NatB complex,2
CC,GO:0031422,RecQ family helicase-topoisomerase III complex,2
CC,GO:0031501,mannosyltransferase complex,2
CC,GO:0031977,thylakoid lumen,2
CC,GO:0032039,integrator complex,2
CC,GO:0032301,MutSalpha complex,2
CC,GO:0032389,MutLalpha complex,2
CC,GO:0032476,polyprenyl diphosphate synthase complex,2
CC,GO:0032545,CURI complex,2
CC,GO:0032578,aleurone grain membrane,2
CC,GO:0032783,super elongation complex,2
CC,GO:0032807,DNA ligase IV complex,2
CC,GO:0033065,Rad51C-XRCC3 complex,2
CC,GO:0033106,cis-Golgi network membrane,2
CC,GO:0033116,endoplasmic reticulum-Golgi intermediate compartment membrane,2
CC,GO:0033176,proton-transporting V-type ATPase complex,2
CC,GO:0034274,Atg12-Atg5-Atg16 complex,2
CC,GO:0034456,UTP-C complex,2
CC,GO:0034709,methylosome,2
CC,GO:0035098,ESC/E(Z) complex,2
CC,GO:0035658,Mon1-Ccz1 complex,2
CC,GO:0042709,succinate-CoA ligase complex,2
CC,GO:0043033,isoamylase complex,2
CC,GO:0043073,germ cell nucleus,2
CC,GO:0043564,Ku70:Ku80 complex,2
CC,GO:0043614,multi-eIF complex,2
CC,GO:0043626,PCNA complex,2
CC,GO:0044322,endoplasmic reticulum quality control compartment,2
CC,GO:0044391,ribosomal subunit,2
CC,GO:0044611,nuclear pore inner ring,2
CC,GO:0048226,Casparian strip,2
CC,GO:0061574,ASAP complex,2
CC,GO:0070449,elongin complex,2
CC,GO:0070761,pre-snoRNP complex,2
CC,GO:0070762,nuclear pore transmembrane ring,2
CC,GO:0070876,SOSS complex,2
CC,GO:0070938,contractile ring,2
CC,GO:0070939,Dsl1/NZR complex,2
CC,GO:0071261,Ssh1 translocon complex,2
CC,GO:0071339,MLL1 complex,2
CC,GO:0071561,nucleus-vacuole junction,2
CC,GO:0071818,BAT3 complex,2
CC,GO:0090694,Scc2-Scc4 cohesin loading complex,2
CC,GO:0097196,Shu complex,2
CC,GO:0098588,bounding membrane of organelle,2
CC,GO:0098797,plasma membrane protein complex,2
CC,GO:0099512,supramolecular fiber,2
CC,GO:0120114,Sm-like protein family complex,2
CC,GO:0140535,intracellular protein-containing complex,2
CC,GO:1990071,TRAPPII protein complex,2
CC,GO:1990133,molybdopterin adenylyltransferase complex,2
CC,GO:1990229,iron-sulfur cluster assembly complex,2
CC,GO:0000109,nucleotide-excision repair complex,1
CC,GO:0000111,nucleotide-excision repair factor 2 complex,1
CC,GO:0000112,nucleotide-excision repair factor 3 complex,1
CC,GO:0000120,RNA polymerase I transcription regulator complex,1
CC,GO:0000138,Golgi trans cisterna,1
CC,GO:0000164,protein phosphatase type 1 complex,1
CC,GO:0000312,plastid small ribosomal subunit,1
CC,GO:0000346,transcription export complex,1
CC,GO:0000783,nuclear telomere cap complex,1
CC,GO:0000791,euchromatin,1
CC,GO:0000795,synaptonemal complex,1
CC,GO:0000802,transverse filament,1
CC,GO:0000836,Hrd1p ubiquitin ligase complex,1
CC,GO:0001650,fibrillar center,1
CC,GO:0002144,cytosolic tRNA wobble base thiouridylase complex,1
CC,GO:0005640,nuclear outer membrane,1
CC,GO:0005677,chromatin silencing complex,1
CC,GO:0005712,chiasma,1
CC,GO:0005745,m-AAA complex,1
CC,GO:0005814,centriole,1
CC,GO:0005828,kinetochore microtubule,1
CC,GO:0005848,mRNA cleavage stimulating factor complex,1
CC,GO:0005901,caveola,1
CC,GO:0005952,cAMP-dependent protein kinase complex,1
CC,GO:0005958,DNA-dependent protein kinase-DNA ligase 4 complex,1
CC,GO:0008623,CHRAC,1
CC,GO:0009318,exodeoxyribonuclease VII complex,1
CC,GO:0009341,beta-galactosidase complex,1
CC,GO:0009382,imidazoleglycerol-phosphate synthase complex,1
CC,GO:0009504,cell plate,1
CC,GO:0009513,etioplast,1
CC,GO:0009532,plastid stroma,1
CC,GO:0009537,proplastid,1
CC,GO:0009547,plastid ribosome,1
CC,GO:0009569,chloroplast starch grain,1
CC,GO:0009578,etioplast stroma,1
CC,GO:0009782,photosystem I antenna complex,1
CC,GO:0009897,external side of plasma membrane,1
CC,GO:0009925,basal plasma membrane,1
CC,GO:0010007,magnesium chelatase complex,1
CC,GO:0010009,cytoplasmic side of endosome membrane,1
CC,GO:0010368,chloroplast isoamylase complex,1
CC,GO:0030427,site of polarized growth,1
CC,GO:0030875,rDNA protrusion,1
CC,GO:0030892,mitotic cohesin complex,1
CC,GO:0031234,extrinsic component of cytoplasmic side of plasma membrane,1
CC,GO:0031252,cell leading edge,1
CC,GO:0031254,cell trailing edge,1
CC,GO:0031511,Mis6-Sim4 complex,1
CC,GO:0031932,TORC2 complex,1
CC,GO:0031972,chloroplast intermembrane space,1
CC,GO:0032116,SMC loading complex,1
CC,GO:0032541,cortical endoplasmic reticulum,1
CC,GO:0032585,multivesicular body membrane,1
CC,GO:0033185,dolichol-phosphate-mannose synthase complex,1
CC,GO:0034455,t-UTP complex,1
CC,GO:0035060,brahma complex,1
CC,GO:0035550,urease complex,1
CC,GO:0035770,ribonucleoprotein granule,1
CC,GO:0035859,Seh1-associated complex,1
CC,GO:0038201,TOR complex,1
CC,GO:0042597,periplasmic space,1
CC,GO:0042646,plastid nucleoid,1
CC,GO:0042719,mitochondrial intermembrane space protein transporter complex,1
CC,GO:0043036,starch grain,1
CC,GO:0043189,H4/H2A histone acetyltransferase complex,1
CC,GO:0043190,ATP-binding cassette (ABC) transporter complex,1
CC,GO:0043291,RAVE complex,1
CC,GO:0043528,tRNA (m2G10) methyltransferase complex,1
CC,GO:0043668,exine,1
CC,GO:0044853,plasma membrane raft,1
CC,GO:0045298,tubulin complex,1
CC,GO:0046695,SLIK (SAGA-like) complex,1
CC,GO:0048225,suberin network,1
CC,GO:0055035,plastid thylakoid membrane,1
CC,GO:0061673,mitotic spindle astral microtubule,1
CC,GO:0061927,TOC-TIC supercomplex I,1
CC,GO:0062074,pollen aperture,1
CC,GO:0070013,intracellular organelle lumen,1
CC,GO:0070505,pollen coat,1
CC,GO:0070522,ERCC4-ERCC1 complex,1
CC,GO:0070532,BRCA1-B complex,1
CC,GO:0070860,RNA polymerase I core factor complex,1
CC,GO:0070877,microprocessor complex,1
CC,GO:0071821,FANCM-MHF complex,1
CC,GO:0071942,XPC complex,1
CC,GO:0072380,TRC complex,1
CC,GO:0090406,pollen tube,1
CC,GO:0090730,Las1 complex,1
CC,GO:0098800,inner mitochondrial membrane protein complex,1
CC,GO:0099023,vesicle tethering complex,1
CC,GO:0099078,BORC complex,1
CC,GO:1902555,endoribonuclease complex,1
CC,GO:1904423,dehydrodolichyl diphosphate synthase complex,1
CC,GO:1905202,methylcrotonoyl-CoA carboxylase complex,1
CC,GO:1990023,mitotic spindle midzone,1
CC,GO:1990070,TRAPPI protein complex,1
CC,GO:1990221,L-cysteine desulfurase complex,1
CC,GO:1990228,sulfurtransferase complex,1
CC,GO:1990298,bub1-bub3 complex,1
MF,GO:0016740,transferase activity,4204
MF,GO:0046872,metal ion binding,4194
MF,GO:0000166,nucleotide binding,3357
MF,GO:0005524,ATP binding,3254
MF,GO:0005515,protein binding,3119
MF,GO:0016787,hydrolase activity,2798
MF,GO:0003677,DNA binding,2559
MF,GO:0008270,zinc ion binding,1943
MF,GO:0016301,kinase activity,1751
MF,GO:0016491,oxidoreductase activity,1681
MF,GO:0003723,RNA binding,1677
MF,GO:0004672,protein kinase activity,1536
MF,GO:0003700,DNA-binding transcription factor activity,1476
MF,GO:0004674,protein serine/threonine kinase activity,1207
MF,GO:0003676,nucleic acid binding,978
MF,GO:0016757,glycosyltransferase activity,791
MF,GO:0003729,mRNA binding,703
MF,GO:0003824,catalytic activity,650
MF,GO:0003735,structural constituent of ribosome,616
MF,GO:0008233,peptidase activity,605
MF,GO:0000976,transcription cis-regulatory region binding,573
MF,GO:0020037,heme binding,539
MF,GO:0043565,sequence-specific DNA binding,531
MF,GO:0016887,ATP hydrolysis activity,530
MF,GO:0022857,transmembrane transporter activity,515
MF,GO:0061630,ubiquitin protein ligase activity,491
MF,GO:0008168,methyltransferase activity,447
MF,GO:0005506,iron ion binding,442
MF,GO:0016829,lyase activity,428
MF,GO:0016798,"hydrolase activity, acting on glycosyl bonds",422
MF,GO:0004497,monooxygenase activity,394
MF,GO:0046983,protein dimerization activity,386
MF,GO:0005525,GTP binding,377
MF,GO:0016874,ligase activity,356
MF,GO:0005509,calcium ion binding,349
MF,GO:0016853,isomerase activity,340
MF,GO:0016746,acyltransferase activity,328
MF,GO:0004553,"hydrolase activity, hydrolyzing O-glycosyl compounds",326
MF,GO:0016705,"oxidoreductase activity, acting on paired donors, with incorporation or reduction of molecular oxygen",325
MF,GO:0000981,"DNA-binding transcription factor activity, RNA polymerase II-specific",310
MF,GO:0004842,ubiquitin-protein transferase activity,286
MF,GO:0003924,GTPase activity,285
MF,GO:0000978,RNA polymerase II cis-regulatory region sequence-specific DNA binding,277
MF,GO:0004722,protein serine/threonine phosphatase activity,267
MF,GO:0016747,"acyltransferase activity, transferring groups other than amino-acyl groups",253
MF,GO:0004386,helicase activity,234
MF,GO:0008017,microtubule binding,234
MF,GO:0005516,calmodulin binding,229
MF,GO:0004721,phosphoprotein phosphatase activity,208
MF,GO:0051536,iron-sulfur cluster binding,208
MF,GO:0004601,peroxidase activity,207
MF,GO:0030246,carbohydrate binding,202
MF,GO:0050660,flavin adenine dinucleotide binding,185
MF,GO:0015297,antiporter activity,181
MF,GO:0046982,protein heterodimerization activity,174
MF,GO:0016779,nucleotidyltransferase activity,173
MF,GO:0000287,magnesium ion binding,172
MF,GO:0008194,UDP-glycosyltransferase activity,172
MF,GO:0016788,"hydrolase activity, acting on ester bonds",172
MF,GO:0009055,electron transfer activity,167
MF,GO:0004252,serine-type endopeptidase activity,163
MF,GO:0008234,cysteine-type peptidase activity,163
MF,GO:0004518,nuclease activity,158
MF,GO:0016616,"oxidoreductase activity, acting on the CH-OH group of donors, NAD or NADP as acceptor",153
MF,GO:0043531,ADP binding,150
MF,GO:0008289,lipid binding,148
MF,GO:0003743,translation initiation factor activity,146
MF,GO:0019843,rRNA binding,144
MF,GO:0003779,actin binding,135
MF,GO:0008236,serine-type peptidase activity,135
MF,GO:0003682,chromatin binding,132
MF,GO:0016791,phosphatase activity,128
MF,GO:0030170,pyridoxal phosphate binding,128
MF,GO:0004190,aspartic-type endopeptidase activity,125
MF,GO:0005096,GTPase activator activity,123
MF,GO:0035251,UDP-glucosyltransferase activity,123
MF,GO:0140359,ABC-type transporter activity,119
MF,GO:0008757,S-adenosylmethionine-dependent methyltransferase activity,110
MF,GO:0051213,dioxygenase activity,110
MF,GO:0003724,RNA helicase activity,109
MF,GO:0051015,actin filament binding,105
MF,GO:0042393,histone binding,99
MF,GO:0003712,transcription coregulator activity,98
MF,GO:0030527,structural constituent of chromatin,94
MF,GO:0008237,metallopeptidase activity,93
MF,GO:0003774,cytoskeletal motor activity,91
MF,GO:0003899,DNA-directed RNA polymerase activity,87
MF,GO:0071949,FAD binding,86
MF,GO:0003777,microtubule motor activity,85
MF,GO:0015293,symporter activity,85
MF,GO:0000977,RNA polymerase II transcription regulatory region sequence-specific DNA binding,84
MF,GO:0004364,glutathione transferase activity,84
MF,GO:0004843,cysteine-type deubiquitinase activity,84
MF,GO:0008353,RNA polymerase II CTD heptapeptide repeat kinase activity,84
MF,GO:0030145,manganese ion binding,84
MF,GO:0003755,peptidyl-prolyl cis-trans isomerase activity,82
MF,GO:0043130,ubiquitin binding,82
MF,GO:0005085,guanyl-nucleotide exchange factor activity,80
MF,GO:0038023,signaling receptor activity,79
MF,GO:0004527,exonuclease activity,78
MF,GO:0004812,aminoacyl-tRNA ligase activity,78
MF,GO:0016758,hexosyltransferase activity,78
MF,GO:0004519,endonuclease activity,77
MF,GO:0008483,transaminase activity,77
MF,GO:0051087,protein-folding chaperone binding,76
MF,GO:0051287,NAD binding,76
MF,GO:0004857,enzyme inhibitor activity,75
MF,GO:0015171,amino acid transmembrane transporter activity,75
MF,GO:0050661,NADP binding,75
MF,GO:0003690,double-stranded DNA binding,74
MF,GO:0004197,cysteine-type endopeptidase activity,74
MF,GO:0003697,single-stranded DNA binding,71
MF,GO:0003746,translation elongation factor activity,70
MF,GO:0016831,carboxy-lyase activity,70
MF,GO:0004650,polygalacturonase activity,69
MF,GO:0016413,O-acetyltransferase activity,69
MF,GO:0042803,protein homodimerization activity,69
MF,GO:0005215,transporter activity,68
MF,GO:0016168,chlorophyll binding,68
MF,GO:0030674,protein-macromolecule adaptor activity,68
MF,GO:0004683,calcium/calmodulin-dependent protein kinase activity,67
MF,GO:0009931,calcium-dependent protein serine/threonine kinase activity,67
MF,GO:0043169,cation binding,67
MF,GO:0000149,SNARE binding,65
MF,GO:0042626,ATPase-coupled transmembrane transporter activity,65
MF,GO:0044183,protein folding chaperone,65
MF,GO:0046933,"proton-transporting ATP synthase activity, rotational mechanism",65
MF,GO:0005507,copper ion binding,63
MF,GO:0016538,cyclin-dependent protein serine/threonine kinase regulator activity,63
MF,GO:0016709,"oxidoreductase activity, acting on paired donors, with incorporation or reduction of molecular oxygen, NAD(P)H as one donor, and incorporation of one atom of oxygen",62
MF,GO:0030247,polysaccharide binding,62
MF,GO:0004521,RNA endonuclease activity,60
MF,GO:0043022,ribosome binding,60
MF,GO:0042802,identical protein binding,58
MF,GO:0001216,DNA-binding transcription activator activity,57
MF,GO:0004180,carboxypeptidase activity,57
MF,GO:0004222,metalloendopeptidase activity,57
MF,GO:0005546,"phosphatidylinositol-4,5-bisphosphate binding",57
MF,GO:0030414,peptidase inhibitor activity,57
MF,GO:0004185,serine-type carboxypeptidase activity,56
MF,GO:0005484,SNAP receptor activity,56
MF,GO:0061631,ubiquitin conjugating enzyme activity,56
MF,GO:0000049,tRNA binding,55
MF,GO:0005543,phospholipid binding,55
MF,GO:0042910,xenobiotic transmembrane transporter activity,55
MF,GO:0005200,structural constituent of cytoskeleton,54
MF,GO:0010333,terpene synthase activity,53
MF,GO:0016620,"oxidoreductase activity, acting on the aldehyde or oxo group of donors, NAD or NADP as acceptor",52
MF,GO:0004713,protein tyrosine kinase activity,51
MF,GO:0046873,metal ion transmembrane transporter activity,51
MF,GO:0031072,heat shock protein binding,49
MF,GO:0004176,ATP-dependent peptidase activity,48
MF,GO:0005198,structural molecule activity,48
MF,GO:0042973,"glucan endo-1,3-beta-D-glucosidase activity",48
MF,GO:0004867,serine-type endopeptidase inhibitor activity,47
MF,GO:0030599,pectinesterase activity,47
MF,GO:0004675,transmembrane receptor protein serine/threonine kinase activity,46
MF,GO:0016207,4-coumarate-CoA ligase activity,46
MF,GO:0016298,lipase activity,46
MF,GO:0080043,quercetin 3-O-glucosyltransferase activity,46
MF,GO:0008422,beta-glucosidase activity,45
MF,GO:0015267,channel activity,45
MF,GO:0016702,"oxidoreductase activity, acting on single donors with incorporation of molecular oxygen, incorporation of two atoms of oxygen",45
MF,GO:0080044,quercetin 7-O-glucosyltransferase activity,45
MF,GO:0003678,DNA helicase activity,44
MF,GO:0003887,DNA-directed DNA polymerase activity,44
MF,GO:0016760,cellulose synthase (UDP-forming) activity,44
MF,GO:0003684,damaged DNA binding,43
MF,GO:0003713,transcription coactivator activity,42
MF,GO:0004535,poly(A)-specific ribonuclease activity,42
MF,GO:0008374,O-acyltransferase activity,42
MF,GO:0010181,FMN binding,42
MF,GO:0046961,"proton-transporting ATPase activity, rotational mechanism",42
MF,GO:0019706,protein-cysteine S-palmitoyltransferase activity,41
MF,GO:0019888,protein phosphatase regulator activity,41
MF,GO:0030276,clathrin binding,41
MF,GO:0008171,O-methyltransferase activity,40
MF,GO:0016409,palmitoyltransferase activity,40
MF,GO:0016763,pentosyltransferase activity,40
MF,GO:0016772,"transferase activity, transferring phosphorus-containing groups",40
MF,GO:0015144,carbohydrate transmembrane transporter activity,39
MF,GO:0003714,transcription corepressor activity,38
MF,GO:0004175,endopeptidase activity,38
MF,GO:0015079,potassium ion transmembrane transporter activity,38
MF,GO:0035091,phosphatidylinositol binding,38
MF,GO:0042054,histone methyltransferase activity,38
MF,GO:0003993,acid phosphatase activity,37
MF,GO:0008324,monoatomic cation transmembrane transporter activity,37
MF,GO:0035673,oligopeptide transmembrane transporter activity,37
MF,GO:0004177,aminopeptidase activity,36
MF,GO:0004565,beta-galactosidase activity,36
MF,GO:0008408,3'-5' exonuclease activity,36
MF,GO:0016251,RNA polymerase II general transcription initiation factor activity,36
MF,GO:0031267,small GTPase binding,36
MF,GO:0000774,adenyl-nucleotide exchange factor activity,35
MF,GO:0003680,minor groove of adenine-thymine-rich DNA binding,35
MF,GO:0008107,galactoside 2-alpha-L-fucosyltransferase activity,35
MF,GO:0004427,inorganic diphosphate phosphatase activity,34
MF,GO:0004620,phospholipase activity,33
MF,GO:0005216,monoatomic ion channel activity,33
MF,GO:0005315,phosphate transmembrane transporter activity,33
MF,GO:0008526,phosphatidylinositol transfer activity,33
MF,GO:0015095,magnesium ion transmembrane transporter activity,33
MF,GO:0016597,amino acid binding,33
MF,GO:0030234,enzyme regulator activity,33
MF,GO:0031593,polyubiquitin modification-dependent protein binding,33
MF,GO:0031624,ubiquitin conjugating enzyme binding,33
MF,GO:0004439,"phosphatidylinositol-4,5-bisphosphate 5-phosphatase activity",32
MF,GO:0008320,protein transmembrane transporter activity,32
MF,GO:0016762,xyloglucan:xyloglucosyl transferase activity,32
MF,GO:0030544,Hsp70 protein binding,32
MF,GO:0052742,phosphatidylinositol kinase activity,32
MF,GO:0045735,nutrient reservoir activity,31
MF,GO:0051119,sugar transmembrane transporter activity,31
MF,GO:0004540,RNA nuclease activity,30
MF,GO:0008137,NADH dehydrogenase (ubiquinone) activity,30
MF,GO:0015078,proton transmembrane transporter activity,30
MF,GO:0016018,cyclosporin A binding,30
MF,GO:0016706,2-oxoglutarate-dependent dioxygenase activity,30
MF,GO:0047262,polygalacturonate 4-alpha-galacturonosyltransferase activity,30
MF,GO:0097602,cullin family protein binding,30
MF,GO:0003872,6-phosphofructokinase activity,29
MF,GO:0004499,"N,N-dimethylaniline monooxygenase activity",29
MF,GO:0004864,protein phosphatase inhibitor activity,29
MF,GO:0008081,phosphoric diester hydrolase activity,29
MF,GO:0016279,protein-lysine N-methyltransferase activity,29
MF,GO:0019901,protein kinase binding,29
MF,GO:0005384,manganese ion transmembrane transporter activity,28
MF,GO:0005504,fatty acid binding,28
MF,GO:0008843,endochitinase activity,28
MF,GO:0016765,"transferase activity, transferring alkyl or aryl (other than methyl) groups",28
MF,GO:0070403,NAD+ binding,28
MF,GO:0008173,RNA methyltransferase activity,27
MF,GO:0016627,"oxidoreductase activity, acting on the CH-CH group of donors",27
MF,GO:0017056,structural constituent of nuclear pore,27
MF,GO:0034485,"phosphatidylinositol-3,4,5-trisphosphate 5-phosphatase activity",27
MF,GO:0043495,membrane-membrane adaptor activity,27
MF,GO:0003747,translation release factor activity,26
MF,GO:0004445,inositol-polyphosphate 5-phosphatase activity,26
MF,GO:0004673,protein histidine kinase activity,26
MF,GO:0004693,cyclin-dependent protein serine/threonine kinase activity,26
MF,GO:0008810,cellulase activity,26
MF,GO:0061608,nuclear import signal receptor activity,26
MF,GO:0000993,RNA polymerase II complex binding,25
MF,GO:0004659,prenyltransferase activity,25
MF,GO:0009678,diphosphate hydrolysis-driven proton transmembrane transporter activity,25
MF,GO:0009982,pseudouridine synthase activity,25
MF,GO:0000155,phosphorelay sensor kinase activity,24
MF,GO:0003756,protein disulfide isomerase activity,24
MF,GO:0004758,serine C-palmitoyltransferase activity,24
MF,GO:0005262,calcium channel activity,24
MF,GO:0008094,"ATP-dependent activity, acting on DNA",24
MF,GO:0008276,protein methyltransferase activity,24
MF,GO:0008308,voltage-gated monoatomic anion channel activity,24
MF,GO:0016984,ribulose-bisphosphate carboxylase activity,24
MF,GO:0031418,L-ascorbic acid binding,24
MF,GO:0046527,glucosyltransferase activity,24
MF,GO:0070006,metalloaminopeptidase activity,24
MF,GO:0140096,"catalytic activity, acting on a protein",24
MF,GO:0000175,3'-5'-RNA exonuclease activity,23
MF,GO:0001228,"DNA-binding transcription activator activity, RNA polymerase II-specific",23
MF,GO:0001671,ATPase activator activity,23
MF,GO:0004029,aldehyde dehydrogenase (NAD+) activity,23
MF,GO:0005179,hormone activity,23
MF,GO:0005249,voltage-gated potassium channel activity,23
MF,GO:0005388,P-type calcium transporter activity,23
MF,GO:0005545,1-phosphatidylinositol binding,23
MF,GO:0008378,galactosyltransferase activity,23
MF,GO:0015035,protein-disulfide reductase activity,23
MF,GO:0016614,"oxidoreductase activity, acting on CH-OH group of donors",23
MF,GO:0016759,cellulose synthase activity,23
MF,GO:0016780,"phosphotransferase activity, for other substituted phosphate groups",23
MF,GO:0032050,clathrin heavy chain binding,23
MF,GO:0047911,"galacturan 1,4-alpha-galacturonidase activity",23
MF,GO:0048038,quinone binding,23
MF,GO:0071771,aldehyde oxygenase (deformylating) activity,23
MF,GO:1990247,N6-methyladenosine-containing RNA reader activity,23
MF,GO:0004402,histone acetyltransferase activity,22
MF,GO:0009881,photoreceptor activity,22
MF,GO:0043539,protein serine/threonine kinase activator activity,22
MF,GO:0046910,pectinesterase inhibitor activity,22
MF,GO:0052716,hydroquinone:oxygen oxidoreductase activity,22
MF,GO:0000036,acyl carrier activity,21
MF,GO:0003843,"1,3-beta-D-glucan synthase activity",21
MF,GO:0004568,chitinase activity,21
MF,GO:0004869,cysteine-type endopeptidase inhibitor activity,21
MF,GO:0005267,potassium channel activity,21
MF,GO:0008198,ferrous iron binding,21
MF,GO:0010427,abscisic acid binding,21
MF,GO:0015145,monosaccharide transmembrane transporter activity,21
MF,GO:0016157,sucrose synthase activity,21
MF,GO:0016773,"phosphotransferase activity, alcohol group as acceptor",21
MF,GO:0016836,hydro-lyase activity,21
MF,GO:0016866,intramolecular transferase activity,21
MF,GO:0019205,nucleobase-containing compound kinase activity,21
MF,GO:0044877,protein-containing complex binding,21
MF,GO:0004017,AMP kinase activity,20
MF,GO:0004559,alpha-mannosidase activity,20
MF,GO:0004630,phospholipase D activity,20
MF,GO:0004707,MAP kinase activity,20
MF,GO:0005345,purine nucleobase transmembrane transporter activity,20
MF,GO:0005381,iron ion transmembrane transporter activity,20
MF,GO:0005385,zinc ion transmembrane transporter activity,20
MF,GO:0008143,poly(A) binding,20
MF,GO:0010242,oxygen evolving activity,20
MF,GO:0015018,galactosylgalactosylxylosylprotein 3-beta-glucuronosyltransferase activity,20
MF,GO:0015112,nitrate transmembrane transporter activity,20
MF,GO:0016688,L-ascorbate peroxidase activity,20
MF,GO:0031490,chromatin DNA binding,20
MF,GO:0032559,adenyl ribonucleotide binding,20
MF,GO:0050664,"oxidoreductase activity, acting on NAD(P)H, oxygen as acceptor",20
MF,GO:0051753,mannan synthase activity,20
MF,GO:0052689,carboxylic ester hydrolase activity,20
MF,GO:0080115,myosin XI tail binding,20
MF,GO:0103075,indole-3-pyruvate monooxygenase activity,20
MF,GO:0004708,MAP kinase kinase activity,19
MF,GO:0008139,nuclear localization sequence binding,19
MF,GO:0008641,ubiquitin-like modifier activating enzyme activity,19
MF,GO:0008970,phospholipase A1 activity,19
MF,GO:0010329,auxin efflux transmembrane transporter activity,19
MF,GO:0016628,"oxidoreductase activity, acting on the CH-CH group of donors, NAD or NADP as acceptor",19
MF,GO:0016929,deSUMOylase activity,19
MF,GO:0030515,snoRNA binding,19
MF,GO:0031386,protein tag activity,19
MF,GO:0031625,ubiquitin protein ligase binding,19
MF,GO:0070180,large ribosomal subunit rRNA binding,19
MF,GO:0003725,double-stranded RNA binding,18
MF,GO:0003727,single-stranded RNA binding,18
MF,GO:0005092,GDP-dissociation inhibitor activity,18
MF,GO:0008061,chitin binding,18
MF,GO:0015276,ligand-gated monoatomic ion channel activity,18
MF,GO:0016881,acid-amino acid ligase activity,18
MF,GO:0019900,kinase binding,18
MF,GO:0019905,syntaxin binding,18
MF,GO:0035925,mRNA 3'-UTR AU-rich region binding,18
MF,GO:0042285,xylosyltransferase activity,18
MF,GO:0043295,glutathione binding,18
MF,GO:0046556,alpha-L-arabinofuranosidase activity,18
MF,GO:0070569,uridylyltransferase activity,18
MF,GO:0072542,protein phosphatase activator activity,18
MF,GO:0101005,deubiquitinase activity,18
MF,GO:0004407,histone deacetylase activity,17
MF,GO:0004709,MAP kinase kinase kinase activity,17
MF,GO:0015211,purine nucleoside transmembrane transporter activity,17
MF,GO:0015288,porin activity,17
MF,GO:0015386,potassium:proton antiporter activity,17
MF,GO:0016161,beta-amylase activity,17
MF,GO:0016776,"phosphotransferase activity, phosphate group as acceptor",17
MF,GO:0016830,carbon-carbon lyase activity,17
MF,GO:0017025,TBP-class protein binding,17
MF,GO:0019829,ATPase-coupled monoatomic cation transmembrane transporter activity,17
MF,GO:0030983,mismatched DNA binding,17
MF,GO:0035615,clathrin adaptor activity,17
MF,GO:0047372,monoacylglycerol lipase activity,17
MF,GO:0140566,histone reader activity,17
MF,GO:0003689,DNA clamp loader activity,16
MF,GO:0005459,UDP-galactose transmembrane transporter activity,16
MF,GO:0008266,poly(U) RNA binding,16
MF,GO:0009922,fatty acid elongase activity,16
MF,GO:0015020,glucuronosyltransferase activity,16
MF,GO:0016209,antioxidant activity,16
MF,GO:0016297,fatty acyl-[ACP] hydrolase activity,16
MF,GO:0016846,carbon-sulfur lyase activity,16
MF,GO:0016868,intramolecular phosphotransferase activity,16
MF,GO:0017096,acetylserotonin O-methyltransferase activity,16
MF,GO:0043138,3'-5' DNA helicase activity,16
MF,GO:0106310,protein serine kinase activity,16
MF,GO:0004032,aldose reductase (NADPH) activity,15
MF,GO:0004784,superoxide dismutase activity,15
MF,GO:0004860,protein kinase inhibitor activity,15
MF,GO:0008047,enzyme activator activity,15
MF,GO:0008097,5S rRNA binding,15
MF,GO:0008889,glycerophosphodiester phosphodiesterase activity,15
MF,GO:0015385,sodium:proton antiporter activity,15
MF,GO:0016308,1-phosphatidylinositol-4-phosphate 5-kinase activity,15
MF,GO:0016462,pyrophosphatase activity,15
MF,GO:0031369,translation initiation factor binding,15
MF,GO:0032934,sterol binding,15
MF,GO:0044390,ubiquitin-like protein conjugating enzyme binding,15
MF,GO:0070628,proteasome binding,15
MF,GO:0000146,microfilament motor activity,14
MF,GO:0002161,aminoacyl-tRNA deacylase activity,14
MF,GO:0003688,DNA replication origin binding,14
MF,GO:0003916,DNA topoisomerase activity,14
MF,GO:0004525,ribonuclease III activity,14
MF,GO:0004619,phosphoglycerate mutase activity,14
MF,GO:0004805,trehalose-phosphatase activity,14
MF,GO:0008553,P-type proton-exporting transporter activity,14
MF,GO:0010436,carotenoid dioxygenase activity,14
MF,GO:0016717,"oxidoreductase activity, acting on paired donors, with oxidation of a pair of donors resulting in the reduction of molecular oxygen to two molecules of water",14
MF,GO:0016810,"hydrolase activity, acting on carbon-nitrogen (but not peptide) bonds",14
MF,GO:0016811,"hydrolase activity, acting on carbon-nitrogen (but not peptide) bonds, in linear amides",14
MF,GO:0016841,ammonia-lyase activity,14
MF,GO:0017110,nucleoside diphosphate phosphatase activity,14
MF,GO:0030060,L-malate dehydrogenase (NAD+) activity,14
MF,GO:0031491,nucleosome binding,14
MF,GO:0031492,nucleosomal DNA binding,14
MF,GO:0042162,telomeric DNA binding,14
MF,GO:0042834,peptidoglycan binding,14
MF,GO:0047617,fatty acyl-CoA hydrolase activity,14
MF,GO:0080030,methyl indole-3-acetate esterase activity,14
MF,GO:0080031,methyl salicylate esterase activity,14
MF,GO:0080032,methyl jasmonate esterase activity,14
MF,GO:0090447,glycerol-3-phosphate 2-O-acyltransferase activity,14
MF,GO:0140326,ATPase-coupled intramembrane lipid transporter activity,14
MF,GO:0003730,mRNA 3'-UTR binding,13
MF,GO:0004089,carbonate dehydratase activity,13
MF,GO:0004356,glutamine synthetase activity,13
MF,GO:0004467,long-chain fatty acid-CoA ligase activity,13
MF,GO:0004564,beta-fructofuranosidase activity,13
MF,GO:0004571,"mannosyl-oligosaccharide 1,2-alpha-mannosidase activity",13
MF,GO:0004712,protein serine/threonine/tyrosine kinase activity,13
MF,GO:0004725,protein tyrosine phosphatase activity,13
MF,GO:0005544,calcium-dependent phospholipid binding,13
MF,GO:0008080,N-acetyltransferase activity,13
MF,GO:0008312,7S RNA binding,13
MF,GO:0008725,DNA-3-methyladenine glycosylase activity,13
MF,GO:0015108,chloride transmembrane transporter activity,13
MF,GO:0015179,L-amino acid transmembrane transporter activity,13
MF,GO:0016174,NAD(P)H oxidase H2O2-forming activity,13
MF,GO:0016615,malate dehydrogenase activity,13
MF,GO:0016790,thiolester hydrolase activity,13
MF,GO:0016799,"hydrolase activity, hydrolyzing N-glycosyl compounds",13
MF,GO:0016854,racemase and epimerase activity,13
MF,GO:0017108,5'-flap endonuclease activity,13
MF,GO:0019139,cytokinin dehydrogenase activity,13
MF,GO:0030570,pectate lyase activity,13
MF,GO:0032977,membrane insertase activity,13
MF,GO:0045543,gibberellin 2-beta-dioxygenase activity,13
MF,GO:0047429,nucleoside triphosphate diphosphatase activity,13
MF,GO:0048040,UDP-glucuronate decarboxylase activity,13
MF,GO:0061733,protein-lysine-acetyltransferase activity,13
MF,GO:0003849,3-deoxy-7-phosphoheptulonate synthase activity,12
MF,GO:0003885,"D-arabinono-1,4-lactone oxidase activity",12
MF,GO:0003955,NAD(P)H dehydrogenase (quinone) activity,12
MF,GO:0004124,cysteine synthase activity,12
MF,GO:0004550,nucleoside diphosphate kinase activity,12
MF,GO:0004743,pyruvate kinase activity,12
MF,GO:0004791,thioredoxin-disulfide reductase (NADPH) activity,12
MF,GO:0005227,calcium-activated cation channel activity,12
MF,GO:0005319,lipid transporter activity,12
MF,GO:0008146,sulfotransferase activity,12
MF,GO:0008195,phosphatidate phosphatase activity,12
MF,GO:0008239,dipeptidyl-peptidase activity,12
MF,GO:0008474,palmitoyl-(protein) hydrolase activity,12
MF,GO:0015605,organophosphate ester transmembrane transporter activity,12
MF,GO:0015631,tubulin binding,12
MF,GO:0016151,nickel cation binding,12
MF,GO:0016274,protein-arginine N-methyltransferase activity,12
MF,GO:0016405,CoA-ligase activity,12
MF,GO:0016671,"oxidoreductase activity, acting on a sulfur group of donors, disulfide as acceptor",12
MF,GO:0016682,"oxidoreductase activity, acting on diphenols and related substances as donors, oxygen as acceptor",12
MF,GO:0016743,carboxyl- or carbamoyltransferase activity,12
MF,GO:0019887,protein kinase regulator activity,12
MF,GO:0030151,molybdenum ion binding,12
MF,GO:0030628,pre-mRNA 3'-splice site binding,12
MF,GO:0032454,histone H3K9 demethylase activity,12
MF,GO:0033612,receptor serine/threonine kinase binding,12
MF,GO:0035252,UDP-xylosyltransferase activity,12
MF,GO:0042500,"aspartic endopeptidase activity, intramembrane cleaving",12
MF,GO:0042578,phosphoric ester hydrolase activity,12
MF,GO:0043023,ribosomal large subunit binding,12
MF,GO:0043813,"phosphatidylinositol-3,5-bisphosphate 5-phosphatase activity",12
MF,GO:0046943,carboxylic acid transmembrane transporter activity,12
MF,GO:0051879,Hsp90 protein binding,12
MF,GO:0061575,cyclin-dependent protein serine/threonine kinase activator activity,12
MF,GO:0001786,phosphatidylserine binding,11
MF,GO:0004332,fructose-bisphosphate aldolase activity,11
MF,GO:0004365,glyceraldehyde-3-phosphate dehydrogenase (NAD+) (phosphorylating) activity,11
MF,GO:0004373,"alpha-1,4-glucan glucosyltransferase (UDP-glucose donor) activity",11
MF,GO:0004420,hydroxymethylglutaryl-CoA reductase (NADPH) activity,11
MF,GO:0004430,1-phosphatidylinositol 4-kinase activity,11
MF,GO:0004470,malic enzyme activity,11
MF,GO:0004656,procollagen-proline 4-dioxygenase activity,11
MF,GO:0004739,pyruvate dehydrogenase (acetyl-transferring) activity,11
MF,GO:0005093,Rab GDP-dissociation inhibitor activity,11
MF,GO:0005254,chloride channel activity,11
MF,GO:0005347,ATP transmembrane transporter activity,11
MF,GO:0005375,copper ion transmembrane transporter activity,11
MF,GO:0008199,ferric iron binding,11
MF,GO:0008375,acetylglucosaminyltransferase activity,11
MF,GO:0008420,RNA polymerase II CTD heptapeptide repeat phosphatase activity,11
MF,GO:0008574,plus-end-directed microtubule motor activity,11
MF,GO:0008865,fructokinase activity,11
MF,GO:0008878,glucose-1-phosphate adenylyltransferase activity,11
MF,GO:0009977,proton motive force dependent protein transmembrane transporter activity,11
MF,GO:0015369,calcium:proton antiporter activity,11
MF,GO:0016624,"oxidoreductase activity, acting on the aldehyde or oxo group of donors, disulfide as acceptor",11
MF,GO:0016872,intramolecular lyase activity,11
MF,GO:0016891,"RNA endonuclease activity producing 5'-phosphomonoesters, hydrolytic mechanism",11
MF,GO:0017116,single-stranded DNA helicase activity,11
MF,GO:0017172,cysteine dioxygenase activity,11
MF,GO:0031176,"endo-1,4-beta-xylanase activity",11
MF,GO:0032266,phosphatidylinositol-3-phosphate binding,11
MF,GO:0032549,ribonucleoside binding,11
MF,GO:0043047,single-stranded telomeric DNA binding,11
MF,GO:0045300,stearoyl-[ACP] desaturase activity,11
MF,GO:0046912,"acyltransferase activity, acyl groups converted into alkyl on transfer",11
MF,GO:0047259,glucomannan 4-beta-mannosyltransferase activity,11
MF,GO:0050378,UDP-glucuronate 4-epimerase activity,11
MF,GO:0060090,molecular adaptor activity,11
MF,GO:0061928,glutathione specific gamma-glutamylcyclotransferase activity,11
MF,GO:0070008,serine-type exopeptidase activity,11
MF,GO:0102682,cytokinin riboside 5'-monophosphate phosphoribohydrolase activity,11
MF,GO:0000285,1-phosphatidylinositol-3-phosphate 5-kinase activity,10
MF,GO:0003825,"alpha,alpha-trehalose-phosphate synthase (UDP-forming) activity",10
MF,GO:0003950,NAD+ poly-ADP-ribosyltransferase activity,10
MF,GO:0003977,UDP-N-acetylglucosamine diphosphorylase activity,10
MF,GO:0003983,UTP:glucose-1-phosphate uridylyltransferase activity,10
MF,GO:0004144,diacylglycerol O-acyltransferase activity,10
MF,GO:0004392,heme oxygenase (decyclizing) activity,10
MF,GO:0004396,hexokinase activity,10
MF,GO:0004557,alpha-galactosidase activity,10
MF,GO:0004575,sucrose alpha-glucosidase activity,10
MF,GO:0004585,ornithine carbamoyltransferase activity,10
MF,GO:0004714,transmembrane receptor protein tyrosine kinase activity,10
MF,GO:0005460,UDP-glucose transmembrane transporter activity,10
MF,GO:0005464,UDP-xylose transmembrane transporter activity,10
MF,GO:0005471,ATP:ADP antiporter activity,10
MF,GO:0005536,D-glucose binding,10
MF,GO:0008106,alcohol dehydrogenase (NADP+) activity,10
MF,GO:0008517,folic acid transmembrane transporter activity,10
MF,GO:0009011,"alpha-1,4-glucan glucosyltransferase (ADP-glucose donor) activity",10
MF,GO:0009044,"xylan 1,4-beta-xylosidase activity",10
MF,GO:0015245,fatty acid transmembrane transporter activity,10
MF,GO:0016004,phospholipase activator activity,10
MF,GO:0016651,"oxidoreductase activity, acting on NAD(P)H",10
MF,GO:0016818,"hydrolase activity, acting on acid anhydrides, in phosphorus-containing anhydrides",10
MF,GO:0019210,kinase inhibitor activity,10
MF,GO:0030598,rRNA N-glycosylase activity,10
MF,GO:0033907,beta-D-fucosidase activity,10
MF,GO:0033926,endo-alpha-N-acetylgalactosaminidase activity,10
MF,GO:0035312,5'-3' DNA exonuclease activity,10
MF,GO:0043139,5'-3' DNA helicase activity,10
MF,GO:0045505,dynein intermediate chain binding,10
MF,GO:0047938,glucose-6-phosphate 1-epimerase activity,10
MF,GO:0052381,tRNA dimethylallyltransferase activity,10
MF,GO:0070181,small ribosomal subunit rRNA binding,10
MF,GO:0000030,mannosyltransferase activity,9
MF,GO:0001653,peptide receptor activity,9
MF,GO:0003882,CDP-diacylglycerol-serine O-phosphatidyltransferase activity,9
MF,GO:0003883,CTP synthase activity,9
MF,GO:0003918,"DNA topoisomerase type II (double strand cut, ATP-hydrolyzing) activity",9
MF,GO:0003978,UDP-glucose 4-epimerase activity,9
MF,GO:0004021,L-alanine:2-oxoglutarate aminotransferase activity,9
MF,GO:0004042,L-glutamate N-acetyltransferase activity,9
MF,GO:0004129,cytochrome-c oxidase activity,9
MF,GO:0004181,metallocarboxypeptidase activity,9
MF,GO:0004340,glucokinase activity,9
MF,GO:0004512,inositol-3-phosphate synthase activity,9
MF,GO:0004534,5'-3' RNA exonuclease activity,9
MF,GO:0004596,protein-N-terminal amino-acid acetyltransferase activity,9
MF,GO:0004611,phosphoenolpyruvate carboxykinase activity,9
MF,GO:0004614,phosphoglucomutase activity,9
MF,GO:0004834,tryptophan synthase activity,9
MF,GO:0004861,cyclin-dependent protein serine/threonine kinase inhibitor activity,9
MF,GO:0005047,signal recognition particle binding,9
MF,GO:0005049,nuclear export signal receptor activity,9
MF,GO:0005496,steroid binding,9
MF,GO:0008083,growth factor activity,9
MF,GO:0008409,5'-3' exonuclease activity,9
MF,GO:0008453,alanine-glyoxylate transaminase activity,9
MF,GO:0008964,phosphoenolpyruvate carboxylase activity,9
MF,GO:0009045,xylose isomerase activity,9
MF,GO:0010308,acireductone dioxygenase (Ni2+-requiring) activity,9
MF,GO:0010309,acireductone dioxygenase [iron(II)-requiring] activity,9
MF,GO:0010997,anaphase-promoting complex binding,9
MF,GO:0015165,pyrimidine nucleotide-sugar transmembrane transporter activity,9
MF,GO:0016783,sulfurtransferase activity,9
MF,GO:0017076,purine nucleotide binding,9
MF,GO:0030267,glyoxylate reductase (NADPH) activity,9
MF,GO:0030410,nicotianamine synthase activity,9
MF,GO:0034647,histone H3K4me/H3K4me2/H3K4me3 demethylase activity,9
MF,GO:0043015,gamma-tubulin binding,9
MF,GO:0045548,phenylalanine ammonia-lyase activity,9
MF,GO:0045551,cinnamyl-alcohol dehydrogenase activity,9
MF,GO:0052691,UDP-arabinopyranose mutase activity,9
MF,GO:0090729,toxin activity,9
MF,GO:0106245,L-serine-phosphatidylethanolamine phosphatidyltransferase activity,9
MF,GO:1990269,RNA polymerase II C-terminal domain phosphoserine binding,9
MF,GO:1990380,K48-linked deubiquitinase activity,9
MF,GO:0000062,fatty-acyl-CoA binding,8
MF,GO:0003860,3-hydroxyisobutyryl-CoA hydrolase activity,8
MF,GO:0003904,deoxyribodipyrimidine photo-lyase activity,8
MF,GO:0003954,NADH dehydrogenase activity,8
MF,GO:0003968,RNA-directed RNA polymerase activity,8
MF,GO:0003997,acyl-CoA oxidase activity,8
MF,GO:0004020,adenylylsulfate kinase activity,8
MF,GO:0004022,alcohol dehydrogenase (NAD+) activity,8
MF,GO:0004034,aldose 1-epimerase activity,8
MF,GO:0004045,peptidyl-tRNA hydrolase activity,8
MF,GO:0004143,ATP-dependent diacylglycerol kinase activity,8
MF,GO:0004301,epoxide hydrolase activity,8
MF,GO:0004315,3-oxoacyl-[acyl-carrier-protein] synthase activity,8
MF,GO:0004324,ferredoxin-NADP+ reductase activity,8
MF,GO:0004612,phosphoenolpyruvate carboxykinase (ATP) activity,8
MF,GO:0004634,phosphopyruvate hydratase activity,8
MF,GO:0004664,prephenate dehydratase activity,8
MF,GO:0004742,dihydrolipoyllysine-residue acetyltransferase activity,8
MF,GO:0004781,sulfate adenylyltransferase (ATP) activity,8
MF,GO:0004807,triose-phosphate isomerase activity,8
MF,GO:0004853,uroporphyrinogen decarboxylase activity,8
MF,GO:0004930,G protein-coupled receptor activity,8
MF,GO:0005247,voltage-gated chloride channel activity,8
MF,GO:0005452,solute:inorganic anion antiporter activity,8
MF,GO:0008121,quinol-cytochrome-c reductase activity,8
MF,GO:0008373,sialyltransferase activity,8
MF,GO:0008379,thioredoxin peroxidase activity,8
MF,GO:0008381,mechanosensitive monoatomic ion channel activity,8
MF,GO:0008649,rRNA methyltransferase activity,8
MF,GO:0009927,histidine phosphotransfer kinase activity,8
MF,GO:0015140,malate transmembrane transporter activity,8
MF,GO:0016041,glutamate synthase (ferredoxin) activity,8
MF,GO:0016987,sigma factor activity,8
MF,GO:0017022,myosin binding,8
MF,GO:0030295,protein kinase activator activity,8
MF,GO:0033188,sphingomyelin synthase activity,8
MF,GO:0033843,xyloglucan 6-xylosyltransferase activity,8
MF,GO:0038198,auxin receptor activity,8
MF,GO:0038199,ethylene receptor activity,8
MF,GO:0046481,digalactosyldiacylglycerol synthase activity,8
MF,GO:0046592,polyamine oxidase activity,8
MF,GO:0047134,protein-disulfide reductase [NAD(P)H] activity,8
MF,GO:0047493,ceramide cholinephosphotransferase activity,8
MF,GO:0051740,ethylene binding,8
MF,GO:0051903,S-(hydroxymethyl)glutathione dehydrogenase [NAD(P)+] activity,8
MF,GO:0070182,DNA polymerase binding,8
MF,GO:0097367,carbohydrate derivative binding,8
MF,GO:0102726,DIMBOA glucoside beta-D-glucosidase activity,8
MF,GO:0141221,"histone deacetylase activity, hydrolytic mechanism",8
MF,GO:0000014,single-stranded DNA endodeoxyribonuclease activity,7
MF,GO:0003691,double-stranded telomeric DNA binding,7
MF,GO:0003785,actin monomer binding,7
MF,GO:0003917,"DNA topoisomerase type I (single strand cut, ATP-independent) activity",7
MF,GO:0003989,acetyl-CoA carboxylase activity,7
MF,GO:0003994,aconitate hydratase activity,7
MF,GO:0004014,adenosylmethionine decarboxylase activity,7
MF,GO:0004049,anthranilate synthase activity,7
MF,GO:0004072,aspartate kinase activity,7
MF,GO:0004088,carbamoyl-phosphate synthase (glutamine-hydrolyzing) activity,7
MF,GO:0004165,delta(3)-delta(2)-enoyl-CoA isomerase activity,7
MF,GO:0004239,initiator methionyl aminopeptidase activity,7
MF,GO:0004300,enoyl-CoA hydratase activity,7
MF,GO:0004435,"phosphatidylinositol-4,5-bisphosphate phospholipase C activity",7
MF,GO:0004450,isocitrate dehydrogenase (NADP+) activity,7
MF,GO:0004556,alpha-amylase activity,7
MF,GO:0004566,beta-glucuronidase activity,7
MF,GO:0004617,phosphoglycerate dehydrogenase activity,7
MF,GO:0004623,phospholipase A2 activity,7
MF,GO:0004749,ribose phosphate diphosphokinase activity,7
MF,GO:0004838,L-tyrosine-2-oxoglutarate transaminase activity,7
MF,GO:0005313,L-glutamate transmembrane transporter activity,7
MF,GO:0008242,omega peptidase activity,7
MF,GO:0008271,secondary active sulfate transmembrane transporter activity,7
MF,GO:0008296,3'-5'-DNA exonuclease activity,7
MF,GO:0008318,protein prenyltransferase activity,7
MF,GO:0008398,sterol 14-demethylase activity,7
MF,GO:0008440,"inositol-1,4,5-trisphosphate 3-kinase activity",7
MF,GO:0008506,sucrose:proton symporter activity,7
MF,GO:0008519,ammonium channel activity,7
MF,GO:0008728,GTP diphosphokinase activity,7
MF,GO:0009003,obsolete signal peptidase activity,7
MF,GO:0009378,four-way junction helicase activity,7
MF,GO:0009815,1-aminocyclopropane-1-carboxylate oxidase activity,7
MF,GO:0009824,AMP dimethylallyltransferase activity,7
MF,GO:0009975,cyclase activity,7
MF,GO:0010011,auxin binding,7
MF,GO:0010179,IAA-Ala conjugate hydrolase activity,7
MF,GO:0015098,molybdate ion transmembrane transporter activity,7
MF,GO:0016149,"translation release factor activity, codon specific",7
MF,GO:0016668,"oxidoreductase activity, acting on a sulfur group of donors, NAD(P) as acceptor",7
MF,GO:0016832,aldehyde-lyase activity,7
MF,GO:0019104,DNA N-glycosylase activity,7
MF,GO:0019787,ubiquitin-like protein transferase activity,7
MF,GO:0030350,iron-responsive element binding,7
MF,GO:0030533,triplet codon-amino acid adaptor activity,7
MF,GO:0030619,U1 snRNA binding,7
MF,GO:0030620,U2 snRNA binding,7
MF,GO:0032452,histone demethylase activity,7
MF,GO:0033862,UMP kinase activity,7
MF,GO:0035250,UDP-galactosyltransferase activity,7
MF,GO:0043021,ribonucleoprotein complex binding,7
MF,GO:0043024,ribosomal small subunit binding,7
MF,GO:0043682,P-type divalent copper transporter activity,7
MF,GO:0045547,"ditrans,polycis-polyprenyl diphosphate synthase [(2E,6E)-farnesyl diphosphate specific] activity",7
MF,GO:0046524,sucrose-phosphate synthase activity,7
MF,GO:0046923,ER retention sequence binding,7
MF,GO:0046975,histone H3K36 methyltransferase activity,7
MF,GO:0047769,arogenate dehydratase activity,7
MF,GO:0047974,guanosine deaminase activity,7
MF,GO:0050291,sphingosine N-acyltransferase activity,7
MF,GO:0051765,inositol tetrakisphosphate kinase activity,7
MF,GO:0061656,SUMO conjugating enzyme activity,7
MF,GO:0070064,proline-rich region binding,7
MF,GO:0080025,"phosphatidylinositol-3,5-bisphosphate binding",7
MF,GO:0097027,ubiquitin-protein transferase activator activity,7
MF,GO:0120013,lipid transfer activity,7
MF,GO:1905761,SCF ubiquitin ligase complex binding,7
MF,GO:0000095,S-adenosyl-L-methionine transmembrane transporter activity,6
MF,GO:0000150,DNA strand exchange activity,6
MF,GO:0000340,RNA 7-methylguanosine cap binding,6
MF,GO:0000822,inositol hexakisphosphate binding,6
MF,GO:0000995,RNA polymerase III general transcription initiation factor activity,6
MF,GO:0001006,RNA polymerase III type 3 promoter sequence-specific DNA binding,6
MF,GO:0003958,NADPH-hemoprotein reductase activity,6
MF,GO:0003973,(S)-2-hydroxy-acid oxidase activity,6
MF,GO:0003988,acetyl-CoA C-acyltransferase activity,6
MF,GO:0003999,adenine phosphoribosyltransferase activity,6
MF,GO:0004097,catechol oxidase activity,6
MF,GO:0004298,threonine-type endopeptidase activity,6
MF,GO:0004305,ethanolamine kinase activity,6
MF,GO:0004326,tetrahydrofolylpolyglutamate synthase activity,6
MF,GO:0004473,malate dehydrogenase (decarboxylating) (NADP+) activity,6
MF,GO:0004476,mannose-6-phosphate isomerase activity,6
MF,GO:0004496,mevalonate kinase activity,6
MF,GO:0004520,DNA endonuclease activity,6
MF,GO:0004605,phosphatidate cytidylyltransferase activity,6
MF,GO:0004629,phospholipase C activity,6
MF,GO:0004715,non-membrane spanning protein tyrosine kinase activity,6
MF,GO:0004806,triacylglycerol lipase activity,6
MF,GO:0004828,serine-tRNA ligase activity,6
MF,GO:0004866,endopeptidase inhibitor activity,6
MF,GO:0005102,signaling receptor binding,6
MF,GO:0005338,nucleotide-sugar transmembrane transporter activity,6
MF,GO:0008175,tRNA methyltransferase activity,6
MF,GO:0008176,tRNA (guanine(46)-N7)-methyltransferase activity,6
MF,GO:0008177,succinate dehydrogenase (quinone) activity,6
MF,GO:0008430,selenium binding,6
MF,GO:0008460,"dTDP-glucose 4,6-dehydratase activity",6
MF,GO:0008482,sulfite oxidase activity,6
MF,GO:0008486,diphosphoinositol-polyphosphate diphosphatase activity,6
MF,GO:0008821,crossover junction DNA endonuclease activity,6
MF,GO:0009882,blue light photoreceptor activity,6
MF,GO:0009916,alternative oxidase activity,6
MF,GO:0009978,allene oxide synthase activity,6
MF,GO:0010291,beta-carotene 3-hydroxylase activity,6
MF,GO:0010328,auxin influx transmembrane transporter activity,6
MF,GO:0010420,polyprenyldihydroxybenzoate methyltransferase activity,6
MF,GO:0015085,calcium ion transmembrane transporter activity,6
MF,GO:0015189,L-lysine transmembrane transporter activity,6
MF,GO:0015232,heme transmembrane transporter activity,6
MF,GO:0015292,uniporter activity,6
MF,GO:0016407,acetyltransferase activity,6
MF,GO:0016423,tRNA (guanine) methyltransferase activity,6
MF,GO:0016618,hydroxypyruvate reductase [NAD(P)H] activity,6
MF,GO:0016639,"oxidoreductase activity, acting on the CH-NH2 group of donors, NAD or NADP as acceptor",6
MF,GO:0016655,"oxidoreductase activity, acting on NAD(P)H, quinone or similar compound as acceptor",6
MF,GO:0016656,monodehydroascorbate reductase (NADH) activity,6
MF,GO:0016730,"oxidoreductase activity, acting on iron-sulfur proteins as donors",6
MF,GO:0016985,"mannan endo-1,4-beta-mannosidase activity",6
MF,GO:0017070,U6 snRNA binding,6
MF,GO:0019199,transmembrane receptor protein kinase activity,6
MF,GO:0019783,ubiquitin-like protein peptidase activity,6
MF,GO:0019955,cytokine binding,6
MF,GO:0030942,endoplasmic reticulum signal peptide binding,6
MF,GO:0032182,ubiquitin-like protein binding,6
MF,GO:0034511,U3 snoRNA binding,6
MF,GO:0035596,methylthiotransferase activity,6
MF,GO:0042134,rRNA primary transcript binding,6
MF,GO:0042301,phosphate ion binding,6
MF,GO:0042937,tripeptide transmembrane transporter activity,6
MF,GO:0043424,protein histidine kinase binding,6
MF,GO:0043546,molybdopterin cofactor binding,6
MF,GO:0045140,inositol phosphoceramide synthase activity,6
MF,GO:0045174,glutathione dehydrogenase (ascorbate) activity,6
MF,GO:0047274,galactinol-sucrose galactosyltransferase activity,6
MF,GO:0047325,"inositol-3,4,5,6-tetrakisphosphate 1-kinase activity",6
MF,GO:0047334,diphosphate-fructose-6-phosphate 1-phosphotransferase activity,6
MF,GO:0048244,phytanoyl-CoA dioxygenase activity,6
MF,GO:0050136,NADH dehydrogenase (quinone) (non-electrogenic) activity,6
MF,GO:0052622,ATP/ADP dimethylallyltransferase activity,6
MF,GO:0052725,"inositol-1,3,4-trisphosphate 6-kinase activity",6
MF,GO:0052726,"inositol-1,3,4-trisphosphate 5-kinase activity",6
MF,GO:0052793,pectin acetylesterase activity,6
MF,GO:0061542,3-demethylubiquinol 3-O-methyltransferase activity,6
MF,GO:0061578,K63-linked deubiquitinase activity,6
MF,GO:0070042,rRNA (uridine-N3-)-methyltransferase activity,6
MF,GO:0070402,NADPH binding,6
MF,GO:0071916,dipeptide transmembrane transporter activity,6
MF,GO:0102721,ubiquinol:oxygen oxidoreductase activity,6
MF,GO:0000254,C-4 methylsterol oxidase activity,5
MF,GO:0000339,RNA cap binding,5
MF,GO:0000400,four-way junction DNA binding,5
MF,GO:0000987,cis-regulatory region sequence-specific DNA binding,5
MF,GO:0003841,1-acylglycerol-3-phosphate O-acyltransferase activity,5
MF,GO:0003852,2-isopropylmalate synthase activity,5
MF,GO:0003857,3-hydroxyacyl-CoA dehydrogenase (NAD+) activity,5
MF,GO:0003951,NAD+ kinase activity,5
MF,GO:0003984,acetolactate synthase activity,5
MF,GO:0003995,acyl-CoA dehydrogenase activity,5
MF,GO:0004000,adenosine deaminase activity,5
MF,GO:0004069,L-aspartate:2-oxoglutarate aminotransferase activity,5
MF,GO:0004106,chorismate mutase activity,5
MF,GO:0004134,4-alpha-glucanotransferase activity,5
MF,GO:0004311,geranylgeranyl diphosphate synthase activity,5
MF,GO:0004345,glucose-6-phosphate dehydrogenase activity,5
MF,GO:0004351,glutamate decarboxylase activity,5
MF,GO:0004363,glutathione synthase activity,5
MF,GO:0004372,glycine hydroxymethyltransferase activity,5
MF,GO:0004449,isocitrate dehydrogenase (NAD+) activity,5
MF,GO:0004462,lactoylglutathione lyase activity,5
MF,GO:0004478,methionine adenosyltransferase activity,5
MF,GO:0004563,beta-N-acetylhexosaminidase activity,5
MF,GO:0004618,phosphoglycerate kinase activity,5
MF,GO:0004737,pyruvate decarboxylase activity,5
MF,GO:0004740,pyruvate dehydrogenase (acetyl-transferring) kinase activity,5
MF,GO:0004766,spermidine synthase activity,5
MF,GO:0004792,thiosulfate-cyanide sulfurtransferase activity,5
MF,GO:0004813,alanine-tRNA ligase activity,5
MF,GO:0004820,glycine-tRNA ligase activity,5
MF,GO:0004839,ubiquitin activating enzyme activity,5
MF,GO:0005048,signal sequence binding,5
MF,GO:0005094,Rho GDP-dissociation inhibitor activity,5
MF,GO:0005483,soluble NSF attachment protein activity,5
MF,GO:0008253,5'-nucleotidase activity,5
MF,GO:0008417,fucosyltransferase activity,5
MF,GO:0008429,phosphatidylethanolamine binding,5
MF,GO:0008477,purine nucleosidase activity,5
MF,GO:0008515,sucrose transmembrane transporter activity,5
MF,GO:0008732,L-allo-threonine aldolase activity,5
MF,GO:0008940,nitrate reductase activity,5
MF,GO:0008962,phosphatidylglycerophosphatase activity,5
MF,GO:0009670,triose-phosphate:phosphate antiporter activity,5
MF,GO:0010277,chlorophyllide a oxygenase activity,5
MF,GO:0010283,pinoresinol reductase activity,5
MF,GO:0010485,histone H4 acetyltransferase activity,5
MF,GO:0015038,glutathione disulfide oxidoreductase activity,5
MF,GO:0015121,phosphoenolpyruvate:phosphate antiporter activity,5
MF,GO:0015185,gamma-aminobutyric acid transmembrane transporter activity,5
MF,GO:0015203,polyamine transmembrane transporter activity,5
MF,GO:0015271,outward rectifier potassium channel activity,5
MF,GO:0015562,efflux transmembrane transporter activity,5
MF,GO:0015662,P-type ion transporter activity,5
MF,GO:0016463,P-type zinc transporter activity,5
MF,GO:0016638,"oxidoreductase activity, acting on the CH-NH2 group of donors",5
MF,GO:0016807,cysteine-type carboxypeptidase activity,5
MF,GO:0016857,"racemase and epimerase activity, acting on carbohydrates and derivatives",5
MF,GO:0019237,centromeric DNA binding,5
MF,GO:0019239,deaminase activity,5
MF,GO:0019863,IgE binding,5
MF,GO:0019903,protein phosphatase binding,5
MF,GO:0022841,potassium ion leak channel activity,5
MF,GO:0031956,medium-chain fatty acid-CoA ligase activity,5
MF,GO:0032451,demethylase activity,5
MF,GO:0034237,protein kinase A regulatory subunit binding,5
MF,GO:0034513,box H/ACA snoRNA binding,5
MF,GO:0035242,protein-arginine omega-N asymmetric methyltransferase activity,5
MF,GO:0035514,DNA demethylase activity,5
MF,GO:0042132,"fructose 1,6-bisphosphate 1-phosphatase activity",5
MF,GO:0042392,sphingosine-1-phosphate phosphatase activity,5
MF,GO:0045437,uridine nucleosidase activity,5
MF,GO:0046920,alpha-(1->3)-fucosyltransferase activity,5
MF,GO:0046976,histone H3K27 methyltransferase activity,5
MF,GO:0047100,glyceraldehyde-3-phosphate dehydrogenase (NADP+) (phosphorylating) activity,5
MF,GO:0047627,adenylylsulfatase activity,5
MF,GO:0047631,ADP-ribose diphosphatase activity,5
MF,GO:0047724,inosine nucleosidase activity,5
MF,GO:0047952,glycerol-3-phosphate dehydrogenase [NAD(P)+] activity,5
MF,GO:0050105,L-gulonolactone oxidase activity,5
MF,GO:0050464,nitrate reductase (NADPH) activity,5
MF,GO:0051996,squalene synthase [NAD(P)H] activity,5
MF,GO:0061665,SUMO ligase activity,5
MF,GO:0070139,SUMO-specific endopeptidase activity,5
MF,GO:0070300,phosphatidic acid binding,5
MF,GO:0071917,triose-phosphate transmembrane transporter activity,5
MF,GO:0071933,Arp2/3 complex binding,5
MF,GO:0080019,alcohol-forming very long-chain fatty acyl-CoA reductase activity,5
MF,GO:0080054,low-affinity nitrate transmembrane transporter activity,5
MF,GO:0080116,glucuronoxylan glucuronosyltransferase activity,5
MF,GO:0102965,alcohol-forming long-chain fatty acyl-CoA reductase activity,5
MF,GO:0140097,"catalytic activity, acting on DNA",5
MF,GO:0000035,acyl binding,4
MF,GO:0000179,"rRNA (adenine-N6,N6-)-dimethyltransferase activity",4
MF,GO:0001181,RNA polymerase I general transcription initiation factor activity,4
MF,GO:0001664,G protein-coupled receptor binding,4
MF,GO:0001729,ceramide kinase activity,4
MF,GO:0003830,"beta-1,4-mannosylglycoprotein 4-beta-N-acetylglucosaminyltransferase activity",4
MF,GO:0003838,sterol 24-C-methyltransferase activity,4
MF,GO:0003844,"1,4-alpha-glucan branching enzyme activity",4
MF,GO:0003878,ATP citrate synthase activity,4
MF,GO:0003886,DNA (cytosine-5-)-methyltransferase activity,4
MF,GO:0003909,DNA ligase activity,4
MF,GO:0003910,DNA ligase (ATP) activity,4
MF,GO:0003919,FMN adenylyltransferase activity,4
MF,GO:0003935,GTP cyclohydrolase II activity,4
MF,GO:0003962,cystathionine gamma-synthase activity,4
MF,GO:0004015,adenosylmethionine-8-amino-7-oxononanoate transaminase activity,4
MF,GO:0004018,"N6-(1,2-dicarboxyethyl)AMP AMP-lyase (fumarate-forming) activity",4
MF,GO:0004031,aldehyde oxidase activity,4
MF,GO:0004050,apyrase activity,4
MF,GO:0004061,arylformamidase activity,4
MF,GO:0004066,asparagine synthase (glutamine-hydrolyzing) activity,4
MF,GO:0004084,branched-chain-amino-acid transaminase activity,4
MF,GO:0004096,catalase activity,4
MF,GO:0004103,choline kinase activity,4
MF,GO:0004105,choline-phosphate cytidylyltransferase activity,4
MF,GO:0004140,dephospho-CoA kinase activity,4
MF,GO:0004148,dihydrolipoyl dehydrogenase (NADH) activity,4
MF,GO:0004174,electron-transferring-flavoprotein dehydrogenase activity,4
MF,GO:0004316,3-oxoacyl-[acyl-carrier-protein] reductase (NADPH) activity,4
MF,GO:0004318,enoyl-[acyl-carrier-protein] reductase (NADH) activity,4
MF,GO:0004322,ferroxidase activity,4
MF,GO:0004348,glucosylceramidase activity,4
MF,GO:0004359,glutaminase activity,4
MF,GO:0004375,glycine dehydrogenase (decarboxylating) activity,4
MF,GO:0004412,homoserine dehydrogenase activity,4
MF,GO:0004421,hydroxymethylglutaryl-CoA synthase activity,4
MF,GO:0004482,mRNA 5'-cap (guanine-N7-)-methyltransferase activity,4
MF,GO:0004516,nicotinate phosphoribosyltransferase activity,4
MF,GO:0004523,RNA-DNA hybrid ribonuclease activity,4
MF,GO:0004526,ribonuclease P activity,4
MF,GO:0004560,alpha-L-fucosidase activity,4
MF,GO:0004576,oligosaccharyl transferase activity,4
MF,GO:0004579,dolichyl-diphosphooligosaccharide-protein glycotransferase activity,4
MF,GO:0004637,phosphoribosylamine-glycine ligase activity,4
MF,GO:0004753,saccharopine dehydrogenase activity,4
MF,GO:0004775,succinate-CoA ligase (ADP-forming) activity,4
MF,GO:0004798,dTMP kinase activity,4
MF,GO:0004817,cysteine-tRNA ligase activity,4
MF,GO:0004818,glutamate-tRNA ligase activity,4
MF,GO:0004822,isoleucine-tRNA ligase activity,4
MF,GO:0004825,methionine-tRNA ligase activity,4
MF,GO:0004826,phenylalanine-tRNA ligase activity,4
MF,GO:0004832,valine-tRNA ligase activity,4
MF,GO:0004849,uridine kinase activity,4
MF,GO:0005337,nucleoside transmembrane transporter activity,4
MF,GO:0005366,myo-inositol:proton symporter activity,4
MF,GO:0008113,peptide-methionine (S)-S-oxide reductase activity,4
MF,GO:0008115,sarcosine oxidase activity,4
MF,GO:0008187,poly-pyrimidine tract binding,4
MF,GO:0008251,tRNA-specific adenosine deaminase activity,4
MF,GO:0008252,nucleotidase activity,4
MF,GO:0008441,"3'(2'),5'-bisphosphate nucleotidase activity",4
MF,GO:0008447,L-ascorbate oxidase activity,4
MF,GO:0008551,P-type cadmium transporter activity,4
MF,GO:0008568,microtubule severing ATPase activity,4
MF,GO:0008686,"3,4-dihydroxy-2-butanone-4-phosphate synthase activity",4
MF,GO:0008692,3-hydroxybutyryl-CoA epimerase activity,4
MF,GO:0008863,formate dehydrogenase (NAD+) activity,4
MF,GO:0010280,UDP-L-rhamnose synthase activity,4
MF,GO:0010295,(+)-abscisic acid 8'-hydroxylase activity,4
MF,GO:0015120,phosphoglycerate transmembrane transporter activity,4
MF,GO:0015131,oxaloacetate transmembrane transporter activity,4
MF,GO:0015205,nucleobase transmembrane transporter activity,4
MF,GO:0015928,fucosidase activity,4
MF,GO:0015930,glutamate synthase activity,4
MF,GO:0016285,alanyl aminopeptidase activity,4
MF,GO:0016432,tRNA-uridine aminocarboxypropyltransferase activity,4
MF,GO:0016435,rRNA (guanine) methyltransferase activity,4
MF,GO:0016621,cinnamoyl-CoA reductase activity,4
MF,GO:0016710,trans-cinnamate 4-monooxygenase activity,4
MF,GO:0016756,glutathione gamma-glutamylcysteinyltransferase activity,4
MF,GO:0016851,magnesium chelatase activity,4
MF,GO:0016906,sterol 3-beta-glucosyltransferase activity,4
MF,GO:0016972,thiol oxidase activity,4
MF,GO:0017040,N-acylsphingosine amidohydrolase activity,4
MF,GO:0017057,6-phosphogluconolactonase activity,4
MF,GO:0017128,phospholipid scramblase activity,4
MF,GO:0017150,tRNA dihydrouridine synthase activity,4
MF,GO:0019001,guanyl nucleotide binding,4
MF,GO:0019171,(3R)-hydroxyacyl-[acyl-carrier-protein] dehydratase activity,4
MF,GO:0019786,protein-phosphatidylethanolamide deconjugating activity,4
MF,GO:0019825,oxygen binding,4
MF,GO:0030627,pre-mRNA 5'-splice site binding,4
MF,GO:0031177,phosphopantetheine binding,4
MF,GO:0031210,phosphatidylcholine binding,4
MF,GO:0031559,oxidosqualene cyclase activity,4
MF,GO:0031683,G-protein beta/gamma-subunit complex binding,4
MF,GO:0032051,clathrin light chain binding,4
MF,GO:0032183,SUMO binding,4
MF,GO:0032453,histone H3K4 demethylase activity,4
MF,GO:0033204,ribonuclease P RNA binding,4
MF,GO:0033855,nicotianamine aminotransferase activity,4
MF,GO:0033897,ribonuclease T2 activity,4
MF,GO:0035243,protein-arginine omega-N symmetric methyltransferase activity,4
MF,GO:0035529,NADH pyrophosphatase activity,4
MF,GO:0042277,peptide binding,4
MF,GO:0042389,omega-3 fatty acid desaturase activity,4
MF,GO:0044389,ubiquitin-like protein ligase binding,4
MF,GO:0045703,ketoreductase activity,4
MF,GO:0046510,UDP-sulfoquinovose:DAG sulfoquinovosyltransferase activity,4
MF,GO:0047254,"2,4-dihydroxy-7-methoxy-2H-1,4-benzoxazin-3(4H)-one 2-D-glucosyltransferase activity",4
MF,GO:0047746,chlorophyllase activity,4
MF,GO:0050377,"UDP-glucose 4,6-dehydratase activity",4
MF,GO:0050567,glutaminyl-tRNA synthase (glutamine-hydrolyzing) activity,4
MF,GO:0051747,cytosine C-5 DNA demethylase activity,4
MF,GO:0052901,spermine oxidase activity,4
MF,GO:0055056,D-glucose transmembrane transporter activity,4
MF,GO:0061863,microtubule plus end polymerase,4
MF,GO:0070566,adenylyltransferase activity,4
MF,GO:0080132,fatty acid 2-hydroxylase activity,4
MF,GO:0140101,"catalytic activity, acting on a tRNA",4
MF,GO:0140824,thioredoxin-dependent peroxiredoxin activity,4
MF,GO:0141052,histone H3 demethylase activity,4
MF,GO:1990259,histone H2AQ104 methyltransferase activity,4
MF,GO:1990275,preribosome binding,4
MF,GO:1990404,NAD+-protein mono-ADP-ribosyltransferase activity,4
MF,GO:0000009,"alpha-1,6-mannosyltransferase activity",3
MF,GO:0000026,"alpha-1,2-mannosyltransferase activity",3
MF,GO:0000064,L-ornithine transmembrane transporter activity,3
MF,GO:0000234,phosphoethanolamine N-methyltransferase activity,3
MF,GO:0001046,core promoter sequence-specific DNA binding,3
MF,GO:0003726,double-stranded RNA adenosine deaminase activity,3
MF,GO:0003855,3-dehydroquinate dehydratase activity,3
MF,GO:0003856,3-dehydroquinate synthase activity,3
MF,GO:0003861,3-isopropylmalate dehydratase activity,3
MF,GO:0003871,5-methyltetrahydropteroyltriglutamate-homocysteine S-methyltransferase activity,3
MF,GO:0003921,GMP synthase activity,3
MF,GO:0003938,IMP dehydrogenase activity,3
MF,GO:0003979,UDP-glucose 6-dehydrogenase activity,3
MF,GO:0003985,acetyl-CoA C-acetyltransferase activity,3
MF,GO:0003987,acetate-CoA ligase activity,3
MF,GO:0004001,adenosine kinase activity,3
MF,GO:0004044,amidophosphoribosyltransferase activity,3
MF,GO:0004075,biotin carboxylase activity,3
MF,GO:0004076,biotin synthase activity,3
MF,GO:0004087,carbamoyl-phosphate synthase (ammonia) activity,3
MF,GO:0004109,coproporphyrinogen oxidase activity,3
MF,GO:0004128,"cytochrome-b5 reductase activity, acting on NAD(P)H",3
MF,GO:0004142,diacylglycerol cholinephosphotransferase activity,3
MF,GO:0004146,dihydrofolate reductase activity,3
MF,GO:0004150,dihydroneopterin aldolase activity,3
MF,GO:0004161,dimethylallyltranstransferase activity,3
MF,GO:0004306,ethanolamine-phosphate cytidylyltransferase activity,3
MF,GO:0004309,exopolyphosphatase activity,3
MF,GO:0004325,ferrochelatase activity,3
MF,GO:0004333,fumarate hydratase activity,3
MF,GO:0004335,galactokinase activity,3
MF,GO:0004337,"(2E,6E)-farnesyl diphosphate synthase activity",3
MF,GO:0004347,glucose-6-phosphate isomerase activity,3
MF,GO:0004349,glutamate 5-kinase activity,3
MF,GO:0004350,glutamate-5-semialdehyde dehydrogenase activity,3
MF,GO:0004353,glutamate dehydrogenase [NAD(P)+] activity,3
MF,GO:0004358,"L-glutamate N-acetyltransferase activity, acting on acetyl-L-ornithine as donor",3
MF,GO:0004376,GPI mannosyltransferase activity,3
MF,GO:0004425,indole-3-glycerol-phosphate synthase activity,3
MF,GO:0004452,isopentenyl-diphosphate delta-isomerase activity,3
MF,GO:0004455,ketol-acid reductoisomerase activity,3
MF,GO:0004475,mannose-1-phosphate guanylyltransferase (GTP) activity,3
MF,GO:0004477,methenyltetrahydrofolate cyclohydrolase activity,3
MF,GO:0004488,methylenetetrahydrofolate dehydrogenase (NADP+) activity,3
MF,GO:0004489,methylenetetrahydrofolate reductase [NAD(P)H] activity,3
MF,GO:0004528,phosphodiesterase I activity,3
MF,GO:0004586,ornithine decarboxylase activity,3
MF,GO:0004590,orotidine-5'-phosphate decarboxylase activity,3
MF,GO:0004591,oxoglutarate dehydrogenase (succinyl-transferring) activity,3
MF,GO:0004609,phosphatidylserine decarboxylase activity,3
MF,GO:0004615,phosphomannomutase activity,3
MF,GO:0004616,phosphogluconate dehydrogenase (decarboxylating) activity,3
MF,GO:0004633,phosphopantothenoylcysteine decarboxylase activity,3
MF,GO:0004639,phosphoribosylaminoimidazolesuccinocarboxamide synthase activity,3
MF,GO:0004641,phosphoribosylformylglycinamidine cyclo-ligase activity,3
MF,GO:0004660,protein farnesyltransferase activity,3
MF,GO:0004662,CAAX-protein geranylgeranyltransferase activity,3
MF,GO:0004663,Rab geranylgeranyltransferase activity,3
MF,GO:0004665,prephenate dehydrogenase (NADP+) activity,3
MF,GO:0004750,D-ribulose-phosphate 3-epimerase activity,3
MF,GO:0004751,ribose-5-phosphate isomerase activity,3
MF,GO:0004760,L-serine-pyruvate transaminase activity,3
MF,GO:0004764,shikimate 3-dehydrogenase (NADP+) activity,3
MF,GO:0004765,shikimate kinase activity,3
MF,GO:0004788,thiamine diphosphokinase activity,3
MF,GO:0004793,threonine aldolase activity,3
MF,GO:0004801,transaldolase activity,3
MF,GO:0004815,aspartate-tRNA ligase activity,3
MF,GO:0004816,asparagine-tRNA ligase activity,3
MF,GO:0004821,histidine-tRNA ligase activity,3
MF,GO:0004823,leucine-tRNA ligase activity,3
MF,GO:0004824,lysine-tRNA ligase activity,3
MF,GO:0004827,proline-tRNA ligase activity,3
MF,GO:0004829,threonine-tRNA ligase activity,3
MF,GO:0004831,tyrosine-tRNA ligase activity,3
MF,GO:0005274,allantoin:proton symporter activity,3
MF,GO:0005458,GDP-mannose transmembrane transporter activity,3
MF,GO:0005542,folic acid binding,3
MF,GO:0008131,primary methylamine oxidase activity,3
MF,GO:0008134,transcription factor binding,3
MF,GO:0008138,protein tyrosine/serine/threonine phosphatase activity,3
MF,GO:0008170,N-methyltransferase activity,3
MF,GO:0008179,adenylate cyclase binding,3
MF,GO:0008235,metalloexopeptidase activity,3
MF,GO:0008428,ribonuclease inhibitor activity,3
MF,GO:0008650,rRNA (uridine-2'-O-)-methyltransferase activity,3
MF,GO:0008661,1-deoxy-D-xylulose-5-phosphate synthase activity,3
MF,GO:0008705,methionine synthase activity,3
MF,GO:0008832,dGTPase activity,3
MF,GO:0008839,4-hydroxy-tetrahydrodipicolinate reductase,3
MF,GO:0008883,glutamyl-tRNA reductase activity,3
MF,GO:0008936,nicotinamidase activity,3
MF,GO:0008974,phosphoribulokinase activity,3
MF,GO:0008977,prephenate dehydrogenase (NAD+) activity,3
MF,GO:0008988,rRNA (adenine-N6-)-methyltransferase activity,3
MF,GO:0009001,serine O-acetyltransferase activity,3
MF,GO:0009383,rRNA (cytosine-C5-)-methyltransferase activity,3
MF,GO:0009905,ent-copalyl diphosphate synthase activity,3
MF,GO:0015215,nucleotide transmembrane transporter activity,3
MF,GO:0015217,ADP transmembrane transporter activity,3
MF,GO:0015228,coenzyme A transmembrane transporter activity,3
MF,GO:0015377,chloride:monoatomic cation symporter activity,3
MF,GO:0015379,potassium:chloride symporter activity,3
MF,GO:0015450,protein-transporting ATPase activity,3
MF,GO:0016034,maleylacetoacetate isomerase activity,3
MF,GO:0016040,glutamate synthase (NADH) activity,3
MF,GO:0016165,linoleate 13S-lipoxygenase activity,3
MF,GO:0016208,AMP binding,3
MF,GO:0016428,tRNA (cytidine-5-)-methyltransferase activity,3
MF,GO:0016630,protochlorophyllide reductase activity,3
MF,GO:0016741,"transferase activity, transferring one-carbon groups",3
MF,GO:0016744,transketolase or transaldolase activity,3
MF,GO:0016813,"hydrolase activity, acting on carbon-nitrogen (but not peptide) bonds, in linear amidines",3
MF,GO:0016847,1-aminocyclopropane-1-carboxylate synthase activity,3
MF,GO:0016855,"racemase and epimerase activity, acting on amino acids and derivatives",3
MF,GO:0016871,cycloartenol synthase activity,3
MF,GO:0016878,acid-thiol ligase activity,3
MF,GO:0016884,"carbon-nitrogen ligase activity, with glutamine as amido-N-donor",3
MF,GO:0016992,lipoate synthase activity,3
MF,GO:0017077,oxidative phosphorylation uncoupler activity,3
MF,GO:0018237,urease activator activity,3
MF,GO:0018738,S-formylglutathione hydrolase activity,3
MF,GO:0019156,isoamylase activity,3
MF,GO:0019781,NEDD8 activating enzyme activity,3
MF,GO:0019789,SUMO transferase activity,3
MF,GO:0019904,protein domain specific binding,3
MF,GO:0019948,SUMO activating enzyme activity,3
MF,GO:0030366,molybdopterin synthase activity,3
MF,GO:0030604,1-deoxy-D-xylulose-5-phosphate reductoisomerase activity,3
MF,GO:0030623,U5 snRNA binding,3
MF,GO:0030943,mitochondrion targeting sequence binding,3
MF,GO:0032131,alkylated DNA binding,3
MF,GO:0032440,2-alkenal reductase [NAD(P)H] activity,3
MF,GO:0033818,beta-ketoacyl-acyl-carrier-protein synthase III activity,3
MF,GO:0034338,short-chain carboxylesterase activity,3
MF,GO:0034387,4-aminobutyrate:pyruvate transaminase activity,3
MF,GO:0034450,ubiquitin-ubiquitin ligase activity,3
MF,GO:0035241,protein-arginine omega-N monomethyltransferase activity,3
MF,GO:0035516,broad specificity oxidative DNA demethylase activity,3
MF,GO:0042292,URM1 activating enzyme activity,3
MF,GO:0042736,NADH kinase activity,3
MF,GO:0042800,histone H3K4 methyltransferase activity,3
MF,GO:0043136,glycerol-3-phosphatase activity,3
MF,GO:0043515,kinetochore binding,3
MF,GO:0043812,phosphatidylinositol-4-phosphate phosphatase activity,3
MF,GO:0045127,N-acetylglucosamine kinase activity,3
MF,GO:0045182,translation regulator activity,3
MF,GO:0045544,gibberellin 20-oxidase activity,3
MF,GO:0045549,9-cis-epoxycarotenoid dioxygenase activity,3
MF,GO:0046509,"1,2-diacylglycerol 3-beta-galactosyltransferase activity",3
MF,GO:0046577,long-chain-alcohol oxidase activity,3
MF,GO:0046608,carotenoid isomerase activity,3
MF,GO:0046863,"ribulose-1,5-bisphosphate carboxylase/oxygenase activator activity",3
MF,GO:0046905,15-cis-phytoene synthase activity,3
MF,GO:0046914,transition metal ion binding,3
MF,GO:0046964,3'-phosphoadenosine 5'-phosphosulfate transmembrane transporter activity,3
MF,GO:0047105,4-trimethylammoniobutyraldehyde dehydrogenase activity,3
MF,GO:0047107,gamma-guanidinobutyraldehyde dehydrogenase (NAD+) activity,3
MF,GO:0047216,inositol 3-alpha-galactosyltransferase activity,3
MF,GO:0047545,2-hydroxyglutarate dehydrogenase activity,3
MF,GO:0047931,glucosamine kinase activity,3
MF,GO:0048029,monosaccharide binding,3
MF,GO:0048256,flap endonuclease activity,3
MF,GO:0048529,magnesium-protoporphyrin IX monomethyl ester (oxidative) cyclase activity,3
MF,GO:0048531,"beta-1,3-galactosyltransferase activity",3
MF,GO:0050265,RNA uridylyltransferase activity,3
MF,GO:0050307,sucrose-phosphate phosphatase activity,3
MF,GO:0050502,cis-zeatin O-beta-D-glucosyltransferase activity,3
MF,GO:0050833,pyruvate transmembrane transporter activity,3
MF,GO:0051020,GTPase binding,3
MF,GO:0051748,UTP-monosaccharide-1-phosphate uridylyltransferase activity,3
MF,GO:0051920,peroxiredoxin activity,3
MF,GO:0052630,UDP-N-acetylgalactosamine diphosphorylase activity,3
MF,GO:0052636,arabinosyltransferase activity,3
MF,GO:0052905,tRNA (guanosine(9)-N1)-methyltransferase activity,3
MF,GO:0061522,"1,4-dihydroxy-2-naphthoyl-CoA thioesterase activity",3
MF,GO:0061627,S-methylmethionine-homocysteine S-methyltransferase activity,3
MF,GO:0062064,box C/D methylation guide snoRNP complex binding,3
MF,GO:0070063,RNA polymerase binding,3
MF,GO:0090486,small RNA 2'-O-methyltransferase activity,3
MF,GO:0090524,"cytochrome-b5 reductase activity, acting on NADH",3
MF,GO:0090599,alpha-glucosidase activity,3
MF,GO:0097157,pre-mRNA intronic binding,3
MF,GO:0102158,very-long-chain (3R)-3-hydroxyacyl-CoA dehydratase activity,3
MF,GO:0120014,phospholipid transfer activity,3
MF,GO:0140312,cargo adaptor activity,3
MF,GO:0140327,flippase activity,3
MF,GO:0140463,chromatin-protein adaptor activity,3
MF,GO:1990136,linoleate 9S-lipoxygenase activity,3
MF,GO:1990189,protein N-terminal-serine acetyltransferase activity,3
MF,GO:0000107,imidazoleglycerol-phosphate synthase activity,2
MF,GO:0000215,tRNA 2'-phosphotransferase activity,2
MF,GO:0000225,N-acetylglucosaminylphosphatidylinositol deacetylase activity,2
MF,GO:0000247,C-8 sterol isomerase activity,2
MF,GO:0000248,C-5 sterol desaturase activity,2
MF,GO:0000257,nitrilase activity,2
MF,GO:0000309,nicotinamide-nucleotide adenylyltransferase activity,2
MF,GO:0000386,second spliceosomal transesterification activity,2
MF,GO:0000828,inositol hexakisphosphate kinase activity,2
MF,GO:0000829,diphosphoinositol pentakisphosphate kinase activity,2
MF,GO:0000906,"6,7-dimethyl-8-ribityllumazine synthase activity",2
MF,GO:0000994,RNA polymerase III core binding,2
MF,GO:0001096,TFIIF-class transcription factor complex binding,2
MF,GO:0001156,TFIIIC-class transcription factor complex binding,2
MF,GO:0001164,RNA polymerase I core promoter sequence-specific DNA binding,2
MF,GO:0001217,DNA-binding transcription repressor activity,2
MF,GO:0001530,lipopolysaccharide binding,2
MF,GO:0001727,lipid kinase activity,2
MF,GO:0002151,G-quadruplex RNA binding,2
MF,GO:0002953,5'-deoxynucleotidase activity,2
MF,GO:0003711,transcription elongation factor activity,2
MF,GO:0003862,3-isopropylmalate dehydrogenase activity,2
MF,GO:0003863,branched-chain 2-oxo acid dehydrogenase activity,2
MF,GO:0003868,4-hydroxyphenylpyruvate dioxygenase activity,2
MF,GO:0003873,6-phosphofructo-2-kinase activity,2
MF,GO:0003876,AMP deaminase activity,2
MF,GO:0003881,CDP-diacylglycerol-inositol 3-phosphatidyltransferase activity,2
MF,GO:0003906,DNA-(apurinic or apyrimidinic site) endonuclease activity,2
MF,GO:0003913,DNA photolyase activity,2
MF,GO:0003923,GPI-anchor transamidase activity,2
MF,GO:0003934,GTP cyclohydrolase I activity,2
MF,GO:0003937,IMP cyclohydrolase activity,2
MF,GO:0003949,1-(5-phosphoribosyl)-5-[(5-phosphoribosylamino)methylideneamino]imidazole-4-carboxamide isomerase activity,2
MF,GO:0003964,RNA-directed DNA polymerase activity,2
MF,GO:0003972,RNA ligase (ATP) activity,2
MF,GO:0003975,UDP-N-acetylglucosamine-dolichyl-phosphate N-acetylglucosaminephosphotransferase activity,2
MF,GO:0003991,acetylglutamate kinase activity,2
MF,GO:0003998,acylphosphatase activity,2
MF,GO:0004013,adenosylhomocysteinase activity,2
MF,GO:0004019,adenylosuccinate synthase activity,2
MF,GO:0004030,aldehyde dehydrogenase [NAD(P)+] activity,2
MF,GO:0004038,allantoinase activity,2
MF,GO:0004046,aminoacylase activity,2
MF,GO:0004070,aspartate carbamoyltransferase activity,2
MF,GO:0004107,chorismate synthase activity,2
MF,GO:0004112,cyclic-nucleotide phosphodiesterase activity,2
MF,GO:0004126,cytidine deaminase activity,2
MF,GO:0004149,dihydrolipoyllysine-residue succinyltransferase activity,2
MF,GO:0004152,dihydroorotate dehydrogenase activity,2
MF,GO:0004160,dihydroxy-acid dehydratase activity,2
MF,GO:0004163,diphosphomevalonate decarboxylase activity,2
MF,GO:0004307,ethanolaminephosphotransferase activity,2
MF,GO:0004331,"fructose-2,6-bisphosphate 2-phosphatase activity",2
MF,GO:0004334,fumarylacetoacetase activity,2
MF,GO:0004338,"glucan exo-1,3-beta-glucosidase activity",2
MF,GO:0004352,glutamate dehydrogenase (NAD+) activity,2
MF,GO:0004357,glutamate-cysteine ligase activity,2
MF,GO:0004362,glutathione-disulfide reductase (NADPH) activity,2
MF,GO:0004366,glycerol-3-phosphate O-acyltransferase activity,2
MF,GO:0004379,glycylpeptide N-tetradecanoyltransferase activity,2
MF,GO:0004385,GMP kinase activity,2
MF,GO:0004416,hydroxyacylglutathione hydrolase activity,2
MF,GO:0004418,hydroxymethylbilane synthase activity,2
MF,GO:0004419,hydroxymethylglutaryl-CoA lyase activity,2
MF,GO:0004459,L-lactate dehydrogenase (NAD+) activity,2
MF,GO:0004471,malate dehydrogenase (decarboxylating) (NAD+) activity,2
MF,GO:0004484,mRNA guanylyltransferase activity,2
MF,GO:0004485,methylcrotonoyl-CoA carboxylase activity,2
MF,GO:0004490,methylglutaconyl-CoA hydratase activity,2
MF,GO:0004506,squalene monooxygenase activity,2
MF,GO:0004514,nicotinate-nucleotide diphosphorylase (carboxylating) activity,2
MF,GO:0004532,RNA exonuclease activity,2
MF,GO:0004561,alpha-N-acetylglucosaminidase activity,2
MF,GO:0004572,"mannosyl-oligosaccharide 1,3-1,6-alpha-mannosidase activity",2
MF,GO:0004582,dolichyl-phosphate beta-D-mannosyltransferase activity,2
MF,GO:0004588,orotate phosphoribosyltransferase activity,2
MF,GO:0004594,pantothenate kinase activity,2
MF,GO:0004595,pantetheine-phosphate adenylyltransferase activity,2
MF,GO:0004602,glutathione peroxidase activity,2
MF,GO:0004604,phosphoadenylyl-sulfate reductase (thioredoxin) activity,2
MF,GO:0004631,phosphomevalonate kinase activity,2
MF,GO:0004632,phosphopantothenate--cysteine ligase activity,2
MF,GO:0004638,phosphoribosylaminoimidazole carboxylase activity,2
MF,GO:0004640,phosphoribosylanthranilate isomerase activity,2
MF,GO:0004642,phosphoribosylformylglycinamidine synthase activity,2
MF,GO:0004643,phosphoribosylaminoimidazolecarboxamide formyltransferase activity,2
MF,GO:0004645,"1,4-alpha-oligoglucan phosphorylase activity",2
MF,GO:0004654,polyribonucleotide nucleotidyltransferase activity,2
MF,GO:0004657,proline dehydrogenase activity,2
MF,GO:0004719,protein-L-isoaspartate (D-aspartate) O-methyltransferase activity,2
MF,GO:0004729,oxygen-dependent protoporphyrinogen oxidase activity,2
MF,GO:0004733,pyridoxamine phosphate oxidase activity,2
MF,GO:0004746,riboflavin synthase activity,2
MF,GO:0004748,"ribonucleoside-diphosphate reductase activity, thioredoxin disulfide as acceptor",2
MF,GO:0004769,steroid Delta-isomerase activity,2
MF,GO:0004776,succinate-CoA ligase (GDP-forming) activity,2
MF,GO:0004777,succinate-semialdehyde dehydrogenase (NAD+) activity,2
MF,GO:0004789,thiamine-phosphate diphosphorylase activity,2
MF,GO:0004794,threonine deaminase activity,2
MF,GO:0004795,threonine synthase activity,2
MF,GO:0004799,thymidylate synthase activity,2
MF,GO:0004802,transketolase activity,2
MF,GO:0004814,arginine-tRNA ligase activity,2
MF,GO:0004819,glutamine-tRNA ligase activity,2
MF,GO:0004830,tryptophan-tRNA ligase activity,2
MF,GO:0004845,uracil phosphoribosyltransferase activity,2
MF,GO:0004848,ureidoglycolate hydrolase activity,2
MF,GO:0004851,uroporphyrin-III C-methyltransferase activity,2
MF,GO:0004852,uroporphyrinogen-III synthase activity,2
MF,GO:0004856,D-xylulokinase activity,2
MF,GO:0005052,peroxisome matrix targeting signal-1 binding,2
MF,GO:0005080,protein kinase C binding,2
MF,GO:0005242,inward rectifier potassium channel activity,2
MF,GO:0005324,long-chain fatty acid transmembrane transporter activity,2
MF,GO:0005351,carbohydrate:proton symporter activity,2
MF,GO:0005364,maltose:proton symporter activity,2
MF,GO:0005463,UDP-N-acetylgalactosamine transmembrane transporter activity,2
MF,GO:0005548,phospholipid transporter activity,2
MF,GO:0008124,4-alpha-hydroxytetrahydrobiopterin dehydratase activity,2
MF,GO:0008172,S-methyltransferase activity,2
MF,GO:0008184,glycogen phosphorylase activity,2
MF,GO:0008265,molybdenum cofactor sulfurtransferase activity,2
MF,GO:0008418,protein-N-terminal asparagine amidohydrolase activity,2
MF,GO:0008425,"2-methoxy-6-polyprenyl-1,4-benzoquinol methyltransferase activity",2
MF,GO:0008444,CDP-diacylglycerol-glycerol-3-phosphate 3-phosphatidyltransferase activity,2
MF,GO:0008446,"GDP-mannose 4,6-dehydratase activity",2
MF,GO:0008470,3-methylbutanoyl-CoA dehydrogenase activity,2
MF,GO:0008479,tRNA-guanosine(34) queuine transglycosylase activity,2
MF,GO:0008481,sphingosine kinase activity,2
MF,GO:0008495,protoheme IX farnesyltransferase activity,2
MF,GO:0008531,riboflavin kinase activity,2
MF,GO:0008534,oxidized purine nucleobase lesion DNA N-glycosylase activity,2
MF,GO:0008559,ABC-type xenobiotic transporter activity,2
MF,GO:0008656,cysteine-type endopeptidase activator activity involved in apoptotic process,2
MF,GO:0008663,"2',3'-cyclic-nucleotide 2'-phosphodiesterase activity",2
MF,GO:0008670,"2,4-dienoyl-CoA reductase (NADPH) activity",2
MF,GO:0008685,"2-C-methyl-D-erythritol 2,4-cyclodiphosphate synthase activity",2
MF,GO:0008734,L-aspartate oxidase activity,2
MF,GO:0008792,arginine decarboxylase activity,2
MF,GO:0008798,beta-aspartyl-peptidase activity,2
MF,GO:0008802,betaine-aldehyde dehydrogenase (NAD+) activity,2
MF,GO:0008835,diaminohydroxyphosphoribosylaminopyrimidine deaminase activity,2
MF,GO:0008836,diaminopimelate decarboxylase activity,2
MF,GO:0008837,diaminopimelate epimerase activity,2
MF,GO:0008840,4-hydroxy-tetrahydrodipicolinate synthase activity,2
MF,GO:0008841,dihydrofolate synthase activity,2
MF,GO:0008893,"guanosine-3',5'-bis(diphosphate) 3'-diphosphatase activity",2
MF,GO:0008897,holo-[acyl-carrier-protein] synthase activity,2
MF,GO:0008930,methylthioadenosine nucleosidase activity,2
MF,GO:0008934,inositol monophosphate 1-phosphatase activity,2
MF,GO:0008935,"1,4-dihydroxy-2-naphthoyl-CoA synthase activity",2
MF,GO:0008948,oxaloacetate decarboxylase activity,2
MF,GO:0008967,phosphoglycolate phosphatase activity,2
MF,GO:0009013,succinate-semialdehyde dehydrogenase [NAD(P)+] activity,2
MF,GO:0009029,tetraacyldisaccharide 4'-kinase activity,2
MF,GO:0009039,urease activity,2
MF,GO:0009496,plastoquinol--plastocyanin reductase activity,2
MF,GO:0009702,L-arabinokinase activity,2
MF,GO:0009703,nitrate reductase (NADH) activity,2
MF,GO:0009973,adenylyl-sulfate reductase activity,2
MF,GO:0010698,acetyltransferase activator activity,2
MF,GO:0015093,ferrous iron transmembrane transporter activity,2
MF,GO:0015141,succinate transmembrane transporter activity,2
MF,GO:0015149,hexose transmembrane transporter activity,2
MF,GO:0015234,thiamine transmembrane transporter activity,2
MF,GO:0015485,cholesterol binding,2
MF,GO:0015616,DNA translocase activity,2
MF,GO:0016210,naringenin-chalcone synthase activity,2
MF,GO:0016212,kynurenine-oxoglutarate transaminase activity,2
MF,GO:0016410,N-acyltransferase activity,2
MF,GO:0016464,chloroplast protein-transporting ATPase activity,2
MF,GO:0016629,12-oxophytodienoate reductase activity,2
MF,GO:0016641,"oxidoreductase activity, acting on the CH-NH2 group of donors, oxygen as acceptor",2
MF,GO:0016701,"oxidoreductase activity, acting on single donors with incorporation of molecular oxygen",2
MF,GO:0016707,gibberellin 3-beta-dioxygenase activity,2
MF,GO:0016711,flavonoid 3'-monooxygenase activity,2
MF,GO:0016712,"oxidoreductase activity, acting on paired donors, with incorporation or reduction of molecular oxygen, reduced flavin or flavoprotein as one donor, and incorporation of one atom of oxygen",2
MF,GO:0016784,3-mercaptopyruvate sulfurtransferase activity,2
MF,GO:0016812,"hydrolase activity, acting on carbon-nitrogen (but not peptide) bonds, in cyclic amides",2
MF,GO:0016833,oxo-acid-lyase activity,2
MF,GO:0016843,amine-lyase activity,2
MF,GO:0016860,intramolecular oxidoreductase activity,2
MF,GO:0016920,pyroglutamyl-peptidase activity,2
MF,GO:0016937,short-chain fatty acyl-CoA dehydrogenase activity,2
MF,GO:0016971,flavin-dependent sulfhydryl oxidase activity,2
MF,GO:0017069,snRNA binding,2
MF,GO:0017095,heparan sulfate 6-sulfotransferase activity,2
MF,GO:0017113,dihydropyrimidine dehydrogenase (NADP+) activity,2
MF,GO:0017176,phosphatidylinositol N-acetylglucosaminyltransferase activity,2
MF,GO:0018423,protein C-terminal leucine carboxyl O-methyltransferase activity,2
MF,GO:0018773,acetylpyruvate hydrolase activity,2
MF,GO:0018812,3-hydroxyacyl-CoA dehydratase activity,2
MF,GO:0018822,nitrile hydratase activity,2
MF,GO:0019136,deoxynucleoside kinase activity,2
MF,GO:0019145,aminobutyraldehyde dehydrogenase (NAD+) activity,2
MF,GO:0019148,D-cysteine desulfhydrase activity,2
MF,GO:0019150,D-ribulokinase activity,2
MF,GO:0019203,carbohydrate phosphatase activity,2
MF,GO:0019212,phosphatase inhibitor activity,2
MF,GO:0019213,deacetylase activity,2
MF,GO:0019776,Atg8-family ligase activity,2
MF,GO:0019784,deNEDDylase activity,2
MF,GO:0019788,NEDD8 transferase activity,2
MF,GO:0022843,voltage-gated monoatomic cation channel activity,2
MF,GO:0030332,cyclin binding,2
MF,GO:0030337,DNA polymerase processivity factor activity,2
MF,GO:0030409,glutamate formimidoyltransferase activity,2
MF,GO:0030785,[ribulose-bisphosphate carboxylase]-lysine N-methyltransferase activity,2
MF,GO:0031370,eukaryotic initiation factor 4G binding,2
MF,GO:0031402,sodium ion binding,2
MF,GO:0032216,glucosaminyl-phosphatidylinositol O-acyltransferase activity,2
MF,GO:0032422,purine-rich negative regulatory element binding,2
MF,GO:0032574,5'-3' RNA helicase activity,2
MF,GO:0033328,peroxisome membrane targeting sequence binding,2
MF,GO:0033549,MAP kinase phosphatase activity,2
MF,GO:0033819,lipoyl(octanoyl) transferase activity,2
MF,GO:0033840,"alpha-1,4-glucan glucosyltransferase (NDP-glucose donor) activity",2
MF,GO:0033853,aspartate-prephenate aminotransferase activity,2
MF,GO:0033854,glutamate-prephenate aminotransferase activity,2
MF,GO:0034038,deoxyhypusine synthase activity,2
MF,GO:0034039,"8-oxo-7,8-dihydroguanine DNA N-glycosylase activity",2
MF,GO:0034256,chlorophyll(ide) b reductase activity,2
MF,GO:0034986,iron chaperone activity,2
MF,GO:0035173,histone kinase activity,2
MF,GO:0035197,siRNA binding,2
MF,GO:0035198,miRNA binding,2
MF,GO:0035299,"inositol-1,3,4,5,6-pentakisphosphate 2-kinase activity",2
MF,GO:0035515,oxidative RNA demethylase activity,2
MF,GO:0035800,deubiquitinase activator activity,2
MF,GO:0036002,pre-mRNA binding,2
MF,GO:0036033,mediator complex binding,2
MF,GO:0042281,"dolichyl pyrophosphate Man9GlcNAc2 alpha-1,3-glucosyltransferase activity",2
MF,GO:0042586,peptide deformylase activity,2
MF,GO:0042950,salicin transmembrane transporter activity,2
MF,GO:0043168,anion binding,2
MF,GO:0043175,RNA polymerase core enzyme binding,2
MF,GO:0043548,phosphatidylinositol 3-kinase binding,2
MF,GO:0043765,T/G mismatch-specific endonuclease activity,2
MF,GO:0043866,adenylyl-sulfate reductase (thioredoxin) activity,2
MF,GO:0043874,acireductone synthase activity,2
MF,GO:0044548,S100 protein binding,2
MF,GO:0045131,pre-mRNA branch point binding,2
MF,GO:0045159,myosin II binding,2
MF,GO:0045480,galactose oxidase activity,2
MF,GO:0045486,flavanone 3-dioxygenase activity,2
MF,GO:0045550,geranylgeranyl reductase activity,2
MF,GO:0046027,phospholipid:diacylglycerol acyltransferase activity,2
MF,GO:0046422,violaxanthin de-epoxidase activity,2
MF,GO:0046423,allene-oxide cyclase activity,2
MF,GO:0046906,tetrapyrrole binding,2
MF,GO:0047066,phospholipid-hydroperoxide glutathione peroxidase activity,2
MF,GO:0047196,long-chain-alcohol O-fatty-acyltransferase activity,2
MF,GO:0047213,anthocyanidin 3-O-glucosyltransferase activity,2
MF,GO:0047427,cyanoalanine nitrilase activity,2
MF,GO:0047443,4-hydroxy-4-methyl-2-oxoglutarate aldolase activity,2
MF,GO:0047560,3-dehydrosphinganine reductase activity,2
MF,GO:0047734,CDP-glycerol diphosphatase activity,2
MF,GO:0047750,cholestenol delta-isomerase activity,2
MF,GO:0047763,caffeate O-methyltransferase activity,2
MF,GO:0047840,dCTP diphosphatase activity,2
MF,GO:0047884,FAD diphosphatase activity,2
MF,GO:0047918,"GDP-mannose 3,5-epimerase activity",2
MF,GO:0047958,glycine:2-oxoglutarate aminotransferase activity,2
MF,GO:0048039,ubiquinone binding,2
MF,GO:0048307,ferredoxin-nitrite reductase activity,2
MF,GO:0048487,beta-tubulin binding,2
MF,GO:0050152,omega-amidase activity,2
MF,GO:0050163,oxaloacetate tautomerase activity,2
MF,GO:0050178,phenylpyruvate tautomerase activity,2
MF,GO:0050242,"pyruvate, phosphate dikinase activity",2
MF,GO:0050302,indole-3-acetaldehyde oxidase activity,2
MF,GO:0050518,2-C-methyl-D-erythritol 4-phosphate cytidylyltransferase activity,2
MF,GO:0050547,feruloyl-CoA hydratase/lyase activity,2
MF,GO:0051499,D-aminoacyl-tRNA deacylase activity,2
MF,GO:0051721,protein phosphatase 2A binding,2
MF,GO:0051724,NAD transmembrane transporter activity,2
MF,GO:0051731,polynucleotide 5'-hydroxyl-kinase activity,2
MF,GO:0051750,"delta(3,5)-delta(2,4)-dienoyl-CoA isomerase activity",2
MF,GO:0051777,ent-kaurenoic acid monooxygenase activity,2
MF,GO:0051787,misfolded protein binding,2
MF,GO:0052615,ent-kaurene oxidase activity,2
MF,GO:0052662,zeaxanthin epoxidase activity,2
MF,GO:0052692,raffinose alpha-galactosidase activity,2
MF,GO:0052717,tRNA-specific adenosine-34 deaminase activity,2
MF,GO:0052834,inositol monophosphate phosphatase activity,2
MF,GO:0052861,"endo-1,3(4)-beta-glucanase activity",2
MF,GO:0052906,tRNA (guanine(37)-N1)-methyltransferase activity,2
MF,GO:0052923,all-trans-nonaprenyl-diphosphate synthase (geranyl-diphosphate specific) activity,2
MF,GO:0052927,CC tRNA cytidylyltransferase activity,2
MF,GO:0052929,ATP:3'-cytidine-cytidine-tRNA adenylyltransferase activity,2
MF,GO:0061604,molybdopterin-synthase sulfurtransferase activity,2
MF,GO:0061605,molybdopterin-synthase adenylyltransferase activity,2
MF,GO:0061711,N(6)-L-threonylcarbamoyladenine synthase activity,2
MF,GO:0061775,cohesin loader activity,2
MF,GO:0061799,cyclic pyranopterin monophosphate synthase activity,2
MF,GO:0061929,gamma-glutamylaminecyclotransferase activity,2
MF,GO:0062062,oligosaccharyltransferase complex binding,2
MF,GO:0070012,oligopeptidase activity,2
MF,GO:0070034,telomerase RNA binding,2
MF,GO:0070260,5'-tyrosyl-DNA phosphodiesterase activity,2
MF,GO:0070567,cytidylyltransferase activity,2
MF,GO:0070611,histone H3R2 methyltransferase activity,2
MF,GO:0070696,transmembrane receptor protein serine/threonine kinase binding,2
MF,GO:0070990,snRNP binding,2
MF,GO:0071074,eukaryotic initiation factor eIF2 binding,2
MF,GO:0071164,RNA cap trimethylguanosine synthase activity,2
MF,GO:0071568,UFM1 transferase activity,2
MF,GO:0080016,(-)-E-beta-caryophyllene synthase activity,2
MF,GO:0080048,GDP-D-glucose phosphorylase activity,2
MF,GO:0080084,5S rDNA binding,2
MF,GO:0090422,thiamine pyrophosphate transmembrane transporter activity,2
MF,GO:0090560,2-(3-amino-3-carboxypropyl)histidine synthase activity,2
MF,GO:0097363,protein O-acetylglucosaminyltransferase activity,2
MF,GO:0098808,mRNA cap binding,2
MF,GO:0102067,geranylgeranyl diphosphate reductase activity,2
MF,GO:0102210,rhamnogalacturonan endolyase activity,2
MF,GO:0103068,leukotriene C4 gamma-glutamyl transferase activity,2
MF,GO:0106261,tRNA uridine(34) acetyltransferase activity,2
MF,GO:0140085,L-amino-acid N-acetyltransferase activity,2
MF,GO:0140313,molecular sequestering activity,2
MF,GO:0140358,P-type transmembrane transporter activity,2
MF,GO:0140597,protein carrier chaperone,2
MF,GO:0140640,"catalytic activity, acting on a nucleic acid",2
MF,GO:0140938,histone H3 methyltransferase activity,2
MF,GO:0140993,histone modifying activity,2
MF,GO:0160215,deacylase activity,2
MF,GO:1901265,nucleoside phosphate binding,2
MF,GO:1901363,heterocyclic compound binding,2
MF,GO:1901981,phosphatidylinositol phosphate binding,2
MF,GO:1990050,phosphatidic acid transfer activity,2
MF,GO:1990190,protein-N-terminal-glutamate acetyltransferase activity,2
MF,GO:1990238,double-stranded DNA endonuclease activity,2
MF,GO:1990837,sequence-specific double-stranded DNA binding,2
MF,GO:0000033,"alpha-1,3-mannosyltransferase activity",1
MF,GO:0000213,tRNA-intron lyase activity,1
MF,GO:0000224,peptide-N4-(N-acetyl-beta-glucosaminyl)asparagine amidase activity,1
MF,GO:0000293,ferric-chelate reductase activity,1
MF,GO:0000384,first spliceosomal transesterification activity,1
MF,GO:0000701,purine-specific mismatch base pair DNA N-glycosylase activity,1
MF,GO:0000703,oxidized pyrimidine nucleobase lesion DNA N-glycosylase activity,1
MF,GO:0000773,phosphatidyl-N-methylethanolamine N-methyltransferase activity,1
MF,GO:0000825,"inositol-1,3,4,5-tetrakisphosphate 6-kinase activity",1
MF,GO:0000832,inositol hexakisphosphate 5-kinase activity,1
MF,GO:0001042,RNA polymerase I core binding,1
MF,GO:0001097,TFIIH-class transcription factor complex binding,1
MF,GO:0001227,"DNA-binding transcription repressor activity, RNA polymerase II-specific",1
MF,GO:0001735,prenylcysteine oxidase activity,1
MF,GO:0002058,uracil binding,1
MF,GO:0003827,"alpha-1,3-mannosylglycoprotein 2-beta-N-acetylglucosaminyltransferase activity",1
MF,GO:0003837,beta-ureidopropionase activity,1
MF,GO:0003842,L-glutamate gamma-semialdehyde dehydrogenase activity,1
MF,GO:0003848,2-amino-4-hydroxy-6-hydroxymethyldihydropteridine diphosphokinase activity,1
MF,GO:0003858,3-hydroxybutyrate dehydrogenase activity,1
MF,GO:0003864,3-methyl-2-oxobutanoate hydroxymethyltransferase activity,1
MF,GO:0003866,3-phosphoshikimate 1-carboxyvinyltransferase activity,1
MF,GO:0003879,ATP phosphoribosyltransferase activity,1
MF,GO:0003884,D-amino-acid oxidase activity,1
MF,GO:0003905,alkylbase DNA N-glycosylase activity,1
MF,GO:0003922,GMP synthase (glutamine-hydrolyzing) activity,1
MF,GO:0003942,N-acetyl-gamma-glutamyl-phosphate reductase activity,1
MF,GO:0003948,N4-(beta-N-acetylglucosaminyl)-L-asparaginase activity,1
MF,GO:0003952,NAD+ synthase (glutamine-hydrolyzing) activity,1
MF,GO:0003959,NADPH dehydrogenase activity,1
MF,GO:0003960,NADPH:quinone reductase activity,1
MF,GO:0003980,UDP-glucose:glycoprotein glucosyltransferase activity,1
MF,GO:0003992,N2-acetyl-L-ornithine:2-oxoglutarate 5-aminotransferase activity,1
MF,GO:0004047,aminomethyltransferase activity,1
MF,GO:0004048,anthranilate phosphoribosyltransferase activity,1
MF,GO:0004053,arginase activity,1
MF,GO:0004055,argininosuccinate synthase activity,1
MF,GO:0004056,argininosuccinate lyase activity,1
MF,GO:0004057,arginyl-tRNA--protein transferase activity,1
MF,GO:0004059,aralkylamine N-acetyltransferase activity,1
MF,GO:0004067,asparaginase activity,1
MF,GO:0004073,aspartate-semialdehyde dehydrogenase activity,1
MF,GO:0004077,biotin--[biotin carboxyl-carrier protein] ligase activity,1
MF,GO:0004081,bis(5'-nucleosyl)-tetraphosphatase (asymmetrical) activity,1
MF,GO:0004113,"2',3'-cyclic-nucleotide 3'-phosphodiesterase activity",1
MF,GO:0004132,dCMP deaminase activity,1
MF,GO:0004141,dethiobiotin synthase activity,1
MF,GO:0004151,dihydroorotase activity,1
MF,GO:0004156,dihydropteroate synthase activity,1
MF,GO:0004157,dihydropyrimidinase activity,1
MF,GO:0004164,diphthine synthase activity,1
MF,GO:0004167,dopachrome isomerase activity,1
MF,GO:0004168,dolichol kinase activity,1
MF,GO:0004170,dUTP diphosphatase activity,1
MF,GO:0004198,calcium-dependent cysteine-type endopeptidase activity,1
MF,GO:0004314,[acyl-carrier-protein] S-malonyltransferase activity,1
MF,GO:0004329,formate-tetrahydrofolate ligase activity,1
MF,GO:0004343,glucosamine 6-phosphate N-acetyltransferase activity,1
MF,GO:0004354,glutamate dehydrogenase (NADP+) activity,1
MF,GO:0004360,glutamine-fructose-6-phosphate transaminase (isomerizing) activity,1
MF,GO:0004368,glycerol-3-phosphate dehydrogenase (quinone) activity,1
MF,GO:0004370,glycerol kinase activity,1
MF,GO:0004377,"GDP-Man:Man(3)GlcNAc(2)-PP-Dol alpha-1,2-mannosyltransferase activity",1
MF,GO:0004378,"GDP-Man:Man(1)GlcNAc(2)-PP-Dol alpha-1,3-mannosyltransferase activity",1
MF,GO:0004399,histidinol dehydrogenase activity,1
MF,GO:0004400,histidinol-phosphate transaminase activity,1
MF,GO:0004401,histidinol-phosphatase activity,1
MF,GO:0004411,"homogentisate 1,2-dioxygenase activity",1
MF,GO:0004417,hydroxyethylthiazole kinase activity,1
MF,GO:0004422,hypoxanthine phosphoribosyltransferase activity,1
MF,GO:0004424,imidazoleglycerol-phosphate dehydratase activity,1
MF,GO:0004438,phosphatidylinositol-3-phosphate phosphatase activity,1
MF,GO:0004451,isocitrate lyase activity,1
MF,GO:0004458,D-lactate dehydrogenase (cytochrome) activity,1
MF,GO:0004464,leukotriene-C4 synthase activity,1
MF,GO:0004468,"L-lysine N-acetyltransferase activity, acting on acetyl phosphate as donor",1
MF,GO:0004474,malate synthase activity,1
MF,GO:0004479,methionyl-tRNA formyltransferase activity,1
MF,GO:0004491,"methylmalonate-semialdehyde dehydrogenase (acylating, NAD) activity",1
MF,GO:0004515,nicotinate-nucleotide adenylyltransferase activity,1
MF,GO:0004536,DNA nuclease activity,1
MF,GO:0004555,"alpha,alpha-trehalase activity",1
MF,GO:0004558,"alpha-1,4-glucosidase activity",1
MF,GO:0004567,beta-mannosidase activity,1
MF,GO:0004573,Glc3Man9GlcNAc2 oligosaccharide glucosidase activity,1
MF,GO:0004581,dolichyl-phosphate beta-glucosyltransferase activity,1
MF,GO:0004587,ornithine aminotransferase activity,1
MF,GO:0004592,pantoate-beta-alanine ligase activity,1
MF,GO:0004608,phosphatidylethanolamine N-methyltransferase activity,1
MF,GO:0004610,phosphoacetylglucosamine mutase activity,1
MF,GO:0004635,phosphoribosyl-AMP cyclohydrolase activity,1
MF,GO:0004636,phosphoribosyl-ATP diphosphatase activity,1
MF,GO:0004644,phosphoribosylglycinamide formyltransferase activity,1
MF,GO:0004648,O-phospho-L-serine:2-oxoglutarate aminotransferase activity,1
MF,GO:0004649,poly(ADP-ribose) glycohydrolase activity,1
MF,GO:0004655,porphobilinogen synthase activity,1
MF,GO:0004661,protein geranylgeranyltransferase activity,1
MF,GO:0004668,protein-arginine deiminase activity,1
MF,GO:0004671,protein C-terminal S-isoprenylcysteine carboxyl O-methyltransferase activity,1
MF,GO:0004691,cAMP-dependent protein kinase activity,1
MF,GO:0004694,eukaryotic translation initiation factor 2alpha kinase activity,1
MF,GO:0004730,pseudouridylate synthase activity,1
MF,GO:0004735,pyrroline-5-carboxylate reductase activity,1
MF,GO:0004747,ribokinase activity,1
MF,GO:0004797,thymidine kinase activity,1
MF,GO:0004844,uracil DNA N-glycosylase activity,1
MF,GO:0004846,urate oxidase activity,1
MF,GO:0004854,xanthine dehydrogenase activity,1
MF,GO:0004865,protein serine/threonine phosphatase inhibitor activity,1
MF,GO:0004888,transmembrane signaling receptor activity,1
MF,GO:0005053,peroxisome matrix targeting signal-2 binding,1
MF,GO:0005125,cytokine activity,1
MF,GO:0005245,voltage-gated calcium channel activity,1
MF,GO:0005290,L-histidine transmembrane transporter activity,1
MF,GO:0005310,dicarboxylic acid transmembrane transporter activity,1
MF,GO:0005344,oxygen carrier activity,1
MF,GO:0005363,maltose transmembrane transporter activity,1
MF,GO:0005469,succinate:fumarate antiporter activity,1
MF,GO:0005537,D-mannose binding,1
MF,GO:0008108,UDP-glucose:hexose-1-phosphate uridylyltransferase activity,1
MF,GO:0008114,phosphogluconate 2-dehydrogenase activity,1
MF,GO:0008117,sphinganine-1-phosphate aldolase activity,1
MF,GO:0008120,ceramide glucosyltransferase activity,1
MF,GO:0008126,acetylesterase activity,1
MF,GO:0008157,protein phosphatase 1 binding,1
MF,GO:0008160,protein tyrosine phosphatase activator activity,1
MF,GO:0008193,tRNA guanylyltransferase activity,1
MF,GO:0008238,exopeptidase activity,1
MF,GO:0008240,tripeptidyl-peptidase activity,1
MF,GO:0008310,single-stranded DNA 3'-5' DNA exonuclease activity,1
MF,GO:0008330,protein tyrosine/threonine phosphatase activity,1
MF,GO:0008412,4-hydroxybenzoate polyprenyltransferase activity,1
MF,GO:0008419,RNA lariat debranching enzyme activity,1
MF,GO:0008426,protein kinase C inhibitor activity,1
MF,GO:0008442,3-hydroxyisobutyrate dehydrogenase activity,1
MF,GO:0008445,D-aspartate oxidase activity,1
MF,GO:0008455,"alpha-1,6-mannosylglycoprotein 2-beta-N-acetylglucosaminyltransferase activity",1
MF,GO:0008465,hydroxypyruvate reductase (NADH) activity,1
MF,GO:0008478,pyridoxal kinase activity,1
MF,GO:0008494,translation activator activity,1
MF,GO:0008569,minus-end-directed microtubule motor activity,1
MF,GO:0008676,3-deoxy-8-phosphooctulonate synthase activity,1
MF,GO:0008682,3-demethoxyubiquinol 3-hydroxylase activity,1
MF,GO:0008690,3-deoxy-manno-octulosonate cytidylyltransferase activity,1
MF,GO:0008696,4-amino-4-deoxychorismate lyase activity,1
MF,GO:0008703,5-amino-6-(5-phosphoribosylamino)uracil reductase activity,1
MF,GO:0008716,D-alanine-D-alanine ligase activity,1
MF,GO:0008720,D-lactate dehydrogenase (NAD+) activity,1
MF,GO:0008773,[protein-PII] uridylyltransferase activity,1
MF,GO:0008777,acetylornithine deacetylase activity,1
MF,GO:0008780,acyl-[acyl-carrier-protein]-UDP-N-acetylglucosamine O-acyltransferase activity,1
MF,GO:0008783,agmatinase activity,1
MF,GO:0008794,arsenate reductase (glutaredoxin) activity,1
MF,GO:0008800,beta-lactamase activity,1
MF,GO:0008824,cyanate hydratase activity,1
MF,GO:0008830,"dTDP-4-dehydrorhamnose 3,5-epimerase activity",1
MF,GO:0008831,dTDP-4-dehydrorhamnose reductase activity,1
MF,GO:0008855,exodeoxyribonuclease VII activity,1
MF,GO:0008864,formyltetrahydrofolate deformylase activity,1
MF,GO:0008886,glyceraldehyde-3-phosphate dehydrogenase (NADP+) (non-phosphorylating) activity,1
MF,GO:0008898,S-adenosylmethionine-homocysteine S-methyltransferase activity,1
MF,GO:0008902,hydroxymethylpyrimidine kinase activity,1
MF,GO:0008909,isochorismate synthase activity,1
MF,GO:0008911,lactaldehyde dehydrogenase (NAD+) activity,1
MF,GO:0008915,lipid-A-disaccharide synthase activity,1
MF,GO:0008938,nicotinate N-methyltransferase activity,1
MF,GO:0008942,nitrite reductase [NAD(P)H] activity,1
MF,GO:0008963,phospho-N-acetylmuramoyl-pentapeptide-transferase activity,1
MF,GO:0008972,phosphomethylpyrimidine kinase activity,1
MF,GO:0008987,quinolinate synthetase A activity,1
MF,GO:0009000,selenocysteine lyase activity,1
MF,GO:0009671,nitrate:proton symporter activity,1
MF,GO:0009899,ent-kaurene synthase activity,1
MF,GO:0009976,tocopherol cyclase activity,1
MF,GO:0010276,phytol kinase activity,1
MF,GO:0010296,prenylcysteine methylesterase activity,1
MF,GO:0010301,xanthoxin dehydrogenase (NAD+) activity,1
MF,GO:0010331,gibberellin binding,1
MF,GO:0010347,L-galactose-1-phosphate phosphatase activity,1
MF,GO:0010349,L-galactose dehydrogenase activity,1
MF,GO:0010385,double-stranded methylated DNA binding,1
MF,GO:0010484,histone H3 acetyltransferase activity,1
MF,GO:0010486,manganese:proton antiporter activity,1
MF,GO:0010521,telomerase inhibitor activity,1
MF,GO:0010945,coenzyme A diphosphatase activity,1
MF,GO:0015036,disulfide oxidoreductase activity,1
MF,GO:0015066,alpha-amylase inhibitor activity,1
MF,GO:0015081,sodium ion transmembrane transporter activity,1
MF,GO:0015083,aluminum ion transmembrane transporter activity,1
MF,GO:0015116,sulfate transmembrane transporter activity,1
MF,GO:0015117,thiosulfate transmembrane transporter activity,1
MF,GO:0015136,sialic acid transmembrane transporter activity,1
MF,GO:0015139,alpha-ketoglutarate transmembrane transporter activity,1
MF,GO:0015204,urea transmembrane transporter activity,1
MF,GO:0015208,guanine transmembrane transporter activity,1
MF,GO:0015368,calcium:monoatomic cation antiporter activity,1
MF,GO:0015421,ABC-type oligopeptide transporter activity,1
MF,GO:0015462,ABC-type protein transporter activity,1
MF,GO:0015923,mannosidase activity,1
MF,GO:0015925,galactosidase activity,1
MF,GO:0015926,glucosidase activity,1
MF,GO:0015929,hexosaminidase activity,1
MF,GO:0016162,"cellulose 1,4-beta-cellobiosidase activity",1
MF,GO:0016166,phytoene dehydrogenase activity,1
MF,GO:0016175,superoxide-generating NAD(P)H oxidase activity,1
MF,GO:0016262,protein N-acetylglucosaminyltransferase activity,1
MF,GO:0016303,1-phosphatidylinositol-3-kinase activity,1
MF,GO:0016314,"phosphatidylinositol-3,4,5-trisphosphate 3-phosphatase activity",1
MF,GO:0016504,peptidase activator activity,1
MF,GO:0016531,copper chaperone activity,1
MF,GO:0016532,superoxide dismutase copper chaperone activity,1
MF,GO:0016594,glycine binding,1
MF,GO:0016603,glutaminyl-peptide cyclotransferase activity,1
MF,GO:0016633,galactonolactone dehydrogenase activity,1
MF,GO:0016636,"oxidoreductase activity, acting on the CH-CH group of donors, iron-sulfur protein as acceptor",1
MF,GO:0016653,"oxidoreductase activity, acting on NAD(P)H, heme protein as acceptor",1
MF,GO:0016670,"oxidoreductase activity, acting on a sulfur group of donors, oxygen as acceptor",1
MF,GO:0016713,"oxidoreductase activity, acting on paired donors, with incorporation or reduction of molecular oxygen, reduced iron-sulfur protein as one donor, and incorporation of one atom of oxygen",1
MF,GO:0016719,"9,9'-di-cis-zeta-carotene desaturase activity",1
MF,GO:0016805,dipeptidase activity,1
MF,GO:0016838,"carbon-oxygen lyase activity, acting on phosphates",1
MF,GO:0016879,"ligase activity, forming carbon-nitrogen bonds",1
MF,GO:0016885,"ligase activity, forming carbon-carbon bonds",1
MF,GO:0016889,"DNA endonuclease activity, producing 3'-phosphomonoesters",1
MF,GO:0016899,"oxidoreductase activity, acting on the CH-OH group of donors, oxygen as acceptor",1
MF,GO:0016918,retinal binding,1
MF,GO:0017005,3'-tyrosyl-DNA phosphodiesterase activity,1
MF,GO:0017017,MAP kinase tyrosine/serine/threonine phosphatase activity,1
MF,GO:0017111,ribonucleoside triphosphate phosphatase activity,1
MF,GO:0017125,deoxycytidyl transferase activity,1
MF,GO:0017136,"histone deacetylase activity, NAD-dependent",1
MF,GO:0017168,5-oxoprolinase (ATP-hydrolyzing) activity,1
MF,GO:0017178,diphthine-ammonia ligase activity,1
MF,GO:0018025,calmodulin-lysine N-methyltransferase activity,1
MF,GO:0018064,protein-L-histidine N-tele-methyltransferase activity,1
MF,GO:0018549,methanethiol oxidase activity,1
MF,GO:0018580,nitronate monooxygenase activity,1
MF,GO:0019003,GDP binding,1
MF,GO:0019133,choline monooxygenase activity,1
MF,GO:0019135,deoxyhypusine monooxygenase activity,1
MF,GO:0019140,inositol 3-kinase activity,1
MF,GO:0019144,ADP-sugar diphosphatase activity,1
MF,GO:0019172,glyoxalase III activity,1
MF,GO:0019211,phosphatase activator activity,1
MF,GO:0019778,Atg12 activating enzyme activity,1
MF,GO:0019779,Atg8 activating enzyme activity,1
MF,GO:0019808,polyamine binding,1
MF,GO:0019899,enzyme binding,1
MF,GO:0030159,signaling receptor complex adaptor activity,1
MF,GO:0030272,5-formyltetrahydrofolate cyclo-ligase activity,1
MF,GO:0030597,RNA glycosylase activity,1
MF,GO:0030621,U4 snRNA binding,1
MF,GO:0030626,U12 snRNA binding,1
MF,GO:0030732,methionine S-methyltransferase activity,1
MF,GO:0030735,carnosine N-methyltransferase activity,1
MF,GO:0030795,methyl jasmonate methylesterase activity,1
MF,GO:0030797,24-methylenesterol C-methyltransferase activity,1
MF,GO:0030899,calcium-dependent ATPase activity,1
MF,GO:0031409,pigment binding,1
MF,GO:0032267,tRNA(Ile)-lysidine synthase activity,1
MF,GO:0032357,oxidized purine DNA binding,1
MF,GO:0032441,pheophorbide a oxygenase activity,1
MF,GO:0032542,sulfiredoxin activity,1
MF,GO:0033857,5-diphosphoinositol pentakisphosphate 1-kinase activity,1
MF,GO:0033925,mannosyl-glycoprotein endo-beta-N-acetylglucosaminidase activity,1
MF,GO:0033971,hydroxyisourate hydrolase activity,1
MF,GO:0033984,indole-3-glycerol-phosphate lyase activity,1
MF,GO:0034007,S-linalool synthase activity,1
MF,GO:0034008,R-linalool synthase activity,1
MF,GO:0034061,DNA polymerase activity,1
MF,GO:0034062,5'-3' RNA polymerase activity,1
MF,GO:0034335,DNA negative supercoiling activity,1
MF,GO:0034336,misfolded RNA binding,1
MF,GO:0034353,mRNA 5'-diphosphatase activity,1
MF,GO:0034417,bisphosphoglycerate 3-phosphatase activity,1
MF,GO:0034432,bis(5'-adenosyl)-pentaphosphatase activity,1
MF,GO:0034722,gamma-glutamyl-peptidase activity,1
MF,GO:0034979,NAD-dependent protein lysine deacetylase activity,1
MF,GO:0035485,adenine/guanine mispair binding,1
MF,GO:0035597,tRNA-2-methylthio-N(6)-dimethylallyladenosine(37) synthase activity,1
MF,GO:0035598,tRNA (N(6)-L-threonylcarbamoyladenosine(37)-C(2))-methylthiotransferase activity,1
MF,GO:0035671,enone reductase activity,1
MF,GO:0035798,2-alkenal reductase (NADPH) activity,1
MF,GO:0035870,dITP diphosphatase activity,1
MF,GO:0036094,small molecule binding,1
MF,GO:0042030,ATPase inhibitor activity,1
MF,GO:0042171,lysophosphatidic acid acyltransferase activity,1
MF,GO:0042283,"dolichyl pyrophosphate Glc1Man9GlcNAc2 alpha-1,3-glucosyltransferase activity",1
MF,GO:0042284,sphingolipid delta-4 desaturase activity,1
MF,GO:0042286,"glutamate-1-semialdehyde 2,1-aminomutase activity",1
MF,GO:0042781,3'-tRNA processing endoribonuclease activity,1
MF,GO:0043014,alpha-tubulin binding,1
MF,GO:0043325,"phosphatidylinositol-3,4-bisphosphate binding",1
MF,GO:0043337,cardiolipin synthase (CMP-forming),1
MF,GO:0043399,tRNA adenosine(64)-2'-O-ribosylphosphate transferase activity,1
MF,GO:0043530,adenosine 5'-monophosphoramidase activity,1
MF,GO:0043743,LPPG:FO 2-phospho-L-lactate transferase activity,1
MF,GO:0043842,Kdo transferase activity,1
MF,GO:0044373,cytokinin binding,1
MF,GO:0044715,8-oxo-dGDP phosphatase activity,1
MF,GO:0045145,single-stranded DNA 5'-3' DNA exonuclease activity,1
MF,GO:0045430,chalcone isomerase activity,1
MF,GO:0045552,dihydrokaempferol 4-reductase activity,1
MF,GO:0046316,gluconokinase activity,1
MF,GO:0046403,polynucleotide 3'-phosphatase activity,1
MF,GO:0046404,ATP-dependent polydeoxyribonucleotide 5'-hydroxyl-kinase activity,1
MF,GO:0046406,magnesium protoporphyrin IX methyltransferase activity,1
MF,GO:0046408,chlorophyll synthetase activity,1
MF,GO:0046429,4-hydroxy-3-methylbut-2-en-1-yl diphosphate synthase activity (ferredoxin),1
MF,GO:0046507,UDPsulfoquinovose synthase activity,1
MF,GO:0046522,S-methyl-5-thioribose kinase activity,1
MF,GO:0046523,S-methyl-5-thioribose-1-phosphate isomerase activity,1
MF,GO:0046554,L-malate dehydrogenase (NADP+) activity,1
MF,GO:0046570,methylthioribulose 1-phosphate dehydratase activity,1
MF,GO:0046820,4-amino-4-deoxychorismate synthase activity,1
MF,GO:0046922,peptide-O-fucosyltransferase activity,1
MF,GO:0047215,indole-3-acetate beta-glucosyltransferase activity,1
MF,GO:0047243,flavanone 7-O-beta-glucosyltransferase activity,1
MF,GO:0047352,adenylylsulfate-ammonia adenylyltransferase activity,1
MF,GO:0047412,N-(long-chain-acyl)ethanolamine deacylase activity,1
MF,GO:0047538,2-carboxy-D-arabinitol-1-phosphatase activity,1
MF,GO:0047598,7-dehydrocholesterol reductase activity,1
MF,GO:0047632,agmatine deiminase activity,1
MF,GO:0047641,aldose-6-phosphate reductase (NADPH) activity,1
MF,GO:0047652,allantoate deiminase activity,1
MF,GO:0047661,amino-acid racemase activity,1
MF,GO:0047701,beta-L-arabinosidase activity,1
MF,GO:0047710,bis(5'-adenosyl)-triphosphatase activity,1
MF,GO:0047782,coniferin beta-glucosidase activity,1
MF,GO:0047793,cycloeucalenol cycloisomerase activity,1
MF,GO:0047801,L-cysteine transaminase activity,1
MF,GO:0047804,cysteine-S-conjugate beta-lyase activity,1
MF,GO:0047890,flavanone 4-reductase activity,1
MF,GO:0047912,galacturonokinase activity,1
MF,GO:0048027,mRNA 5'-UTR binding,1
MF,GO:0048306,calcium-dependent protein binding,1
MF,GO:0050080,malonyl-CoA decarboxylase activity,1
MF,GO:0050113,inositol oxygenase activity,1
MF,GO:0050126,N-carbamoylputrescine amidase activity,1
MF,GO:0050185,phosphatidylinositol deacylase activity,1
MF,GO:0050201,fucokinase activity,1
MF,GO:0050220,prostaglandin-E synthase activity,1
MF,GO:0050225,pseudouridine kinase activity,1
MF,GO:0050278,sedoheptulose-bisphosphatase activity,1
MF,GO:0050308,sugar-phosphatase activity,1
MF,GO:0050311,sulfite reductase (ferredoxin) activity,1
MF,GO:0050313,sulfur dioxygenase activity,1
MF,GO:0050334,thiaminase activity,1
MF,GO:0050511,undecaprenyldiphospho-muramoylpentapeptide beta-N-acetylglucosaminyltransferase activity,1
MF,GO:0050515,4-(cytidine 5'-diphospho)-2-C-methyl-D-erythritol kinase activity,1
MF,GO:0050521,"alpha-glucan, water dikinase activity",1
MF,GO:0050566,asparaginyl-tRNA synthase (glutamine-hydrolyzing) activity,1
MF,GO:0050734,hydroxycinnamoyltransferase activity,1
MF,GO:0051717,"inositol-1,3,4,5-tetrakisphosphate 3-phosphatase activity",1
MF,GO:0051723,protein methylesterase activity,1
MF,GO:0051741,"2-methyl-6-phytyl-1,4-benzoquinone methyltransferase activity",1
MF,GO:0051743,red chlorophyll catabolite reductase activity,1
MF,GO:0051745,4-hydroxy-3-methylbut-2-enyl diphosphate reductase activity,1
MF,GO:0051751,"alpha-1,4-mannosyltransferase activity",1
MF,GO:0051752,"phosphoglucan, water dikinase activity",1
MF,GO:0051864,histone H3K36 demethylase activity,1
MF,GO:0051880,G-quadruplex DNA binding,1
MF,GO:0051990,(R)-2-hydroxyglutarate dehydrogenase activity,1
MF,GO:0051997,2-oxo-4-hydroxy-4-carboxy-5-ureidoimidazoline decarboxylase activity,1
MF,GO:0052624,"2-phytyl-1,4-naphthoquinone methyltransferase activity",1
MF,GO:0052684,"L-serine hydro-lyase (adding indole, L-tryptophan-forming) activity",1
MF,GO:0052745,inositol phosphate phosphatase activity,1
MF,GO:0052751,GDP-mannose hydrolase activity,1
MF,GO:0052856,NAD(P)HX epimerase activity,1
MF,GO:0052866,phosphatidylinositol phosphate phosphatase activity,1
MF,GO:0052907,23S rRNA (adenine(1618)-N(6))-methyltransferase activity,1
MF,GO:0052913,16S rRNA (guanine(966)-N(2))-methyltransferase activity,1
MF,GO:0052917,"dol-P-Man:Man(7)GlcNAc(2)-PP-Dol alpha-1,6-mannosyltransferase activity",1
MF,GO:0052925,"dol-P-Man:Man(5)GlcNAc(2)-PP-Dol alpha-1,3-mannosyltransferase activity",1
MF,GO:0055105,ubiquitin-protein transferase inhibitor activity,1
MF,GO:0061133,endopeptidase activator activity,1
MF,GO:0061459,L-arginine transmembrane transporter activity,1
MF,GO:0061503,tRNA threonylcarbamoyladenosine dehydratase,1
MF,GO:0061598,molybdopterin adenylyltransferase activity,1
MF,GO:0061599,molybdopterin molybdotransferase activity,1
MF,GO:0061628,histone H3K27me3 reader activity,1
MF,GO:0061632,RNA lariat debranching enzyme activator activity,1
MF,GO:0061651,Atg12 conjugating enzyme activity,1
MF,GO:0061657,UFM1 conjugating enzyme activity,1
MF,GO:0061666,UFM1 ligase activity,1
MF,GO:0061685,diphthine methylesterase activity,1
MF,GO:0061708,tRNA-5-taurinomethyluridine 2-sulfurtransferase,1
MF,GO:0061710,L-threonylcarbamoyladenylate synthase,1
MF,GO:0061798,"GTP 3',8'-cyclase activity",1
MF,GO:0062153,C5-methylcytidine-containing RNA reader activity,1
MF,GO:0070037,rRNA (pseudouridine) methyltransferase activity,1
MF,GO:0070038,rRNA (pseudouridine-N3-)-methyltransferase activity,1
MF,GO:0070043,rRNA (guanine-N7-)-methyltransferase activity,1
MF,GO:0070204,2-succinyl-5-enolpyruvyl-6-hydroxy-3-cyclohexene-1-carboxylic-acid synthase activity,1
MF,GO:0070205,"2-succinyl-6-hydroxy-2,4-cyclohexadiene-1-carboxylate synthase activity",1
MF,GO:0070336,flap-structured DNA binding,1
MF,GO:0070401,NADP+ binding,1
MF,GO:0070492,oligosaccharide binding,1
MF,GO:0070733,AMPylase activity,1
MF,GO:0070773,protein-N-terminal glutamine amidohydrolase activity,1
MF,GO:0071424,rRNA (cytosine-N4-)-methyltransferase activity,1
MF,GO:0071522,ureidoglycine aminohydrolase activity,1
MF,GO:0071558,histone H3K27me2/H3K27me3 demethylase activity,1
MF,GO:0071566,UFM1 activating enzyme activity,1
MF,GO:0071567,deUFMylase activity,1
MF,GO:0071617,lysophospholipid acyltransferase activity,1
MF,GO:0071885,N-terminal protein N-methyltransferase activity,1
MF,GO:0072354,histone H3T3 kinase activity,1
MF,GO:0080041,ADP-ribose pyrophosphohydrolase activity,1
MF,GO:0080042,ADP-glucose pyrophosphohydrolase activity,1
MF,GO:0080079,cellobiose glucosidase activity,1
MF,GO:0080083,beta-gentiobiose beta-glucosidase activity,1
MF,GO:0080122,AMP transmembrane transporter activity,1
MF,GO:0080123,jasmonoyl-L-amino acid ligase activity,1
MF,GO:0080124,pheophytinase activity,1
MF,GO:0089715,tRNA (L-threonylcarbamoyladenosine(37)-C2) methyltransferase activity,1
MF,GO:0090415,7-hydroxymethyl chlorophyll a reductase activity,1
MF,GO:0090439,tetraketide alpha-pyrone synthase activity,1
MF,GO:0090471,"9,15,9'-tri-cis-zeta-carotene isomerase activity",1
MF,GO:0090711,FMN hydrolase activity,1
MF,GO:0097007,"4,8,12-trimethyltrideca-1,3,7,11-tetraene synthase activity",1
MF,GO:0097177,mitochondrial ribosome binding,1
MF,GO:0097599,xylanase activity,1
MF,GO:0098505,G-rich strand telomeric DNA binding,1
MF,GO:0102009,proline dipeptidase activity,1
MF,GO:0102043,isopentenyl phosphate kinase activity,1
MF,GO:0102145,(3R)-(E)-nerolidol synthase activity,1
MF,GO:0102171,DMNT synthase activity,1
MF,GO:0102193,protein-ribulosamine 3-kinase activity,1
MF,GO:0102244,3-aminopropanal dehydrogenase (NAD+) activity,1
MF,GO:0102265,tRNA-dihydrouridine47 synthase activity,1
MF,GO:0102521,tRNA-4-demethylwyosine synthase activity,1
MF,GO:0102522,tRNA 4-demethylwyosine alpha-amino-alpha-carboxypropyltransferase activity,1
MF,GO:0102654,palmitoyl-[glycerolipid] 3-(E)-desaturase activity,1
MF,GO:0102704,"GDP-Man:Man(2)GlcNAc(2)-PP-Dol alpha-1,6-mannosyltransferase activity",1
MF,GO:0102717,DIBOA-glucoside oxygenase activity,1
MF,GO:0102758,very-long-chain enoyl-CoA reductase activity,1
MF,GO:0102822,flavone 3'-O-methyltransferase activity,1
MF,GO:0102877,alpha-copaene synthase activity,1
MF,GO:0102884,alpha-zingiberene synthase activity,1
MF,GO:0102887,beta-sesquiphellandrene synthase activity,1
MF,GO:0102930,4-hydroxybenzoate geranyltransferase activity,1
MF,GO:0103012,ferredoxin-thioredoxin reductase activity,1
MF,GO:0103117,UDP-3-O-acyl-N-acetylglucosamine deacetylase activity,1
MF,GO:0103118,UDP-3-O-(R-3-hydroxymyristoyl)-glucosamine N-acyltransferase activity,1
MF,GO:0106018,"phosphatidylinositol-3,5-bisphosphate phosphatase activity",1
MF,GO:0106050,tRNA 2'-O-methyltransferase activity,1
MF,GO:0106073,"dolichyl pyrophosphate Glc2Man9GlcNAc2 alpha-1,2-glucosyltransferase activity",1
MF,GO:0140098,"catalytic activity, acting on RNA",1
MF,GO:0140297,DNA-binding transcription factor binding,1
MF,GO:0140713,histone chaperone activity,1
MF,GO:1903425,fluoride transmembrane transporter activity,1
MF,GO:1990165,single-strand break-containing DNA binding,1
MF,GO:1990188,euchromatin binding,1
